epoch,step,rank,method,module,loss_det,loss_odam,gradient_scope,world_size,cosine_raw,det_norm,det_gradient_norm,odam_norm_raw,raw_odam_norm,projected_odam_norm,capped_odam_norm,final_odam_norm,odam_norm_safe,aux_to_det_raw,aux_to_det_projected,aux_to_det_capped,aux_to_det_final,aux_to_det_effective,directional_margin,aux_directional_margin,final_alignment_margin,final_cosine_to_det,final_angle_deg,conflict_raw,dominance_raw,dominance_effective,unsafe_descent,aux_unsafe,projected,cap_active,norm_scale,gate,alpha,effective_weight
0,0,0,dpga,backbone,19.16931915283203,-0.0,global_ddp_mean,2,0.0,1152.1146240234375,1152.1146240234375,0.0,0.0,0.0,0.0,0.0,0.0,0.0,0.0,0.0,0.0,0.0,0.0,0.0,1.0,1.0,0.0,0,0,0,0,0,0,0,0.0,0.0,0.0,0.0
0,0,0,dpga,fpn,19.16931915283203,-0.0,global_ddp_mean,2,0.0,486.54119873046875,486.54119873046875,0.0,0.0,0.0,0.0,0.0,0.0,0.0,0.0,0.0,0.0,0.0,0.0,0.0,1.0,1.0,0.0,0,0,0,0,0,0,0,0.0,0.0,0.0,0.0
0,0,0,dpga,rpn,19.16931915283203,-0.0,global_ddp_mean,2,0.0,485.7654113769531,485.7654113769531,0.0,0.0,0.0,0.0,0.0,0.0,0.0,0.0,0.0,0.0,0.0,0.0,0.0,1.0,1.0,0.0,0,0,0,0,0,0,0,0.0,0.0,0.0,0.0
0,0,0,dpga,roi_shared,19.16931915283203,-0.0,global_ddp_mean,2,0.0,1470.4986572265625,1470.4986572265625,0.0,0.0,0.0,0.0,0.0,0.0,0.0,0.0,0.0,0.0,0.0,0.0,0.0,1.0,1.0,0.0,0,0,0,0,0,0,0,0.0,0.0,0.0,0.0
0,0,0,dpga,roi_cls,19.16931915283203,-0.0,global_ddp_mean,2,0.0,1766.97607421875,1766.97607421875,0.0,0.0,0.0,0.0,0.0,0.0,0.0,0.0,0.0,0.0,0.0,0.0,0.0,1.0,1.0,0.0,0,0,0,0,0,0,0,0.0,0.0,0.0,0.0
0,0,0,dpga,roi_reg,19.16931915283203,-0.0,global_ddp_mean,2,0.0,589.949951171875,589.949951171875,0.0,0.0,0.0,0.0,0.0,0.0,0.0,0.0,0.0,0.0,0.0,0.0,0.0,1.0,1.0,0.0,0,0,0,0,0,0,0,0.0,0.0,0.0,0.0
0,100,0,dpga,backbone,0.43712252378463745,0.0,global_ddp_mean,2,0.0,3.5856990814208984,3.5856990814208984,0.0,0.0,0.0,0.0,0.0,0.0,0.0,0.0,0.0,0.0,0.0,0.0,0.0,1.0,1.0,0.0,0,0,0,0,0,0,0,0.0,0.0,0.0,0.0
0,100,0,dpga,fpn,0.43712252378463745,0.0,global_ddp_mean,2,0.0,1.434651494026184,1.434651494026184,0.0,0.0,0.0,0.0,0.0,0.0,0.0,0.0,0.0,0.0,0.0,0.0,0.0,1.0,1.0,0.0,0,0,0,0,0,0,0,0.0,0.0,0.0,0.0
0,100,0,dpga,rpn,0.43712252378463745,0.0,global_ddp_mean,2,0.0,6.0985589027404785,6.0985589027404785,0.0,0.0,0.0,0.0,0.0,0.0,0.0,0.0,0.0,0.0,0.0,0.0,0.0,1.0,1.0,0.0,0,0,0,0,0,0,0,0.0,0.0,0.0,0.0
0,100,0,dpga,roi_shared,0.43712252378463745,0.0,global_ddp_mean,2,0.0,0.5891997218132019,0.5891997218132019,0.0,0.0,0.0,0.0,0.0,0.0,0.0,0.0,0.0,0.0,0.0,0.0,0.0,1.0,1.0,0.0,0,0,0,0,0,0,0,0.0,0.0,0.0,0.0
0,100,0,dpga,roi_cls,0.43712252378463745,0.0,global_ddp_mean,2,0.0,0.6500977873802185,0.6500977873802185,0.0,0.0,0.0,0.0,0.0,0.0,0.0,0.0,0.0,0.0,0.0,0.0,0.0,1.0,1.0,0.0,0,0,0,0,0,0,0,0.0,0.0,0.0,0.0
0,100,0,dpga,roi_reg,0.43712252378463745,0.0,global_ddp_mean,2,0.0,0.0,0.0,0.0,0.0,0.0,0.0,0.0,0.0,0.0,0.0,0.0,0.0,0.0,0.0,0.0,0.0,0.0,90.0,0,0,0,0,0,0,0,0.0,0.0,0.0,0.0
0,200,0,dpga,backbone,0.25914067029953003,-0.0,global_ddp_mean,2,0.0,60.74885940551758,60.74885940551758,0.0,0.0,0.0,0.0,0.0,0.0,0.0,0.0,0.0,0.0,0.0,0.0,0.0,1.0,1.0,0.0,0,0,0,0,0,0,0,0.0,0.0,0.0,0.0
0,200,0,dpga,fpn,0.25914067029953003,-0.0,global_ddp_mean,2,0.0,22.877931594848633,22.877931594848633,0.0,0.0,0.0,0.0,0.0,0.0,0.0,0.0,0.0,0.0,0.0,0.0,0.0,1.0,1.0,0.0,0,0,0,0,0,0,0,0.0,0.0,0.0,0.0
0,200,0,dpga,rpn,0.25914067029953003,-0.0,global_ddp_mean,2,0.0,20.05086898803711,20.05086898803711,0.0,0.0,0.0,0.0,0.0,0.0,0.0,0.0,0.0,0.0,0.0,0.0,0.0,1.0,1.0,0.0,0,0,0,0,0,0,0,0.0,0.0,0.0,0.0
0,200,0,dpga,roi_shared,0.25914067029953003,-0.0,global_ddp_mean,2,0.0,71.09917449951172,71.09917449951172,0.0,0.0,0.0,0.0,0.0,0.0,0.0,0.0,0.0,0.0,0.0,0.0,0.0,1.0,1.0,0.0,0,0,0,0,0,0,0,0.0,0.0,0.0,0.0
0,200,0,dpga,roi_cls,0.25914067029953003,-0.0,global_ddp_mean,2,0.0,72.7227554321289,72.7227554321289,0.0,0.0,0.0,0.0,0.0,0.0,0.0,0.0,0.0,0.0,0.0,0.0,0.0,1.0,1.0,0.0,0,0,0,0,0,0,0,0.0,0.0,0.0,0.0
0,200,0,dpga,roi_reg,0.25914067029953003,-0.0,global_ddp_mean,2,0.0,2.442854404449463,2.442854404449463,0.0,0.0,0.0,0.0,0.0,0.0,0.0,0.0,0.0,0.0,0.0,0.0,0.0,1.0,1.0,0.0,0,0,0,0,0,0,0,0.0,0.0,0.0,0.0
0,300,0,dpga,backbone,0.2281104028224945,-0.0,global_ddp_mean,2,0.0,26.31900978088379,26.31900978088379,0.0,0.0,0.0,0.0,0.0,0.0,0.0,0.0,0.0,0.0,0.0,0.0,0.0,1.0,1.0,0.0,0,0,0,0,0,0,0,0.0,0.0,0.0,0.0
0,300,0,dpga,fpn,0.2281104028224945,-0.0,global_ddp_mean,2,0.0,9.10840129852295,9.10840129852295,0.0,0.0,0.0,0.0,0.0,0.0,0.0,0.0,0.0,0.0,0.0,0.0,0.0,1.0,1.0,0.0,0,0,0,0,0,0,0,0.0,0.0,0.0,0.0
0,300,0,dpga,rpn,0.2281104028224945,-0.0,global_ddp_mean,2,0.0,29.514188766479492,29.514188766479492,0.0,0.0,0.0,0.0,0.0,0.0,0.0,0.0,0.0,0.0,0.0,0.0,0.0,1.0,1.0,0.0,0,0,0,0,0,0,0,0.0,0.0,0.0,0.0
0,300,0,dpga,roi_shared,0.2281104028224945,-0.0,global_ddp_mean,2,0.0,14.76205062866211,14.76205062866211,0.0,0.0,0.0,0.0,0.0,0.0,0.0,0.0,0.0,0.0,0.0,0.0,0.0,1.0,1.0,0.0,0,0,0,0,0,0,0,0.0,0.0,0.0,0.0
0,300,0,dpga,roi_cls,0.2281104028224945,-0.0,global_ddp_mean,2,0.0,15.091972351074219,15.091972351074219,0.0,0.0,0.0,0.0,0.0,0.0,0.0,0.0,0.0,0.0,0.0,0.0,0.0,1.0,1.0,0.0,0,0,0,0,0,0,0,0.0,0.0,0.0,0.0
0,300,0,dpga,roi_reg,0.2281104028224945,-0.0,global_ddp_mean,2,0.0,2.591794013977051,2.591794013977051,0.0,0.0,0.0,0.0,0.0,0.0,0.0,0.0,0.0,0.0,0.0,0.0,0.0,1.0,1.0,0.0,0,0,0,0,0,0,0,0.0,0.0,0.0,0.0
0,400,0,dpga,backbone,0.22143737971782684,0.0,global_ddp_mean,2,0.0,24.49323081970215,24.49323081970215,0.0,0.0,0.0,0.0,0.0,0.0,0.0,0.0,0.0,0.0,0.0,0.0,0.0,1.0,1.0,0.0,0,0,0,0,0,0,0,0.0,0.0,0.0,0.0
0,400,0,dpga,fpn,0.22143737971782684,0.0,global_ddp_mean,2,0.0,8.741944313049316,8.741944313049316,0.0,0.0,0.0,0.0,0.0,0.0,0.0,0.0,0.0,0.0,0.0,0.0,0.0,1.0,1.0,0.0,0,0,0,0,0,0,0,0.0,0.0,0.0,0.0
0,400,0,dpga,rpn,0.22143737971782684,0.0,global_ddp_mean,2,0.0,22.14868927001953,22.14868927001953,0.0,0.0,0.0,0.0,0.0,0.0,0.0,0.0,0.0,0.0,0.0,0.0,0.0,1.0,1.0,0.0,0,0,0,0,0,0,0,0.0,0.0,0.0,0.0
0,400,0,dpga,roi_shared,0.22143737971782684,0.0,global_ddp_mean,2,0.0,20.68321418762207,20.68321418762207,0.0,0.0,0.0,0.0,0.0,0.0,0.0,0.0,0.0,0.0,0.0,0.0,0.0,1.0,1.0,0.0,0,0,0,0,0,0,0,0.0,0.0,0.0,0.0
0,400,0,dpga,roi_cls,0.22143737971782684,0.0,global_ddp_mean,2,0.0,25.44371795654297,25.44371795654297,0.0,0.0,0.0,0.0,0.0,0.0,0.0,0.0,0.0,0.0,0.0,0.0,0.0,1.0,1.0,0.0,0,0,0,0,0,0,0,0.0,0.0,0.0,0.0
0,400,0,dpga,roi_reg,0.22143737971782684,0.0,global_ddp_mean,2,0.0,9.08840274810791,9.08840274810791,0.0,0.0,0.0,0.0,0.0,0.0,0.0,0.0,0.0,0.0,0.0,0.0,0.0,1.0,1.0,0.0,0,0,0,0,0,0,0,0.0,0.0,0.0,0.0
0,500,0,dpga,backbone,0.38153958320617676,0.0,global_ddp_mean,2,0.0,16.77528190612793,16.77528190612793,0.0,0.0,0.0,0.0,0.0,0.0,0.0,0.0,0.0,0.0,0.0,0.0,0.0,1.0,1.0,0.0,0,0,0,0,0,0,0,0.0,0.0,0.0,0.0
0,500,0,dpga,fpn,0.38153958320617676,0.0,global_ddp_mean,2,0.0,4.622325420379639,4.622325420379639,0.0,0.0,0.0,0.0,0.0,0.0,0.0,0.0,0.0,0.0,0.0,0.0,0.0,1.0,1.0,0.0,0,0,0,0,0,0,0,0.0,0.0,0.0,0.0
0,500,0,dpga,rpn,0.38153958320617676,0.0,global_ddp_mean,2,0.0,17.00916290283203,17.00916290283203,0.0,0.0,0.0,0.0,0.0,0.0,0.0,0.0,0.0,0.0,0.0,0.0,0.0,1.0,1.0,0.0,0,0,0,0,0,0,0,0.0,0.0,0.0,0.0
0,500,0,dpga,roi_shared,0.38153958320617676,0.0,global_ddp_mean,2,0.0,4.044513702392578,4.044513702392578,0.0,0.0,0.0,0.0,0.0,0.0,0.0,0.0,0.0,0.0,0.0,0.0,0.0,1.0,1.0,0.0,0,0,0,0,0,0,0,0.0,0.0,0.0,0.0
0,500,0,dpga,roi_cls,0.38153958320617676,0.0,global_ddp_mean,2,0.0,4.852054119110107,4.852054119110107,0.0,0.0,0.0,0.0,0.0,0.0,0.0,0.0,0.0,0.0,0.0,0.0,0.0,1.0,1.0,0.0,0,0,0,0,0,0,0,0.0,0.0,0.0,0.0
0,500,0,dpga,roi_reg,0.38153958320617676,0.0,global_ddp_mean,2,0.0,1.4957125186920166,1.4957125186920166,0.0,0.0,0.0,0.0,0.0,0.0,0.0,0.0,0.0,0.0,0.0,0.0,0.0,1.0,1.0,0.0,0,0,0,0,0,0,0,0.0,0.0,0.0,0.0
0,600,0,dpga,backbone,0.010960451327264309,0.0,global_ddp_mean,2,0.0,2.8080406188964844,2.8080406188964844,0.0,0.0,0.0,0.0,0.0,0.0,0.0,0.0,0.0,0.0,0.0,0.0,0.0,1.0,1.0,0.0,0,0,0,0,0,0,0,0.0,0.0,0.0,0.0
0,600,0,dpga,fpn,0.010960451327264309,0.0,global_ddp_mean,2,0.0,0.5473971962928772,0.5473971962928772,0.0,0.0,0.0,0.0,0.0,0.0,0.0,0.0,0.0,0.0,0.0,0.0,0.0,1.0,1.0,0.0,0,0,0,0,0,0,0,0.0,0.0,0.0,0.0
0,600,0,dpga,rpn,0.010960451327264309,0.0,global_ddp_mean,2,0.0,2.2769265174865723,2.2769265174865723,0.0,0.0,0.0,0.0,0.0,0.0,0.0,0.0,0.0,0.0,0.0,0.0,0.0,1.0,1.0,0.0,0,0,0,0,0,0,0,0.0,0.0,0.0,0.0
0,600,0,dpga,roi_shared,0.010960451327264309,0.0,global_ddp_mean,2,0.0,0.0,0.0,0.0,0.0,0.0,0.0,0.0,0.0,0.0,0.0,0.0,0.0,0.0,0.0,0.0,0.0,0.0,90.0,0,0,0,0,0,0,0,0.0,0.0,0.0,0.0
0,600,0,dpga,roi_cls,0.010960451327264309,0.0,global_ddp_mean,2,0.0,0.0,0.0,0.0,0.0,0.0,0.0,0.0,0.0,0.0,0.0,0.0,0.0,0.0,0.0,0.0,0.0,0.0,90.0,0,0,0,0,0,0,0,0.0,0.0,0.0,0.0
0,600,0,dpga,roi_reg,0.010960451327264309,0.0,global_ddp_mean,2,0.0,0.0,0.0,0.0,0.0,0.0,0.0,0.0,0.0,0.0,0.0,0.0,0.0,0.0,0.0,0.0,0.0,0.0,90.0,0,0,0,0,0,0,0,0.0,0.0,0.0,0.0
0,700,0,dpga,backbone,0.25299346446990967,0.0,global_ddp_mean,2,0.0,8.324254035949707,8.324254035949707,0.0,0.0,0.0,0.0,0.0,0.0,0.0,0.0,0.0,0.0,0.0,0.0,0.0,1.0,1.0,0.0,0,0,0,0,0,0,0,0.0,0.0,0.0,0.0
0,700,0,dpga,fpn,0.25299346446990967,0.0,global_ddp_mean,2,0.0,2.4152708053588867,2.4152708053588867,0.0,0.0,0.0,0.0,0.0,0.0,0.0,0.0,0.0,0.0,0.0,0.0,0.0,1.0,1.0,0.0,0,0,0,0,0,0,0,0.0,0.0,0.0,0.0
0,700,0,dpga,rpn,0.25299346446990967,0.0,global_ddp_mean,2,0.0,8.406930923461914,8.406930923461914,0.0,0.0,0.0,0.0,0.0,0.0,0.0,0.0,0.0,0.0,0.0,0.0,0.0,1.0,1.0,0.0,0,0,0,0,0,0,0,0.0,0.0,0.0,0.0
0,700,0,dpga,roi_shared,0.25299346446990967,0.0,global_ddp_mean,2,0.0,3.371138572692871,3.371138572692871,0.0,0.0,0.0,0.0,0.0,0.0,0.0,0.0,0.0,0.0,0.0,0.0,0.0,1.0,1.0,0.0,0,0,0,0,0,0,0,0.0,0.0,0.0,0.0
0,700,0,dpga,roi_cls,0.25299346446990967,0.0,global_ddp_mean,2,0.0,1.867153286933899,1.867153286933899,0.0,0.0,0.0,0.0,0.0,0.0,0.0,0.0,0.0,0.0,0.0,0.0,0.0,1.0,1.0,0.0,0,0,0,0,0,0,0,0.0,0.0,0.0,0.0
0,700,0,dpga,roi_reg,0.25299346446990967,0.0,global_ddp_mean,2,0.0,6.672552108764648,6.672552108764648,0.0,0.0,0.0,0.0,0.0,0.0,0.0,0.0,0.0,0.0,0.0,0.0,0.0,1.0,1.0,0.0,0,0,0,0,0,0,0,0.0,0.0,0.0,0.0
0,800,0,dpga,backbone,0.40220123529434204,0.0,global_ddp_mean,2,0.0,11.481489181518555,11.481489181518555,0.0,0.0,0.0,0.0,0.0,0.0,0.0,0.0,0.0,0.0,0.0,0.0,0.0,1.0,1.0,0.0,0,0,0,0,0,0,0,0.0,0.0,0.0,0.0
0,800,0,dpga,fpn,0.40220123529434204,0.0,global_ddp_mean,2,0.0,3.7218005657196045,3.7218005657196045,0.0,0.0,0.0,0.0,0.0,0.0,0.0,0.0,0.0,0.0,0.0,0.0,0.0,1.0,1.0,0.0,0,0,0,0,0,0,0,0.0,0.0,0.0,0.0
0,800,0,dpga,rpn,0.40220123529434204,0.0,global_ddp_mean,2,0.0,10.360794067382812,10.360794067382812,0.0,0.0,0.0,0.0,0.0,0.0,0.0,0.0,0.0,0.0,0.0,0.0,0.0,1.0,1.0,0.0,0,0,0,0,0,0,0,0.0,0.0,0.0,0.0
0,800,0,dpga,roi_shared,0.40220123529434204,0.0,global_ddp_mean,2,0.0,8.45447826385498,8.45447826385498,0.0,0.0,0.0,0.0,0.0,0.0,0.0,0.0,0.0,0.0,0.0,0.0,0.0,1.0,1.0,0.0,0,0,0,0,0,0,0,0.0,0.0,0.0,0.0
0,800,0,dpga,roi_cls,0.40220123529434204,0.0,global_ddp_mean,2,0.0,10.86155891418457,10.86155891418457,0.0,0.0,0.0,0.0,0.0,0.0,0.0,0.0,0.0,0.0,0.0,0.0,0.0,1.0,1.0,0.0,0,0,0,0,0,0,0,0.0,0.0,0.0,0.0
0,800,0,dpga,roi_reg,0.40220123529434204,0.0,global_ddp_mean,2,0.0,7.823459148406982,7.823459148406982,0.0,0.0,0.0,0.0,0.0,0.0,0.0,0.0,0.0,0.0,0.0,0.0,0.0,1.0,1.0,0.0,0,0,0,0,0,0,0,0.0,0.0,0.0,0.0
0,900,0,dpga,backbone,0.8943204879760742,0.0,global_ddp_mean,2,0.0,60.565956115722656,60.565956115722656,0.0,0.0,0.0,0.0,0.0,0.0,0.0,0.0,0.0,0.0,0.0,0.0,0.0,1.0,1.0,0.0,0,0,0,0,0,0,0,0.0,0.0,0.0,0.0
0,900,0,dpga,fpn,0.8943204879760742,0.0,global_ddp_mean,2,0.0,24.582155227661133,24.582155227661133,0.0,0.0,0.0,0.0,0.0,0.0,0.0,0.0,0.0,0.0,0.0,0.0,0.0,1.0,1.0,0.0,0,0,0,0,0,0,0,0.0,0.0,0.0,0.0
0,900,0,dpga,rpn,0.8943204879760742,0.0,global_ddp_mean,2,0.0,23.473127365112305,23.473127365112305,0.0,0.0,0.0,0.0,0.0,0.0,0.0,0.0,0.0,0.0,0.0,0.0,0.0,1.0,1.0,0.0,0,0,0,0,0,0,0,0.0,0.0,0.0,0.0
0,900,0,dpga,roi_shared,0.8943204879760742,0.0,global_ddp_mean,2,0.0,78.17306518554688,78.17306518554688,0.0,0.0,0.0,0.0,0.0,0.0,0.0,0.0,0.0,0.0,0.0,0.0,0.0,1.0,1.0,0.0,0,0,0,0,0,0,0,0.0,0.0,0.0,0.0
0,900,0,dpga,roi_cls,0.8943204879760742,0.0,global_ddp_mean,2,0.0,89.77423095703125,89.77423095703125,0.0,0.0,0.0,0.0,0.0,0.0,0.0,0.0,0.0,0.0,0.0,0.0,0.0,1.0,1.0,0.0,0,0,0,0,0,0,0,0.0,0.0,0.0,0.0
0,900,0,dpga,roi_reg,0.8943204879760742,0.0,global_ddp_mean,2,0.0,20.329622268676758,20.329622268676758,0.0,0.0,0.0,0.0,0.0,0.0,0.0,0.0,0.0,0.0,0.0,0.0,0.0,1.0,1.0,0.0,0,0,0,0,0,0,0,0.0,0.0,0.0,0.0
0,1000,0,dpga,backbone,0.22051137685775757,-0.0,global_ddp_mean,2,0.0,12.854101181030273,12.854101181030273,0.0,0.0,0.0,0.0,0.0,0.0,0.0,0.0,0.0,0.0,0.0,0.0,0.0,1.0,1.0,0.0,0,0,0,0,0,0,0,0.0,0.0,0.0,0.0
0,1000,0,dpga,fpn,0.22051137685775757,-0.0,global_ddp_mean,2,0.0,3.4066247940063477,3.4066247940063477,0.0,0.0,0.0,0.0,0.0,0.0,0.0,0.0,0.0,0.0,0.0,0.0,0.0,1.0,1.0,0.0,0,0,0,0,0,0,0,0.0,0.0,0.0,0.0
0,1000,0,dpga,rpn,0.22051137685775757,-0.0,global_ddp_mean,2,0.0,6.938595294952393,6.938595294952393,0.0,0.0,0.0,0.0,0.0,0.0,0.0,0.0,0.0,0.0,0.0,0.0,0.0,1.0,1.0,0.0,0,0,0,0,0,0,0,0.0,0.0,0.0,0.0
0,1000,0,dpga,roi_shared,0.22051137685775757,-0.0,global_ddp_mean,2,0.0,8.697016716003418,8.697016716003418,0.0,0.0,0.0,0.0,0.0,0.0,0.0,0.0,0.0,0.0,0.0,0.0,0.0,1.0,1.0,0.0,0,0,0,0,0,0,0,0.0,0.0,0.0,0.0
0,1000,0,dpga,roi_cls,0.22051137685775757,-0.0,global_ddp_mean,2,0.0,8.499632835388184,8.499632835388184,0.0,0.0,0.0,0.0,0.0,0.0,0.0,0.0,0.0,0.0,0.0,0.0,0.0,1.0,1.0,0.0,0,0,0,0,0,0,0,0.0,0.0,0.0,0.0
0,1000,0,dpga,roi_reg,0.22051137685775757,-0.0,global_ddp_mean,2,0.0,3.664748430252075,3.664748430252075,0.0,0.0,0.0,0.0,0.0,0.0,0.0,0.0,0.0,0.0,0.0,0.0,0.0,1.0,1.0,0.0,0,0,0,0,0,0,0,0.0,0.0,0.0,0.0
0,1100,0,dpga,backbone,0.3016015887260437,0.0,global_ddp_mean,2,0.0,18.051660537719727,18.051660537719727,0.0,0.0,0.0,0.0,0.0,0.0,0.0,0.0,0.0,0.0,0.0,0.0,0.0,1.0,1.0,0.0,0,0,0,0,0,0,0,0.0,0.0,0.0,0.0
0,1100,0,dpga,fpn,0.3016015887260437,0.0,global_ddp_mean,2,0.0,5.243326663970947,5.243326663970947,0.0,0.0,0.0,0.0,0.0,0.0,0.0,0.0,0.0,0.0,0.0,0.0,0.0,1.0,1.0,0.0,0,0,0,0,0,0,0,0.0,0.0,0.0,0.0
0,1100,0,dpga,rpn,0.3016015887260437,0.0,global_ddp_mean,2,0.0,11.550251960754395,11.550251960754395,0.0,0.0,0.0,0.0,0.0,0.0,0.0,0.0,0.0,0.0,0.0,0.0,0.0,1.0,1.0,0.0,0,0,0,0,0,0,0,0.0,0.0,0.0,0.0
0,1100,0,dpga,roi_shared,0.3016015887260437,0.0,global_ddp_mean,2,0.0,12.802454948425293,12.802454948425293,0.0,0.0,0.0,0.0,0.0,0.0,0.0,0.0,0.0,0.0,0.0,0.0,0.0,1.0,1.0,0.0,0,0,0,0,0,0,0,0.0,0.0,0.0,0.0
0,1100,0,dpga,roi_cls,0.3016015887260437,0.0,global_ddp_mean,2,0.0,13.293011665344238,13.293011665344238,0.0,0.0,0.0,0.0,0.0,0.0,0.0,0.0,0.0,0.0,0.0,0.0,0.0,1.0,1.0,0.0,0,0,0,0,0,0,0,0.0,0.0,0.0,0.0
0,1100,0,dpga,roi_reg,0.3016015887260437,0.0,global_ddp_mean,2,0.0,5.428134441375732,5.428134441375732,0.0,0.0,0.0,0.0,0.0,0.0,0.0,0.0,0.0,0.0,0.0,0.0,0.0,1.0,1.0,0.0,0,0,0,0,0,0,0,0.0,0.0,0.0,0.0
0,1200,0,dpga,backbone,0.223466694355011,0.0,global_ddp_mean,2,0.0,19.508943557739258,19.508943557739258,0.0,0.0,0.0,0.0,0.0,0.0,0.0,0.0,0.0,0.0,0.0,0.0,0.0,1.0,1.0,0.0,0,0,0,0,0,0,0,0.0,0.0,0.0,0.0
0,1200,0,dpga,fpn,0.223466694355011,0.0,global_ddp_mean,2,0.0,4.385631084442139,4.385631084442139,0.0,0.0,0.0,0.0,0.0,0.0,0.0,0.0,0.0,0.0,0.0,0.0,0.0,1.0,1.0,0.0,0,0,0,0,0,0,0,0.0,0.0,0.0,0.0
0,1200,0,dpga,rpn,0.223466694355011,0.0,global_ddp_mean,2,0.0,12.869580268859863,12.869580268859863,0.0,0.0,0.0,0.0,0.0,0.0,0.0,0.0,0.0,0.0,0.0,0.0,0.0,1.0,1.0,0.0,0,0,0,0,0,0,0,0.0,0.0,0.0,0.0
0,1200,0,dpga,roi_shared,0.223466694355011,0.0,global_ddp_mean,2,0.0,6.148597717285156,6.148597717285156,0.0,0.0,0.0,0.0,0.0,0.0,0.0,0.0,0.0,0.0,0.0,0.0,0.0,1.0,1.0,0.0,0,0,0,0,0,0,0,0.0,0.0,0.0,0.0
0,1200,0,dpga,roi_cls,0.223466694355011,0.0,global_ddp_mean,2,0.0,5.775557518005371,5.775557518005371,0.0,0.0,0.0,0.0,0.0,0.0,0.0,0.0,0.0,0.0,0.0,0.0,0.0,1.0,1.0,0.0,0,0,0,0,0,0,0,0.0,0.0,0.0,0.0
0,1200,0,dpga,roi_reg,0.223466694355011,0.0,global_ddp_mean,2,0.0,15.261778831481934,15.261778831481934,0.0,0.0,0.0,0.0,0.0,0.0,0.0,0.0,0.0,0.0,0.0,0.0,0.0,1.0,1.0,0.0,0,0,0,0,0,0,0,0.0,0.0,0.0,0.0
0,1300,0,dpga,backbone,0.3610740005970001,-0.0,global_ddp_mean,2,0.0,25.446094512939453,25.446094512939453,0.0,0.0,0.0,0.0,0.0,0.0,0.0,0.0,0.0,0.0,0.0,0.0,0.0,1.0,1.0,0.0,0,0,0,0,0,0,0,0.0,0.0,0.0,0.0
0,1300,0,dpga,fpn,0.3610740005970001,-0.0,global_ddp_mean,2,0.0,9.861917495727539,9.861917495727539,0.0,0.0,0.0,0.0,0.0,0.0,0.0,0.0,0.0,0.0,0.0,0.0,0.0,1.0,1.0,0.0,0,0,0,0,0,0,0,0.0,0.0,0.0,0.0
0,1300,0,dpga,rpn,0.3610740005970001,-0.0,global_ddp_mean,2,0.0,9.923394203186035,9.923394203186035,0.0,0.0,0.0,0.0,0.0,0.0,0.0,0.0,0.0,0.0,0.0,0.0,0.0,1.0,1.0,0.0,0,0,0,0,0,0,0,0.0,0.0,0.0,0.0
0,1300,0,dpga,roi_shared,0.3610740005970001,-0.0,global_ddp_mean,2,0.0,29.87821388244629,29.87821388244629,0.0,0.0,0.0,0.0,0.0,0.0,0.0,0.0,0.0,0.0,0.0,0.0,0.0,1.0,1.0,0.0,0,0,0,0,0,0,0,0.0,0.0,0.0,0.0
0,1300,0,dpga,roi_cls,0.3610740005970001,-0.0,global_ddp_mean,2,0.0,34.7108154296875,34.7108154296875,0.0,0.0,0.0,0.0,0.0,0.0,0.0,0.0,0.0,0.0,0.0,0.0,0.0,1.0,1.0,0.0,0,0,0,0,0,0,0,0.0,0.0,0.0,0.0
0,1300,0,dpga,roi_reg,0.3610740005970001,-0.0,global_ddp_mean,2,0.0,10.009255409240723,10.009255409240723,0.0,0.0,0.0,0.0,0.0,0.0,0.0,0.0,0.0,0.0,0.0,0.0,0.0,1.0,1.0,0.0,0,0,0,0,0,0,0,0.0,0.0,0.0,0.0
0,1400,0,dpga,backbone,0.685020387172699,0.0,global_ddp_mean,2,0.0,60.485443115234375,60.485443115234375,0.0,0.0,0.0,0.0,0.0,0.0,0.0,0.0,0.0,0.0,0.0,0.0,0.0,1.0,1.0,0.0,0,0,0,0,0,0,0,0.0,0.0,0.0,0.0
0,1400,0,dpga,fpn,0.685020387172699,0.0,global_ddp_mean,2,0.0,15.048896789550781,15.048896789550781,0.0,0.0,0.0,0.0,0.0,0.0,0.0,0.0,0.0,0.0,0.0,0.0,0.0,1.0,1.0,0.0,0,0,0,0,0,0,0,0.0,0.0,0.0,0.0
0,1400,0,dpga,rpn,0.685020387172699,0.0,global_ddp_mean,2,0.0,26.73063850402832,26.73063850402832,0.0,0.0,0.0,0.0,0.0,0.0,0.0,0.0,0.0,0.0,0.0,0.0,0.0,1.0,1.0,0.0,0,0,0,0,0,0,0,0.0,0.0,0.0,0.0
0,1400,0,dpga,roi_shared,0.685020387172699,0.0,global_ddp_mean,2,0.0,40.72209167480469,40.72209167480469,0.0,0.0,0.0,0.0,0.0,0.0,0.0,0.0,0.0,0.0,0.0,0.0,0.0,1.0,1.0,0.0,0,0,0,0,0,0,0,0.0,0.0,0.0,0.0
0,1400,0,dpga,roi_cls,0.685020387172699,0.0,global_ddp_mean,2,0.0,49.211448669433594,49.211448669433594,0.0,0.0,0.0,0.0,0.0,0.0,0.0,0.0,0.0,0.0,0.0,0.0,0.0,1.0,1.0,0.0,0,0,0,0,0,0,0,0.0,0.0,0.0,0.0
0,1400,0,dpga,roi_reg,0.685020387172699,0.0,global_ddp_mean,2,0.0,17.801801681518555,17.801801681518555,0.0,0.0,0.0,0.0,0.0,0.0,0.0,0.0,0.0,0.0,0.0,0.0,0.0,1.0,1.0,0.0,0,0,0,0,0,0,0,0.0,0.0,0.0,0.0
1,0,0,dpga,backbone,0.06297159194946289,0.0,global_ddp_mean,2,0.0,9.748815536499023,9.748815536499023,0.0,0.0,0.0,0.0,0.0,0.0,0.0,0.0,0.0,0.0,0.0,0.0,0.0,1.0,1.0,0.0,0,0,0,0,0,0,0,0.0,0.0,0.0,0.0
1,0,0,dpga,fpn,0.06297159194946289,0.0,global_ddp_mean,2,0.0,1.979270100593567,1.979270100593567,0.0,0.0,0.0,0.0,0.0,0.0,0.0,0.0,0.0,0.0,0.0,0.0,0.0,1.0,1.0,0.0,0,0,0,0,0,0,0,0.0,0.0,0.0,0.0
1,0,0,dpga,rpn,0.06297159194946289,0.0,global_ddp_mean,2,0.0,4.295406341552734,4.295406341552734,0.0,0.0,0.0,0.0,0.0,0.0,0.0,0.0,0.0,0.0,0.0,0.0,0.0,1.0,1.0,0.0,0,0,0,0,0,0,0,0.0,0.0,0.0,0.0
1,0,0,dpga,roi_shared,0.06297159194946289,0.0,global_ddp_mean,2,0.0,4.067913055419922,4.067913055419922,0.0,0.0,0.0,0.0,0.0,0.0,0.0,0.0,0.0,0.0,0.0,0.0,0.0,1.0,1.0,0.0,0,0,0,0,0,0,0,0.0,0.0,0.0,0.0
1,0,0,dpga,roi_cls,0.06297159194946289,0.0,global_ddp_mean,2,0.0,4.7412519454956055,4.7412519454956055,0.0,0.0,0.0,0.0,0.0,0.0,0.0,0.0,0.0,0.0,0.0,0.0,0.0,1.0,1.0,0.0,0,0,0,0,0,0,0,0.0,0.0,0.0,0.0
1,0,0,dpga,roi_reg,0.06297159194946289,0.0,global_ddp_mean,2,0.0,0.3258979916572571,0.3258979916572571,0.0,0.0,0.0,0.0,0.0,0.0,0.0,0.0,0.0,0.0,0.0,0.0,0.0,1.0,1.0,0.0,0,0,0,0,0,0,0,0.0,0.0,0.0,0.0
1,100,0,dpga,backbone,0.6339945793151855,-0.0,global_ddp_mean,2,0.0,15.785520553588867,15.785520553588867,0.0,0.0,0.0,0.0,0.0,0.0,0.0,0.0,0.0,0.0,0.0,0.0,0.0,1.0,1.0,0.0,0,0,0,0,0,0,0,0.0,0.0,0.0,0.0
1,100,0,dpga,fpn,0.6339945793151855,-0.0,global_ddp_mean,2,0.0,4.716704845428467,4.716704845428467,0.0,0.0,0.0,0.0,0.0,0.0,0.0,0.0,0.0,0.0,0.0,0.0,0.0,1.0,1.0,0.0,0,0,0,0,0,0,0,0.0,0.0,0.0,0.0
1,100,0,dpga,rpn,0.6339945793151855,-0.0,global_ddp_mean,2,0.0,14.27231216430664,14.27231216430664,0.0,0.0,0.0,0.0,0.0,0.0,0.0,0.0,0.0,0.0,0.0,0.0,0.0,1.0,1.0,0.0,0,0,0,0,0,0,0,0.0,0.0,0.0,0.0
1,100,0,dpga,roi_shared,0.6339945793151855,-0.0,global_ddp_mean,2,0.0,6.520299434661865,6.520299434661865,0.0,0.0,0.0,0.0,0.0,0.0,0.0,0.0,0.0,0.0,0.0,0.0,0.0,1.0,1.0,0.0,0,0,0,0,0,0,0,0.0,0.0,0.0,0.0
1,100,0,dpga,roi_cls,0.6339945793151855,-0.0,global_ddp_mean,2,0.0,4.867974281311035,4.867974281311035,0.0,0.0,0.0,0.0,0.0,0.0,0.0,0.0,0.0,0.0,0.0,0.0,0.0,1.0,1.0,0.0,0,0,0,0,0,0,0,0.0,0.0,0.0,0.0
1,100,0,dpga,roi_reg,0.6339945793151855,-0.0,global_ddp_mean,2,0.0,14.966449737548828,14.966449737548828,0.0,0.0,0.0,0.0,0.0,0.0,0.0,0.0,0.0,0.0,0.0,0.0,0.0,1.0,1.0,0.0,0,0,0,0,0,0,0,0.0,0.0,0.0,0.0
1,200,0,dpga,backbone,0.27670761942863464,0.0,global_ddp_mean,2,0.0,17.60406494140625,17.60406494140625,0.0,0.0,0.0,0.0,0.0,0.0,0.0,0.0,0.0,0.0,0.0,0.0,0.0,1.0,1.0,0.0,0,0,0,0,0,0,0,0.0,0.0,0.0,0.0
1,200,0,dpga,fpn,0.27670761942863464,0.0,global_ddp_mean,2,0.0,4.054210662841797,4.054210662841797,0.0,0.0,0.0,0.0,0.0,0.0,0.0,0.0,0.0,0.0,0.0,0.0,0.0,1.0,1.0,0.0,0,0,0,0,0,0,0,0.0,0.0,0.0,0.0
1,200,0,dpga,rpn,0.27670761942863464,0.0,global_ddp_mean,2,0.0,8.27571964263916,8.27571964263916,0.0,0.0,0.0,0.0,0.0,0.0,0.0,0.0,0.0,0.0,0.0,0.0,0.0,1.0,1.0,0.0,0,0,0,0,0,0,0,0.0,0.0,0.0,0.0
1,200,0,dpga,roi_shared,0.27670761942863464,0.0,global_ddp_mean,2,0.0,10.475787162780762,10.475787162780762,0.0,0.0,0.0,0.0,0.0,0.0,0.0,0.0,0.0,0.0,0.0,0.0,0.0,1.0,1.0,0.0,0,0,0,0,0,0,0,0.0,0.0,0.0,0.0
1,200,0,dpga,roi_cls,0.27670761942863464,0.0,global_ddp_mean,2,0.0,12.340993881225586,12.340993881225586,0.0,0.0,0.0,0.0,0.0,0.0,0.0,0.0,0.0,0.0,0.0,0.0,0.0,1.0,1.0,0.0,0,0,0,0,0,0,0,0.0,0.0,0.0,0.0
1,200,0,dpga,roi_reg,0.27670761942863464,0.0,global_ddp_mean,2,0.0,8.498241424560547,8.498241424560547,0.0,0.0,0.0,0.0,0.0,0.0,0.0,0.0,0.0,0.0,0.0,0.0,0.0,1.0,1.0,0.0,0,0,0,0,0,0,0,0.0,0.0,0.0,0.0
1,300,0,dpga,backbone,0.4995439052581787,-0.0,global_ddp_mean,2,0.0,33.86180114746094,33.86180114746094,0.0,0.0,0.0,0.0,0.0,0.0,0.0,0.0,0.0,0.0,0.0,0.0,0.0,1.0,1.0,0.0,0,0,0,0,0,0,0,0.0,0.0,0.0,0.0
1,300,0,dpga,fpn,0.4995439052581787,-0.0,global_ddp_mean,2,0.0,10.376225471496582,10.376225471496582,0.0,0.0,0.0,0.0,0.0,0.0,0.0,0.0,0.0,0.0,0.0,0.0,0.0,1.0,1.0,0.0,0,0,0,0,0,0,0,0.0,0.0,0.0,0.0
1,300,0,dpga,rpn,0.4995439052581787,-0.0,global_ddp_mean,2,0.0,8.827605247497559,8.827605247497559,0.0,0.0,0.0,0.0,0.0,0.0,0.0,0.0,0.0,0.0,0.0,0.0,0.0,1.0,1.0,0.0,0,0,0,0,0,0,0,0.0,0.0,0.0,0.0
1,300,0,dpga,roi_shared,0.4995439052581787,-0.0,global_ddp_mean,2,0.0,31.07069969177246,31.07069969177246,0.0,0.0,0.0,0.0,0.0,0.0,0.0,0.0,0.0,0.0,0.0,0.0,0.0,1.0,1.0,0.0,0,0,0,0,0,0,0,0.0,0.0,0.0,0.0
1,300,0,dpga,roi_cls,0.4995439052581787,-0.0,global_ddp_mean,2,0.0,35.7147102355957,35.7147102355957,0.0,0.0,0.0,0.0,0.0,0.0,0.0,0.0,0.0,0.0,0.0,0.0,0.0,1.0,1.0,0.0,0,0,0,0,0,0,0,0.0,0.0,0.0,0.0
1,300,0,dpga,roi_reg,0.4995439052581787,-0.0,global_ddp_mean,2,0.0,4.175253868103027,4.175253868103027,0.0,0.0,0.0,0.0,0.0,0.0,0.0,0.0,0.0,0.0,0.0,0.0,0.0,1.0,1.0,0.0,0,0,0,0,0,0,0,0.0,0.0,0.0,0.0
1,400,0,dpga,backbone,0.06823885440826416,-0.0,global_ddp_mean,2,0.0,7.011068344116211,7.011068344116211,0.0,0.0,0.0,0.0,0.0,0.0,0.0,0.0,0.0,0.0,0.0,0.0,0.0,1.0,1.0,0.0,0,0,0,0,0,0,0,0.0,0.0,0.0,0.0
1,400,0,dpga,fpn,0.06823885440826416,-0.0,global_ddp_mean,2,0.0,2.361093044281006,2.361093044281006,0.0,0.0,0.0,0.0,0.0,0.0,0.0,0.0,0.0,0.0,0.0,0.0,0.0,1.0,1.0,0.0,0,0,0,0,0,0,0,0.0,0.0,0.0,0.0
1,400,0,dpga,rpn,0.06823885440826416,-0.0,global_ddp_mean,2,0.0,5.960670471191406,5.960670471191406,0.0,0.0,0.0,0.0,0.0,0.0,0.0,0.0,0.0,0.0,0.0,0.0,0.0,1.0,1.0,0.0,0,0,0,0,0,0,0,0.0,0.0,0.0,0.0
1,400,0,dpga,roi_shared,0.06823885440826416,-0.0,global_ddp_mean,2,0.0,6.171365261077881,6.171365261077881,0.0,0.0,0.0,0.0,0.0,0.0,0.0,0.0,0.0,0.0,0.0,0.0,0.0,1.0,1.0,0.0,0,0,0,0,0,0,0,0.0,0.0,0.0,0.0
1,400,0,dpga,roi_cls,0.06823885440826416,-0.0,global_ddp_mean,2,0.0,6.642975330352783,6.642975330352783,0.0,0.0,0.0,0.0,0.0,0.0,0.0,0.0,0.0,0.0,0.0,0.0,0.0,1.0,1.0,0.0,0,0,0,0,0,0,0,0.0,0.0,0.0,0.0
1,400,0,dpga,roi_reg,0.06823885440826416,-0.0,global_ddp_mean,2,0.0,1.8854007720947266,1.8854007720947266,0.0,0.0,0.0,0.0,0.0,0.0,0.0,0.0,0.0,0.0,0.0,0.0,0.0,1.0,1.0,0.0,0,0,0,0,0,0,0,0.0,0.0,0.0,0.0
1,500,0,dpga,backbone,0.3709394037723541,0.0,global_ddp_mean,2,0.0,14.090434074401855,14.090434074401855,0.0,0.0,0.0,0.0,0.0,0.0,0.0,0.0,0.0,0.0,0.0,0.0,0.0,1.0,1.0,0.0,0,0,0,0,0,0,0,0.0,0.0,0.0,0.0
1,500,0,dpga,fpn,0.3709394037723541,0.0,global_ddp_mean,2,0.0,2.955900192260742,2.955900192260742,0.0,0.0,0.0,0.0,0.0,0.0,0.0,0.0,0.0,0.0,0.0,0.0,0.0,1.0,1.0,0.0,0,0,0,0,0,0,0,0.0,0.0,0.0,0.0
1,500,0,dpga,rpn,0.3709394037723541,0.0,global_ddp_mean,2,0.0,5.16832971572876,5.16832971572876,0.0,0.0,0.0,0.0,0.0,0.0,0.0,0.0,0.0,0.0,0.0,0.0,0.0,1.0,1.0,0.0,0,0,0,0,0,0,0,0.0,0.0,0.0,0.0
1,500,0,dpga,roi_shared,0.3709394037723541,0.0,global_ddp_mean,2,0.0,8.100268363952637,8.100268363952637,0.0,0.0,0.0,0.0,0.0,0.0,0.0,0.0,0.0,0.0,0.0,0.0,0.0,1.0,1.0,0.0,0,0,0,0,0,0,0,0.0,0.0,0.0,0.0
1,500,0,dpga,roi_cls,0.3709394037723541,0.0,global_ddp_mean,2,0.0,8.734989166259766,8.734989166259766,0.0,0.0,0.0,0.0,0.0,0.0,0.0,0.0,0.0,0.0,0.0,0.0,0.0,1.0,1.0,0.0,0,0,0,0,0,0,0,0.0,0.0,0.0,0.0
1,500,0,dpga,roi_reg,0.3709394037723541,0.0,global_ddp_mean,2,0.0,6.328632831573486,6.328632831573486,0.0,0.0,0.0,0.0,0.0,0.0,0.0,0.0,0.0,0.0,0.0,0.0,0.0,1.0,1.0,0.0,0,0,0,0,0,0,0,0.0,0.0,0.0,0.0
1,600,0,dpga,backbone,0.19771535694599152,-0.0,global_ddp_mean,2,0.0,8.723974227905273,8.723974227905273,0.0,0.0,0.0,0.0,0.0,0.0,0.0,0.0,0.0,0.0,0.0,0.0,0.0,1.0,1.0,0.0,0,0,0,0,0,0,0,0.0,0.0,0.0,0.0
1,600,0,dpga,fpn,0.19771535694599152,-0.0,global_ddp_mean,2,0.0,2.073838949203491,2.073838949203491,0.0,0.0,0.0,0.0,0.0,0.0,0.0,0.0,0.0,0.0,0.0,0.0,0.0,1.0,1.0,0.0,0,0,0,0,0,0,0,0.0,0.0,0.0,0.0
1,600,0,dpga,rpn,0.19771535694599152,-0.0,global_ddp_mean,2,0.0,3.598325490951538,3.598325490951538,0.0,0.0,0.0,0.0,0.0,0.0,0.0,0.0,0.0,0.0,0.0,0.0,0.0,1.0,1.0,0.0,0,0,0,0,0,0,0,0.0,0.0,0.0,0.0
1,600,0,dpga,roi_shared,0.19771535694599152,-0.0,global_ddp_mean,2,0.0,5.308123588562012,5.308123588562012,0.0,0.0,0.0,0.0,0.0,0.0,0.0,0.0,0.0,0.0,0.0,0.0,0.0,1.0,1.0,0.0,0,0,0,0,0,0,0,0.0,0.0,0.0,0.0
1,600,0,dpga,roi_cls,0.19771535694599152,-0.0,global_ddp_mean,2,0.0,6.164246082305908,6.164246082305908,0.0,0.0,0.0,0.0,0.0,0.0,0.0,0.0,0.0,0.0,0.0,0.0,0.0,1.0,1.0,0.0,0,0,0,0,0,0,0,0.0,0.0,0.0,0.0
1,600,0,dpga,roi_reg,0.19771535694599152,-0.0,global_ddp_mean,2,0.0,3.1077892780303955,3.1077892780303955,0.0,0.0,0.0,0.0,0.0,0.0,0.0,0.0,0.0,0.0,0.0,0.0,0.0,1.0,1.0,0.0,0,0,0,0,0,0,0,0.0,0.0,0.0,0.0
1,700,0,dpga,backbone,0.10649293661117554,-0.0,global_ddp_mean,2,0.0,55.10554504394531,55.10554504394531,0.0,0.0,0.0,0.0,0.0,0.0,0.0,0.0,0.0,0.0,0.0,0.0,0.0,1.0,1.0,0.0,0,0,0,0,0,0,0,0.0,0.0,0.0,0.0
1,700,0,dpga,fpn,0.10649293661117554,-0.0,global_ddp_mean,2,0.0,8.222243309020996,8.222243309020996,0.0,0.0,0.0,0.0,0.0,0.0,0.0,0.0,0.0,0.0,0.0,0.0,0.0,1.0,1.0,0.0,0,0,0,0,0,0,0,0.0,0.0,0.0,0.0
1,700,0,dpga,rpn,0.10649293661117554,-0.0,global_ddp_mean,2,0.0,14.261134147644043,14.261134147644043,0.0,0.0,0.0,0.0,0.0,0.0,0.0,0.0,0.0,0.0,0.0,0.0,0.0,1.0,1.0,0.0,0,0,0,0,0,0,0,0.0,0.0,0.0,0.0
1,700,0,dpga,roi_shared,0.10649293661117554,-0.0,global_ddp_mean,2,0.0,19.92070960998535,19.92070960998535,0.0,0.0,0.0,0.0,0.0,0.0,0.0,0.0,0.0,0.0,0.0,0.0,0.0,1.0,1.0,0.0,0,0,0,0,0,0,0,0.0,0.0,0.0,0.0
1,700,0,dpga,roi_cls,0.10649293661117554,-0.0,global_ddp_mean,2,0.0,22.167011260986328,22.167011260986328,0.0,0.0,0.0,0.0,0.0,0.0,0.0,0.0,0.0,0.0,0.0,0.0,0.0,1.0,1.0,0.0,0,0,0,0,0,0,0,0.0,0.0,0.0,0.0
1,700,0,dpga,roi_reg,0.10649293661117554,-0.0,global_ddp_mean,2,0.0,6.857701301574707,6.857701301574707,0.0,0.0,0.0,0.0,0.0,0.0,0.0,0.0,0.0,0.0,0.0,0.0,0.0,1.0,1.0,0.0,0,0,0,0,0,0,0,0.0,0.0,0.0,0.0
1,800,0,dpga,backbone,0.46484482288360596,-0.0,global_ddp_mean,2,0.0,13.12664794921875,13.12664794921875,0.0,0.0,0.0,0.0,0.0,0.0,0.0,0.0,0.0,0.0,0.0,0.0,0.0,1.0,1.0,0.0,0,0,0,0,0,0,0,0.0,0.0,0.0,0.0
1,800,0,dpga,fpn,0.46484482288360596,-0.0,global_ddp_mean,2,0.0,4.923843860626221,4.923843860626221,0.0,0.0,0.0,0.0,0.0,0.0,0.0,0.0,0.0,0.0,0.0,0.0,0.0,1.0,1.0,0.0,0,0,0,0,0,0,0,0.0,0.0,0.0,0.0
1,800,0,dpga,rpn,0.46484482288360596,-0.0,global_ddp_mean,2,0.0,7.272275447845459,7.272275447845459,0.0,0.0,0.0,0.0,0.0,0.0,0.0,0.0,0.0,0.0,0.0,0.0,0.0,1.0,1.0,0.0,0,0,0,0,0,0,0,0.0,0.0,0.0,0.0
1,800,0,dpga,roi_shared,0.46484482288360596,-0.0,global_ddp_mean,2,0.0,13.345755577087402,13.345755577087402,0.0,0.0,0.0,0.0,0.0,0.0,0.0,0.0,0.0,0.0,0.0,0.0,0.0,1.0,1.0,0.0,0,0,0,0,0,0,0,0.0,0.0,0.0,0.0
1,800,0,dpga,roi_cls,0.46484482288360596,-0.0,global_ddp_mean,2,0.0,15.78590202331543,15.78590202331543,0.0,0.0,0.0,0.0,0.0,0.0,0.0,0.0,0.0,0.0,0.0,0.0,0.0,1.0,1.0,0.0,0,0,0,0,0,0,0,0.0,0.0,0.0,0.0
1,800,0,dpga,roi_reg,0.46484482288360596,-0.0,global_ddp_mean,2,0.0,5.781952857971191,5.781952857971191,0.0,0.0,0.0,0.0,0.0,0.0,0.0,0.0,0.0,0.0,0.0,0.0,0.0,1.0,1.0,0.0,0,0,0,0,0,0,0,0.0,0.0,0.0,0.0
1,900,0,dpga,backbone,0.7310749888420105,-0.0,global_ddp_mean,2,0.0,33.57624053955078,33.57624053955078,0.0,0.0,0.0,0.0,0.0,0.0,0.0,0.0,0.0,0.0,0.0,0.0,0.0,1.0,1.0,0.0,0,0,0,0,0,0,0,0.0,0.0,0.0,0.0
1,900,0,dpga,fpn,0.7310749888420105,-0.0,global_ddp_mean,2,0.0,6.938543319702148,6.938543319702148,0.0,0.0,0.0,0.0,0.0,0.0,0.0,0.0,0.0,0.0,0.0,0.0,0.0,1.0,1.0,0.0,0,0,0,0,0,0,0,0.0,0.0,0.0,0.0
1,900,0,dpga,rpn,0.7310749888420105,-0.0,global_ddp_mean,2,0.0,12.8705415725708,12.8705415725708,0.0,0.0,0.0,0.0,0.0,0.0,0.0,0.0,0.0,0.0,0.0,0.0,0.0,1.0,1.0,0.0,0,0,0,0,0,0,0,0.0,0.0,0.0,0.0
1,900,0,dpga,roi_shared,0.7310749888420105,-0.0,global_ddp_mean,2,0.0,15.271663665771484,15.271663665771484,0.0,0.0,0.0,0.0,0.0,0.0,0.0,0.0,0.0,0.0,0.0,0.0,0.0,1.0,1.0,0.0,0,0,0,0,0,0,0,0.0,0.0,0.0,0.0
1,900,0,dpga,roi_cls,0.7310749888420105,-0.0,global_ddp_mean,2,0.0,17.91657066345215,17.91657066345215,0.0,0.0,0.0,0.0,0.0,0.0,0.0,0.0,0.0,0.0,0.0,0.0,0.0,1.0,1.0,0.0,0,0,0,0,0,0,0,0.0,0.0,0.0,0.0
1,900,0,dpga,roi_reg,0.7310749888420105,-0.0,global_ddp_mean,2,0.0,5.857667446136475,5.857667446136475,0.0,0.0,0.0,0.0,0.0,0.0,0.0,0.0,0.0,0.0,0.0,0.0,0.0,1.0,1.0,0.0,0,0,0,0,0,0,0,0.0,0.0,0.0,0.0
1,1000,0,dpga,backbone,0.19656413793563843,-0.0,global_ddp_mean,2,0.0,16.423248291015625,16.423248291015625,0.0,0.0,0.0,0.0,0.0,0.0,0.0,0.0,0.0,0.0,0.0,0.0,0.0,1.0,1.0,0.0,0,0,0,0,0,0,0,0.0,0.0,0.0,0.0
1,1000,0,dpga,fpn,0.19656413793563843,-0.0,global_ddp_mean,2,0.0,1.709165334701538,1.709165334701538,0.0,0.0,0.0,0.0,0.0,0.0,0.0,0.0,0.0,0.0,0.0,0.0,0.0,1.0,1.0,0.0,0,0,0,0,0,0,0,0.0,0.0,0.0,0.0
1,1000,0,dpga,rpn,0.19656413793563843,-0.0,global_ddp_mean,2,0.0,3.9949944019317627,3.9949944019317627,0.0,0.0,0.0,0.0,0.0,0.0,0.0,0.0,0.0,0.0,0.0,0.0,0.0,1.0,1.0,0.0,0,0,0,0,0,0,0,0.0,0.0,0.0,0.0
1,1000,0,dpga,roi_shared,0.19656413793563843,-0.0,global_ddp_mean,2,0.0,1.6835753917694092,1.6835753917694092,0.0,0.0,0.0,0.0,0.0,0.0,0.0,0.0,0.0,0.0,0.0,0.0,0.0,1.0,1.0,0.0,0,0,0,0,0,0,0,0.0,0.0,0.0,0.0
1,1000,0,dpga,roi_cls,0.19656413793563843,-0.0,global_ddp_mean,2,0.0,1.9720075130462646,1.9720075130462646,0.0,0.0,0.0,0.0,0.0,0.0,0.0,0.0,0.0,0.0,0.0,0.0,0.0,1.0,1.0,0.0,0,0,0,0,0,0,0,0.0,0.0,0.0,0.0
1,1000,0,dpga,roi_reg,0.19656413793563843,-0.0,global_ddp_mean,2,0.0,0.5570448637008667,0.5570448637008667,0.0,0.0,0.0,0.0,0.0,0.0,0.0,0.0,0.0,0.0,0.0,0.0,0.0,1.0,1.0,0.0,0,0,0,0,0,0,0,0.0,0.0,0.0,0.0
1,1100,0,dpga,backbone,0.2775523364543915,-0.0,global_ddp_mean,2,0.0,5.971923828125,5.971923828125,0.0,0.0,0.0,0.0,0.0,0.0,0.0,0.0,0.0,0.0,0.0,0.0,0.0,1.0,1.0,0.0,0,0,0,0,0,0,0,0.0,0.0,0.0,0.0
1,1100,0,dpga,fpn,0.2775523364543915,-0.0,global_ddp_mean,2,0.0,1.055523157119751,1.055523157119751,0.0,0.0,0.0,0.0,0.0,0.0,0.0,0.0,0.0,0.0,0.0,0.0,0.0,1.0,1.0,0.0,0,0,0,0,0,0,0,0.0,0.0,0.0,0.0
1,1100,0,dpga,rpn,0.2775523364543915,-0.0,global_ddp_mean,2,0.0,3.200819730758667,3.200819730758667,0.0,0.0,0.0,0.0,0.0,0.0,0.0,0.0,0.0,0.0,0.0,0.0,0.0,1.0,1.0,0.0,0,0,0,0,0,0,0,0.0,0.0,0.0,0.0
1,1100,0,dpga,roi_shared,0.2775523364543915,-0.0,global_ddp_mean,2,0.0,1.1415667533874512,1.1415667533874512,0.0,0.0,0.0,0.0,0.0,0.0,0.0,0.0,0.0,0.0,0.0,0.0,0.0,1.0,1.0,0.0,0,0,0,0,0,0,0,0.0,0.0,0.0,0.0
1,1100,0,dpga,roi_cls,0.2775523364543915,-0.0,global_ddp_mean,2,0.0,0.7157166004180908,0.7157166004180908,0.0,0.0,0.0,0.0,0.0,0.0,0.0,0.0,0.0,0.0,0.0,0.0,0.0,1.0,1.0,0.0,0,0,0,0,0,0,0,0.0,0.0,0.0,0.0
1,1100,0,dpga,roi_reg,0.2775523364543915,-0.0,global_ddp_mean,2,0.0,1.0474417209625244,1.0474417209625244,0.0,0.0,0.0,0.0,0.0,0.0,0.0,0.0,0.0,0.0,0.0,0.0,0.0,1.0,1.0,0.0,0,0,0,0,0,0,0,0.0,0.0,0.0,0.0
1,1200,0,dpga,backbone,0.3513961434364319,-0.0,global_ddp_mean,2,0.0,15.496840476989746,15.496840476989746,0.0,0.0,0.0,0.0,0.0,0.0,0.0,0.0,0.0,0.0,0.0,0.0,0.0,1.0,1.0,0.0,0,0,0,0,0,0,0,0.0,0.0,0.0,0.0
1,1200,0,dpga,fpn,0.3513961434364319,-0.0,global_ddp_mean,2,0.0,3.6943445205688477,3.6943445205688477,0.0,0.0,0.0,0.0,0.0,0.0,0.0,0.0,0.0,0.0,0.0,0.0,0.0,1.0,1.0,0.0,0,0,0,0,0,0,0,0.0,0.0,0.0,0.0
1,1200,0,dpga,rpn,0.3513961434364319,-0.0,global_ddp_mean,2,0.0,4.555030345916748,4.555030345916748,0.0,0.0,0.0,0.0,0.0,0.0,0.0,0.0,0.0,0.0,0.0,0.0,0.0,1.0,1.0,0.0,0,0,0,0,0,0,0,0.0,0.0,0.0,0.0
1,1200,0,dpga,roi_shared,0.3513961434364319,-0.0,global_ddp_mean,2,0.0,9.159843444824219,9.159843444824219,0.0,0.0,0.0,0.0,0.0,0.0,0.0,0.0,0.0,0.0,0.0,0.0,0.0,1.0,1.0,0.0,0,0,0,0,0,0,0,0.0,0.0,0.0,0.0
1,1200,0,dpga,roi_cls,0.3513961434364319,-0.0,global_ddp_mean,2,0.0,10.268793106079102,10.268793106079102,0.0,0.0,0.0,0.0,0.0,0.0,0.0,0.0,0.0,0.0,0.0,0.0,0.0,1.0,1.0,0.0,0,0,0,0,0,0,0,0.0,0.0,0.0,0.0
1,1200,0,dpga,roi_reg,0.3513961434364319,-0.0,global_ddp_mean,2,0.0,3.84976863861084,3.84976863861084,0.0,0.0,0.0,0.0,0.0,0.0,0.0,0.0,0.0,0.0,0.0,0.0,0.0,1.0,1.0,0.0,0,0,0,0,0,0,0,0.0,0.0,0.0,0.0
1,1300,0,dpga,backbone,0.23483102023601532,0.0,global_ddp_mean,2,0.0,15.791417121887207,15.791417121887207,0.0,0.0,0.0,0.0,0.0,0.0,0.0,0.0,0.0,0.0,0.0,0.0,0.0,1.0,1.0,0.0,0,0,0,0,0,0,0,0.0,0.0,0.0,0.0
1,1300,0,dpga,fpn,0.23483102023601532,0.0,global_ddp_mean,2,0.0,6.9078145027160645,6.9078145027160645,0.0,0.0,0.0,0.0,0.0,0.0,0.0,0.0,0.0,0.0,0.0,0.0,0.0,1.0,1.0,0.0,0,0,0,0,0,0,0,0.0,0.0,0.0,0.0
1,1300,0,dpga,rpn,0.23483102023601532,0.0,global_ddp_mean,2,0.0,2.5150742530822754,2.5150742530822754,0.0,0.0,0.0,0.0,0.0,0.0,0.0,0.0,0.0,0.0,0.0,0.0,0.0,1.0,1.0,0.0,0,0,0,0,0,0,0,0.0,0.0,0.0,0.0
1,1300,0,dpga,roi_shared,0.23483102023601532,0.0,global_ddp_mean,2,0.0,20.02314567565918,20.02314567565918,0.0,0.0,0.0,0.0,0.0,0.0,0.0,0.0,0.0,0.0,0.0,0.0,0.0,1.0,1.0,0.0,0,0,0,0,0,0,0,0.0,0.0,0.0,0.0
1,1300,0,dpga,roi_cls,0.23483102023601532,0.0,global_ddp_mean,2,0.0,25.696374893188477,25.696374893188477,0.0,0.0,0.0,0.0,0.0,0.0,0.0,0.0,0.0,0.0,0.0,0.0,0.0,1.0,1.0,0.0,0,0,0,0,0,0,0,0.0,0.0,0.0,0.0
1,1300,0,dpga,roi_reg,0.23483102023601532,0.0,global_ddp_mean,2,0.0,2.9814839363098145,2.9814839363098145,0.0,0.0,0.0,0.0,0.0,0.0,0.0,0.0,0.0,0.0,0.0,0.0,0.0,1.0,1.0,0.0,0,0,0,0,0,0,0,0.0,0.0,0.0,0.0
1,1400,0,dpga,backbone,0.05812295526266098,-0.0,global_ddp_mean,2,0.0,7.053427696228027,7.053427696228027,0.0,0.0,0.0,0.0,0.0,0.0,0.0,0.0,0.0,0.0,0.0,0.0,0.0,1.0,1.0,0.0,0,0,0,0,0,0,0,0.0,0.0,0.0,0.0
1,1400,0,dpga,fpn,0.05812295526266098,-0.0,global_ddp_mean,2,0.0,1.8541630506515503,1.8541630506515503,0.0,0.0,0.0,0.0,0.0,0.0,0.0,0.0,0.0,0.0,0.0,0.0,0.0,1.0,1.0,0.0,0,0,0,0,0,0,0,0.0,0.0,0.0,0.0
1,1400,0,dpga,rpn,0.05812295526266098,-0.0,global_ddp_mean,2,0.0,1.3505810499191284,1.3505810499191284,0.0,0.0,0.0,0.0,0.0,0.0,0.0,0.0,0.0,0.0,0.0,0.0,0.0,1.0,1.0,0.0,0,0,0,0,0,0,0,0.0,0.0,0.0,0.0
1,1400,0,dpga,roi_shared,0.05812295526266098,-0.0,global_ddp_mean,2,0.0,5.10180139541626,5.10180139541626,0.0,0.0,0.0,0.0,0.0,0.0,0.0,0.0,0.0,0.0,0.0,0.0,0.0,1.0,1.0,0.0,0,0,0,0,0,0,0,0.0,0.0,0.0,0.0
1,1400,0,dpga,roi_cls,0.05812295526266098,-0.0,global_ddp_mean,2,0.0,6.512855052947998,6.512855052947998,0.0,0.0,0.0,0.0,0.0,0.0,0.0,0.0,0.0,0.0,0.0,0.0,0.0,1.0,1.0,0.0,0,0,0,0,0,0,0,0.0,0.0,0.0,0.0
1,1400,0,dpga,roi_reg,0.05812295526266098,-0.0,global_ddp_mean,2,0.0,0.0,0.0,0.0,0.0,0.0,0.0,0.0,0.0,0.0,0.0,0.0,0.0,0.0,0.0,0.0,0.0,0.0,90.0,0,0,0,0,0,0,0,0.0,0.0,0.0,0.0
2,0,0,dpga,backbone,0.0769798755645752,0.0,global_ddp_mean,2,0.0,4.553654670715332,4.553654670715332,0.0,0.0,0.0,0.0,0.0,0.0,0.0,0.0,0.0,0.0,0.0,0.0,0.0,1.0,1.0,0.0,0,0,0,0,0,0,0,0.0,0.0,0.0,0.0
2,0,0,dpga,fpn,0.0769798755645752,0.0,global_ddp_mean,2,0.0,1.4565316438674927,1.4565316438674927,0.0,0.0,0.0,0.0,0.0,0.0,0.0,0.0,0.0,0.0,0.0,0.0,0.0,1.0,1.0,0.0,0,0,0,0,0,0,0,0.0,0.0,0.0,0.0
2,0,0,dpga,rpn,0.0769798755645752,0.0,global_ddp_mean,2,0.0,1.1093851327896118,1.1093851327896118,0.0,0.0,0.0,0.0,0.0,0.0,0.0,0.0,0.0,0.0,0.0,0.0,0.0,1.0,1.0,0.0,0,0,0,0,0,0,0,0.0,0.0,0.0,0.0
2,0,0,dpga,roi_shared,0.0769798755645752,0.0,global_ddp_mean,2,0.0,4.0690460205078125,4.0690460205078125,0.0,0.0,0.0,0.0,0.0,0.0,0.0,0.0,0.0,0.0,0.0,0.0,0.0,1.0,1.0,0.0,0,0,0,0,0,0,0,0.0,0.0,0.0,0.0
2,0,0,dpga,roi_cls,0.0769798755645752,0.0,global_ddp_mean,2,0.0,4.955052375793457,4.955052375793457,0.0,0.0,0.0,0.0,0.0,0.0,0.0,0.0,0.0,0.0,0.0,0.0,0.0,1.0,1.0,0.0,0,0,0,0,0,0,0,0.0,0.0,0.0,0.0
2,0,0,dpga,roi_reg,0.0769798755645752,0.0,global_ddp_mean,2,0.0,0.38344085216522217,0.38344085216522217,0.0,0.0,0.0,0.0,0.0,0.0,0.0,0.0,0.0,0.0,0.0,0.0,0.0,1.0,1.0,0.0,0,0,0,0,0,0,0,0.0,0.0,0.0,0.0
2,100,0,dpga,backbone,0.31275302171707153,0.0,global_ddp_mean,2,0.0,24.384408950805664,24.384408950805664,0.0,0.0,0.0,0.0,0.0,0.0,0.0,0.0,0.0,0.0,0.0,0.0,0.0,1.0,1.0,0.0,0,0,0,0,0,0,0,0.0,0.0,0.0,0.0
2,100,0,dpga,fpn,0.31275302171707153,0.0,global_ddp_mean,2,0.0,4.188162326812744,4.188162326812744,0.0,0.0,0.0,0.0,0.0,0.0,0.0,0.0,0.0,0.0,0.0,0.0,0.0,1.0,1.0,0.0,0,0,0,0,0,0,0,0.0,0.0,0.0,0.0
2,100,0,dpga,rpn,0.31275302171707153,0.0,global_ddp_mean,2,0.0,6.755336284637451,6.755336284637451,0.0,0.0,0.0,0.0,0.0,0.0,0.0,0.0,0.0,0.0,0.0,0.0,0.0,1.0,1.0,0.0,0,0,0,0,0,0,0,0.0,0.0,0.0,0.0
2,100,0,dpga,roi_shared,0.31275302171707153,0.0,global_ddp_mean,2,0.0,7.054790496826172,7.054790496826172,0.0,0.0,0.0,0.0,0.0,0.0,0.0,0.0,0.0,0.0,0.0,0.0,0.0,1.0,1.0,0.0,0,0,0,0,0,0,0,0.0,0.0,0.0,0.0
2,100,0,dpga,roi_cls,0.31275302171707153,0.0,global_ddp_mean,2,0.0,6.791736125946045,6.791736125946045,0.0,0.0,0.0,0.0,0.0,0.0,0.0,0.0,0.0,0.0,0.0,0.0,0.0,1.0,1.0,0.0,0,0,0,0,0,0,0,0.0,0.0,0.0,0.0
2,100,0,dpga,roi_reg,0.31275302171707153,0.0,global_ddp_mean,2,0.0,1.9184226989746094,1.9184226989746094,0.0,0.0,0.0,0.0,0.0,0.0,0.0,0.0,0.0,0.0,0.0,0.0,0.0,1.0,1.0,0.0,0,0,0,0,0,0,0,0.0,0.0,0.0,0.0
2,200,0,dpga,backbone,0.028289485722780228,0.0,global_ddp_mean,2,0.0,1.386425495147705,1.386425495147705,0.0,0.0,0.0,0.0,0.0,0.0,0.0,0.0,0.0,0.0,0.0,0.0,0.0,1.0,1.0,0.0,0,0,0,0,0,0,0,0.0,0.0,0.0,0.0
2,200,0,dpga,fpn,0.028289485722780228,0.0,global_ddp_mean,2,0.0,0.2263588309288025,0.2263588309288025,0.0,0.0,0.0,0.0,0.0,0.0,0.0,0.0,0.0,0.0,0.0,0.0,0.0,1.0,1.0,0.0,0,0,0,0,0,0,0,0.0,0.0,0.0,0.0
2,200,0,dpga,rpn,0.028289485722780228,0.0,global_ddp_mean,2,0.0,0.34139198064804077,0.34139198064804077,0.0,0.0,0.0,0.0,0.0,0.0,0.0,0.0,0.0,0.0,0.0,0.0,0.0,1.0,1.0,0.0,0,0,0,0,0,0,0,0.0,0.0,0.0,0.0
2,200,0,dpga,roi_shared,0.028289485722780228,0.0,global_ddp_mean,2,0.0,0.5093146562576294,0.5093146562576294,0.0,0.0,0.0,0.0,0.0,0.0,0.0,0.0,0.0,0.0,0.0,0.0,0.0,1.0,1.0,0.0,0,0,0,0,0,0,0,0.0,0.0,0.0,0.0
2,200,0,dpga,roi_cls,0.028289485722780228,0.0,global_ddp_mean,2,0.0,0.6331023573875427,0.6331023573875427,0.0,0.0,0.0,0.0,0.0,0.0,0.0,0.0,0.0,0.0,0.0,0.0,0.0,1.0,1.0,0.0,0,0,0,0,0,0,0,0.0,0.0,0.0,0.0
2,200,0,dpga,roi_reg,0.028289485722780228,0.0,global_ddp_mean,2,0.0,0.0,0.0,0.0,0.0,0.0,0.0,0.0,0.0,0.0,0.0,0.0,0.0,0.0,0.0,0.0,0.0,0.0,90.0,0,0,0,0,0,0,0,0.0,0.0,0.0,0.0
2,300,0,dpga,backbone,0.05731285363435745,-0.0,global_ddp_mean,2,0.0,4.773897647857666,4.773897647857666,0.0,0.0,0.0,0.0,0.0,0.0,0.0,0.0,0.0,0.0,0.0,0.0,0.0,1.0,1.0,0.0,0,0,0,0,0,0,0,0.0,0.0,0.0,0.0
2,300,0,dpga,fpn,0.05731285363435745,-0.0,global_ddp_mean,2,0.0,0.9817914962768555,0.9817914962768555,0.0,0.0,0.0,0.0,0.0,0.0,0.0,0.0,0.0,0.0,0.0,0.0,0.0,1.0,1.0,0.0,0,0,0,0,0,0,0,0.0,0.0,0.0,0.0
2,300,0,dpga,rpn,0.05731285363435745,-0.0,global_ddp_mean,2,0.0,1.539128065109253,1.539128065109253,0.0,0.0,0.0,0.0,0.0,0.0,0.0,0.0,0.0,0.0,0.0,0.0,0.0,1.0,1.0,0.0,0,0,0,0,0,0,0,0.0,0.0,0.0,0.0
2,300,0,dpga,roi_shared,0.05731285363435745,-0.0,global_ddp_mean,2,0.0,2.201139211654663,2.201139211654663,0.0,0.0,0.0,0.0,0.0,0.0,0.0,0.0,0.0,0.0,0.0,0.0,0.0,1.0,1.0,0.0,0,0,0,0,0,0,0,0.0,0.0,0.0,0.0
2,300,0,dpga,roi_cls,0.05731285363435745,-0.0,global_ddp_mean,2,0.0,2.9355013370513916,2.9355013370513916,0.0,0.0,0.0,0.0,0.0,0.0,0.0,0.0,0.0,0.0,0.0,0.0,0.0,1.0,1.0,0.0,0,0,0,0,0,0,0,0.0,0.0,0.0,0.0
2,300,0,dpga,roi_reg,0.05731285363435745,-0.0,global_ddp_mean,2,0.0,0.24489325284957886,0.24489325284957886,0.0,0.0,0.0,0.0,0.0,0.0,0.0,0.0,0.0,0.0,0.0,0.0,0.0,1.0,1.0,0.0,0,0,0,0,0,0,0,0.0,0.0,0.0,0.0
2,400,0,dpga,backbone,0.27839401364326477,0.0,global_ddp_mean,2,0.0,7.589178085327148,7.589178085327148,0.0,0.0,0.0,0.0,0.0,0.0,0.0,0.0,0.0,0.0,0.0,0.0,0.0,1.0,1.0,0.0,0,0,0,0,0,0,0,0.0,0.0,0.0,0.0
2,400,0,dpga,fpn,0.27839401364326477,0.0,global_ddp_mean,2,0.0,1.9983352422714233,1.9983352422714233,0.0,0.0,0.0,0.0,0.0,0.0,0.0,0.0,0.0,0.0,0.0,0.0,0.0,1.0,1.0,0.0,0,0,0,0,0,0,0,0.0,0.0,0.0,0.0
2,400,0,dpga,rpn,0.27839401364326477,0.0,global_ddp_mean,2,0.0,6.365025520324707,6.365025520324707,0.0,0.0,0.0,0.0,0.0,0.0,0.0,0.0,0.0,0.0,0.0,0.0,0.0,1.0,1.0,0.0,0,0,0,0,0,0,0,0.0,0.0,0.0,0.0
2,400,0,dpga,roi_shared,0.27839401364326477,0.0,global_ddp_mean,2,0.0,1.3470418453216553,1.3470418453216553,0.0,0.0,0.0,0.0,0.0,0.0,0.0,0.0,0.0,0.0,0.0,0.0,0.0,1.0,1.0,0.0,0,0,0,0,0,0,0,0.0,0.0,0.0,0.0
2,400,0,dpga,roi_cls,0.27839401364326477,0.0,global_ddp_mean,2,0.0,1.2545464038848877,1.2545464038848877,0.0,0.0,0.0,0.0,0.0,0.0,0.0,0.0,0.0,0.0,0.0,0.0,0.0,1.0,1.0,0.0,0,0,0,0,0,0,0,0.0,0.0,0.0,0.0
2,400,0,dpga,roi_reg,0.27839401364326477,0.0,global_ddp_mean,2,0.0,0.804976761341095,0.804976761341095,0.0,0.0,0.0,0.0,0.0,0.0,0.0,0.0,0.0,0.0,0.0,0.0,0.0,1.0,1.0,0.0,0,0,0,0,0,0,0,0.0,0.0,0.0,0.0
2,500,0,dpga,backbone,0.7371097207069397,-0.0,global_ddp_mean,2,0.0,34.7062873840332,34.7062873840332,0.0,0.0,0.0,0.0,0.0,0.0,0.0,0.0,0.0,0.0,0.0,0.0,0.0,1.0,1.0,0.0,0,0,0,0,0,0,0,0.0,0.0,0.0,0.0
2,500,0,dpga,fpn,0.7371097207069397,-0.0,global_ddp_mean,2,0.0,7.44148588180542,7.44148588180542,0.0,0.0,0.0,0.0,0.0,0.0,0.0,0.0,0.0,0.0,0.0,0.0,0.0,1.0,1.0,0.0,0,0,0,0,0,0,0,0.0,0.0,0.0,0.0
2,500,0,dpga,rpn,0.7371097207069397,-0.0,global_ddp_mean,2,0.0,11.916898727416992,11.916898727416992,0.0,0.0,0.0,0.0,0.0,0.0,0.0,0.0,0.0,0.0,0.0,0.0,0.0,1.0,1.0,0.0,0,0,0,0,0,0,0,0.0,0.0,0.0,0.0
2,500,0,dpga,roi_shared,0.7371097207069397,-0.0,global_ddp_mean,2,0.0,17.276151657104492,17.276151657104492,0.0,0.0,0.0,0.0,0.0,0.0,0.0,0.0,0.0,0.0,0.0,0.0,0.0,1.0,1.0,0.0,0,0,0,0,0,0,0,0.0,0.0,0.0,0.0
2,500,0,dpga,roi_cls,0.7371097207069397,-0.0,global_ddp_mean,2,0.0,19.150150299072266,19.150150299072266,0.0,0.0,0.0,0.0,0.0,0.0,0.0,0.0,0.0,0.0,0.0,0.0,0.0,1.0,1.0,0.0,0,0,0,0,0,0,0,0.0,0.0,0.0,0.0
2,500,0,dpga,roi_reg,0.7371097207069397,-0.0,global_ddp_mean,2,0.0,6.348949909210205,6.348949909210205,0.0,0.0,0.0,0.0,0.0,0.0,0.0,0.0,0.0,0.0,0.0,0.0,0.0,1.0,1.0,0.0,0,0,0,0,0,0,0,0.0,0.0,0.0,0.0
2,600,0,dpga,backbone,0.21458323299884796,0.0,global_ddp_mean,2,0.0,9.983603477478027,9.983603477478027,0.0,0.0,0.0,0.0,0.0,0.0,0.0,0.0,0.0,0.0,0.0,0.0,0.0,1.0,1.0,0.0,0,0,0,0,0,0,0,0.0,0.0,0.0,0.0
2,600,0,dpga,fpn,0.21458323299884796,0.0,global_ddp_mean,2,0.0,2.1109752655029297,2.1109752655029297,0.0,0.0,0.0,0.0,0.0,0.0,0.0,0.0,0.0,0.0,0.0,0.0,0.0,1.0,1.0,0.0,0,0,0,0,0,0,0,0.0,0.0,0.0,0.0
2,600,0,dpga,rpn,0.21458323299884796,0.0,global_ddp_mean,2,0.0,2.842414379119873,2.842414379119873,0.0,0.0,0.0,0.0,0.0,0.0,0.0,0.0,0.0,0.0,0.0,0.0,0.0,1.0,1.0,0.0,0,0,0,0,0,0,0,0.0,0.0,0.0,0.0
2,600,0,dpga,roi_shared,0.21458323299884796,0.0,global_ddp_mean,2,0.0,5.43976354598999,5.43976354598999,0.0,0.0,0.0,0.0,0.0,0.0,0.0,0.0,0.0,0.0,0.0,0.0,0.0,1.0,1.0,0.0,0,0,0,0,0,0,0,0.0,0.0,0.0,0.0
2,600,0,dpga,roi_cls,0.21458323299884796,0.0,global_ddp_mean,2,0.0,5.817202091217041,5.817202091217041,0.0,0.0,0.0,0.0,0.0,0.0,0.0,0.0,0.0,0.0,0.0,0.0,0.0,1.0,1.0,0.0,0,0,0,0,0,0,0,0.0,0.0,0.0,0.0
2,600,0,dpga,roi_reg,0.21458323299884796,0.0,global_ddp_mean,2,0.0,2.1769490242004395,2.1769490242004395,0.0,0.0,0.0,0.0,0.0,0.0,0.0,0.0,0.0,0.0,0.0,0.0,0.0,1.0,1.0,0.0,0,0,0,0,0,0,0,0.0,0.0,0.0,0.0
2,700,0,dpga,backbone,0.018253671005368233,0.0,global_ddp_mean,2,0.0,11.564347267150879,11.564347267150879,0.0,0.0,0.0,0.0,0.0,0.0,0.0,0.0,0.0,0.0,0.0,0.0,0.0,1.0,1.0,0.0,0,0,0,0,0,0,0,0.0,0.0,0.0,0.0
2,700,0,dpga,fpn,0.018253671005368233,0.0,global_ddp_mean,2,0.0,2.719963312149048,2.719963312149048,0.0,0.0,0.0,0.0,0.0,0.0,0.0,0.0,0.0,0.0,0.0,0.0,0.0,1.0,1.0,0.0,0,0,0,0,0,0,0,0.0,0.0,0.0,0.0
2,700,0,dpga,rpn,0.018253671005368233,0.0,global_ddp_mean,2,0.0,2.064069986343384,2.064069986343384,0.0,0.0,0.0,0.0,0.0,0.0,0.0,0.0,0.0,0.0,0.0,0.0,0.0,1.0,1.0,0.0,0,0,0,0,0,0,0,0.0,0.0,0.0,0.0
2,700,0,dpga,roi_shared,0.018253671005368233,0.0,global_ddp_mean,2,0.0,7.320372104644775,7.320372104644775,0.0,0.0,0.0,0.0,0.0,0.0,0.0,0.0,0.0,0.0,0.0,0.0,0.0,1.0,1.0,0.0,0,0,0,0,0,0,0,0.0,0.0,0.0,0.0
2,700,0,dpga,roi_cls,0.018253671005368233,0.0,global_ddp_mean,2,0.0,8.555346488952637,8.555346488952637,0.0,0.0,0.0,0.0,0.0,0.0,0.0,0.0,0.0,0.0,0.0,0.0,0.0,1.0,1.0,0.0,0,0,0,0,0,0,0,0.0,0.0,0.0,0.0
2,700,0,dpga,roi_reg,0.018253671005368233,0.0,global_ddp_mean,2,0.0,0.08752639591693878,0.08752639591693878,0.0,0.0,0.0,0.0,0.0,0.0,0.0,0.0,0.0,0.0,0.0,0.0,0.0,1.0,1.0,0.0,0,0,0,0,0,0,0,0.0,0.0,0.0,0.0
2,800,0,dpga,backbone,0.5151959657669067,-0.0,global_ddp_mean,2,0.0,16.58510971069336,16.58510971069336,0.0,0.0,0.0,0.0,0.0,0.0,0.0,0.0,0.0,0.0,0.0,0.0,0.0,1.0,1.0,0.0,0,0,0,0,0,0,0,0.0,0.0,0.0,0.0
2,800,0,dpga,fpn,0.5151959657669067,-0.0,global_ddp_mean,2,0.0,2.8593103885650635,2.8593103885650635,0.0,0.0,0.0,0.0,0.0,0.0,0.0,0.0,0.0,0.0,0.0,0.0,0.0,1.0,1.0,0.0,0,0,0,0,0,0,0,0.0,0.0,0.0,0.0
2,800,0,dpga,rpn,0.5151959657669067,-0.0,global_ddp_mean,2,0.0,6.189289569854736,6.189289569854736,0.0,0.0,0.0,0.0,0.0,0.0,0.0,0.0,0.0,0.0,0.0,0.0,0.0,1.0,1.0,0.0,0,0,0,0,0,0,0,0.0,0.0,0.0,0.0
2,800,0,dpga,roi_shared,0.5151959657669067,-0.0,global_ddp_mean,2,0.0,4.332647323608398,4.332647323608398,0.0,0.0,0.0,0.0,0.0,0.0,0.0,0.0,0.0,0.0,0.0,0.0,0.0,1.0,1.0,0.0,0,0,0,0,0,0,0,0.0,0.0,0.0,0.0
2,800,0,dpga,roi_cls,0.5151959657669067,-0.0,global_ddp_mean,2,0.0,4.579002380371094,4.579002380371094,0.0,0.0,0.0,0.0,0.0,0.0,0.0,0.0,0.0,0.0,0.0,0.0,0.0,1.0,1.0,0.0,0,0,0,0,0,0,0,0.0,0.0,0.0,0.0
2,800,0,dpga,roi_reg,0.5151959657669067,-0.0,global_ddp_mean,2,0.0,2.1097991466522217,2.1097991466522217,0.0,0.0,0.0,0.0,0.0,0.0,0.0,0.0,0.0,0.0,0.0,0.0,0.0,1.0,1.0,0.0,0,0,0,0,0,0,0,0.0,0.0,0.0,0.0
2,900,0,dpga,backbone,0.1101560890674591,0.0,global_ddp_mean,2,0.0,11.358540534973145,11.358540534973145,0.0,0.0,0.0,0.0,0.0,0.0,0.0,0.0,0.0,0.0,0.0,0.0,0.0,1.0,1.0,0.0,0,0,0,0,0,0,0,0.0,0.0,0.0,0.0
2,900,0,dpga,fpn,0.1101560890674591,0.0,global_ddp_mean,2,0.0,1.7223769426345825,1.7223769426345825,0.0,0.0,0.0,0.0,0.0,0.0,0.0,0.0,0.0,0.0,0.0,0.0,0.0,1.0,1.0,0.0,0,0,0,0,0,0,0,0.0,0.0,0.0,0.0
2,900,0,dpga,rpn,0.1101560890674591,0.0,global_ddp_mean,2,0.0,2.9449727535247803,2.9449727535247803,0.0,0.0,0.0,0.0,0.0,0.0,0.0,0.0,0.0,0.0,0.0,0.0,0.0,1.0,1.0,0.0,0,0,0,0,0,0,0,0.0,0.0,0.0,0.0
2,900,0,dpga,roi_shared,0.1101560890674591,0.0,global_ddp_mean,2,0.0,3.0487101078033447,3.0487101078033447,0.0,0.0,0.0,0.0,0.0,0.0,0.0,0.0,0.0,0.0,0.0,0.0,0.0,1.0,1.0,0.0,0,0,0,0,0,0,0,0.0,0.0,0.0,0.0
2,900,0,dpga,roi_cls,0.1101560890674591,0.0,global_ddp_mean,2,0.0,4.13427734375,4.13427734375,0.0,0.0,0.0,0.0,0.0,0.0,0.0,0.0,0.0,0.0,0.0,0.0,0.0,1.0,1.0,0.0,0,0,0,0,0,0,0,0.0,0.0,0.0,0.0
2,900,0,dpga,roi_reg,0.1101560890674591,0.0,global_ddp_mean,2,0.0,1.0282866954803467,1.0282866954803467,0.0,0.0,0.0,0.0,0.0,0.0,0.0,0.0,0.0,0.0,0.0,0.0,0.0,1.0,1.0,0.0,0,0,0,0,0,0,0,0.0,0.0,0.0,0.0
2,1000,0,dpga,backbone,0.3621091842651367,-0.0,global_ddp_mean,2,0.0,15.98290729522705,15.98290729522705,0.0,0.0,0.0,0.0,0.0,0.0,0.0,0.0,0.0,0.0,0.0,0.0,0.0,1.0,1.0,0.0,0,0,0,0,0,0,0,0.0,0.0,0.0,0.0
2,1000,0,dpga,fpn,0.3621091842651367,-0.0,global_ddp_mean,2,0.0,3.897326946258545,3.897326946258545,0.0,0.0,0.0,0.0,0.0,0.0,0.0,0.0,0.0,0.0,0.0,0.0,0.0,1.0,1.0,0.0,0,0,0,0,0,0,0,0.0,0.0,0.0,0.0
2,1000,0,dpga,rpn,0.3621091842651367,-0.0,global_ddp_mean,2,0.0,4.468070983886719,4.468070983886719,0.0,0.0,0.0,0.0,0.0,0.0,0.0,0.0,0.0,0.0,0.0,0.0,0.0,1.0,1.0,0.0,0,0,0,0,0,0,0,0.0,0.0,0.0,0.0
2,1000,0,dpga,roi_shared,0.3621091842651367,-0.0,global_ddp_mean,2,0.0,10.294909477233887,10.294909477233887,0.0,0.0,0.0,0.0,0.0,0.0,0.0,0.0,0.0,0.0,0.0,0.0,0.0,1.0,1.0,0.0,0,0,0,0,0,0,0,0.0,0.0,0.0,0.0
2,1000,0,dpga,roi_cls,0.3621091842651367,-0.0,global_ddp_mean,2,0.0,11.56829833984375,11.56829833984375,0.0,0.0,0.0,0.0,0.0,0.0,0.0,0.0,0.0,0.0,0.0,0.0,0.0,1.0,1.0,0.0,0,0,0,0,0,0,0,0.0,0.0,0.0,0.0
2,1000,0,dpga,roi_reg,0.3621091842651367,-0.0,global_ddp_mean,2,0.0,2.4004034996032715,2.4004034996032715,0.0,0.0,0.0,0.0,0.0,0.0,0.0,0.0,0.0,0.0,0.0,0.0,0.0,1.0,1.0,0.0,0,0,0,0,0,0,0,0.0,0.0,0.0,0.0
2,1100,0,dpga,backbone,0.43514499068260193,-0.0,global_ddp_mean,2,0.0,9.305929183959961,9.305929183959961,0.0,0.0,0.0,0.0,0.0,0.0,0.0,0.0,0.0,0.0,0.0,0.0,0.0,1.0,1.0,0.0,0,0,0,0,0,0,0,0.0,0.0,0.0,0.0
2,1100,0,dpga,fpn,0.43514499068260193,-0.0,global_ddp_mean,2,0.0,1.9755886793136597,1.9755886793136597,0.0,0.0,0.0,0.0,0.0,0.0,0.0,0.0,0.0,0.0,0.0,0.0,0.0,1.0,1.0,0.0,0,0,0,0,0,0,0,0.0,0.0,0.0,0.0
2,1100,0,dpga,rpn,0.43514499068260193,-0.0,global_ddp_mean,2,0.0,2.9751365184783936,2.9751365184783936,0.0,0.0,0.0,0.0,0.0,0.0,0.0,0.0,0.0,0.0,0.0,0.0,0.0,1.0,1.0,0.0,0,0,0,0,0,0,0,0.0,0.0,0.0,0.0
2,1100,0,dpga,roi_shared,0.43514499068260193,-0.0,global_ddp_mean,2,0.0,4.304507732391357,4.304507732391357,0.0,0.0,0.0,0.0,0.0,0.0,0.0,0.0,0.0,0.0,0.0,0.0,0.0,1.0,1.0,0.0,0,0,0,0,0,0,0,0.0,0.0,0.0,0.0
2,1100,0,dpga,roi_cls,0.43514499068260193,-0.0,global_ddp_mean,2,0.0,3.2465298175811768,3.2465298175811768,0.0,0.0,0.0,0.0,0.0,0.0,0.0,0.0,0.0,0.0,0.0,0.0,0.0,1.0,1.0,0.0,0,0,0,0,0,0,0,0.0,0.0,0.0,0.0
2,1100,0,dpga,roi_reg,0.43514499068260193,-0.0,global_ddp_mean,2,0.0,5.079751491546631,5.079751491546631,0.0,0.0,0.0,0.0,0.0,0.0,0.0,0.0,0.0,0.0,0.0,0.0,0.0,1.0,1.0,0.0,0,0,0,0,0,0,0,0.0,0.0,0.0,0.0
2,1200,0,dpga,backbone,0.23500829935073853,0.0,global_ddp_mean,2,0.0,27.549182891845703,27.549182891845703,0.0,0.0,0.0,0.0,0.0,0.0,0.0,0.0,0.0,0.0,0.0,0.0,0.0,1.0,1.0,0.0,0,0,0,0,0,0,0,0.0,0.0,0.0,0.0
2,1200,0,dpga,fpn,0.23500829935073853,0.0,global_ddp_mean,2,0.0,6.547316551208496,6.547316551208496,0.0,0.0,0.0,0.0,0.0,0.0,0.0,0.0,0.0,0.0,0.0,0.0,0.0,1.0,1.0,0.0,0,0,0,0,0,0,0,0.0,0.0,0.0,0.0
2,1200,0,dpga,rpn,0.23500829935073853,0.0,global_ddp_mean,2,0.0,3.623809814453125,3.623809814453125,0.0,0.0,0.0,0.0,0.0,0.0,0.0,0.0,0.0,0.0,0.0,0.0,0.0,1.0,1.0,0.0,0,0,0,0,0,0,0,0.0,0.0,0.0,0.0
2,1200,0,dpga,roi_shared,0.23500829935073853,0.0,global_ddp_mean,2,0.0,17.55316734313965,17.55316734313965,0.0,0.0,0.0,0.0,0.0,0.0,0.0,0.0,0.0,0.0,0.0,0.0,0.0,1.0,1.0,0.0,0,0,0,0,0,0,0,0.0,0.0,0.0,0.0
2,1200,0,dpga,roi_cls,0.23500829935073853,0.0,global_ddp_mean,2,0.0,19.56795310974121,19.56795310974121,0.0,0.0,0.0,0.0,0.0,0.0,0.0,0.0,0.0,0.0,0.0,0.0,0.0,1.0,1.0,0.0,0,0,0,0,0,0,0,0.0,0.0,0.0,0.0
2,1200,0,dpga,roi_reg,0.23500829935073853,0.0,global_ddp_mean,2,0.0,2.741302728652954,2.741302728652954,0.0,0.0,0.0,0.0,0.0,0.0,0.0,0.0,0.0,0.0,0.0,0.0,0.0,1.0,1.0,0.0,0,0,0,0,0,0,0,0.0,0.0,0.0,0.0
2,1300,0,dpga,backbone,0.2514142394065857,-0.0,global_ddp_mean,2,0.0,13.567692756652832,13.567692756652832,0.0,0.0,0.0,0.0,0.0,0.0,0.0,0.0,0.0,0.0,0.0,0.0,0.0,1.0,1.0,0.0,0,0,0,0,0,0,0,0.0,0.0,0.0,0.0
2,1300,0,dpga,fpn,0.2514142394065857,-0.0,global_ddp_mean,2,0.0,1.754579782485962,1.754579782485962,0.0,0.0,0.0,0.0,0.0,0.0,0.0,0.0,0.0,0.0,0.0,0.0,0.0,1.0,1.0,0.0,0,0,0,0,0,0,0,0.0,0.0,0.0,0.0
2,1300,0,dpga,rpn,0.2514142394065857,-0.0,global_ddp_mean,2,0.0,2.279555082321167,2.279555082321167,0.0,0.0,0.0,0.0,0.0,0.0,0.0,0.0,0.0,0.0,0.0,0.0,0.0,1.0,1.0,0.0,0,0,0,0,0,0,0,0.0,0.0,0.0,0.0
2,1300,0,dpga,roi_shared,0.2514142394065857,-0.0,global_ddp_mean,2,0.0,4.239892482757568,4.239892482757568,0.0,0.0,0.0,0.0,0.0,0.0,0.0,0.0,0.0,0.0,0.0,0.0,0.0,1.0,1.0,0.0,0,0,0,0,0,0,0,0.0,0.0,0.0,0.0
2,1300,0,dpga,roi_cls,0.2514142394065857,-0.0,global_ddp_mean,2,0.0,3.975076913833618,3.975076913833618,0.0,0.0,0.0,0.0,0.0,0.0,0.0,0.0,0.0,0.0,0.0,0.0,0.0,1.0,1.0,0.0,0,0,0,0,0,0,0,0.0,0.0,0.0,0.0
2,1300,0,dpga,roi_reg,0.2514142394065857,-0.0,global_ddp_mean,2,0.0,2.470221996307373,2.470221996307373,0.0,0.0,0.0,0.0,0.0,0.0,0.0,0.0,0.0,0.0,0.0,0.0,0.0,1.0,1.0,0.0,0,0,0,0,0,0,0,0.0,0.0,0.0,0.0
2,1400,0,dpga,backbone,0.36954694986343384,0.0,global_ddp_mean,2,0.0,8.120495796203613,8.120495796203613,0.0,0.0,0.0,0.0,0.0,0.0,0.0,0.0,0.0,0.0,0.0,0.0,0.0,1.0,1.0,0.0,0,0,0,0,0,0,0,0.0,0.0,0.0,0.0
2,1400,0,dpga,fpn,0.36954694986343384,0.0,global_ddp_mean,2,0.0,1.435266375541687,1.435266375541687,0.0,0.0,0.0,0.0,0.0,0.0,0.0,0.0,0.0,0.0,0.0,0.0,0.0,1.0,1.0,0.0,0,0,0,0,0,0,0,0.0,0.0,0.0,0.0
2,1400,0,dpga,rpn,0.36954694986343384,0.0,global_ddp_mean,2,0.0,2.6721351146698,2.6721351146698,0.0,0.0,0.0,0.0,0.0,0.0,0.0,0.0,0.0,0.0,0.0,0.0,0.0,1.0,1.0,0.0,0,0,0,0,0,0,0,0.0,0.0,0.0,0.0
2,1400,0,dpga,roi_shared,0.36954694986343384,0.0,global_ddp_mean,2,0.0,3.0883231163024902,3.0883231163024902,0.0,0.0,0.0,0.0,0.0,0.0,0.0,0.0,0.0,0.0,0.0,0.0,0.0,1.0,1.0,0.0,0,0,0,0,0,0,0,0.0,0.0,0.0,0.0
2,1400,0,dpga,roi_cls,0.36954694986343384,0.0,global_ddp_mean,2,0.0,2.66329026222229,2.66329026222229,0.0,0.0,0.0,0.0,0.0,0.0,0.0,0.0,0.0,0.0,0.0,0.0,0.0,1.0,1.0,0.0,0,0,0,0,0,0,0,0.0,0.0,0.0,0.0
2,1400,0,dpga,roi_reg,0.36954694986343384,0.0,global_ddp_mean,2,0.0,2.664381742477417,2.664381742477417,0.0,0.0,0.0,0.0,0.0,0.0,0.0,0.0,0.0,0.0,0.0,0.0,0.0,1.0,1.0,0.0,0,0,0,0,0,0,0,0.0,0.0,0.0,0.0
3,0,0,dpga,backbone,0.20232602953910828,0.0,global_ddp_mean,2,0.0,7.154415130615234,7.154415130615234,0.0,0.0,0.0,0.0,0.0,0.0,0.0,0.0,0.0,0.0,0.0,0.0,0.0,1.0,1.0,0.0,0,0,0,0,0,0,0,0.0,0.0,0.0,0.0
3,0,0,dpga,fpn,0.20232602953910828,0.0,global_ddp_mean,2,0.0,0.9108012914657593,0.9108012914657593,0.0,0.0,0.0,0.0,0.0,0.0,0.0,0.0,0.0,0.0,0.0,0.0,0.0,1.0,1.0,0.0,0,0,0,0,0,0,0,0.0,0.0,0.0,0.0
3,0,0,dpga,rpn,0.20232602953910828,0.0,global_ddp_mean,2,0.0,1.498534917831421,1.498534917831421,0.0,0.0,0.0,0.0,0.0,0.0,0.0,0.0,0.0,0.0,0.0,0.0,0.0,1.0,1.0,0.0,0,0,0,0,0,0,0,0.0,0.0,0.0,0.0
3,0,0,dpga,roi_shared,0.20232602953910828,0.0,global_ddp_mean,2,0.0,2.042001724243164,2.042001724243164,0.0,0.0,0.0,0.0,0.0,0.0,0.0,0.0,0.0,0.0,0.0,0.0,0.0,1.0,1.0,0.0,0,0,0,0,0,0,0,0.0,0.0,0.0,0.0
3,0,0,dpga,roi_cls,0.20232602953910828,0.0,global_ddp_mean,2,0.0,2.1613194942474365,2.1613194942474365,0.0,0.0,0.0,0.0,0.0,0.0,0.0,0.0,0.0,0.0,0.0,0.0,0.0,1.0,1.0,0.0,0,0,0,0,0,0,0,0.0,0.0,0.0,0.0
3,0,0,dpga,roi_reg,0.20232602953910828,0.0,global_ddp_mean,2,0.0,0.8347448706626892,0.8347448706626892,0.0,0.0,0.0,0.0,0.0,0.0,0.0,0.0,0.0,0.0,0.0,0.0,0.0,1.0,1.0,0.0,0,0,0,0,0,0,0,0.0,0.0,0.0,0.0
3,100,0,dpga,backbone,0.040352433919906616,-0.0,global_ddp_mean,2,0.0,28.8662166595459,28.8662166595459,0.0,0.0,0.0,0.0,0.0,0.0,0.0,0.0,0.0,0.0,0.0,0.0,0.0,1.0,1.0,0.0,0,0,0,0,0,0,0,0.0,0.0,0.0,0.0
3,100,0,dpga,fpn,0.040352433919906616,-0.0,global_ddp_mean,2,0.0,2.3301210403442383,2.3301210403442383,0.0,0.0,0.0,0.0,0.0,0.0,0.0,0.0,0.0,0.0,0.0,0.0,0.0,1.0,1.0,0.0,0,0,0,0,0,0,0,0.0,0.0,0.0,0.0
3,100,0,dpga,rpn,0.040352433919906616,-0.0,global_ddp_mean,2,0.0,5.781085014343262,5.781085014343262,0.0,0.0,0.0,0.0,0.0,0.0,0.0,0.0,0.0,0.0,0.0,0.0,0.0,1.0,1.0,0.0,0,0,0,0,0,0,0,0.0,0.0,0.0,0.0
3,100,0,dpga,roi_shared,0.040352433919906616,-0.0,global_ddp_mean,2,0.0,3.8049631118774414,3.8049631118774414,0.0,0.0,0.0,0.0,0.0,0.0,0.0,0.0,0.0,0.0,0.0,0.0,0.0,1.0,1.0,0.0,0,0,0,0,0,0,0,0.0,0.0,0.0,0.0
3,100,0,dpga,roi_cls,0.040352433919906616,-0.0,global_ddp_mean,2,0.0,2.9913289546966553,2.9913289546966553,0.0,0.0,0.0,0.0,0.0,0.0,0.0,0.0,0.0,0.0,0.0,0.0,0.0,1.0,1.0,0.0,0,0,0,0,0,0,0,0.0,0.0,0.0,0.0
3,100,0,dpga,roi_reg,0.040352433919906616,-0.0,global_ddp_mean,2,0.0,1.4450268745422363,1.4450268745422363,0.0,0.0,0.0,0.0,0.0,0.0,0.0,0.0,0.0,0.0,0.0,0.0,0.0,1.0,1.0,0.0,0,0,0,0,0,0,0,0.0,0.0,0.0,0.0
3,200,0,dpga,backbone,0.016235988587141037,0.0,global_ddp_mean,2,0.0,9.2710542678833,9.2710542678833,0.0,0.0,0.0,0.0,0.0,0.0,0.0,0.0,0.0,0.0,0.0,0.0,0.0,1.0,1.0,0.0,0,0,0,0,0,0,0,0.0,0.0,0.0,0.0
3,200,0,dpga,fpn,0.016235988587141037,0.0,global_ddp_mean,2,0.0,1.9521006345748901,1.9521006345748901,0.0,0.0,0.0,0.0,0.0,0.0,0.0,0.0,0.0,0.0,0.0,0.0,0.0,1.0,1.0,0.0,0,0,0,0,0,0,0,0.0,0.0,0.0,0.0
3,200,0,dpga,rpn,0.016235988587141037,0.0,global_ddp_mean,2,0.0,2.0322751998901367,2.0322751998901367,0.0,0.0,0.0,0.0,0.0,0.0,0.0,0.0,0.0,0.0,0.0,0.0,0.0,1.0,1.0,0.0,0,0,0,0,0,0,0,0.0,0.0,0.0,0.0
3,200,0,dpga,roi_shared,0.016235988587141037,0.0,global_ddp_mean,2,0.0,4.789982318878174,4.789982318878174,0.0,0.0,0.0,0.0,0.0,0.0,0.0,0.0,0.0,0.0,0.0,0.0,0.0,1.0,1.0,0.0,0,0,0,0,0,0,0,0.0,0.0,0.0,0.0
3,200,0,dpga,roi_cls,0.016235988587141037,0.0,global_ddp_mean,2,0.0,5.183414459228516,5.183414459228516,0.0,0.0,0.0,0.0,0.0,0.0,0.0,0.0,0.0,0.0,0.0,0.0,0.0,1.0,1.0,0.0,0,0,0,0,0,0,0,0.0,0.0,0.0,0.0
3,200,0,dpga,roi_reg,0.016235988587141037,0.0,global_ddp_mean,2,0.0,0.07246440649032593,0.07246440649032593,0.0,0.0,0.0,0.0,0.0,0.0,0.0,0.0,0.0,0.0,0.0,0.0,0.0,1.0,1.0,0.0,0,0,0,0,0,0,0,0.0,0.0,0.0,0.0
3,300,0,dpga,backbone,1.4355878829956055,0.0,global_ddp_mean,2,0.0,40.094825744628906,40.094825744628906,0.0,0.0,0.0,0.0,0.0,0.0,0.0,0.0,0.0,0.0,0.0,0.0,0.0,1.0,1.0,0.0,0,0,0,0,0,0,0,0.0,0.0,0.0,0.0
3,300,0,dpga,fpn,1.4355878829956055,0.0,global_ddp_mean,2,0.0,11.091666221618652,11.091666221618652,0.0,0.0,0.0,0.0,0.0,0.0,0.0,0.0,0.0,0.0,0.0,0.0,0.0,1.0,1.0,0.0,0,0,0,0,0,0,0,0.0,0.0,0.0,0.0
3,300,0,dpga,rpn,1.4355878829956055,0.0,global_ddp_mean,2,0.0,11.156720161437988,11.156720161437988,0.0,0.0,0.0,0.0,0.0,0.0,0.0,0.0,0.0,0.0,0.0,0.0,0.0,1.0,1.0,0.0,0,0,0,0,0,0,0,0.0,0.0,0.0,0.0
3,300,0,dpga,roi_shared,1.4355878829956055,0.0,global_ddp_mean,2,0.0,26.748266220092773,26.748266220092773,0.0,0.0,0.0,0.0,0.0,0.0,0.0,0.0,0.0,0.0,0.0,0.0,0.0,1.0,1.0,0.0,0,0,0,0,0,0,0,0.0,0.0,0.0,0.0
3,300,0,dpga,roi_cls,1.4355878829956055,0.0,global_ddp_mean,2,0.0,28.452293395996094,28.452293395996094,0.0,0.0,0.0,0.0,0.0,0.0,0.0,0.0,0.0,0.0,0.0,0.0,0.0,1.0,1.0,0.0,0,0,0,0,0,0,0,0.0,0.0,0.0,0.0
3,300,0,dpga,roi_reg,1.4355878829956055,0.0,global_ddp_mean,2,0.0,11.180427551269531,11.180427551269531,0.0,0.0,0.0,0.0,0.0,0.0,0.0,0.0,0.0,0.0,0.0,0.0,0.0,1.0,1.0,0.0,0,0,0,0,0,0,0,0.0,0.0,0.0,0.0
3,400,0,dpga,backbone,0.07063248753547668,-0.0,global_ddp_mean,2,0.0,10.767982482910156,10.767982482910156,0.0,0.0,0.0,0.0,0.0,0.0,0.0,0.0,0.0,0.0,0.0,0.0,0.0,1.0,1.0,0.0,0,0,0,0,0,0,0,0.0,0.0,0.0,0.0
3,400,0,dpga,fpn,0.07063248753547668,-0.0,global_ddp_mean,2,0.0,3.4973886013031006,3.4973886013031006,0.0,0.0,0.0,0.0,0.0,0.0,0.0,0.0,0.0,0.0,0.0,0.0,0.0,1.0,1.0,0.0,0,0,0,0,0,0,0,0.0,0.0,0.0,0.0
3,400,0,dpga,rpn,0.07063248753547668,-0.0,global_ddp_mean,2,0.0,2.5246596336364746,2.5246596336364746,0.0,0.0,0.0,0.0,0.0,0.0,0.0,0.0,0.0,0.0,0.0,0.0,0.0,1.0,1.0,0.0,0,0,0,0,0,0,0,0.0,0.0,0.0,0.0
3,400,0,dpga,roi_shared,0.07063248753547668,-0.0,global_ddp_mean,2,0.0,8.975570678710938,8.975570678710938,0.0,0.0,0.0,0.0,0.0,0.0,0.0,0.0,0.0,0.0,0.0,0.0,0.0,1.0,1.0,0.0,0,0,0,0,0,0,0,0.0,0.0,0.0,0.0
3,400,0,dpga,roi_cls,0.07063248753547668,-0.0,global_ddp_mean,2,0.0,8.227022171020508,8.227022171020508,0.0,0.0,0.0,0.0,0.0,0.0,0.0,0.0,0.0,0.0,0.0,0.0,0.0,1.0,1.0,0.0,0,0,0,0,0,0,0,0.0,0.0,0.0,0.0
3,400,0,dpga,roi_reg,0.07063248753547668,-0.0,global_ddp_mean,2,0.0,4.021507263183594,4.021507263183594,0.0,0.0,0.0,0.0,0.0,0.0,0.0,0.0,0.0,0.0,0.0,0.0,0.0,1.0,1.0,0.0,0,0,0,0,0,0,0,0.0,0.0,0.0,0.0
3,500,0,dpga,backbone,1.0086755752563477,0.0,global_ddp_mean,2,0.0,31.558992385864258,31.558992385864258,0.0,0.0,0.0,0.0,0.0,0.0,0.0,0.0,0.0,0.0,0.0,0.0,0.0,1.0,1.0,0.0,0,0,0,0,0,0,0,0.0,0.0,0.0,0.0
3,500,0,dpga,fpn,1.0086755752563477,0.0,global_ddp_mean,2,0.0,11.057673454284668,11.057673454284668,0.0,0.0,0.0,0.0,0.0,0.0,0.0,0.0,0.0,0.0,0.0,0.0,0.0,1.0,1.0,0.0,0,0,0,0,0,0,0,0.0,0.0,0.0,0.0
3,500,0,dpga,rpn,1.0086755752563477,0.0,global_ddp_mean,2,0.0,9.287884712219238,9.287884712219238,0.0,0.0,0.0,0.0,0.0,0.0,0.0,0.0,0.0,0.0,0.0,0.0,0.0,1.0,1.0,0.0,0,0,0,0,0,0,0,0.0,0.0,0.0,0.0
3,500,0,dpga,roi_shared,1.0086755752563477,0.0,global_ddp_mean,2,0.0,28.4066219329834,28.4066219329834,0.0,0.0,0.0,0.0,0.0,0.0,0.0,0.0,0.0,0.0,0.0,0.0,0.0,1.0,1.0,0.0,0,0,0,0,0,0,0,0.0,0.0,0.0,0.0
3,500,0,dpga,roi_cls,1.0086755752563477,0.0,global_ddp_mean,2,0.0,31.953895568847656,31.953895568847656,0.0,0.0,0.0,0.0,0.0,0.0,0.0,0.0,0.0,0.0,0.0,0.0,0.0,1.0,1.0,0.0,0,0,0,0,0,0,0,0.0,0.0,0.0,0.0
3,500,0,dpga,roi_reg,1.0086755752563477,0.0,global_ddp_mean,2,0.0,15.714152336120605,15.714152336120605,0.0,0.0,0.0,0.0,0.0,0.0,0.0,0.0,0.0,0.0,0.0,0.0,0.0,1.0,1.0,0.0,0,0,0,0,0,0,0,0.0,0.0,0.0,0.0
3,600,0,dpga,backbone,0.789960503578186,-0.0,global_ddp_mean,2,0.0,14.105384826660156,14.105384826660156,0.0,0.0,0.0,0.0,0.0,0.0,0.0,0.0,0.0,0.0,0.0,0.0,0.0,1.0,1.0,0.0,0,0,0,0,0,0,0,0.0,0.0,0.0,0.0
3,600,0,dpga,fpn,0.789960503578186,-0.0,global_ddp_mean,2,0.0,3.439688205718994,3.439688205718994,0.0,0.0,0.0,0.0,0.0,0.0,0.0,0.0,0.0,0.0,0.0,0.0,0.0,1.0,1.0,0.0,0,0,0,0,0,0,0,0.0,0.0,0.0,0.0
3,600,0,dpga,rpn,0.789960503578186,-0.0,global_ddp_mean,2,0.0,4.938396453857422,4.938396453857422,0.0,0.0,0.0,0.0,0.0,0.0,0.0,0.0,0.0,0.0,0.0,0.0,0.0,1.0,1.0,0.0,0,0,0,0,0,0,0,0.0,0.0,0.0,0.0
3,600,0,dpga,roi_shared,0.789960503578186,-0.0,global_ddp_mean,2,0.0,7.832094669342041,7.832094669342041,0.0,0.0,0.0,0.0,0.0,0.0,0.0,0.0,0.0,0.0,0.0,0.0,0.0,1.0,1.0,0.0,0,0,0,0,0,0,0,0.0,0.0,0.0,0.0
3,600,0,dpga,roi_cls,0.789960503578186,-0.0,global_ddp_mean,2,0.0,5.344971179962158,5.344971179962158,0.0,0.0,0.0,0.0,0.0,0.0,0.0,0.0,0.0,0.0,0.0,0.0,0.0,1.0,1.0,0.0,0,0,0,0,0,0,0,0.0,0.0,0.0,0.0
3,600,0,dpga,roi_reg,0.789960503578186,-0.0,global_ddp_mean,2,0.0,9.392623901367188,9.392623901367188,0.0,0.0,0.0,0.0,0.0,0.0,0.0,0.0,0.0,0.0,0.0,0.0,0.0,1.0,1.0,0.0,0,0,0,0,0,0,0,0.0,0.0,0.0,0.0
3,700,0,dpga,backbone,0.04015548154711723,0.0,global_ddp_mean,2,0.0,17.422773361206055,17.422773361206055,0.0,0.0,0.0,0.0,0.0,0.0,0.0,0.0,0.0,0.0,0.0,0.0,0.0,1.0,1.0,0.0,0,0,0,0,0,0,0,0.0,0.0,0.0,0.0
3,700,0,dpga,fpn,0.04015548154711723,0.0,global_ddp_mean,2,0.0,2.5239269733428955,2.5239269733428955,0.0,0.0,0.0,0.0,0.0,0.0,0.0,0.0,0.0,0.0,0.0,0.0,0.0,1.0,1.0,0.0,0,0,0,0,0,0,0,0.0,0.0,0.0,0.0
3,700,0,dpga,rpn,0.04015548154711723,0.0,global_ddp_mean,2,0.0,4.616433143615723,4.616433143615723,0.0,0.0,0.0,0.0,0.0,0.0,0.0,0.0,0.0,0.0,0.0,0.0,0.0,1.0,1.0,0.0,0,0,0,0,0,0,0,0.0,0.0,0.0,0.0
3,700,0,dpga,roi_shared,0.04015548154711723,0.0,global_ddp_mean,2,0.0,5.323363304138184,5.323363304138184,0.0,0.0,0.0,0.0,0.0,0.0,0.0,0.0,0.0,0.0,0.0,0.0,0.0,1.0,1.0,0.0,0,0,0,0,0,0,0,0.0,0.0,0.0,0.0
3,700,0,dpga,roi_cls,0.04015548154711723,0.0,global_ddp_mean,2,0.0,5.687387466430664,5.687387466430664,0.0,0.0,0.0,0.0,0.0,0.0,0.0,0.0,0.0,0.0,0.0,0.0,0.0,1.0,1.0,0.0,0,0,0,0,0,0,0,0.0,0.0,0.0,0.0
3,700,0,dpga,roi_reg,0.04015548154711723,0.0,global_ddp_mean,2,0.0,3.2612178325653076,3.2612178325653076,0.0,0.0,0.0,0.0,0.0,0.0,0.0,0.0,0.0,0.0,0.0,0.0,0.0,1.0,1.0,0.0,0,0,0,0,0,0,0,0.0,0.0,0.0,0.0
3,800,0,dpga,backbone,0.4450666308403015,0.0,global_ddp_mean,2,0.0,8.185331344604492,8.185331344604492,0.0,0.0,0.0,0.0,0.0,0.0,0.0,0.0,0.0,0.0,0.0,0.0,0.0,1.0,1.0,0.0,0,0,0,0,0,0,0,0.0,0.0,0.0,0.0
3,800,0,dpga,fpn,0.4450666308403015,0.0,global_ddp_mean,2,0.0,1.8443816900253296,1.8443816900253296,0.0,0.0,0.0,0.0,0.0,0.0,0.0,0.0,0.0,0.0,0.0,0.0,0.0,1.0,1.0,0.0,0,0,0,0,0,0,0,0.0,0.0,0.0,0.0
3,800,0,dpga,rpn,0.4450666308403015,0.0,global_ddp_mean,2,0.0,3.7307443618774414,3.7307443618774414,0.0,0.0,0.0,0.0,0.0,0.0,0.0,0.0,0.0,0.0,0.0,0.0,0.0,1.0,1.0,0.0,0,0,0,0,0,0,0,0.0,0.0,0.0,0.0
3,800,0,dpga,roi_shared,0.4450666308403015,0.0,global_ddp_mean,2,0.0,4.576165676116943,4.576165676116943,0.0,0.0,0.0,0.0,0.0,0.0,0.0,0.0,0.0,0.0,0.0,0.0,0.0,1.0,1.0,0.0,0,0,0,0,0,0,0,0.0,0.0,0.0,0.0
3,800,0,dpga,roi_cls,0.4450666308403015,0.0,global_ddp_mean,2,0.0,4.252717971801758,4.252717971801758,0.0,0.0,0.0,0.0,0.0,0.0,0.0,0.0,0.0,0.0,0.0,0.0,0.0,1.0,1.0,0.0,0,0,0,0,0,0,0,0.0,0.0,0.0,0.0
3,800,0,dpga,roi_reg,0.4450666308403015,0.0,global_ddp_mean,2,0.0,2.2494559288024902,2.2494559288024902,0.0,0.0,0.0,0.0,0.0,0.0,0.0,0.0,0.0,0.0,0.0,0.0,0.0,1.0,1.0,0.0,0,0,0,0,0,0,0,0.0,0.0,0.0,0.0
3,900,0,dpga,backbone,0.4408194422721863,-0.0,global_ddp_mean,2,0.0,11.209465026855469,11.209465026855469,0.0,0.0,0.0,0.0,0.0,0.0,0.0,0.0,0.0,0.0,0.0,0.0,0.0,1.0,1.0,0.0,0,0,0,0,0,0,0,0.0,0.0,0.0,0.0
3,900,0,dpga,fpn,0.4408194422721863,-0.0,global_ddp_mean,2,0.0,2.704106330871582,2.704106330871582,0.0,0.0,0.0,0.0,0.0,0.0,0.0,0.0,0.0,0.0,0.0,0.0,0.0,1.0,1.0,0.0,0,0,0,0,0,0,0,0.0,0.0,0.0,0.0
3,900,0,dpga,rpn,0.4408194422721863,-0.0,global_ddp_mean,2,0.0,2.2288525104522705,2.2288525104522705,0.0,0.0,0.0,0.0,0.0,0.0,0.0,0.0,0.0,0.0,0.0,0.0,0.0,1.0,1.0,0.0,0,0,0,0,0,0,0,0.0,0.0,0.0,0.0
3,900,0,dpga,roi_shared,0.4408194422721863,-0.0,global_ddp_mean,2,0.0,5.9092698097229,5.9092698097229,0.0,0.0,0.0,0.0,0.0,0.0,0.0,0.0,0.0,0.0,0.0,0.0,0.0,1.0,1.0,0.0,0,0,0,0,0,0,0,0.0,0.0,0.0,0.0
3,900,0,dpga,roi_cls,0.4408194422721863,-0.0,global_ddp_mean,2,0.0,5.8006696701049805,5.8006696701049805,0.0,0.0,0.0,0.0,0.0,0.0,0.0,0.0,0.0,0.0,0.0,0.0,0.0,1.0,1.0,0.0,0,0,0,0,0,0,0,0.0,0.0,0.0,0.0
3,900,0,dpga,roi_reg,0.4408194422721863,-0.0,global_ddp_mean,2,0.0,3.8509316444396973,3.8509316444396973,0.0,0.0,0.0,0.0,0.0,0.0,0.0,0.0,0.0,0.0,0.0,0.0,0.0,1.0,1.0,0.0,0,0,0,0,0,0,0,0.0,0.0,0.0,0.0
3,1000,0,dpga,backbone,0.003773685544729233,0.0,global_ddp_mean,2,0.0,3.712696075439453,3.712696075439453,0.0,0.0,0.0,0.0,0.0,0.0,0.0,0.0,0.0,0.0,0.0,0.0,0.0,1.0,1.0,0.0,0,0,0,0,0,0,0,0.0,0.0,0.0,0.0
3,1000,0,dpga,fpn,0.003773685544729233,0.0,global_ddp_mean,2,0.0,0.6091933846473694,0.6091933846473694,0.0,0.0,0.0,0.0,0.0,0.0,0.0,0.0,0.0,0.0,0.0,0.0,0.0,1.0,1.0,0.0,0,0,0,0,0,0,0,0.0,0.0,0.0,0.0
3,1000,0,dpga,rpn,0.003773685544729233,0.0,global_ddp_mean,2,0.0,1.2941725254058838,1.2941725254058838,0.0,0.0,0.0,0.0,0.0,0.0,0.0,0.0,0.0,0.0,0.0,0.0,0.0,1.0,1.0,0.0,0,0,0,0,0,0,0,0.0,0.0,0.0,0.0
3,1000,0,dpga,roi_shared,0.003773685544729233,0.0,global_ddp_mean,2,0.0,0.8620996475219727,0.8620996475219727,0.0,0.0,0.0,0.0,0.0,0.0,0.0,0.0,0.0,0.0,0.0,0.0,0.0,1.0,1.0,0.0,0,0,0,0,0,0,0,0.0,0.0,0.0,0.0
3,1000,0,dpga,roi_cls,0.003773685544729233,0.0,global_ddp_mean,2,0.0,0.5695334672927856,0.5695334672927856,0.0,0.0,0.0,0.0,0.0,0.0,0.0,0.0,0.0,0.0,0.0,0.0,0.0,1.0,1.0,0.0,0,0,0,0,0,0,0,0.0,0.0,0.0,0.0
3,1000,0,dpga,roi_reg,0.003773685544729233,0.0,global_ddp_mean,2,0.0,0.7002790570259094,0.7002790570259094,0.0,0.0,0.0,0.0,0.0,0.0,0.0,0.0,0.0,0.0,0.0,0.0,0.0,1.0,1.0,0.0,0,0,0,0,0,0,0,0.0,0.0,0.0,0.0
3,1100,0,dpga,backbone,0.09879840910434723,-0.0,global_ddp_mean,2,0.0,10.350725173950195,10.350725173950195,0.0,0.0,0.0,0.0,0.0,0.0,0.0,0.0,0.0,0.0,0.0,0.0,0.0,1.0,1.0,0.0,0,0,0,0,0,0,0,0.0,0.0,0.0,0.0
3,1100,0,dpga,fpn,0.09879840910434723,-0.0,global_ddp_mean,2,0.0,1.5290838479995728,1.5290838479995728,0.0,0.0,0.0,0.0,0.0,0.0,0.0,0.0,0.0,0.0,0.0,0.0,0.0,1.0,1.0,0.0,0,0,0,0,0,0,0,0.0,0.0,0.0,0.0
3,1100,0,dpga,rpn,0.09879840910434723,-0.0,global_ddp_mean,2,0.0,1.510161280632019,1.510161280632019,0.0,0.0,0.0,0.0,0.0,0.0,0.0,0.0,0.0,0.0,0.0,0.0,0.0,1.0,1.0,0.0,0,0,0,0,0,0,0,0.0,0.0,0.0,0.0
3,1100,0,dpga,roi_shared,0.09879840910434723,-0.0,global_ddp_mean,2,0.0,3.5122854709625244,3.5122854709625244,0.0,0.0,0.0,0.0,0.0,0.0,0.0,0.0,0.0,0.0,0.0,0.0,0.0,1.0,1.0,0.0,0,0,0,0,0,0,0,0.0,0.0,0.0,0.0
3,1100,0,dpga,roi_cls,0.09879840910434723,-0.0,global_ddp_mean,2,0.0,3.5681397914886475,3.5681397914886475,0.0,0.0,0.0,0.0,0.0,0.0,0.0,0.0,0.0,0.0,0.0,0.0,0.0,1.0,1.0,0.0,0,0,0,0,0,0,0,0.0,0.0,0.0,0.0
3,1100,0,dpga,roi_reg,0.09879840910434723,-0.0,global_ddp_mean,2,0.0,0.6964322328567505,0.6964322328567505,0.0,0.0,0.0,0.0,0.0,0.0,0.0,0.0,0.0,0.0,0.0,0.0,0.0,1.0,1.0,0.0,0,0,0,0,0,0,0,0.0,0.0,0.0,0.0
3,1200,0,dpga,backbone,0.14399710297584534,0.0,global_ddp_mean,2,0.0,16.172481536865234,16.172481536865234,0.0,0.0,0.0,0.0,0.0,0.0,0.0,0.0,0.0,0.0,0.0,0.0,0.0,1.0,1.0,0.0,0,0,0,0,0,0,0,0.0,0.0,0.0,0.0
3,1200,0,dpga,fpn,0.14399710297584534,0.0,global_ddp_mean,2,0.0,2.936091423034668,2.936091423034668,0.0,0.0,0.0,0.0,0.0,0.0,0.0,0.0,0.0,0.0,0.0,0.0,0.0,1.0,1.0,0.0,0,0,0,0,0,0,0,0.0,0.0,0.0,0.0
3,1200,0,dpga,rpn,0.14399710297584534,0.0,global_ddp_mean,2,0.0,3.654348611831665,3.654348611831665,0.0,0.0,0.0,0.0,0.0,0.0,0.0,0.0,0.0,0.0,0.0,0.0,0.0,1.0,1.0,0.0,0,0,0,0,0,0,0,0.0,0.0,0.0,0.0
3,1200,0,dpga,roi_shared,0.14399710297584534,0.0,global_ddp_mean,2,0.0,7.1144022941589355,7.1144022941589355,0.0,0.0,0.0,0.0,0.0,0.0,0.0,0.0,0.0,0.0,0.0,0.0,0.0,1.0,1.0,0.0,0,0,0,0,0,0,0,0.0,0.0,0.0,0.0
3,1200,0,dpga,roi_cls,0.14399710297584534,0.0,global_ddp_mean,2,0.0,6.806460857391357,6.806460857391357,0.0,0.0,0.0,0.0,0.0,0.0,0.0,0.0,0.0,0.0,0.0,0.0,0.0,1.0,1.0,0.0,0,0,0,0,0,0,0,0.0,0.0,0.0,0.0
3,1200,0,dpga,roi_reg,0.14399710297584534,0.0,global_ddp_mean,2,0.0,3.5325469970703125,3.5325469970703125,0.0,0.0,0.0,0.0,0.0,0.0,0.0,0.0,0.0,0.0,0.0,0.0,0.0,1.0,1.0,0.0,0,0,0,0,0,0,0,0.0,0.0,0.0,0.0
3,1300,0,dpga,backbone,0.8365803956985474,-0.0,global_ddp_mean,2,0.0,26.13719940185547,26.13719940185547,0.0,0.0,0.0,0.0,0.0,0.0,0.0,0.0,0.0,0.0,0.0,0.0,0.0,1.0,1.0,0.0,0,0,0,0,0,0,0,0.0,0.0,0.0,0.0
3,1300,0,dpga,fpn,0.8365803956985474,-0.0,global_ddp_mean,2,0.0,6.157474994659424,6.157474994659424,0.0,0.0,0.0,0.0,0.0,0.0,0.0,0.0,0.0,0.0,0.0,0.0,0.0,1.0,1.0,0.0,0,0,0,0,0,0,0,0.0,0.0,0.0,0.0
3,1300,0,dpga,rpn,0.8365803956985474,-0.0,global_ddp_mean,2,0.0,6.5710320472717285,6.5710320472717285,0.0,0.0,0.0,0.0,0.0,0.0,0.0,0.0,0.0,0.0,0.0,0.0,0.0,1.0,1.0,0.0,0,0,0,0,0,0,0,0.0,0.0,0.0,0.0
3,1300,0,dpga,roi_shared,0.8365803956985474,-0.0,global_ddp_mean,2,0.0,12.90781307220459,12.90781307220459,0.0,0.0,0.0,0.0,0.0,0.0,0.0,0.0,0.0,0.0,0.0,0.0,0.0,1.0,1.0,0.0,0,0,0,0,0,0,0,0.0,0.0,0.0,0.0
3,1300,0,dpga,roi_cls,0.8365803956985474,-0.0,global_ddp_mean,2,0.0,12.558916091918945,12.558916091918945,0.0,0.0,0.0,0.0,0.0,0.0,0.0,0.0,0.0,0.0,0.0,0.0,0.0,1.0,1.0,0.0,0,0,0,0,0,0,0,0.0,0.0,0.0,0.0
3,1300,0,dpga,roi_reg,0.8365803956985474,-0.0,global_ddp_mean,2,0.0,7.236538410186768,7.236538410186768,0.0,0.0,0.0,0.0,0.0,0.0,0.0,0.0,0.0,0.0,0.0,0.0,0.0,1.0,1.0,0.0,0,0,0,0,0,0,0,0.0,0.0,0.0,0.0
3,1400,0,dpga,backbone,0.04648779332637787,0.0,global_ddp_mean,2,0.0,6.828644275665283,6.828644275665283,0.0,0.0,0.0,0.0,0.0,0.0,0.0,0.0,0.0,0.0,0.0,0.0,0.0,1.0,1.0,0.0,0,0,0,0,0,0,0,0.0,0.0,0.0,0.0
3,1400,0,dpga,fpn,0.04648779332637787,0.0,global_ddp_mean,2,0.0,0.9822472333908081,0.9822472333908081,0.0,0.0,0.0,0.0,0.0,0.0,0.0,0.0,0.0,0.0,0.0,0.0,0.0,1.0,1.0,0.0,0,0,0,0,0,0,0,0.0,0.0,0.0,0.0
3,1400,0,dpga,rpn,0.04648779332637787,0.0,global_ddp_mean,2,0.0,2.3150248527526855,2.3150248527526855,0.0,0.0,0.0,0.0,0.0,0.0,0.0,0.0,0.0,0.0,0.0,0.0,0.0,1.0,1.0,0.0,0,0,0,0,0,0,0,0.0,0.0,0.0,0.0
3,1400,0,dpga,roi_shared,0.04648779332637787,0.0,global_ddp_mean,2,0.0,0.0,0.0,0.0,0.0,0.0,0.0,0.0,0.0,0.0,0.0,0.0,0.0,0.0,0.0,0.0,0.0,0.0,90.0,0,0,0,0,0,0,0,0.0,0.0,0.0,0.0
3,1400,0,dpga,roi_cls,0.04648779332637787,0.0,global_ddp_mean,2,0.0,0.0,0.0,0.0,0.0,0.0,0.0,0.0,0.0,0.0,0.0,0.0,0.0,0.0,0.0,0.0,0.0,0.0,90.0,0,0,0,0,0,0,0,0.0,0.0,0.0,0.0
3,1400,0,dpga,roi_reg,0.04648779332637787,0.0,global_ddp_mean,2,0.0,0.0,0.0,0.0,0.0,0.0,0.0,0.0,0.0,0.0,0.0,0.0,0.0,0.0,0.0,0.0,0.0,0.0,90.0,0,0,0,0,0,0,0,0.0,0.0,0.0,0.0
4,0,0,dpga,backbone,0.045520439743995667,0.0,global_ddp_mean,2,0.0,3.365691900253296,3.365691900253296,0.0,0.0,0.0,0.0,0.0,0.0,0.0,0.0,0.0,0.0,0.0,0.0,0.0,1.0,1.0,0.0,0,0,0,0,0,0,0,0.0,0.0,0.0,0.0
4,0,0,dpga,fpn,0.045520439743995667,0.0,global_ddp_mean,2,0.0,0.67011559009552,0.67011559009552,0.0,0.0,0.0,0.0,0.0,0.0,0.0,0.0,0.0,0.0,0.0,0.0,0.0,1.0,1.0,0.0,0,0,0,0,0,0,0,0.0,0.0,0.0,0.0
4,0,0,dpga,rpn,0.045520439743995667,0.0,global_ddp_mean,2,0.0,0.568486213684082,0.568486213684082,0.0,0.0,0.0,0.0,0.0,0.0,0.0,0.0,0.0,0.0,0.0,0.0,0.0,1.0,1.0,0.0,0,0,0,0,0,0,0,0.0,0.0,0.0,0.0
4,0,0,dpga,roi_shared,0.045520439743995667,0.0,global_ddp_mean,2,0.0,1.51459801197052,1.51459801197052,0.0,0.0,0.0,0.0,0.0,0.0,0.0,0.0,0.0,0.0,0.0,0.0,0.0,1.0,1.0,0.0,0,0,0,0,0,0,0,0.0,0.0,0.0,0.0
4,0,0,dpga,roi_cls,0.045520439743995667,0.0,global_ddp_mean,2,0.0,1.763795018196106,1.763795018196106,0.0,0.0,0.0,0.0,0.0,0.0,0.0,0.0,0.0,0.0,0.0,0.0,0.0,1.0,1.0,0.0,0,0,0,0,0,0,0,0.0,0.0,0.0,0.0
4,0,0,dpga,roi_reg,0.045520439743995667,0.0,global_ddp_mean,2,0.0,0.05942081660032272,0.05942081660032272,0.0,0.0,0.0,0.0,0.0,0.0,0.0,0.0,0.0,0.0,0.0,0.0,0.0,1.0,1.0,0.0,0,0,0,0,0,0,0,0.0,0.0,0.0,0.0
4,100,0,dpga,backbone,0.09731639176607132,-0.0,global_ddp_mean,2,0.0,5.764660358428955,5.764660358428955,0.0,0.0,0.0,0.0,0.0,0.0,0.0,0.0,0.0,0.0,0.0,0.0,0.0,1.0,1.0,0.0,0,0,0,0,0,0,0,0.0,0.0,0.00336247478143914,0.0
4,100,0,dpga,fpn,0.09731639176607132,-0.0,global_ddp_mean,2,0.0,0.8787925839424133,0.8787925839424133,0.0,0.0,0.0,0.0,0.0,0.0,0.0,0.0,0.0,0.0,0.0,0.0,0.0,1.0,1.0,0.0,0,0,0,0,0,0,0,0.0,0.0,0.00336247478143914,0.0
4,100,0,dpga,rpn,0.09731639176607132,-0.0,global_ddp_mean,2,0.0,1.8254023790359497,1.8254023790359497,0.0,0.0,0.0,0.0,0.0,0.0,0.0,0.0,0.0,0.0,0.0,0.0,0.0,1.0,1.0,0.0,0,0,0,0,0,0,0,0.0,0.0,0.00336247478143914,0.0
4,100,0,dpga,roi_shared,0.09731639176607132,-0.0,global_ddp_mean,2,0.0,1.6208001375198364,1.6208001375198364,0.0,0.0,0.0,0.0,0.0,0.0,0.0,0.0,0.0,0.0,0.0,0.0,0.0,1.0,1.0,0.0,0,0,0,0,0,0,0,0.0,0.0,0.00336247478143914,0.0
4,100,0,dpga,roi_cls,0.09731639176607132,-0.0,global_ddp_mean,2,0.0,1.561659574508667,1.561659574508667,0.0,0.0,0.0,0.0,0.0,0.0,0.0,0.0,0.0,0.0,0.0,0.0,0.0,1.0,1.0,0.0,0,0,0,0,0,0,0,0.0,0.0,0.00336247478143914,0.0
4,100,0,dpga,roi_reg,0.09731639176607132,-0.0,global_ddp_mean,2,0.0,0.9387085437774658,0.9387085437774658,0.0,0.0,0.0,0.0,0.0,0.0,0.0,0.0,0.0,0.0,0.0,0.0,0.0,1.0,1.0,0.0,0,0,0,0,0,0,0,0.0,0.0,0.00336247478143914,0.0
4,200,0,dpga,backbone,0.4096757173538208,-0.0,global_ddp_mean,2,0.0,7.577085494995117,7.577085494995117,0.0,0.0,0.0,0.0,0.0,0.0,0.0,0.0,0.0,0.0,0.0,0.0,0.0,1.0,1.0,0.0,0,0,0,0,0,0,0,0.0,0.0,0.00672494956287828,0.0
4,200,0,dpga,fpn,0.4096757173538208,-0.0,global_ddp_mean,2,0.0,2.0236430168151855,2.0236430168151855,0.0,0.0,0.0,0.0,0.0,0.0,0.0,0.0,0.0,0.0,0.0,0.0,0.0,1.0,1.0,0.0,0,0,0,0,0,0,0,0.0,0.0,0.00672494956287828,0.0
4,200,0,dpga,rpn,0.4096757173538208,-0.0,global_ddp_mean,2,0.0,0.8891051411628723,0.8891051411628723,0.0,0.0,0.0,0.0,0.0,0.0,0.0,0.0,0.0,0.0,0.0,0.0,0.0,1.0,1.0,0.0,0,0,0,0,0,0,0,0.0,0.0,0.00672494956287828,0.0
4,200,0,dpga,roi_shared,0.4096757173538208,-0.0,global_ddp_mean,2,0.0,4.733728408813477,4.733728408813477,0.0,0.0,0.0,0.0,0.0,0.0,0.0,0.0,0.0,0.0,0.0,0.0,0.0,1.0,1.0,0.0,0,0,0,0,0,0,0,0.0,0.0,0.00672494956287828,0.0
4,200,0,dpga,roi_cls,0.4096757173538208,-0.0,global_ddp_mean,2,0.0,4.272247791290283,4.272247791290283,0.0,0.0,0.0,0.0,0.0,0.0,0.0,0.0,0.0,0.0,0.0,0.0,0.0,1.0,1.0,0.0,0,0,0,0,0,0,0,0.0,0.0,0.00672494956287828,0.0
4,200,0,dpga,roi_reg,0.4096757173538208,-0.0,global_ddp_mean,2,0.0,3.445941925048828,3.445941925048828,0.0,0.0,0.0,0.0,0.0,0.0,0.0,0.0,0.0,0.0,0.0,0.0,0.0,1.0,1.0,0.0,0,0,0,0,0,0,0,0.0,0.0,0.00672494956287828,0.0
4,300,0,dpga,backbone,0.03825370967388153,-0.0,global_ddp_mean,2,0.0,3.402297019958496,3.402297019958496,0.0,0.0,0.0,0.0,0.0,0.0,0.0,0.0,0.0,0.0,0.0,0.0,0.0,1.0,1.0,0.0,0,0,0,0,0,0,0,0.0,0.0,0.01008742434431742,0.0
4,300,0,dpga,fpn,0.03825370967388153,-0.0,global_ddp_mean,2,0.0,0.9023109078407288,0.9023109078407288,0.0,0.0,0.0,0.0,0.0,0.0,0.0,0.0,0.0,0.0,0.0,0.0,0.0,1.0,1.0,0.0,0,0,0,0,0,0,0,0.0,0.0,0.01008742434431742,0.0
4,300,0,dpga,rpn,0.03825370967388153,-0.0,global_ddp_mean,2,0.0,0.6312978267669678,0.6312978267669678,0.0,0.0,0.0,0.0,0.0,0.0,0.0,0.0,0.0,0.0,0.0,0.0,0.0,1.0,1.0,0.0,0,0,0,0,0,0,0,0.0,0.0,0.01008742434431742,0.0
4,300,0,dpga,roi_shared,0.03825370967388153,-0.0,global_ddp_mean,2,0.0,2.0131237506866455,2.0131237506866455,0.0,0.0,0.0,0.0,0.0,0.0,0.0,0.0,0.0,0.0,0.0,0.0,0.0,1.0,1.0,0.0,0,0,0,0,0,0,0,0.0,0.0,0.01008742434431742,0.0
4,300,0,dpga,roi_cls,0.03825370967388153,-0.0,global_ddp_mean,2,0.0,2.2739787101745605,2.2739787101745605,0.0,0.0,0.0,0.0,0.0,0.0,0.0,0.0,0.0,0.0,0.0,0.0,0.0,1.0,1.0,0.0,0,0,0,0,0,0,0,0.0,0.0,0.01008742434431742,0.0
4,300,0,dpga,roi_reg,0.03825370967388153,-0.0,global_ddp_mean,2,0.0,0.0361650213599205,0.0361650213599205,0.0,0.0,0.0,0.0,0.0,0.0,0.0,0.0,0.0,0.0,0.0,0.0,0.0,1.0,1.0,0.0,0,0,0,0,0,0,0,0.0,0.0,0.01008742434431742,0.0
4,400,0,dpga,backbone,0.19526754319667816,0.0,global_ddp_mean,2,0.0,4.546268463134766,4.546268463134766,0.0,0.0,0.0,0.0,0.0,0.0,0.0,0.0,0.0,0.0,0.0,0.0,0.0,1.0,1.0,0.0,0,0,0,0,0,0,0,0.0,0.0,0.01344989912575656,0.0
4,400,0,dpga,fpn,0.19526754319667816,0.0,global_ddp_mean,2,0.0,0.9826561212539673,0.9826561212539673,0.0,0.0,0.0,0.0,0.0,0.0,0.0,0.0,0.0,0.0,0.0,0.0,0.0,1.0,1.0,0.0,0,0,0,0,0,0,0,0.0,0.0,0.01344989912575656,0.0
4,400,0,dpga,rpn,0.19526754319667816,0.0,global_ddp_mean,2,0.0,2.2684059143066406,2.2684059143066406,0.0,0.0,0.0,0.0,0.0,0.0,0.0,0.0,0.0,0.0,0.0,0.0,0.0,1.0,1.0,0.0,0,0,0,0,0,0,0,0.0,0.0,0.01344989912575656,0.0
4,400,0,dpga,roi_shared,0.19526754319667816,0.0,global_ddp_mean,2,0.0,1.1982239484786987,1.1982239484786987,0.0,0.0,0.0,0.0,0.0,0.0,0.0,0.0,0.0,0.0,0.0,0.0,0.0,1.0,1.0,0.0,0,0,0,0,0,0,0,0.0,0.0,0.01344989912575656,0.0
4,400,0,dpga,roi_cls,0.19526754319667816,0.0,global_ddp_mean,2,0.0,0.7774045467376709,0.7774045467376709,0.0,0.0,0.0,0.0,0.0,0.0,0.0,0.0,0.0,0.0,0.0,0.0,0.0,1.0,1.0,0.0,0,0,0,0,0,0,0,0.0,0.0,0.01344989912575656,0.0
4,400,0,dpga,roi_reg,0.19526754319667816,0.0,global_ddp_mean,2,0.0,1.0898394584655762,1.0898394584655762,0.0,0.0,0.0,0.0,0.0,0.0,0.0,0.0,0.0,0.0,0.0,0.0,0.0,1.0,1.0,0.0,0,0,0,0,0,0,0,0.0,0.0,0.01344989912575656,0.0
4,500,0,dpga,backbone,0.11368152499198914,0.0,global_ddp_mean,2,0.0,4.126677989959717,4.126677989959717,0.0,0.0,0.0,0.0,0.0,0.0,0.0,0.0,0.0,0.0,0.0,0.0,0.0,1.0,1.0,0.0,0,0,0,0,0,0,0,0.0,0.0,0.0168123739071957,0.0
4,500,0,dpga,fpn,0.11368152499198914,0.0,global_ddp_mean,2,0.0,0.7411606907844543,0.7411606907844543,0.0,0.0,0.0,0.0,0.0,0.0,0.0,0.0,0.0,0.0,0.0,0.0,0.0,1.0,1.0,0.0,0,0,0,0,0,0,0,0.0,0.0,0.0168123739071957,0.0
4,500,0,dpga,rpn,0.11368152499198914,0.0,global_ddp_mean,2,0.0,1.7356963157653809,1.7356963157653809,0.0,0.0,0.0,0.0,0.0,0.0,0.0,0.0,0.0,0.0,0.0,0.0,0.0,1.0,1.0,0.0,0,0,0,0,0,0,0,0.0,0.0,0.0168123739071957,0.0
4,500,0,dpga,roi_shared,0.11368152499198914,0.0,global_ddp_mean,2,0.0,1.5583158731460571,1.5583158731460571,0.0,0.0,0.0,0.0,0.0,0.0,0.0,0.0,0.0,0.0,0.0,0.0,0.0,1.0,1.0,0.0,0,0,0,0,0,0,0,0.0,0.0,0.0168123739071957,0.0
4,500,0,dpga,roi_cls,0.11368152499198914,0.0,global_ddp_mean,2,0.0,1.5202456712722778,1.5202456712722778,0.0,0.0,0.0,0.0,0.0,0.0,0.0,0.0,0.0,0.0,0.0,0.0,0.0,1.0,1.0,0.0,0,0,0,0,0,0,0,0.0,0.0,0.0168123739071957,0.0
4,500,0,dpga,roi_reg,0.11368152499198914,0.0,global_ddp_mean,2,0.0,1.0821462869644165,1.0821462869644165,0.0,0.0,0.0,0.0,0.0,0.0,0.0,0.0,0.0,0.0,0.0,0.0,0.0,1.0,1.0,0.0,0,0,0,0,0,0,0,0.0,0.0,0.0168123739071957,0.0
4,600,0,dpga,backbone,0.22607608139514923,0.0,global_ddp_mean,2,0.0,9.651986122131348,9.651986122131348,0.0,0.0,0.0,0.0,0.0,0.0,0.0,0.0,0.0,0.0,0.0,0.0,0.0,1.0,1.0,0.0,0,0,0,0,0,0,0,0.0,0.0,0.02017484868863484,0.0
4,600,0,dpga,fpn,0.22607608139514923,0.0,global_ddp_mean,2,0.0,2.589930295944214,2.589930295944214,0.0,0.0,0.0,0.0,0.0,0.0,0.0,0.0,0.0,0.0,0.0,0.0,0.0,1.0,1.0,0.0,0,0,0,0,0,0,0,0.0,0.0,0.02017484868863484,0.0
4,600,0,dpga,rpn,0.22607608139514923,0.0,global_ddp_mean,2,0.0,3.839550495147705,3.839550495147705,0.0,0.0,0.0,0.0,0.0,0.0,0.0,0.0,0.0,0.0,0.0,0.0,0.0,1.0,1.0,0.0,0,0,0,0,0,0,0,0.0,0.0,0.02017484868863484,0.0
4,600,0,dpga,roi_shared,0.22607608139514923,0.0,global_ddp_mean,2,0.0,6.008675575256348,6.008675575256348,0.0,0.0,0.0,0.0,0.0,0.0,0.0,0.0,0.0,0.0,0.0,0.0,0.0,1.0,1.0,0.0,0,0,0,0,0,0,0,0.0,0.0,0.02017484868863484,0.0
4,600,0,dpga,roi_cls,0.22607608139514923,0.0,global_ddp_mean,2,0.0,4.4423604011535645,4.4423604011535645,0.0,0.0,0.0,0.0,0.0,0.0,0.0,0.0,0.0,0.0,0.0,0.0,0.0,1.0,1.0,0.0,0,0,0,0,0,0,0,0.0,0.0,0.02017484868863484,0.0
4,600,0,dpga,roi_reg,0.22607608139514923,0.0,global_ddp_mean,2,0.0,1.4173822402954102,1.4173822402954102,0.0,0.0,0.0,0.0,0.0,0.0,0.0,0.0,0.0,0.0,0.0,0.0,0.0,1.0,1.0,0.0,0,0,0,0,0,0,0,0.0,0.0,0.02017484868863484,0.0
4,700,0,dpga,backbone,0.09463473409414291,0.0,global_ddp_mean,2,0.0,19.17287826538086,19.17287826538086,0.0,0.0,0.0,0.0,0.0,0.0,0.0,0.0,0.0,0.0,0.0,0.0,0.0,1.0,1.0,0.0,0,0,0,0,0,0,0,0.0,0.0,0.02353732347007398,0.0
4,700,0,dpga,fpn,0.09463473409414291,0.0,global_ddp_mean,2,0.0,3.439394235610962,3.439394235610962,0.0,0.0,0.0,0.0,0.0,0.0,0.0,0.0,0.0,0.0,0.0,0.0,0.0,1.0,1.0,0.0,0,0,0,0,0,0,0,0.0,0.0,0.02353732347007398,0.0
4,700,0,dpga,rpn,0.09463473409414291,0.0,global_ddp_mean,2,0.0,2.3758959770202637,2.3758959770202637,0.0,0.0,0.0,0.0,0.0,0.0,0.0,0.0,0.0,0.0,0.0,0.0,0.0,1.0,1.0,0.0,0,0,0,0,0,0,0,0.0,0.0,0.02353732347007398,0.0
4,700,0,dpga,roi_shared,0.09463473409414291,0.0,global_ddp_mean,2,0.0,7.616980075836182,7.616980075836182,0.0,0.0,0.0,0.0,0.0,0.0,0.0,0.0,0.0,0.0,0.0,0.0,0.0,1.0,1.0,0.0,0,0,0,0,0,0,0,0.0,0.0,0.02353732347007398,0.0
4,700,0,dpga,roi_cls,0.09463473409414291,0.0,global_ddp_mean,2,0.0,7.405503749847412,7.405503749847412,0.0,0.0,0.0,0.0,0.0,0.0,0.0,0.0,0.0,0.0,0.0,0.0,0.0,1.0,1.0,0.0,0,0,0,0,0,0,0,0.0,0.0,0.02353732347007398,0.0
4,700,0,dpga,roi_reg,0.09463473409414291,0.0,global_ddp_mean,2,0.0,1.1177107095718384,1.1177107095718384,0.0,0.0,0.0,0.0,0.0,0.0,0.0,0.0,0.0,0.0,0.0,0.0,0.0,1.0,1.0,0.0,0,0,0,0,0,0,0,0.0,0.0,0.02353732347007398,0.0
4,800,0,dpga,backbone,0.23075217008590698,-0.0,global_ddp_mean,2,0.0,15.027071952819824,15.027071952819824,0.0,0.0,0.0,0.0,0.0,0.0,0.0,0.0,0.0,0.0,0.0,0.0,0.0,1.0,1.0,0.0,0,0,0,0,0,0,0,0.0,0.0,0.02689979825151312,0.0
4,800,0,dpga,fpn,0.23075217008590698,-0.0,global_ddp_mean,2,0.0,5.272541522979736,5.272541522979736,0.0,0.0,0.0,0.0,0.0,0.0,0.0,0.0,0.0,0.0,0.0,0.0,0.0,1.0,1.0,0.0,0,0,0,0,0,0,0,0.0,0.0,0.02689979825151312,0.0
4,800,0,dpga,rpn,0.23075217008590698,-0.0,global_ddp_mean,2,0.0,4.441080093383789,4.441080093383789,0.0,0.0,0.0,0.0,0.0,0.0,0.0,0.0,0.0,0.0,0.0,0.0,0.0,1.0,1.0,0.0,0,0,0,0,0,0,0,0.0,0.0,0.02689979825151312,0.0
4,800,0,dpga,roi_shared,0.23075217008590698,-0.0,global_ddp_mean,2,0.0,11.964851379394531,11.964851379394531,0.0,0.0,0.0,0.0,0.0,0.0,0.0,0.0,0.0,0.0,0.0,0.0,0.0,1.0,1.0,0.0,0,0,0,0,0,0,0,0.0,0.0,0.02689979825151312,0.0
4,800,0,dpga,roi_cls,0.23075217008590698,-0.0,global_ddp_mean,2,0.0,11.461640357971191,11.461640357971191,0.0,0.0,0.0,0.0,0.0,0.0,0.0,0.0,0.0,0.0,0.0,0.0,0.0,1.0,1.0,0.0,0,0,0,0,0,0,0,0.0,0.0,0.02689979825151312,0.0
4,800,0,dpga,roi_reg,0.23075217008590698,-0.0,global_ddp_mean,2,0.0,3.2254836559295654,3.2254836559295654,0.0,0.0,0.0,0.0,0.0,0.0,0.0,0.0,0.0,0.0,0.0,0.0,0.0,1.0,1.0,0.0,0,0,0,0,0,0,0,0.0,0.0,0.02689979825151312,0.0
4,900,0,dpga,backbone,0.07002641260623932,-0.0,global_ddp_mean,2,0.0,6.712474346160889,6.712474346160889,0.0,0.0,0.0,0.0,0.0,0.0,0.0,0.0,0.0,0.0,0.0,0.0,0.0,1.0,1.0,0.0,0,0,0,0,0,0,0,0.0,0.0,0.030262273032952258,0.0
4,900,0,dpga,fpn,0.07002641260623932,-0.0,global_ddp_mean,2,0.0,1.0046981573104858,1.0046981573104858,0.0,0.0,0.0,0.0,0.0,0.0,0.0,0.0,0.0,0.0,0.0,0.0,0.0,1.0,1.0,0.0,0,0,0,0,0,0,0,0.0,0.0,0.030262273032952258,0.0
4,900,0,dpga,rpn,0.07002641260623932,-0.0,global_ddp_mean,2,0.0,3.1137855052948,3.1137855052948,0.0,0.0,0.0,0.0,0.0,0.0,0.0,0.0,0.0,0.0,0.0,0.0,0.0,1.0,1.0,0.0,0,0,0,0,0,0,0,0.0,0.0,0.030262273032952258,0.0
4,900,0,dpga,roi_shared,0.07002641260623932,-0.0,global_ddp_mean,2,0.0,1.8515955209732056,1.8515955209732056,0.0,0.0,0.0,0.0,0.0,0.0,0.0,0.0,0.0,0.0,0.0,0.0,0.0,1.0,1.0,0.0,0,0,0,0,0,0,0,0.0,0.0,0.030262273032952258,0.0
4,900,0,dpga,roi_cls,0.07002641260623932,-0.0,global_ddp_mean,2,0.0,1.1139788627624512,1.1139788627624512,0.0,0.0,0.0,0.0,0.0,0.0,0.0,0.0,0.0,0.0,0.0,0.0,0.0,1.0,1.0,0.0,0,0,0,0,0,0,0,0.0,0.0,0.030262273032952258,0.0
4,900,0,dpga,roi_reg,0.07002641260623932,-0.0,global_ddp_mean,2,0.0,1.4288102388381958,1.4288102388381958,0.0,0.0,0.0,0.0,0.0,0.0,0.0,0.0,0.0,0.0,0.0,0.0,0.0,1.0,1.0,0.0,0,0,0,0,0,0,0,0.0,0.0,0.030262273032952258,0.0
4,1000,0,dpga,backbone,0.07291079312562943,-0.0,global_ddp_mean,2,0.0,1.8873478174209595,1.8873478174209595,0.0,0.0,0.0,0.0,0.0,0.0,0.0,0.0,0.0,0.0,0.0,0.0,0.0,1.0,1.0,0.0,0,0,0,0,0,0,0,0.0,0.0,0.0336247478143914,0.0
4,1000,0,dpga,fpn,0.07291079312562943,-0.0,global_ddp_mean,2,0.0,0.20817480981349945,0.20817480981349945,0.0,0.0,0.0,0.0,0.0,0.0,0.0,0.0,0.0,0.0,0.0,0.0,0.0,1.0,1.0,0.0,0,0,0,0,0,0,0,0.0,0.0,0.0336247478143914,0.0
4,1000,0,dpga,rpn,0.07291079312562943,-0.0,global_ddp_mean,2,0.0,0.377775639295578,0.377775639295578,0.0,0.0,0.0,0.0,0.0,0.0,0.0,0.0,0.0,0.0,0.0,0.0,0.0,1.0,1.0,0.0,0,0,0,0,0,0,0,0.0,0.0,0.0336247478143914,0.0
4,1000,0,dpga,roi_shared,0.07291079312562943,-0.0,global_ddp_mean,2,0.0,0.1941520869731903,0.1941520869731903,0.0,0.0,0.0,0.0,0.0,0.0,0.0,0.0,0.0,0.0,0.0,0.0,0.0,1.0,1.0,0.0,0,0,0,0,0,0,0,0.0,0.0,0.0336247478143914,0.0
4,1000,0,dpga,roi_cls,0.07291079312562943,-0.0,global_ddp_mean,2,0.0,0.2515588700771332,0.2515588700771332,0.0,0.0,0.0,0.0,0.0,0.0,0.0,0.0,0.0,0.0,0.0,0.0,0.0,1.0,1.0,0.0,0,0,0,0,0,0,0,0.0,0.0,0.0336247478143914,0.0
4,1000,0,dpga,roi_reg,0.07291079312562943,-0.0,global_ddp_mean,2,0.0,0.0,0.0,0.0,0.0,0.0,0.0,0.0,0.0,0.0,0.0,0.0,0.0,0.0,0.0,0.0,0.0,0.0,90.0,0,0,0,0,0,0,0,0.0,0.0,0.0336247478143914,0.0
4,1100,0,dpga,backbone,0.04430960863828659,0.0,global_ddp_mean,2,0.0,20.106069564819336,20.106069564819336,0.0,0.0,0.0,0.0,0.0,0.0,0.0,0.0,0.0,0.0,0.0,0.0,0.0,1.0,1.0,0.0,0,0,0,0,0,0,0,0.0,0.0,0.03698722259583054,0.0
4,1100,0,dpga,fpn,0.04430960863828659,0.0,global_ddp_mean,2,0.0,4.973321914672852,4.973321914672852,0.0,0.0,0.0,0.0,0.0,0.0,0.0,0.0,0.0,0.0,0.0,0.0,0.0,1.0,1.0,0.0,0,0,0,0,0,0,0,0.0,0.0,0.03698722259583054,0.0
4,1100,0,dpga,rpn,0.04430960863828659,0.0,global_ddp_mean,2,0.0,4.728514194488525,4.728514194488525,0.0,0.0,0.0,0.0,0.0,0.0,0.0,0.0,0.0,0.0,0.0,0.0,0.0,1.0,1.0,0.0,0,0,0,0,0,0,0,0.0,0.0,0.03698722259583054,0.0
4,1100,0,dpga,roi_shared,0.04430960863828659,0.0,global_ddp_mean,2,0.0,11.326144218444824,11.326144218444824,0.0,0.0,0.0,0.0,0.0,0.0,0.0,0.0,0.0,0.0,0.0,0.0,0.0,1.0,1.0,0.0,0,0,0,0,0,0,0,0.0,0.0,0.03698722259583054,0.0
4,1100,0,dpga,roi_cls,0.04430960863828659,0.0,global_ddp_mean,2,0.0,10.818885803222656,10.818885803222656,0.0,0.0,0.0,0.0,0.0,0.0,0.0,0.0,0.0,0.0,0.0,0.0,0.0,1.0,1.0,0.0,0,0,0,0,0,0,0,0.0,0.0,0.03698722259583054,0.0
4,1100,0,dpga,roi_reg,0.04430960863828659,0.0,global_ddp_mean,2,0.0,2.8166637420654297,2.8166637420654297,0.0,0.0,0.0,0.0,0.0,0.0,0.0,0.0,0.0,0.0,0.0,0.0,0.0,1.0,1.0,0.0,0,0,0,0,0,0,0,0.0,0.0,0.03698722259583054,0.0
4,1200,0,dpga,backbone,0.1008530706167221,0.0,global_ddp_mean,2,0.0,10.388847351074219,10.388847351074219,0.0,0.0,0.0,0.0,0.0,0.0,0.0,0.0,0.0,0.0,0.0,0.0,0.0,1.0,1.0,0.0,0,0,0,0,0,0,0,0.0,0.0,0.04034969737726968,0.0
4,1200,0,dpga,fpn,0.1008530706167221,0.0,global_ddp_mean,2,0.0,2.088498592376709,2.088498592376709,0.0,0.0,0.0,0.0,0.0,0.0,0.0,0.0,0.0,0.0,0.0,0.0,0.0,1.0,1.0,0.0,0,0,0,0,0,0,0,0.0,0.0,0.04034969737726968,0.0
4,1200,0,dpga,rpn,0.1008530706167221,0.0,global_ddp_mean,2,0.0,1.5687211751937866,1.5687211751937866,0.0,0.0,0.0,0.0,0.0,0.0,0.0,0.0,0.0,0.0,0.0,0.0,0.0,1.0,1.0,0.0,0,0,0,0,0,0,0,0.0,0.0,0.04034969737726968,0.0
4,1200,0,dpga,roi_shared,0.1008530706167221,0.0,global_ddp_mean,2,0.0,4.712031364440918,4.712031364440918,0.0,0.0,0.0,0.0,0.0,0.0,0.0,0.0,0.0,0.0,0.0,0.0,0.0,1.0,1.0,0.0,0,0,0,0,0,0,0,0.0,0.0,0.04034969737726968,0.0
4,1200,0,dpga,roi_cls,0.1008530706167221,0.0,global_ddp_mean,2,0.0,5.218013763427734,5.218013763427734,0.0,0.0,0.0,0.0,0.0,0.0,0.0,0.0,0.0,0.0,0.0,0.0,0.0,1.0,1.0,0.0,0,0,0,0,0,0,0,0.0,0.0,0.04034969737726968,0.0
4,1200,0,dpga,roi_reg,0.1008530706167221,0.0,global_ddp_mean,2,0.0,0.03836595267057419,0.03836595267057419,0.0,0.0,0.0,0.0,0.0,0.0,0.0,0.0,0.0,0.0,0.0,0.0,0.0,1.0,1.0,0.0,0,0,0,0,0,0,0,0.0,0.0,0.04034969737726968,0.0
4,1300,0,dpga,backbone,0.1431165635585785,0.0,global_ddp_mean,2,0.0,5.743443965911865,5.743443965911865,0.0,0.0,0.0,0.0,0.0,0.0,0.0,0.0,0.0,0.0,0.0,0.0,0.0,1.0,1.0,0.0,0,0,0,0,0,0,0,0.0,0.0,0.04371217215870882,0.0
4,1300,0,dpga,fpn,0.1431165635585785,0.0,global_ddp_mean,2,0.0,0.9726427793502808,0.9726427793502808,0.0,0.0,0.0,0.0,0.0,0.0,0.0,0.0,0.0,0.0,0.0,0.0,0.0,1.0,1.0,0.0,0,0,0,0,0,0,0,0.0,0.0,0.04371217215870882,0.0
4,1300,0,dpga,rpn,0.1431165635585785,0.0,global_ddp_mean,2,0.0,2.222909927368164,2.222909927368164,0.0,0.0,0.0,0.0,0.0,0.0,0.0,0.0,0.0,0.0,0.0,0.0,0.0,1.0,1.0,0.0,0,0,0,0,0,0,0,0.0,0.0,0.04371217215870882,0.0
4,1300,0,dpga,roi_shared,0.1431165635585785,0.0,global_ddp_mean,2,0.0,1.7846299409866333,1.7846299409866333,0.0,0.0,0.0,0.0,0.0,0.0,0.0,0.0,0.0,0.0,0.0,0.0,0.0,1.0,1.0,0.0,0,0,0,0,0,0,0,0.0,0.0,0.04371217215870882,0.0
4,1300,0,dpga,roi_cls,0.1431165635585785,0.0,global_ddp_mean,2,0.0,0.9387592673301697,0.9387592673301697,0.0,0.0,0.0,0.0,0.0,0.0,0.0,0.0,0.0,0.0,0.0,0.0,0.0,1.0,1.0,0.0,0,0,0,0,0,0,0,0.0,0.0,0.04371217215870882,0.0
4,1300,0,dpga,roi_reg,0.1431165635585785,0.0,global_ddp_mean,2,0.0,1.8220291137695312,1.8220291137695312,0.0,0.0,0.0,0.0,0.0,0.0,0.0,0.0,0.0,0.0,0.0,0.0,0.0,1.0,1.0,0.0,0,0,0,0,0,0,0,0.0,0.0,0.04371217215870882,0.0
4,1400,0,dpga,backbone,0.013245626352727413,-0.0,global_ddp_mean,2,0.0,2.484036684036255,2.484036684036255,0.0,0.0,0.0,0.0,0.0,0.0,0.0,0.0,0.0,0.0,0.0,0.0,0.0,1.0,1.0,0.0,0,0,0,0,0,0,0,0.0,0.0,0.04707464694014796,0.0
4,1400,0,dpga,fpn,0.013245626352727413,-0.0,global_ddp_mean,2,0.0,0.3921564519405365,0.3921564519405365,0.0,0.0,0.0,0.0,0.0,0.0,0.0,0.0,0.0,0.0,0.0,0.0,0.0,1.0,1.0,0.0,0,0,0,0,0,0,0,0.0,0.0,0.04707464694014796,0.0
4,1400,0,dpga,rpn,0.013245626352727413,-0.0,global_ddp_mean,2,0.0,0.4853484332561493,0.4853484332561493,0.0,0.0,0.0,0.0,0.0,0.0,0.0,0.0,0.0,0.0,0.0,0.0,0.0,1.0,1.0,0.0,0,0,0,0,0,0,0,0.0,0.0,0.04707464694014796,0.0
4,1400,0,dpga,roi_shared,0.013245626352727413,-0.0,global_ddp_mean,2,0.0,0.6545316576957703,0.6545316576957703,0.0,0.0,0.0,0.0,0.0,0.0,0.0,0.0,0.0,0.0,0.0,0.0,0.0,1.0,1.0,0.0,0,0,0,0,0,0,0,0.0,0.0,0.04707464694014796,0.0
4,1400,0,dpga,roi_cls,0.013245626352727413,-0.0,global_ddp_mean,2,0.0,0.7704277038574219,0.7704277038574219,0.0,0.0,0.0,0.0,0.0,0.0,0.0,0.0,0.0,0.0,0.0,0.0,0.0,1.0,1.0,0.0,0,0,0,0,0,0,0,0.0,0.0,0.04707464694014796,0.0
4,1400,0,dpga,roi_reg,0.013245626352727413,-0.0,global_ddp_mean,2,0.0,0.0,0.0,0.0,0.0,0.0,0.0,0.0,0.0,0.0,0.0,0.0,0.0,0.0,0.0,0.0,0.0,0.0,90.0,0,0,0,0,0,0,0,0.0,0.0,0.04707464694014796,0.0
5,0,0,dpga,backbone,0.10332658886909485,-0.0,global_ddp_mean,2,0.0,6.364044189453125,6.364044189453125,0.0,0.0,0.0,0.0,0.0,0.0,0.0,0.0,0.0,0.0,0.0,0.0,0.0,1.0,1.0,0.0,0,0,0,0,0,0,0,0.0,0.0,0.05,0.0
5,0,0,dpga,fpn,0.10332658886909485,-0.0,global_ddp_mean,2,0.0,1.4212168455123901,1.4212168455123901,0.0,0.0,0.0,0.0,0.0,0.0,0.0,0.0,0.0,0.0,0.0,0.0,0.0,1.0,1.0,0.0,0,0,0,0,0,0,0,0.0,0.0,0.05,0.0
5,0,0,dpga,rpn,0.10332658886909485,-0.0,global_ddp_mean,2,0.0,2.7401180267333984,2.7401180267333984,0.0,0.0,0.0,0.0,0.0,0.0,0.0,0.0,0.0,0.0,0.0,0.0,0.0,1.0,1.0,0.0,0,0,0,0,0,0,0,0.0,0.0,0.05,0.0
5,0,0,dpga,roi_shared,0.10332658886909485,-0.0,global_ddp_mean,2,0.0,2.8462140560150146,2.8462140560150146,0.0,0.0,0.0,0.0,0.0,0.0,0.0,0.0,0.0,0.0,0.0,0.0,0.0,1.0,1.0,0.0,0,0,0,0,0,0,0,0.0,0.0,0.05,0.0
5,0,0,dpga,roi_cls,0.10332658886909485,-0.0,global_ddp_mean,2,0.0,2.5186424255371094,2.5186424255371094,0.0,0.0,0.0,0.0,0.0,0.0,0.0,0.0,0.0,0.0,0.0,0.0,0.0,1.0,1.0,0.0,0,0,0,0,0,0,0,0.0,0.0,0.05,0.0
5,0,0,dpga,roi_reg,0.10332658886909485,-0.0,global_ddp_mean,2,0.0,1.2134791612625122,1.2134791612625122,0.0,0.0,0.0,0.0,0.0,0.0,0.0,0.0,0.0,0.0,0.0,0.0,0.0,1.0,1.0,0.0,0,0,0,0,0,0,0,0.0,0.0,0.05,0.0
5,100,0,dpga,backbone,0.32208937406539917,0.0,global_ddp_mean,2,0.0,8.57909107208252,8.57909107208252,0.0,0.0,0.0,0.0,0.0,0.0,0.0,0.0,0.0,0.0,0.0,0.0,0.0,1.0,1.0,0.0,0,0,0,0,0,0,0,0.0,0.0,0.05336247478143914,0.0
5,100,0,dpga,fpn,0.32208937406539917,0.0,global_ddp_mean,2,0.0,1.2822134494781494,1.2822134494781494,0.0,0.0,0.0,0.0,0.0,0.0,0.0,0.0,0.0,0.0,0.0,0.0,0.0,1.0,1.0,0.0,0,0,0,0,0,0,0,0.0,0.0,0.05336247478143914,0.0
5,100,0,dpga,rpn,0.32208937406539917,0.0,global_ddp_mean,2,0.0,2.524894952774048,2.524894952774048,0.0,0.0,0.0,0.0,0.0,0.0,0.0,0.0,0.0,0.0,0.0,0.0,0.0,1.0,1.0,0.0,0,0,0,0,0,0,0,0.0,0.0,0.05336247478143914,0.0
5,100,0,dpga,roi_shared,0.32208937406539917,0.0,global_ddp_mean,2,0.0,2.3752007484436035,2.3752007484436035,0.0,0.0,0.0,0.0,0.0,0.0,0.0,0.0,0.0,0.0,0.0,0.0,0.0,1.0,1.0,0.0,0,0,0,0,0,0,0,0.0,0.0,0.05336247478143914,0.0
5,100,0,dpga,roi_cls,0.32208937406539917,0.0,global_ddp_mean,2,0.0,1.3226011991500854,1.3226011991500854,0.0,0.0,0.0,0.0,0.0,0.0,0.0,0.0,0.0,0.0,0.0,0.0,0.0,1.0,1.0,0.0,0,0,0,0,0,0,0,0.0,0.0,0.05336247478143914,0.0
5,100,0,dpga,roi_reg,0.32208937406539917,0.0,global_ddp_mean,2,0.0,3.0056955814361572,3.0056955814361572,0.0,0.0,0.0,0.0,0.0,0.0,0.0,0.0,0.0,0.0,0.0,0.0,0.0,1.0,1.0,0.0,0,0,0,0,0,0,0,0.0,0.0,0.05336247478143914,0.0
5,200,0,dpga,backbone,1.3063044548034668,0.0,global_ddp_mean,2,0.0,45.606876373291016,45.606876373291016,0.0,0.0,0.0,0.0,0.0,0.0,0.0,0.0,0.0,0.0,0.0,0.0,0.0,1.0,1.0,0.0,0,0,0,0,0,0,0,0.0,0.0,0.05672494956287828,0.0
5,200,0,dpga,fpn,1.3063044548034668,0.0,global_ddp_mean,2,0.0,10.647140502929688,10.647140502929688,0.0,0.0,0.0,0.0,0.0,0.0,0.0,0.0,0.0,0.0,0.0,0.0,0.0,1.0,1.0,0.0,0,0,0,0,0,0,0,0.0,0.0,0.05672494956287828,0.0
5,200,0,dpga,rpn,1.3063044548034668,0.0,global_ddp_mean,2,0.0,0.782627284526825,0.782627284526825,0.0,0.0,0.0,0.0,0.0,0.0,0.0,0.0,0.0,0.0,0.0,0.0,0.0,1.0,1.0,0.0,0,0,0,0,0,0,0,0.0,0.0,0.05672494956287828,0.0
5,200,0,dpga,roi_shared,1.3063044548034668,0.0,global_ddp_mean,2,0.0,25.101430892944336,25.101430892944336,0.0,0.0,0.0,0.0,0.0,0.0,0.0,0.0,0.0,0.0,0.0,0.0,0.0,1.0,1.0,0.0,0,0,0,0,0,0,0,0.0,0.0,0.05672494956287828,0.0
5,200,0,dpga,roi_cls,1.3063044548034668,0.0,global_ddp_mean,2,0.0,20.71743392944336,20.71743392944336,0.0,0.0,0.0,0.0,0.0,0.0,0.0,0.0,0.0,0.0,0.0,0.0,0.0,1.0,1.0,0.0,0,0,0,0,0,0,0,0.0,0.0,0.05672494956287828,0.0
5,200,0,dpga,roi_reg,1.3063044548034668,0.0,global_ddp_mean,2,0.0,12.951590538024902,12.951590538024902,0.0,0.0,0.0,0.0,0.0,0.0,0.0,0.0,0.0,0.0,0.0,0.0,0.0,1.0,1.0,0.0,0,0,0,0,0,0,0,0.0,0.0,0.05672494956287828,0.0
5,300,0,dpga,backbone,0.16129031777381897,-0.0,global_ddp_mean,2,0.0,4.548827171325684,4.548827171325684,0.0,0.0,0.0,0.0,0.0,0.0,0.0,0.0,0.0,0.0,0.0,0.0,0.0,1.0,1.0,0.0,0,0,0,0,0,0,0,0.0,0.0,0.06008742434431742,0.0
5,300,0,dpga,fpn,0.16129031777381897,-0.0,global_ddp_mean,2,0.0,0.7081774473190308,0.7081774473190308,0.0,0.0,0.0,0.0,0.0,0.0,0.0,0.0,0.0,0.0,0.0,0.0,0.0,1.0,1.0,0.0,0,0,0,0,0,0,0,0.0,0.0,0.06008742434431742,0.0
5,300,0,dpga,rpn,0.16129031777381897,-0.0,global_ddp_mean,2,0.0,1.3454471826553345,1.3454471826553345,0.0,0.0,0.0,0.0,0.0,0.0,0.0,0.0,0.0,0.0,0.0,0.0,0.0,1.0,1.0,0.0,0,0,0,0,0,0,0,0.0,0.0,0.06008742434431742,0.0
5,300,0,dpga,roi_shared,0.16129031777381897,-0.0,global_ddp_mean,2,0.0,0.9944378137588501,0.9944378137588501,0.0,0.0,0.0,0.0,0.0,0.0,0.0,0.0,0.0,0.0,0.0,0.0,0.0,1.0,1.0,0.0,0,0,0,0,0,0,0,0.0,0.0,0.06008742434431742,0.0
5,300,0,dpga,roi_cls,0.16129031777381897,-0.0,global_ddp_mean,2,0.0,0.6320645213127136,0.6320645213127136,0.0,0.0,0.0,0.0,0.0,0.0,0.0,0.0,0.0,0.0,0.0,0.0,0.0,1.0,1.0,0.0,0,0,0,0,0,0,0,0.0,0.0,0.06008742434431742,0.0
5,300,0,dpga,roi_reg,0.16129031777381897,-0.0,global_ddp_mean,2,0.0,0.7021050453186035,0.7021050453186035,0.0,0.0,0.0,0.0,0.0,0.0,0.0,0.0,0.0,0.0,0.0,0.0,0.0,1.0,1.0,0.0,0,0,0,0,0,0,0,0.0,0.0,0.06008742434431742,0.0
5,400,0,dpga,backbone,0.1992536336183548,-0.0,global_ddp_mean,2,0.0,3.9287798404693604,3.9287798404693604,0.0,0.0,0.0,0.0,0.0,0.0,0.0,0.0,0.0,0.0,0.0,0.0,0.0,1.0,1.0,0.0,0,0,0,0,0,0,0,0.0,0.0,0.06344989912575656,0.0
5,400,0,dpga,fpn,0.1992536336183548,-0.0,global_ddp_mean,2,0.0,0.7695247530937195,0.7695247530937195,0.0,0.0,0.0,0.0,0.0,0.0,0.0,0.0,0.0,0.0,0.0,0.0,0.0,1.0,1.0,0.0,0,0,0,0,0,0,0,0.0,0.0,0.06344989912575656,0.0
5,400,0,dpga,rpn,0.1992536336183548,-0.0,global_ddp_mean,2,0.0,0.8854123950004578,0.8854123950004578,0.0,0.0,0.0,0.0,0.0,0.0,0.0,0.0,0.0,0.0,0.0,0.0,0.0,1.0,1.0,0.0,0,0,0,0,0,0,0,0.0,0.0,0.06344989912575656,0.0
5,400,0,dpga,roi_shared,0.1992536336183548,-0.0,global_ddp_mean,2,0.0,1.7527493238449097,1.7527493238449097,0.0,0.0,0.0,0.0,0.0,0.0,0.0,0.0,0.0,0.0,0.0,0.0,0.0,1.0,1.0,0.0,0,0,0,0,0,0,0,0.0,0.0,0.06344989912575656,0.0
5,400,0,dpga,roi_cls,0.1992536336183548,-0.0,global_ddp_mean,2,0.0,1.2764983177185059,1.2764983177185059,0.0,0.0,0.0,0.0,0.0,0.0,0.0,0.0,0.0,0.0,0.0,0.0,0.0,1.0,1.0,0.0,0,0,0,0,0,0,0,0.0,0.0,0.06344989912575656,0.0
5,400,0,dpga,roi_reg,0.1992536336183548,-0.0,global_ddp_mean,2,0.0,1.1442136764526367,1.1442136764526367,0.0,0.0,0.0,0.0,0.0,0.0,0.0,0.0,0.0,0.0,0.0,0.0,0.0,1.0,1.0,0.0,0,0,0,0,0,0,0,0.0,0.0,0.06344989912575656,0.0
5,500,0,dpga,backbone,0.056359127163887024,0.0,global_ddp_mean,2,0.0,2.1061809062957764,2.1061809062957764,0.0,0.0,0.0,0.0,0.0,0.0,0.0,0.0,0.0,0.0,0.0,0.0,0.0,1.0,1.0,0.0,0,0,0,0,0,0,0,0.0,0.0,0.0668123739071957,0.0
5,500,0,dpga,fpn,0.056359127163887024,0.0,global_ddp_mean,2,0.0,0.5599204897880554,0.5599204897880554,0.0,0.0,0.0,0.0,0.0,0.0,0.0,0.0,0.0,0.0,0.0,0.0,0.0,1.0,1.0,0.0,0,0,0,0,0,0,0,0.0,0.0,0.0668123739071957,0.0
5,500,0,dpga,rpn,0.056359127163887024,0.0,global_ddp_mean,2,0.0,0.811644434928894,0.811644434928894,0.0,0.0,0.0,0.0,0.0,0.0,0.0,0.0,0.0,0.0,0.0,0.0,0.0,1.0,1.0,0.0,0,0,0,0,0,0,0,0.0,0.0,0.0668123739071957,0.0
5,500,0,dpga,roi_shared,0.056359127163887024,0.0,global_ddp_mean,2,0.0,0.9750553369522095,0.9750553369522095,0.0,0.0,0.0,0.0,0.0,0.0,0.0,0.0,0.0,0.0,0.0,0.0,0.0,1.0,1.0,0.0,0,0,0,0,0,0,0,0.0,0.0,0.0668123739071957,0.0
5,500,0,dpga,roi_cls,0.056359127163887024,0.0,global_ddp_mean,2,0.0,1.0549782514572144,1.0549782514572144,0.0,0.0,0.0,0.0,0.0,0.0,0.0,0.0,0.0,0.0,0.0,0.0,0.0,1.0,1.0,0.0,0,0,0,0,0,0,0,0.0,0.0,0.0668123739071957,0.0
5,500,0,dpga,roi_reg,0.056359127163887024,0.0,global_ddp_mean,2,0.0,0.05924981087446213,0.05924981087446213,0.0,0.0,0.0,0.0,0.0,0.0,0.0,0.0,0.0,0.0,0.0,0.0,0.0,1.0,1.0,0.0,0,0,0,0,0,0,0,0.0,0.0,0.0668123739071957,0.0
5,600,0,dpga,backbone,0.05249698460102081,-0.0,global_ddp_mean,2,0.0,6.715885639190674,6.715885639190674,0.0,0.0,0.0,0.0,0.0,0.0,0.0,0.0,0.0,0.0,0.0,0.0,0.0,1.0,1.0,0.0,0,0,0,0,0,0,0,0.0,0.0,0.07017484868863484,0.0
5,600,0,dpga,fpn,0.05249698460102081,-0.0,global_ddp_mean,2,0.0,1.2950618267059326,1.2950618267059326,0.0,0.0,0.0,0.0,0.0,0.0,0.0,0.0,0.0,0.0,0.0,0.0,0.0,1.0,1.0,0.0,0,0,0,0,0,0,0,0.0,0.0,0.07017484868863484,0.0
5,600,0,dpga,rpn,0.05249698460102081,-0.0,global_ddp_mean,2,0.0,2.4135382175445557,2.4135382175445557,0.0,0.0,0.0,0.0,0.0,0.0,0.0,0.0,0.0,0.0,0.0,0.0,0.0,1.0,1.0,0.0,0,0,0,0,0,0,0,0.0,0.0,0.07017484868863484,0.0
5,600,0,dpga,roi_shared,0.05249698460102081,-0.0,global_ddp_mean,2,0.0,2.1503567695617676,2.1503567695617676,0.0,0.0,0.0,0.0,0.0,0.0,0.0,0.0,0.0,0.0,0.0,0.0,0.0,1.0,1.0,0.0,0,0,0,0,0,0,0,0.0,0.0,0.07017484868863484,0.0
5,600,0,dpga,roi_cls,0.05249698460102081,-0.0,global_ddp_mean,2,0.0,1.5321288108825684,1.5321288108825684,0.0,0.0,0.0,0.0,0.0,0.0,0.0,0.0,0.0,0.0,0.0,0.0,0.0,1.0,1.0,0.0,0,0,0,0,0,0,0,0.0,0.0,0.07017484868863484,0.0
5,600,0,dpga,roi_reg,0.05249698460102081,-0.0,global_ddp_mean,2,0.0,1.0049020051956177,1.0049020051956177,0.0,0.0,0.0,0.0,0.0,0.0,0.0,0.0,0.0,0.0,0.0,0.0,0.0,1.0,1.0,0.0,0,0,0,0,0,0,0,0.0,0.0,0.07017484868863484,0.0
5,700,0,dpga,backbone,0.021477550268173218,-0.0,global_ddp_mean,2,0.0,5.323797702789307,5.323797702789307,0.0,0.0,0.0,0.0,0.0,0.0,0.0,0.0,0.0,0.0,0.0,0.0,0.0,1.0,1.0,0.0,0,0,0,0,0,0,0,0.0,0.0,0.07353732347007398,0.0
5,700,0,dpga,fpn,0.021477550268173218,-0.0,global_ddp_mean,2,0.0,0.950567901134491,0.950567901134491,0.0,0.0,0.0,0.0,0.0,0.0,0.0,0.0,0.0,0.0,0.0,0.0,0.0,1.0,1.0,0.0,0,0,0,0,0,0,0,0.0,0.0,0.07353732347007398,0.0
5,700,0,dpga,rpn,0.021477550268173218,-0.0,global_ddp_mean,2,0.0,0.4928986132144928,0.4928986132144928,0.0,0.0,0.0,0.0,0.0,0.0,0.0,0.0,0.0,0.0,0.0,0.0,0.0,1.0,1.0,0.0,0,0,0,0,0,0,0,0.0,0.0,0.07353732347007398,0.0
5,700,0,dpga,roi_shared,0.021477550268173218,-0.0,global_ddp_mean,2,0.0,2.1121320724487305,2.1121320724487305,0.0,0.0,0.0,0.0,0.0,0.0,0.0,0.0,0.0,0.0,0.0,0.0,0.0,1.0,1.0,0.0,0,0,0,0,0,0,0,0.0,0.0,0.07353732347007398,0.0
5,700,0,dpga,roi_cls,0.021477550268173218,-0.0,global_ddp_mean,2,0.0,1.2363591194152832,1.2363591194152832,0.0,0.0,0.0,0.0,0.0,0.0,0.0,0.0,0.0,0.0,0.0,0.0,0.0,1.0,1.0,0.0,0,0,0,0,0,0,0,0.0,0.0,0.07353732347007398,0.0
5,700,0,dpga,roi_reg,0.021477550268173218,-0.0,global_ddp_mean,2,0.0,0.6487600803375244,0.6487600803375244,0.0,0.0,0.0,0.0,0.0,0.0,0.0,0.0,0.0,0.0,0.0,0.0,0.0,1.0,1.0,0.0,0,0,0,0,0,0,0,0.0,0.0,0.07353732347007398,0.0
5,800,0,dpga,backbone,0.09573344886302948,-0.0,global_ddp_mean,2,0.0,13.576315879821777,13.576315879821777,0.0,0.0,0.0,0.0,0.0,0.0,0.0,0.0,0.0,0.0,0.0,0.0,0.0,1.0,1.0,0.0,0,0,0,0,0,0,0,0.0,0.0,0.07689979825151312,0.0
5,800,0,dpga,fpn,0.09573344886302948,-0.0,global_ddp_mean,2,0.0,2.0958449840545654,2.0958449840545654,0.0,0.0,0.0,0.0,0.0,0.0,0.0,0.0,0.0,0.0,0.0,0.0,0.0,1.0,1.0,0.0,0,0,0,0,0,0,0,0.0,0.0,0.07689979825151312,0.0
5,800,0,dpga,rpn,0.09573344886302948,-0.0,global_ddp_mean,2,0.0,2.1144587993621826,2.1144587993621826,0.0,0.0,0.0,0.0,0.0,0.0,0.0,0.0,0.0,0.0,0.0,0.0,0.0,1.0,1.0,0.0,0,0,0,0,0,0,0,0.0,0.0,0.07689979825151312,0.0
5,800,0,dpga,roi_shared,0.09573344886302948,-0.0,global_ddp_mean,2,0.0,4.545170307159424,4.545170307159424,0.0,0.0,0.0,0.0,0.0,0.0,0.0,0.0,0.0,0.0,0.0,0.0,0.0,1.0,1.0,0.0,0,0,0,0,0,0,0,0.0,0.0,0.07689979825151312,0.0
5,800,0,dpga,roi_cls,0.09573344886302948,-0.0,global_ddp_mean,2,0.0,5.666053295135498,5.666053295135498,0.0,0.0,0.0,0.0,0.0,0.0,0.0,0.0,0.0,0.0,0.0,0.0,0.0,1.0,1.0,0.0,0,0,0,0,0,0,0,0.0,0.0,0.07689979825151312,0.0
5,800,0,dpga,roi_reg,0.09573344886302948,-0.0,global_ddp_mean,2,0.0,0.30938220024108887,0.30938220024108887,0.0,0.0,0.0,0.0,0.0,0.0,0.0,0.0,0.0,0.0,0.0,0.0,0.0,1.0,1.0,0.0,0,0,0,0,0,0,0,0.0,0.0,0.07689979825151312,0.0
5,900,0,dpga,backbone,0.8760160803794861,-0.0,global_ddp_mean,2,0.0,36.782012939453125,36.782012939453125,0.0,0.0,0.0,0.0,0.0,0.0,0.0,0.0,0.0,0.0,0.0,0.0,0.0,1.0,1.0,0.0,0,0,0,0,0,0,0,0.0,0.0,0.08026227303295226,0.0
5,900,0,dpga,fpn,0.8760160803794861,-0.0,global_ddp_mean,2,0.0,9.980249404907227,9.980249404907227,0.0,0.0,0.0,0.0,0.0,0.0,0.0,0.0,0.0,0.0,0.0,0.0,0.0,1.0,1.0,0.0,0,0,0,0,0,0,0,0.0,0.0,0.08026227303295226,0.0
5,900,0,dpga,rpn,0.8760160803794861,-0.0,global_ddp_mean,2,0.0,8.621180534362793,8.621180534362793,0.0,0.0,0.0,0.0,0.0,0.0,0.0,0.0,0.0,0.0,0.0,0.0,0.0,1.0,1.0,0.0,0,0,0,0,0,0,0,0.0,0.0,0.08026227303295226,0.0
5,900,0,dpga,roi_shared,0.8760160803794861,-0.0,global_ddp_mean,2,0.0,20.280899047851562,20.280899047851562,0.0,0.0,0.0,0.0,0.0,0.0,0.0,0.0,0.0,0.0,0.0,0.0,0.0,1.0,1.0,0.0,0,0,0,0,0,0,0,0.0,0.0,0.08026227303295226,0.0
5,900,0,dpga,roi_cls,0.8760160803794861,-0.0,global_ddp_mean,2,0.0,19.920045852661133,19.920045852661133,0.0,0.0,0.0,0.0,0.0,0.0,0.0,0.0,0.0,0.0,0.0,0.0,0.0,1.0,1.0,0.0,0,0,0,0,0,0,0,0.0,0.0,0.08026227303295226,0.0
5,900,0,dpga,roi_reg,0.8760160803794861,-0.0,global_ddp_mean,2,0.0,6.1464338302612305,6.1464338302612305,0.0,0.0,0.0,0.0,0.0,0.0,0.0,0.0,0.0,0.0,0.0,0.0,0.0,1.0,1.0,0.0,0,0,0,0,0,0,0,0.0,0.0,0.08026227303295226,0.0
5,1000,0,dpga,backbone,0.1970743089914322,0.0,global_ddp_mean,2,0.0,14.244063377380371,14.244063377380371,0.0,0.0,0.0,0.0,0.0,0.0,0.0,0.0,0.0,0.0,0.0,0.0,0.0,1.0,1.0,0.0,0,0,0,0,0,0,0,0.0,0.0,0.0836247478143914,0.0
5,1000,0,dpga,fpn,0.1970743089914322,0.0,global_ddp_mean,2,0.0,2.7487123012542725,2.7487123012542725,0.0,0.0,0.0,0.0,0.0,0.0,0.0,0.0,0.0,0.0,0.0,0.0,0.0,1.0,1.0,0.0,0,0,0,0,0,0,0,0.0,0.0,0.0836247478143914,0.0
5,1000,0,dpga,rpn,0.1970743089914322,0.0,global_ddp_mean,2,0.0,2.7826242446899414,2.7826242446899414,0.0,0.0,0.0,0.0,0.0,0.0,0.0,0.0,0.0,0.0,0.0,0.0,0.0,1.0,1.0,0.0,0,0,0,0,0,0,0,0.0,0.0,0.0836247478143914,0.0
5,1000,0,dpga,roi_shared,0.1970743089914322,0.0,global_ddp_mean,2,0.0,6.196820259094238,6.196820259094238,0.0,0.0,0.0,0.0,0.0,0.0,0.0,0.0,0.0,0.0,0.0,0.0,0.0,1.0,1.0,0.0,0,0,0,0,0,0,0,0.0,0.0,0.0836247478143914,0.0
5,1000,0,dpga,roi_cls,0.1970743089914322,0.0,global_ddp_mean,2,0.0,4.226049423217773,4.226049423217773,0.0,0.0,0.0,0.0,0.0,0.0,0.0,0.0,0.0,0.0,0.0,0.0,0.0,1.0,1.0,0.0,0,0,0,0,0,0,0,0.0,0.0,0.0836247478143914,0.0
5,1000,0,dpga,roi_reg,0.1970743089914322,0.0,global_ddp_mean,2,0.0,3.3839588165283203,3.3839588165283203,0.0,0.0,0.0,0.0,0.0,0.0,0.0,0.0,0.0,0.0,0.0,0.0,0.0,1.0,1.0,0.0,0,0,0,0,0,0,0,0.0,0.0,0.0836247478143914,0.0
5,1100,0,dpga,backbone,0.08385945111513138,0.0,global_ddp_mean,2,0.0,19.466047286987305,19.466047286987305,0.0,0.0,0.0,0.0,0.0,0.0,0.0,0.0,0.0,0.0,0.0,0.0,0.0,1.0,1.0,0.0,0,0,0,0,0,0,0,0.0,0.0,0.08698722259583054,0.0
5,1100,0,dpga,fpn,0.08385945111513138,0.0,global_ddp_mean,2,0.0,3.6368980407714844,3.6368980407714844,0.0,0.0,0.0,0.0,0.0,0.0,0.0,0.0,0.0,0.0,0.0,0.0,0.0,1.0,1.0,0.0,0,0,0,0,0,0,0,0.0,0.0,0.08698722259583054,0.0
5,1100,0,dpga,rpn,0.08385945111513138,0.0,global_ddp_mean,2,0.0,2.1303787231445312,2.1303787231445312,0.0,0.0,0.0,0.0,0.0,0.0,0.0,0.0,0.0,0.0,0.0,0.0,0.0,1.0,1.0,0.0,0,0,0,0,0,0,0,0.0,0.0,0.08698722259583054,0.0
5,1100,0,dpga,roi_shared,0.08385945111513138,0.0,global_ddp_mean,2,0.0,8.444021224975586,8.444021224975586,0.0,0.0,0.0,0.0,0.0,0.0,0.0,0.0,0.0,0.0,0.0,0.0,0.0,1.0,1.0,0.0,0,0,0,0,0,0,0,0.0,0.0,0.08698722259583054,0.0
5,1100,0,dpga,roi_cls,0.08385945111513138,0.0,global_ddp_mean,2,0.0,9.715167999267578,9.715167999267578,0.0,0.0,0.0,0.0,0.0,0.0,0.0,0.0,0.0,0.0,0.0,0.0,0.0,1.0,1.0,0.0,0,0,0,0,0,0,0,0.0,0.0,0.08698722259583054,0.0
5,1100,0,dpga,roi_reg,0.08385945111513138,0.0,global_ddp_mean,2,0.0,0.3453949987888336,0.3453949987888336,0.0,0.0,0.0,0.0,0.0,0.0,0.0,0.0,0.0,0.0,0.0,0.0,0.0,1.0,1.0,0.0,0,0,0,0,0,0,0,0.0,0.0,0.08698722259583054,0.0
5,1200,0,dpga,backbone,0.18262599408626556,-0.0,global_ddp_mean,2,0.0,25.347579956054688,25.347579956054688,0.0,0.0,0.0,0.0,0.0,0.0,0.0,0.0,0.0,0.0,0.0,0.0,0.0,1.0,1.0,0.0,0,0,0,0,0,0,0,0.0,0.0,0.09034969737726968,0.0
5,1200,0,dpga,fpn,0.18262599408626556,-0.0,global_ddp_mean,2,0.0,5.765007019042969,5.765007019042969,0.0,0.0,0.0,0.0,0.0,0.0,0.0,0.0,0.0,0.0,0.0,0.0,0.0,1.0,1.0,0.0,0,0,0,0,0,0,0,0.0,0.0,0.09034969737726968,0.0
5,1200,0,dpga,rpn,0.18262599408626556,-0.0,global_ddp_mean,2,0.0,5.0276780128479,5.0276780128479,0.0,0.0,0.0,0.0,0.0,0.0,0.0,0.0,0.0,0.0,0.0,0.0,0.0,1.0,1.0,0.0,0,0,0,0,0,0,0,0.0,0.0,0.09034969737726968,0.0
5,1200,0,dpga,roi_shared,0.18262599408626556,-0.0,global_ddp_mean,2,0.0,12.92773151397705,12.92773151397705,0.0,0.0,0.0,0.0,0.0,0.0,0.0,0.0,0.0,0.0,0.0,0.0,0.0,1.0,1.0,0.0,0,0,0,0,0,0,0,0.0,0.0,0.09034969737726968,0.0
5,1200,0,dpga,roi_cls,0.18262599408626556,-0.0,global_ddp_mean,2,0.0,11.121223449707031,11.121223449707031,0.0,0.0,0.0,0.0,0.0,0.0,0.0,0.0,0.0,0.0,0.0,0.0,0.0,1.0,1.0,0.0,0,0,0,0,0,0,0,0.0,0.0,0.09034969737726968,0.0
5,1200,0,dpga,roi_reg,0.18262599408626556,-0.0,global_ddp_mean,2,0.0,3.708582878112793,3.708582878112793,0.0,0.0,0.0,0.0,0.0,0.0,0.0,0.0,0.0,0.0,0.0,0.0,0.0,1.0,1.0,0.0,0,0,0,0,0,0,0,0.0,0.0,0.09034969737726968,0.0
5,1300,0,dpga,backbone,0.2988530397415161,0.0,global_ddp_mean,2,0.0,13.451314926147461,13.451314926147461,0.0,0.0,0.0,0.0,0.0,0.0,0.0,0.0,0.0,0.0,0.0,0.0,0.0,1.0,1.0,0.0,0,0,0,0,0,0,0,0.0,0.0,0.09371217215870882,0.0
5,1300,0,dpga,fpn,0.2988530397415161,0.0,global_ddp_mean,2,0.0,3.9599814414978027,3.9599814414978027,0.0,0.0,0.0,0.0,0.0,0.0,0.0,0.0,0.0,0.0,0.0,0.0,0.0,1.0,1.0,0.0,0,0,0,0,0,0,0,0.0,0.0,0.09371217215870882,0.0
5,1300,0,dpga,rpn,0.2988530397415161,0.0,global_ddp_mean,2,0.0,1.9711201190948486,1.9711201190948486,0.0,0.0,0.0,0.0,0.0,0.0,0.0,0.0,0.0,0.0,0.0,0.0,0.0,1.0,1.0,0.0,0,0,0,0,0,0,0,0.0,0.0,0.09371217215870882,0.0
5,1300,0,dpga,roi_shared,0.2988530397415161,0.0,global_ddp_mean,2,0.0,9.2797212600708,9.2797212600708,0.0,0.0,0.0,0.0,0.0,0.0,0.0,0.0,0.0,0.0,0.0,0.0,0.0,1.0,1.0,0.0,0,0,0,0,0,0,0,0.0,0.0,0.09371217215870882,0.0
5,1300,0,dpga,roi_cls,0.2988530397415161,0.0,global_ddp_mean,2,0.0,8.896158218383789,8.896158218383789,0.0,0.0,0.0,0.0,0.0,0.0,0.0,0.0,0.0,0.0,0.0,0.0,0.0,1.0,1.0,0.0,0,0,0,0,0,0,0,0.0,0.0,0.09371217215870882,0.0
5,1300,0,dpga,roi_reg,0.2988530397415161,0.0,global_ddp_mean,2,0.0,2.4798035621643066,2.4798035621643066,0.0,0.0,0.0,0.0,0.0,0.0,0.0,0.0,0.0,0.0,0.0,0.0,0.0,1.0,1.0,0.0,0,0,0,0,0,0,0,0.0,0.0,0.09371217215870882,0.0
5,1400,0,dpga,backbone,0.07272762060165405,-0.0,global_ddp_mean,2,0.0,9.15134048461914,9.15134048461914,0.0,0.0,0.0,0.0,0.0,0.0,0.0,0.0,0.0,0.0,0.0,0.0,0.0,1.0,1.0,0.0,0,0,0,0,0,0,0,0.0,0.0,0.09707464694014796,0.0
5,1400,0,dpga,fpn,0.07272762060165405,-0.0,global_ddp_mean,2,0.0,1.5890583992004395,1.5890583992004395,0.0,0.0,0.0,0.0,0.0,0.0,0.0,0.0,0.0,0.0,0.0,0.0,0.0,1.0,1.0,0.0,0,0,0,0,0,0,0,0.0,0.0,0.09707464694014796,0.0
5,1400,0,dpga,rpn,0.07272762060165405,-0.0,global_ddp_mean,2,0.0,1.000998616218567,1.000998616218567,0.0,0.0,0.0,0.0,0.0,0.0,0.0,0.0,0.0,0.0,0.0,0.0,0.0,1.0,1.0,0.0,0,0,0,0,0,0,0,0.0,0.0,0.09707464694014796,0.0
5,1400,0,dpga,roi_shared,0.07272762060165405,-0.0,global_ddp_mean,2,0.0,3.4633326530456543,3.4633326530456543,0.0,0.0,0.0,0.0,0.0,0.0,0.0,0.0,0.0,0.0,0.0,0.0,0.0,1.0,1.0,0.0,0,0,0,0,0,0,0,0.0,0.0,0.09707464694014796,0.0
5,1400,0,dpga,roi_cls,0.07272762060165405,-0.0,global_ddp_mean,2,0.0,3.321542263031006,3.321542263031006,0.0,0.0,0.0,0.0,0.0,0.0,0.0,0.0,0.0,0.0,0.0,0.0,0.0,1.0,1.0,0.0,0,0,0,0,0,0,0,0.0,0.0,0.09707464694014796,0.0
5,1400,0,dpga,roi_reg,0.07272762060165405,-0.0,global_ddp_mean,2,0.0,0.05970662459731102,0.05970662459731102,0.0,0.0,0.0,0.0,0.0,0.0,0.0,0.0,0.0,0.0,0.0,0.0,0.0,1.0,1.0,0.0,0,0,0,0,0,0,0,0.0,0.0,0.09707464694014796,0.0
6,0,0,dpga,backbone,0.005306433420628309,0.0,global_ddp_mean,2,0.0,1.5459859371185303,1.5459859371185303,0.0,0.0,0.0,0.0,0.0,0.0,0.0,0.0,0.0,0.0,0.0,0.0,0.0,1.0,1.0,0.0,0,0,0,0,0,0,0,0.0,0.0,0.1,0.0
6,0,0,dpga,fpn,0.005306433420628309,0.0,global_ddp_mean,2,0.0,0.1408693492412567,0.1408693492412567,0.0,0.0,0.0,0.0,0.0,0.0,0.0,0.0,0.0,0.0,0.0,0.0,0.0,1.0,1.0,0.0,0,0,0,0,0,0,0,0.0,0.0,0.1,0.0
6,0,0,dpga,rpn,0.005306433420628309,0.0,global_ddp_mean,2,0.0,0.2971550226211548,0.2971550226211548,0.0,0.0,0.0,0.0,0.0,0.0,0.0,0.0,0.0,0.0,0.0,0.0,0.0,1.0,1.0,0.0,0,0,0,0,0,0,0,0.0,0.0,0.1,0.0
6,0,0,dpga,roi_shared,0.005306433420628309,0.0,global_ddp_mean,2,0.0,0.0,0.0,0.0,0.0,0.0,0.0,0.0,0.0,0.0,0.0,0.0,0.0,0.0,0.0,0.0,0.0,0.0,90.0,0,0,0,0,0,0,0,0.0,0.0,0.1,0.0
6,0,0,dpga,roi_cls,0.005306433420628309,0.0,global_ddp_mean,2,0.0,0.0,0.0,0.0,0.0,0.0,0.0,0.0,0.0,0.0,0.0,0.0,0.0,0.0,0.0,0.0,0.0,0.0,90.0,0,0,0,0,0,0,0,0.0,0.0,0.1,0.0
6,0,0,dpga,roi_reg,0.005306433420628309,0.0,global_ddp_mean,2,0.0,0.0,0.0,0.0,0.0,0.0,0.0,0.0,0.0,0.0,0.0,0.0,0.0,0.0,0.0,0.0,0.0,0.0,90.0,0,0,0,0,0,0,0,0.0,0.0,0.1,0.0
6,100,0,dpga,backbone,0.3838673532009125,0.0,global_ddp_mean,2,0.0,11.021031379699707,11.021031379699707,0.0,0.0,0.0,0.0,0.0,0.0,0.0,0.0,0.0,0.0,0.0,0.0,0.0,1.0,1.0,0.0,0,0,0,0,0,0,0,0.0,0.0,0.10336247478143915,0.0
6,100,0,dpga,fpn,0.3838673532009125,0.0,global_ddp_mean,2,0.0,4.346577167510986,4.346577167510986,0.0,0.0,0.0,0.0,0.0,0.0,0.0,0.0,0.0,0.0,0.0,0.0,0.0,1.0,1.0,0.0,0,0,0,0,0,0,0,0.0,0.0,0.10336247478143915,0.0
6,100,0,dpga,rpn,0.3838673532009125,0.0,global_ddp_mean,2,0.0,1.4485350847244263,1.4485350847244263,0.0,0.0,0.0,0.0,0.0,0.0,0.0,0.0,0.0,0.0,0.0,0.0,0.0,1.0,1.0,0.0,0,0,0,0,0,0,0,0.0,0.0,0.10336247478143915,0.0
6,100,0,dpga,roi_shared,0.3838673532009125,0.0,global_ddp_mean,2,0.0,10.958438873291016,10.958438873291016,0.0,0.0,0.0,0.0,0.0,0.0,0.0,0.0,0.0,0.0,0.0,0.0,0.0,1.0,1.0,0.0,0,0,0,0,0,0,0,0.0,0.0,0.10336247478143915,0.0
6,100,0,dpga,roi_cls,0.3838673532009125,0.0,global_ddp_mean,2,0.0,8.315803527832031,8.315803527832031,0.0,0.0,0.0,0.0,0.0,0.0,0.0,0.0,0.0,0.0,0.0,0.0,0.0,1.0,1.0,0.0,0,0,0,0,0,0,0,0.0,0.0,0.10336247478143915,0.0
6,100,0,dpga,roi_reg,0.3838673532009125,0.0,global_ddp_mean,2,0.0,5.411734580993652,5.411734580993652,0.0,0.0,0.0,0.0,0.0,0.0,0.0,0.0,0.0,0.0,0.0,0.0,0.0,1.0,1.0,0.0,0,0,0,0,0,0,0,0.0,0.0,0.10336247478143915,0.0
6,200,0,dpga,backbone,1.424614429473877,-0.0,global_ddp_mean,2,0.0,36.2596549987793,36.2596549987793,0.0,0.0,0.0,0.0,0.0,0.0,0.0,0.0,0.0,0.0,0.0,0.0,0.0,1.0,1.0,0.0,0,0,0,0,0,0,0,0.0,0.0,0.10672494956287829,0.0
6,200,0,dpga,fpn,1.424614429473877,-0.0,global_ddp_mean,2,0.0,9.021907806396484,9.021907806396484,0.0,0.0,0.0,0.0,0.0,0.0,0.0,0.0,0.0,0.0,0.0,0.0,0.0,1.0,1.0,0.0,0,0,0,0,0,0,0,0.0,0.0,0.10672494956287829,0.0
6,200,0,dpga,rpn,1.424614429473877,-0.0,global_ddp_mean,2,0.0,6.707891941070557,6.707891941070557,0.0,0.0,0.0,0.0,0.0,0.0,0.0,0.0,0.0,0.0,0.0,0.0,0.0,1.0,1.0,0.0,0,0,0,0,0,0,0,0.0,0.0,0.10672494956287829,0.0
6,200,0,dpga,roi_shared,1.424614429473877,-0.0,global_ddp_mean,2,0.0,18.973472595214844,18.973472595214844,0.0,0.0,0.0,0.0,0.0,0.0,0.0,0.0,0.0,0.0,0.0,0.0,0.0,1.0,1.0,0.0,0,0,0,0,0,0,0,0.0,0.0,0.10672494956287829,0.0
6,200,0,dpga,roi_cls,1.424614429473877,-0.0,global_ddp_mean,2,0.0,18.851558685302734,18.851558685302734,0.0,0.0,0.0,0.0,0.0,0.0,0.0,0.0,0.0,0.0,0.0,0.0,0.0,1.0,1.0,0.0,0,0,0,0,0,0,0,0.0,0.0,0.10672494956287829,0.0
6,200,0,dpga,roi_reg,1.424614429473877,-0.0,global_ddp_mean,2,0.0,8.090097427368164,8.090097427368164,0.0,0.0,0.0,0.0,0.0,0.0,0.0,0.0,0.0,0.0,0.0,0.0,0.0,1.0,1.0,0.0,0,0,0,0,0,0,0,0.0,0.0,0.10672494956287829,0.0
6,300,0,dpga,backbone,0.18032561242580414,0.0,global_ddp_mean,2,0.0,6.01071834564209,6.01071834564209,0.0,0.0,0.0,0.0,0.0,0.0,0.0,0.0,0.0,0.0,0.0,0.0,0.0,1.0,1.0,0.0,0,0,0,0,0,0,0,0.0,0.0,0.11008742434431742,0.0
6,300,0,dpga,fpn,0.18032561242580414,0.0,global_ddp_mean,2,0.0,1.2008378505706787,1.2008378505706787,0.0,0.0,0.0,0.0,0.0,0.0,0.0,0.0,0.0,0.0,0.0,0.0,0.0,1.0,1.0,0.0,0,0,0,0,0,0,0,0.0,0.0,0.11008742434431742,0.0
6,300,0,dpga,rpn,0.18032561242580414,0.0,global_ddp_mean,2,0.0,2.084012031555176,2.084012031555176,0.0,0.0,0.0,0.0,0.0,0.0,0.0,0.0,0.0,0.0,0.0,0.0,0.0,1.0,1.0,0.0,0,0,0,0,0,0,0,0.0,0.0,0.11008742434431742,0.0
6,300,0,dpga,roi_shared,0.18032561242580414,0.0,global_ddp_mean,2,0.0,2.003262519836426,2.003262519836426,0.0,0.0,0.0,0.0,0.0,0.0,0.0,0.0,0.0,0.0,0.0,0.0,0.0,1.0,1.0,0.0,0,0,0,0,0,0,0,0.0,0.0,0.11008742434431742,0.0
6,300,0,dpga,roi_cls,0.18032561242580414,0.0,global_ddp_mean,2,0.0,1.3161671161651611,1.3161671161651611,0.0,0.0,0.0,0.0,0.0,0.0,0.0,0.0,0.0,0.0,0.0,0.0,0.0,1.0,1.0,0.0,0,0,0,0,0,0,0,0.0,0.0,0.11008742434431742,0.0
6,300,0,dpga,roi_reg,0.18032561242580414,0.0,global_ddp_mean,2,0.0,1.699478030204773,1.699478030204773,0.0,0.0,0.0,0.0,0.0,0.0,0.0,0.0,0.0,0.0,0.0,0.0,0.0,1.0,1.0,0.0,0,0,0,0,0,0,0,0.0,0.0,0.11008742434431742,0.0
6,400,0,dpga,backbone,0.04262315481901169,-0.0,global_ddp_mean,2,0.0,2.834897518157959,2.834897518157959,0.0,0.0,0.0,0.0,0.0,0.0,0.0,0.0,0.0,0.0,0.0,0.0,0.0,1.0,1.0,0.0,0,0,0,0,0,0,0,0.0,0.0,0.11344989912575656,0.0
6,400,0,dpga,fpn,0.04262315481901169,-0.0,global_ddp_mean,2,0.0,0.8302516341209412,0.8302516341209412,0.0,0.0,0.0,0.0,0.0,0.0,0.0,0.0,0.0,0.0,0.0,0.0,0.0,1.0,1.0,0.0,0,0,0,0,0,0,0,0.0,0.0,0.11344989912575656,0.0
6,400,0,dpga,rpn,0.04262315481901169,-0.0,global_ddp_mean,2,0.0,0.7244482636451721,0.7244482636451721,0.0,0.0,0.0,0.0,0.0,0.0,0.0,0.0,0.0,0.0,0.0,0.0,0.0,1.0,1.0,0.0,0,0,0,0,0,0,0,0.0,0.0,0.11344989912575656,0.0
6,400,0,dpga,roi_shared,0.04262315481901169,-0.0,global_ddp_mean,2,0.0,1.8027173280715942,1.8027173280715942,0.0,0.0,0.0,0.0,0.0,0.0,0.0,0.0,0.0,0.0,0.0,0.0,0.0,1.0,1.0,0.0,0,0,0,0,0,0,0,0.0,0.0,0.11344989912575656,0.0
6,400,0,dpga,roi_cls,0.04262315481901169,-0.0,global_ddp_mean,2,0.0,1.7297848463058472,1.7297848463058472,0.0,0.0,0.0,0.0,0.0,0.0,0.0,0.0,0.0,0.0,0.0,0.0,0.0,1.0,1.0,0.0,0,0,0,0,0,0,0,0.0,0.0,0.11344989912575656,0.0
6,400,0,dpga,roi_reg,0.04262315481901169,-0.0,global_ddp_mean,2,0.0,0.3203250467777252,0.3203250467777252,0.0,0.0,0.0,0.0,0.0,0.0,0.0,0.0,0.0,0.0,0.0,0.0,0.0,1.0,1.0,0.0,0,0,0,0,0,0,0,0.0,0.0,0.11344989912575656,0.0
6,500,0,dpga,backbone,0.2393115907907486,-0.0,global_ddp_mean,2,0.0,8.520901679992676,8.520901679992676,0.0,0.0,0.0,0.0,0.0,0.0,0.0,0.0,0.0,0.0,0.0,0.0,0.0,1.0,1.0,0.0,0,0,0,0,0,0,0,0.0,0.0,0.1168123739071957,0.0
6,500,0,dpga,fpn,0.2393115907907486,-0.0,global_ddp_mean,2,0.0,2.629971742630005,2.629971742630005,0.0,0.0,0.0,0.0,0.0,0.0,0.0,0.0,0.0,0.0,0.0,0.0,0.0,1.0,1.0,0.0,0,0,0,0,0,0,0,0.0,0.0,0.1168123739071957,0.0
6,500,0,dpga,rpn,0.2393115907907486,-0.0,global_ddp_mean,2,0.0,1.9681001901626587,1.9681001901626587,0.0,0.0,0.0,0.0,0.0,0.0,0.0,0.0,0.0,0.0,0.0,0.0,0.0,1.0,1.0,0.0,0,0,0,0,0,0,0,0.0,0.0,0.1168123739071957,0.0
6,500,0,dpga,roi_shared,0.2393115907907486,-0.0,global_ddp_mean,2,0.0,5.8236470222473145,5.8236470222473145,0.0,0.0,0.0,0.0,0.0,0.0,0.0,0.0,0.0,0.0,0.0,0.0,0.0,1.0,1.0,0.0,0,0,0,0,0,0,0,0.0,0.0,0.1168123739071957,0.0
6,500,0,dpga,roi_cls,0.2393115907907486,-0.0,global_ddp_mean,2,0.0,4.17746114730835,4.17746114730835,0.0,0.0,0.0,0.0,0.0,0.0,0.0,0.0,0.0,0.0,0.0,0.0,0.0,1.0,1.0,0.0,0,0,0,0,0,0,0,0.0,0.0,0.1168123739071957,0.0
6,500,0,dpga,roi_reg,0.2393115907907486,-0.0,global_ddp_mean,2,0.0,1.2361412048339844,1.2361412048339844,0.0,0.0,0.0,0.0,0.0,0.0,0.0,0.0,0.0,0.0,0.0,0.0,0.0,1.0,1.0,0.0,0,0,0,0,0,0,0,0.0,0.0,0.1168123739071957,0.0
6,600,0,dpga,backbone,0.1458205282688141,0.0,global_ddp_mean,2,0.0,15.486189842224121,15.486189842224121,0.0,0.0,0.0,0.0,0.0,0.0,0.0,0.0,0.0,0.0,0.0,0.0,0.0,1.0,1.0,0.0,0,0,0,0,0,0,0,0.0,0.0,0.12017484868863484,0.0
6,600,0,dpga,fpn,0.1458205282688141,0.0,global_ddp_mean,2,0.0,3.289547920227051,3.289547920227051,0.0,0.0,0.0,0.0,0.0,0.0,0.0,0.0,0.0,0.0,0.0,0.0,0.0,1.0,1.0,0.0,0,0,0,0,0,0,0,0.0,0.0,0.12017484868863484,0.0
6,600,0,dpga,rpn,0.1458205282688141,0.0,global_ddp_mean,2,0.0,2.5171070098876953,2.5171070098876953,0.0,0.0,0.0,0.0,0.0,0.0,0.0,0.0,0.0,0.0,0.0,0.0,0.0,1.0,1.0,0.0,0,0,0,0,0,0,0,0.0,0.0,0.12017484868863484,0.0
6,600,0,dpga,roi_shared,0.1458205282688141,0.0,global_ddp_mean,2,0.0,7.976726531982422,7.976726531982422,0.0,0.0,0.0,0.0,0.0,0.0,0.0,0.0,0.0,0.0,0.0,0.0,0.0,1.0,1.0,0.0,0,0,0,0,0,0,0,0.0,0.0,0.12017484868863484,0.0
6,600,0,dpga,roi_cls,0.1458205282688141,0.0,global_ddp_mean,2,0.0,9.090261459350586,9.090261459350586,0.0,0.0,0.0,0.0,0.0,0.0,0.0,0.0,0.0,0.0,0.0,0.0,0.0,1.0,1.0,0.0,0,0,0,0,0,0,0,0.0,0.0,0.12017484868863484,0.0
6,600,0,dpga,roi_reg,0.1458205282688141,0.0,global_ddp_mean,2,0.0,0.7879562377929688,0.7879562377929688,0.0,0.0,0.0,0.0,0.0,0.0,0.0,0.0,0.0,0.0,0.0,0.0,0.0,1.0,1.0,0.0,0,0,0,0,0,0,0,0.0,0.0,0.12017484868863484,0.0
6,700,0,dpga,backbone,0.6031048893928528,-0.0,global_ddp_mean,2,0.0,31.15707015991211,31.15707015991211,0.0,0.0,0.0,0.0,0.0,0.0,0.0,0.0,0.0,0.0,0.0,0.0,0.0,1.0,1.0,0.0,0,0,0,0,0,0,0,0.0,0.0,0.12353732347007398,0.0
6,700,0,dpga,fpn,0.6031048893928528,-0.0,global_ddp_mean,2,0.0,6.928533554077148,6.928533554077148,0.0,0.0,0.0,0.0,0.0,0.0,0.0,0.0,0.0,0.0,0.0,0.0,0.0,1.0,1.0,0.0,0,0,0,0,0,0,0,0.0,0.0,0.12353732347007398,0.0
6,700,0,dpga,rpn,0.6031048893928528,-0.0,global_ddp_mean,2,0.0,8.753816604614258,8.753816604614258,0.0,0.0,0.0,0.0,0.0,0.0,0.0,0.0,0.0,0.0,0.0,0.0,0.0,1.0,1.0,0.0,0,0,0,0,0,0,0,0.0,0.0,0.12353732347007398,0.0
6,700,0,dpga,roi_shared,0.6031048893928528,-0.0,global_ddp_mean,2,0.0,13.784238815307617,13.784238815307617,0.0,0.0,0.0,0.0,0.0,0.0,0.0,0.0,0.0,0.0,0.0,0.0,0.0,1.0,1.0,0.0,0,0,0,0,0,0,0,0.0,0.0,0.12353732347007398,0.0
6,700,0,dpga,roi_cls,0.6031048893928528,-0.0,global_ddp_mean,2,0.0,13.46076488494873,13.46076488494873,0.0,0.0,0.0,0.0,0.0,0.0,0.0,0.0,0.0,0.0,0.0,0.0,0.0,1.0,1.0,0.0,0,0,0,0,0,0,0,0.0,0.0,0.12353732347007398,0.0
6,700,0,dpga,roi_reg,0.6031048893928528,-0.0,global_ddp_mean,2,0.0,5.3853349685668945,5.3853349685668945,0.0,0.0,0.0,0.0,0.0,0.0,0.0,0.0,0.0,0.0,0.0,0.0,0.0,1.0,1.0,0.0,0,0,0,0,0,0,0,0.0,0.0,0.12353732347007398,0.0
6,800,0,dpga,backbone,0.06087858974933624,-0.0,global_ddp_mean,2,0.0,6.8972673416137695,6.8972673416137695,0.0,0.0,0.0,0.0,0.0,0.0,0.0,0.0,0.0,0.0,0.0,0.0,0.0,1.0,1.0,0.0,0,0,0,0,0,0,0,0.0,0.0,0.12689979825151312,0.0
6,800,0,dpga,fpn,0.06087858974933624,-0.0,global_ddp_mean,2,0.0,0.6525786519050598,0.6525786519050598,0.0,0.0,0.0,0.0,0.0,0.0,0.0,0.0,0.0,0.0,0.0,0.0,0.0,1.0,1.0,0.0,0,0,0,0,0,0,0,0.0,0.0,0.12689979825151312,0.0
6,800,0,dpga,rpn,0.06087858974933624,-0.0,global_ddp_mean,2,0.0,0.703402042388916,0.703402042388916,0.0,0.0,0.0,0.0,0.0,0.0,0.0,0.0,0.0,0.0,0.0,0.0,0.0,1.0,1.0,0.0,0,0,0,0,0,0,0,0.0,0.0,0.12689979825151312,0.0
6,800,0,dpga,roi_shared,0.06087858974933624,-0.0,global_ddp_mean,2,0.0,1.3452337980270386,1.3452337980270386,0.0,0.0,0.0,0.0,0.0,0.0,0.0,0.0,0.0,0.0,0.0,0.0,0.0,1.0,1.0,0.0,0,0,0,0,0,0,0,0.0,0.0,0.12689979825151312,0.0
6,800,0,dpga,roi_cls,0.06087858974933624,-0.0,global_ddp_mean,2,0.0,1.2118747234344482,1.2118747234344482,0.0,0.0,0.0,0.0,0.0,0.0,0.0,0.0,0.0,0.0,0.0,0.0,0.0,1.0,1.0,0.0,0,0,0,0,0,0,0,0.0,0.0,0.12689979825151312,0.0
6,800,0,dpga,roi_reg,0.06087858974933624,-0.0,global_ddp_mean,2,0.0,0.5182034969329834,0.5182034969329834,0.0,0.0,0.0,0.0,0.0,0.0,0.0,0.0,0.0,0.0,0.0,0.0,0.0,1.0,1.0,0.0,0,0,0,0,0,0,0,0.0,0.0,0.12689979825151312,0.0
6,900,0,dpga,backbone,0.05364690721035004,-0.0,global_ddp_mean,2,0.0,2.0632176399230957,2.0632176399230957,0.0,0.0,0.0,0.0,0.0,0.0,0.0,0.0,0.0,0.0,0.0,0.0,0.0,1.0,1.0,0.0,0,0,0,0,0,0,0,0.0,0.0,0.13026227303295226,0.0
6,900,0,dpga,fpn,0.05364690721035004,-0.0,global_ddp_mean,2,0.0,0.4703918397426605,0.4703918397426605,0.0,0.0,0.0,0.0,0.0,0.0,0.0,0.0,0.0,0.0,0.0,0.0,0.0,1.0,1.0,0.0,0,0,0,0,0,0,0,0.0,0.0,0.13026227303295226,0.0
6,900,0,dpga,rpn,0.05364690721035004,-0.0,global_ddp_mean,2,0.0,0.32164669036865234,0.32164669036865234,0.0,0.0,0.0,0.0,0.0,0.0,0.0,0.0,0.0,0.0,0.0,0.0,0.0,1.0,1.0,0.0,0,0,0,0,0,0,0,0.0,0.0,0.13026227303295226,0.0
6,900,0,dpga,roi_shared,0.05364690721035004,-0.0,global_ddp_mean,2,0.0,0.9966291785240173,0.9966291785240173,0.0,0.0,0.0,0.0,0.0,0.0,0.0,0.0,0.0,0.0,0.0,0.0,0.0,1.0,1.0,0.0,0,0,0,0,0,0,0,0.0,0.0,0.13026227303295226,0.0
6,900,0,dpga,roi_cls,0.05364690721035004,-0.0,global_ddp_mean,2,0.0,0.8565196990966797,0.8565196990966797,0.0,0.0,0.0,0.0,0.0,0.0,0.0,0.0,0.0,0.0,0.0,0.0,0.0,1.0,1.0,0.0,0,0,0,0,0,0,0,0.0,0.0,0.13026227303295226,0.0
6,900,0,dpga,roi_reg,0.05364690721035004,-0.0,global_ddp_mean,2,0.0,0.499396950006485,0.499396950006485,0.0,0.0,0.0,0.0,0.0,0.0,0.0,0.0,0.0,0.0,0.0,0.0,0.0,1.0,1.0,0.0,0,0,0,0,0,0,0,0.0,0.0,0.13026227303295226,0.0
6,1000,0,dpga,backbone,0.004028758499771357,0.0,global_ddp_mean,2,0.0,3.547322988510132,3.547322988510132,0.0,0.0,0.0,0.0,0.0,0.0,0.0,0.0,0.0,0.0,0.0,0.0,0.0,1.0,1.0,0.0,0,0,0,0,0,0,0,0.0,0.0,0.1336247478143914,0.0
6,1000,0,dpga,fpn,0.004028758499771357,0.0,global_ddp_mean,2,0.0,0.6808941960334778,0.6808941960334778,0.0,0.0,0.0,0.0,0.0,0.0,0.0,0.0,0.0,0.0,0.0,0.0,0.0,1.0,1.0,0.0,0,0,0,0,0,0,0,0.0,0.0,0.1336247478143914,0.0
6,1000,0,dpga,rpn,0.004028758499771357,0.0,global_ddp_mean,2,0.0,0.6859353184700012,0.6859353184700012,0.0,0.0,0.0,0.0,0.0,0.0,0.0,0.0,0.0,0.0,0.0,0.0,0.0,1.0,1.0,0.0,0,0,0,0,0,0,0,0.0,0.0,0.1336247478143914,0.0
6,1000,0,dpga,roi_shared,0.004028758499771357,0.0,global_ddp_mean,2,0.0,1.2562469244003296,1.2562469244003296,0.0,0.0,0.0,0.0,0.0,0.0,0.0,0.0,0.0,0.0,0.0,0.0,0.0,1.0,1.0,0.0,0,0,0,0,0,0,0,0.0,0.0,0.1336247478143914,0.0
6,1000,0,dpga,roi_cls,0.004028758499771357,0.0,global_ddp_mean,2,0.0,1.1616668701171875,1.1616668701171875,0.0,0.0,0.0,0.0,0.0,0.0,0.0,0.0,0.0,0.0,0.0,0.0,0.0,1.0,1.0,0.0,0,0,0,0,0,0,0,0.0,0.0,0.1336247478143914,0.0
6,1000,0,dpga,roi_reg,0.004028758499771357,0.0,global_ddp_mean,2,0.0,0.0,0.0,0.0,0.0,0.0,0.0,0.0,0.0,0.0,0.0,0.0,0.0,0.0,0.0,0.0,0.0,0.0,90.0,0,0,0,0,0,0,0,0.0,0.0,0.1336247478143914,0.0
6,1100,0,dpga,backbone,0.015840239822864532,0.0,global_ddp_mean,2,0.0,7.206380367279053,7.206380367279053,0.0,0.0,0.0,0.0,0.0,0.0,0.0,0.0,0.0,0.0,0.0,0.0,0.0,1.0,1.0,0.0,0,0,0,0,0,0,0,0.0,0.0,0.13698722259583054,0.0
6,1100,0,dpga,fpn,0.015840239822864532,0.0,global_ddp_mean,2,0.0,1.6585365533828735,1.6585365533828735,0.0,0.0,0.0,0.0,0.0,0.0,0.0,0.0,0.0,0.0,0.0,0.0,0.0,1.0,1.0,0.0,0,0,0,0,0,0,0,0.0,0.0,0.13698722259583054,0.0
6,1100,0,dpga,rpn,0.015840239822864532,0.0,global_ddp_mean,2,0.0,2.3973276615142822,2.3973276615142822,0.0,0.0,0.0,0.0,0.0,0.0,0.0,0.0,0.0,0.0,0.0,0.0,0.0,1.0,1.0,0.0,0,0,0,0,0,0,0,0.0,0.0,0.13698722259583054,0.0
6,1100,0,dpga,roi_shared,0.015840239822864532,0.0,global_ddp_mean,2,0.0,3.1999874114990234,3.1999874114990234,0.0,0.0,0.0,0.0,0.0,0.0,0.0,0.0,0.0,0.0,0.0,0.0,0.0,1.0,1.0,0.0,0,0,0,0,0,0,0,0.0,0.0,0.13698722259583054,0.0
6,1100,0,dpga,roi_cls,0.015840239822864532,0.0,global_ddp_mean,2,0.0,2.304823398590088,2.304823398590088,0.0,0.0,0.0,0.0,0.0,0.0,0.0,0.0,0.0,0.0,0.0,0.0,0.0,1.0,1.0,0.0,0,0,0,0,0,0,0,0.0,0.0,0.13698722259583054,0.0
6,1100,0,dpga,roi_reg,0.015840239822864532,0.0,global_ddp_mean,2,0.0,2.7860424518585205,2.7860424518585205,0.0,0.0,0.0,0.0,0.0,0.0,0.0,0.0,0.0,0.0,0.0,0.0,0.0,1.0,1.0,0.0,0,0,0,0,0,0,0,0.0,0.0,0.13698722259583054,0.0
6,1200,0,dpga,backbone,0.08525770902633667,-0.0,global_ddp_mean,2,0.0,16.235595703125,16.235595703125,0.0,0.0,0.0,0.0,0.0,0.0,0.0,0.0,0.0,0.0,0.0,0.0,0.0,1.0,1.0,0.0,0,0,0,0,0,0,0,0.0,0.0,0.14034969737726968,0.0
6,1200,0,dpga,fpn,0.08525770902633667,-0.0,global_ddp_mean,2,0.0,2.8579275608062744,2.8579275608062744,0.0,0.0,0.0,0.0,0.0,0.0,0.0,0.0,0.0,0.0,0.0,0.0,0.0,1.0,1.0,0.0,0,0,0,0,0,0,0,0.0,0.0,0.14034969737726968,0.0
6,1200,0,dpga,rpn,0.08525770902633667,-0.0,global_ddp_mean,2,0.0,2.149386167526245,2.149386167526245,0.0,0.0,0.0,0.0,0.0,0.0,0.0,0.0,0.0,0.0,0.0,0.0,0.0,1.0,1.0,0.0,0,0,0,0,0,0,0,0.0,0.0,0.14034969737726968,0.0
6,1200,0,dpga,roi_shared,0.08525770902633667,-0.0,global_ddp_mean,2,0.0,6.443060874938965,6.443060874938965,0.0,0.0,0.0,0.0,0.0,0.0,0.0,0.0,0.0,0.0,0.0,0.0,0.0,1.0,1.0,0.0,0,0,0,0,0,0,0,0.0,0.0,0.14034969737726968,0.0
6,1200,0,dpga,roi_cls,0.08525770902633667,-0.0,global_ddp_mean,2,0.0,7.774725437164307,7.774725437164307,0.0,0.0,0.0,0.0,0.0,0.0,0.0,0.0,0.0,0.0,0.0,0.0,0.0,1.0,1.0,0.0,0,0,0,0,0,0,0,0.0,0.0,0.14034969737726968,0.0
6,1200,0,dpga,roi_reg,0.08525770902633667,-0.0,global_ddp_mean,2,0.0,0.3941698670387268,0.3941698670387268,0.0,0.0,0.0,0.0,0.0,0.0,0.0,0.0,0.0,0.0,0.0,0.0,0.0,1.0,1.0,0.0,0,0,0,0,0,0,0,0.0,0.0,0.14034969737726968,0.0
6,1300,0,dpga,backbone,0.20923835039138794,-0.0,global_ddp_mean,2,0.0,7.371422290802002,7.371422290802002,0.0,0.0,0.0,0.0,0.0,0.0,0.0,0.0,0.0,0.0,0.0,0.0,0.0,1.0,1.0,0.0,0,0,0,0,0,0,0,0.0,0.0,0.14371217215870882,0.0
6,1300,0,dpga,fpn,0.20923835039138794,-0.0,global_ddp_mean,2,0.0,1.354175329208374,1.354175329208374,0.0,0.0,0.0,0.0,0.0,0.0,0.0,0.0,0.0,0.0,0.0,0.0,0.0,1.0,1.0,0.0,0,0,0,0,0,0,0,0.0,0.0,0.14371217215870882,0.0
6,1300,0,dpga,rpn,0.20923835039138794,-0.0,global_ddp_mean,2,0.0,1.8027970790863037,1.8027970790863037,0.0,0.0,0.0,0.0,0.0,0.0,0.0,0.0,0.0,0.0,0.0,0.0,0.0,1.0,1.0,0.0,0,0,0,0,0,0,0,0.0,0.0,0.14371217215870882,0.0
6,1300,0,dpga,roi_shared,0.20923835039138794,-0.0,global_ddp_mean,2,0.0,2.171398878097534,2.171398878097534,0.0,0.0,0.0,0.0,0.0,0.0,0.0,0.0,0.0,0.0,0.0,0.0,0.0,1.0,1.0,0.0,0,0,0,0,0,0,0,0.0,0.0,0.14371217215870882,0.0
6,1300,0,dpga,roi_cls,0.20923835039138794,-0.0,global_ddp_mean,2,0.0,1.3499501943588257,1.3499501943588257,0.0,0.0,0.0,0.0,0.0,0.0,0.0,0.0,0.0,0.0,0.0,0.0,0.0,1.0,1.0,0.0,0,0,0,0,0,0,0,0.0,0.0,0.14371217215870882,0.0
6,1300,0,dpga,roi_reg,0.20923835039138794,-0.0,global_ddp_mean,2,0.0,0.6209366321563721,0.6209366321563721,0.0,0.0,0.0,0.0,0.0,0.0,0.0,0.0,0.0,0.0,0.0,0.0,0.0,1.0,1.0,0.0,0,0,0,0,0,0,0,0.0,0.0,0.14371217215870882,0.0
6,1400,0,dpga,backbone,0.2434053122997284,-0.0,global_ddp_mean,2,0.0,10.505465507507324,10.505465507507324,0.0,0.0,0.0,0.0,0.0,0.0,0.0,0.0,0.0,0.0,0.0,0.0,0.0,1.0,1.0,0.0,0,0,0,0,0,0,0,0.0,0.0,0.14707464694014796,0.0
6,1400,0,dpga,fpn,0.2434053122997284,-0.0,global_ddp_mean,2,0.0,1.549611210823059,1.549611210823059,0.0,0.0,0.0,0.0,0.0,0.0,0.0,0.0,0.0,0.0,0.0,0.0,0.0,1.0,1.0,0.0,0,0,0,0,0,0,0,0.0,0.0,0.14707464694014796,0.0
6,1400,0,dpga,rpn,0.2434053122997284,-0.0,global_ddp_mean,2,0.0,2.147650718688965,2.147650718688965,0.0,0.0,0.0,0.0,0.0,0.0,0.0,0.0,0.0,0.0,0.0,0.0,0.0,1.0,1.0,0.0,0,0,0,0,0,0,0,0.0,0.0,0.14707464694014796,0.0
6,1400,0,dpga,roi_shared,0.2434053122997284,-0.0,global_ddp_mean,2,0.0,3.2155518531799316,3.2155518531799316,0.0,0.0,0.0,0.0,0.0,0.0,0.0,0.0,0.0,0.0,0.0,0.0,0.0,1.0,1.0,0.0,0,0,0,0,0,0,0,0.0,0.0,0.14707464694014796,0.0
6,1400,0,dpga,roi_cls,0.2434053122997284,-0.0,global_ddp_mean,2,0.0,2.0482351779937744,2.0482351779937744,0.0,0.0,0.0,0.0,0.0,0.0,0.0,0.0,0.0,0.0,0.0,0.0,0.0,1.0,1.0,0.0,0,0,0,0,0,0,0,0.0,0.0,0.14707464694014796,0.0
6,1400,0,dpga,roi_reg,0.2434053122997284,-0.0,global_ddp_mean,2,0.0,2.3609726428985596,2.3609726428985596,0.0,0.0,0.0,0.0,0.0,0.0,0.0,0.0,0.0,0.0,0.0,0.0,0.0,1.0,1.0,0.0,0,0,0,0,0,0,0,0.0,0.0,0.14707464694014796,0.0
7,0,0,dpga,backbone,0.05958417057991028,-0.0,global_ddp_mean,2,0.0,10.804978370666504,10.804978370666504,0.0,0.0,0.0,0.0,0.0,0.0,0.0,0.0,0.0,0.0,0.0,0.0,0.0,1.0,1.0,0.0,0,0,0,0,0,0,0,0.0,0.0,0.15000000000000002,0.0
7,0,0,dpga,fpn,0.05958417057991028,-0.0,global_ddp_mean,2,0.0,1.5015645027160645,1.5015645027160645,0.0,0.0,0.0,0.0,0.0,0.0,0.0,0.0,0.0,0.0,0.0,0.0,0.0,1.0,1.0,0.0,0,0,0,0,0,0,0,0.0,0.0,0.15000000000000002,0.0
7,0,0,dpga,rpn,0.05958417057991028,-0.0,global_ddp_mean,2,0.0,1.6686558723449707,1.6686558723449707,0.0,0.0,0.0,0.0,0.0,0.0,0.0,0.0,0.0,0.0,0.0,0.0,0.0,1.0,1.0,0.0,0,0,0,0,0,0,0,0.0,0.0,0.15000000000000002,0.0
7,0,0,dpga,roi_shared,0.05958417057991028,-0.0,global_ddp_mean,2,0.0,3.937528133392334,3.937528133392334,0.0,0.0,0.0,0.0,0.0,0.0,0.0,0.0,0.0,0.0,0.0,0.0,0.0,1.0,1.0,0.0,0,0,0,0,0,0,0,0.0,0.0,0.15000000000000002,0.0
7,0,0,dpga,roi_cls,0.05958417057991028,-0.0,global_ddp_mean,2,0.0,2.9659204483032227,2.9659204483032227,0.0,0.0,0.0,0.0,0.0,0.0,0.0,0.0,0.0,0.0,0.0,0.0,0.0,1.0,1.0,0.0,0,0,0,0,0,0,0,0.0,0.0,0.15000000000000002,0.0
7,0,0,dpga,roi_reg,0.05958417057991028,-0.0,global_ddp_mean,2,0.0,1.3624259233474731,1.3624259233474731,0.0,0.0,0.0,0.0,0.0,0.0,0.0,0.0,0.0,0.0,0.0,0.0,0.0,1.0,1.0,0.0,0,0,0,0,0,0,0,0.0,0.0,0.15000000000000002,0.0
7,100,0,dpga,backbone,0.15624451637268066,0.0,global_ddp_mean,2,0.0,5.073223114013672,5.073223114013672,0.0,0.0,0.0,0.0,0.0,0.0,0.0,0.0,0.0,0.0,0.0,0.0,0.0,1.0,1.0,0.0,0,0,0,0,0,0,0,0.0,0.0,0.15336247478143916,0.0
7,100,0,dpga,fpn,0.15624451637268066,0.0,global_ddp_mean,2,0.0,1.3713315725326538,1.3713315725326538,0.0,0.0,0.0,0.0,0.0,0.0,0.0,0.0,0.0,0.0,0.0,0.0,0.0,1.0,1.0,0.0,0,0,0,0,0,0,0,0.0,0.0,0.15336247478143916,0.0
7,100,0,dpga,rpn,0.15624451637268066,0.0,global_ddp_mean,2,0.0,1.4344907999038696,1.4344907999038696,0.0,0.0,0.0,0.0,0.0,0.0,0.0,0.0,0.0,0.0,0.0,0.0,0.0,1.0,1.0,0.0,0,0,0,0,0,0,0,0.0,0.0,0.15336247478143916,0.0
7,100,0,dpga,roi_shared,0.15624451637268066,0.0,global_ddp_mean,2,0.0,2.9985859394073486,2.9985859394073486,0.0,0.0,0.0,0.0,0.0,0.0,0.0,0.0,0.0,0.0,0.0,0.0,0.0,1.0,1.0,0.0,0,0,0,0,0,0,0,0.0,0.0,0.15336247478143916,0.0
7,100,0,dpga,roi_cls,0.15624451637268066,0.0,global_ddp_mean,2,0.0,2.972541570663452,2.972541570663452,0.0,0.0,0.0,0.0,0.0,0.0,0.0,0.0,0.0,0.0,0.0,0.0,0.0,1.0,1.0,0.0,0,0,0,0,0,0,0,0.0,0.0,0.15336247478143916,0.0
7,100,0,dpga,roi_reg,0.15624451637268066,0.0,global_ddp_mean,2,0.0,1.5182958841323853,1.5182958841323853,0.0,0.0,0.0,0.0,0.0,0.0,0.0,0.0,0.0,0.0,0.0,0.0,0.0,1.0,1.0,0.0,0,0,0,0,0,0,0,0.0,0.0,0.15336247478143916,0.0
7,200,0,dpga,backbone,0.051799822598695755,0.0,global_ddp_mean,2,0.0,10.92486572265625,10.92486572265625,0.0,0.0,0.0,0.0,0.0,0.0,0.0,0.0,0.0,0.0,0.0,0.0,0.0,1.0,1.0,0.0,0,0,0,0,0,0,0,0.0,0.0,0.1567249495628783,0.0
7,200,0,dpga,fpn,0.051799822598695755,0.0,global_ddp_mean,2,0.0,1.4388680458068848,1.4388680458068848,0.0,0.0,0.0,0.0,0.0,0.0,0.0,0.0,0.0,0.0,0.0,0.0,0.0,1.0,1.0,0.0,0,0,0,0,0,0,0,0.0,0.0,0.1567249495628783,0.0
7,200,0,dpga,rpn,0.051799822598695755,0.0,global_ddp_mean,2,0.0,1.240455150604248,1.240455150604248,0.0,0.0,0.0,0.0,0.0,0.0,0.0,0.0,0.0,0.0,0.0,0.0,0.0,1.0,1.0,0.0,0,0,0,0,0,0,0,0.0,0.0,0.1567249495628783,0.0
7,200,0,dpga,roi_shared,0.051799822598695755,0.0,global_ddp_mean,2,0.0,3.18686580657959,3.18686580657959,0.0,0.0,0.0,0.0,0.0,0.0,0.0,0.0,0.0,0.0,0.0,0.0,0.0,1.0,1.0,0.0,0,0,0,0,0,0,0,0.0,0.0,0.1567249495628783,0.0
7,200,0,dpga,roi_cls,0.051799822598695755,0.0,global_ddp_mean,2,0.0,3.074953079223633,3.074953079223633,0.0,0.0,0.0,0.0,0.0,0.0,0.0,0.0,0.0,0.0,0.0,0.0,0.0,1.0,1.0,0.0,0,0,0,0,0,0,0,0.0,0.0,0.1567249495628783,0.0
7,200,0,dpga,roi_reg,0.051799822598695755,0.0,global_ddp_mean,2,0.0,0.4653283953666687,0.4653283953666687,0.0,0.0,0.0,0.0,0.0,0.0,0.0,0.0,0.0,0.0,0.0,0.0,0.0,1.0,1.0,0.0,0,0,0,0,0,0,0,0.0,0.0,0.1567249495628783,0.0
7,300,0,dpga,backbone,0.6055094003677368,-0.0,global_ddp_mean,2,0.0,9.469437599182129,9.469437599182129,0.0,0.0,0.0,0.0,0.0,0.0,0.0,0.0,0.0,0.0,0.0,0.0,0.0,1.0,1.0,0.0,0,0,0,0,0,0,0,0.0,0.0,0.16008742434431744,0.0
7,300,0,dpga,fpn,0.6055094003677368,-0.0,global_ddp_mean,2,0.0,2.1874184608459473,2.1874184608459473,0.0,0.0,0.0,0.0,0.0,0.0,0.0,0.0,0.0,0.0,0.0,0.0,0.0,1.0,1.0,0.0,0,0,0,0,0,0,0,0.0,0.0,0.16008742434431744,0.0
7,300,0,dpga,rpn,0.6055094003677368,-0.0,global_ddp_mean,2,0.0,2.643052101135254,2.643052101135254,0.0,0.0,0.0,0.0,0.0,0.0,0.0,0.0,0.0,0.0,0.0,0.0,0.0,1.0,1.0,0.0,0,0,0,0,0,0,0,0.0,0.0,0.16008742434431744,0.0
7,300,0,dpga,roi_shared,0.6055094003677368,-0.0,global_ddp_mean,2,0.0,4.796319484710693,4.796319484710693,0.0,0.0,0.0,0.0,0.0,0.0,0.0,0.0,0.0,0.0,0.0,0.0,0.0,1.0,1.0,0.0,0,0,0,0,0,0,0,0.0,0.0,0.16008742434431744,0.0
7,300,0,dpga,roi_cls,0.6055094003677368,-0.0,global_ddp_mean,2,0.0,4.928063869476318,4.928063869476318,0.0,0.0,0.0,0.0,0.0,0.0,0.0,0.0,0.0,0.0,0.0,0.0,0.0,1.0,1.0,0.0,0,0,0,0,0,0,0,0.0,0.0,0.16008742434431744,0.0
7,300,0,dpga,roi_reg,0.6055094003677368,-0.0,global_ddp_mean,2,0.0,3.9323604106903076,3.9323604106903076,0.0,0.0,0.0,0.0,0.0,0.0,0.0,0.0,0.0,0.0,0.0,0.0,0.0,1.0,1.0,0.0,0,0,0,0,0,0,0,0.0,0.0,0.16008742434431744,0.0
7,400,0,dpga,backbone,0.17825061082839966,0.03983718529343605,global_ddp_mean,2,-0.10110870748758316,7.557946681976318,7.557946681976318,3.0827829837799072,3.0827829837799072,3.0669848918914795,0.7557947039604187,0.12353456754498904,0.7557947039604187,0.4078863100650763,0.4057960476494784,0.10000000473181253,0.016344990609630253,0.016344990609630253,1.5989260828672087e-10,1.5989260828672087e-10,1.0000000001598925,0.9998664547014261,0.936389996000167,1,0,0,0,0,1,1,0.2464292198419571,1.0,0.16344989912575658,0.16344989836215973
7,400,0,dpga,fpn,0.17825061082839966,0.03983718529343605,global_ddp_mean,2,0.06648872047662735,1.200804591178894,1.200804591178894,0.7933719158172607,0.7933719158172607,0.7933719158172607,0.18012069165706635,0.029440708744269406,0.18012069165706635,0.6607002685077721,0.6607002685077721,0.1500000024818628,0.02451748515998418,0.02451748515998418,0.001630136034922548,0.001630136034922548,1.0016301360349225,0.9997019065093158,1.399022391668046,0,0,0,0,0,0,1,0.22703184187412262,1.0,0.16344989912575658,0.16344989836215973
7,400,0,dpga,rpn,0.17825061082839966,0.03983718529343605,global_ddp_mean,2,0.0,1.7616395950317383,1.7616395950317383,0.0,0.0,0.0,0.0,0.0,0.0,0.0,0.0,0.0,0.0,0.0,0.0,0.0,1.0,1.0,0.0,0,0,0,0,0,0,0,0.0,0.0,0.16344989912575658,0.0
7,400,0,dpga,roi_shared,0.17825061082839966,0.03983718529343605,global_ddp_mean,2,0.14843396842479706,2.1560821533203125,2.1560821533203125,0.5358316898345947,0.5358316898345947,0.5358316898345947,0.5358316898345947,0.0875816352426888,0.5358316898345947,0.2485209986128902,0.2485209986128902,0.2485209986128902,0.040620731964139345,0.040620731964139345,0.006029496445757204,0.006029496445757204,1.0060294964457572,0.9992037737501477,2.286571027952079,0,0,0,0,0,0,0,1.0,1.0,0.16344989912575658,0.16344989836215973
7,400,0,dpga,roi_cls,0.17825061082839966,0.03983718529343605,global_ddp_mean,2,0.0,1.0227166414260864,1.0227166414260864,0.0,0.0,0.0,0.0,0.0,0.0,0.0,0.0,0.0,0.0,0.0,0.0,0.0,1.0,1.0,0.0,0,0,0,0,0,0,0,0.0,0.0,0.16344989912575658,0.0
7,400,0,dpga,roi_reg,0.17825061082839966,0.03983718529343605,global_ddp_mean,2,0.12372028082609177,2.6801016330718994,2.6801016330718994,1.2072619199752808,1.2072619199752808,1.2072619199752808,0.1340050846338272,0.02190311746341167,0.1340050846338272,0.45045378319908413,0.45045378319908413,0.050000001111984785,0.008172495099861787,0.008172495099861787,0.0010111033888047592,0.0010111033888047592,1.0010111033888047,0.9999671174437302,0.46464536181499183,0,0,0,0,0,0,1,0.11099918186664581,1.0,0.16344989912575658,0.16344989836215973
7,500,0,dpga,backbone,0.18009456992149353,0.0,global_ddp_mean,2,0.0,4.955648899078369,4.955648899078369,0.0,0.0,0.0,0.0,0.0,0.0,0.0,0.0,0.0,0.0,0.0,0.0,0.0,1.0,1.0,0.0,0,0,0,0,0,0,0,0.0,0.0,0.16681237390719572,0.0
7,500,0,dpga,fpn,0.18009456992149353,0.0,global_ddp_mean,2,0.0,1.0511925220489502,1.0511925220489502,0.0,0.0,0.0,0.0,0.0,0.0,0.0,0.0,0.0,0.0,0.0,0.0,0.0,1.0,1.0,0.0,0,0,0,0,0,0,0,0.0,0.0,0.16681237390719572,0.0
7,500,0,dpga,rpn,0.18009456992149353,0.0,global_ddp_mean,2,0.0,0.8525964021682739,0.8525964021682739,0.0,0.0,0.0,0.0,0.0,0.0,0.0,0.0,0.0,0.0,0.0,0.0,0.0,1.0,1.0,0.0,0,0,0,0,0,0,0,0.0,0.0,0.16681237390719572,0.0
7,500,0,dpga,roi_shared,0.18009456992149353,0.0,global_ddp_mean,2,0.0,2.2524423599243164,2.2524423599243164,0.0,0.0,0.0,0.0,0.0,0.0,0.0,0.0,0.0,0.0,0.0,0.0,0.0,1.0,1.0,0.0,0,0,0,0,0,0,0,0.0,0.0,0.16681237390719572,0.0
7,500,0,dpga,roi_cls,0.18009456992149353,0.0,global_ddp_mean,2,0.0,1.2899084091186523,1.2899084091186523,0.0,0.0,0.0,0.0,0.0,0.0,0.0,0.0,0.0,0.0,0.0,0.0,0.0,1.0,1.0,0.0,0,0,0,0,0,0,0,0.0,0.0,0.16681237390719572,0.0
7,500,0,dpga,roi_reg,0.18009456992149353,0.0,global_ddp_mean,2,0.0,0.8147550821304321,0.8147550821304321,0.0,0.0,0.0,0.0,0.0,0.0,0.0,0.0,0.0,0.0,0.0,0.0,0.0,1.0,1.0,0.0,0,0,0,0,0,0,0,0.0,0.0,0.16681237390719572,0.0
7,600,0,dpga,backbone,0.03353999927639961,0.0,global_ddp_mean,2,0.0,17.69212532043457,17.69212532043457,0.0,0.0,0.0,0.0,0.0,0.0,0.0,0.0,0.0,0.0,0.0,0.0,0.0,1.0,1.0,0.0,0,0,0,0,0,0,0,0.0,0.0,0.17017484868863486,0.0
7,600,0,dpga,fpn,0.03353999927639961,0.0,global_ddp_mean,2,0.0,4.843418598175049,4.843418598175049,0.0,0.0,0.0,0.0,0.0,0.0,0.0,0.0,0.0,0.0,0.0,0.0,0.0,1.0,1.0,0.0,0,0,0,0,0,0,0,0.0,0.0,0.17017484868863486,0.0
7,600,0,dpga,rpn,0.03353999927639961,0.0,global_ddp_mean,2,0.0,4.033695697784424,4.033695697784424,0.0,0.0,0.0,0.0,0.0,0.0,0.0,0.0,0.0,0.0,0.0,0.0,0.0,1.0,1.0,0.0,0,0,0,0,0,0,0,0.0,0.0,0.17017484868863486,0.0
7,600,0,dpga,roi_shared,0.03353999927639961,0.0,global_ddp_mean,2,0.0,10.180915832519531,10.180915832519531,0.0,0.0,0.0,0.0,0.0,0.0,0.0,0.0,0.0,0.0,0.0,0.0,0.0,1.0,1.0,0.0,0,0,0,0,0,0,0,0.0,0.0,0.17017484868863486,0.0
7,600,0,dpga,roi_cls,0.03353999927639961,0.0,global_ddp_mean,2,0.0,8.219860076904297,8.219860076904297,0.0,0.0,0.0,0.0,0.0,0.0,0.0,0.0,0.0,0.0,0.0,0.0,0.0,1.0,1.0,0.0,0,0,0,0,0,0,0,0.0,0.0,0.17017484868863486,0.0
7,600,0,dpga,roi_reg,0.03353999927639961,0.0,global_ddp_mean,2,0.0,3.640961170196533,3.640961170196533,0.0,0.0,0.0,0.0,0.0,0.0,0.0,0.0,0.0,0.0,0.0,0.0,0.0,1.0,1.0,0.0,0,0,0,0,0,0,0,0.0,0.0,0.17017484868863486,0.0
7,700,0,dpga,backbone,1.0748180150985718,-0.0,global_ddp_mean,2,0.0,34.628360748291016,34.628360748291016,0.0,0.0,0.0,0.0,0.0,0.0,0.0,0.0,0.0,0.0,0.0,0.0,0.0,1.0,1.0,0.0,0,0,0,0,0,0,0,0.0,0.0,0.173537323470074,0.0
7,700,0,dpga,fpn,1.0748180150985718,-0.0,global_ddp_mean,2,0.0,8.111371040344238,8.111371040344238,0.0,0.0,0.0,0.0,0.0,0.0,0.0,0.0,0.0,0.0,0.0,0.0,0.0,1.0,1.0,0.0,0,0,0,0,0,0,0,0.0,0.0,0.173537323470074,0.0
7,700,0,dpga,rpn,1.0748180150985718,-0.0,global_ddp_mean,2,0.0,2.0228898525238037,2.0228898525238037,0.0,0.0,0.0,0.0,0.0,0.0,0.0,0.0,0.0,0.0,0.0,0.0,0.0,1.0,1.0,0.0,0,0,0,0,0,0,0,0.0,0.0,0.173537323470074,0.0
7,700,0,dpga,roi_shared,1.0748180150985718,-0.0,global_ddp_mean,2,0.0,18.14813232421875,18.14813232421875,0.0,0.0,0.0,0.0,0.0,0.0,0.0,0.0,0.0,0.0,0.0,0.0,0.0,1.0,1.0,0.0,0,0,0,0,0,0,0,0.0,0.0,0.173537323470074,0.0
7,700,0,dpga,roi_cls,1.0748180150985718,-0.0,global_ddp_mean,2,0.0,15.182226181030273,15.182226181030273,0.0,0.0,0.0,0.0,0.0,0.0,0.0,0.0,0.0,0.0,0.0,0.0,0.0,1.0,1.0,0.0,0,0,0,0,0,0,0,0.0,0.0,0.173537323470074,0.0
7,700,0,dpga,roi_reg,1.0748180150985718,-0.0,global_ddp_mean,2,0.0,5.337118148803711,5.337118148803711,0.0,0.0,0.0,0.0,0.0,0.0,0.0,0.0,0.0,0.0,0.0,0.0,0.0,1.0,1.0,0.0,0,0,0,0,0,0,0,0.0,0.0,0.173537323470074,0.0
7,800,0,dpga,backbone,0.31600984930992126,0.0,global_ddp_mean,2,0.0,7.682557582855225,7.682557582855225,0.0,0.0,0.0,0.0,0.0,0.0,0.0,0.0,0.0,0.0,0.0,0.0,0.0,1.0,1.0,0.0,0,0,0,0,0,0,0,0.0,0.0,0.17689979825151314,0.0
7,800,0,dpga,fpn,0.31600984930992126,0.0,global_ddp_mean,2,0.0,1.0808466672897339,1.0808466672897339,0.0,0.0,0.0,0.0,0.0,0.0,0.0,0.0,0.0,0.0,0.0,0.0,0.0,1.0,1.0,0.0,0,0,0,0,0,0,0,0.0,0.0,0.17689979825151314,0.0
7,800,0,dpga,rpn,0.31600984930992126,0.0,global_ddp_mean,2,0.0,1.6877070665359497,1.6877070665359497,0.0,0.0,0.0,0.0,0.0,0.0,0.0,0.0,0.0,0.0,0.0,0.0,0.0,1.0,1.0,0.0,0,0,0,0,0,0,0,0.0,0.0,0.17689979825151314,0.0
7,800,0,dpga,roi_shared,0.31600984930992126,0.0,global_ddp_mean,2,0.0,1.8125485181808472,1.8125485181808472,0.0,0.0,0.0,0.0,0.0,0.0,0.0,0.0,0.0,0.0,0.0,0.0,0.0,1.0,1.0,0.0,0,0,0,0,0,0,0,0.0,0.0,0.17689979825151314,0.0
7,800,0,dpga,roi_cls,0.31600984930992126,0.0,global_ddp_mean,2,0.0,1.1551122665405273,1.1551122665405273,0.0,0.0,0.0,0.0,0.0,0.0,0.0,0.0,0.0,0.0,0.0,0.0,0.0,1.0,1.0,0.0,0,0,0,0,0,0,0,0.0,0.0,0.17689979825151314,0.0
7,800,0,dpga,roi_reg,0.31600984930992126,0.0,global_ddp_mean,2,0.0,0.7953569293022156,0.7953569293022156,0.0,0.0,0.0,0.0,0.0,0.0,0.0,0.0,0.0,0.0,0.0,0.0,0.0,1.0,1.0,0.0,0,0,0,0,0,0,0,0.0,0.0,0.17689979825151314,0.0
7,900,0,dpga,backbone,1.4148318767547607,-0.0,global_ddp_mean,2,0.0,34.53215408325195,34.53215408325195,0.0,0.0,0.0,0.0,0.0,0.0,0.0,0.0,0.0,0.0,0.0,0.0,0.0,1.0,1.0,0.0,0,0,0,0,0,0,0,0.0,0.0,0.18026227303295228,0.0
7,900,0,dpga,fpn,1.4148318767547607,-0.0,global_ddp_mean,2,0.0,6.918937683105469,6.918937683105469,0.0,0.0,0.0,0.0,0.0,0.0,0.0,0.0,0.0,0.0,0.0,0.0,0.0,1.0,1.0,0.0,0,0,0,0,0,0,0,0.0,0.0,0.18026227303295228,0.0
7,900,0,dpga,rpn,1.4148318767547607,-0.0,global_ddp_mean,2,0.0,8.942146301269531,8.942146301269531,0.0,0.0,0.0,0.0,0.0,0.0,0.0,0.0,0.0,0.0,0.0,0.0,0.0,1.0,1.0,0.0,0,0,0,0,0,0,0,0.0,0.0,0.18026227303295228,0.0
7,900,0,dpga,roi_shared,1.4148318767547607,-0.0,global_ddp_mean,2,0.0,13.755586624145508,13.755586624145508,0.0,0.0,0.0,0.0,0.0,0.0,0.0,0.0,0.0,0.0,0.0,0.0,0.0,1.0,1.0,0.0,0,0,0,0,0,0,0,0.0,0.0,0.18026227303295228,0.0
7,900,0,dpga,roi_cls,1.4148318767547607,-0.0,global_ddp_mean,2,0.0,14.954668998718262,14.954668998718262,0.0,0.0,0.0,0.0,0.0,0.0,0.0,0.0,0.0,0.0,0.0,0.0,0.0,1.0,1.0,0.0,0,0,0,0,0,0,0,0.0,0.0,0.18026227303295228,0.0
7,900,0,dpga,roi_reg,1.4148318767547607,-0.0,global_ddp_mean,2,0.0,5.181156158447266,5.181156158447266,0.0,0.0,0.0,0.0,0.0,0.0,0.0,0.0,0.0,0.0,0.0,0.0,0.0,1.0,1.0,0.0,0,0,0,0,0,0,0,0.0,0.0,0.18026227303295228,0.0
7,1000,0,dpga,backbone,0.3467376232147217,-0.0,global_ddp_mean,2,0.0,10.418718338012695,10.418718338012695,0.0,0.0,0.0,0.0,0.0,0.0,0.0,0.0,0.0,0.0,0.0,0.0,0.0,1.0,1.0,0.0,0,0,0,0,0,0,0,0.0,0.0,0.18362474781439142,0.0
7,1000,0,dpga,fpn,0.3467376232147217,-0.0,global_ddp_mean,2,0.0,2.110208749771118,2.110208749771118,0.0,0.0,0.0,0.0,0.0,0.0,0.0,0.0,0.0,0.0,0.0,0.0,0.0,1.0,1.0,0.0,0,0,0,0,0,0,0,0.0,0.0,0.18362474781439142,0.0
7,1000,0,dpga,rpn,0.3467376232147217,-0.0,global_ddp_mean,2,0.0,2.221116781234741,2.221116781234741,0.0,0.0,0.0,0.0,0.0,0.0,0.0,0.0,0.0,0.0,0.0,0.0,0.0,1.0,1.0,0.0,0,0,0,0,0,0,0,0.0,0.0,0.18362474781439142,0.0
7,1000,0,dpga,roi_shared,0.3467376232147217,-0.0,global_ddp_mean,2,0.0,4.150540351867676,4.150540351867676,0.0,0.0,0.0,0.0,0.0,0.0,0.0,0.0,0.0,0.0,0.0,0.0,0.0,1.0,1.0,0.0,0,0,0,0,0,0,0,0.0,0.0,0.18362474781439142,0.0
7,1000,0,dpga,roi_cls,0.3467376232147217,-0.0,global_ddp_mean,2,0.0,3.2578558921813965,3.2578558921813965,0.0,0.0,0.0,0.0,0.0,0.0,0.0,0.0,0.0,0.0,0.0,0.0,0.0,1.0,1.0,0.0,0,0,0,0,0,0,0,0.0,0.0,0.18362474781439142,0.0
7,1000,0,dpga,roi_reg,0.3467376232147217,-0.0,global_ddp_mean,2,0.0,1.1859701871871948,1.1859701871871948,0.0,0.0,0.0,0.0,0.0,0.0,0.0,0.0,0.0,0.0,0.0,0.0,0.0,1.0,1.0,0.0,0,0,0,0,0,0,0,0.0,0.0,0.18362474781439142,0.0
7,1100,0,dpga,backbone,0.12519004940986633,-0.0,global_ddp_mean,2,0.0,14.629531860351562,14.629531860351562,0.0,0.0,0.0,0.0,0.0,0.0,0.0,0.0,0.0,0.0,0.0,0.0,0.0,1.0,1.0,0.0,0,0,0,0,0,0,0,0.0,0.0,0.18698722259583056,0.0
7,1100,0,dpga,fpn,0.12519004940986633,-0.0,global_ddp_mean,2,0.0,2.8926799297332764,2.8926799297332764,0.0,0.0,0.0,0.0,0.0,0.0,0.0,0.0,0.0,0.0,0.0,0.0,0.0,1.0,1.0,0.0,0,0,0,0,0,0,0,0.0,0.0,0.18698722259583056,0.0
7,1100,0,dpga,rpn,0.12519004940986633,-0.0,global_ddp_mean,2,0.0,1.8250653743743896,1.8250653743743896,0.0,0.0,0.0,0.0,0.0,0.0,0.0,0.0,0.0,0.0,0.0,0.0,0.0,1.0,1.0,0.0,0,0,0,0,0,0,0,0.0,0.0,0.18698722259583056,0.0
7,1100,0,dpga,roi_shared,0.12519004940986633,-0.0,global_ddp_mean,2,0.0,6.428272724151611,6.428272724151611,0.0,0.0,0.0,0.0,0.0,0.0,0.0,0.0,0.0,0.0,0.0,0.0,0.0,1.0,1.0,0.0,0,0,0,0,0,0,0,0.0,0.0,0.18698722259583056,0.0
7,1100,0,dpga,roi_cls,0.12519004940986633,-0.0,global_ddp_mean,2,0.0,5.446244716644287,5.446244716644287,0.0,0.0,0.0,0.0,0.0,0.0,0.0,0.0,0.0,0.0,0.0,0.0,0.0,1.0,1.0,0.0,0,0,0,0,0,0,0,0.0,0.0,0.18698722259583056,0.0
7,1100,0,dpga,roi_reg,0.12519004940986633,-0.0,global_ddp_mean,2,0.0,1.4317095279693604,1.4317095279693604,0.0,0.0,0.0,0.0,0.0,0.0,0.0,0.0,0.0,0.0,0.0,0.0,0.0,1.0,1.0,0.0,0,0,0,0,0,0,0,0.0,0.0,0.18698722259583056,0.0
7,1200,0,dpga,backbone,0.27960509061813354,-0.0,global_ddp_mean,2,0.0,16.497459411621094,16.497459411621094,0.0,0.0,0.0,0.0,0.0,0.0,0.0,0.0,0.0,0.0,0.0,0.0,0.0,1.0,1.0,0.0,0,0,0,0,0,0,0,0.0,0.0,0.1903496973772697,0.0
7,1200,0,dpga,fpn,0.27960509061813354,-0.0,global_ddp_mean,2,0.0,5.122661113739014,5.122661113739014,0.0,0.0,0.0,0.0,0.0,0.0,0.0,0.0,0.0,0.0,0.0,0.0,0.0,1.0,1.0,0.0,0,0,0,0,0,0,0,0.0,0.0,0.1903496973772697,0.0
7,1200,0,dpga,rpn,0.27960509061813354,-0.0,global_ddp_mean,2,0.0,3.1130380630493164,3.1130380630493164,0.0,0.0,0.0,0.0,0.0,0.0,0.0,0.0,0.0,0.0,0.0,0.0,0.0,1.0,1.0,0.0,0,0,0,0,0,0,0,0.0,0.0,0.1903496973772697,0.0
7,1200,0,dpga,roi_shared,0.27960509061813354,-0.0,global_ddp_mean,2,0.0,11.044840812683105,11.044840812683105,0.0,0.0,0.0,0.0,0.0,0.0,0.0,0.0,0.0,0.0,0.0,0.0,0.0,1.0,1.0,0.0,0,0,0,0,0,0,0,0.0,0.0,0.1903496973772697,0.0
7,1200,0,dpga,roi_cls,0.27960509061813354,-0.0,global_ddp_mean,2,0.0,10.139446258544922,10.139446258544922,0.0,0.0,0.0,0.0,0.0,0.0,0.0,0.0,0.0,0.0,0.0,0.0,0.0,1.0,1.0,0.0,0,0,0,0,0,0,0,0.0,0.0,0.1903496973772697,0.0
7,1200,0,dpga,roi_reg,0.27960509061813354,-0.0,global_ddp_mean,2,0.0,1.3562688827514648,1.3562688827514648,0.0,0.0,0.0,0.0,0.0,0.0,0.0,0.0,0.0,0.0,0.0,0.0,0.0,1.0,1.0,0.0,0,0,0,0,0,0,0,0.0,0.0,0.1903496973772697,0.0
7,1300,0,dpga,backbone,0.49092209339141846,0.0,global_ddp_mean,2,0.0,15.248973846435547,15.248973846435547,0.0,0.0,0.0,0.0,0.0,0.0,0.0,0.0,0.0,0.0,0.0,0.0,0.0,1.0,1.0,0.0,0,0,0,0,0,0,0,0.0,0.0,0.19371217215870884,0.0
7,1300,0,dpga,fpn,0.49092209339141846,0.0,global_ddp_mean,2,0.0,3.6200027465820312,3.6200027465820312,0.0,0.0,0.0,0.0,0.0,0.0,0.0,0.0,0.0,0.0,0.0,0.0,0.0,1.0,1.0,0.0,0,0,0,0,0,0,0,0.0,0.0,0.19371217215870884,0.0
7,1300,0,dpga,rpn,0.49092209339141846,0.0,global_ddp_mean,2,0.0,5.541318416595459,5.541318416595459,0.0,0.0,0.0,0.0,0.0,0.0,0.0,0.0,0.0,0.0,0.0,0.0,0.0,1.0,1.0,0.0,0,0,0,0,0,0,0,0.0,0.0,0.19371217215870884,0.0
7,1300,0,dpga,roi_shared,0.49092209339141846,0.0,global_ddp_mean,2,0.0,7.331295967102051,7.331295967102051,0.0,0.0,0.0,0.0,0.0,0.0,0.0,0.0,0.0,0.0,0.0,0.0,0.0,1.0,1.0,0.0,0,0,0,0,0,0,0,0.0,0.0,0.19371217215870884,0.0
7,1300,0,dpga,roi_cls,0.49092209339141846,0.0,global_ddp_mean,2,0.0,6.302993297576904,6.302993297576904,0.0,0.0,0.0,0.0,0.0,0.0,0.0,0.0,0.0,0.0,0.0,0.0,0.0,1.0,1.0,0.0,0,0,0,0,0,0,0,0.0,0.0,0.19371217215870884,0.0
7,1300,0,dpga,roi_reg,0.49092209339141846,0.0,global_ddp_mean,2,0.0,5.62911319732666,5.62911319732666,0.0,0.0,0.0,0.0,0.0,0.0,0.0,0.0,0.0,0.0,0.0,0.0,0.0,1.0,1.0,0.0,0,0,0,0,0,0,0,0.0,0.0,0.19371217215870884,0.0
7,1400,0,dpga,backbone,0.2744353115558624,-0.0,global_ddp_mean,2,0.0,17.64891815185547,17.64891815185547,0.0,0.0,0.0,0.0,0.0,0.0,0.0,0.0,0.0,0.0,0.0,0.0,0.0,1.0,1.0,0.0,0,0,0,0,0,0,0,0.0,0.0,0.19707464694014798,0.0
7,1400,0,dpga,fpn,0.2744353115558624,-0.0,global_ddp_mean,2,0.0,1.7222539186477661,1.7222539186477661,0.0,0.0,0.0,0.0,0.0,0.0,0.0,0.0,0.0,0.0,0.0,0.0,0.0,1.0,1.0,0.0,0,0,0,0,0,0,0,0.0,0.0,0.19707464694014798,0.0
7,1400,0,dpga,rpn,0.2744353115558624,-0.0,global_ddp_mean,2,0.0,3.070594072341919,3.070594072341919,0.0,0.0,0.0,0.0,0.0,0.0,0.0,0.0,0.0,0.0,0.0,0.0,0.0,1.0,1.0,0.0,0,0,0,0,0,0,0,0.0,0.0,0.19707464694014798,0.0
7,1400,0,dpga,roi_shared,0.2744353115558624,-0.0,global_ddp_mean,2,0.0,2.7053165435791016,2.7053165435791016,0.0,0.0,0.0,0.0,0.0,0.0,0.0,0.0,0.0,0.0,0.0,0.0,0.0,1.0,1.0,0.0,0,0,0,0,0,0,0,0.0,0.0,0.19707464694014798,0.0
7,1400,0,dpga,roi_cls,0.2744353115558624,-0.0,global_ddp_mean,2,0.0,2.28509259223938,2.28509259223938,0.0,0.0,0.0,0.0,0.0,0.0,0.0,0.0,0.0,0.0,0.0,0.0,0.0,1.0,1.0,0.0,0,0,0,0,0,0,0,0.0,0.0,0.19707464694014798,0.0
7,1400,0,dpga,roi_reg,0.2744353115558624,-0.0,global_ddp_mean,2,0.0,2.2244839668273926,2.2244839668273926,0.0,0.0,0.0,0.0,0.0,0.0,0.0,0.0,0.0,0.0,0.0,0.0,0.0,1.0,1.0,0.0,0,0,0,0,0,0,0,0.0,0.0,0.19707464694014798,0.0
8,0,0,dpga,backbone,0.1579262614250183,-0.0,global_ddp_mean,2,0.0,8.379960060119629,8.379960060119629,0.0,0.0,0.0,0.0,0.0,0.0,0.0,0.0,0.0,0.0,0.0,0.0,0.0,1.0,1.0,0.0,0,0,0,0,0,0,0,0.0,0.0,0.2,0.0
8,0,0,dpga,fpn,0.1579262614250183,-0.0,global_ddp_mean,2,0.0,1.873803973197937,1.873803973197937,0.0,0.0,0.0,0.0,0.0,0.0,0.0,0.0,0.0,0.0,0.0,0.0,0.0,1.0,1.0,0.0,0,0,0,0,0,0,0,0.0,0.0,0.2,0.0
8,0,0,dpga,rpn,0.1579262614250183,-0.0,global_ddp_mean,2,0.0,2.1607930660247803,2.1607930660247803,0.0,0.0,0.0,0.0,0.0,0.0,0.0,0.0,0.0,0.0,0.0,0.0,0.0,1.0,1.0,0.0,0,0,0,0,0,0,0,0.0,0.0,0.2,0.0
8,0,0,dpga,roi_shared,0.1579262614250183,-0.0,global_ddp_mean,2,0.0,2.901292324066162,2.901292324066162,0.0,0.0,0.0,0.0,0.0,0.0,0.0,0.0,0.0,0.0,0.0,0.0,0.0,1.0,1.0,0.0,0,0,0,0,0,0,0,0.0,0.0,0.2,0.0
8,0,0,dpga,roi_cls,0.1579262614250183,-0.0,global_ddp_mean,2,0.0,2.657569646835327,2.657569646835327,0.0,0.0,0.0,0.0,0.0,0.0,0.0,0.0,0.0,0.0,0.0,0.0,0.0,1.0,1.0,0.0,0,0,0,0,0,0,0,0.0,0.0,0.2,0.0
8,0,0,dpga,roi_reg,0.1579262614250183,-0.0,global_ddp_mean,2,0.0,1.5261235237121582,1.5261235237121582,0.0,0.0,0.0,0.0,0.0,0.0,0.0,0.0,0.0,0.0,0.0,0.0,0.0,1.0,1.0,0.0,0,0,0,0,0,0,0,0.0,0.0,0.2,0.0
8,100,0,dpga,backbone,0.11405050754547119,-0.0,global_ddp_mean,2,0.0,5.859247207641602,5.859247207641602,0.0,0.0,0.0,0.0,0.0,0.0,0.0,0.0,0.0,0.0,0.0,0.0,0.0,1.0,1.0,0.0,0,0,0,0,0,0,0,0.0,0.0,0.2,0.0
8,100,0,dpga,fpn,0.11405050754547119,-0.0,global_ddp_mean,2,0.0,1.4812043905258179,1.4812043905258179,0.0,0.0,0.0,0.0,0.0,0.0,0.0,0.0,0.0,0.0,0.0,0.0,0.0,1.0,1.0,0.0,0,0,0,0,0,0,0,0.0,0.0,0.2,0.0
8,100,0,dpga,rpn,0.11405050754547119,-0.0,global_ddp_mean,2,0.0,1.3327473402023315,1.3327473402023315,0.0,0.0,0.0,0.0,0.0,0.0,0.0,0.0,0.0,0.0,0.0,0.0,0.0,1.0,1.0,0.0,0,0,0,0,0,0,0,0.0,0.0,0.2,0.0
8,100,0,dpga,roi_shared,0.11405050754547119,-0.0,global_ddp_mean,2,0.0,3.3009049892425537,3.3009049892425537,0.0,0.0,0.0,0.0,0.0,0.0,0.0,0.0,0.0,0.0,0.0,0.0,0.0,1.0,1.0,0.0,0,0,0,0,0,0,0,0.0,0.0,0.2,0.0
8,100,0,dpga,roi_cls,0.11405050754547119,-0.0,global_ddp_mean,2,0.0,2.965731620788574,2.965731620788574,0.0,0.0,0.0,0.0,0.0,0.0,0.0,0.0,0.0,0.0,0.0,0.0,0.0,1.0,1.0,0.0,0,0,0,0,0,0,0,0.0,0.0,0.2,0.0
8,100,0,dpga,roi_reg,0.11405050754547119,-0.0,global_ddp_mean,2,0.0,0.28502488136291504,0.28502488136291504,0.0,0.0,0.0,0.0,0.0,0.0,0.0,0.0,0.0,0.0,0.0,0.0,0.0,1.0,1.0,0.0,0,0,0,0,0,0,0,0.0,0.0,0.2,0.0
8,200,0,dpga,backbone,0.21187661588191986,-0.0,global_ddp_mean,2,0.0,8.891705513000488,8.891705513000488,0.0,0.0,0.0,0.0,0.0,0.0,0.0,0.0,0.0,0.0,0.0,0.0,0.0,1.0,1.0,0.0,0,0,0,0,0,0,0,0.0,0.0,0.2,0.0
8,200,0,dpga,fpn,0.21187661588191986,-0.0,global_ddp_mean,2,0.0,1.3674741983413696,1.3674741983413696,0.0,0.0,0.0,0.0,0.0,0.0,0.0,0.0,0.0,0.0,0.0,0.0,0.0,1.0,1.0,0.0,0,0,0,0,0,0,0,0.0,0.0,0.2,0.0
8,200,0,dpga,rpn,0.21187661588191986,-0.0,global_ddp_mean,2,0.0,2.8136391639709473,2.8136391639709473,0.0,0.0,0.0,0.0,0.0,0.0,0.0,0.0,0.0,0.0,0.0,0.0,0.0,1.0,1.0,0.0,0,0,0,0,0,0,0,0.0,0.0,0.2,0.0
8,200,0,dpga,roi_shared,0.21187661588191986,-0.0,global_ddp_mean,2,0.0,2.376110553741455,2.376110553741455,0.0,0.0,0.0,0.0,0.0,0.0,0.0,0.0,0.0,0.0,0.0,0.0,0.0,1.0,1.0,0.0,0,0,0,0,0,0,0,0.0,0.0,0.2,0.0
8,200,0,dpga,roi_cls,0.21187661588191986,-0.0,global_ddp_mean,2,0.0,1.2655025720596313,1.2655025720596313,0.0,0.0,0.0,0.0,0.0,0.0,0.0,0.0,0.0,0.0,0.0,0.0,0.0,1.0,1.0,0.0,0,0,0,0,0,0,0,0.0,0.0,0.2,0.0
8,200,0,dpga,roi_reg,0.21187661588191986,-0.0,global_ddp_mean,2,0.0,2.719855785369873,2.719855785369873,0.0,0.0,0.0,0.0,0.0,0.0,0.0,0.0,0.0,0.0,0.0,0.0,0.0,1.0,1.0,0.0,0,0,0,0,0,0,0,0.0,0.0,0.2,0.0
8,300,0,dpga,backbone,0.341147243976593,-0.0,global_ddp_mean,2,0.0,7.45611572265625,7.45611572265625,0.0,0.0,0.0,0.0,0.0,0.0,0.0,0.0,0.0,0.0,0.0,0.0,0.0,1.0,1.0,0.0,0,0,0,0,0,0,0,0.0,0.0,0.2,0.0
8,300,0,dpga,fpn,0.341147243976593,-0.0,global_ddp_mean,2,0.0,1.4976587295532227,1.4976587295532227,0.0,0.0,0.0,0.0,0.0,0.0,0.0,0.0,0.0,0.0,0.0,0.0,0.0,1.0,1.0,0.0,0,0,0,0,0,0,0,0.0,0.0,0.2,0.0
8,300,0,dpga,rpn,0.341147243976593,-0.0,global_ddp_mean,2,0.0,1.7203764915466309,1.7203764915466309,0.0,0.0,0.0,0.0,0.0,0.0,0.0,0.0,0.0,0.0,0.0,0.0,0.0,1.0,1.0,0.0,0,0,0,0,0,0,0,0.0,0.0,0.2,0.0
8,300,0,dpga,roi_shared,0.341147243976593,-0.0,global_ddp_mean,2,0.0,3.243039846420288,3.243039846420288,0.0,0.0,0.0,0.0,0.0,0.0,0.0,0.0,0.0,0.0,0.0,0.0,0.0,1.0,1.0,0.0,0,0,0,0,0,0,0,0.0,0.0,0.2,0.0
8,300,0,dpga,roi_cls,0.341147243976593,-0.0,global_ddp_mean,2,0.0,1.7398120164871216,1.7398120164871216,0.0,0.0,0.0,0.0,0.0,0.0,0.0,0.0,0.0,0.0,0.0,0.0,0.0,1.0,1.0,0.0,0,0,0,0,0,0,0,0.0,0.0,0.2,0.0
8,300,0,dpga,roi_reg,0.341147243976593,-0.0,global_ddp_mean,2,0.0,2.4056031703948975,2.4056031703948975,0.0,0.0,0.0,0.0,0.0,0.0,0.0,0.0,0.0,0.0,0.0,0.0,0.0,1.0,1.0,0.0,0,0,0,0,0,0,0,0.0,0.0,0.2,0.0
8,400,0,dpga,backbone,0.0881710797548294,-0.0,global_ddp_mean,2,0.0,7.964249134063721,7.964249134063721,0.0,0.0,0.0,0.0,0.0,0.0,0.0,0.0,0.0,0.0,0.0,0.0,0.0,1.0,1.0,0.0,0,0,0,0,0,0,0,0.0,0.0,0.2,0.0
8,400,0,dpga,fpn,0.0881710797548294,-0.0,global_ddp_mean,2,0.0,1.4458832740783691,1.4458832740783691,0.0,0.0,0.0,0.0,0.0,0.0,0.0,0.0,0.0,0.0,0.0,0.0,0.0,1.0,1.0,0.0,0,0,0,0,0,0,0,0.0,0.0,0.2,0.0
8,400,0,dpga,rpn,0.0881710797548294,-0.0,global_ddp_mean,2,0.0,1.9791033267974854,1.9791033267974854,0.0,0.0,0.0,0.0,0.0,0.0,0.0,0.0,0.0,0.0,0.0,0.0,0.0,1.0,1.0,0.0,0,0,0,0,0,0,0,0.0,0.0,0.2,0.0
8,400,0,dpga,roi_shared,0.0881710797548294,-0.0,global_ddp_mean,2,0.0,2.3849940299987793,2.3849940299987793,0.0,0.0,0.0,0.0,0.0,0.0,0.0,0.0,0.0,0.0,0.0,0.0,0.0,1.0,1.0,0.0,0,0,0,0,0,0,0,0.0,0.0,0.2,0.0
8,400,0,dpga,roi_cls,0.0881710797548294,-0.0,global_ddp_mean,2,0.0,1.4171375036239624,1.4171375036239624,0.0,0.0,0.0,0.0,0.0,0.0,0.0,0.0,0.0,0.0,0.0,0.0,0.0,1.0,1.0,0.0,0,0,0,0,0,0,0,0.0,0.0,0.2,0.0
8,400,0,dpga,roi_reg,0.0881710797548294,-0.0,global_ddp_mean,2,0.0,1.2247042655944824,1.2247042655944824,0.0,0.0,0.0,0.0,0.0,0.0,0.0,0.0,0.0,0.0,0.0,0.0,0.0,1.0,1.0,0.0,0,0,0,0,0,0,0,0.0,0.0,0.2,0.0
8,500,0,dpga,backbone,0.3453143835067749,0.00010002159251598641,global_ddp_mean,2,0.3308897018432617,7.869472980499268,7.869472980499268,2.227450307534795e-10,2.227450307534795e-10,2.227450307534795e-10,2.227450307534795e-10,4.4549006814527824e-11,2.227450307534795e-10,2.8304948921668166e-11,2.8304948921668166e-11,2.8304948921668166e-11,5.6609898686889545e-12,5.6609898686889545e-12,1.8731632497882134e-12,1.8731632497882134e-12,1.0000000000018732,1.0000000000018732,0.0,0,0,0,0,0,0,0,1.0,1.0,0.2,0.20000000298023224
8,500,0,dpga,fpn,0.3453143835067749,0.00010002159251598641,global_ddp_mean,2,0.135013148188591,1.570374846458435,1.570374846458435,4.953591009604352e-11,4.953591009604352e-11,4.953591009604352e-11,4.953591009604352e-11,9.90718216683722e-12,4.953591009604352e-11,3.154400378212798e-11,3.154400378212798e-11,3.154400378212798e-11,6.308800850434053e-12,6.308800850434053e-12,8.517710641119617e-13,8.517710641119617e-13,1.0000000000008518,1.0000000000008518,0.0,0,0,0,0,0,0,0,1.0,1.0,0.2,0.20000000298023224
8,500,0,dpga,rpn,0.3453143835067749,0.00010002159251598641,global_ddp_mean,2,0.0,2.729011058807373,2.729011058807373,0.0,0.0,0.0,0.0,0.0,0.0,0.0,0.0,0.0,0.0,0.0,0.0,0.0,1.0,1.0,0.0,0,0,0,0,0,0,0,0.0,0.0,0.2,0.0
8,500,0,dpga,roi_shared,0.3453143835067749,0.00010002159251598641,global_ddp_mean,2,0.143942192196846,4.095449447631836,4.095449447631836,1.4103485046490505e-10,1.4103485046490505e-10,1.4103485046490505e-10,1.4103485046490505e-10,2.8206970513297618e-11,1.4103485046490505e-10,3.443696528752355e-11,3.443696528752355e-11,3.443696528752355e-11,6.887393160134865e-12,6.887393160134865e-12,9.913864699913754e-13,9.913864699913754e-13,1.0000000000009912,1.0000000000009912,0.0,0,0,0,0,0,0,0,1.0,1.0,0.2,0.20000000298023224
8,500,0,dpga,roi_cls,0.3453143835067749,0.00010002159251598641,global_ddp_mean,2,0.0,3.8432669639587402,3.8432669639587402,0.0,0.0,0.0,0.0,0.0,0.0,0.0,0.0,0.0,0.0,0.0,0.0,0.0,1.0,1.0,0.0,0,0,0,0,0,0,0,0.0,0.0,0.2,0.0
8,500,0,dpga,roi_reg,0.3453143835067749,0.00010002159251598641,global_ddp_mean,2,0.7390391826629639,2.234968900680542,2.234968900680542,4.299222089443333e-10,4.299222089443333e-10,4.299222089443333e-10,4.299222089443333e-10,8.598444307013469e-11,4.299222089443333e-10,1.9236160682747003e-10,1.9236160682747003e-10,1.9236160682747003e-10,3.8472321938776266e-11,3.8472321938776266e-11,2.8432553360779622e-11,2.8432553360779622e-11,1.0000000000284326,1.0000000000284326,0.0,0,0,0,0,0,0,0,1.0,1.0,0.2,0.20000000298023224
8,600,0,dpga,backbone,0.06424838304519653,-0.0,global_ddp_mean,2,0.0,11.863309860229492,11.863309860229492,0.0,0.0,0.0,0.0,0.0,0.0,0.0,0.0,0.0,0.0,0.0,0.0,0.0,1.0,1.0,0.0,0,0,0,0,0,0,0,0.0,0.0,0.2,0.0
8,600,0,dpga,fpn,0.06424838304519653,-0.0,global_ddp_mean,2,0.0,1.5877283811569214,1.5877283811569214,0.0,0.0,0.0,0.0,0.0,0.0,0.0,0.0,0.0,0.0,0.0,0.0,0.0,1.0,1.0,0.0,0,0,0,0,0,0,0,0.0,0.0,0.2,0.0
8,600,0,dpga,rpn,0.06424838304519653,-0.0,global_ddp_mean,2,0.0,2.218735456466675,2.218735456466675,0.0,0.0,0.0,0.0,0.0,0.0,0.0,0.0,0.0,0.0,0.0,0.0,0.0,1.0,1.0,0.0,0,0,0,0,0,0,0,0.0,0.0,0.2,0.0
8,600,0,dpga,roi_shared,0.06424838304519653,-0.0,global_ddp_mean,2,0.0,1.9795994758605957,1.9795994758605957,0.0,0.0,0.0,0.0,0.0,0.0,0.0,0.0,0.0,0.0,0.0,0.0,0.0,1.0,1.0,0.0,0,0,0,0,0,0,0,0.0,0.0,0.2,0.0
8,600,0,dpga,roi_cls,0.06424838304519653,-0.0,global_ddp_mean,2,0.0,1.9513856172561646,1.9513856172561646,0.0,0.0,0.0,0.0,0.0,0.0,0.0,0.0,0.0,0.0,0.0,0.0,0.0,1.0,1.0,0.0,0,0,0,0,0,0,0,0.0,0.0,0.2,0.0
8,600,0,dpga,roi_reg,0.06424838304519653,-0.0,global_ddp_mean,2,0.0,0.030064435675740242,0.030064435675740242,0.0,0.0,0.0,0.0,0.0,0.0,0.0,0.0,0.0,0.0,0.0,0.0,0.0,1.0,1.0,0.0,0,0,0,0,0,0,0,0.0,0.0,0.2,0.0
8,700,0,dpga,backbone,0.10364247858524323,-0.0,global_ddp_mean,2,0.0,9.154288291931152,9.154288291931152,0.0,0.0,0.0,0.0,0.0,0.0,0.0,0.0,0.0,0.0,0.0,0.0,0.0,1.0,1.0,0.0,0,0,0,0,0,0,0,0.0,0.0,0.2,0.0
8,700,0,dpga,fpn,0.10364247858524323,-0.0,global_ddp_mean,2,0.0,1.702666163444519,1.702666163444519,0.0,0.0,0.0,0.0,0.0,0.0,0.0,0.0,0.0,0.0,0.0,0.0,0.0,1.0,1.0,0.0,0,0,0,0,0,0,0,0.0,0.0,0.2,0.0
8,700,0,dpga,rpn,0.10364247858524323,-0.0,global_ddp_mean,2,0.0,1.1028542518615723,1.1028542518615723,0.0,0.0,0.0,0.0,0.0,0.0,0.0,0.0,0.0,0.0,0.0,0.0,0.0,1.0,1.0,0.0,0,0,0,0,0,0,0,0.0,0.0,0.2,0.0
8,700,0,dpga,roi_shared,0.10364247858524323,-0.0,global_ddp_mean,2,0.0,3.316866159439087,3.316866159439087,0.0,0.0,0.0,0.0,0.0,0.0,0.0,0.0,0.0,0.0,0.0,0.0,0.0,1.0,1.0,0.0,0,0,0,0,0,0,0,0.0,0.0,0.2,0.0
8,700,0,dpga,roi_cls,0.10364247858524323,-0.0,global_ddp_mean,2,0.0,2.951552629470825,2.951552629470825,0.0,0.0,0.0,0.0,0.0,0.0,0.0,0.0,0.0,0.0,0.0,0.0,0.0,1.0,1.0,0.0,0,0,0,0,0,0,0,0.0,0.0,0.2,0.0
8,700,0,dpga,roi_reg,0.10364247858524323,-0.0,global_ddp_mean,2,0.0,0.7562956809997559,0.7562956809997559,0.0,0.0,0.0,0.0,0.0,0.0,0.0,0.0,0.0,0.0,0.0,0.0,0.0,1.0,1.0,0.0,0,0,0,0,0,0,0,0.0,0.0,0.2,0.0
8,800,0,dpga,backbone,0.10582807660102844,0.0,global_ddp_mean,2,0.0,7.721166610717773,7.721166610717773,0.0,0.0,0.0,0.0,0.0,0.0,0.0,0.0,0.0,0.0,0.0,0.0,0.0,1.0,1.0,0.0,0,0,0,0,0,0,0,0.0,0.0,0.2,0.0
8,800,0,dpga,fpn,0.10582807660102844,0.0,global_ddp_mean,2,0.0,1.1315189599990845,1.1315189599990845,0.0,0.0,0.0,0.0,0.0,0.0,0.0,0.0,0.0,0.0,0.0,0.0,0.0,1.0,1.0,0.0,0,0,0,0,0,0,0,0.0,0.0,0.2,0.0
8,800,0,dpga,rpn,0.10582807660102844,0.0,global_ddp_mean,2,0.0,1.0572562217712402,1.0572562217712402,0.0,0.0,0.0,0.0,0.0,0.0,0.0,0.0,0.0,0.0,0.0,0.0,0.0,1.0,1.0,0.0,0,0,0,0,0,0,0,0.0,0.0,0.2,0.0
8,800,0,dpga,roi_shared,0.10582807660102844,0.0,global_ddp_mean,2,0.0,2.29624605178833,2.29624605178833,0.0,0.0,0.0,0.0,0.0,0.0,0.0,0.0,0.0,0.0,0.0,0.0,0.0,1.0,1.0,0.0,0,0,0,0,0,0,0,0.0,0.0,0.2,0.0
8,800,0,dpga,roi_cls,0.10582807660102844,0.0,global_ddp_mean,2,0.0,2.017352819442749,2.017352819442749,0.0,0.0,0.0,0.0,0.0,0.0,0.0,0.0,0.0,0.0,0.0,0.0,0.0,1.0,1.0,0.0,0,0,0,0,0,0,0,0.0,0.0,0.2,0.0
8,800,0,dpga,roi_reg,0.10582807660102844,0.0,global_ddp_mean,2,0.0,0.8049161434173584,0.8049161434173584,0.0,0.0,0.0,0.0,0.0,0.0,0.0,0.0,0.0,0.0,0.0,0.0,0.0,1.0,1.0,0.0,0,0,0,0,0,0,0,0.0,0.0,0.2,0.0
8,900,0,dpga,backbone,0.19009792804718018,-0.0,global_ddp_mean,2,0.0,43.32600784301758,43.32600784301758,0.0,0.0,0.0,0.0,0.0,0.0,0.0,0.0,0.0,0.0,0.0,0.0,0.0,1.0,1.0,0.0,0,0,0,0,0,0,0,0.0,0.0,0.2,0.0
8,900,0,dpga,fpn,0.19009792804718018,-0.0,global_ddp_mean,2,0.0,9.879708290100098,9.879708290100098,0.0,0.0,0.0,0.0,0.0,0.0,0.0,0.0,0.0,0.0,0.0,0.0,0.0,1.0,1.0,0.0,0,0,0,0,0,0,0,0.0,0.0,0.2,0.0
8,900,0,dpga,rpn,0.19009792804718018,-0.0,global_ddp_mean,2,0.0,1.7623997926712036,1.7623997926712036,0.0,0.0,0.0,0.0,0.0,0.0,0.0,0.0,0.0,0.0,0.0,0.0,0.0,1.0,1.0,0.0,0,0,0,0,0,0,0,0.0,0.0,0.2,0.0
8,900,0,dpga,roi_shared,0.19009792804718018,-0.0,global_ddp_mean,2,0.0,21.133588790893555,21.133588790893555,0.0,0.0,0.0,0.0,0.0,0.0,0.0,0.0,0.0,0.0,0.0,0.0,0.0,1.0,1.0,0.0,0,0,0,0,0,0,0,0.0,0.0,0.2,0.0
8,900,0,dpga,roi_cls,0.19009792804718018,-0.0,global_ddp_mean,2,0.0,14.644070625305176,14.644070625305176,0.0,0.0,0.0,0.0,0.0,0.0,0.0,0.0,0.0,0.0,0.0,0.0,0.0,1.0,1.0,0.0,0,0,0,0,0,0,0,0.0,0.0,0.2,0.0
8,900,0,dpga,roi_reg,0.19009792804718018,-0.0,global_ddp_mean,2,0.0,14.117706298828125,14.117706298828125,0.0,0.0,0.0,0.0,0.0,0.0,0.0,0.0,0.0,0.0,0.0,0.0,0.0,1.0,1.0,0.0,0,0,0,0,0,0,0,0.0,0.0,0.2,0.0
8,1000,0,dpga,backbone,0.6413259506225586,0.0,global_ddp_mean,2,0.0,34.88241958618164,34.88241958618164,0.0,0.0,0.0,0.0,0.0,0.0,0.0,0.0,0.0,0.0,0.0,0.0,0.0,1.0,1.0,0.0,0,0,0,0,0,0,0,0.0,0.0,0.2,0.0
8,1000,0,dpga,fpn,0.6413259506225586,0.0,global_ddp_mean,2,0.0,3.519592046737671,3.519592046737671,0.0,0.0,0.0,0.0,0.0,0.0,0.0,0.0,0.0,0.0,0.0,0.0,0.0,1.0,1.0,0.0,0,0,0,0,0,0,0,0.0,0.0,0.2,0.0
8,1000,0,dpga,rpn,0.6413259506225586,0.0,global_ddp_mean,2,0.0,5.052886009216309,5.052886009216309,0.0,0.0,0.0,0.0,0.0,0.0,0.0,0.0,0.0,0.0,0.0,0.0,0.0,1.0,1.0,0.0,0,0,0,0,0,0,0,0.0,0.0,0.2,0.0
8,1000,0,dpga,roi_shared,0.6413259506225586,0.0,global_ddp_mean,2,0.0,6.630039691925049,6.630039691925049,0.0,0.0,0.0,0.0,0.0,0.0,0.0,0.0,0.0,0.0,0.0,0.0,0.0,1.0,1.0,0.0,0,0,0,0,0,0,0,0.0,0.0,0.2,0.0
8,1000,0,dpga,roi_cls,0.6413259506225586,0.0,global_ddp_mean,2,0.0,6.815685749053955,6.815685749053955,0.0,0.0,0.0,0.0,0.0,0.0,0.0,0.0,0.0,0.0,0.0,0.0,0.0,1.0,1.0,0.0,0,0,0,0,0,0,0,0.0,0.0,0.2,0.0
8,1000,0,dpga,roi_reg,0.6413259506225586,0.0,global_ddp_mean,2,0.0,2.2326245307922363,2.2326245307922363,0.0,0.0,0.0,0.0,0.0,0.0,0.0,0.0,0.0,0.0,0.0,0.0,0.0,1.0,1.0,0.0,0,0,0,0,0,0,0,0.0,0.0,0.2,0.0
8,1100,0,dpga,backbone,0.29137635231018066,0.0,global_ddp_mean,2,0.0,7.03875732421875,7.03875732421875,0.0,0.0,0.0,0.0,0.0,0.0,0.0,0.0,0.0,0.0,0.0,0.0,0.0,1.0,1.0,0.0,0,0,0,0,0,0,0,0.0,0.0,0.2,0.0
8,1100,0,dpga,fpn,0.29137635231018066,0.0,global_ddp_mean,2,0.0,1.1607840061187744,1.1607840061187744,0.0,0.0,0.0,0.0,0.0,0.0,0.0,0.0,0.0,0.0,0.0,0.0,0.0,1.0,1.0,0.0,0,0,0,0,0,0,0,0.0,0.0,0.2,0.0
8,1100,0,dpga,rpn,0.29137635231018066,0.0,global_ddp_mean,2,0.0,1.139556646347046,1.139556646347046,0.0,0.0,0.0,0.0,0.0,0.0,0.0,0.0,0.0,0.0,0.0,0.0,0.0,1.0,1.0,0.0,0,0,0,0,0,0,0,0.0,0.0,0.2,0.0
8,1100,0,dpga,roi_shared,0.29137635231018066,0.0,global_ddp_mean,2,0.0,2.611828088760376,2.611828088760376,0.0,0.0,0.0,0.0,0.0,0.0,0.0,0.0,0.0,0.0,0.0,0.0,0.0,1.0,1.0,0.0,0,0,0,0,0,0,0,0.0,0.0,0.2,0.0
8,1100,0,dpga,roi_cls,0.29137635231018066,0.0,global_ddp_mean,2,0.0,1.606418251991272,1.606418251991272,0.0,0.0,0.0,0.0,0.0,0.0,0.0,0.0,0.0,0.0,0.0,0.0,0.0,1.0,1.0,0.0,0,0,0,0,0,0,0,0.0,0.0,0.2,0.0
8,1100,0,dpga,roi_reg,0.29137635231018066,0.0,global_ddp_mean,2,0.0,1.8568826913833618,1.8568826913833618,0.0,0.0,0.0,0.0,0.0,0.0,0.0,0.0,0.0,0.0,0.0,0.0,0.0,1.0,1.0,0.0,0,0,0,0,0,0,0,0.0,0.0,0.2,0.0
8,1200,0,dpga,backbone,0.13069167733192444,0.0,global_ddp_mean,2,0.0,5.7280592918396,5.7280592918396,0.0,0.0,0.0,0.0,0.0,0.0,0.0,0.0,0.0,0.0,0.0,0.0,0.0,1.0,1.0,0.0,0,0,0,0,0,0,0,0.0,0.0,0.2,0.0
8,1200,0,dpga,fpn,0.13069167733192444,0.0,global_ddp_mean,2,0.0,1.7496815919876099,1.7496815919876099,0.0,0.0,0.0,0.0,0.0,0.0,0.0,0.0,0.0,0.0,0.0,0.0,0.0,1.0,1.0,0.0,0,0,0,0,0,0,0,0.0,0.0,0.2,0.0
8,1200,0,dpga,rpn,0.13069167733192444,0.0,global_ddp_mean,2,0.0,1.821563720703125,1.821563720703125,0.0,0.0,0.0,0.0,0.0,0.0,0.0,0.0,0.0,0.0,0.0,0.0,0.0,1.0,1.0,0.0,0,0,0,0,0,0,0,0.0,0.0,0.2,0.0
8,1200,0,dpga,roi_shared,0.13069167733192444,0.0,global_ddp_mean,2,0.0,3.796182155609131,3.796182155609131,0.0,0.0,0.0,0.0,0.0,0.0,0.0,0.0,0.0,0.0,0.0,0.0,0.0,1.0,1.0,0.0,0,0,0,0,0,0,0,0.0,0.0,0.2,0.0
8,1200,0,dpga,roi_cls,0.13069167733192444,0.0,global_ddp_mean,2,0.0,2.3669776916503906,2.3669776916503906,0.0,0.0,0.0,0.0,0.0,0.0,0.0,0.0,0.0,0.0,0.0,0.0,0.0,1.0,1.0,0.0,0,0,0,0,0,0,0,0.0,0.0,0.2,0.0
8,1200,0,dpga,roi_reg,0.13069167733192444,0.0,global_ddp_mean,2,0.0,1.7854143381118774,1.7854143381118774,0.0,0.0,0.0,0.0,0.0,0.0,0.0,0.0,0.0,0.0,0.0,0.0,0.0,1.0,1.0,0.0,0,0,0,0,0,0,0,0.0,0.0,0.2,0.0
8,1300,0,dpga,backbone,0.24368686974048615,-0.0,global_ddp_mean,2,0.0,5.700809001922607,5.700809001922607,0.0,0.0,0.0,0.0,0.0,0.0,0.0,0.0,0.0,0.0,0.0,0.0,0.0,1.0,1.0,0.0,0,0,0,0,0,0,0,0.0,0.0,0.2,0.0
8,1300,0,dpga,fpn,0.24368686974048615,-0.0,global_ddp_mean,2,0.0,0.8444066047668457,0.8444066047668457,0.0,0.0,0.0,0.0,0.0,0.0,0.0,0.0,0.0,0.0,0.0,0.0,0.0,1.0,1.0,0.0,0,0,0,0,0,0,0,0.0,0.0,0.2,0.0
8,1300,0,dpga,rpn,0.24368686974048615,-0.0,global_ddp_mean,2,0.0,1.3859270811080933,1.3859270811080933,0.0,0.0,0.0,0.0,0.0,0.0,0.0,0.0,0.0,0.0,0.0,0.0,0.0,1.0,1.0,0.0,0,0,0,0,0,0,0,0.0,0.0,0.2,0.0
8,1300,0,dpga,roi_shared,0.24368686974048615,-0.0,global_ddp_mean,2,0.0,1.701843023300171,1.701843023300171,0.0,0.0,0.0,0.0,0.0,0.0,0.0,0.0,0.0,0.0,0.0,0.0,0.0,1.0,1.0,0.0,0,0,0,0,0,0,0,0.0,0.0,0.2,0.0
8,1300,0,dpga,roi_cls,0.24368686974048615,-0.0,global_ddp_mean,2,0.0,1.046446681022644,1.046446681022644,0.0,0.0,0.0,0.0,0.0,0.0,0.0,0.0,0.0,0.0,0.0,0.0,0.0,1.0,1.0,0.0,0,0,0,0,0,0,0,0.0,0.0,0.2,0.0
8,1300,0,dpga,roi_reg,0.24368686974048615,-0.0,global_ddp_mean,2,0.0,1.4097884893417358,1.4097884893417358,0.0,0.0,0.0,0.0,0.0,0.0,0.0,0.0,0.0,0.0,0.0,0.0,0.0,1.0,1.0,0.0,0,0,0,0,0,0,0,0.0,0.0,0.2,0.0
8,1400,0,dpga,backbone,0.048444002866744995,-0.0,global_ddp_mean,2,0.0,4.63223123550415,4.63223123550415,0.0,0.0,0.0,0.0,0.0,0.0,0.0,0.0,0.0,0.0,0.0,0.0,0.0,1.0,1.0,0.0,0,0,0,0,0,0,0,0.0,0.0,0.2,0.0
8,1400,0,dpga,fpn,0.048444002866744995,-0.0,global_ddp_mean,2,0.0,1.0471165180206299,1.0471165180206299,0.0,0.0,0.0,0.0,0.0,0.0,0.0,0.0,0.0,0.0,0.0,0.0,0.0,1.0,1.0,0.0,0,0,0,0,0,0,0,0.0,0.0,0.2,0.0
8,1400,0,dpga,rpn,0.048444002866744995,-0.0,global_ddp_mean,2,0.0,0.8513502478599548,0.8513502478599548,0.0,0.0,0.0,0.0,0.0,0.0,0.0,0.0,0.0,0.0,0.0,0.0,0.0,1.0,1.0,0.0,0,0,0,0,0,0,0,0.0,0.0,0.2,0.0
8,1400,0,dpga,roi_shared,0.048444002866744995,-0.0,global_ddp_mean,2,0.0,2.0906131267547607,2.0906131267547607,0.0,0.0,0.0,0.0,0.0,0.0,0.0,0.0,0.0,0.0,0.0,0.0,0.0,1.0,1.0,0.0,0,0,0,0,0,0,0,0.0,0.0,0.2,0.0
8,1400,0,dpga,roi_cls,0.048444002866744995,-0.0,global_ddp_mean,2,0.0,1.2058268785476685,1.2058268785476685,0.0,0.0,0.0,0.0,0.0,0.0,0.0,0.0,0.0,0.0,0.0,0.0,0.0,1.0,1.0,0.0,0,0,0,0,0,0,0,0.0,0.0,0.2,0.0
8,1400,0,dpga,roi_reg,0.048444002866744995,-0.0,global_ddp_mean,2,0.0,1.1934218406677246,1.1934218406677246,0.0,0.0,0.0,0.0,0.0,0.0,0.0,0.0,0.0,0.0,0.0,0.0,0.0,1.0,1.0,0.0,0,0,0,0,0,0,0,0.0,0.0,0.2,0.0
9,0,0,dpga,backbone,0.036230698227882385,0.0,global_ddp_mean,2,0.0,2.937126874923706,2.937126874923706,0.0,0.0,0.0,0.0,0.0,0.0,0.0,0.0,0.0,0.0,0.0,0.0,0.0,1.0,1.0,0.0,0,0,0,0,0,0,0,0.0,0.0,0.2,0.0
9,0,0,dpga,fpn,0.036230698227882385,0.0,global_ddp_mean,2,0.0,0.3776320517063141,0.3776320517063141,0.0,0.0,0.0,0.0,0.0,0.0,0.0,0.0,0.0,0.0,0.0,0.0,0.0,1.0,1.0,0.0,0,0,0,0,0,0,0,0.0,0.0,0.2,0.0
9,0,0,dpga,rpn,0.036230698227882385,0.0,global_ddp_mean,2,0.0,0.6831768155097961,0.6831768155097961,0.0,0.0,0.0,0.0,0.0,0.0,0.0,0.0,0.0,0.0,0.0,0.0,0.0,1.0,1.0,0.0,0,0,0,0,0,0,0,0.0,0.0,0.2,0.0
9,0,0,dpga,roi_shared,0.036230698227882385,0.0,global_ddp_mean,2,0.0,0.5196142196655273,0.5196142196655273,0.0,0.0,0.0,0.0,0.0,0.0,0.0,0.0,0.0,0.0,0.0,0.0,0.0,1.0,1.0,0.0,0,0,0,0,0,0,0,0.0,0.0,0.2,0.0
9,0,0,dpga,roi_cls,0.036230698227882385,0.0,global_ddp_mean,2,0.0,0.5139686465263367,0.5139686465263367,0.0,0.0,0.0,0.0,0.0,0.0,0.0,0.0,0.0,0.0,0.0,0.0,0.0,1.0,1.0,0.0,0,0,0,0,0,0,0,0.0,0.0,0.2,0.0
9,0,0,dpga,roi_reg,0.036230698227882385,0.0,global_ddp_mean,2,0.0,0.048600759357213974,0.048600759357213974,0.0,0.0,0.0,0.0,0.0,0.0,0.0,0.0,0.0,0.0,0.0,0.0,0.0,1.0,1.0,0.0,0,0,0,0,0,0,0,0.0,0.0,0.2,0.0
9,100,0,dpga,backbone,0.0009277323842979968,0.0,global_ddp_mean,2,0.0,6.2860894203186035,6.2860894203186035,0.0,0.0,0.0,0.0,0.0,0.0,0.0,0.0,0.0,0.0,0.0,0.0,0.0,1.0,1.0,0.0,0,0,0,0,0,0,0,0.0,0.0,0.2,0.0
9,100,0,dpga,fpn,0.0009277323842979968,0.0,global_ddp_mean,2,0.0,0.9331188797950745,0.9331188797950745,0.0,0.0,0.0,0.0,0.0,0.0,0.0,0.0,0.0,0.0,0.0,0.0,0.0,1.0,1.0,0.0,0,0,0,0,0,0,0,0.0,0.0,0.2,0.0
9,100,0,dpga,rpn,0.0009277323842979968,0.0,global_ddp_mean,2,0.0,0.8125890493392944,0.8125890493392944,0.0,0.0,0.0,0.0,0.0,0.0,0.0,0.0,0.0,0.0,0.0,0.0,0.0,1.0,1.0,0.0,0,0,0,0,0,0,0,0.0,0.0,0.2,0.0
9,100,0,dpga,roi_shared,0.0009277323842979968,0.0,global_ddp_mean,2,0.0,1.7328553199768066,1.7328553199768066,0.0,0.0,0.0,0.0,0.0,0.0,0.0,0.0,0.0,0.0,0.0,0.0,0.0,1.0,1.0,0.0,0,0,0,0,0,0,0,0.0,0.0,0.2,0.0
9,100,0,dpga,roi_cls,0.0009277323842979968,0.0,global_ddp_mean,2,0.0,1.3397126197814941,1.3397126197814941,0.0,0.0,0.0,0.0,0.0,0.0,0.0,0.0,0.0,0.0,0.0,0.0,0.0,1.0,1.0,0.0,0,0,0,0,0,0,0,0.0,0.0,0.2,0.0
9,100,0,dpga,roi_reg,0.0009277323842979968,0.0,global_ddp_mean,2,0.0,0.4313023090362549,0.4313023090362549,0.0,0.0,0.0,0.0,0.0,0.0,0.0,0.0,0.0,0.0,0.0,0.0,0.0,1.0,1.0,0.0,0,0,0,0,0,0,0,0.0,0.0,0.2,0.0
9,200,0,dpga,backbone,0.34171175956726074,-0.0,global_ddp_mean,2,0.0,13.142800331115723,13.142800331115723,0.0,0.0,0.0,0.0,0.0,0.0,0.0,0.0,0.0,0.0,0.0,0.0,0.0,1.0,1.0,0.0,0,0,0,0,0,0,0,0.0,0.0,0.2,0.0
9,200,0,dpga,fpn,0.34171175956726074,-0.0,global_ddp_mean,2,0.0,2.2028536796569824,2.2028536796569824,0.0,0.0,0.0,0.0,0.0,0.0,0.0,0.0,0.0,0.0,0.0,0.0,0.0,1.0,1.0,0.0,0,0,0,0,0,0,0,0.0,0.0,0.2,0.0
9,200,0,dpga,rpn,0.34171175956726074,-0.0,global_ddp_mean,2,0.0,5.008515357971191,5.008515357971191,0.0,0.0,0.0,0.0,0.0,0.0,0.0,0.0,0.0,0.0,0.0,0.0,0.0,1.0,1.0,0.0,0,0,0,0,0,0,0,0.0,0.0,0.2,0.0
9,200,0,dpga,roi_shared,0.34171175956726074,-0.0,global_ddp_mean,2,0.0,1.6845804452896118,1.6845804452896118,0.0,0.0,0.0,0.0,0.0,0.0,0.0,0.0,0.0,0.0,0.0,0.0,0.0,1.0,1.0,0.0,0,0,0,0,0,0,0,0.0,0.0,0.2,0.0
9,200,0,dpga,roi_cls,0.34171175956726074,-0.0,global_ddp_mean,2,0.0,1.1029373407363892,1.1029373407363892,0.0,0.0,0.0,0.0,0.0,0.0,0.0,0.0,0.0,0.0,0.0,0.0,0.0,1.0,1.0,0.0,0,0,0,0,0,0,0,0.0,0.0,0.2,0.0
9,200,0,dpga,roi_reg,0.34171175956726074,-0.0,global_ddp_mean,2,0.0,0.9670668840408325,0.9670668840408325,0.0,0.0,0.0,0.0,0.0,0.0,0.0,0.0,0.0,0.0,0.0,0.0,0.0,1.0,1.0,0.0,0,0,0,0,0,0,0,0.0,0.0,0.2,0.0
9,300,0,dpga,backbone,0.817013144493103,0.08486364781856537,global_ddp_mean,2,0.11240745335817337,23.00685691833496,23.00685691833496,3.9364171028137207,3.9364171028137207,3.9364171028137207,2.3006856441497803,0.4601371356865336,2.3006856441497803,0.1710975609048385,0.1710975609048385,0.09999999792741286,0.01999999988350579,0.01999999988350579,0.0022481505441847606,0.0022481505441847606,1.0022481505441847,0.9998035583554195,1.1356944949112278,0,0,0,0,0,0,1,0.5844618678092957,1.0,0.2,0.20000000298023224
9,300,0,dpga,fpn,0.817013144493103,0.08486364781856537,global_ddp_mean,2,0.02742546610534191,2.8212392330169678,2.8212392330169678,1.0249830484390259,1.0249830484390259,1.0249830484390259,0.42318594455718994,0.08463719017263038,0.42318594455718994,0.3633095118073106,0.3633095118073106,0.15000002112711466,0.030000004672457833,0.030000004672457833,0.0008227641113045912,0.0008227641113045912,1.0008227641113046,0.999551313530266,1.7164270762468392,0,0,0,0,0,0,1,0.4128711223602295,1.0,0.2,0.20000000298023224
9,300,0,dpga,rpn,0.817013144493103,0.08486364781856537,global_ddp_mean,2,0.0,3.3645148277282715,3.3645148277282715,0.0,0.0,0.0,0.0,0.0,0.0,0.0,0.0,0.0,0.0,0.0,0.0,0.0,1.0,1.0,0.0,0,0,0,0,0,0,0,0.0,0.0,0.2,0.0
9,300,0,dpga,roi_shared,0.817013144493103,0.08486364781856537,global_ddp_mean,2,0.0599597729742527,5.4130988121032715,5.4130988121032715,0.5502915978431702,0.5502915978431702,0.5502915978431702,0.5502915978431702,0.1100583212086308,0.5502915978431702,0.10165925599081262,0.10165925599081262,0.10165925599081262,0.020331851501130715,0.020331851501130715,0.0012190932001540165,0.0012190932001540165,1.0012190932001541,0.9997947142101582,1.1609793738042846,0,0,0,0,0,0,0,1.0,1.0,0.2,0.20000000298023224
9,300,0,dpga,roi_cls,0.817013144493103,0.08486364781856537,global_ddp_mean,2,0.0,3.8556711673736572,3.8556711673736572,0.0,0.0,0.0,0.0,0.0,0.0,0.0,0.0,0.0,0.0,0.0,0.0,0.0,1.0,1.0,0.0,0,0,0,0,0,0,0,0.0,0.0,0.2,0.0
9,300,0,dpga,roi_reg,0.817013144493103,0.08486364781856537,global_ddp_mean,2,0.2342594563961029,2.6528289318084717,2.6528289318084717,1.2345198392868042,1.2345198392868042,1.2345198392868042,0.13264144957065582,0.02652829030943349,0.13264144957065582,0.46535976160559067,0.46535976160559067,0.05000000112341667,0.010000000373694948,0.010000000373694948,0.002342595098537457,0.002342595098537457,1.0023425950985374,0.9999529755386873,0.5556499079393744,0,0,0,0,0,0,1,0.10744375735521317,1.0,0.2,0.20000000298023224
9,400,0,dpga,backbone,0.1577647626399994,0.0,global_ddp_mean,2,0.0,14.810636520385742,14.810636520385742,0.0,0.0,0.0,0.0,0.0,0.0,0.0,0.0,0.0,0.0,0.0,0.0,0.0,1.0,1.0,0.0,0,0,0,0,0,0,0,0.0,0.0,0.2,0.0
9,400,0,dpga,fpn,0.1577647626399994,0.0,global_ddp_mean,2,0.0,2.221856117248535,2.221856117248535,0.0,0.0,0.0,0.0,0.0,0.0,0.0,0.0,0.0,0.0,0.0,0.0,0.0,1.0,1.0,0.0,0,0,0,0,0,0,0,0.0,0.0,0.2,0.0
9,400,0,dpga,rpn,0.1577647626399994,0.0,global_ddp_mean,2,0.0,4.142035007476807,4.142035007476807,0.0,0.0,0.0,0.0,0.0,0.0,0.0,0.0,0.0,0.0,0.0,0.0,0.0,1.0,1.0,0.0,0,0,0,0,0,0,0,0.0,0.0,0.2,0.0
9,400,0,dpga,roi_shared,0.1577647626399994,0.0,global_ddp_mean,2,0.0,3.1717395782470703,3.1717395782470703,0.0,0.0,0.0,0.0,0.0,0.0,0.0,0.0,0.0,0.0,0.0,0.0,0.0,1.0,1.0,0.0,0,0,0,0,0,0,0,0.0,0.0,0.2,0.0
9,400,0,dpga,roi_cls,0.1577647626399994,0.0,global_ddp_mean,2,0.0,2.065617322921753,2.065617322921753,0.0,0.0,0.0,0.0,0.0,0.0,0.0,0.0,0.0,0.0,0.0,0.0,0.0,1.0,1.0,0.0,0,0,0,0,0,0,0,0.0,0.0,0.2,0.0
9,400,0,dpga,roi_reg,0.1577647626399994,0.0,global_ddp_mean,2,0.0,2.145392417907715,2.145392417907715,0.0,0.0,0.0,0.0,0.0,0.0,0.0,0.0,0.0,0.0,0.0,0.0,0.0,1.0,1.0,0.0,0,0,0,0,0,0,0,0.0,0.0,0.2,0.0
9,500,0,dpga,backbone,0.04075565189123154,-0.0,global_ddp_mean,2,0.0,18.22347068786621,18.22347068786621,0.0,0.0,0.0,0.0,0.0,0.0,0.0,0.0,0.0,0.0,0.0,0.0,0.0,1.0,1.0,0.0,0,0,0,0,0,0,0,0.0,0.0,0.2,0.0
9,500,0,dpga,fpn,0.04075565189123154,-0.0,global_ddp_mean,2,0.0,3.6561264991760254,3.6561264991760254,0.0,0.0,0.0,0.0,0.0,0.0,0.0,0.0,0.0,0.0,0.0,0.0,0.0,1.0,1.0,0.0,0,0,0,0,0,0,0,0.0,0.0,0.2,0.0
9,500,0,dpga,rpn,0.04075565189123154,-0.0,global_ddp_mean,2,0.0,2.9369711875915527,2.9369711875915527,0.0,0.0,0.0,0.0,0.0,0.0,0.0,0.0,0.0,0.0,0.0,0.0,0.0,1.0,1.0,0.0,0,0,0,0,0,0,0,0.0,0.0,0.2,0.0
9,500,0,dpga,roi_shared,0.04075565189123154,-0.0,global_ddp_mean,2,0.0,7.800333499908447,7.800333499908447,0.0,0.0,0.0,0.0,0.0,0.0,0.0,0.0,0.0,0.0,0.0,0.0,0.0,1.0,1.0,0.0,0,0,0,0,0,0,0,0.0,0.0,0.2,0.0
9,500,0,dpga,roi_cls,0.04075565189123154,-0.0,global_ddp_mean,2,0.0,6.3215250968933105,6.3215250968933105,0.0,0.0,0.0,0.0,0.0,0.0,0.0,0.0,0.0,0.0,0.0,0.0,0.0,1.0,1.0,0.0,0,0,0,0,0,0,0,0.0,0.0,0.2,0.0
9,500,0,dpga,roi_reg,0.04075565189123154,-0.0,global_ddp_mean,2,0.0,1.484700322151184,1.484700322151184,0.0,0.0,0.0,0.0,0.0,0.0,0.0,0.0,0.0,0.0,0.0,0.0,0.0,1.0,1.0,0.0,0,0,0,0,0,0,0,0.0,0.0,0.2,0.0
9,600,0,dpga,backbone,0.04653989151120186,-0.0,global_ddp_mean,2,0.0,15.936500549316406,15.936500549316406,0.0,0.0,0.0,0.0,0.0,0.0,0.0,0.0,0.0,0.0,0.0,0.0,0.0,1.0,1.0,0.0,0,0,0,0,0,0,0,0.0,0.0,0.2,0.0
9,600,0,dpga,fpn,0.04653989151120186,-0.0,global_ddp_mean,2,0.0,1.7717258930206299,1.7717258930206299,0.0,0.0,0.0,0.0,0.0,0.0,0.0,0.0,0.0,0.0,0.0,0.0,0.0,1.0,1.0,0.0,0,0,0,0,0,0,0,0.0,0.0,0.2,0.0
9,600,0,dpga,rpn,0.04653989151120186,-0.0,global_ddp_mean,2,0.0,2.935178518295288,2.935178518295288,0.0,0.0,0.0,0.0,0.0,0.0,0.0,0.0,0.0,0.0,0.0,0.0,0.0,1.0,1.0,0.0,0,0,0,0,0,0,0,0.0,0.0,0.2,0.0
9,600,0,dpga,roi_shared,0.04653989151120186,-0.0,global_ddp_mean,2,0.0,3.5921483039855957,3.5921483039855957,0.0,0.0,0.0,0.0,0.0,0.0,0.0,0.0,0.0,0.0,0.0,0.0,0.0,1.0,1.0,0.0,0,0,0,0,0,0,0,0.0,0.0,0.2,0.0
9,600,0,dpga,roi_cls,0.04653989151120186,-0.0,global_ddp_mean,2,0.0,3.5531840324401855,3.5531840324401855,0.0,0.0,0.0,0.0,0.0,0.0,0.0,0.0,0.0,0.0,0.0,0.0,0.0,1.0,1.0,0.0,0,0,0,0,0,0,0,0.0,0.0,0.2,0.0
9,600,0,dpga,roi_reg,0.04653989151120186,-0.0,global_ddp_mean,2,0.0,2.9064109325408936,2.9064109325408936,0.0,0.0,0.0,0.0,0.0,0.0,0.0,0.0,0.0,0.0,0.0,0.0,0.0,1.0,1.0,0.0,0,0,0,0,0,0,0,0.0,0.0,0.2,0.0
9,700,0,dpga,backbone,1.360835075378418,-0.0,global_ddp_mean,2,0.0,32.34413528442383,32.34413528442383,0.0,0.0,0.0,0.0,0.0,0.0,0.0,0.0,0.0,0.0,0.0,0.0,0.0,1.0,1.0,0.0,0,0,0,0,0,0,0,0.0,0.0,0.2,0.0
9,700,0,dpga,fpn,1.360835075378418,-0.0,global_ddp_mean,2,0.0,8.552123069763184,8.552123069763184,0.0,0.0,0.0,0.0,0.0,0.0,0.0,0.0,0.0,0.0,0.0,0.0,0.0,1.0,1.0,0.0,0,0,0,0,0,0,0,0.0,0.0,0.2,0.0
9,700,0,dpga,rpn,1.360835075378418,-0.0,global_ddp_mean,2,0.0,2.825181722640991,2.825181722640991,0.0,0.0,0.0,0.0,0.0,0.0,0.0,0.0,0.0,0.0,0.0,0.0,0.0,1.0,1.0,0.0,0,0,0,0,0,0,0,0.0,0.0,0.2,0.0
9,700,0,dpga,roi_shared,1.360835075378418,-0.0,global_ddp_mean,2,0.0,20.361194610595703,20.361194610595703,0.0,0.0,0.0,0.0,0.0,0.0,0.0,0.0,0.0,0.0,0.0,0.0,0.0,1.0,1.0,0.0,0,0,0,0,0,0,0,0.0,0.0,0.2,0.0
9,700,0,dpga,roi_cls,1.360835075378418,-0.0,global_ddp_mean,2,0.0,15.556375503540039,15.556375503540039,0.0,0.0,0.0,0.0,0.0,0.0,0.0,0.0,0.0,0.0,0.0,0.0,0.0,1.0,1.0,0.0,0,0,0,0,0,0,0,0.0,0.0,0.2,0.0
9,700,0,dpga,roi_reg,1.360835075378418,-0.0,global_ddp_mean,2,0.0,6.932883262634277,6.932883262634277,0.0,0.0,0.0,0.0,0.0,0.0,0.0,0.0,0.0,0.0,0.0,0.0,0.0,1.0,1.0,0.0,0,0,0,0,0,0,0,0.0,0.0,0.2,0.0
9,800,0,dpga,backbone,0.11002109944820404,0.0,global_ddp_mean,2,0.0,18.906089782714844,18.906089782714844,0.0,0.0,0.0,0.0,0.0,0.0,0.0,0.0,0.0,0.0,0.0,0.0,0.0,1.0,1.0,0.0,0,0,0,0,0,0,0,0.0,0.0,0.2,0.0
9,800,0,dpga,fpn,0.11002109944820404,0.0,global_ddp_mean,2,0.0,4.873075485229492,4.873075485229492,0.0,0.0,0.0,0.0,0.0,0.0,0.0,0.0,0.0,0.0,0.0,0.0,0.0,1.0,1.0,0.0,0,0,0,0,0,0,0,0.0,0.0,0.2,0.0
9,800,0,dpga,rpn,0.11002109944820404,0.0,global_ddp_mean,2,0.0,2.9671638011932373,2.9671638011932373,0.0,0.0,0.0,0.0,0.0,0.0,0.0,0.0,0.0,0.0,0.0,0.0,0.0,1.0,1.0,0.0,0,0,0,0,0,0,0,0.0,0.0,0.2,0.0
9,800,0,dpga,roi_shared,0.11002109944820404,0.0,global_ddp_mean,2,0.0,10.347909927368164,10.347909927368164,0.0,0.0,0.0,0.0,0.0,0.0,0.0,0.0,0.0,0.0,0.0,0.0,0.0,1.0,1.0,0.0,0,0,0,0,0,0,0,0.0,0.0,0.2,0.0
9,800,0,dpga,roi_cls,0.11002109944820404,0.0,global_ddp_mean,2,0.0,7.711270332336426,7.711270332336426,0.0,0.0,0.0,0.0,0.0,0.0,0.0,0.0,0.0,0.0,0.0,0.0,0.0,1.0,1.0,0.0,0,0,0,0,0,0,0,0.0,0.0,0.2,0.0
9,800,0,dpga,roi_reg,0.11002109944820404,0.0,global_ddp_mean,2,0.0,4.068347454071045,4.068347454071045,0.0,0.0,0.0,0.0,0.0,0.0,0.0,0.0,0.0,0.0,0.0,0.0,0.0,1.0,1.0,0.0,0,0,0,0,0,0,0,0.0,0.0,0.2,0.0
9,900,0,dpga,backbone,0.12850239872932434,-0.0,global_ddp_mean,2,0.0,7.10739278793335,7.10739278793335,0.0,0.0,0.0,0.0,0.0,0.0,0.0,0.0,0.0,0.0,0.0,0.0,0.0,1.0,1.0,0.0,0,0,0,0,0,0,0,0.0,0.0,0.2,0.0
9,900,0,dpga,fpn,0.12850239872932434,-0.0,global_ddp_mean,2,0.0,1.529873013496399,1.529873013496399,0.0,0.0,0.0,0.0,0.0,0.0,0.0,0.0,0.0,0.0,0.0,0.0,0.0,1.0,1.0,0.0,0,0,0,0,0,0,0,0.0,0.0,0.2,0.0
9,900,0,dpga,rpn,0.12850239872932434,-0.0,global_ddp_mean,2,0.0,3.9241063594818115,3.9241063594818115,0.0,0.0,0.0,0.0,0.0,0.0,0.0,0.0,0.0,0.0,0.0,0.0,0.0,1.0,1.0,0.0,0,0,0,0,0,0,0,0.0,0.0,0.2,0.0
9,900,0,dpga,roi_shared,0.12850239872932434,-0.0,global_ddp_mean,2,0.0,2.7050068378448486,2.7050068378448486,0.0,0.0,0.0,0.0,0.0,0.0,0.0,0.0,0.0,0.0,0.0,0.0,0.0,1.0,1.0,0.0,0,0,0,0,0,0,0,0.0,0.0,0.2,0.0
9,900,0,dpga,roi_cls,0.12850239872932434,-0.0,global_ddp_mean,2,0.0,1.6743336915969849,1.6743336915969849,0.0,0.0,0.0,0.0,0.0,0.0,0.0,0.0,0.0,0.0,0.0,0.0,0.0,1.0,1.0,0.0,0,0,0,0,0,0,0,0.0,0.0,0.2,0.0
9,900,0,dpga,roi_reg,0.12850239872932434,-0.0,global_ddp_mean,2,0.0,1.8828681707382202,1.8828681707382202,0.0,0.0,0.0,0.0,0.0,0.0,0.0,0.0,0.0,0.0,0.0,0.0,0.0,1.0,1.0,0.0,0,0,0,0,0,0,0,0.0,0.0,0.2,0.0
9,1000,0,dpga,backbone,0.08780128508806229,0.0,global_ddp_mean,2,0.0,7.408386707305908,7.408386707305908,0.0,0.0,0.0,0.0,0.0,0.0,0.0,0.0,0.0,0.0,0.0,0.0,0.0,1.0,1.0,0.0,0,0,0,0,0,0,0,0.0,0.0,0.2,0.0
9,1000,0,dpga,fpn,0.08780128508806229,0.0,global_ddp_mean,2,0.0,1.4468799829483032,1.4468799829483032,0.0,0.0,0.0,0.0,0.0,0.0,0.0,0.0,0.0,0.0,0.0,0.0,0.0,1.0,1.0,0.0,0,0,0,0,0,0,0,0.0,0.0,0.2,0.0
9,1000,0,dpga,rpn,0.08780128508806229,0.0,global_ddp_mean,2,0.0,1.2305971384048462,1.2305971384048462,0.0,0.0,0.0,0.0,0.0,0.0,0.0,0.0,0.0,0.0,0.0,0.0,0.0,1.0,1.0,0.0,0,0,0,0,0,0,0,0.0,0.0,0.2,0.0
9,1000,0,dpga,roi_shared,0.08780128508806229,0.0,global_ddp_mean,2,0.0,2.832305908203125,2.832305908203125,0.0,0.0,0.0,0.0,0.0,0.0,0.0,0.0,0.0,0.0,0.0,0.0,0.0,1.0,1.0,0.0,0,0,0,0,0,0,0,0.0,0.0,0.2,0.0
9,1000,0,dpga,roi_cls,0.08780128508806229,0.0,global_ddp_mean,2,0.0,2.645698070526123,2.645698070526123,0.0,0.0,0.0,0.0,0.0,0.0,0.0,0.0,0.0,0.0,0.0,0.0,0.0,1.0,1.0,0.0,0,0,0,0,0,0,0,0.0,0.0,0.2,0.0
9,1000,0,dpga,roi_reg,0.08780128508806229,0.0,global_ddp_mean,2,0.0,0.14410267770290375,0.14410267770290375,0.0,0.0,0.0,0.0,0.0,0.0,0.0,0.0,0.0,0.0,0.0,0.0,0.0,1.0,1.0,0.0,0,0,0,0,0,0,0,0.0,0.0,0.2,0.0
9,1100,0,dpga,backbone,0.011247855611145496,0.0,global_ddp_mean,2,0.0,6.399782180786133,6.399782180786133,0.0,0.0,0.0,0.0,0.0,0.0,0.0,0.0,0.0,0.0,0.0,0.0,0.0,1.0,1.0,0.0,0,0,0,0,0,0,0,0.0,0.0,0.2,0.0
9,1100,0,dpga,fpn,0.011247855611145496,0.0,global_ddp_mean,2,0.0,1.4447083473205566,1.4447083473205566,0.0,0.0,0.0,0.0,0.0,0.0,0.0,0.0,0.0,0.0,0.0,0.0,0.0,1.0,1.0,0.0,0,0,0,0,0,0,0,0.0,0.0,0.2,0.0
9,1100,0,dpga,rpn,0.011247855611145496,0.0,global_ddp_mean,2,0.0,1.3895483016967773,1.3895483016967773,0.0,0.0,0.0,0.0,0.0,0.0,0.0,0.0,0.0,0.0,0.0,0.0,0.0,1.0,1.0,0.0,0,0,0,0,0,0,0,0.0,0.0,0.2,0.0
9,1100,0,dpga,roi_shared,0.011247855611145496,0.0,global_ddp_mean,2,0.0,3.4406628608703613,3.4406628608703613,0.0,0.0,0.0,0.0,0.0,0.0,0.0,0.0,0.0,0.0,0.0,0.0,0.0,1.0,1.0,0.0,0,0,0,0,0,0,0,0.0,0.0,0.2,0.0
9,1100,0,dpga,roi_cls,0.011247855611145496,0.0,global_ddp_mean,2,0.0,3.1999831199645996,3.1999831199645996,0.0,0.0,0.0,0.0,0.0,0.0,0.0,0.0,0.0,0.0,0.0,0.0,0.0,1.0,1.0,0.0,0,0,0,0,0,0,0,0.0,0.0,0.2,0.0
9,1100,0,dpga,roi_reg,0.011247855611145496,0.0,global_ddp_mean,2,0.0,1.6558161973953247,1.6558161973953247,0.0,0.0,0.0,0.0,0.0,0.0,0.0,0.0,0.0,0.0,0.0,0.0,0.0,1.0,1.0,0.0,0,0,0,0,0,0,0,0.0,0.0,0.2,0.0
9,1200,0,dpga,backbone,0.5293243527412415,-0.0,global_ddp_mean,2,0.0,10.097928047180176,10.097928047180176,0.0,0.0,0.0,0.0,0.0,0.0,0.0,0.0,0.0,0.0,0.0,0.0,0.0,1.0,1.0,0.0,0,0,0,0,0,0,0,0.0,0.0,0.2,0.0
9,1200,0,dpga,fpn,0.5293243527412415,-0.0,global_ddp_mean,2,0.0,2.245112180709839,2.245112180709839,0.0,0.0,0.0,0.0,0.0,0.0,0.0,0.0,0.0,0.0,0.0,0.0,0.0,1.0,1.0,0.0,0,0,0,0,0,0,0,0.0,0.0,0.2,0.0
9,1200,0,dpga,rpn,0.5293243527412415,-0.0,global_ddp_mean,2,0.0,2.9992527961730957,2.9992527961730957,0.0,0.0,0.0,0.0,0.0,0.0,0.0,0.0,0.0,0.0,0.0,0.0,0.0,1.0,1.0,0.0,0,0,0,0,0,0,0,0.0,0.0,0.2,0.0
9,1200,0,dpga,roi_shared,0.5293243527412415,-0.0,global_ddp_mean,2,0.0,4.009533405303955,4.009533405303955,0.0,0.0,0.0,0.0,0.0,0.0,0.0,0.0,0.0,0.0,0.0,0.0,0.0,1.0,1.0,0.0,0,0,0,0,0,0,0,0.0,0.0,0.2,0.0
9,1200,0,dpga,roi_cls,0.5293243527412415,-0.0,global_ddp_mean,2,0.0,2.643322706222534,2.643322706222534,0.0,0.0,0.0,0.0,0.0,0.0,0.0,0.0,0.0,0.0,0.0,0.0,0.0,1.0,1.0,0.0,0,0,0,0,0,0,0,0.0,0.0,0.2,0.0
9,1200,0,dpga,roi_reg,0.5293243527412415,-0.0,global_ddp_mean,2,0.0,0.9139220118522644,0.9139220118522644,0.0,0.0,0.0,0.0,0.0,0.0,0.0,0.0,0.0,0.0,0.0,0.0,0.0,1.0,1.0,0.0,0,0,0,0,0,0,0,0.0,0.0,0.2,0.0
9,1300,0,dpga,backbone,0.518105685710907,0.0,global_ddp_mean,2,0.0,11.272008895874023,11.272008895874023,0.0,0.0,0.0,0.0,0.0,0.0,0.0,0.0,0.0,0.0,0.0,0.0,0.0,1.0,1.0,0.0,0,0,0,0,0,0,0,0.0,0.0,0.2,0.0
9,1300,0,dpga,fpn,0.518105685710907,0.0,global_ddp_mean,2,0.0,2.757519483566284,2.757519483566284,0.0,0.0,0.0,0.0,0.0,0.0,0.0,0.0,0.0,0.0,0.0,0.0,0.0,1.0,1.0,0.0,0,0,0,0,0,0,0,0.0,0.0,0.2,0.0
9,1300,0,dpga,rpn,0.518105685710907,0.0,global_ddp_mean,2,0.0,3.0559308528900146,3.0559308528900146,0.0,0.0,0.0,0.0,0.0,0.0,0.0,0.0,0.0,0.0,0.0,0.0,0.0,1.0,1.0,0.0,0,0,0,0,0,0,0,0.0,0.0,0.2,0.0
9,1300,0,dpga,roi_shared,0.518105685710907,0.0,global_ddp_mean,2,0.0,5.5958051681518555,5.5958051681518555,0.0,0.0,0.0,0.0,0.0,0.0,0.0,0.0,0.0,0.0,0.0,0.0,0.0,1.0,1.0,0.0,0,0,0,0,0,0,0,0.0,0.0,0.2,0.0
9,1300,0,dpga,roi_cls,0.518105685710907,0.0,global_ddp_mean,2,0.0,4.147080898284912,4.147080898284912,0.0,0.0,0.0,0.0,0.0,0.0,0.0,0.0,0.0,0.0,0.0,0.0,0.0,1.0,1.0,0.0,0,0,0,0,0,0,0,0.0,0.0,0.2,0.0
9,1300,0,dpga,roi_reg,0.518105685710907,0.0,global_ddp_mean,2,0.0,3.1735222339630127,3.1735222339630127,0.0,0.0,0.0,0.0,0.0,0.0,0.0,0.0,0.0,0.0,0.0,0.0,0.0,1.0,1.0,0.0,0,0,0,0,0,0,0,0.0,0.0,0.2,0.0
9,1400,0,dpga,backbone,0.12851163744926453,-0.0,global_ddp_mean,2,0.0,5.289642810821533,5.289642810821533,0.0,0.0,0.0,0.0,0.0,0.0,0.0,0.0,0.0,0.0,0.0,0.0,0.0,1.0,1.0,0.0,0,0,0,0,0,0,0,0.0,0.0,0.2,0.0
9,1400,0,dpga,fpn,0.12851163744926453,-0.0,global_ddp_mean,2,0.0,1.0954989194869995,1.0954989194869995,0.0,0.0,0.0,0.0,0.0,0.0,0.0,0.0,0.0,0.0,0.0,0.0,0.0,1.0,1.0,0.0,0,0,0,0,0,0,0,0.0,0.0,0.2,0.0
9,1400,0,dpga,rpn,0.12851163744926453,-0.0,global_ddp_mean,2,0.0,1.9652400016784668,1.9652400016784668,0.0,0.0,0.0,0.0,0.0,0.0,0.0,0.0,0.0,0.0,0.0,0.0,0.0,1.0,1.0,0.0,0,0,0,0,0,0,0,0.0,0.0,0.2,0.0
9,1400,0,dpga,roi_shared,0.12851163744926453,-0.0,global_ddp_mean,2,0.0,1.8579801321029663,1.8579801321029663,0.0,0.0,0.0,0.0,0.0,0.0,0.0,0.0,0.0,0.0,0.0,0.0,0.0,1.0,1.0,0.0,0,0,0,0,0,0,0,0.0,0.0,0.2,0.0
9,1400,0,dpga,roi_cls,0.12851163744926453,-0.0,global_ddp_mean,2,0.0,1.5225094556808472,1.5225094556808472,0.0,0.0,0.0,0.0,0.0,0.0,0.0,0.0,0.0,0.0,0.0,0.0,0.0,1.0,1.0,0.0,0,0,0,0,0,0,0,0.0,0.0,0.2,0.0
9,1400,0,dpga,roi_reg,0.12851163744926453,-0.0,global_ddp_mean,2,0.0,0.5561795234680176,0.5561795234680176,0.0,0.0,0.0,0.0,0.0,0.0,0.0,0.0,0.0,0.0,0.0,0.0,0.0,1.0,1.0,0.0,0,0,0,0,0,0,0,0.0,0.0,0.2,0.0
10,0,0,dpga,backbone,0.17326855659484863,-0.0,global_ddp_mean,2,0.0,15.241147994995117,15.241147994995117,0.0,0.0,0.0,0.0,0.0,0.0,0.0,0.0,0.0,0.0,0.0,0.0,0.0,1.0,1.0,0.0,0,0,0,0,0,0,0,0.0,0.0,0.2,0.0
10,0,0,dpga,fpn,0.17326855659484863,-0.0,global_ddp_mean,2,0.0,2.5881760120391846,2.5881760120391846,0.0,0.0,0.0,0.0,0.0,0.0,0.0,0.0,0.0,0.0,0.0,0.0,0.0,1.0,1.0,0.0,0,0,0,0,0,0,0,0.0,0.0,0.2,0.0
10,0,0,dpga,rpn,0.17326855659484863,-0.0,global_ddp_mean,2,0.0,5.2645182609558105,5.2645182609558105,0.0,0.0,0.0,0.0,0.0,0.0,0.0,0.0,0.0,0.0,0.0,0.0,0.0,1.0,1.0,0.0,0,0,0,0,0,0,0,0.0,0.0,0.2,0.0
10,0,0,dpga,roi_shared,0.17326855659484863,-0.0,global_ddp_mean,2,0.0,3.1511881351470947,3.1511881351470947,0.0,0.0,0.0,0.0,0.0,0.0,0.0,0.0,0.0,0.0,0.0,0.0,0.0,1.0,1.0,0.0,0,0,0,0,0,0,0,0.0,0.0,0.2,0.0
10,0,0,dpga,roi_cls,0.17326855659484863,-0.0,global_ddp_mean,2,0.0,3.1376311779022217,3.1376311779022217,0.0,0.0,0.0,0.0,0.0,0.0,0.0,0.0,0.0,0.0,0.0,0.0,0.0,1.0,1.0,0.0,0,0,0,0,0,0,0,0.0,0.0,0.2,0.0
10,0,0,dpga,roi_reg,0.17326855659484863,-0.0,global_ddp_mean,2,0.0,2.265080690383911,2.265080690383911,0.0,0.0,0.0,0.0,0.0,0.0,0.0,0.0,0.0,0.0,0.0,0.0,0.0,1.0,1.0,0.0,0,0,0,0,0,0,0,0.0,0.0,0.2,0.0
10,100,0,dpga,backbone,0.09112092107534409,-0.0,global_ddp_mean,2,0.0,7.804278373718262,7.804278373718262,0.0,0.0,0.0,0.0,0.0,0.0,0.0,0.0,0.0,0.0,0.0,0.0,0.0,1.0,1.0,0.0,0,0,0,0,0,0,0,0.0,0.0,0.2,0.0
10,100,0,dpga,fpn,0.09112092107534409,-0.0,global_ddp_mean,2,0.0,1.103795051574707,1.103795051574707,0.0,0.0,0.0,0.0,0.0,0.0,0.0,0.0,0.0,0.0,0.0,0.0,0.0,1.0,1.0,0.0,0,0,0,0,0,0,0,0.0,0.0,0.2,0.0
10,100,0,dpga,rpn,0.09112092107534409,-0.0,global_ddp_mean,2,0.0,1.1469078063964844,1.1469078063964844,0.0,0.0,0.0,0.0,0.0,0.0,0.0,0.0,0.0,0.0,0.0,0.0,0.0,1.0,1.0,0.0,0,0,0,0,0,0,0,0.0,0.0,0.2,0.0
10,100,0,dpga,roi_shared,0.09112092107534409,-0.0,global_ddp_mean,2,0.0,2.3147199153900146,2.3147199153900146,0.0,0.0,0.0,0.0,0.0,0.0,0.0,0.0,0.0,0.0,0.0,0.0,0.0,1.0,1.0,0.0,0,0,0,0,0,0,0,0.0,0.0,0.2,0.0
10,100,0,dpga,roi_cls,0.09112092107534409,-0.0,global_ddp_mean,2,0.0,1.9792559146881104,1.9792559146881104,0.0,0.0,0.0,0.0,0.0,0.0,0.0,0.0,0.0,0.0,0.0,0.0,0.0,1.0,1.0,0.0,0,0,0,0,0,0,0,0.0,0.0,0.2,0.0
10,100,0,dpga,roi_reg,0.09112092107534409,-0.0,global_ddp_mean,2,0.0,0.8636288046836853,0.8636288046836853,0.0,0.0,0.0,0.0,0.0,0.0,0.0,0.0,0.0,0.0,0.0,0.0,0.0,1.0,1.0,0.0,0,0,0,0,0,0,0,0.0,0.0,0.2,0.0
10,200,0,dpga,backbone,0.10567240417003632,-0.0,global_ddp_mean,2,0.0,3.036330461502075,3.036330461502075,0.0,0.0,0.0,0.0,0.0,0.0,0.0,0.0,0.0,0.0,0.0,0.0,0.0,1.0,1.0,0.0,0,0,0,0,0,0,0,0.0,0.0,0.2,0.0
10,200,0,dpga,fpn,0.10567240417003632,-0.0,global_ddp_mean,2,0.0,0.5664647221565247,0.5664647221565247,0.0,0.0,0.0,0.0,0.0,0.0,0.0,0.0,0.0,0.0,0.0,0.0,0.0,1.0,1.0,0.0,0,0,0,0,0,0,0,0.0,0.0,0.2,0.0
10,200,0,dpga,rpn,0.10567240417003632,-0.0,global_ddp_mean,2,0.0,1.1735564470291138,1.1735564470291138,0.0,0.0,0.0,0.0,0.0,0.0,0.0,0.0,0.0,0.0,0.0,0.0,0.0,1.0,1.0,0.0,0,0,0,0,0,0,0,0.0,0.0,0.2,0.0
10,200,0,dpga,roi_shared,0.10567240417003632,-0.0,global_ddp_mean,2,0.0,0.8863820433616638,0.8863820433616638,0.0,0.0,0.0,0.0,0.0,0.0,0.0,0.0,0.0,0.0,0.0,0.0,0.0,1.0,1.0,0.0,0,0,0,0,0,0,0,0.0,0.0,0.2,0.0
10,200,0,dpga,roi_cls,0.10567240417003632,-0.0,global_ddp_mean,2,0.0,0.721886932849884,0.721886932849884,0.0,0.0,0.0,0.0,0.0,0.0,0.0,0.0,0.0,0.0,0.0,0.0,0.0,1.0,1.0,0.0,0,0,0,0,0,0,0,0.0,0.0,0.2,0.0
10,200,0,dpga,roi_reg,0.10567240417003632,-0.0,global_ddp_mean,2,0.0,0.11467011272907257,0.11467011272907257,0.0,0.0,0.0,0.0,0.0,0.0,0.0,0.0,0.0,0.0,0.0,0.0,0.0,1.0,1.0,0.0,0,0,0,0,0,0,0,0.0,0.0,0.2,0.0
10,300,0,dpga,backbone,0.0612858384847641,-0.0,global_ddp_mean,2,0.0,13.055922508239746,13.055922508239746,0.0,0.0,0.0,0.0,0.0,0.0,0.0,0.0,0.0,0.0,0.0,0.0,0.0,1.0,1.0,0.0,0,0,0,0,0,0,0,0.0,0.0,0.2,0.0
10,300,0,dpga,fpn,0.0612858384847641,-0.0,global_ddp_mean,2,0.0,2.5504226684570312,2.5504226684570312,0.0,0.0,0.0,0.0,0.0,0.0,0.0,0.0,0.0,0.0,0.0,0.0,0.0,1.0,1.0,0.0,0,0,0,0,0,0,0,0.0,0.0,0.2,0.0
10,300,0,dpga,rpn,0.0612858384847641,-0.0,global_ddp_mean,2,0.0,1.8019057512283325,1.8019057512283325,0.0,0.0,0.0,0.0,0.0,0.0,0.0,0.0,0.0,0.0,0.0,0.0,0.0,1.0,1.0,0.0,0,0,0,0,0,0,0,0.0,0.0,0.2,0.0
10,300,0,dpga,roi_shared,0.0612858384847641,-0.0,global_ddp_mean,2,0.0,5.142802715301514,5.142802715301514,0.0,0.0,0.0,0.0,0.0,0.0,0.0,0.0,0.0,0.0,0.0,0.0,0.0,1.0,1.0,0.0,0,0,0,0,0,0,0,0.0,0.0,0.2,0.0
10,300,0,dpga,roi_cls,0.0612858384847641,-0.0,global_ddp_mean,2,0.0,4.681639194488525,4.681639194488525,0.0,0.0,0.0,0.0,0.0,0.0,0.0,0.0,0.0,0.0,0.0,0.0,0.0,1.0,1.0,0.0,0,0,0,0,0,0,0,0.0,0.0,0.2,0.0
10,300,0,dpga,roi_reg,0.0612858384847641,-0.0,global_ddp_mean,2,0.0,1.1736648082733154,1.1736648082733154,0.0,0.0,0.0,0.0,0.0,0.0,0.0,0.0,0.0,0.0,0.0,0.0,0.0,1.0,1.0,0.0,0,0,0,0,0,0,0,0.0,0.0,0.2,0.0
10,400,0,dpga,backbone,0.1961580514907837,0.0,global_ddp_mean,2,0.0,36.74010467529297,36.74010467529297,0.0,0.0,0.0,0.0,0.0,0.0,0.0,0.0,0.0,0.0,0.0,0.0,0.0,1.0,1.0,0.0,0,0,0,0,0,0,0,0.0,0.0,0.2,0.0
10,400,0,dpga,fpn,0.1961580514907837,0.0,global_ddp_mean,2,0.0,5.380258560180664,5.380258560180664,0.0,0.0,0.0,0.0,0.0,0.0,0.0,0.0,0.0,0.0,0.0,0.0,0.0,1.0,1.0,0.0,0,0,0,0,0,0,0,0.0,0.0,0.2,0.0
10,400,0,dpga,rpn,0.1961580514907837,0.0,global_ddp_mean,2,0.0,3.2795052528381348,3.2795052528381348,0.0,0.0,0.0,0.0,0.0,0.0,0.0,0.0,0.0,0.0,0.0,0.0,0.0,1.0,1.0,0.0,0,0,0,0,0,0,0,0.0,0.0,0.2,0.0
10,400,0,dpga,roi_shared,0.1961580514907837,0.0,global_ddp_mean,2,0.0,10.882431030273438,10.882431030273438,0.0,0.0,0.0,0.0,0.0,0.0,0.0,0.0,0.0,0.0,0.0,0.0,0.0,1.0,1.0,0.0,0,0,0,0,0,0,0,0.0,0.0,0.2,0.0
10,400,0,dpga,roi_cls,0.1961580514907837,0.0,global_ddp_mean,2,0.0,8.915407180786133,8.915407180786133,0.0,0.0,0.0,0.0,0.0,0.0,0.0,0.0,0.0,0.0,0.0,0.0,0.0,1.0,1.0,0.0,0,0,0,0,0,0,0,0.0,0.0,0.2,0.0
10,400,0,dpga,roi_reg,0.1961580514907837,0.0,global_ddp_mean,2,0.0,4.216372966766357,4.216372966766357,0.0,0.0,0.0,0.0,0.0,0.0,0.0,0.0,0.0,0.0,0.0,0.0,0.0,1.0,1.0,0.0,0,0,0,0,0,0,0,0.0,0.0,0.2,0.0
10,500,0,dpga,backbone,0.13603731989860535,-0.0,global_ddp_mean,2,0.0,6.72202730178833,6.72202730178833,0.0,0.0,0.0,0.0,0.0,0.0,0.0,0.0,0.0,0.0,0.0,0.0,0.0,1.0,1.0,0.0,0,0,0,0,0,0,0,0.0,0.0,0.2,0.0
10,500,0,dpga,fpn,0.13603731989860535,-0.0,global_ddp_mean,2,0.0,0.9539651274681091,0.9539651274681091,0.0,0.0,0.0,0.0,0.0,0.0,0.0,0.0,0.0,0.0,0.0,0.0,0.0,1.0,1.0,0.0,0,0,0,0,0,0,0,0.0,0.0,0.2,0.0
10,500,0,dpga,rpn,0.13603731989860535,-0.0,global_ddp_mean,2,0.0,1.6900818347930908,1.6900818347930908,0.0,0.0,0.0,0.0,0.0,0.0,0.0,0.0,0.0,0.0,0.0,0.0,0.0,1.0,1.0,0.0,0,0,0,0,0,0,0,0.0,0.0,0.2,0.0
10,500,0,dpga,roi_shared,0.13603731989860535,-0.0,global_ddp_mean,2,0.0,1.3537167310714722,1.3537167310714722,0.0,0.0,0.0,0.0,0.0,0.0,0.0,0.0,0.0,0.0,0.0,0.0,0.0,1.0,1.0,0.0,0,0,0,0,0,0,0,0.0,0.0,0.2,0.0
10,500,0,dpga,roi_cls,0.13603731989860535,-0.0,global_ddp_mean,2,0.0,0.6150857210159302,0.6150857210159302,0.0,0.0,0.0,0.0,0.0,0.0,0.0,0.0,0.0,0.0,0.0,0.0,0.0,1.0,1.0,0.0,0,0,0,0,0,0,0,0.0,0.0,0.2,0.0
10,500,0,dpga,roi_reg,0.13603731989860535,-0.0,global_ddp_mean,2,0.0,1.5183978080749512,1.5183978080749512,0.0,0.0,0.0,0.0,0.0,0.0,0.0,0.0,0.0,0.0,0.0,0.0,0.0,1.0,1.0,0.0,0,0,0,0,0,0,0,0.0,0.0,0.2,0.0
10,600,0,dpga,backbone,0.4064221680164337,-0.0,global_ddp_mean,2,0.0,13.787543296813965,13.787543296813965,0.0,0.0,0.0,0.0,0.0,0.0,0.0,0.0,0.0,0.0,0.0,0.0,0.0,1.0,1.0,0.0,0,0,0,0,0,0,0,0.0,0.0,0.2,0.0
10,600,0,dpga,fpn,0.4064221680164337,-0.0,global_ddp_mean,2,0.0,1.9831750392913818,1.9831750392913818,0.0,0.0,0.0,0.0,0.0,0.0,0.0,0.0,0.0,0.0,0.0,0.0,0.0,1.0,1.0,0.0,0,0,0,0,0,0,0,0.0,0.0,0.2,0.0
10,600,0,dpga,rpn,0.4064221680164337,-0.0,global_ddp_mean,2,0.0,2.464183807373047,2.464183807373047,0.0,0.0,0.0,0.0,0.0,0.0,0.0,0.0,0.0,0.0,0.0,0.0,0.0,1.0,1.0,0.0,0,0,0,0,0,0,0,0.0,0.0,0.2,0.0
10,600,0,dpga,roi_shared,0.4064221680164337,-0.0,global_ddp_mean,2,0.0,4.239892482757568,4.239892482757568,0.0,0.0,0.0,0.0,0.0,0.0,0.0,0.0,0.0,0.0,0.0,0.0,0.0,1.0,1.0,0.0,0,0,0,0,0,0,0,0.0,0.0,0.2,0.0
10,600,0,dpga,roi_cls,0.4064221680164337,-0.0,global_ddp_mean,2,0.0,2.4887776374816895,2.4887776374816895,0.0,0.0,0.0,0.0,0.0,0.0,0.0,0.0,0.0,0.0,0.0,0.0,0.0,1.0,1.0,0.0,0,0,0,0,0,0,0,0.0,0.0,0.2,0.0
10,600,0,dpga,roi_reg,0.4064221680164337,-0.0,global_ddp_mean,2,0.0,3.6404531002044678,3.6404531002044678,0.0,0.0,0.0,0.0,0.0,0.0,0.0,0.0,0.0,0.0,0.0,0.0,0.0,1.0,1.0,0.0,0,0,0,0,0,0,0,0.0,0.0,0.2,0.0
10,700,0,dpga,backbone,0.012175625190138817,0.0,global_ddp_mean,2,0.0,14.574109077453613,14.574109077453613,0.0,0.0,0.0,0.0,0.0,0.0,0.0,0.0,0.0,0.0,0.0,0.0,0.0,1.0,1.0,0.0,0,0,0,0,0,0,0,0.0,0.0,0.2,0.0
10,700,0,dpga,fpn,0.012175625190138817,0.0,global_ddp_mean,2,0.0,1.7203595638275146,1.7203595638275146,0.0,0.0,0.0,0.0,0.0,0.0,0.0,0.0,0.0,0.0,0.0,0.0,0.0,1.0,1.0,0.0,0,0,0,0,0,0,0,0.0,0.0,0.2,0.0
10,700,0,dpga,rpn,0.012175625190138817,0.0,global_ddp_mean,2,0.0,1.4195672273635864,1.4195672273635864,0.0,0.0,0.0,0.0,0.0,0.0,0.0,0.0,0.0,0.0,0.0,0.0,0.0,1.0,1.0,0.0,0,0,0,0,0,0,0,0.0,0.0,0.2,0.0
10,700,0,dpga,roi_shared,0.012175625190138817,0.0,global_ddp_mean,2,0.0,3.282273769378662,3.282273769378662,0.0,0.0,0.0,0.0,0.0,0.0,0.0,0.0,0.0,0.0,0.0,0.0,0.0,1.0,1.0,0.0,0,0,0,0,0,0,0,0.0,0.0,0.2,0.0
10,700,0,dpga,roi_cls,0.012175625190138817,0.0,global_ddp_mean,2,0.0,2.2737631797790527,2.2737631797790527,0.0,0.0,0.0,0.0,0.0,0.0,0.0,0.0,0.0,0.0,0.0,0.0,0.0,1.0,1.0,0.0,0,0,0,0,0,0,0,0.0,0.0,0.2,0.0
10,700,0,dpga,roi_reg,0.012175625190138817,0.0,global_ddp_mean,2,0.0,1.5792224407196045,1.5792224407196045,0.0,0.0,0.0,0.0,0.0,0.0,0.0,0.0,0.0,0.0,0.0,0.0,0.0,1.0,1.0,0.0,0,0,0,0,0,0,0,0.0,0.0,0.2,0.0
10,800,0,dpga,backbone,0.9756366610527039,0.0,global_ddp_mean,2,0.0,17.28333854675293,17.28333854675293,0.0,0.0,0.0,0.0,0.0,0.0,0.0,0.0,0.0,0.0,0.0,0.0,0.0,1.0,1.0,0.0,0,0,0,0,0,0,0,0.0,0.0,0.2,0.0
10,800,0,dpga,fpn,0.9756366610527039,0.0,global_ddp_mean,2,0.0,4.240885257720947,4.240885257720947,0.0,0.0,0.0,0.0,0.0,0.0,0.0,0.0,0.0,0.0,0.0,0.0,0.0,1.0,1.0,0.0,0,0,0,0,0,0,0,0.0,0.0,0.2,0.0
10,800,0,dpga,rpn,0.9756366610527039,0.0,global_ddp_mean,2,0.0,3.437328338623047,3.437328338623047,0.0,0.0,0.0,0.0,0.0,0.0,0.0,0.0,0.0,0.0,0.0,0.0,0.0,1.0,1.0,0.0,0,0,0,0,0,0,0,0.0,0.0,0.2,0.0
10,800,0,dpga,roi_shared,0.9756366610527039,0.0,global_ddp_mean,2,0.0,8.094816207885742,8.094816207885742,0.0,0.0,0.0,0.0,0.0,0.0,0.0,0.0,0.0,0.0,0.0,0.0,0.0,1.0,1.0,0.0,0,0,0,0,0,0,0,0.0,0.0,0.2,0.0
10,800,0,dpga,roi_cls,0.9756366610527039,0.0,global_ddp_mean,2,0.0,5.61203145980835,5.61203145980835,0.0,0.0,0.0,0.0,0.0,0.0,0.0,0.0,0.0,0.0,0.0,0.0,0.0,1.0,1.0,0.0,0,0,0,0,0,0,0,0.0,0.0,0.2,0.0
10,800,0,dpga,roi_reg,0.9756366610527039,0.0,global_ddp_mean,2,0.0,5.717728137969971,5.717728137969971,0.0,0.0,0.0,0.0,0.0,0.0,0.0,0.0,0.0,0.0,0.0,0.0,0.0,1.0,1.0,0.0,0,0,0,0,0,0,0,0.0,0.0,0.2,0.0
10,900,0,dpga,backbone,0.07048514485359192,0.0,global_ddp_mean,2,0.0,11.665109634399414,11.665109634399414,0.0,0.0,0.0,0.0,0.0,0.0,0.0,0.0,0.0,0.0,0.0,0.0,0.0,1.0,1.0,0.0,0,0,0,0,0,0,0,0.0,0.0,0.2,0.0
10,900,0,dpga,fpn,0.07048514485359192,0.0,global_ddp_mean,2,0.0,3.2519776821136475,3.2519776821136475,0.0,0.0,0.0,0.0,0.0,0.0,0.0,0.0,0.0,0.0,0.0,0.0,0.0,1.0,1.0,0.0,0,0,0,0,0,0,0,0.0,0.0,0.2,0.0
10,900,0,dpga,rpn,0.07048514485359192,0.0,global_ddp_mean,2,0.0,4.365146636962891,4.365146636962891,0.0,0.0,0.0,0.0,0.0,0.0,0.0,0.0,0.0,0.0,0.0,0.0,0.0,1.0,1.0,0.0,0,0,0,0,0,0,0,0.0,0.0,0.2,0.0
10,900,0,dpga,roi_shared,0.07048514485359192,0.0,global_ddp_mean,2,0.0,7.359591484069824,7.359591484069824,0.0,0.0,0.0,0.0,0.0,0.0,0.0,0.0,0.0,0.0,0.0,0.0,0.0,1.0,1.0,0.0,0,0,0,0,0,0,0,0.0,0.0,0.2,0.0
10,900,0,dpga,roi_cls,0.07048514485359192,0.0,global_ddp_mean,2,0.0,7.158346652984619,7.158346652984619,0.0,0.0,0.0,0.0,0.0,0.0,0.0,0.0,0.0,0.0,0.0,0.0,0.0,1.0,1.0,0.0,0,0,0,0,0,0,0,0.0,0.0,0.2,0.0
10,900,0,dpga,roi_reg,0.07048514485359192,0.0,global_ddp_mean,2,0.0,1.4044910669326782,1.4044910669326782,0.0,0.0,0.0,0.0,0.0,0.0,0.0,0.0,0.0,0.0,0.0,0.0,0.0,1.0,1.0,0.0,0,0,0,0,0,0,0,0.0,0.0,0.2,0.0
10,1000,0,dpga,backbone,0.0001554089249111712,0.0,global_ddp_mean,2,0.0,4.116662502288818,4.116662502288818,0.0,0.0,0.0,0.0,0.0,0.0,0.0,0.0,0.0,0.0,0.0,0.0,0.0,1.0,1.0,0.0,0,0,0,0,0,0,0,0.0,0.0,0.2,0.0
10,1000,0,dpga,fpn,0.0001554089249111712,0.0,global_ddp_mean,2,0.0,0.8719591498374939,0.8719591498374939,0.0,0.0,0.0,0.0,0.0,0.0,0.0,0.0,0.0,0.0,0.0,0.0,0.0,1.0,1.0,0.0,0,0,0,0,0,0,0,0.0,0.0,0.2,0.0
10,1000,0,dpga,rpn,0.0001554089249111712,0.0,global_ddp_mean,2,0.0,1.1435294151306152,1.1435294151306152,0.0,0.0,0.0,0.0,0.0,0.0,0.0,0.0,0.0,0.0,0.0,0.0,0.0,1.0,1.0,0.0,0,0,0,0,0,0,0,0.0,0.0,0.2,0.0
10,1000,0,dpga,roi_shared,0.0001554089249111712,0.0,global_ddp_mean,2,0.0,1.4035536050796509,1.4035536050796509,0.0,0.0,0.0,0.0,0.0,0.0,0.0,0.0,0.0,0.0,0.0,0.0,0.0,1.0,1.0,0.0,0,0,0,0,0,0,0,0.0,0.0,0.2,0.0
10,1000,0,dpga,roi_cls,0.0001554089249111712,0.0,global_ddp_mean,2,0.0,0.8258812427520752,0.8258812427520752,0.0,0.0,0.0,0.0,0.0,0.0,0.0,0.0,0.0,0.0,0.0,0.0,0.0,1.0,1.0,0.0,0,0,0,0,0,0,0,0.0,0.0,0.2,0.0
10,1000,0,dpga,roi_reg,0.0001554089249111712,0.0,global_ddp_mean,2,0.0,0.7576137781143188,0.7576137781143188,0.0,0.0,0.0,0.0,0.0,0.0,0.0,0.0,0.0,0.0,0.0,0.0,0.0,1.0,1.0,0.0,0,0,0,0,0,0,0,0.0,0.0,0.2,0.0
10,1100,0,dpga,backbone,1.2353224754333496,0.00010002159251598641,global_ddp_mean,2,0.0,36.00327682495117,36.00327682495117,0.0,0.0,0.0,0.0,0.0,0.0,0.0,0.0,0.0,0.0,0.0,0.0,0.0,1.0,1.0,0.0,0,0,0,0,0,0,0,0.0,0.0,0.2,0.0
10,1100,0,dpga,fpn,1.2353224754333496,0.00010002159251598641,global_ddp_mean,2,0.0,5.301754474639893,5.301754474639893,0.0,0.0,0.0,0.0,0.0,0.0,0.0,0.0,0.0,0.0,0.0,0.0,0.0,1.0,1.0,0.0,0,0,0,0,0,0,0,0.0,0.0,0.2,0.0
10,1100,0,dpga,rpn,1.2353224754333496,0.00010002159251598641,global_ddp_mean,2,0.0,8.062209129333496,8.062209129333496,0.0,0.0,0.0,0.0,0.0,0.0,0.0,0.0,0.0,0.0,0.0,0.0,0.0,1.0,1.0,0.0,0,0,0,0,0,0,0,0.0,0.0,0.2,0.0
10,1100,0,dpga,roi_shared,1.2353224754333496,0.00010002159251598641,global_ddp_mean,2,0.0,8.83469295501709,8.83469295501709,0.0,0.0,0.0,0.0,0.0,0.0,0.0,0.0,0.0,0.0,0.0,0.0,0.0,1.0,1.0,0.0,0,0,0,0,0,0,0,0.0,0.0,0.2,0.0
10,1100,0,dpga,roi_cls,1.2353224754333496,0.00010002159251598641,global_ddp_mean,2,0.0,9.228260040283203,9.228260040283203,0.0,0.0,0.0,0.0,0.0,0.0,0.0,0.0,0.0,0.0,0.0,0.0,0.0,1.0,1.0,0.0,0,0,0,0,0,0,0,0.0,0.0,0.2,0.0
10,1100,0,dpga,roi_reg,1.2353224754333496,0.00010002159251598641,global_ddp_mean,2,0.0,5.792209625244141,5.792209625244141,0.0,0.0,0.0,0.0,0.0,0.0,0.0,0.0,0.0,0.0,0.0,0.0,0.0,1.0,1.0,0.0,0,0,0,0,0,0,0,0.0,0.0,0.2,0.0
10,1200,0,dpga,backbone,0.08504942059516907,-0.0,global_ddp_mean,2,0.0,16.80524444580078,16.80524444580078,0.0,0.0,0.0,0.0,0.0,0.0,0.0,0.0,0.0,0.0,0.0,0.0,0.0,1.0,1.0,0.0,0,0,0,0,0,0,0,0.0,0.0,0.2,0.0
10,1200,0,dpga,fpn,0.08504942059516907,-0.0,global_ddp_mean,2,0.0,3.4998059272766113,3.4998059272766113,0.0,0.0,0.0,0.0,0.0,0.0,0.0,0.0,0.0,0.0,0.0,0.0,0.0,1.0,1.0,0.0,0,0,0,0,0,0,0,0.0,0.0,0.2,0.0
10,1200,0,dpga,rpn,0.08504942059516907,-0.0,global_ddp_mean,2,0.0,3.4140257835388184,3.4140257835388184,0.0,0.0,0.0,0.0,0.0,0.0,0.0,0.0,0.0,0.0,0.0,0.0,0.0,1.0,1.0,0.0,0,0,0,0,0,0,0,0.0,0.0,0.2,0.0
10,1200,0,dpga,roi_shared,0.08504942059516907,-0.0,global_ddp_mean,2,0.0,6.176562786102295,6.176562786102295,0.0,0.0,0.0,0.0,0.0,0.0,0.0,0.0,0.0,0.0,0.0,0.0,0.0,1.0,1.0,0.0,0,0,0,0,0,0,0,0.0,0.0,0.2,0.0
10,1200,0,dpga,roi_cls,0.08504942059516907,-0.0,global_ddp_mean,2,0.0,4.13722038269043,4.13722038269043,0.0,0.0,0.0,0.0,0.0,0.0,0.0,0.0,0.0,0.0,0.0,0.0,0.0,1.0,1.0,0.0,0,0,0,0,0,0,0,0.0,0.0,0.2,0.0
10,1200,0,dpga,roi_reg,0.08504942059516907,-0.0,global_ddp_mean,2,0.0,2.988863229751587,2.988863229751587,0.0,0.0,0.0,0.0,0.0,0.0,0.0,0.0,0.0,0.0,0.0,0.0,0.0,1.0,1.0,0.0,0,0,0,0,0,0,0,0.0,0.0,0.2,0.0
10,1300,0,dpga,backbone,0.17530234158039093,0.0,global_ddp_mean,2,0.0,13.947702407836914,13.947702407836914,0.0,0.0,0.0,0.0,0.0,0.0,0.0,0.0,0.0,0.0,0.0,0.0,0.0,1.0,1.0,0.0,0,0,0,0,0,0,0,0.0,0.0,0.2,0.0
10,1300,0,dpga,fpn,0.17530234158039093,0.0,global_ddp_mean,2,0.0,0.7366943955421448,0.7366943955421448,0.0,0.0,0.0,0.0,0.0,0.0,0.0,0.0,0.0,0.0,0.0,0.0,0.0,1.0,1.0,0.0,0,0,0,0,0,0,0,0.0,0.0,0.2,0.0
10,1300,0,dpga,rpn,0.17530234158039093,0.0,global_ddp_mean,2,0.0,1.5118616819381714,1.5118616819381714,0.0,0.0,0.0,0.0,0.0,0.0,0.0,0.0,0.0,0.0,0.0,0.0,0.0,1.0,1.0,0.0,0,0,0,0,0,0,0,0.0,0.0,0.2,0.0
10,1300,0,dpga,roi_shared,0.17530234158039093,0.0,global_ddp_mean,2,0.0,1.1317650079727173,1.1317650079727173,0.0,0.0,0.0,0.0,0.0,0.0,0.0,0.0,0.0,0.0,0.0,0.0,0.0,1.0,1.0,0.0,0,0,0,0,0,0,0,0.0,0.0,0.2,0.0
10,1300,0,dpga,roi_cls,0.17530234158039093,0.0,global_ddp_mean,2,0.0,0.5715396404266357,0.5715396404266357,0.0,0.0,0.0,0.0,0.0,0.0,0.0,0.0,0.0,0.0,0.0,0.0,0.0,1.0,1.0,0.0,0,0,0,0,0,0,0,0.0,0.0,0.2,0.0
10,1300,0,dpga,roi_reg,0.17530234158039093,0.0,global_ddp_mean,2,0.0,1.145052194595337,1.145052194595337,0.0,0.0,0.0,0.0,0.0,0.0,0.0,0.0,0.0,0.0,0.0,0.0,0.0,1.0,1.0,0.0,0,0,0,0,0,0,0,0.0,0.0,0.2,0.0
10,1400,0,dpga,backbone,0.05362049862742424,0.0,global_ddp_mean,2,0.0,5.771205902099609,5.771205902099609,0.0,0.0,0.0,0.0,0.0,0.0,0.0,0.0,0.0,0.0,0.0,0.0,0.0,1.0,1.0,0.0,0,0,0,0,0,0,0,0.0,0.0,0.2,0.0
10,1400,0,dpga,fpn,0.05362049862742424,0.0,global_ddp_mean,2,0.0,1.0289092063903809,1.0289092063903809,0.0,0.0,0.0,0.0,0.0,0.0,0.0,0.0,0.0,0.0,0.0,0.0,0.0,1.0,1.0,0.0,0,0,0,0,0,0,0,0.0,0.0,0.2,0.0
10,1400,0,dpga,rpn,0.05362049862742424,0.0,global_ddp_mean,2,0.0,0.8184701204299927,0.8184701204299927,0.0,0.0,0.0,0.0,0.0,0.0,0.0,0.0,0.0,0.0,0.0,0.0,0.0,1.0,1.0,0.0,0,0,0,0,0,0,0,0.0,0.0,0.2,0.0
10,1400,0,dpga,roi_shared,0.05362049862742424,0.0,global_ddp_mean,2,0.0,2.231858015060425,2.231858015060425,0.0,0.0,0.0,0.0,0.0,0.0,0.0,0.0,0.0,0.0,0.0,0.0,0.0,1.0,1.0,0.0,0,0,0,0,0,0,0,0.0,0.0,0.2,0.0
10,1400,0,dpga,roi_cls,0.05362049862742424,0.0,global_ddp_mean,2,0.0,2.120163679122925,2.120163679122925,0.0,0.0,0.0,0.0,0.0,0.0,0.0,0.0,0.0,0.0,0.0,0.0,0.0,1.0,1.0,0.0,0,0,0,0,0,0,0,0.0,0.0,0.2,0.0
10,1400,0,dpga,roi_reg,0.05362049862742424,0.0,global_ddp_mean,2,0.0,0.1445874124765396,0.1445874124765396,0.0,0.0,0.0,0.0,0.0,0.0,0.0,0.0,0.0,0.0,0.0,0.0,0.0,1.0,1.0,0.0,0,0,0,0,0,0,0,0.0,0.0,0.2,0.0
11,0,0,dpga,backbone,0.018958501517772675,0.0,global_ddp_mean,2,0.0,7.4376115798950195,7.4376115798950195,0.0,0.0,0.0,0.0,0.0,0.0,0.0,0.0,0.0,0.0,0.0,0.0,0.0,1.0,1.0,0.0,0,0,0,0,0,0,0,0.0,0.0,0.2,0.0
11,0,0,dpga,fpn,0.018958501517772675,0.0,global_ddp_mean,2,0.0,0.9270491003990173,0.9270491003990173,0.0,0.0,0.0,0.0,0.0,0.0,0.0,0.0,0.0,0.0,0.0,0.0,0.0,1.0,1.0,0.0,0,0,0,0,0,0,0,0.0,0.0,0.2,0.0
11,0,0,dpga,rpn,0.018958501517772675,0.0,global_ddp_mean,2,0.0,1.5987788438796997,1.5987788438796997,0.0,0.0,0.0,0.0,0.0,0.0,0.0,0.0,0.0,0.0,0.0,0.0,0.0,1.0,1.0,0.0,0,0,0,0,0,0,0,0.0,0.0,0.2,0.0
11,0,0,dpga,roi_shared,0.018958501517772675,0.0,global_ddp_mean,2,0.0,1.2646976709365845,1.2646976709365845,0.0,0.0,0.0,0.0,0.0,0.0,0.0,0.0,0.0,0.0,0.0,0.0,0.0,1.0,1.0,0.0,0,0,0,0,0,0,0,0.0,0.0,0.2,0.0
11,0,0,dpga,roi_cls,0.018958501517772675,0.0,global_ddp_mean,2,0.0,0.98048335313797,0.98048335313797,0.0,0.0,0.0,0.0,0.0,0.0,0.0,0.0,0.0,0.0,0.0,0.0,0.0,1.0,1.0,0.0,0,0,0,0,0,0,0,0.0,0.0,0.2,0.0
11,0,0,dpga,roi_reg,0.018958501517772675,0.0,global_ddp_mean,2,0.0,0.4227201044559479,0.4227201044559479,0.0,0.0,0.0,0.0,0.0,0.0,0.0,0.0,0.0,0.0,0.0,0.0,0.0,1.0,1.0,0.0,0,0,0,0,0,0,0,0.0,0.0,0.2,0.0
11,100,0,dpga,backbone,0.17347103357315063,-0.0,global_ddp_mean,2,0.0,9.425511360168457,9.425511360168457,0.0,0.0,0.0,0.0,0.0,0.0,0.0,0.0,0.0,0.0,0.0,0.0,0.0,1.0,1.0,0.0,0,0,0,0,0,0,0,0.0,0.0,0.2,0.0
11,100,0,dpga,fpn,0.17347103357315063,-0.0,global_ddp_mean,2,0.0,1.7919063568115234,1.7919063568115234,0.0,0.0,0.0,0.0,0.0,0.0,0.0,0.0,0.0,0.0,0.0,0.0,0.0,1.0,1.0,0.0,0,0,0,0,0,0,0,0.0,0.0,0.2,0.0
11,100,0,dpga,rpn,0.17347103357315063,-0.0,global_ddp_mean,2,0.0,3.099921464920044,3.099921464920044,0.0,0.0,0.0,0.0,0.0,0.0,0.0,0.0,0.0,0.0,0.0,0.0,0.0,1.0,1.0,0.0,0,0,0,0,0,0,0,0.0,0.0,0.2,0.0
11,100,0,dpga,roi_shared,0.17347103357315063,-0.0,global_ddp_mean,2,0.0,3.114426851272583,3.114426851272583,0.0,0.0,0.0,0.0,0.0,0.0,0.0,0.0,0.0,0.0,0.0,0.0,0.0,1.0,1.0,0.0,0,0,0,0,0,0,0,0.0,0.0,0.2,0.0
11,100,0,dpga,roi_cls,0.17347103357315063,-0.0,global_ddp_mean,2,0.0,2.1683573722839355,2.1683573722839355,0.0,0.0,0.0,0.0,0.0,0.0,0.0,0.0,0.0,0.0,0.0,0.0,0.0,1.0,1.0,0.0,0,0,0,0,0,0,0,0.0,0.0,0.2,0.0
11,100,0,dpga,roi_reg,0.17347103357315063,-0.0,global_ddp_mean,2,0.0,1.7394061088562012,1.7394061088562012,0.0,0.0,0.0,0.0,0.0,0.0,0.0,0.0,0.0,0.0,0.0,0.0,0.0,1.0,1.0,0.0,0,0,0,0,0,0,0,0.0,0.0,0.2,0.0
11,200,0,dpga,backbone,0.34920066595077515,-0.0,global_ddp_mean,2,0.0,8.391453742980957,8.391453742980957,0.0,0.0,0.0,0.0,0.0,0.0,0.0,0.0,0.0,0.0,0.0,0.0,0.0,1.0,1.0,0.0,0,0,0,0,0,0,0,0.0,0.0,0.2,0.0
11,200,0,dpga,fpn,0.34920066595077515,-0.0,global_ddp_mean,2,0.0,1.4867018461227417,1.4867018461227417,0.0,0.0,0.0,0.0,0.0,0.0,0.0,0.0,0.0,0.0,0.0,0.0,0.0,1.0,1.0,0.0,0,0,0,0,0,0,0,0.0,0.0,0.2,0.0
11,200,0,dpga,rpn,0.34920066595077515,-0.0,global_ddp_mean,2,0.0,2.283295154571533,2.283295154571533,0.0,0.0,0.0,0.0,0.0,0.0,0.0,0.0,0.0,0.0,0.0,0.0,0.0,1.0,1.0,0.0,0,0,0,0,0,0,0,0.0,0.0,0.2,0.0
11,200,0,dpga,roi_shared,0.34920066595077515,-0.0,global_ddp_mean,2,0.0,2.885993480682373,2.885993480682373,0.0,0.0,0.0,0.0,0.0,0.0,0.0,0.0,0.0,0.0,0.0,0.0,0.0,1.0,1.0,0.0,0,0,0,0,0,0,0,0.0,0.0,0.2,0.0
11,200,0,dpga,roi_cls,0.34920066595077515,-0.0,global_ddp_mean,2,0.0,1.7845557928085327,1.7845557928085327,0.0,0.0,0.0,0.0,0.0,0.0,0.0,0.0,0.0,0.0,0.0,0.0,0.0,1.0,1.0,0.0,0,0,0,0,0,0,0,0.0,0.0,0.2,0.0
11,200,0,dpga,roi_reg,0.34920066595077515,-0.0,global_ddp_mean,2,0.0,3.4795711040496826,3.4795711040496826,0.0,0.0,0.0,0.0,0.0,0.0,0.0,0.0,0.0,0.0,0.0,0.0,0.0,1.0,1.0,0.0,0,0,0,0,0,0,0,0.0,0.0,0.2,0.0
11,300,0,dpga,backbone,0.5299932956695557,0.0,global_ddp_mean,2,0.0,14.246809959411621,14.246809959411621,0.0,0.0,0.0,0.0,0.0,0.0,0.0,0.0,0.0,0.0,0.0,0.0,0.0,1.0,1.0,0.0,0,0,0,0,0,0,0,0.0,0.0,0.2,0.0
11,300,0,dpga,fpn,0.5299932956695557,0.0,global_ddp_mean,2,0.0,3.518296241760254,3.518296241760254,0.0,0.0,0.0,0.0,0.0,0.0,0.0,0.0,0.0,0.0,0.0,0.0,0.0,1.0,1.0,0.0,0,0,0,0,0,0,0,0.0,0.0,0.2,0.0
11,300,0,dpga,rpn,0.5299932956695557,0.0,global_ddp_mean,2,0.0,2.618197202682495,2.618197202682495,0.0,0.0,0.0,0.0,0.0,0.0,0.0,0.0,0.0,0.0,0.0,0.0,0.0,1.0,1.0,0.0,0,0,0,0,0,0,0,0.0,0.0,0.2,0.0
11,300,0,dpga,roi_shared,0.5299932956695557,0.0,global_ddp_mean,2,0.0,7.750702381134033,7.750702381134033,0.0,0.0,0.0,0.0,0.0,0.0,0.0,0.0,0.0,0.0,0.0,0.0,0.0,1.0,1.0,0.0,0,0,0,0,0,0,0,0.0,0.0,0.2,0.0
11,300,0,dpga,roi_cls,0.5299932956695557,0.0,global_ddp_mean,2,0.0,7.6712646484375,7.6712646484375,0.0,0.0,0.0,0.0,0.0,0.0,0.0,0.0,0.0,0.0,0.0,0.0,0.0,1.0,1.0,0.0,0,0,0,0,0,0,0,0.0,0.0,0.2,0.0
11,300,0,dpga,roi_reg,0.5299932956695557,0.0,global_ddp_mean,2,0.0,6.6840739250183105,6.6840739250183105,0.0,0.0,0.0,0.0,0.0,0.0,0.0,0.0,0.0,0.0,0.0,0.0,0.0,1.0,1.0,0.0,0,0,0,0,0,0,0,0.0,0.0,0.2,0.0
11,400,0,dpga,backbone,0.3495006561279297,0.0,global_ddp_mean,2,0.0,14.064245223999023,14.064245223999023,0.0,0.0,0.0,0.0,0.0,0.0,0.0,0.0,0.0,0.0,0.0,0.0,0.0,1.0,1.0,0.0,0,0,0,0,0,0,0,0.0,0.0,0.2,0.0
11,400,0,dpga,fpn,0.3495006561279297,0.0,global_ddp_mean,2,0.0,2.507704973220825,2.507704973220825,0.0,0.0,0.0,0.0,0.0,0.0,0.0,0.0,0.0,0.0,0.0,0.0,0.0,1.0,1.0,0.0,0,0,0,0,0,0,0,0.0,0.0,0.2,0.0
11,400,0,dpga,rpn,0.3495006561279297,0.0,global_ddp_mean,2,0.0,3.8258965015411377,3.8258965015411377,0.0,0.0,0.0,0.0,0.0,0.0,0.0,0.0,0.0,0.0,0.0,0.0,0.0,1.0,1.0,0.0,0,0,0,0,0,0,0,0.0,0.0,0.2,0.0
11,400,0,dpga,roi_shared,0.3495006561279297,0.0,global_ddp_mean,2,0.0,6.618732452392578,6.618732452392578,0.0,0.0,0.0,0.0,0.0,0.0,0.0,0.0,0.0,0.0,0.0,0.0,0.0,1.0,1.0,0.0,0,0,0,0,0,0,0,0.0,0.0,0.2,0.0
11,400,0,dpga,roi_cls,0.3495006561279297,0.0,global_ddp_mean,2,0.0,6.334255695343018,6.334255695343018,0.0,0.0,0.0,0.0,0.0,0.0,0.0,0.0,0.0,0.0,0.0,0.0,0.0,1.0,1.0,0.0,0,0,0,0,0,0,0,0.0,0.0,0.2,0.0
11,400,0,dpga,roi_reg,0.3495006561279297,0.0,global_ddp_mean,2,0.0,3.909104347229004,3.909104347229004,0.0,0.0,0.0,0.0,0.0,0.0,0.0,0.0,0.0,0.0,0.0,0.0,0.0,1.0,1.0,0.0,0,0,0,0,0,0,0,0.0,0.0,0.2,0.0
11,500,0,dpga,backbone,0.04907119646668434,-0.0,global_ddp_mean,2,0.0,7.184762954711914,7.184762954711914,0.0,0.0,0.0,0.0,0.0,0.0,0.0,0.0,0.0,0.0,0.0,0.0,0.0,1.0,1.0,0.0,0,0,0,0,0,0,0,0.0,0.0,0.2,0.0
11,500,0,dpga,fpn,0.04907119646668434,-0.0,global_ddp_mean,2,0.0,1.4302524328231812,1.4302524328231812,0.0,0.0,0.0,0.0,0.0,0.0,0.0,0.0,0.0,0.0,0.0,0.0,0.0,1.0,1.0,0.0,0,0,0,0,0,0,0,0.0,0.0,0.2,0.0
11,500,0,dpga,rpn,0.04907119646668434,-0.0,global_ddp_mean,2,0.0,3.1073050498962402,3.1073050498962402,0.0,0.0,0.0,0.0,0.0,0.0,0.0,0.0,0.0,0.0,0.0,0.0,0.0,1.0,1.0,0.0,0,0,0,0,0,0,0,0.0,0.0,0.2,0.0
11,500,0,dpga,roi_shared,0.04907119646668434,-0.0,global_ddp_mean,2,0.0,1.8611723184585571,1.8611723184585571,0.0,0.0,0.0,0.0,0.0,0.0,0.0,0.0,0.0,0.0,0.0,0.0,0.0,1.0,1.0,0.0,0,0,0,0,0,0,0,0.0,0.0,0.2,0.0
11,500,0,dpga,roi_cls,0.04907119646668434,-0.0,global_ddp_mean,2,0.0,1.0381522178649902,1.0381522178649902,0.0,0.0,0.0,0.0,0.0,0.0,0.0,0.0,0.0,0.0,0.0,0.0,0.0,1.0,1.0,0.0,0,0,0,0,0,0,0,0.0,0.0,0.2,0.0
11,500,0,dpga,roi_reg,0.04907119646668434,-0.0,global_ddp_mean,2,0.0,1.9072951078414917,1.9072951078414917,0.0,0.0,0.0,0.0,0.0,0.0,0.0,0.0,0.0,0.0,0.0,0.0,0.0,1.0,1.0,0.0,0,0,0,0,0,0,0,0.0,0.0,0.2,0.0
11,600,0,dpga,backbone,0.020763950422406197,0.0,global_ddp_mean,2,0.0,8.063664436340332,8.063664436340332,0.0,0.0,0.0,0.0,0.0,0.0,0.0,0.0,0.0,0.0,0.0,0.0,0.0,1.0,1.0,0.0,0,0,0,0,0,0,0,0.0,0.0,0.2,0.0
11,600,0,dpga,fpn,0.020763950422406197,0.0,global_ddp_mean,2,0.0,1.2096550464630127,1.2096550464630127,0.0,0.0,0.0,0.0,0.0,0.0,0.0,0.0,0.0,0.0,0.0,0.0,0.0,1.0,1.0,0.0,0,0,0,0,0,0,0,0.0,0.0,0.2,0.0
11,600,0,dpga,rpn,0.020763950422406197,0.0,global_ddp_mean,2,0.0,0.6688218712806702,0.6688218712806702,0.0,0.0,0.0,0.0,0.0,0.0,0.0,0.0,0.0,0.0,0.0,0.0,0.0,1.0,1.0,0.0,0,0,0,0,0,0,0,0.0,0.0,0.2,0.0
11,600,0,dpga,roi_shared,0.020763950422406197,0.0,global_ddp_mean,2,0.0,2.6233081817626953,2.6233081817626953,0.0,0.0,0.0,0.0,0.0,0.0,0.0,0.0,0.0,0.0,0.0,0.0,0.0,1.0,1.0,0.0,0,0,0,0,0,0,0,0.0,0.0,0.2,0.0
11,600,0,dpga,roi_cls,0.020763950422406197,0.0,global_ddp_mean,2,0.0,2.4878199100494385,2.4878199100494385,0.0,0.0,0.0,0.0,0.0,0.0,0.0,0.0,0.0,0.0,0.0,0.0,0.0,1.0,1.0,0.0,0,0,0,0,0,0,0,0.0,0.0,0.2,0.0
11,600,0,dpga,roi_reg,0.020763950422406197,0.0,global_ddp_mean,2,0.0,0.98215252161026,0.98215252161026,0.0,0.0,0.0,0.0,0.0,0.0,0.0,0.0,0.0,0.0,0.0,0.0,0.0,1.0,1.0,0.0,0,0,0,0,0,0,0,0.0,0.0,0.2,0.0
11,700,0,dpga,backbone,0.010959146544337273,0.0,global_ddp_mean,2,0.0,7.133916854858398,7.133916854858398,0.0,0.0,0.0,0.0,0.0,0.0,0.0,0.0,0.0,0.0,0.0,0.0,0.0,1.0,1.0,0.0,0,0,0,0,0,0,0,0.0,0.0,0.2,0.0
11,700,0,dpga,fpn,0.010959146544337273,0.0,global_ddp_mean,2,0.0,1.1295039653778076,1.1295039653778076,0.0,0.0,0.0,0.0,0.0,0.0,0.0,0.0,0.0,0.0,0.0,0.0,0.0,1.0,1.0,0.0,0,0,0,0,0,0,0,0.0,0.0,0.2,0.0
11,700,0,dpga,rpn,0.010959146544337273,0.0,global_ddp_mean,2,0.0,1.5667967796325684,1.5667967796325684,0.0,0.0,0.0,0.0,0.0,0.0,0.0,0.0,0.0,0.0,0.0,0.0,0.0,1.0,1.0,0.0,0,0,0,0,0,0,0,0.0,0.0,0.2,0.0
11,700,0,dpga,roi_shared,0.010959146544337273,0.0,global_ddp_mean,2,0.0,1.6602965593338013,1.6602965593338013,0.0,0.0,0.0,0.0,0.0,0.0,0.0,0.0,0.0,0.0,0.0,0.0,0.0,1.0,1.0,0.0,0,0,0,0,0,0,0,0.0,0.0,0.2,0.0
11,700,0,dpga,roi_cls,0.010959146544337273,0.0,global_ddp_mean,2,0.0,1.4287374019622803,1.4287374019622803,0.0,0.0,0.0,0.0,0.0,0.0,0.0,0.0,0.0,0.0,0.0,0.0,0.0,1.0,1.0,0.0,0,0,0,0,0,0,0,0.0,0.0,0.2,0.0
11,700,0,dpga,roi_reg,0.010959146544337273,0.0,global_ddp_mean,2,0.0,0.43022438883781433,0.43022438883781433,0.0,0.0,0.0,0.0,0.0,0.0,0.0,0.0,0.0,0.0,0.0,0.0,0.0,1.0,1.0,0.0,0,0,0,0,0,0,0,0.0,0.0,0.2,0.0
11,800,0,dpga,backbone,0.024872777983546257,0.0,global_ddp_mean,2,0.0,11.499662399291992,11.499662399291992,0.0,0.0,0.0,0.0,0.0,0.0,0.0,0.0,0.0,0.0,0.0,0.0,0.0,1.0,1.0,0.0,0,0,0,0,0,0,0,0.0,0.0,0.2,0.0
11,800,0,dpga,fpn,0.024872777983546257,0.0,global_ddp_mean,2,0.0,1.822152018547058,1.822152018547058,0.0,0.0,0.0,0.0,0.0,0.0,0.0,0.0,0.0,0.0,0.0,0.0,0.0,1.0,1.0,0.0,0,0,0,0,0,0,0,0.0,0.0,0.2,0.0
11,800,0,dpga,rpn,0.024872777983546257,0.0,global_ddp_mean,2,0.0,1.0793325901031494,1.0793325901031494,0.0,0.0,0.0,0.0,0.0,0.0,0.0,0.0,0.0,0.0,0.0,0.0,0.0,1.0,1.0,0.0,0,0,0,0,0,0,0,0.0,0.0,0.2,0.0
11,800,0,dpga,roi_shared,0.024872777983546257,0.0,global_ddp_mean,2,0.0,3.895308256149292,3.895308256149292,0.0,0.0,0.0,0.0,0.0,0.0,0.0,0.0,0.0,0.0,0.0,0.0,0.0,1.0,1.0,0.0,0,0,0,0,0,0,0,0.0,0.0,0.2,0.0
11,800,0,dpga,roi_cls,0.024872777983546257,0.0,global_ddp_mean,2,0.0,3.770235538482666,3.770235538482666,0.0,0.0,0.0,0.0,0.0,0.0,0.0,0.0,0.0,0.0,0.0,0.0,0.0,1.0,1.0,0.0,0,0,0,0,0,0,0,0.0,0.0,0.2,0.0
11,800,0,dpga,roi_reg,0.024872777983546257,0.0,global_ddp_mean,2,0.0,0.0,0.0,0.0,0.0,0.0,0.0,0.0,0.0,0.0,0.0,0.0,0.0,0.0,0.0,0.0,0.0,0.0,90.0,0,0,0,0,0,0,0,0.0,0.0,0.2,0.0
11,900,0,dpga,backbone,0.35241538286209106,0.0,global_ddp_mean,2,0.0,9.241865158081055,9.241865158081055,0.0,0.0,0.0,0.0,0.0,0.0,0.0,0.0,0.0,0.0,0.0,0.0,0.0,1.0,1.0,0.0,0,0,0,0,0,0,0,0.0,0.0,0.2,0.0
11,900,0,dpga,fpn,0.35241538286209106,0.0,global_ddp_mean,2,0.0,2.0369465351104736,2.0369465351104736,0.0,0.0,0.0,0.0,0.0,0.0,0.0,0.0,0.0,0.0,0.0,0.0,0.0,1.0,1.0,0.0,0,0,0,0,0,0,0,0.0,0.0,0.2,0.0
11,900,0,dpga,rpn,0.35241538286209106,0.0,global_ddp_mean,2,0.0,2.261350631713867,2.261350631713867,0.0,0.0,0.0,0.0,0.0,0.0,0.0,0.0,0.0,0.0,0.0,0.0,0.0,1.0,1.0,0.0,0,0,0,0,0,0,0,0.0,0.0,0.2,0.0
11,900,0,dpga,roi_shared,0.35241538286209106,0.0,global_ddp_mean,2,0.0,3.8973751068115234,3.8973751068115234,0.0,0.0,0.0,0.0,0.0,0.0,0.0,0.0,0.0,0.0,0.0,0.0,0.0,1.0,1.0,0.0,0,0,0,0,0,0,0,0.0,0.0,0.2,0.0
11,900,0,dpga,roi_cls,0.35241538286209106,0.0,global_ddp_mean,2,0.0,2.3723104000091553,2.3723104000091553,0.0,0.0,0.0,0.0,0.0,0.0,0.0,0.0,0.0,0.0,0.0,0.0,0.0,1.0,1.0,0.0,0,0,0,0,0,0,0,0.0,0.0,0.2,0.0
11,900,0,dpga,roi_reg,0.35241538286209106,0.0,global_ddp_mean,2,0.0,3.5204408168792725,3.5204408168792725,0.0,0.0,0.0,0.0,0.0,0.0,0.0,0.0,0.0,0.0,0.0,0.0,0.0,1.0,1.0,0.0,0,0,0,0,0,0,0,0.0,0.0,0.2,0.0
11,1000,0,dpga,backbone,0.3498501181602478,-0.0,global_ddp_mean,2,0.0,12.973973274230957,12.973973274230957,0.0,0.0,0.0,0.0,0.0,0.0,0.0,0.0,0.0,0.0,0.0,0.0,0.0,1.0,1.0,0.0,0,0,0,0,0,0,0,0.0,0.0,0.2,0.0
11,1000,0,dpga,fpn,0.3498501181602478,-0.0,global_ddp_mean,2,0.0,1.695527195930481,1.695527195930481,0.0,0.0,0.0,0.0,0.0,0.0,0.0,0.0,0.0,0.0,0.0,0.0,0.0,1.0,1.0,0.0,0,0,0,0,0,0,0,0.0,0.0,0.2,0.0
11,1000,0,dpga,rpn,0.3498501181602478,-0.0,global_ddp_mean,2,0.0,1.7493641376495361,1.7493641376495361,0.0,0.0,0.0,0.0,0.0,0.0,0.0,0.0,0.0,0.0,0.0,0.0,0.0,1.0,1.0,0.0,0,0,0,0,0,0,0,0.0,0.0,0.2,0.0
11,1000,0,dpga,roi_shared,0.3498501181602478,-0.0,global_ddp_mean,2,0.0,3.2107439041137695,3.2107439041137695,0.0,0.0,0.0,0.0,0.0,0.0,0.0,0.0,0.0,0.0,0.0,0.0,0.0,1.0,1.0,0.0,0,0,0,0,0,0,0,0.0,0.0,0.2,0.0
11,1000,0,dpga,roi_cls,0.3498501181602478,-0.0,global_ddp_mean,2,0.0,2.1514322757720947,2.1514322757720947,0.0,0.0,0.0,0.0,0.0,0.0,0.0,0.0,0.0,0.0,0.0,0.0,0.0,1.0,1.0,0.0,0,0,0,0,0,0,0,0.0,0.0,0.2,0.0
11,1000,0,dpga,roi_reg,0.3498501181602478,-0.0,global_ddp_mean,2,0.0,1.3878965377807617,1.3878965377807617,0.0,0.0,0.0,0.0,0.0,0.0,0.0,0.0,0.0,0.0,0.0,0.0,0.0,1.0,1.0,0.0,0,0,0,0,0,0,0,0.0,0.0,0.2,0.0
11,1100,0,dpga,backbone,0.017640013247728348,0.0,global_ddp_mean,2,0.0,3.3820202350616455,3.3820202350616455,0.0,0.0,0.0,0.0,0.0,0.0,0.0,0.0,0.0,0.0,0.0,0.0,0.0,1.0,1.0,0.0,0,0,0,0,0,0,0,0.0,0.0,0.2,0.0
11,1100,0,dpga,fpn,0.017640013247728348,0.0,global_ddp_mean,2,0.0,0.5143126249313354,0.5143126249313354,0.0,0.0,0.0,0.0,0.0,0.0,0.0,0.0,0.0,0.0,0.0,0.0,0.0,1.0,1.0,0.0,0,0,0,0,0,0,0,0.0,0.0,0.2,0.0
11,1100,0,dpga,rpn,0.017640013247728348,0.0,global_ddp_mean,2,0.0,0.955520749092102,0.955520749092102,0.0,0.0,0.0,0.0,0.0,0.0,0.0,0.0,0.0,0.0,0.0,0.0,0.0,1.0,1.0,0.0,0,0,0,0,0,0,0,0.0,0.0,0.2,0.0
11,1100,0,dpga,roi_shared,0.017640013247728348,0.0,global_ddp_mean,2,0.0,0.0,0.0,0.0,0.0,0.0,0.0,0.0,0.0,0.0,0.0,0.0,0.0,0.0,0.0,0.0,0.0,0.0,90.0,0,0,0,0,0,0,0,0.0,0.0,0.2,0.0
11,1100,0,dpga,roi_cls,0.017640013247728348,0.0,global_ddp_mean,2,0.0,0.0,0.0,0.0,0.0,0.0,0.0,0.0,0.0,0.0,0.0,0.0,0.0,0.0,0.0,0.0,0.0,0.0,90.0,0,0,0,0,0,0,0,0.0,0.0,0.2,0.0
11,1100,0,dpga,roi_reg,0.017640013247728348,0.0,global_ddp_mean,2,0.0,0.0,0.0,0.0,0.0,0.0,0.0,0.0,0.0,0.0,0.0,0.0,0.0,0.0,0.0,0.0,0.0,0.0,90.0,0,0,0,0,0,0,0,0.0,0.0,0.2,0.0
11,1200,0,dpga,backbone,0.11608171463012695,-0.0,global_ddp_mean,2,0.0,9.218362808227539,9.218362808227539,0.0,0.0,0.0,0.0,0.0,0.0,0.0,0.0,0.0,0.0,0.0,0.0,0.0,1.0,1.0,0.0,0,0,0,0,0,0,0,0.0,0.0,0.2,0.0
11,1200,0,dpga,fpn,0.11608171463012695,-0.0,global_ddp_mean,2,0.0,1.2753305435180664,1.2753305435180664,0.0,0.0,0.0,0.0,0.0,0.0,0.0,0.0,0.0,0.0,0.0,0.0,0.0,1.0,1.0,0.0,0,0,0,0,0,0,0,0.0,0.0,0.2,0.0
11,1200,0,dpga,rpn,0.11608171463012695,-0.0,global_ddp_mean,2,0.0,1.2020025253295898,1.2020025253295898,0.0,0.0,0.0,0.0,0.0,0.0,0.0,0.0,0.0,0.0,0.0,0.0,0.0,1.0,1.0,0.0,0,0,0,0,0,0,0,0.0,0.0,0.2,0.0
11,1200,0,dpga,roi_shared,0.11608171463012695,-0.0,global_ddp_mean,2,0.0,2.5385329723358154,2.5385329723358154,0.0,0.0,0.0,0.0,0.0,0.0,0.0,0.0,0.0,0.0,0.0,0.0,0.0,1.0,1.0,0.0,0,0,0,0,0,0,0,0.0,0.0,0.2,0.0
11,1200,0,dpga,roi_cls,0.11608171463012695,-0.0,global_ddp_mean,2,0.0,2.210218906402588,2.210218906402588,0.0,0.0,0.0,0.0,0.0,0.0,0.0,0.0,0.0,0.0,0.0,0.0,0.0,1.0,1.0,0.0,0,0,0,0,0,0,0,0.0,0.0,0.2,0.0
11,1200,0,dpga,roi_reg,0.11608171463012695,-0.0,global_ddp_mean,2,0.0,0.25693896412849426,0.25693896412849426,0.0,0.0,0.0,0.0,0.0,0.0,0.0,0.0,0.0,0.0,0.0,0.0,0.0,1.0,1.0,0.0,0,0,0,0,0,0,0,0.0,0.0,0.2,0.0
11,1300,0,dpga,backbone,0.4610373079776764,-0.0,global_ddp_mean,2,0.0,33.609352111816406,33.609352111816406,0.0,0.0,0.0,0.0,0.0,0.0,0.0,0.0,0.0,0.0,0.0,0.0,0.0,1.0,1.0,0.0,0,0,0,0,0,0,0,0.0,0.0,0.2,0.0
11,1300,0,dpga,fpn,0.4610373079776764,-0.0,global_ddp_mean,2,0.0,9.422593116760254,9.422593116760254,0.0,0.0,0.0,0.0,0.0,0.0,0.0,0.0,0.0,0.0,0.0,0.0,0.0,1.0,1.0,0.0,0,0,0,0,0,0,0,0.0,0.0,0.2,0.0
11,1300,0,dpga,rpn,0.4610373079776764,-0.0,global_ddp_mean,2,0.0,5.139811038970947,5.139811038970947,0.0,0.0,0.0,0.0,0.0,0.0,0.0,0.0,0.0,0.0,0.0,0.0,0.0,1.0,1.0,0.0,0,0,0,0,0,0,0,0.0,0.0,0.2,0.0
11,1300,0,dpga,roi_shared,0.4610373079776764,-0.0,global_ddp_mean,2,0.0,21.26010513305664,21.26010513305664,0.0,0.0,0.0,0.0,0.0,0.0,0.0,0.0,0.0,0.0,0.0,0.0,0.0,1.0,1.0,0.0,0,0,0,0,0,0,0,0.0,0.0,0.2,0.0
11,1300,0,dpga,roi_cls,0.4610373079776764,-0.0,global_ddp_mean,2,0.0,16.576778411865234,16.576778411865234,0.0,0.0,0.0,0.0,0.0,0.0,0.0,0.0,0.0,0.0,0.0,0.0,0.0,1.0,1.0,0.0,0,0,0,0,0,0,0,0.0,0.0,0.2,0.0
11,1300,0,dpga,roi_reg,0.4610373079776764,-0.0,global_ddp_mean,2,0.0,5.430707931518555,5.430707931518555,0.0,0.0,0.0,0.0,0.0,0.0,0.0,0.0,0.0,0.0,0.0,0.0,0.0,1.0,1.0,0.0,0,0,0,0,0,0,0,0.0,0.0,0.2,0.0
11,1400,0,dpga,backbone,0.003433109959587455,0.0,global_ddp_mean,2,0.0,4.594933986663818,4.594933986663818,0.0,0.0,0.0,0.0,0.0,0.0,0.0,0.0,0.0,0.0,0.0,0.0,0.0,1.0,1.0,0.0,0,0,0,0,0,0,0,0.0,0.0,0.2,0.0
11,1400,0,dpga,fpn,0.003433109959587455,0.0,global_ddp_mean,2,0.0,0.9116321802139282,0.9116321802139282,0.0,0.0,0.0,0.0,0.0,0.0,0.0,0.0,0.0,0.0,0.0,0.0,0.0,1.0,1.0,0.0,0,0,0,0,0,0,0,0.0,0.0,0.2,0.0
11,1400,0,dpga,rpn,0.003433109959587455,0.0,global_ddp_mean,2,0.0,1.109398365020752,1.109398365020752,0.0,0.0,0.0,0.0,0.0,0.0,0.0,0.0,0.0,0.0,0.0,0.0,0.0,1.0,1.0,0.0,0,0,0,0,0,0,0,0.0,0.0,0.2,0.0
11,1400,0,dpga,roi_shared,0.003433109959587455,0.0,global_ddp_mean,2,0.0,2.2400827407836914,2.2400827407836914,0.0,0.0,0.0,0.0,0.0,0.0,0.0,0.0,0.0,0.0,0.0,0.0,0.0,1.0,1.0,0.0,0,0,0,0,0,0,0,0.0,0.0,0.2,0.0
11,1400,0,dpga,roi_cls,0.003433109959587455,0.0,global_ddp_mean,2,0.0,2.0983054637908936,2.0983054637908936,0.0,0.0,0.0,0.0,0.0,0.0,0.0,0.0,0.0,0.0,0.0,0.0,0.0,1.0,1.0,0.0,0,0,0,0,0,0,0,0.0,0.0,0.2,0.0
11,1400,0,dpga,roi_reg,0.003433109959587455,0.0,global_ddp_mean,2,0.0,2.024942398071289,2.024942398071289,0.0,0.0,0.0,0.0,0.0,0.0,0.0,0.0,0.0,0.0,0.0,0.0,0.0,1.0,1.0,0.0,0,0,0,0,0,0,0,0.0,0.0,0.2,0.0
12,0,0,dpga,backbone,0.18887494504451752,0.00010002159251598641,global_ddp_mean,2,0.0,9.098673820495605,9.098673820495605,0.0,0.0,0.0,0.0,0.0,0.0,0.0,0.0,0.0,0.0,0.0,0.0,0.0,1.0,1.0,0.0,0,0,0,0,0,0,0,0.0,0.0,0.2,0.0
12,0,0,dpga,fpn,0.18887494504451752,0.00010002159251598641,global_ddp_mean,2,0.0,1.866187334060669,1.866187334060669,0.0,0.0,0.0,0.0,0.0,0.0,0.0,0.0,0.0,0.0,0.0,0.0,0.0,1.0,1.0,0.0,0,0,0,0,0,0,0,0.0,0.0,0.2,0.0
12,0,0,dpga,rpn,0.18887494504451752,0.00010002159251598641,global_ddp_mean,2,0.0,1.3802167177200317,1.3802167177200317,0.0,0.0,0.0,0.0,0.0,0.0,0.0,0.0,0.0,0.0,0.0,0.0,0.0,1.0,1.0,0.0,0,0,0,0,0,0,0,0.0,0.0,0.2,0.0
12,0,0,dpga,roi_shared,0.18887494504451752,0.00010002159251598641,global_ddp_mean,2,0.0,3.840848445892334,3.840848445892334,0.0,0.0,0.0,0.0,0.0,0.0,0.0,0.0,0.0,0.0,0.0,0.0,0.0,1.0,1.0,0.0,0,0,0,0,0,0,0,0.0,0.0,0.2,0.0
12,0,0,dpga,roi_cls,0.18887494504451752,0.00010002159251598641,global_ddp_mean,2,0.0,3.52199387550354,3.52199387550354,0.0,0.0,0.0,0.0,0.0,0.0,0.0,0.0,0.0,0.0,0.0,0.0,0.0,1.0,1.0,0.0,0,0,0,0,0,0,0,0.0,0.0,0.2,0.0
12,0,0,dpga,roi_reg,0.18887494504451752,0.00010002159251598641,global_ddp_mean,2,0.0,0.8601273894309998,0.8601273894309998,0.0,0.0,0.0,0.0,0.0,0.0,0.0,0.0,0.0,0.0,0.0,0.0,0.0,1.0,1.0,0.0,0,0,0,0,0,0,0,0.0,0.0,0.2,0.0
12,100,0,dpga,backbone,0.059489656239748,0.0,global_ddp_mean,2,0.0,7.562291622161865,7.562291622161865,0.0,0.0,0.0,0.0,0.0,0.0,0.0,0.0,0.0,0.0,0.0,0.0,0.0,1.0,1.0,0.0,0,0,0,0,0,0,0,0.0,0.0,0.2,0.0
12,100,0,dpga,fpn,0.059489656239748,0.0,global_ddp_mean,2,0.0,1.6632779836654663,1.6632779836654663,0.0,0.0,0.0,0.0,0.0,0.0,0.0,0.0,0.0,0.0,0.0,0.0,0.0,1.0,1.0,0.0,0,0,0,0,0,0,0,0.0,0.0,0.2,0.0
12,100,0,dpga,rpn,0.059489656239748,0.0,global_ddp_mean,2,0.0,2.7201743125915527,2.7201743125915527,0.0,0.0,0.0,0.0,0.0,0.0,0.0,0.0,0.0,0.0,0.0,0.0,0.0,1.0,1.0,0.0,0,0,0,0,0,0,0,0.0,0.0,0.2,0.0
12,100,0,dpga,roi_shared,0.059489656239748,0.0,global_ddp_mean,2,0.0,3.0527539253234863,3.0527539253234863,0.0,0.0,0.0,0.0,0.0,0.0,0.0,0.0,0.0,0.0,0.0,0.0,0.0,1.0,1.0,0.0,0,0,0,0,0,0,0,0.0,0.0,0.2,0.0
12,100,0,dpga,roi_cls,0.059489656239748,0.0,global_ddp_mean,2,0.0,2.532200813293457,2.532200813293457,0.0,0.0,0.0,0.0,0.0,0.0,0.0,0.0,0.0,0.0,0.0,0.0,0.0,1.0,1.0,0.0,0,0,0,0,0,0,0,0.0,0.0,0.2,0.0
12,100,0,dpga,roi_reg,0.059489656239748,0.0,global_ddp_mean,2,0.0,1.7759519815444946,1.7759519815444946,0.0,0.0,0.0,0.0,0.0,0.0,0.0,0.0,0.0,0.0,0.0,0.0,0.0,1.0,1.0,0.0,0,0,0,0,0,0,0,0.0,0.0,0.2,0.0
12,200,0,dpga,backbone,0.3235747218132019,0.0,global_ddp_mean,2,0.0,8.546483039855957,8.546483039855957,0.0,0.0,0.0,0.0,0.0,0.0,0.0,0.0,0.0,0.0,0.0,0.0,0.0,1.0,1.0,0.0,0,0,0,0,0,0,0,0.0,0.0,0.2,0.0
12,200,0,dpga,fpn,0.3235747218132019,0.0,global_ddp_mean,2,0.0,1.1155511140823364,1.1155511140823364,0.0,0.0,0.0,0.0,0.0,0.0,0.0,0.0,0.0,0.0,0.0,0.0,0.0,1.0,1.0,0.0,0,0,0,0,0,0,0,0.0,0.0,0.2,0.0
12,200,0,dpga,rpn,0.3235747218132019,0.0,global_ddp_mean,2,0.0,1.1018939018249512,1.1018939018249512,0.0,0.0,0.0,0.0,0.0,0.0,0.0,0.0,0.0,0.0,0.0,0.0,0.0,1.0,1.0,0.0,0,0,0,0,0,0,0,0.0,0.0,0.2,0.0
12,200,0,dpga,roi_shared,0.3235747218132019,0.0,global_ddp_mean,2,0.0,2.4501588344573975,2.4501588344573975,0.0,0.0,0.0,0.0,0.0,0.0,0.0,0.0,0.0,0.0,0.0,0.0,0.0,1.0,1.0,0.0,0,0,0,0,0,0,0,0.0,0.0,0.2,0.0
12,200,0,dpga,roi_cls,0.3235747218132019,0.0,global_ddp_mean,2,0.0,1.8586474657058716,1.8586474657058716,0.0,0.0,0.0,0.0,0.0,0.0,0.0,0.0,0.0,0.0,0.0,0.0,0.0,1.0,1.0,0.0,0,0,0,0,0,0,0,0.0,0.0,0.2,0.0
12,200,0,dpga,roi_reg,0.3235747218132019,0.0,global_ddp_mean,2,0.0,2.1883492469787598,2.1883492469787598,0.0,0.0,0.0,0.0,0.0,0.0,0.0,0.0,0.0,0.0,0.0,0.0,0.0,1.0,1.0,0.0,0,0,0,0,0,0,0,0.0,0.0,0.2,0.0
12,300,0,dpga,backbone,0.2526474595069885,0.0,global_ddp_mean,2,0.0,6.275429725646973,6.275429725646973,0.0,0.0,0.0,0.0,0.0,0.0,0.0,0.0,0.0,0.0,0.0,0.0,0.0,1.0,1.0,0.0,0,0,0,0,0,0,0,0.0,0.0,0.2,0.0
12,300,0,dpga,fpn,0.2526474595069885,0.0,global_ddp_mean,2,0.0,1.7214603424072266,1.7214603424072266,0.0,0.0,0.0,0.0,0.0,0.0,0.0,0.0,0.0,0.0,0.0,0.0,0.0,1.0,1.0,0.0,0,0,0,0,0,0,0,0.0,0.0,0.2,0.0
12,300,0,dpga,rpn,0.2526474595069885,0.0,global_ddp_mean,2,0.0,1.440927267074585,1.440927267074585,0.0,0.0,0.0,0.0,0.0,0.0,0.0,0.0,0.0,0.0,0.0,0.0,0.0,1.0,1.0,0.0,0,0,0,0,0,0,0,0.0,0.0,0.2,0.0
12,300,0,dpga,roi_shared,0.2526474595069885,0.0,global_ddp_mean,2,0.0,4.251348495483398,4.251348495483398,0.0,0.0,0.0,0.0,0.0,0.0,0.0,0.0,0.0,0.0,0.0,0.0,0.0,1.0,1.0,0.0,0,0,0,0,0,0,0,0.0,0.0,0.2,0.0
12,300,0,dpga,roi_cls,0.2526474595069885,0.0,global_ddp_mean,2,0.0,2.7411954402923584,2.7411954402923584,0.0,0.0,0.0,0.0,0.0,0.0,0.0,0.0,0.0,0.0,0.0,0.0,0.0,1.0,1.0,0.0,0,0,0,0,0,0,0,0.0,0.0,0.2,0.0
12,300,0,dpga,roi_reg,0.2526474595069885,0.0,global_ddp_mean,2,0.0,2.5671684741973877,2.5671684741973877,0.0,0.0,0.0,0.0,0.0,0.0,0.0,0.0,0.0,0.0,0.0,0.0,0.0,1.0,1.0,0.0,0,0,0,0,0,0,0,0.0,0.0,0.2,0.0
12,400,0,dpga,backbone,0.0052654375322163105,0.0,global_ddp_mean,2,0.0,11.14915657043457,11.14915657043457,0.0,0.0,0.0,0.0,0.0,0.0,0.0,0.0,0.0,0.0,0.0,0.0,0.0,1.0,1.0,0.0,0,0,0,0,0,0,0,0.0,0.0,0.2,0.0
12,400,0,dpga,fpn,0.0052654375322163105,0.0,global_ddp_mean,2,0.0,1.8395116329193115,1.8395116329193115,0.0,0.0,0.0,0.0,0.0,0.0,0.0,0.0,0.0,0.0,0.0,0.0,0.0,1.0,1.0,0.0,0,0,0,0,0,0,0,0.0,0.0,0.2,0.0
12,400,0,dpga,rpn,0.0052654375322163105,0.0,global_ddp_mean,2,0.0,1.5399954319000244,1.5399954319000244,0.0,0.0,0.0,0.0,0.0,0.0,0.0,0.0,0.0,0.0,0.0,0.0,0.0,1.0,1.0,0.0,0,0,0,0,0,0,0,0.0,0.0,0.2,0.0
12,400,0,dpga,roi_shared,0.0052654375322163105,0.0,global_ddp_mean,2,0.0,3.6767256259918213,3.6767256259918213,0.0,0.0,0.0,0.0,0.0,0.0,0.0,0.0,0.0,0.0,0.0,0.0,0.0,1.0,1.0,0.0,0,0,0,0,0,0,0,0.0,0.0,0.2,0.0
12,400,0,dpga,roi_cls,0.0052654375322163105,0.0,global_ddp_mean,2,0.0,1.8228535652160645,1.8228535652160645,0.0,0.0,0.0,0.0,0.0,0.0,0.0,0.0,0.0,0.0,0.0,0.0,0.0,1.0,1.0,0.0,0,0,0,0,0,0,0,0.0,0.0,0.2,0.0
12,400,0,dpga,roi_reg,0.0052654375322163105,0.0,global_ddp_mean,2,0.0,3.142294406890869,3.142294406890869,0.0,0.0,0.0,0.0,0.0,0.0,0.0,0.0,0.0,0.0,0.0,0.0,0.0,1.0,1.0,0.0,0,0,0,0,0,0,0,0.0,0.0,0.2,0.0
12,500,0,dpga,backbone,0.03984999656677246,0.0,global_ddp_mean,2,0.0,8.435538291931152,8.435538291931152,0.0,0.0,0.0,0.0,0.0,0.0,0.0,0.0,0.0,0.0,0.0,0.0,0.0,1.0,1.0,0.0,0,0,0,0,0,0,0,0.0,0.0,0.2,0.0
12,500,0,dpga,fpn,0.03984999656677246,0.0,global_ddp_mean,2,0.0,1.4667407274246216,1.4667407274246216,0.0,0.0,0.0,0.0,0.0,0.0,0.0,0.0,0.0,0.0,0.0,0.0,0.0,1.0,1.0,0.0,0,0,0,0,0,0,0,0.0,0.0,0.2,0.0
12,500,0,dpga,rpn,0.03984999656677246,0.0,global_ddp_mean,2,0.0,1.3826234340667725,1.3826234340667725,0.0,0.0,0.0,0.0,0.0,0.0,0.0,0.0,0.0,0.0,0.0,0.0,0.0,1.0,1.0,0.0,0,0,0,0,0,0,0,0.0,0.0,0.2,0.0
12,500,0,dpga,roi_shared,0.03984999656677246,0.0,global_ddp_mean,2,0.0,2.7322323322296143,2.7322323322296143,0.0,0.0,0.0,0.0,0.0,0.0,0.0,0.0,0.0,0.0,0.0,0.0,0.0,1.0,1.0,0.0,0,0,0,0,0,0,0,0.0,0.0,0.2,0.0
12,500,0,dpga,roi_cls,0.03984999656677246,0.0,global_ddp_mean,2,0.0,2.535665512084961,2.535665512084961,0.0,0.0,0.0,0.0,0.0,0.0,0.0,0.0,0.0,0.0,0.0,0.0,0.0,1.0,1.0,0.0,0,0,0,0,0,0,0,0.0,0.0,0.2,0.0
12,500,0,dpga,roi_reg,0.03984999656677246,0.0,global_ddp_mean,2,0.0,0.0,0.0,0.0,0.0,0.0,0.0,0.0,0.0,0.0,0.0,0.0,0.0,0.0,0.0,0.0,0.0,0.0,90.0,0,0,0,0,0,0,0,0.0,0.0,0.2,0.0
12,600,0,dpga,backbone,0.3743773400783539,0.0,global_ddp_mean,2,0.0,66.60736083984375,66.60736083984375,0.0,0.0,0.0,0.0,0.0,0.0,0.0,0.0,0.0,0.0,0.0,0.0,0.0,1.0,1.0,0.0,0,0,0,0,0,0,0,0.0,0.0,0.2,0.0
12,600,0,dpga,fpn,0.3743773400783539,0.0,global_ddp_mean,2,0.0,7.567910194396973,7.567910194396973,0.0,0.0,0.0,0.0,0.0,0.0,0.0,0.0,0.0,0.0,0.0,0.0,0.0,1.0,1.0,0.0,0,0,0,0,0,0,0,0.0,0.0,0.2,0.0
12,600,0,dpga,rpn,0.3743773400783539,0.0,global_ddp_mean,2,0.0,7.01769495010376,7.01769495010376,0.0,0.0,0.0,0.0,0.0,0.0,0.0,0.0,0.0,0.0,0.0,0.0,0.0,1.0,1.0,0.0,0,0,0,0,0,0,0,0.0,0.0,0.2,0.0
12,600,0,dpga,roi_shared,0.3743773400783539,0.0,global_ddp_mean,2,0.0,13.91478157043457,13.91478157043457,0.0,0.0,0.0,0.0,0.0,0.0,0.0,0.0,0.0,0.0,0.0,0.0,0.0,1.0,1.0,0.0,0,0,0,0,0,0,0,0.0,0.0,0.2,0.0
12,600,0,dpga,roi_cls,0.3743773400783539,0.0,global_ddp_mean,2,0.0,10.327397346496582,10.327397346496582,0.0,0.0,0.0,0.0,0.0,0.0,0.0,0.0,0.0,0.0,0.0,0.0,0.0,1.0,1.0,0.0,0,0,0,0,0,0,0,0.0,0.0,0.2,0.0
12,600,0,dpga,roi_reg,0.3743773400783539,0.0,global_ddp_mean,2,0.0,6.529118537902832,6.529118537902832,0.0,0.0,0.0,0.0,0.0,0.0,0.0,0.0,0.0,0.0,0.0,0.0,0.0,1.0,1.0,0.0,0,0,0,0,0,0,0,0.0,0.0,0.2,0.0
12,700,0,dpga,backbone,0.07903671264648438,0.0,global_ddp_mean,2,0.0,3.976083755493164,3.976083755493164,0.0,0.0,0.0,0.0,0.0,0.0,0.0,0.0,0.0,0.0,0.0,0.0,0.0,1.0,1.0,0.0,0,0,0,0,0,0,0,0.0,0.0,0.2,0.0
12,700,0,dpga,fpn,0.07903671264648438,0.0,global_ddp_mean,2,0.0,1.0990920066833496,1.0990920066833496,0.0,0.0,0.0,0.0,0.0,0.0,0.0,0.0,0.0,0.0,0.0,0.0,0.0,1.0,1.0,0.0,0,0,0,0,0,0,0,0.0,0.0,0.2,0.0
12,700,0,dpga,rpn,0.07903671264648438,0.0,global_ddp_mean,2,0.0,1.1949197053909302,1.1949197053909302,0.0,0.0,0.0,0.0,0.0,0.0,0.0,0.0,0.0,0.0,0.0,0.0,0.0,1.0,1.0,0.0,0,0,0,0,0,0,0,0.0,0.0,0.2,0.0
12,700,0,dpga,roi_shared,0.07903671264648438,0.0,global_ddp_mean,2,0.0,2.3824355602264404,2.3824355602264404,0.0,0.0,0.0,0.0,0.0,0.0,0.0,0.0,0.0,0.0,0.0,0.0,0.0,1.0,1.0,0.0,0,0,0,0,0,0,0,0.0,0.0,0.2,0.0
12,700,0,dpga,roi_cls,0.07903671264648438,0.0,global_ddp_mean,2,0.0,2.2841928005218506,2.2841928005218506,0.0,0.0,0.0,0.0,0.0,0.0,0.0,0.0,0.0,0.0,0.0,0.0,0.0,1.0,1.0,0.0,0,0,0,0,0,0,0,0.0,0.0,0.2,0.0
12,700,0,dpga,roi_reg,0.07903671264648438,0.0,global_ddp_mean,2,0.0,0.2172272950410843,0.2172272950410843,0.0,0.0,0.0,0.0,0.0,0.0,0.0,0.0,0.0,0.0,0.0,0.0,0.0,1.0,1.0,0.0,0,0,0,0,0,0,0,0.0,0.0,0.2,0.0
12,800,0,dpga,backbone,0.02335543930530548,0.0,global_ddp_mean,2,0.0,6.5870442390441895,6.5870442390441895,0.0,0.0,0.0,0.0,0.0,0.0,0.0,0.0,0.0,0.0,0.0,0.0,0.0,1.0,1.0,0.0,0,0,0,0,0,0,0,0.0,0.0,0.2,0.0
12,800,0,dpga,fpn,0.02335543930530548,0.0,global_ddp_mean,2,0.0,1.129671335220337,1.129671335220337,0.0,0.0,0.0,0.0,0.0,0.0,0.0,0.0,0.0,0.0,0.0,0.0,0.0,1.0,1.0,0.0,0,0,0,0,0,0,0,0.0,0.0,0.2,0.0
12,800,0,dpga,rpn,0.02335543930530548,0.0,global_ddp_mean,2,0.0,0.8134344220161438,0.8134344220161438,0.0,0.0,0.0,0.0,0.0,0.0,0.0,0.0,0.0,0.0,0.0,0.0,0.0,1.0,1.0,0.0,0,0,0,0,0,0,0,0.0,0.0,0.2,0.0
12,800,0,dpga,roi_shared,0.02335543930530548,0.0,global_ddp_mean,2,0.0,2.3583641052246094,2.3583641052246094,0.0,0.0,0.0,0.0,0.0,0.0,0.0,0.0,0.0,0.0,0.0,0.0,0.0,1.0,1.0,0.0,0,0,0,0,0,0,0,0.0,0.0,0.2,0.0
12,800,0,dpga,roi_cls,0.02335543930530548,0.0,global_ddp_mean,2,0.0,2.1240315437316895,2.1240315437316895,0.0,0.0,0.0,0.0,0.0,0.0,0.0,0.0,0.0,0.0,0.0,0.0,0.0,1.0,1.0,0.0,0,0,0,0,0,0,0,0.0,0.0,0.2,0.0
12,800,0,dpga,roi_reg,0.02335543930530548,0.0,global_ddp_mean,2,0.0,0.06545298546552658,0.06545298546552658,0.0,0.0,0.0,0.0,0.0,0.0,0.0,0.0,0.0,0.0,0.0,0.0,0.0,1.0,1.0,0.0,0,0,0,0,0,0,0,0.0,0.0,0.2,0.0
12,900,0,dpga,backbone,0.35682037472724915,0.0,global_ddp_mean,2,0.0,65.88377380371094,65.88377380371094,0.0,0.0,0.0,0.0,0.0,0.0,0.0,0.0,0.0,0.0,0.0,0.0,0.0,1.0,1.0,0.0,0,0,0,0,0,0,0,0.0,0.0,0.2,0.0
12,900,0,dpga,fpn,0.35682037472724915,0.0,global_ddp_mean,2,0.0,5.941064834594727,5.941064834594727,0.0,0.0,0.0,0.0,0.0,0.0,0.0,0.0,0.0,0.0,0.0,0.0,0.0,1.0,1.0,0.0,0,0,0,0,0,0,0,0.0,0.0,0.2,0.0
12,900,0,dpga,rpn,0.35682037472724915,0.0,global_ddp_mean,2,0.0,7.189697742462158,7.189697742462158,0.0,0.0,0.0,0.0,0.0,0.0,0.0,0.0,0.0,0.0,0.0,0.0,0.0,1.0,1.0,0.0,0,0,0,0,0,0,0,0.0,0.0,0.2,0.0
12,900,0,dpga,roi_shared,0.35682037472724915,0.0,global_ddp_mean,2,0.0,10.567085266113281,10.567085266113281,0.0,0.0,0.0,0.0,0.0,0.0,0.0,0.0,0.0,0.0,0.0,0.0,0.0,1.0,1.0,0.0,0,0,0,0,0,0,0,0.0,0.0,0.2,0.0
12,900,0,dpga,roi_cls,0.35682037472724915,0.0,global_ddp_mean,2,0.0,10.089234352111816,10.089234352111816,0.0,0.0,0.0,0.0,0.0,0.0,0.0,0.0,0.0,0.0,0.0,0.0,0.0,1.0,1.0,0.0,0,0,0,0,0,0,0,0.0,0.0,0.2,0.0
12,900,0,dpga,roi_reg,0.35682037472724915,0.0,global_ddp_mean,2,0.0,6.382290840148926,6.382290840148926,0.0,0.0,0.0,0.0,0.0,0.0,0.0,0.0,0.0,0.0,0.0,0.0,0.0,1.0,1.0,0.0,0,0,0,0,0,0,0,0.0,0.0,0.2,0.0
12,1000,0,dpga,backbone,1.0632539987564087,-0.0,global_ddp_mean,2,0.0,33.615299224853516,33.615299224853516,0.0,0.0,0.0,0.0,0.0,0.0,0.0,0.0,0.0,0.0,0.0,0.0,0.0,1.0,1.0,0.0,0,0,0,0,0,0,0,0.0,0.0,0.2,0.0
12,1000,0,dpga,fpn,1.0632539987564087,-0.0,global_ddp_mean,2,0.0,8.612119674682617,8.612119674682617,0.0,0.0,0.0,0.0,0.0,0.0,0.0,0.0,0.0,0.0,0.0,0.0,0.0,1.0,1.0,0.0,0,0,0,0,0,0,0,0.0,0.0,0.2,0.0
12,1000,0,dpga,rpn,1.0632539987564087,-0.0,global_ddp_mean,2,0.0,3.65415620803833,3.65415620803833,0.0,0.0,0.0,0.0,0.0,0.0,0.0,0.0,0.0,0.0,0.0,0.0,0.0,1.0,1.0,0.0,0,0,0,0,0,0,0,0.0,0.0,0.2,0.0
12,1000,0,dpga,roi_shared,1.0632539987564087,-0.0,global_ddp_mean,2,0.0,19.134550094604492,19.134550094604492,0.0,0.0,0.0,0.0,0.0,0.0,0.0,0.0,0.0,0.0,0.0,0.0,0.0,1.0,1.0,0.0,0,0,0,0,0,0,0,0.0,0.0,0.2,0.0
12,1000,0,dpga,roi_cls,1.0632539987564087,-0.0,global_ddp_mean,2,0.0,13.79355239868164,13.79355239868164,0.0,0.0,0.0,0.0,0.0,0.0,0.0,0.0,0.0,0.0,0.0,0.0,0.0,1.0,1.0,0.0,0,0,0,0,0,0,0,0.0,0.0,0.2,0.0
12,1000,0,dpga,roi_reg,1.0632539987564087,-0.0,global_ddp_mean,2,0.0,6.363186359405518,6.363186359405518,0.0,0.0,0.0,0.0,0.0,0.0,0.0,0.0,0.0,0.0,0.0,0.0,0.0,1.0,1.0,0.0,0,0,0,0,0,0,0,0.0,0.0,0.2,0.0
12,1100,0,dpga,backbone,0.046587713062763214,-0.0,global_ddp_mean,2,0.0,10.36994743347168,10.36994743347168,0.0,0.0,0.0,0.0,0.0,0.0,0.0,0.0,0.0,0.0,0.0,0.0,0.0,1.0,1.0,0.0,0,0,0,0,0,0,0,0.0,0.0,0.2,0.0
12,1100,0,dpga,fpn,0.046587713062763214,-0.0,global_ddp_mean,2,0.0,2.2627084255218506,2.2627084255218506,0.0,0.0,0.0,0.0,0.0,0.0,0.0,0.0,0.0,0.0,0.0,0.0,0.0,1.0,1.0,0.0,0,0,0,0,0,0,0,0.0,0.0,0.2,0.0
12,1100,0,dpga,rpn,0.046587713062763214,-0.0,global_ddp_mean,2,0.0,1.7428193092346191,1.7428193092346191,0.0,0.0,0.0,0.0,0.0,0.0,0.0,0.0,0.0,0.0,0.0,0.0,0.0,1.0,1.0,0.0,0,0,0,0,0,0,0,0.0,0.0,0.2,0.0
12,1100,0,dpga,roi_shared,0.046587713062763214,-0.0,global_ddp_mean,2,0.0,6.355349540710449,6.355349540710449,0.0,0.0,0.0,0.0,0.0,0.0,0.0,0.0,0.0,0.0,0.0,0.0,0.0,1.0,1.0,0.0,0,0,0,0,0,0,0,0.0,0.0,0.2,0.0
12,1100,0,dpga,roi_cls,0.046587713062763214,-0.0,global_ddp_mean,2,0.0,5.424520969390869,5.424520969390869,0.0,0.0,0.0,0.0,0.0,0.0,0.0,0.0,0.0,0.0,0.0,0.0,0.0,1.0,1.0,0.0,0,0,0,0,0,0,0,0.0,0.0,0.2,0.0
12,1100,0,dpga,roi_reg,0.046587713062763214,-0.0,global_ddp_mean,2,0.0,1.7984614372253418,1.7984614372253418,0.0,0.0,0.0,0.0,0.0,0.0,0.0,0.0,0.0,0.0,0.0,0.0,0.0,1.0,1.0,0.0,0,0,0,0,0,0,0,0.0,0.0,0.2,0.0
12,1200,0,dpga,backbone,0.6209326982498169,0.0,global_ddp_mean,2,0.0,10.565882682800293,10.565882682800293,0.0,0.0,0.0,0.0,0.0,0.0,0.0,0.0,0.0,0.0,0.0,0.0,0.0,1.0,1.0,0.0,0,0,0,0,0,0,0,0.0,0.0,0.2,0.0
12,1200,0,dpga,fpn,0.6209326982498169,0.0,global_ddp_mean,2,0.0,1.9727716445922852,1.9727716445922852,0.0,0.0,0.0,0.0,0.0,0.0,0.0,0.0,0.0,0.0,0.0,0.0,0.0,1.0,1.0,0.0,0,0,0,0,0,0,0,0.0,0.0,0.2,0.0
12,1200,0,dpga,rpn,0.6209326982498169,0.0,global_ddp_mean,2,0.0,3.912583351135254,3.912583351135254,0.0,0.0,0.0,0.0,0.0,0.0,0.0,0.0,0.0,0.0,0.0,0.0,0.0,1.0,1.0,0.0,0,0,0,0,0,0,0,0.0,0.0,0.2,0.0
12,1200,0,dpga,roi_shared,0.6209326982498169,0.0,global_ddp_mean,2,0.0,3.7494099140167236,3.7494099140167236,0.0,0.0,0.0,0.0,0.0,0.0,0.0,0.0,0.0,0.0,0.0,0.0,0.0,1.0,1.0,0.0,0,0,0,0,0,0,0,0.0,0.0,0.2,0.0
12,1200,0,dpga,roi_cls,0.6209326982498169,0.0,global_ddp_mean,2,0.0,2.648360252380371,2.648360252380371,0.0,0.0,0.0,0.0,0.0,0.0,0.0,0.0,0.0,0.0,0.0,0.0,0.0,1.0,1.0,0.0,0,0,0,0,0,0,0,0.0,0.0,0.2,0.0
12,1200,0,dpga,roi_reg,0.6209326982498169,0.0,global_ddp_mean,2,0.0,2.6953892707824707,2.6953892707824707,0.0,0.0,0.0,0.0,0.0,0.0,0.0,0.0,0.0,0.0,0.0,0.0,0.0,1.0,1.0,0.0,0,0,0,0,0,0,0,0.0,0.0,0.2,0.0
12,1300,0,dpga,backbone,1.1516189575195312,0.0,global_ddp_mean,2,0.0,17.97897720336914,17.97897720336914,0.0,0.0,0.0,0.0,0.0,0.0,0.0,0.0,0.0,0.0,0.0,0.0,0.0,1.0,1.0,0.0,0,0,0,0,0,0,0,0.0,0.0,0.2,0.0
12,1300,0,dpga,fpn,1.1516189575195312,0.0,global_ddp_mean,2,0.0,3.962940216064453,3.962940216064453,0.0,0.0,0.0,0.0,0.0,0.0,0.0,0.0,0.0,0.0,0.0,0.0,0.0,1.0,1.0,0.0,0,0,0,0,0,0,0,0.0,0.0,0.2,0.0
12,1300,0,dpga,rpn,1.1516189575195312,0.0,global_ddp_mean,2,0.0,6.1736836433410645,6.1736836433410645,0.0,0.0,0.0,0.0,0.0,0.0,0.0,0.0,0.0,0.0,0.0,0.0,0.0,1.0,1.0,0.0,0,0,0,0,0,0,0,0.0,0.0,0.2,0.0
12,1300,0,dpga,roi_shared,1.1516189575195312,0.0,global_ddp_mean,2,0.0,7.894582748413086,7.894582748413086,0.0,0.0,0.0,0.0,0.0,0.0,0.0,0.0,0.0,0.0,0.0,0.0,0.0,1.0,1.0,0.0,0,0,0,0,0,0,0,0.0,0.0,0.2,0.0
12,1300,0,dpga,roi_cls,1.1516189575195312,0.0,global_ddp_mean,2,0.0,6.007665634155273,6.007665634155273,0.0,0.0,0.0,0.0,0.0,0.0,0.0,0.0,0.0,0.0,0.0,0.0,0.0,1.0,1.0,0.0,0,0,0,0,0,0,0,0.0,0.0,0.2,0.0
12,1300,0,dpga,roi_reg,1.1516189575195312,0.0,global_ddp_mean,2,0.0,3.699164867401123,3.699164867401123,0.0,0.0,0.0,0.0,0.0,0.0,0.0,0.0,0.0,0.0,0.0,0.0,0.0,1.0,1.0,0.0,0,0,0,0,0,0,0,0.0,0.0,0.2,0.0
12,1400,0,dpga,backbone,0.8395240306854248,0.09922068566083908,global_ddp_mean,2,-0.09621182829141617,16.726686477661133,16.726686477661133,4.82244348526001,4.82244348526001,4.800071716308594,1.6726688146591187,0.33453376791676526,1.6726688146591187,0.28830835633228924,0.2869708667475293,0.10000000997764892,0.02000000229355304,0.02000000229355304,-4.1609291454497437e-10,-4.1609291454497437e-10,0.9999999995839071,0.9998000304800149,1.145847363210532,1,0,0,0,0,1,1,0.3484674394130707,1.0,0.2,0.20000000298023224
12,1400,0,dpga,fpn,0.8395240306854248,0.09922068566083908,global_ddp_mean,2,0.012424890883266926,3.847695827484131,3.847695827484131,1.5212076902389526,1.5212076902389526,1.5212076902389526,0.5771543383598328,0.11543086939202052,0.5771543383598328,0.39535549545599485,0.39535549545599485,0.14999999070540176,0.02999999858811516,0.02999999858811516,0.00037274690453322417,0.00037274690453322417,1.0003727469045331,0.9995507303253941,1.717542307644982,0,0,0,0,0,0,1,0.3794053792953491,1.0,0.2,0.20000000298023224
12,1400,0,dpga,rpn,0.8395240306854248,0.09922068566083908,global_ddp_mean,2,0.0,4.591329097747803,4.591329097747803,0.0,0.0,0.0,0.0,0.0,0.0,0.0,0.0,0.0,0.0,0.0,0.0,0.0,1.0,1.0,0.0,0,0,0,0,0,0,0,0.0,0.0,0.2,0.0
12,1400,0,dpga,roi_shared,0.8395240306854248,0.09922068566083908,global_ddp_mean,2,0.09236133098602295,8.584486961364746,8.584486961364746,1.126877784729004,1.126877784729004,1.126877784729004,1.126877784729004,0.22537556030415828,1.126877784729004,0.13126908920714989,0.13126908920714989,0.13126908920714989,0.026253818232642348,0.026253818232642348,0.002424837595431964,0.002424837595431964,1.002424837595432,0.9996601234129457,1.4938622605575234,0,0,0,0,0,0,0,1.0,1.0,0.2,0.20000000298023224
12,1400,0,dpga,roi_cls,0.8395240306854248,0.09922068566083908,global_ddp_mean,2,0.0,7.881200313568115,7.881200313568115,0.0,0.0,0.0,0.0,0.0,0.0,0.0,0.0,0.0,0.0,0.0,0.0,0.0,1.0,1.0,0.0,0,0,0,0,0,0,0,0.0,0.0,0.2,0.0
12,1400,0,dpga,roi_reg,0.8395240306854248,0.09922068566083908,global_ddp_mean,2,-0.15496110916137695,4.798397064208984,4.798397064208984,2.230660915374756,2.230660915374756,2.2037158012390137,0.23991984128952026,0.0479839689729209,0.23991984128952026,0.4648762671211913,0.45926082642814725,0.0499999975156435,0.009999999652140304,0.009999999652140304,-1.4987459640466067e-10,-1.4987459640466067e-10,0.9999999998501254,0.9999499177313572,0.5734313592449025,1,0,0,0,0,1,1,0.10887059569358826,1.0,0.2,0.20000000298023224
13,0,0,dpga,backbone,0.06489713490009308,-0.0,global_ddp_mean,2,0.0,8.173067092895508,8.173067092895508,0.0,0.0,0.0,0.0,0.0,0.0,0.0,0.0,0.0,0.0,0.0,0.0,0.0,1.0,1.0,0.0,0,0,0,0,0,0,0,0.0,0.0,0.2,0.0
13,0,0,dpga,fpn,0.06489713490009308,-0.0,global_ddp_mean,2,0.0,1.8311293125152588,1.8311293125152588,0.0,0.0,0.0,0.0,0.0,0.0,0.0,0.0,0.0,0.0,0.0,0.0,0.0,1.0,1.0,0.0,0,0,0,0,0,0,0,0.0,0.0,0.2,0.0
13,0,0,dpga,rpn,0.06489713490009308,-0.0,global_ddp_mean,2,0.0,2.9293739795684814,2.9293739795684814,0.0,0.0,0.0,0.0,0.0,0.0,0.0,0.0,0.0,0.0,0.0,0.0,0.0,1.0,1.0,0.0,0,0,0,0,0,0,0,0.0,0.0,0.2,0.0
13,0,0,dpga,roi_shared,0.06489713490009308,-0.0,global_ddp_mean,2,0.0,3.561433792114258,3.561433792114258,0.0,0.0,0.0,0.0,0.0,0.0,0.0,0.0,0.0,0.0,0.0,0.0,0.0,1.0,1.0,0.0,0,0,0,0,0,0,0,0.0,0.0,0.2,0.0
13,0,0,dpga,roi_cls,0.06489713490009308,-0.0,global_ddp_mean,2,0.0,2.231525182723999,2.231525182723999,0.0,0.0,0.0,0.0,0.0,0.0,0.0,0.0,0.0,0.0,0.0,0.0,0.0,1.0,1.0,0.0,0,0,0,0,0,0,0,0.0,0.0,0.2,0.0
13,0,0,dpga,roi_reg,0.06489713490009308,-0.0,global_ddp_mean,2,0.0,2.227607250213623,2.227607250213623,0.0,0.0,0.0,0.0,0.0,0.0,0.0,0.0,0.0,0.0,0.0,0.0,0.0,1.0,1.0,0.0,0,0,0,0,0,0,0,0.0,0.0,0.2,0.0
13,100,0,dpga,backbone,0.2385549545288086,0.0,global_ddp_mean,2,0.0,11.705584526062012,11.705584526062012,0.0,0.0,0.0,0.0,0.0,0.0,0.0,0.0,0.0,0.0,0.0,0.0,0.0,1.0,1.0,0.0,0,0,0,0,0,0,0,0.0,0.0,0.2,0.0
13,100,0,dpga,fpn,0.2385549545288086,0.0,global_ddp_mean,2,0.0,2.177999258041382,2.177999258041382,0.0,0.0,0.0,0.0,0.0,0.0,0.0,0.0,0.0,0.0,0.0,0.0,0.0,1.0,1.0,0.0,0,0,0,0,0,0,0,0.0,0.0,0.2,0.0
13,100,0,dpga,rpn,0.2385549545288086,0.0,global_ddp_mean,2,0.0,2.431185722351074,2.431185722351074,0.0,0.0,0.0,0.0,0.0,0.0,0.0,0.0,0.0,0.0,0.0,0.0,0.0,1.0,1.0,0.0,0,0,0,0,0,0,0,0.0,0.0,0.2,0.0
13,100,0,dpga,roi_shared,0.2385549545288086,0.0,global_ddp_mean,2,0.0,5.222805023193359,5.222805023193359,0.0,0.0,0.0,0.0,0.0,0.0,0.0,0.0,0.0,0.0,0.0,0.0,0.0,1.0,1.0,0.0,0,0,0,0,0,0,0,0.0,0.0,0.2,0.0
13,100,0,dpga,roi_cls,0.2385549545288086,0.0,global_ddp_mean,2,0.0,2.772350549697876,2.772350549697876,0.0,0.0,0.0,0.0,0.0,0.0,0.0,0.0,0.0,0.0,0.0,0.0,0.0,1.0,1.0,0.0,0,0,0,0,0,0,0,0.0,0.0,0.2,0.0
13,100,0,dpga,roi_reg,0.2385549545288086,0.0,global_ddp_mean,2,0.0,4.383110523223877,4.383110523223877,0.0,0.0,0.0,0.0,0.0,0.0,0.0,0.0,0.0,0.0,0.0,0.0,0.0,1.0,1.0,0.0,0,0,0,0,0,0,0,0.0,0.0,0.2,0.0
13,200,0,dpga,backbone,0.04291221499443054,-0.0,global_ddp_mean,2,0.0,7.479087829589844,7.479087829589844,0.0,0.0,0.0,0.0,0.0,0.0,0.0,0.0,0.0,0.0,0.0,0.0,0.0,1.0,1.0,0.0,0,0,0,0,0,0,0,0.0,0.0,0.2,0.0
13,200,0,dpga,fpn,0.04291221499443054,-0.0,global_ddp_mean,2,0.0,1.8272666931152344,1.8272666931152344,0.0,0.0,0.0,0.0,0.0,0.0,0.0,0.0,0.0,0.0,0.0,0.0,0.0,1.0,1.0,0.0,0,0,0,0,0,0,0,0.0,0.0,0.2,0.0
13,200,0,dpga,rpn,0.04291221499443054,-0.0,global_ddp_mean,2,0.0,4.148798942565918,4.148798942565918,0.0,0.0,0.0,0.0,0.0,0.0,0.0,0.0,0.0,0.0,0.0,0.0,0.0,1.0,1.0,0.0,0,0,0,0,0,0,0,0.0,0.0,0.2,0.0
13,200,0,dpga,roi_shared,0.04291221499443054,-0.0,global_ddp_mean,2,0.0,3.688758611679077,3.688758611679077,0.0,0.0,0.0,0.0,0.0,0.0,0.0,0.0,0.0,0.0,0.0,0.0,0.0,1.0,1.0,0.0,0,0,0,0,0,0,0,0.0,0.0,0.2,0.0
13,200,0,dpga,roi_cls,0.04291221499443054,-0.0,global_ddp_mean,2,0.0,1.9219913482666016,1.9219913482666016,0.0,0.0,0.0,0.0,0.0,0.0,0.0,0.0,0.0,0.0,0.0,0.0,0.0,1.0,1.0,0.0,0,0,0,0,0,0,0,0.0,0.0,0.2,0.0
13,200,0,dpga,roi_reg,0.04291221499443054,-0.0,global_ddp_mean,2,0.0,3.5014071464538574,3.5014071464538574,0.0,0.0,0.0,0.0,0.0,0.0,0.0,0.0,0.0,0.0,0.0,0.0,0.0,1.0,1.0,0.0,0,0,0,0,0,0,0,0.0,0.0,0.2,0.0
13,300,0,dpga,backbone,0.01822032779455185,0.0,global_ddp_mean,2,0.0,10.88814926147461,10.88814926147461,0.0,0.0,0.0,0.0,0.0,0.0,0.0,0.0,0.0,0.0,0.0,0.0,0.0,1.0,1.0,0.0,0,0,0,0,0,0,0,0.0,0.0,0.2,0.0
13,300,0,dpga,fpn,0.01822032779455185,0.0,global_ddp_mean,2,0.0,2.7295174598693848,2.7295174598693848,0.0,0.0,0.0,0.0,0.0,0.0,0.0,0.0,0.0,0.0,0.0,0.0,0.0,1.0,1.0,0.0,0,0,0,0,0,0,0,0.0,0.0,0.2,0.0
13,300,0,dpga,rpn,0.01822032779455185,0.0,global_ddp_mean,2,0.0,3.308295726776123,3.308295726776123,0.0,0.0,0.0,0.0,0.0,0.0,0.0,0.0,0.0,0.0,0.0,0.0,0.0,1.0,1.0,0.0,0,0,0,0,0,0,0,0.0,0.0,0.2,0.0
13,300,0,dpga,roi_shared,0.01822032779455185,0.0,global_ddp_mean,2,0.0,6.981418132781982,6.981418132781982,0.0,0.0,0.0,0.0,0.0,0.0,0.0,0.0,0.0,0.0,0.0,0.0,0.0,1.0,1.0,0.0,0,0,0,0,0,0,0,0.0,0.0,0.2,0.0
13,300,0,dpga,roi_cls,0.01822032779455185,0.0,global_ddp_mean,2,0.0,5.826606273651123,5.826606273651123,0.0,0.0,0.0,0.0,0.0,0.0,0.0,0.0,0.0,0.0,0.0,0.0,0.0,1.0,1.0,0.0,0,0,0,0,0,0,0,0.0,0.0,0.2,0.0
13,300,0,dpga,roi_reg,0.01822032779455185,0.0,global_ddp_mean,2,0.0,2.1778178215026855,2.1778178215026855,0.0,0.0,0.0,0.0,0.0,0.0,0.0,0.0,0.0,0.0,0.0,0.0,0.0,1.0,1.0,0.0,0,0,0,0,0,0,0,0.0,0.0,0.2,0.0
13,400,0,dpga,backbone,0.024325285106897354,0.0,global_ddp_mean,2,0.24268776178359985,6.052515983581543,6.052515983581543,11.264232635498047,11.264232635498047,11.264232635498047,0.6052516102790833,0.12105032385960701,0.6052516102790833,1.8610826747181095,1.8610826747181095,0.1000000019695824,0.02000000069193971,0.02000000069193971,0.004853755403597297,0.004853755403597297,1.0048537554035972,0.9998135099906929,1.1065528602285168,0,1,0,0,0,0,1,0.053732164204120636,1.0,0.2,0.20000000298023224
13,400,0,dpga,fpn,0.024325285106897354,0.0,global_ddp_mean,2,0.13520793616771698,1.122607707977295,1.122607707977295,2.687650442123413,2.687650442123413,2.687650442123413,0.168391153216362,0.03367823114511714,0.168391153216362,2.39411365432899,2.39411365432899,0.14999999734525943,0.029999999916086713,0.029999999916086713,0.004056238520720601,0.004056238520720601,1.0040562385207206,0.9995620328601624,1.6957984955267278,0,1,0,0,0,0,1,0.06265366822481155,1.0,0.2,0.20000000298023224
13,400,0,dpga,rpn,0.024325285106897354,0.0,global_ddp_mean,2,0.0,1.857999563217163,1.857999563217163,0.0,0.0,0.0,0.0,0.0,0.0,0.0,0.0,0.0,0.0,0.0,0.0,0.0,1.0,1.0,0.0,0,0,0,0,0,0,0,0.0,0.0,0.2,0.0
13,400,0,dpga,roi_shared,0.024325285106897354,0.0,global_ddp_mean,2,-0.043191321194171906,2.1232666969299316,2.1232666969299316,0.06165506690740585,0.06165506690740585,0.06159753352403641,0.06159753352403641,0.012319506888382237,0.06159753352403641,0.02903783448238226,0.029010737847064316,0.029010737847064316,0.0058021476558716,0.0058021476558716,1.8520242728557434e-11,1.8520242728557434e-11,1.0000000000185203,0.9999831570168545,0.33254295132624084,1,0,0,0,0,1,0,1.0,1.0,0.2,0.20000000298023224
13,400,0,dpga,roi_cls,0.024325285106897354,0.0,global_ddp_mean,2,0.0,1.2958545684814453,1.2958545684814453,0.0,0.0,0.0,0.0,0.0,0.0,0.0,0.0,0.0,0.0,0.0,0.0,0.0,1.0,1.0,0.0,0,0,0,0,0,0,0,0.0,0.0,0.2,0.0
13,400,0,dpga,roi_reg,0.024325285106897354,0.0,global_ddp_mean,2,0.16435416042804718,1.5009976625442505,1.5009976625442505,0.1449291855096817,0.1449291855096817,0.1449291855096817,0.07504988461732864,0.015009977147131814,0.07504988461732864,0.09655523731064378,0.09655523731064378,0.05000000099275046,0.010000000347561707,0.010000000347561707,0.0016435416614036843,0.0016435416614036843,1.0016435416614036,0.9999515797072813,0.5638363719963123,0,0,0,0,0,0,1,0.5178382992744446,1.0,0.2,0.20000000298023224
13,500,0,dpga,backbone,0.009682059288024902,0.0,global_ddp_mean,2,0.0,8.208436965942383,8.208436965942383,0.0,0.0,0.0,0.0,0.0,0.0,0.0,0.0,0.0,0.0,0.0,0.0,0.0,1.0,1.0,0.0,0,0,0,0,0,0,0,0.0,0.0,0.2,0.0
13,500,0,dpga,fpn,0.009682059288024902,0.0,global_ddp_mean,2,0.0,1.1856008768081665,1.1856008768081665,0.0,0.0,0.0,0.0,0.0,0.0,0.0,0.0,0.0,0.0,0.0,0.0,0.0,1.0,1.0,0.0,0,0,0,0,0,0,0,0.0,0.0,0.2,0.0
13,500,0,dpga,rpn,0.009682059288024902,0.0,global_ddp_mean,2,0.0,1.0070260763168335,1.0070260763168335,0.0,0.0,0.0,0.0,0.0,0.0,0.0,0.0,0.0,0.0,0.0,0.0,0.0,1.0,1.0,0.0,0,0,0,0,0,0,0,0.0,0.0,0.2,0.0
13,500,0,dpga,roi_shared,0.009682059288024902,0.0,global_ddp_mean,2,0.0,1.9763749837875366,1.9763749837875366,0.0,0.0,0.0,0.0,0.0,0.0,0.0,0.0,0.0,0.0,0.0,0.0,0.0,1.0,1.0,0.0,0,0,0,0,0,0,0,0.0,0.0,0.2,0.0
13,500,0,dpga,roi_cls,0.009682059288024902,0.0,global_ddp_mean,2,0.0,1.6823266744613647,1.6823266744613647,0.0,0.0,0.0,0.0,0.0,0.0,0.0,0.0,0.0,0.0,0.0,0.0,0.0,1.0,1.0,0.0,0,0,0,0,0,0,0,0.0,0.0,0.2,0.0
13,500,0,dpga,roi_reg,0.009682059288024902,0.0,global_ddp_mean,2,0.0,0.11468785256147385,0.11468785256147385,0.0,0.0,0.0,0.0,0.0,0.0,0.0,0.0,0.0,0.0,0.0,0.0,0.0,1.0,1.0,0.0,0,0,0,0,0,0,0,0.0,0.0,0.2,0.0
13,600,0,dpga,backbone,0.6730661392211914,-0.0,global_ddp_mean,2,0.0,34.488712310791016,34.488712310791016,0.0,0.0,0.0,0.0,0.0,0.0,0.0,0.0,0.0,0.0,0.0,0.0,0.0,1.0,1.0,0.0,0,0,0,0,0,0,0,0.0,0.0,0.2,0.0
13,600,0,dpga,fpn,0.6730661392211914,-0.0,global_ddp_mean,2,0.0,7.087207317352295,7.087207317352295,0.0,0.0,0.0,0.0,0.0,0.0,0.0,0.0,0.0,0.0,0.0,0.0,0.0,1.0,1.0,0.0,0,0,0,0,0,0,0,0.0,0.0,0.2,0.0
13,600,0,dpga,rpn,0.6730661392211914,-0.0,global_ddp_mean,2,0.0,9.88045883178711,9.88045883178711,0.0,0.0,0.0,0.0,0.0,0.0,0.0,0.0,0.0,0.0,0.0,0.0,0.0,1.0,1.0,0.0,0,0,0,0,0,0,0,0.0,0.0,0.2,0.0
13,600,0,dpga,roi_shared,0.6730661392211914,-0.0,global_ddp_mean,2,0.0,16.68886947631836,16.68886947631836,0.0,0.0,0.0,0.0,0.0,0.0,0.0,0.0,0.0,0.0,0.0,0.0,0.0,1.0,1.0,0.0,0,0,0,0,0,0,0,0.0,0.0,0.2,0.0
13,600,0,dpga,roi_cls,0.6730661392211914,-0.0,global_ddp_mean,2,0.0,18.627532958984375,18.627532958984375,0.0,0.0,0.0,0.0,0.0,0.0,0.0,0.0,0.0,0.0,0.0,0.0,0.0,1.0,1.0,0.0,0,0,0,0,0,0,0,0.0,0.0,0.2,0.0
13,600,0,dpga,roi_reg,0.6730661392211914,-0.0,global_ddp_mean,2,0.0,6.345152854919434,6.345152854919434,0.0,0.0,0.0,0.0,0.0,0.0,0.0,0.0,0.0,0.0,0.0,0.0,0.0,1.0,1.0,0.0,0,0,0,0,0,0,0,0.0,0.0,0.2,0.0
13,700,0,dpga,backbone,0.021278923377394676,-0.0,global_ddp_mean,2,0.0,2.8597710132598877,2.8597710132598877,0.0,0.0,0.0,0.0,0.0,0.0,0.0,0.0,0.0,0.0,0.0,0.0,0.0,1.0,1.0,0.0,0,0,0,0,0,0,0,0.0,0.0,0.2,0.0
13,700,0,dpga,fpn,0.021278923377394676,-0.0,global_ddp_mean,2,0.0,0.719817578792572,0.719817578792572,0.0,0.0,0.0,0.0,0.0,0.0,0.0,0.0,0.0,0.0,0.0,0.0,0.0,1.0,1.0,0.0,0,0,0,0,0,0,0,0.0,0.0,0.2,0.0
13,700,0,dpga,rpn,0.021278923377394676,-0.0,global_ddp_mean,2,0.0,0.21829378604888916,0.21829378604888916,0.0,0.0,0.0,0.0,0.0,0.0,0.0,0.0,0.0,0.0,0.0,0.0,0.0,1.0,1.0,0.0,0,0,0,0,0,0,0,0.0,0.0,0.2,0.0
13,700,0,dpga,roi_shared,0.021278923377394676,-0.0,global_ddp_mean,2,0.0,1.6175994873046875,1.6175994873046875,0.0,0.0,0.0,0.0,0.0,0.0,0.0,0.0,0.0,0.0,0.0,0.0,0.0,1.0,1.0,0.0,0,0,0,0,0,0,0,0.0,0.0,0.2,0.0
13,700,0,dpga,roi_cls,0.021278923377394676,-0.0,global_ddp_mean,2,0.0,1.3758299350738525,1.3758299350738525,0.0,0.0,0.0,0.0,0.0,0.0,0.0,0.0,0.0,0.0,0.0,0.0,0.0,1.0,1.0,0.0,0,0,0,0,0,0,0,0.0,0.0,0.2,0.0
13,700,0,dpga,roi_reg,0.021278923377394676,-0.0,global_ddp_mean,2,0.0,0.0,0.0,0.0,0.0,0.0,0.0,0.0,0.0,0.0,0.0,0.0,0.0,0.0,0.0,0.0,0.0,0.0,90.0,0,0,0,0,0,0,0,0.0,0.0,0.2,0.0
13,800,0,dpga,backbone,0.03499334305524826,0.0,global_ddp_mean,2,0.0,10.738292694091797,10.738292694091797,0.0,0.0,0.0,0.0,0.0,0.0,0.0,0.0,0.0,0.0,0.0,0.0,0.0,1.0,1.0,0.0,0,0,0,0,0,0,0,0.0,0.0,0.2,0.0
13,800,0,dpga,fpn,0.03499334305524826,0.0,global_ddp_mean,2,0.0,2.1577541828155518,2.1577541828155518,0.0,0.0,0.0,0.0,0.0,0.0,0.0,0.0,0.0,0.0,0.0,0.0,0.0,1.0,1.0,0.0,0,0,0,0,0,0,0,0.0,0.0,0.2,0.0
13,800,0,dpga,rpn,0.03499334305524826,0.0,global_ddp_mean,2,0.0,4.1530046463012695,4.1530046463012695,0.0,0.0,0.0,0.0,0.0,0.0,0.0,0.0,0.0,0.0,0.0,0.0,0.0,1.0,1.0,0.0,0,0,0,0,0,0,0,0.0,0.0,0.2,0.0
13,800,0,dpga,roi_shared,0.03499334305524826,0.0,global_ddp_mean,2,0.0,3.597886323928833,3.597886323928833,0.0,0.0,0.0,0.0,0.0,0.0,0.0,0.0,0.0,0.0,0.0,0.0,0.0,1.0,1.0,0.0,0,0,0,0,0,0,0,0.0,0.0,0.2,0.0
13,800,0,dpga,roi_cls,0.03499334305524826,0.0,global_ddp_mean,2,0.0,2.2815613746643066,2.2815613746643066,0.0,0.0,0.0,0.0,0.0,0.0,0.0,0.0,0.0,0.0,0.0,0.0,0.0,1.0,1.0,0.0,0,0,0,0,0,0,0,0.0,0.0,0.2,0.0
13,800,0,dpga,roi_reg,0.03499334305524826,0.0,global_ddp_mean,2,0.0,2.4906222820281982,2.4906222820281982,0.0,0.0,0.0,0.0,0.0,0.0,0.0,0.0,0.0,0.0,0.0,0.0,0.0,1.0,1.0,0.0,0,0,0,0,0,0,0,0.0,0.0,0.2,0.0
13,900,0,dpga,backbone,0.004814449232071638,0.0,global_ddp_mean,2,0.0,3.697871685028076,3.697871685028076,0.0,0.0,0.0,0.0,0.0,0.0,0.0,0.0,0.0,0.0,0.0,0.0,0.0,1.0,1.0,0.0,0,0,0,0,0,0,0,0.0,0.0,0.2,0.0
13,900,0,dpga,fpn,0.004814449232071638,0.0,global_ddp_mean,2,0.0,0.45848867297172546,0.45848867297172546,0.0,0.0,0.0,0.0,0.0,0.0,0.0,0.0,0.0,0.0,0.0,0.0,0.0,1.0,1.0,0.0,0,0,0,0,0,0,0,0.0,0.0,0.2,0.0
13,900,0,dpga,rpn,0.004814449232071638,0.0,global_ddp_mean,2,0.0,0.6011348366737366,0.6011348366737366,0.0,0.0,0.0,0.0,0.0,0.0,0.0,0.0,0.0,0.0,0.0,0.0,0.0,1.0,1.0,0.0,0,0,0,0,0,0,0,0.0,0.0,0.2,0.0
13,900,0,dpga,roi_shared,0.004814449232071638,0.0,global_ddp_mean,2,0.0,0.785849928855896,0.785849928855896,0.0,0.0,0.0,0.0,0.0,0.0,0.0,0.0,0.0,0.0,0.0,0.0,0.0,1.0,1.0,0.0,0,0,0,0,0,0,0,0.0,0.0,0.2,0.0
13,900,0,dpga,roi_cls,0.004814449232071638,0.0,global_ddp_mean,2,0.0,0.5389904379844666,0.5389904379844666,0.0,0.0,0.0,0.0,0.0,0.0,0.0,0.0,0.0,0.0,0.0,0.0,0.0,1.0,1.0,0.0,0,0,0,0,0,0,0,0.0,0.0,0.2,0.0
13,900,0,dpga,roi_reg,0.004814449232071638,0.0,global_ddp_mean,2,0.0,0.5860735177993774,0.5860735177993774,0.0,0.0,0.0,0.0,0.0,0.0,0.0,0.0,0.0,0.0,0.0,0.0,0.0,1.0,1.0,0.0,0,0,0,0,0,0,0,0.0,0.0,0.2,0.0
13,1000,0,dpga,backbone,0.017722290009260178,-0.0,global_ddp_mean,2,0.0,4.659061908721924,4.659061908721924,0.0,0.0,0.0,0.0,0.0,0.0,0.0,0.0,0.0,0.0,0.0,0.0,0.0,1.0,1.0,0.0,0,0,0,0,0,0,0,0.0,0.0,0.2,0.0
13,1000,0,dpga,fpn,0.017722290009260178,-0.0,global_ddp_mean,2,0.0,0.839146077632904,0.839146077632904,0.0,0.0,0.0,0.0,0.0,0.0,0.0,0.0,0.0,0.0,0.0,0.0,0.0,1.0,1.0,0.0,0,0,0,0,0,0,0,0.0,0.0,0.2,0.0
13,1000,0,dpga,rpn,0.017722290009260178,-0.0,global_ddp_mean,2,0.0,1.6653836965560913,1.6653836965560913,0.0,0.0,0.0,0.0,0.0,0.0,0.0,0.0,0.0,0.0,0.0,0.0,0.0,1.0,1.0,0.0,0,0,0,0,0,0,0,0.0,0.0,0.2,0.0
13,1000,0,dpga,roi_shared,0.017722290009260178,-0.0,global_ddp_mean,2,0.0,1.0809400081634521,1.0809400081634521,0.0,0.0,0.0,0.0,0.0,0.0,0.0,0.0,0.0,0.0,0.0,0.0,0.0,1.0,1.0,0.0,0,0,0,0,0,0,0,0.0,0.0,0.2,0.0
13,1000,0,dpga,roi_cls,0.017722290009260178,-0.0,global_ddp_mean,2,0.0,0.9231966733932495,0.9231966733932495,0.0,0.0,0.0,0.0,0.0,0.0,0.0,0.0,0.0,0.0,0.0,0.0,0.0,1.0,1.0,0.0,0,0,0,0,0,0,0,0.0,0.0,0.2,0.0
13,1000,0,dpga,roi_reg,0.017722290009260178,-0.0,global_ddp_mean,2,0.0,0.5996437072753906,0.5996437072753906,0.0,0.0,0.0,0.0,0.0,0.0,0.0,0.0,0.0,0.0,0.0,0.0,0.0,1.0,1.0,0.0,0,0,0,0,0,0,0,0.0,0.0,0.2,0.0
13,1100,0,dpga,backbone,0.11713682115077972,-0.0,global_ddp_mean,2,0.0,7.06998872756958,7.06998872756958,0.0,0.0,0.0,0.0,0.0,0.0,0.0,0.0,0.0,0.0,0.0,0.0,0.0,1.0,1.0,0.0,0,0,0,0,0,0,0,0.0,0.0,0.2,0.0
13,1100,0,dpga,fpn,0.11713682115077972,-0.0,global_ddp_mean,2,0.0,1.6155636310577393,1.6155636310577393,0.0,0.0,0.0,0.0,0.0,0.0,0.0,0.0,0.0,0.0,0.0,0.0,0.0,1.0,1.0,0.0,0,0,0,0,0,0,0,0.0,0.0,0.2,0.0
13,1100,0,dpga,rpn,0.11713682115077972,-0.0,global_ddp_mean,2,0.0,1.0043123960494995,1.0043123960494995,0.0,0.0,0.0,0.0,0.0,0.0,0.0,0.0,0.0,0.0,0.0,0.0,0.0,1.0,1.0,0.0,0,0,0,0,0,0,0,0.0,0.0,0.2,0.0
13,1100,0,dpga,roi_shared,0.11713682115077972,-0.0,global_ddp_mean,2,0.0,3.4445672035217285,3.4445672035217285,0.0,0.0,0.0,0.0,0.0,0.0,0.0,0.0,0.0,0.0,0.0,0.0,0.0,1.0,1.0,0.0,0,0,0,0,0,0,0,0.0,0.0,0.2,0.0
13,1100,0,dpga,roi_cls,0.11713682115077972,-0.0,global_ddp_mean,2,0.0,3.1452507972717285,3.1452507972717285,0.0,0.0,0.0,0.0,0.0,0.0,0.0,0.0,0.0,0.0,0.0,0.0,0.0,1.0,1.0,0.0,0,0,0,0,0,0,0,0.0,0.0,0.2,0.0
13,1100,0,dpga,roi_reg,0.11713682115077972,-0.0,global_ddp_mean,2,0.0,0.9683343172073364,0.9683343172073364,0.0,0.0,0.0,0.0,0.0,0.0,0.0,0.0,0.0,0.0,0.0,0.0,0.0,1.0,1.0,0.0,0,0,0,0,0,0,0,0.0,0.0,0.2,0.0
13,1200,0,dpga,backbone,0.21177256107330322,-0.0,global_ddp_mean,2,0.0,26.137611389160156,26.137611389160156,0.0,0.0,0.0,0.0,0.0,0.0,0.0,0.0,0.0,0.0,0.0,0.0,0.0,1.0,1.0,0.0,0,0,0,0,0,0,0,0.0,0.0,0.2,0.0
13,1200,0,dpga,fpn,0.21177256107330322,-0.0,global_ddp_mean,2,0.0,4.7932515144348145,4.7932515144348145,0.0,0.0,0.0,0.0,0.0,0.0,0.0,0.0,0.0,0.0,0.0,0.0,0.0,1.0,1.0,0.0,0,0,0,0,0,0,0,0.0,0.0,0.2,0.0
13,1200,0,dpga,rpn,0.21177256107330322,-0.0,global_ddp_mean,2,0.0,2.6168131828308105,2.6168131828308105,0.0,0.0,0.0,0.0,0.0,0.0,0.0,0.0,0.0,0.0,0.0,0.0,0.0,1.0,1.0,0.0,0,0,0,0,0,0,0,0.0,0.0,0.2,0.0
13,1200,0,dpga,roi_shared,0.21177256107330322,-0.0,global_ddp_mean,2,0.0,9.467827796936035,9.467827796936035,0.0,0.0,0.0,0.0,0.0,0.0,0.0,0.0,0.0,0.0,0.0,0.0,0.0,1.0,1.0,0.0,0,0,0,0,0,0,0,0.0,0.0,0.2,0.0
13,1200,0,dpga,roi_cls,0.21177256107330322,-0.0,global_ddp_mean,2,0.0,7.21510648727417,7.21510648727417,0.0,0.0,0.0,0.0,0.0,0.0,0.0,0.0,0.0,0.0,0.0,0.0,0.0,1.0,1.0,0.0,0,0,0,0,0,0,0,0.0,0.0,0.2,0.0
13,1200,0,dpga,roi_reg,0.21177256107330322,-0.0,global_ddp_mean,2,0.0,2.909895658493042,2.909895658493042,0.0,0.0,0.0,0.0,0.0,0.0,0.0,0.0,0.0,0.0,0.0,0.0,0.0,1.0,1.0,0.0,0,0,0,0,0,0,0,0.0,0.0,0.2,0.0
13,1300,0,dpga,backbone,0.07431283593177795,0.0,global_ddp_mean,2,0.0,14.49789810180664,14.49789810180664,0.0,0.0,0.0,0.0,0.0,0.0,0.0,0.0,0.0,0.0,0.0,0.0,0.0,1.0,1.0,0.0,0,0,0,0,0,0,0,0.0,0.0,0.2,0.0
13,1300,0,dpga,fpn,0.07431283593177795,0.0,global_ddp_mean,2,0.0,3.0510873794555664,3.0510873794555664,0.0,0.0,0.0,0.0,0.0,0.0,0.0,0.0,0.0,0.0,0.0,0.0,0.0,1.0,1.0,0.0,0,0,0,0,0,0,0,0.0,0.0,0.2,0.0
13,1300,0,dpga,rpn,0.07431283593177795,0.0,global_ddp_mean,2,0.0,1.6986021995544434,1.6986021995544434,0.0,0.0,0.0,0.0,0.0,0.0,0.0,0.0,0.0,0.0,0.0,0.0,0.0,1.0,1.0,0.0,0,0,0,0,0,0,0,0.0,0.0,0.2,0.0
13,1300,0,dpga,roi_shared,0.07431283593177795,0.0,global_ddp_mean,2,0.0,6.542591094970703,6.542591094970703,0.0,0.0,0.0,0.0,0.0,0.0,0.0,0.0,0.0,0.0,0.0,0.0,0.0,1.0,1.0,0.0,0,0,0,0,0,0,0,0.0,0.0,0.2,0.0
13,1300,0,dpga,roi_cls,0.07431283593177795,0.0,global_ddp_mean,2,0.0,4.626978874206543,4.626978874206543,0.0,0.0,0.0,0.0,0.0,0.0,0.0,0.0,0.0,0.0,0.0,0.0,0.0,1.0,1.0,0.0,0,0,0,0,0,0,0,0.0,0.0,0.2,0.0
13,1300,0,dpga,roi_reg,0.07431283593177795,0.0,global_ddp_mean,2,0.0,4.699987888336182,4.699987888336182,0.0,0.0,0.0,0.0,0.0,0.0,0.0,0.0,0.0,0.0,0.0,0.0,0.0,1.0,1.0,0.0,0,0,0,0,0,0,0,0.0,0.0,0.2,0.0
13,1400,0,dpga,backbone,0.1498626321554184,-0.0,global_ddp_mean,2,0.0,18.45332145690918,18.45332145690918,0.0,0.0,0.0,0.0,0.0,0.0,0.0,0.0,0.0,0.0,0.0,0.0,0.0,1.0,1.0,0.0,0,0,0,0,0,0,0,0.0,0.0,0.2,0.0
13,1400,0,dpga,fpn,0.1498626321554184,-0.0,global_ddp_mean,2,0.0,1.945406198501587,1.945406198501587,0.0,0.0,0.0,0.0,0.0,0.0,0.0,0.0,0.0,0.0,0.0,0.0,0.0,1.0,1.0,0.0,0,0,0,0,0,0,0,0.0,0.0,0.2,0.0
13,1400,0,dpga,rpn,0.1498626321554184,-0.0,global_ddp_mean,2,0.0,3.0854461193084717,3.0854461193084717,0.0,0.0,0.0,0.0,0.0,0.0,0.0,0.0,0.0,0.0,0.0,0.0,0.0,1.0,1.0,0.0,0,0,0,0,0,0,0,0.0,0.0,0.2,0.0
13,1400,0,dpga,roi_shared,0.1498626321554184,-0.0,global_ddp_mean,2,0.0,3.9182050228118896,3.9182050228118896,0.0,0.0,0.0,0.0,0.0,0.0,0.0,0.0,0.0,0.0,0.0,0.0,0.0,1.0,1.0,0.0,0,0,0,0,0,0,0,0.0,0.0,0.2,0.0
13,1400,0,dpga,roi_cls,0.1498626321554184,-0.0,global_ddp_mean,2,0.0,3.5424442291259766,3.5424442291259766,0.0,0.0,0.0,0.0,0.0,0.0,0.0,0.0,0.0,0.0,0.0,0.0,0.0,1.0,1.0,0.0,0,0,0,0,0,0,0,0.0,0.0,0.2,0.0
13,1400,0,dpga,roi_reg,0.1498626321554184,-0.0,global_ddp_mean,2,0.0,2.6407759189605713,2.6407759189605713,0.0,0.0,0.0,0.0,0.0,0.0,0.0,0.0,0.0,0.0,0.0,0.0,0.0,1.0,1.0,0.0,0,0,0,0,0,0,0,0.0,0.0,0.2,0.0
14,0,0,dpga,backbone,0.1982182413339615,0.0,global_ddp_mean,2,0.0,12.030524253845215,12.030524253845215,0.0,0.0,0.0,0.0,0.0,0.0,0.0,0.0,0.0,0.0,0.0,0.0,0.0,1.0,1.0,0.0,0,0,0,0,0,0,0,0.0,0.0,0.2,0.0
14,0,0,dpga,fpn,0.1982182413339615,0.0,global_ddp_mean,2,0.0,2.410963296890259,2.410963296890259,0.0,0.0,0.0,0.0,0.0,0.0,0.0,0.0,0.0,0.0,0.0,0.0,0.0,1.0,1.0,0.0,0,0,0,0,0,0,0,0.0,0.0,0.2,0.0
14,0,0,dpga,rpn,0.1982182413339615,0.0,global_ddp_mean,2,0.0,1.3457986116409302,1.3457986116409302,0.0,0.0,0.0,0.0,0.0,0.0,0.0,0.0,0.0,0.0,0.0,0.0,0.0,1.0,1.0,0.0,0,0,0,0,0,0,0,0.0,0.0,0.2,0.0
14,0,0,dpga,roi_shared,0.1982182413339615,0.0,global_ddp_mean,2,0.0,4.863200664520264,4.863200664520264,0.0,0.0,0.0,0.0,0.0,0.0,0.0,0.0,0.0,0.0,0.0,0.0,0.0,1.0,1.0,0.0,0,0,0,0,0,0,0,0.0,0.0,0.2,0.0
14,0,0,dpga,roi_cls,0.1982182413339615,0.0,global_ddp_mean,2,0.0,3.6355092525482178,3.6355092525482178,0.0,0.0,0.0,0.0,0.0,0.0,0.0,0.0,0.0,0.0,0.0,0.0,0.0,1.0,1.0,0.0,0,0,0,0,0,0,0,0.0,0.0,0.2,0.0
14,0,0,dpga,roi_reg,0.1982182413339615,0.0,global_ddp_mean,2,0.0,1.8217976093292236,1.8217976093292236,0.0,0.0,0.0,0.0,0.0,0.0,0.0,0.0,0.0,0.0,0.0,0.0,0.0,1.0,1.0,0.0,0,0,0,0,0,0,0,0.0,0.0,0.2,0.0
14,100,0,dpga,backbone,0.21286408603191376,0.0,global_ddp_mean,2,0.0,15.364686965942383,15.364686965942383,0.0,0.0,0.0,0.0,0.0,0.0,0.0,0.0,0.0,0.0,0.0,0.0,0.0,1.0,1.0,0.0,0,0,0,0,0,0,0,0.0,0.0,0.2,0.0
14,100,0,dpga,fpn,0.21286408603191376,0.0,global_ddp_mean,2,0.0,2.041710376739502,2.041710376739502,0.0,0.0,0.0,0.0,0.0,0.0,0.0,0.0,0.0,0.0,0.0,0.0,0.0,1.0,1.0,0.0,0,0,0,0,0,0,0,0.0,0.0,0.2,0.0
14,100,0,dpga,rpn,0.21286408603191376,0.0,global_ddp_mean,2,0.0,3.0103087425231934,3.0103087425231934,0.0,0.0,0.0,0.0,0.0,0.0,0.0,0.0,0.0,0.0,0.0,0.0,0.0,1.0,1.0,0.0,0,0,0,0,0,0,0,0.0,0.0,0.2,0.0
14,100,0,dpga,roi_shared,0.21286408603191376,0.0,global_ddp_mean,2,0.0,2.650786876678467,2.650786876678467,0.0,0.0,0.0,0.0,0.0,0.0,0.0,0.0,0.0,0.0,0.0,0.0,0.0,1.0,1.0,0.0,0,0,0,0,0,0,0,0.0,0.0,0.2,0.0
14,100,0,dpga,roi_cls,0.21286408603191376,0.0,global_ddp_mean,2,0.0,1.5544610023498535,1.5544610023498535,0.0,0.0,0.0,0.0,0.0,0.0,0.0,0.0,0.0,0.0,0.0,0.0,0.0,1.0,1.0,0.0,0,0,0,0,0,0,0,0.0,0.0,0.2,0.0
14,100,0,dpga,roi_reg,0.21286408603191376,0.0,global_ddp_mean,2,0.0,2.0382261276245117,2.0382261276245117,0.0,0.0,0.0,0.0,0.0,0.0,0.0,0.0,0.0,0.0,0.0,0.0,0.0,1.0,1.0,0.0,0,0,0,0,0,0,0,0.0,0.0,0.2,0.0
14,200,0,dpga,backbone,0.671237587928772,-0.0,global_ddp_mean,2,0.0,15.833253860473633,15.833253860473633,0.0,0.0,0.0,0.0,0.0,0.0,0.0,0.0,0.0,0.0,0.0,0.0,0.0,1.0,1.0,0.0,0,0,0,0,0,0,0,0.0,0.0,0.2,0.0
14,200,0,dpga,fpn,0.671237587928772,-0.0,global_ddp_mean,2,0.0,4.642283916473389,4.642283916473389,0.0,0.0,0.0,0.0,0.0,0.0,0.0,0.0,0.0,0.0,0.0,0.0,0.0,1.0,1.0,0.0,0,0,0,0,0,0,0,0.0,0.0,0.2,0.0
14,200,0,dpga,rpn,0.671237587928772,-0.0,global_ddp_mean,2,0.0,1.4215118885040283,1.4215118885040283,0.0,0.0,0.0,0.0,0.0,0.0,0.0,0.0,0.0,0.0,0.0,0.0,0.0,1.0,1.0,0.0,0,0,0,0,0,0,0,0.0,0.0,0.2,0.0
14,200,0,dpga,roi_shared,0.671237587928772,-0.0,global_ddp_mean,2,0.0,10.392548561096191,10.392548561096191,0.0,0.0,0.0,0.0,0.0,0.0,0.0,0.0,0.0,0.0,0.0,0.0,0.0,1.0,1.0,0.0,0,0,0,0,0,0,0,0.0,0.0,0.2,0.0
14,200,0,dpga,roi_cls,0.671237587928772,-0.0,global_ddp_mean,2,0.0,7.394101619720459,7.394101619720459,0.0,0.0,0.0,0.0,0.0,0.0,0.0,0.0,0.0,0.0,0.0,0.0,0.0,1.0,1.0,0.0,0,0,0,0,0,0,0,0.0,0.0,0.2,0.0
14,200,0,dpga,roi_reg,0.671237587928772,-0.0,global_ddp_mean,2,0.0,2.0358803272247314,2.0358803272247314,0.0,0.0,0.0,0.0,0.0,0.0,0.0,0.0,0.0,0.0,0.0,0.0,0.0,1.0,1.0,0.0,0,0,0,0,0,0,0,0.0,0.0,0.2,0.0
14,300,0,dpga,backbone,0.17215898633003235,-0.0,global_ddp_mean,2,0.0,16.84095001220703,16.84095001220703,0.0,0.0,0.0,0.0,0.0,0.0,0.0,0.0,0.0,0.0,0.0,0.0,0.0,1.0,1.0,0.0,0,0,0,0,0,0,0,0.0,0.0,0.2,0.0
14,300,0,dpga,fpn,0.17215898633003235,-0.0,global_ddp_mean,2,0.0,3.885249614715576,3.885249614715576,0.0,0.0,0.0,0.0,0.0,0.0,0.0,0.0,0.0,0.0,0.0,0.0,0.0,1.0,1.0,0.0,0,0,0,0,0,0,0,0.0,0.0,0.2,0.0
14,300,0,dpga,rpn,0.17215898633003235,-0.0,global_ddp_mean,2,0.0,7.244717597961426,7.244717597961426,0.0,0.0,0.0,0.0,0.0,0.0,0.0,0.0,0.0,0.0,0.0,0.0,0.0,1.0,1.0,0.0,0,0,0,0,0,0,0,0.0,0.0,0.2,0.0
14,300,0,dpga,roi_shared,0.17215898633003235,-0.0,global_ddp_mean,2,0.0,6.57937479019165,6.57937479019165,0.0,0.0,0.0,0.0,0.0,0.0,0.0,0.0,0.0,0.0,0.0,0.0,0.0,1.0,1.0,0.0,0,0,0,0,0,0,0,0.0,0.0,0.2,0.0
14,300,0,dpga,roi_cls,0.17215898633003235,-0.0,global_ddp_mean,2,0.0,5.110357284545898,5.110357284545898,0.0,0.0,0.0,0.0,0.0,0.0,0.0,0.0,0.0,0.0,0.0,0.0,0.0,1.0,1.0,0.0,0,0,0,0,0,0,0,0.0,0.0,0.2,0.0
14,300,0,dpga,roi_reg,0.17215898633003235,-0.0,global_ddp_mean,2,0.0,2.6424405574798584,2.6424405574798584,0.0,0.0,0.0,0.0,0.0,0.0,0.0,0.0,0.0,0.0,0.0,0.0,0.0,1.0,1.0,0.0,0,0,0,0,0,0,0,0.0,0.0,0.2,0.0
14,400,0,dpga,backbone,0.44616973400115967,-0.0,global_ddp_mean,2,0.0,39.605037689208984,39.605037689208984,0.0,0.0,0.0,0.0,0.0,0.0,0.0,0.0,0.0,0.0,0.0,0.0,0.0,1.0,1.0,0.0,0,0,0,0,0,0,0,0.0,0.0,0.2,0.0
14,400,0,dpga,fpn,0.44616973400115967,-0.0,global_ddp_mean,2,0.0,2.399522066116333,2.399522066116333,0.0,0.0,0.0,0.0,0.0,0.0,0.0,0.0,0.0,0.0,0.0,0.0,0.0,1.0,1.0,0.0,0,0,0,0,0,0,0,0.0,0.0,0.2,0.0
14,400,0,dpga,rpn,0.44616973400115967,-0.0,global_ddp_mean,2,0.0,5.853311538696289,5.853311538696289,0.0,0.0,0.0,0.0,0.0,0.0,0.0,0.0,0.0,0.0,0.0,0.0,0.0,1.0,1.0,0.0,0,0,0,0,0,0,0,0.0,0.0,0.2,0.0
14,400,0,dpga,roi_shared,0.44616973400115967,-0.0,global_ddp_mean,2,0.0,2.860081911087036,2.860081911087036,0.0,0.0,0.0,0.0,0.0,0.0,0.0,0.0,0.0,0.0,0.0,0.0,0.0,1.0,1.0,0.0,0,0,0,0,0,0,0,0.0,0.0,0.2,0.0
14,400,0,dpga,roi_cls,0.44616973400115967,-0.0,global_ddp_mean,2,0.0,1.5304914712905884,1.5304914712905884,0.0,0.0,0.0,0.0,0.0,0.0,0.0,0.0,0.0,0.0,0.0,0.0,0.0,1.0,1.0,0.0,0,0,0,0,0,0,0,0.0,0.0,0.2,0.0
14,400,0,dpga,roi_reg,0.44616973400115967,-0.0,global_ddp_mean,2,0.0,1.6020820140838623,1.6020820140838623,0.0,0.0,0.0,0.0,0.0,0.0,0.0,0.0,0.0,0.0,0.0,0.0,0.0,1.0,1.0,0.0,0,0,0,0,0,0,0,0.0,0.0,0.2,0.0
14,500,0,dpga,backbone,0.14997178316116333,0.0,global_ddp_mean,2,0.0,14.13937759399414,14.13937759399414,0.0,0.0,0.0,0.0,0.0,0.0,0.0,0.0,0.0,0.0,0.0,0.0,0.0,1.0,1.0,0.0,0,0,0,0,0,0,0,0.0,0.0,0.2,0.0
14,500,0,dpga,fpn,0.14997178316116333,0.0,global_ddp_mean,2,0.0,3.574852705001831,3.574852705001831,0.0,0.0,0.0,0.0,0.0,0.0,0.0,0.0,0.0,0.0,0.0,0.0,0.0,1.0,1.0,0.0,0,0,0,0,0,0,0,0.0,0.0,0.2,0.0
14,500,0,dpga,rpn,0.14997178316116333,0.0,global_ddp_mean,2,0.0,3.7207465171813965,3.7207465171813965,0.0,0.0,0.0,0.0,0.0,0.0,0.0,0.0,0.0,0.0,0.0,0.0,0.0,1.0,1.0,0.0,0,0,0,0,0,0,0,0.0,0.0,0.2,0.0
14,500,0,dpga,roi_shared,0.14997178316116333,0.0,global_ddp_mean,2,0.0,7.791962623596191,7.791962623596191,0.0,0.0,0.0,0.0,0.0,0.0,0.0,0.0,0.0,0.0,0.0,0.0,0.0,1.0,1.0,0.0,0,0,0,0,0,0,0,0.0,0.0,0.2,0.0
14,500,0,dpga,roi_cls,0.14997178316116333,0.0,global_ddp_mean,2,0.0,6.047877788543701,6.047877788543701,0.0,0.0,0.0,0.0,0.0,0.0,0.0,0.0,0.0,0.0,0.0,0.0,0.0,1.0,1.0,0.0,0,0,0,0,0,0,0,0.0,0.0,0.2,0.0
14,500,0,dpga,roi_reg,0.14997178316116333,0.0,global_ddp_mean,2,0.0,0.7663796544075012,0.7663796544075012,0.0,0.0,0.0,0.0,0.0,0.0,0.0,0.0,0.0,0.0,0.0,0.0,0.0,1.0,1.0,0.0,0,0,0,0,0,0,0,0.0,0.0,0.2,0.0
14,600,0,dpga,backbone,0.08411163091659546,0.0,global_ddp_mean,2,0.0,7.933422088623047,7.933422088623047,0.0,0.0,0.0,0.0,0.0,0.0,0.0,0.0,0.0,0.0,0.0,0.0,0.0,1.0,1.0,0.0,0,0,0,0,0,0,0,0.0,0.0,0.2,0.0
14,600,0,dpga,fpn,0.08411163091659546,0.0,global_ddp_mean,2,0.0,0.8896839618682861,0.8896839618682861,0.0,0.0,0.0,0.0,0.0,0.0,0.0,0.0,0.0,0.0,0.0,0.0,0.0,1.0,1.0,0.0,0,0,0,0,0,0,0,0.0,0.0,0.2,0.0
14,600,0,dpga,rpn,0.08411163091659546,0.0,global_ddp_mean,2,0.0,1.1675045490264893,1.1675045490264893,0.0,0.0,0.0,0.0,0.0,0.0,0.0,0.0,0.0,0.0,0.0,0.0,0.0,1.0,1.0,0.0,0,0,0,0,0,0,0,0.0,0.0,0.2,0.0
14,600,0,dpga,roi_shared,0.08411163091659546,0.0,global_ddp_mean,2,0.0,1.7243924140930176,1.7243924140930176,0.0,0.0,0.0,0.0,0.0,0.0,0.0,0.0,0.0,0.0,0.0,0.0,0.0,1.0,1.0,0.0,0,0,0,0,0,0,0,0.0,0.0,0.2,0.0
14,600,0,dpga,roi_cls,0.08411163091659546,0.0,global_ddp_mean,2,0.0,1.242134928703308,1.242134928703308,0.0,0.0,0.0,0.0,0.0,0.0,0.0,0.0,0.0,0.0,0.0,0.0,0.0,1.0,1.0,0.0,0,0,0,0,0,0,0,0.0,0.0,0.2,0.0
14,600,0,dpga,roi_reg,0.08411163091659546,0.0,global_ddp_mean,2,0.0,1.0567783117294312,1.0567783117294312,0.0,0.0,0.0,0.0,0.0,0.0,0.0,0.0,0.0,0.0,0.0,0.0,0.0,1.0,1.0,0.0,0,0,0,0,0,0,0,0.0,0.0,0.2,0.0
14,700,0,dpga,backbone,0.15918101370334625,0.0,global_ddp_mean,2,0.0,22.875131607055664,22.875131607055664,0.0,0.0,0.0,0.0,0.0,0.0,0.0,0.0,0.0,0.0,0.0,0.0,0.0,1.0,1.0,0.0,0,0,0,0,0,0,0,0.0,0.0,0.2,0.0
14,700,0,dpga,fpn,0.15918101370334625,0.0,global_ddp_mean,2,0.0,4.808870315551758,4.808870315551758,0.0,0.0,0.0,0.0,0.0,0.0,0.0,0.0,0.0,0.0,0.0,0.0,0.0,1.0,1.0,0.0,0,0,0,0,0,0,0,0.0,0.0,0.2,0.0
14,700,0,dpga,rpn,0.15918101370334625,0.0,global_ddp_mean,2,0.0,3.017347812652588,3.017347812652588,0.0,0.0,0.0,0.0,0.0,0.0,0.0,0.0,0.0,0.0,0.0,0.0,0.0,1.0,1.0,0.0,0,0,0,0,0,0,0,0.0,0.0,0.2,0.0
14,700,0,dpga,roi_shared,0.15918101370334625,0.0,global_ddp_mean,2,0.0,10.37269401550293,10.37269401550293,0.0,0.0,0.0,0.0,0.0,0.0,0.0,0.0,0.0,0.0,0.0,0.0,0.0,1.0,1.0,0.0,0,0,0,0,0,0,0,0.0,0.0,0.2,0.0
14,700,0,dpga,roi_cls,0.15918101370334625,0.0,global_ddp_mean,2,0.0,7.401606559753418,7.401606559753418,0.0,0.0,0.0,0.0,0.0,0.0,0.0,0.0,0.0,0.0,0.0,0.0,0.0,1.0,1.0,0.0,0,0,0,0,0,0,0,0.0,0.0,0.2,0.0
14,700,0,dpga,roi_reg,0.15918101370334625,0.0,global_ddp_mean,2,0.0,7.353023052215576,7.353023052215576,0.0,0.0,0.0,0.0,0.0,0.0,0.0,0.0,0.0,0.0,0.0,0.0,0.0,1.0,1.0,0.0,0,0,0,0,0,0,0,0.0,0.0,0.2,0.0
14,800,0,dpga,backbone,0.014903551898896694,0.0,global_ddp_mean,2,0.0,6.000871658325195,6.000871658325195,0.0,0.0,0.0,0.0,0.0,0.0,0.0,0.0,0.0,0.0,0.0,0.0,0.0,1.0,1.0,0.0,0,0,0,0,0,0,0,0.0,0.0,0.2,0.0
14,800,0,dpga,fpn,0.014903551898896694,0.0,global_ddp_mean,2,0.0,0.7031461000442505,0.7031461000442505,0.0,0.0,0.0,0.0,0.0,0.0,0.0,0.0,0.0,0.0,0.0,0.0,0.0,1.0,1.0,0.0,0,0,0,0,0,0,0,0.0,0.0,0.2,0.0
14,800,0,dpga,rpn,0.014903551898896694,0.0,global_ddp_mean,2,0.0,0.8324204683303833,0.8324204683303833,0.0,0.0,0.0,0.0,0.0,0.0,0.0,0.0,0.0,0.0,0.0,0.0,0.0,1.0,1.0,0.0,0,0,0,0,0,0,0,0.0,0.0,0.2,0.0
14,800,0,dpga,roi_shared,0.014903551898896694,0.0,global_ddp_mean,2,0.0,1.0566565990447998,1.0566565990447998,0.0,0.0,0.0,0.0,0.0,0.0,0.0,0.0,0.0,0.0,0.0,0.0,0.0,1.0,1.0,0.0,0,0,0,0,0,0,0,0.0,0.0,0.2,0.0
14,800,0,dpga,roi_cls,0.014903551898896694,0.0,global_ddp_mean,2,0.0,1.1201788187026978,1.1201788187026978,0.0,0.0,0.0,0.0,0.0,0.0,0.0,0.0,0.0,0.0,0.0,0.0,0.0,1.0,1.0,0.0,0,0,0,0,0,0,0,0.0,0.0,0.2,0.0
14,800,0,dpga,roi_reg,0.014903551898896694,0.0,global_ddp_mean,2,0.0,0.0,0.0,0.0,0.0,0.0,0.0,0.0,0.0,0.0,0.0,0.0,0.0,0.0,0.0,0.0,0.0,0.0,90.0,0,0,0,0,0,0,0,0.0,0.0,0.2,0.0
14,900,0,dpga,backbone,0.1634317934513092,-0.0,global_ddp_mean,2,0.0,6.775745868682861,6.775745868682861,0.0,0.0,0.0,0.0,0.0,0.0,0.0,0.0,0.0,0.0,0.0,0.0,0.0,1.0,1.0,0.0,0,0,0,0,0,0,0,0.0,0.0,0.2,0.0
14,900,0,dpga,fpn,0.1634317934513092,-0.0,global_ddp_mean,2,0.0,0.9106337428092957,0.9106337428092957,0.0,0.0,0.0,0.0,0.0,0.0,0.0,0.0,0.0,0.0,0.0,0.0,0.0,1.0,1.0,0.0,0,0,0,0,0,0,0,0.0,0.0,0.2,0.0
14,900,0,dpga,rpn,0.1634317934513092,-0.0,global_ddp_mean,2,0.0,1.0798417329788208,1.0798417329788208,0.0,0.0,0.0,0.0,0.0,0.0,0.0,0.0,0.0,0.0,0.0,0.0,0.0,1.0,1.0,0.0,0,0,0,0,0,0,0,0.0,0.0,0.2,0.0
14,900,0,dpga,roi_shared,0.1634317934513092,-0.0,global_ddp_mean,2,0.0,1.7545608282089233,1.7545608282089233,0.0,0.0,0.0,0.0,0.0,0.0,0.0,0.0,0.0,0.0,0.0,0.0,0.0,1.0,1.0,0.0,0,0,0,0,0,0,0,0.0,0.0,0.2,0.0
14,900,0,dpga,roi_cls,0.1634317934513092,-0.0,global_ddp_mean,2,0.0,1.7542763948440552,1.7542763948440552,0.0,0.0,0.0,0.0,0.0,0.0,0.0,0.0,0.0,0.0,0.0,0.0,0.0,1.0,1.0,0.0,0,0,0,0,0,0,0,0.0,0.0,0.2,0.0
14,900,0,dpga,roi_reg,0.1634317934513092,-0.0,global_ddp_mean,2,0.0,0.3129558265209198,0.3129558265209198,0.0,0.0,0.0,0.0,0.0,0.0,0.0,0.0,0.0,0.0,0.0,0.0,0.0,1.0,1.0,0.0,0,0,0,0,0,0,0,0.0,0.0,0.2,0.0
14,1000,0,dpga,backbone,0.45651504397392273,0.0,global_ddp_mean,2,0.0,9.706687927246094,9.706687927246094,0.0,0.0,0.0,0.0,0.0,0.0,0.0,0.0,0.0,0.0,0.0,0.0,0.0,1.0,1.0,0.0,0,0,0,0,0,0,0,0.0,0.0,0.2,0.0
14,1000,0,dpga,fpn,0.45651504397392273,0.0,global_ddp_mean,2,0.0,1.851231575012207,1.851231575012207,0.0,0.0,0.0,0.0,0.0,0.0,0.0,0.0,0.0,0.0,0.0,0.0,0.0,1.0,1.0,0.0,0,0,0,0,0,0,0,0.0,0.0,0.2,0.0
14,1000,0,dpga,rpn,0.45651504397392273,0.0,global_ddp_mean,2,0.0,2.4807238578796387,2.4807238578796387,0.0,0.0,0.0,0.0,0.0,0.0,0.0,0.0,0.0,0.0,0.0,0.0,0.0,1.0,1.0,0.0,0,0,0,0,0,0,0,0.0,0.0,0.2,0.0
14,1000,0,dpga,roi_shared,0.45651504397392273,0.0,global_ddp_mean,2,0.0,3.892484188079834,3.892484188079834,0.0,0.0,0.0,0.0,0.0,0.0,0.0,0.0,0.0,0.0,0.0,0.0,0.0,1.0,1.0,0.0,0,0,0,0,0,0,0,0.0,0.0,0.2,0.0
14,1000,0,dpga,roi_cls,0.45651504397392273,0.0,global_ddp_mean,2,0.0,2.398165464401245,2.398165464401245,0.0,0.0,0.0,0.0,0.0,0.0,0.0,0.0,0.0,0.0,0.0,0.0,0.0,1.0,1.0,0.0,0,0,0,0,0,0,0,0.0,0.0,0.2,0.0
14,1000,0,dpga,roi_reg,0.45651504397392273,0.0,global_ddp_mean,2,0.0,1.7708330154418945,1.7708330154418945,0.0,0.0,0.0,0.0,0.0,0.0,0.0,0.0,0.0,0.0,0.0,0.0,0.0,1.0,1.0,0.0,0,0,0,0,0,0,0,0.0,0.0,0.2,0.0
14,1100,0,dpga,backbone,0.3791719675064087,0.0,global_ddp_mean,2,0.0,6.417697906494141,6.417697906494141,0.0,0.0,0.0,0.0,0.0,0.0,0.0,0.0,0.0,0.0,0.0,0.0,0.0,1.0,1.0,0.0,0,0,0,0,0,0,0,0.0,0.0,0.2,0.0
14,1100,0,dpga,fpn,0.3791719675064087,0.0,global_ddp_mean,2,0.0,1.3575845956802368,1.3575845956802368,0.0,0.0,0.0,0.0,0.0,0.0,0.0,0.0,0.0,0.0,0.0,0.0,0.0,1.0,1.0,0.0,0,0,0,0,0,0,0,0.0,0.0,0.2,0.0
14,1100,0,dpga,rpn,0.3791719675064087,0.0,global_ddp_mean,2,0.0,2.3954310417175293,2.3954310417175293,0.0,0.0,0.0,0.0,0.0,0.0,0.0,0.0,0.0,0.0,0.0,0.0,0.0,1.0,1.0,0.0,0,0,0,0,0,0,0,0.0,0.0,0.2,0.0
14,1100,0,dpga,roi_shared,0.3791719675064087,0.0,global_ddp_mean,2,0.0,2.7085537910461426,2.7085537910461426,0.0,0.0,0.0,0.0,0.0,0.0,0.0,0.0,0.0,0.0,0.0,0.0,0.0,1.0,1.0,0.0,0,0,0,0,0,0,0,0.0,0.0,0.2,0.0
14,1100,0,dpga,roi_cls,0.3791719675064087,0.0,global_ddp_mean,2,0.0,1.664794683456421,1.664794683456421,0.0,0.0,0.0,0.0,0.0,0.0,0.0,0.0,0.0,0.0,0.0,0.0,0.0,1.0,1.0,0.0,0,0,0,0,0,0,0,0.0,0.0,0.2,0.0
14,1100,0,dpga,roi_reg,0.3791719675064087,0.0,global_ddp_mean,2,0.0,1.5703502893447876,1.5703502893447876,0.0,0.0,0.0,0.0,0.0,0.0,0.0,0.0,0.0,0.0,0.0,0.0,0.0,1.0,1.0,0.0,0,0,0,0,0,0,0,0.0,0.0,0.2,0.0
14,1200,0,dpga,backbone,0.003228549612686038,0.0,global_ddp_mean,2,0.0,4.943098545074463,4.943098545074463,0.0,0.0,0.0,0.0,0.0,0.0,0.0,0.0,0.0,0.0,0.0,0.0,0.0,1.0,1.0,0.0,0,0,0,0,0,0,0,0.0,0.0,0.2,0.0
14,1200,0,dpga,fpn,0.003228549612686038,0.0,global_ddp_mean,2,0.0,0.8609343767166138,0.8609343767166138,0.0,0.0,0.0,0.0,0.0,0.0,0.0,0.0,0.0,0.0,0.0,0.0,0.0,1.0,1.0,0.0,0,0,0,0,0,0,0,0.0,0.0,0.2,0.0
14,1200,0,dpga,rpn,0.003228549612686038,0.0,global_ddp_mean,2,0.0,1.350848913192749,1.350848913192749,0.0,0.0,0.0,0.0,0.0,0.0,0.0,0.0,0.0,0.0,0.0,0.0,0.0,1.0,1.0,0.0,0,0,0,0,0,0,0,0.0,0.0,0.2,0.0
14,1200,0,dpga,roi_shared,0.003228549612686038,0.0,global_ddp_mean,2,0.0,1.8526804447174072,1.8526804447174072,0.0,0.0,0.0,0.0,0.0,0.0,0.0,0.0,0.0,0.0,0.0,0.0,0.0,1.0,1.0,0.0,0,0,0,0,0,0,0,0.0,0.0,0.2,0.0
14,1200,0,dpga,roi_cls,0.003228549612686038,0.0,global_ddp_mean,2,0.0,1.2616381645202637,1.2616381645202637,0.0,0.0,0.0,0.0,0.0,0.0,0.0,0.0,0.0,0.0,0.0,0.0,0.0,1.0,1.0,0.0,0,0,0,0,0,0,0,0.0,0.0,0.2,0.0
14,1200,0,dpga,roi_reg,0.003228549612686038,0.0,global_ddp_mean,2,0.0,1.6567219495773315,1.6567219495773315,0.0,0.0,0.0,0.0,0.0,0.0,0.0,0.0,0.0,0.0,0.0,0.0,0.0,1.0,1.0,0.0,0,0,0,0,0,0,0,0.0,0.0,0.2,0.0
14,1300,0,dpga,backbone,0.30605190992355347,-0.0,global_ddp_mean,2,0.0,19.661727905273438,19.661727905273438,0.0,0.0,0.0,0.0,0.0,0.0,0.0,0.0,0.0,0.0,0.0,0.0,0.0,1.0,1.0,0.0,0,0,0,0,0,0,0,0.0,0.0,0.2,0.0
14,1300,0,dpga,fpn,0.30605190992355347,-0.0,global_ddp_mean,2,0.0,1.6671417951583862,1.6671417951583862,0.0,0.0,0.0,0.0,0.0,0.0,0.0,0.0,0.0,0.0,0.0,0.0,0.0,1.0,1.0,0.0,0,0,0,0,0,0,0,0.0,0.0,0.2,0.0
14,1300,0,dpga,rpn,0.30605190992355347,-0.0,global_ddp_mean,2,0.0,2.2990429401397705,2.2990429401397705,0.0,0.0,0.0,0.0,0.0,0.0,0.0,0.0,0.0,0.0,0.0,0.0,0.0,1.0,1.0,0.0,0,0,0,0,0,0,0,0.0,0.0,0.2,0.0
14,1300,0,dpga,roi_shared,0.30605190992355347,-0.0,global_ddp_mean,2,0.0,3.3199965953826904,3.3199965953826904,0.0,0.0,0.0,0.0,0.0,0.0,0.0,0.0,0.0,0.0,0.0,0.0,0.0,1.0,1.0,0.0,0,0,0,0,0,0,0,0.0,0.0,0.2,0.0
14,1300,0,dpga,roi_cls,0.30605190992355347,-0.0,global_ddp_mean,2,0.0,2.5840530395507812,2.5840530395507812,0.0,0.0,0.0,0.0,0.0,0.0,0.0,0.0,0.0,0.0,0.0,0.0,0.0,1.0,1.0,0.0,0,0,0,0,0,0,0,0.0,0.0,0.2,0.0
14,1300,0,dpga,roi_reg,0.30605190992355347,-0.0,global_ddp_mean,2,0.0,2.0099315643310547,2.0099315643310547,0.0,0.0,0.0,0.0,0.0,0.0,0.0,0.0,0.0,0.0,0.0,0.0,0.0,1.0,1.0,0.0,0,0,0,0,0,0,0,0.0,0.0,0.2,0.0
14,1400,0,dpga,backbone,0.1734837293624878,-0.0,global_ddp_mean,2,0.0,12.989886283874512,12.989886283874512,0.0,0.0,0.0,0.0,0.0,0.0,0.0,0.0,0.0,0.0,0.0,0.0,0.0,1.0,1.0,0.0,0,0,0,0,0,0,0,0.0,0.0,0.2,0.0
14,1400,0,dpga,fpn,0.1734837293624878,-0.0,global_ddp_mean,2,0.0,2.1087052822113037,2.1087052822113037,0.0,0.0,0.0,0.0,0.0,0.0,0.0,0.0,0.0,0.0,0.0,0.0,0.0,1.0,1.0,0.0,0,0,0,0,0,0,0,0.0,0.0,0.2,0.0
14,1400,0,dpga,rpn,0.1734837293624878,-0.0,global_ddp_mean,2,0.0,1.1020944118499756,1.1020944118499756,0.0,0.0,0.0,0.0,0.0,0.0,0.0,0.0,0.0,0.0,0.0,0.0,0.0,1.0,1.0,0.0,0,0,0,0,0,0,0,0.0,0.0,0.2,0.0
14,1400,0,dpga,roi_shared,0.1734837293624878,-0.0,global_ddp_mean,2,0.0,4.644108295440674,4.644108295440674,0.0,0.0,0.0,0.0,0.0,0.0,0.0,0.0,0.0,0.0,0.0,0.0,0.0,1.0,1.0,0.0,0,0,0,0,0,0,0,0.0,0.0,0.2,0.0
14,1400,0,dpga,roi_cls,0.1734837293624878,-0.0,global_ddp_mean,2,0.0,4.155613899230957,4.155613899230957,0.0,0.0,0.0,0.0,0.0,0.0,0.0,0.0,0.0,0.0,0.0,0.0,0.0,1.0,1.0,0.0,0,0,0,0,0,0,0,0.0,0.0,0.2,0.0
14,1400,0,dpga,roi_reg,0.1734837293624878,-0.0,global_ddp_mean,2,0.0,0.9286710619926453,0.9286710619926453,0.0,0.0,0.0,0.0,0.0,0.0,0.0,0.0,0.0,0.0,0.0,0.0,0.0,1.0,1.0,0.0,0,0,0,0,0,0,0,0.0,0.0,0.2,0.0
15,0,0,dpga,backbone,0.42769622802734375,-0.0,global_ddp_mean,2,0.0,13.231350898742676,13.231350898742676,0.0,0.0,0.0,0.0,0.0,0.0,0.0,0.0,0.0,0.0,0.0,0.0,0.0,1.0,1.0,0.0,0,0,0,0,0,0,0,0.0,0.0,0.2,0.0
15,0,0,dpga,fpn,0.42769622802734375,-0.0,global_ddp_mean,2,0.0,3.030414342880249,3.030414342880249,0.0,0.0,0.0,0.0,0.0,0.0,0.0,0.0,0.0,0.0,0.0,0.0,0.0,1.0,1.0,0.0,0,0,0,0,0,0,0,0.0,0.0,0.2,0.0
15,0,0,dpga,rpn,0.42769622802734375,-0.0,global_ddp_mean,2,0.0,3.508469343185425,3.508469343185425,0.0,0.0,0.0,0.0,0.0,0.0,0.0,0.0,0.0,0.0,0.0,0.0,0.0,1.0,1.0,0.0,0,0,0,0,0,0,0,0.0,0.0,0.2,0.0
15,0,0,dpga,roi_shared,0.42769622802734375,-0.0,global_ddp_mean,2,0.0,5.414839744567871,5.414839744567871,0.0,0.0,0.0,0.0,0.0,0.0,0.0,0.0,0.0,0.0,0.0,0.0,0.0,1.0,1.0,0.0,0,0,0,0,0,0,0,0.0,0.0,0.2,0.0
15,0,0,dpga,roi_cls,0.42769622802734375,-0.0,global_ddp_mean,2,0.0,2.2989296913146973,2.2989296913146973,0.0,0.0,0.0,0.0,0.0,0.0,0.0,0.0,0.0,0.0,0.0,0.0,0.0,1.0,1.0,0.0,0,0,0,0,0,0,0,0.0,0.0,0.2,0.0
15,0,0,dpga,roi_reg,0.42769622802734375,-0.0,global_ddp_mean,2,0.0,5.624420166015625,5.624420166015625,0.0,0.0,0.0,0.0,0.0,0.0,0.0,0.0,0.0,0.0,0.0,0.0,0.0,1.0,1.0,0.0,0,0,0,0,0,0,0,0.0,0.0,0.2,0.0
15,100,0,dpga,backbone,0.23233088850975037,0.0,global_ddp_mean,2,0.0,8.325267791748047,8.325267791748047,0.0,0.0,0.0,0.0,0.0,0.0,0.0,0.0,0.0,0.0,0.0,0.0,0.0,1.0,1.0,0.0,0,0,0,0,0,0,0,0.0,0.0,0.2,0.0
15,100,0,dpga,fpn,0.23233088850975037,0.0,global_ddp_mean,2,0.0,1.5406460762023926,1.5406460762023926,0.0,0.0,0.0,0.0,0.0,0.0,0.0,0.0,0.0,0.0,0.0,0.0,0.0,1.0,1.0,0.0,0,0,0,0,0,0,0,0.0,0.0,0.2,0.0
15,100,0,dpga,rpn,0.23233088850975037,0.0,global_ddp_mean,2,0.0,2.0935983657836914,2.0935983657836914,0.0,0.0,0.0,0.0,0.0,0.0,0.0,0.0,0.0,0.0,0.0,0.0,0.0,1.0,1.0,0.0,0,0,0,0,0,0,0,0.0,0.0,0.2,0.0
15,100,0,dpga,roi_shared,0.23233088850975037,0.0,global_ddp_mean,2,0.0,3.664795398712158,3.664795398712158,0.0,0.0,0.0,0.0,0.0,0.0,0.0,0.0,0.0,0.0,0.0,0.0,0.0,1.0,1.0,0.0,0,0,0,0,0,0,0,0.0,0.0,0.2,0.0
15,100,0,dpga,roi_cls,0.23233088850975037,0.0,global_ddp_mean,2,0.0,2.756887197494507,2.756887197494507,0.0,0.0,0.0,0.0,0.0,0.0,0.0,0.0,0.0,0.0,0.0,0.0,0.0,1.0,1.0,0.0,0,0,0,0,0,0,0,0.0,0.0,0.2,0.0
15,100,0,dpga,roi_reg,0.23233088850975037,0.0,global_ddp_mean,2,0.0,1.3592455387115479,1.3592455387115479,0.0,0.0,0.0,0.0,0.0,0.0,0.0,0.0,0.0,0.0,0.0,0.0,0.0,1.0,1.0,0.0,0,0,0,0,0,0,0,0.0,0.0,0.2,0.0
15,200,0,dpga,backbone,0.07253377884626389,0.0,global_ddp_mean,2,0.0,4.642451763153076,4.642451763153076,0.0,0.0,0.0,0.0,0.0,0.0,0.0,0.0,0.0,0.0,0.0,0.0,0.0,1.0,1.0,0.0,0,0,0,0,0,0,0,0.0,0.0,0.2,0.0
15,200,0,dpga,fpn,0.07253377884626389,0.0,global_ddp_mean,2,0.0,0.7774640321731567,0.7774640321731567,0.0,0.0,0.0,0.0,0.0,0.0,0.0,0.0,0.0,0.0,0.0,0.0,0.0,1.0,1.0,0.0,0,0,0,0,0,0,0,0.0,0.0,0.2,0.0
15,200,0,dpga,rpn,0.07253377884626389,0.0,global_ddp_mean,2,0.0,0.745995819568634,0.745995819568634,0.0,0.0,0.0,0.0,0.0,0.0,0.0,0.0,0.0,0.0,0.0,0.0,0.0,1.0,1.0,0.0,0,0,0,0,0,0,0,0.0,0.0,0.2,0.0
15,200,0,dpga,roi_shared,0.07253377884626389,0.0,global_ddp_mean,2,0.0,1.3519448041915894,1.3519448041915894,0.0,0.0,0.0,0.0,0.0,0.0,0.0,0.0,0.0,0.0,0.0,0.0,0.0,1.0,1.0,0.0,0,0,0,0,0,0,0,0.0,0.0,0.2,0.0
15,200,0,dpga,roi_cls,0.07253377884626389,0.0,global_ddp_mean,2,0.0,1.0538862943649292,1.0538862943649292,0.0,0.0,0.0,0.0,0.0,0.0,0.0,0.0,0.0,0.0,0.0,0.0,0.0,1.0,1.0,0.0,0,0,0,0,0,0,0,0.0,0.0,0.2,0.0
15,200,0,dpga,roi_reg,0.07253377884626389,0.0,global_ddp_mean,2,0.0,0.8231790065765381,0.8231790065765381,0.0,0.0,0.0,0.0,0.0,0.0,0.0,0.0,0.0,0.0,0.0,0.0,0.0,1.0,1.0,0.0,0,0,0,0,0,0,0,0.0,0.0,0.2,0.0
15,300,0,dpga,backbone,1.019479751586914,-0.0,global_ddp_mean,2,0.0,78.01522064208984,78.01522064208984,0.0,0.0,0.0,0.0,0.0,0.0,0.0,0.0,0.0,0.0,0.0,0.0,0.0,1.0,1.0,0.0,0,0,0,0,0,0,0,0.0,0.0,0.2,0.0
15,300,0,dpga,fpn,1.019479751586914,-0.0,global_ddp_mean,2,0.0,10.290826797485352,10.290826797485352,0.0,0.0,0.0,0.0,0.0,0.0,0.0,0.0,0.0,0.0,0.0,0.0,0.0,1.0,1.0,0.0,0,0,0,0,0,0,0,0.0,0.0,0.2,0.0
15,300,0,dpga,rpn,1.019479751586914,-0.0,global_ddp_mean,2,0.0,2.459873676300049,2.459873676300049,0.0,0.0,0.0,0.0,0.0,0.0,0.0,0.0,0.0,0.0,0.0,0.0,0.0,1.0,1.0,0.0,0,0,0,0,0,0,0,0.0,0.0,0.2,0.0
15,300,0,dpga,roi_shared,1.019479751586914,-0.0,global_ddp_mean,2,0.0,21.562490463256836,21.562490463256836,0.0,0.0,0.0,0.0,0.0,0.0,0.0,0.0,0.0,0.0,0.0,0.0,0.0,1.0,1.0,0.0,0,0,0,0,0,0,0,0.0,0.0,0.2,0.0
15,300,0,dpga,roi_cls,1.019479751586914,-0.0,global_ddp_mean,2,0.0,17.442501068115234,17.442501068115234,0.0,0.0,0.0,0.0,0.0,0.0,0.0,0.0,0.0,0.0,0.0,0.0,0.0,1.0,1.0,0.0,0,0,0,0,0,0,0,0.0,0.0,0.2,0.0
15,300,0,dpga,roi_reg,1.019479751586914,-0.0,global_ddp_mean,2,0.0,8.624147415161133,8.624147415161133,0.0,0.0,0.0,0.0,0.0,0.0,0.0,0.0,0.0,0.0,0.0,0.0,0.0,1.0,1.0,0.0,0,0,0,0,0,0,0,0.0,0.0,0.2,0.0
15,400,0,dpga,backbone,0.36135298013687134,-0.0,global_ddp_mean,2,0.0,7.973255634307861,7.973255634307861,0.0,0.0,0.0,0.0,0.0,0.0,0.0,0.0,0.0,0.0,0.0,0.0,0.0,1.0,1.0,0.0,0,0,0,0,0,0,0,0.0,0.0,0.2,0.0
15,400,0,dpga,fpn,0.36135298013687134,-0.0,global_ddp_mean,2,0.0,1.5766104459762573,1.5766104459762573,0.0,0.0,0.0,0.0,0.0,0.0,0.0,0.0,0.0,0.0,0.0,0.0,0.0,1.0,1.0,0.0,0,0,0,0,0,0,0,0.0,0.0,0.2,0.0
15,400,0,dpga,rpn,0.36135298013687134,-0.0,global_ddp_mean,2,0.0,2.393894910812378,2.393894910812378,0.0,0.0,0.0,0.0,0.0,0.0,0.0,0.0,0.0,0.0,0.0,0.0,0.0,1.0,1.0,0.0,0,0,0,0,0,0,0,0.0,0.0,0.2,0.0
15,400,0,dpga,roi_shared,0.36135298013687134,-0.0,global_ddp_mean,2,0.0,2.6086535453796387,2.6086535453796387,0.0,0.0,0.0,0.0,0.0,0.0,0.0,0.0,0.0,0.0,0.0,0.0,0.0,1.0,1.0,0.0,0,0,0,0,0,0,0,0.0,0.0,0.2,0.0
15,400,0,dpga,roi_cls,0.36135298013687134,-0.0,global_ddp_mean,2,0.0,1.7279207706451416,1.7279207706451416,0.0,0.0,0.0,0.0,0.0,0.0,0.0,0.0,0.0,0.0,0.0,0.0,0.0,1.0,1.0,0.0,0,0,0,0,0,0,0,0.0,0.0,0.2,0.0
15,400,0,dpga,roi_reg,0.36135298013687134,-0.0,global_ddp_mean,2,0.0,2.2823431491851807,2.2823431491851807,0.0,0.0,0.0,0.0,0.0,0.0,0.0,0.0,0.0,0.0,0.0,0.0,0.0,1.0,1.0,0.0,0,0,0,0,0,0,0,0.0,0.0,0.2,0.0
15,500,0,dpga,backbone,0.24119360744953156,0.0,global_ddp_mean,2,0.0,6.577560901641846,6.577560901641846,0.0,0.0,0.0,0.0,0.0,0.0,0.0,0.0,0.0,0.0,0.0,0.0,0.0,1.0,1.0,0.0,0,0,0,0,0,0,0,0.0,0.0,0.2,0.0
15,500,0,dpga,fpn,0.24119360744953156,0.0,global_ddp_mean,2,0.0,1.2762459516525269,1.2762459516525269,0.0,0.0,0.0,0.0,0.0,0.0,0.0,0.0,0.0,0.0,0.0,0.0,0.0,1.0,1.0,0.0,0,0,0,0,0,0,0,0.0,0.0,0.2,0.0
15,500,0,dpga,rpn,0.24119360744953156,0.0,global_ddp_mean,2,0.0,1.521896243095398,1.521896243095398,0.0,0.0,0.0,0.0,0.0,0.0,0.0,0.0,0.0,0.0,0.0,0.0,0.0,1.0,1.0,0.0,0,0,0,0,0,0,0,0.0,0.0,0.2,0.0
15,500,0,dpga,roi_shared,0.24119360744953156,0.0,global_ddp_mean,2,0.0,2.744271755218506,2.744271755218506,0.0,0.0,0.0,0.0,0.0,0.0,0.0,0.0,0.0,0.0,0.0,0.0,0.0,1.0,1.0,0.0,0,0,0,0,0,0,0,0.0,0.0,0.2,0.0
15,500,0,dpga,roi_cls,0.24119360744953156,0.0,global_ddp_mean,2,0.0,1.6813600063323975,1.6813600063323975,0.0,0.0,0.0,0.0,0.0,0.0,0.0,0.0,0.0,0.0,0.0,0.0,0.0,1.0,1.0,0.0,0,0,0,0,0,0,0,0.0,0.0,0.2,0.0
15,500,0,dpga,roi_reg,0.24119360744953156,0.0,global_ddp_mean,2,0.0,2.7047643661499023,2.7047643661499023,0.0,0.0,0.0,0.0,0.0,0.0,0.0,0.0,0.0,0.0,0.0,0.0,0.0,1.0,1.0,0.0,0,0,0,0,0,0,0,0.0,0.0,0.2,0.0
15,600,0,dpga,backbone,0.011269954964518547,0.0,global_ddp_mean,2,0.0,14.228109359741211,14.228109359741211,0.0,0.0,0.0,0.0,0.0,0.0,0.0,0.0,0.0,0.0,0.0,0.0,0.0,1.0,1.0,0.0,0,0,0,0,0,0,0,0.0,0.0,0.2,0.0
15,600,0,dpga,fpn,0.011269954964518547,0.0,global_ddp_mean,2,0.0,3.0117859840393066,3.0117859840393066,0.0,0.0,0.0,0.0,0.0,0.0,0.0,0.0,0.0,0.0,0.0,0.0,0.0,1.0,1.0,0.0,0,0,0,0,0,0,0,0.0,0.0,0.2,0.0
15,600,0,dpga,rpn,0.011269954964518547,0.0,global_ddp_mean,2,0.0,1.8552066087722778,1.8552066087722778,0.0,0.0,0.0,0.0,0.0,0.0,0.0,0.0,0.0,0.0,0.0,0.0,0.0,1.0,1.0,0.0,0,0,0,0,0,0,0,0.0,0.0,0.2,0.0
15,600,0,dpga,roi_shared,0.011269954964518547,0.0,global_ddp_mean,2,0.0,6.551656246185303,6.551656246185303,0.0,0.0,0.0,0.0,0.0,0.0,0.0,0.0,0.0,0.0,0.0,0.0,0.0,1.0,1.0,0.0,0,0,0,0,0,0,0,0.0,0.0,0.2,0.0
15,600,0,dpga,roi_cls,0.011269954964518547,0.0,global_ddp_mean,2,0.0,3.818957805633545,3.818957805633545,0.0,0.0,0.0,0.0,0.0,0.0,0.0,0.0,0.0,0.0,0.0,0.0,0.0,1.0,1.0,0.0,0,0,0,0,0,0,0,0.0,0.0,0.2,0.0
15,600,0,dpga,roi_reg,0.011269954964518547,0.0,global_ddp_mean,2,0.0,3.2152445316314697,3.2152445316314697,0.0,0.0,0.0,0.0,0.0,0.0,0.0,0.0,0.0,0.0,0.0,0.0,0.0,1.0,1.0,0.0,0,0,0,0,0,0,0,0.0,0.0,0.2,0.0
15,700,0,dpga,backbone,0.06642287969589233,0.0,global_ddp_mean,2,0.0,5.343481063842773,5.343481063842773,0.0,0.0,0.0,0.0,0.0,0.0,0.0,0.0,0.0,0.0,0.0,0.0,0.0,1.0,1.0,0.0,0,0,0,0,0,0,0,0.0,0.0,0.2,0.0
15,700,0,dpga,fpn,0.06642287969589233,0.0,global_ddp_mean,2,0.0,1.146634817123413,1.146634817123413,0.0,0.0,0.0,0.0,0.0,0.0,0.0,0.0,0.0,0.0,0.0,0.0,0.0,1.0,1.0,0.0,0,0,0,0,0,0,0,0.0,0.0,0.2,0.0
15,700,0,dpga,rpn,0.06642287969589233,0.0,global_ddp_mean,2,0.0,0.9706144332885742,0.9706144332885742,0.0,0.0,0.0,0.0,0.0,0.0,0.0,0.0,0.0,0.0,0.0,0.0,0.0,1.0,1.0,0.0,0,0,0,0,0,0,0,0.0,0.0,0.2,0.0
15,700,0,dpga,roi_shared,0.06642287969589233,0.0,global_ddp_mean,2,0.0,2.3996422290802,2.3996422290802,0.0,0.0,0.0,0.0,0.0,0.0,0.0,0.0,0.0,0.0,0.0,0.0,0.0,1.0,1.0,0.0,0,0,0,0,0,0,0,0.0,0.0,0.2,0.0
15,700,0,dpga,roi_cls,0.06642287969589233,0.0,global_ddp_mean,2,0.0,1.979268193244934,1.979268193244934,0.0,0.0,0.0,0.0,0.0,0.0,0.0,0.0,0.0,0.0,0.0,0.0,0.0,1.0,1.0,0.0,0,0,0,0,0,0,0,0.0,0.0,0.2,0.0
15,700,0,dpga,roi_reg,0.06642287969589233,0.0,global_ddp_mean,2,0.0,1.804638147354126,1.804638147354126,0.0,0.0,0.0,0.0,0.0,0.0,0.0,0.0,0.0,0.0,0.0,0.0,0.0,1.0,1.0,0.0,0,0,0,0,0,0,0,0.0,0.0,0.2,0.0
15,800,0,dpga,backbone,0.16067972779273987,0.0,global_ddp_mean,2,0.0,5.042272567749023,5.042272567749023,0.0,0.0,0.0,0.0,0.0,0.0,0.0,0.0,0.0,0.0,0.0,0.0,0.0,1.0,1.0,0.0,0,0,0,0,0,0,0,0.0,0.0,0.2,0.0
15,800,0,dpga,fpn,0.16067972779273987,0.0,global_ddp_mean,2,0.0,0.8040895462036133,0.8040895462036133,0.0,0.0,0.0,0.0,0.0,0.0,0.0,0.0,0.0,0.0,0.0,0.0,0.0,1.0,1.0,0.0,0,0,0,0,0,0,0,0.0,0.0,0.2,0.0
15,800,0,dpga,rpn,0.16067972779273987,0.0,global_ddp_mean,2,0.0,1.4291126728057861,1.4291126728057861,0.0,0.0,0.0,0.0,0.0,0.0,0.0,0.0,0.0,0.0,0.0,0.0,0.0,1.0,1.0,0.0,0,0,0,0,0,0,0,0.0,0.0,0.2,0.0
15,800,0,dpga,roi_shared,0.16067972779273987,0.0,global_ddp_mean,2,0.0,1.148179054260254,1.148179054260254,0.0,0.0,0.0,0.0,0.0,0.0,0.0,0.0,0.0,0.0,0.0,0.0,0.0,1.0,1.0,0.0,0,0,0,0,0,0,0,0.0,0.0,0.2,0.0
15,800,0,dpga,roi_cls,0.16067972779273987,0.0,global_ddp_mean,2,0.0,0.727768063545227,0.727768063545227,0.0,0.0,0.0,0.0,0.0,0.0,0.0,0.0,0.0,0.0,0.0,0.0,0.0,1.0,1.0,0.0,0,0,0,0,0,0,0,0.0,0.0,0.2,0.0
15,800,0,dpga,roi_reg,0.16067972779273987,0.0,global_ddp_mean,2,0.0,1.3173390626907349,1.3173390626907349,0.0,0.0,0.0,0.0,0.0,0.0,0.0,0.0,0.0,0.0,0.0,0.0,0.0,1.0,1.0,0.0,0,0,0,0,0,0,0,0.0,0.0,0.2,0.0
15,900,0,dpga,backbone,0.0054488335736095905,0.0,global_ddp_mean,2,0.0,18.16659927368164,18.16659927368164,0.0,0.0,0.0,0.0,0.0,0.0,0.0,0.0,0.0,0.0,0.0,0.0,0.0,1.0,1.0,0.0,0,0,0,0,0,0,0,0.0,0.0,0.2,0.0
15,900,0,dpga,fpn,0.0054488335736095905,0.0,global_ddp_mean,2,0.0,1.122987985610962,1.122987985610962,0.0,0.0,0.0,0.0,0.0,0.0,0.0,0.0,0.0,0.0,0.0,0.0,0.0,1.0,1.0,0.0,0,0,0,0,0,0,0,0.0,0.0,0.2,0.0
15,900,0,dpga,rpn,0.0054488335736095905,0.0,global_ddp_mean,2,0.0,2.247021436691284,2.247021436691284,0.0,0.0,0.0,0.0,0.0,0.0,0.0,0.0,0.0,0.0,0.0,0.0,0.0,1.0,1.0,0.0,0,0,0,0,0,0,0,0.0,0.0,0.2,0.0
15,900,0,dpga,roi_shared,0.0054488335736095905,0.0,global_ddp_mean,2,0.0,2.233792781829834,2.233792781829834,0.0,0.0,0.0,0.0,0.0,0.0,0.0,0.0,0.0,0.0,0.0,0.0,0.0,1.0,1.0,0.0,0,0,0,0,0,0,0,0.0,0.0,0.2,0.0
15,900,0,dpga,roi_cls,0.0054488335736095905,0.0,global_ddp_mean,2,0.0,1.8440415859222412,1.8440415859222412,0.0,0.0,0.0,0.0,0.0,0.0,0.0,0.0,0.0,0.0,0.0,0.0,0.0,1.0,1.0,0.0,0,0,0,0,0,0,0,0.0,0.0,0.2,0.0
15,900,0,dpga,roi_reg,0.0054488335736095905,0.0,global_ddp_mean,2,0.0,1.5465978384017944,1.5465978384017944,0.0,0.0,0.0,0.0,0.0,0.0,0.0,0.0,0.0,0.0,0.0,0.0,0.0,1.0,1.0,0.0,0,0,0,0,0,0,0,0.0,0.0,0.2,0.0
15,1000,0,dpga,backbone,0.14089566469192505,0.0,global_ddp_mean,2,0.0,9.514650344848633,9.514650344848633,0.0,0.0,0.0,0.0,0.0,0.0,0.0,0.0,0.0,0.0,0.0,0.0,0.0,1.0,1.0,0.0,0,0,0,0,0,0,0,0.0,0.0,0.2,0.0
15,1000,0,dpga,fpn,0.14089566469192505,0.0,global_ddp_mean,2,0.0,1.519972562789917,1.519972562789917,0.0,0.0,0.0,0.0,0.0,0.0,0.0,0.0,0.0,0.0,0.0,0.0,0.0,1.0,1.0,0.0,0,0,0,0,0,0,0,0.0,0.0,0.2,0.0
15,1000,0,dpga,rpn,0.14089566469192505,0.0,global_ddp_mean,2,0.0,1.2753430604934692,1.2753430604934692,0.0,0.0,0.0,0.0,0.0,0.0,0.0,0.0,0.0,0.0,0.0,0.0,0.0,1.0,1.0,0.0,0,0,0,0,0,0,0,0.0,0.0,0.2,0.0
15,1000,0,dpga,roi_shared,0.14089566469192505,0.0,global_ddp_mean,2,0.0,3.225860834121704,3.225860834121704,0.0,0.0,0.0,0.0,0.0,0.0,0.0,0.0,0.0,0.0,0.0,0.0,0.0,1.0,1.0,0.0,0,0,0,0,0,0,0,0.0,0.0,0.2,0.0
15,1000,0,dpga,roi_cls,0.14089566469192505,0.0,global_ddp_mean,2,0.0,2.729252338409424,2.729252338409424,0.0,0.0,0.0,0.0,0.0,0.0,0.0,0.0,0.0,0.0,0.0,0.0,0.0,1.0,1.0,0.0,0,0,0,0,0,0,0,0.0,0.0,0.2,0.0
15,1000,0,dpga,roi_reg,0.14089566469192505,0.0,global_ddp_mean,2,0.0,1.438784122467041,1.438784122467041,0.0,0.0,0.0,0.0,0.0,0.0,0.0,0.0,0.0,0.0,0.0,0.0,0.0,1.0,1.0,0.0,0,0,0,0,0,0,0,0.0,0.0,0.2,0.0
15,1100,0,dpga,backbone,0.23018062114715576,-0.0,global_ddp_mean,2,0.0,13.2615327835083,13.2615327835083,0.0,0.0,0.0,0.0,0.0,0.0,0.0,0.0,0.0,0.0,0.0,0.0,0.0,1.0,1.0,0.0,0,0,0,0,0,0,0,0.0,0.0,0.2,0.0
15,1100,0,dpga,fpn,0.23018062114715576,-0.0,global_ddp_mean,2,0.0,1.9994513988494873,1.9994513988494873,0.0,0.0,0.0,0.0,0.0,0.0,0.0,0.0,0.0,0.0,0.0,0.0,0.0,1.0,1.0,0.0,0,0,0,0,0,0,0,0.0,0.0,0.2,0.0
15,1100,0,dpga,rpn,0.23018062114715576,-0.0,global_ddp_mean,2,0.0,2.9815855026245117,2.9815855026245117,0.0,0.0,0.0,0.0,0.0,0.0,0.0,0.0,0.0,0.0,0.0,0.0,0.0,1.0,1.0,0.0,0,0,0,0,0,0,0,0.0,0.0,0.2,0.0
15,1100,0,dpga,roi_shared,0.23018062114715576,-0.0,global_ddp_mean,2,0.0,4.415243148803711,4.415243148803711,0.0,0.0,0.0,0.0,0.0,0.0,0.0,0.0,0.0,0.0,0.0,0.0,0.0,1.0,1.0,0.0,0,0,0,0,0,0,0,0.0,0.0,0.2,0.0
15,1100,0,dpga,roi_cls,0.23018062114715576,-0.0,global_ddp_mean,2,0.0,2.5621163845062256,2.5621163845062256,0.0,0.0,0.0,0.0,0.0,0.0,0.0,0.0,0.0,0.0,0.0,0.0,0.0,1.0,1.0,0.0,0,0,0,0,0,0,0,0.0,0.0,0.2,0.0
15,1100,0,dpga,roi_reg,0.23018062114715576,-0.0,global_ddp_mean,2,0.0,3.1903069019317627,3.1903069019317627,0.0,0.0,0.0,0.0,0.0,0.0,0.0,0.0,0.0,0.0,0.0,0.0,0.0,1.0,1.0,0.0,0,0,0,0,0,0,0,0.0,0.0,0.2,0.0
15,1200,0,dpga,backbone,0.12538979947566986,-0.0,global_ddp_mean,2,0.0,20.149431228637695,20.149431228637695,0.0,0.0,0.0,0.0,0.0,0.0,0.0,0.0,0.0,0.0,0.0,0.0,0.0,1.0,1.0,0.0,0,0,0,0,0,0,0,0.0,0.0,0.2,0.0
15,1200,0,dpga,fpn,0.12538979947566986,-0.0,global_ddp_mean,2,0.0,4.425558090209961,4.425558090209961,0.0,0.0,0.0,0.0,0.0,0.0,0.0,0.0,0.0,0.0,0.0,0.0,0.0,1.0,1.0,0.0,0,0,0,0,0,0,0,0.0,0.0,0.2,0.0
15,1200,0,dpga,rpn,0.12538979947566986,-0.0,global_ddp_mean,2,0.0,5.390566825866699,5.390566825866699,0.0,0.0,0.0,0.0,0.0,0.0,0.0,0.0,0.0,0.0,0.0,0.0,0.0,1.0,1.0,0.0,0,0,0,0,0,0,0,0.0,0.0,0.2,0.0
15,1200,0,dpga,roi_shared,0.12538979947566986,-0.0,global_ddp_mean,2,0.0,6.62775182723999,6.62775182723999,0.0,0.0,0.0,0.0,0.0,0.0,0.0,0.0,0.0,0.0,0.0,0.0,0.0,1.0,1.0,0.0,0,0,0,0,0,0,0,0.0,0.0,0.2,0.0
15,1200,0,dpga,roi_cls,0.12538979947566986,-0.0,global_ddp_mean,2,0.0,4.826902866363525,4.826902866363525,0.0,0.0,0.0,0.0,0.0,0.0,0.0,0.0,0.0,0.0,0.0,0.0,0.0,1.0,1.0,0.0,0,0,0,0,0,0,0,0.0,0.0,0.2,0.0
15,1200,0,dpga,roi_reg,0.12538979947566986,-0.0,global_ddp_mean,2,0.0,1.625861406326294,1.625861406326294,0.0,0.0,0.0,0.0,0.0,0.0,0.0,0.0,0.0,0.0,0.0,0.0,0.0,1.0,1.0,0.0,0,0,0,0,0,0,0,0.0,0.0,0.2,0.0
15,1300,0,dpga,backbone,0.18836669623851776,-0.0,global_ddp_mean,2,-0.2326989769935608,6.359752655029297,6.359752655029297,2.364755868911743,2.364755868911743,2.299840211868286,0.6359752416610718,0.12719505022756827,0.6359752416610718,0.371831421311911,0.3616241600291752,0.09999999625113441,0.019999999548250096,0.019999999548250096,1.5473514386678246e-09,1.5473514386678246e-09,1.0000000015473516,0.9998000020867707,1.1459287112421799,1,0,0,0,0,1,1,0.2765302062034607,1.0,0.2,0.20000000298023224
15,1300,0,dpga,fpn,0.18836669623851776,-0.0,global_ddp_mean,2,-0.02031298726797104,1.3497358560562134,1.3497358560562134,0.5372133255004883,0.5372133255004883,0.5371025204658508,0.202460378408432,0.04049207628506535,0.202460378408432,0.39801367289016776,0.3979315790240678,0.15,0.030000000447034835,0.030000000447034835,-1.1867533799318308e-10,-1.1867533799318308e-10,0.9999999998813246,0.9995502977891509,1.7183689561824171,1,0,0,0,0,1,1,0.3769492506980896,1.0,0.2,0.20000000298023224
15,1300,0,dpga,rpn,0.18836669623851776,-0.0,global_ddp_mean,2,0.0,0.949521541595459,0.949521541595459,0.0,0.0,0.0,0.0,0.0,0.0,0.0,0.0,0.0,0.0,0.0,0.0,0.0,1.0,1.0,0.0,0,0,0,0,0,0,0,0.0,0.0,0.2,0.0
15,1300,0,dpga,roi_shared,0.18836669623851776,-0.0,global_ddp_mean,2,-0.0764928087592125,2.98468017578125,2.98468017578125,0.11292289197444916,0.11292289197444916,0.11259204894304276,0.11259204894304276,0.022518410124159005,0.11259204894304276,0.03783416826055449,0.03772332119757904,0.03772332119757904,0.007544664351940065,0.007544664351940065,9.977395801655776e-13,9.977395801655776e-13,1.0000000000009979,0.9999715632521553,0.4320943851546323,1,0,0,0,0,1,0,1.0,1.0,0.2,0.20000000298023224
15,1300,0,dpga,roi_cls,0.18836669623851776,-0.0,global_ddp_mean,2,0.0,2.9793434143066406,2.9793434143066406,0.0,0.0,0.0,0.0,0.0,0.0,0.0,0.0,0.0,0.0,0.0,0.0,0.0,1.0,1.0,0.0,0,0,0,0,0,0,0,0.0,0.0,0.2,0.0
15,1300,0,dpga,roi_reg,0.18836669623851776,-0.0,global_ddp_mean,2,-0.11941875517368317,1.3594104051589966,1.3594104051589966,0.10275285691022873,0.10275285691022873,0.10201755911111832,0.06797052174806595,0.01359410455218113,0.06797052174806595,0.07558633987225569,0.07504544523416852,0.05000000109614883,0.01000000036824138,0.01000000036824138,5.933504128923074e-11,5.933504128923074e-11,1.000000000059335,0.999950105854338,0.5723533528796867,1,0,0,0,0,1,1,0.6662629842758179,1.0,0.2,0.20000000298023224
15,1400,0,dpga,backbone,0.21173863112926483,0.0,global_ddp_mean,2,0.0,7.381845951080322,7.381845951080322,0.0,0.0,0.0,0.0,0.0,0.0,0.0,0.0,0.0,0.0,0.0,0.0,0.0,1.0,1.0,0.0,0,0,0,0,0,0,0,0.0,0.0,0.2,0.0
15,1400,0,dpga,fpn,0.21173863112926483,0.0,global_ddp_mean,2,0.0,1.0243066549301147,1.0243066549301147,0.0,0.0,0.0,0.0,0.0,0.0,0.0,0.0,0.0,0.0,0.0,0.0,0.0,1.0,1.0,0.0,0,0,0,0,0,0,0,0.0,0.0,0.2,0.0
15,1400,0,dpga,rpn,0.21173863112926483,0.0,global_ddp_mean,2,0.0,1.3816947937011719,1.3816947937011719,0.0,0.0,0.0,0.0,0.0,0.0,0.0,0.0,0.0,0.0,0.0,0.0,0.0,1.0,1.0,0.0,0,0,0,0,0,0,0,0.0,0.0,0.2,0.0
15,1400,0,dpga,roi_shared,0.21173863112926483,0.0,global_ddp_mean,2,0.0,1.7436097860336304,1.7436097860336304,0.0,0.0,0.0,0.0,0.0,0.0,0.0,0.0,0.0,0.0,0.0,0.0,0.0,1.0,1.0,0.0,0,0,0,0,0,0,0,0.0,0.0,0.2,0.0
15,1400,0,dpga,roi_cls,0.21173863112926483,0.0,global_ddp_mean,2,0.0,1.4370990991592407,1.4370990991592407,0.0,0.0,0.0,0.0,0.0,0.0,0.0,0.0,0.0,0.0,0.0,0.0,0.0,1.0,1.0,0.0,0,0,0,0,0,0,0,0.0,0.0,0.2,0.0
15,1400,0,dpga,roi_reg,0.21173863112926483,0.0,global_ddp_mean,2,0.0,1.649775505065918,1.649775505065918,0.0,0.0,0.0,0.0,0.0,0.0,0.0,0.0,0.0,0.0,0.0,0.0,0.0,1.0,1.0,0.0,0,0,0,0,0,0,0,0.0,0.0,0.2,0.0
16,0,0,dpga,backbone,0.575563371181488,-0.0,global_ddp_mean,2,0.0,38.28001403808594,38.28001403808594,0.0,0.0,0.0,0.0,0.0,0.0,0.0,0.0,0.0,0.0,0.0,0.0,0.0,1.0,1.0,0.0,0,0,0,0,0,0,0,0.0,0.0,0.2,0.0
16,0,0,dpga,fpn,0.575563371181488,-0.0,global_ddp_mean,2,0.0,6.529637813568115,6.529637813568115,0.0,0.0,0.0,0.0,0.0,0.0,0.0,0.0,0.0,0.0,0.0,0.0,0.0,1.0,1.0,0.0,0,0,0,0,0,0,0,0.0,0.0,0.2,0.0
16,0,0,dpga,rpn,0.575563371181488,-0.0,global_ddp_mean,2,0.0,5.687403202056885,5.687403202056885,0.0,0.0,0.0,0.0,0.0,0.0,0.0,0.0,0.0,0.0,0.0,0.0,0.0,1.0,1.0,0.0,0,0,0,0,0,0,0,0.0,0.0,0.2,0.0
16,0,0,dpga,roi_shared,0.575563371181488,-0.0,global_ddp_mean,2,0.0,12.329336166381836,12.329336166381836,0.0,0.0,0.0,0.0,0.0,0.0,0.0,0.0,0.0,0.0,0.0,0.0,0.0,1.0,1.0,0.0,0,0,0,0,0,0,0,0.0,0.0,0.2,0.0
16,0,0,dpga,roi_cls,0.575563371181488,-0.0,global_ddp_mean,2,0.0,10.12813663482666,10.12813663482666,0.0,0.0,0.0,0.0,0.0,0.0,0.0,0.0,0.0,0.0,0.0,0.0,0.0,1.0,1.0,0.0,0,0,0,0,0,0,0,0.0,0.0,0.2,0.0
16,0,0,dpga,roi_reg,0.575563371181488,-0.0,global_ddp_mean,2,0.0,6.600026607513428,6.600026607513428,0.0,0.0,0.0,0.0,0.0,0.0,0.0,0.0,0.0,0.0,0.0,0.0,0.0,1.0,1.0,0.0,0,0,0,0,0,0,0,0.0,0.0,0.2,0.0
16,100,0,dpga,backbone,0.11795991659164429,-0.0,global_ddp_mean,2,0.0,6.586270332336426,6.586270332336426,0.0,0.0,0.0,0.0,0.0,0.0,0.0,0.0,0.0,0.0,0.0,0.0,0.0,1.0,1.0,0.0,0,0,0,0,0,0,0,0.0,0.0,0.2,0.0
16,100,0,dpga,fpn,0.11795991659164429,-0.0,global_ddp_mean,2,0.0,0.9285199642181396,0.9285199642181396,0.0,0.0,0.0,0.0,0.0,0.0,0.0,0.0,0.0,0.0,0.0,0.0,0.0,1.0,1.0,0.0,0,0,0,0,0,0,0,0.0,0.0,0.2,0.0
16,100,0,dpga,rpn,0.11795991659164429,-0.0,global_ddp_mean,2,0.0,2.0243582725524902,2.0243582725524902,0.0,0.0,0.0,0.0,0.0,0.0,0.0,0.0,0.0,0.0,0.0,0.0,0.0,1.0,1.0,0.0,0,0,0,0,0,0,0,0.0,0.0,0.2,0.0
16,100,0,dpga,roi_shared,0.11795991659164429,-0.0,global_ddp_mean,2,0.0,0.8671953082084656,0.8671953082084656,0.0,0.0,0.0,0.0,0.0,0.0,0.0,0.0,0.0,0.0,0.0,0.0,0.0,1.0,1.0,0.0,0,0,0,0,0,0,0,0.0,0.0,0.2,0.0
16,100,0,dpga,roi_cls,0.11795991659164429,-0.0,global_ddp_mean,2,0.0,0.6640509963035583,0.6640509963035583,0.0,0.0,0.0,0.0,0.0,0.0,0.0,0.0,0.0,0.0,0.0,0.0,0.0,1.0,1.0,0.0,0,0,0,0,0,0,0,0.0,0.0,0.2,0.0
16,100,0,dpga,roi_reg,0.11795991659164429,-0.0,global_ddp_mean,2,0.0,0.13896216452121735,0.13896216452121735,0.0,0.0,0.0,0.0,0.0,0.0,0.0,0.0,0.0,0.0,0.0,0.0,0.0,1.0,1.0,0.0,0,0,0,0,0,0,0,0.0,0.0,0.2,0.0
16,200,0,dpga,backbone,0.2317972332239151,-0.0,global_ddp_mean,2,0.0,8.334207534790039,8.334207534790039,0.0,0.0,0.0,0.0,0.0,0.0,0.0,0.0,0.0,0.0,0.0,0.0,0.0,1.0,1.0,0.0,0,0,0,0,0,0,0,0.0,0.0,0.2,0.0
16,200,0,dpga,fpn,0.2317972332239151,-0.0,global_ddp_mean,2,0.0,2.144582509994507,2.144582509994507,0.0,0.0,0.0,0.0,0.0,0.0,0.0,0.0,0.0,0.0,0.0,0.0,0.0,1.0,1.0,0.0,0,0,0,0,0,0,0,0.0,0.0,0.2,0.0
16,200,0,dpga,rpn,0.2317972332239151,-0.0,global_ddp_mean,2,0.0,2.894279718399048,2.894279718399048,0.0,0.0,0.0,0.0,0.0,0.0,0.0,0.0,0.0,0.0,0.0,0.0,0.0,1.0,1.0,0.0,0,0,0,0,0,0,0,0.0,0.0,0.2,0.0
16,200,0,dpga,roi_shared,0.2317972332239151,-0.0,global_ddp_mean,2,0.0,4.363584518432617,4.363584518432617,0.0,0.0,0.0,0.0,0.0,0.0,0.0,0.0,0.0,0.0,0.0,0.0,0.0,1.0,1.0,0.0,0,0,0,0,0,0,0,0.0,0.0,0.2,0.0
16,200,0,dpga,roi_cls,0.2317972332239151,-0.0,global_ddp_mean,2,0.0,3.618870735168457,3.618870735168457,0.0,0.0,0.0,0.0,0.0,0.0,0.0,0.0,0.0,0.0,0.0,0.0,0.0,1.0,1.0,0.0,0,0,0,0,0,0,0,0.0,0.0,0.2,0.0
16,200,0,dpga,roi_reg,0.2317972332239151,-0.0,global_ddp_mean,2,0.0,3.398829698562622,3.398829698562622,0.0,0.0,0.0,0.0,0.0,0.0,0.0,0.0,0.0,0.0,0.0,0.0,0.0,1.0,1.0,0.0,0,0,0,0,0,0,0,0.0,0.0,0.2,0.0
16,300,0,dpga,backbone,0.00813781563192606,0.0,global_ddp_mean,2,0.0,4.330345153808594,4.330345153808594,0.0,0.0,0.0,0.0,0.0,0.0,0.0,0.0,0.0,0.0,0.0,0.0,0.0,1.0,1.0,0.0,0,0,0,0,0,0,0,0.0,0.0,0.2,0.0
16,300,0,dpga,fpn,0.00813781563192606,0.0,global_ddp_mean,2,0.0,0.45645105838775635,0.45645105838775635,0.0,0.0,0.0,0.0,0.0,0.0,0.0,0.0,0.0,0.0,0.0,0.0,0.0,1.0,1.0,0.0,0,0,0,0,0,0,0,0.0,0.0,0.2,0.0
16,300,0,dpga,rpn,0.00813781563192606,0.0,global_ddp_mean,2,0.0,0.8500828146934509,0.8500828146934509,0.0,0.0,0.0,0.0,0.0,0.0,0.0,0.0,0.0,0.0,0.0,0.0,0.0,1.0,1.0,0.0,0,0,0,0,0,0,0,0.0,0.0,0.2,0.0
16,300,0,dpga,roi_shared,0.00813781563192606,0.0,global_ddp_mean,2,0.0,0.0,0.0,0.0,0.0,0.0,0.0,0.0,0.0,0.0,0.0,0.0,0.0,0.0,0.0,0.0,0.0,0.0,90.0,0,0,0,0,0,0,0,0.0,0.0,0.2,0.0
16,300,0,dpga,roi_cls,0.00813781563192606,0.0,global_ddp_mean,2,0.0,0.0,0.0,0.0,0.0,0.0,0.0,0.0,0.0,0.0,0.0,0.0,0.0,0.0,0.0,0.0,0.0,0.0,90.0,0,0,0,0,0,0,0,0.0,0.0,0.2,0.0
16,300,0,dpga,roi_reg,0.00813781563192606,0.0,global_ddp_mean,2,0.0,0.0,0.0,0.0,0.0,0.0,0.0,0.0,0.0,0.0,0.0,0.0,0.0,0.0,0.0,0.0,0.0,0.0,90.0,0,0,0,0,0,0,0,0.0,0.0,0.2,0.0
16,400,0,dpga,backbone,0.0042165592312812805,0.0,global_ddp_mean,2,0.0,2.6776318550109863,2.6776318550109863,0.0,0.0,0.0,0.0,0.0,0.0,0.0,0.0,0.0,0.0,0.0,0.0,0.0,1.0,1.0,0.0,0,0,0,0,0,0,0,0.0,0.0,0.2,0.0
16,400,0,dpga,fpn,0.0042165592312812805,0.0,global_ddp_mean,2,0.0,0.3865533769130707,0.3865533769130707,0.0,0.0,0.0,0.0,0.0,0.0,0.0,0.0,0.0,0.0,0.0,0.0,0.0,1.0,1.0,0.0,0,0,0,0,0,0,0,0.0,0.0,0.2,0.0
16,400,0,dpga,rpn,0.0042165592312812805,0.0,global_ddp_mean,2,0.0,0.3803550601005554,0.3803550601005554,0.0,0.0,0.0,0.0,0.0,0.0,0.0,0.0,0.0,0.0,0.0,0.0,0.0,1.0,1.0,0.0,0,0,0,0,0,0,0,0.0,0.0,0.2,0.0
16,400,0,dpga,roi_shared,0.0042165592312812805,0.0,global_ddp_mean,2,0.0,0.611121654510498,0.611121654510498,0.0,0.0,0.0,0.0,0.0,0.0,0.0,0.0,0.0,0.0,0.0,0.0,0.0,1.0,1.0,0.0,0,0,0,0,0,0,0,0.0,0.0,0.2,0.0
16,400,0,dpga,roi_cls,0.0042165592312812805,0.0,global_ddp_mean,2,0.0,0.5649179816246033,0.5649179816246033,0.0,0.0,0.0,0.0,0.0,0.0,0.0,0.0,0.0,0.0,0.0,0.0,0.0,1.0,1.0,0.0,0,0,0,0,0,0,0,0.0,0.0,0.2,0.0
16,400,0,dpga,roi_reg,0.0042165592312812805,0.0,global_ddp_mean,2,0.0,0.0,0.0,0.0,0.0,0.0,0.0,0.0,0.0,0.0,0.0,0.0,0.0,0.0,0.0,0.0,0.0,0.0,90.0,0,0,0,0,0,0,0,0.0,0.0,0.2,0.0
16,500,0,dpga,backbone,0.3134228587150574,0.0,global_ddp_mean,2,0.0,21.61385726928711,21.61385726928711,0.0,0.0,0.0,0.0,0.0,0.0,0.0,0.0,0.0,0.0,0.0,0.0,0.0,1.0,1.0,0.0,0,0,0,0,0,0,0,0.0,0.0,0.2,0.0
16,500,0,dpga,fpn,0.3134228587150574,0.0,global_ddp_mean,2,0.0,2.826967239379883,2.826967239379883,0.0,0.0,0.0,0.0,0.0,0.0,0.0,0.0,0.0,0.0,0.0,0.0,0.0,1.0,1.0,0.0,0,0,0,0,0,0,0,0.0,0.0,0.2,0.0
16,500,0,dpga,rpn,0.3134228587150574,0.0,global_ddp_mean,2,0.0,5.197143077850342,5.197143077850342,0.0,0.0,0.0,0.0,0.0,0.0,0.0,0.0,0.0,0.0,0.0,0.0,0.0,1.0,1.0,0.0,0,0,0,0,0,0,0,0.0,0.0,0.2,0.0
16,500,0,dpga,roi_shared,0.3134228587150574,0.0,global_ddp_mean,2,0.0,5.341322422027588,5.341322422027588,0.0,0.0,0.0,0.0,0.0,0.0,0.0,0.0,0.0,0.0,0.0,0.0,0.0,1.0,1.0,0.0,0,0,0,0,0,0,0,0.0,0.0,0.2,0.0
16,500,0,dpga,roi_cls,0.3134228587150574,0.0,global_ddp_mean,2,0.0,4.052753448486328,4.052753448486328,0.0,0.0,0.0,0.0,0.0,0.0,0.0,0.0,0.0,0.0,0.0,0.0,0.0,1.0,1.0,0.0,0,0,0,0,0,0,0,0.0,0.0,0.2,0.0
16,500,0,dpga,roi_reg,0.3134228587150574,0.0,global_ddp_mean,2,0.0,3.013493061065674,3.013493061065674,0.0,0.0,0.0,0.0,0.0,0.0,0.0,0.0,0.0,0.0,0.0,0.0,0.0,1.0,1.0,0.0,0,0,0,0,0,0,0,0.0,0.0,0.2,0.0
16,600,0,dpga,backbone,0.10766734927892685,0.0,global_ddp_mean,2,0.0,7.174861431121826,7.174861431121826,0.0,0.0,0.0,0.0,0.0,0.0,0.0,0.0,0.0,0.0,0.0,0.0,0.0,1.0,1.0,0.0,0,0,0,0,0,0,0,0.0,0.0,0.2,0.0
16,600,0,dpga,fpn,0.10766734927892685,0.0,global_ddp_mean,2,0.0,1.0253082513809204,1.0253082513809204,0.0,0.0,0.0,0.0,0.0,0.0,0.0,0.0,0.0,0.0,0.0,0.0,0.0,1.0,1.0,0.0,0,0,0,0,0,0,0,0.0,0.0,0.2,0.0
16,600,0,dpga,rpn,0.10766734927892685,0.0,global_ddp_mean,2,0.0,1.6831858158111572,1.6831858158111572,0.0,0.0,0.0,0.0,0.0,0.0,0.0,0.0,0.0,0.0,0.0,0.0,0.0,1.0,1.0,0.0,0,0,0,0,0,0,0,0.0,0.0,0.2,0.0
16,600,0,dpga,roi_shared,0.10766734927892685,0.0,global_ddp_mean,2,0.0,2.2789573669433594,2.2789573669433594,0.0,0.0,0.0,0.0,0.0,0.0,0.0,0.0,0.0,0.0,0.0,0.0,0.0,1.0,1.0,0.0,0,0,0,0,0,0,0,0.0,0.0,0.2,0.0
16,600,0,dpga,roi_cls,0.10766734927892685,0.0,global_ddp_mean,2,0.0,1.474015235900879,1.474015235900879,0.0,0.0,0.0,0.0,0.0,0.0,0.0,0.0,0.0,0.0,0.0,0.0,0.0,1.0,1.0,0.0,0,0,0,0,0,0,0,0.0,0.0,0.2,0.0
16,600,0,dpga,roi_reg,0.10766734927892685,0.0,global_ddp_mean,2,0.0,0.8059998750686646,0.8059998750686646,0.0,0.0,0.0,0.0,0.0,0.0,0.0,0.0,0.0,0.0,0.0,0.0,0.0,1.0,1.0,0.0,0,0,0,0,0,0,0,0.0,0.0,0.2,0.0
16,700,0,dpga,backbone,0.46601349115371704,-0.0,global_ddp_mean,2,0.0,13.083174705505371,13.083174705505371,0.0,0.0,0.0,0.0,0.0,0.0,0.0,0.0,0.0,0.0,0.0,0.0,0.0,1.0,1.0,0.0,0,0,0,0,0,0,0,0.0,0.0,0.2,0.0
16,700,0,dpga,fpn,0.46601349115371704,-0.0,global_ddp_mean,2,0.0,2.6194770336151123,2.6194770336151123,0.0,0.0,0.0,0.0,0.0,0.0,0.0,0.0,0.0,0.0,0.0,0.0,0.0,1.0,1.0,0.0,0,0,0,0,0,0,0,0.0,0.0,0.2,0.0
16,700,0,dpga,rpn,0.46601349115371704,-0.0,global_ddp_mean,2,0.0,6.815047740936279,6.815047740936279,0.0,0.0,0.0,0.0,0.0,0.0,0.0,0.0,0.0,0.0,0.0,0.0,0.0,1.0,1.0,0.0,0,0,0,0,0,0,0,0.0,0.0,0.2,0.0
16,700,0,dpga,roi_shared,0.46601349115371704,-0.0,global_ddp_mean,2,0.0,2.1589081287384033,2.1589081287384033,0.0,0.0,0.0,0.0,0.0,0.0,0.0,0.0,0.0,0.0,0.0,0.0,0.0,1.0,1.0,0.0,0,0,0,0,0,0,0,0.0,0.0,0.2,0.0
16,700,0,dpga,roi_cls,0.46601349115371704,-0.0,global_ddp_mean,2,0.0,1.308782696723938,1.308782696723938,0.0,0.0,0.0,0.0,0.0,0.0,0.0,0.0,0.0,0.0,0.0,0.0,0.0,1.0,1.0,0.0,0,0,0,0,0,0,0,0.0,0.0,0.2,0.0
16,700,0,dpga,roi_reg,0.46601349115371704,-0.0,global_ddp_mean,2,0.0,1.668710470199585,1.668710470199585,0.0,0.0,0.0,0.0,0.0,0.0,0.0,0.0,0.0,0.0,0.0,0.0,0.0,1.0,1.0,0.0,0,0,0,0,0,0,0,0.0,0.0,0.2,0.0
16,800,0,dpga,backbone,0.31496691703796387,-0.0,global_ddp_mean,2,0.0,11.633306503295898,11.633306503295898,0.0,0.0,0.0,0.0,0.0,0.0,0.0,0.0,0.0,0.0,0.0,0.0,0.0,1.0,1.0,0.0,0,0,0,0,0,0,0,0.0,0.0,0.2,0.0
16,800,0,dpga,fpn,0.31496691703796387,-0.0,global_ddp_mean,2,0.0,2.648510217666626,2.648510217666626,0.0,0.0,0.0,0.0,0.0,0.0,0.0,0.0,0.0,0.0,0.0,0.0,0.0,1.0,1.0,0.0,0,0,0,0,0,0,0,0.0,0.0,0.2,0.0
16,800,0,dpga,rpn,0.31496691703796387,-0.0,global_ddp_mean,2,0.0,3.155790090560913,3.155790090560913,0.0,0.0,0.0,0.0,0.0,0.0,0.0,0.0,0.0,0.0,0.0,0.0,0.0,1.0,1.0,0.0,0,0,0,0,0,0,0,0.0,0.0,0.2,0.0
16,800,0,dpga,roi_shared,0.31496691703796387,-0.0,global_ddp_mean,2,0.0,5.456379413604736,5.456379413604736,0.0,0.0,0.0,0.0,0.0,0.0,0.0,0.0,0.0,0.0,0.0,0.0,0.0,1.0,1.0,0.0,0,0,0,0,0,0,0,0.0,0.0,0.2,0.0
16,800,0,dpga,roi_cls,0.31496691703796387,-0.0,global_ddp_mean,2,0.0,3.684990167617798,3.684990167617798,0.0,0.0,0.0,0.0,0.0,0.0,0.0,0.0,0.0,0.0,0.0,0.0,0.0,1.0,1.0,0.0,0,0,0,0,0,0,0,0.0,0.0,0.2,0.0
16,800,0,dpga,roi_reg,0.31496691703796387,-0.0,global_ddp_mean,2,0.0,1.916333794593811,1.916333794593811,0.0,0.0,0.0,0.0,0.0,0.0,0.0,0.0,0.0,0.0,0.0,0.0,0.0,1.0,1.0,0.0,0,0,0,0,0,0,0,0.0,0.0,0.2,0.0
16,900,0,dpga,backbone,0.09372643381357193,-0.0,global_ddp_mean,2,0.0,12.591221809387207,12.591221809387207,0.0,0.0,0.0,0.0,0.0,0.0,0.0,0.0,0.0,0.0,0.0,0.0,0.0,1.0,1.0,0.0,0,0,0,0,0,0,0,0.0,0.0,0.2,0.0
16,900,0,dpga,fpn,0.09372643381357193,-0.0,global_ddp_mean,2,0.0,2.2387025356292725,2.2387025356292725,0.0,0.0,0.0,0.0,0.0,0.0,0.0,0.0,0.0,0.0,0.0,0.0,0.0,1.0,1.0,0.0,0,0,0,0,0,0,0,0.0,0.0,0.2,0.0
16,900,0,dpga,rpn,0.09372643381357193,-0.0,global_ddp_mean,2,0.0,1.1086481809616089,1.1086481809616089,0.0,0.0,0.0,0.0,0.0,0.0,0.0,0.0,0.0,0.0,0.0,0.0,0.0,1.0,1.0,0.0,0,0,0,0,0,0,0,0.0,0.0,0.2,0.0
16,900,0,dpga,roi_shared,0.09372643381357193,-0.0,global_ddp_mean,2,0.0,5.03089714050293,5.03089714050293,0.0,0.0,0.0,0.0,0.0,0.0,0.0,0.0,0.0,0.0,0.0,0.0,0.0,1.0,1.0,0.0,0,0,0,0,0,0,0,0.0,0.0,0.2,0.0
16,900,0,dpga,roi_cls,0.09372643381357193,-0.0,global_ddp_mean,2,0.0,4.970358848571777,4.970358848571777,0.0,0.0,0.0,0.0,0.0,0.0,0.0,0.0,0.0,0.0,0.0,0.0,0.0,1.0,1.0,0.0,0,0,0,0,0,0,0,0.0,0.0,0.2,0.0
16,900,0,dpga,roi_reg,0.09372643381357193,-0.0,global_ddp_mean,2,0.0,0.4517167806625366,0.4517167806625366,0.0,0.0,0.0,0.0,0.0,0.0,0.0,0.0,0.0,0.0,0.0,0.0,0.0,1.0,1.0,0.0,0,0,0,0,0,0,0,0.0,0.0,0.2,0.0
16,1000,0,dpga,backbone,0.7456742525100708,-0.0,global_ddp_mean,2,0.0,15.27718448638916,15.27718448638916,0.0,0.0,0.0,0.0,0.0,0.0,0.0,0.0,0.0,0.0,0.0,0.0,0.0,1.0,1.0,0.0,0,0,0,0,0,0,0,0.0,0.0,0.2,0.0
16,1000,0,dpga,fpn,0.7456742525100708,-0.0,global_ddp_mean,2,0.0,3.1807780265808105,3.1807780265808105,0.0,0.0,0.0,0.0,0.0,0.0,0.0,0.0,0.0,0.0,0.0,0.0,0.0,1.0,1.0,0.0,0,0,0,0,0,0,0,0.0,0.0,0.2,0.0
16,1000,0,dpga,rpn,0.7456742525100708,-0.0,global_ddp_mean,2,0.0,2.5894124507904053,2.5894124507904053,0.0,0.0,0.0,0.0,0.0,0.0,0.0,0.0,0.0,0.0,0.0,0.0,0.0,1.0,1.0,0.0,0,0,0,0,0,0,0,0.0,0.0,0.2,0.0
16,1000,0,dpga,roi_shared,0.7456742525100708,-0.0,global_ddp_mean,2,0.0,6.374781131744385,6.374781131744385,0.0,0.0,0.0,0.0,0.0,0.0,0.0,0.0,0.0,0.0,0.0,0.0,0.0,1.0,1.0,0.0,0,0,0,0,0,0,0,0.0,0.0,0.2,0.0
16,1000,0,dpga,roi_cls,0.7456742525100708,-0.0,global_ddp_mean,2,0.0,4.255056381225586,4.255056381225586,0.0,0.0,0.0,0.0,0.0,0.0,0.0,0.0,0.0,0.0,0.0,0.0,0.0,1.0,1.0,0.0,0,0,0,0,0,0,0,0.0,0.0,0.2,0.0
16,1000,0,dpga,roi_reg,0.7456742525100708,-0.0,global_ddp_mean,2,0.0,1.825493335723877,1.825493335723877,0.0,0.0,0.0,0.0,0.0,0.0,0.0,0.0,0.0,0.0,0.0,0.0,0.0,1.0,1.0,0.0,0,0,0,0,0,0,0,0.0,0.0,0.2,0.0
16,1100,0,dpga,backbone,0.28525322675704956,0.0,global_ddp_mean,2,0.0,14.893192291259766,14.893192291259766,0.0,0.0,0.0,0.0,0.0,0.0,0.0,0.0,0.0,0.0,0.0,0.0,0.0,1.0,1.0,0.0,0,0,0,0,0,0,0,0.0,0.0,0.2,0.0
16,1100,0,dpga,fpn,0.28525322675704956,0.0,global_ddp_mean,2,0.0,2.074190378189087,2.074190378189087,0.0,0.0,0.0,0.0,0.0,0.0,0.0,0.0,0.0,0.0,0.0,0.0,0.0,1.0,1.0,0.0,0,0,0,0,0,0,0,0.0,0.0,0.2,0.0
16,1100,0,dpga,rpn,0.28525322675704956,0.0,global_ddp_mean,2,0.0,2.559642791748047,2.559642791748047,0.0,0.0,0.0,0.0,0.0,0.0,0.0,0.0,0.0,0.0,0.0,0.0,0.0,1.0,1.0,0.0,0,0,0,0,0,0,0,0.0,0.0,0.2,0.0
16,1100,0,dpga,roi_shared,0.28525322675704956,0.0,global_ddp_mean,2,0.0,5.305696964263916,5.305696964263916,0.0,0.0,0.0,0.0,0.0,0.0,0.0,0.0,0.0,0.0,0.0,0.0,0.0,1.0,1.0,0.0,0,0,0,0,0,0,0,0.0,0.0,0.2,0.0
16,1100,0,dpga,roi_cls,0.28525322675704956,0.0,global_ddp_mean,2,0.0,4.60703706741333,4.60703706741333,0.0,0.0,0.0,0.0,0.0,0.0,0.0,0.0,0.0,0.0,0.0,0.0,0.0,1.0,1.0,0.0,0,0,0,0,0,0,0,0.0,0.0,0.2,0.0
16,1100,0,dpga,roi_reg,0.28525322675704956,0.0,global_ddp_mean,2,0.0,1.6094210147857666,1.6094210147857666,0.0,0.0,0.0,0.0,0.0,0.0,0.0,0.0,0.0,0.0,0.0,0.0,0.0,1.0,1.0,0.0,0,0,0,0,0,0,0,0.0,0.0,0.2,0.0
16,1200,0,dpga,backbone,0.23934215307235718,-0.0,global_ddp_mean,2,0.0,4.963682174682617,4.963682174682617,0.0,0.0,0.0,0.0,0.0,0.0,0.0,0.0,0.0,0.0,0.0,0.0,0.0,1.0,1.0,0.0,0,0,0,0,0,0,0,0.0,0.0,0.2,0.0
16,1200,0,dpga,fpn,0.23934215307235718,-0.0,global_ddp_mean,2,0.0,0.9977752566337585,0.9977752566337585,0.0,0.0,0.0,0.0,0.0,0.0,0.0,0.0,0.0,0.0,0.0,0.0,0.0,1.0,1.0,0.0,0,0,0,0,0,0,0,0.0,0.0,0.2,0.0
16,1200,0,dpga,rpn,0.23934215307235718,-0.0,global_ddp_mean,2,0.0,1.0604358911514282,1.0604358911514282,0.0,0.0,0.0,0.0,0.0,0.0,0.0,0.0,0.0,0.0,0.0,0.0,0.0,1.0,1.0,0.0,0,0,0,0,0,0,0,0.0,0.0,0.2,0.0
16,1200,0,dpga,roi_shared,0.23934215307235718,-0.0,global_ddp_mean,2,0.0,2.0542242527008057,2.0542242527008057,0.0,0.0,0.0,0.0,0.0,0.0,0.0,0.0,0.0,0.0,0.0,0.0,0.0,1.0,1.0,0.0,0,0,0,0,0,0,0,0.0,0.0,0.2,0.0
16,1200,0,dpga,roi_cls,0.23934215307235718,-0.0,global_ddp_mean,2,0.0,1.3149523735046387,1.3149523735046387,0.0,0.0,0.0,0.0,0.0,0.0,0.0,0.0,0.0,0.0,0.0,0.0,0.0,1.0,1.0,0.0,0,0,0,0,0,0,0,0.0,0.0,0.2,0.0
16,1200,0,dpga,roi_reg,0.23934215307235718,-0.0,global_ddp_mean,2,0.0,1.6388522386550903,1.6388522386550903,0.0,0.0,0.0,0.0,0.0,0.0,0.0,0.0,0.0,0.0,0.0,0.0,0.0,1.0,1.0,0.0,0,0,0,0,0,0,0,0.0,0.0,0.2,0.0
16,1300,0,dpga,backbone,0.048181384801864624,-0.0,global_ddp_mean,2,0.0,16.429845809936523,16.429845809936523,0.0,0.0,0.0,0.0,0.0,0.0,0.0,0.0,0.0,0.0,0.0,0.0,0.0,1.0,1.0,0.0,0,0,0,0,0,0,0,0.0,0.0,0.2,0.0
16,1300,0,dpga,fpn,0.048181384801864624,-0.0,global_ddp_mean,2,0.0,1.53748619556427,1.53748619556427,0.0,0.0,0.0,0.0,0.0,0.0,0.0,0.0,0.0,0.0,0.0,0.0,0.0,1.0,1.0,0.0,0,0,0,0,0,0,0,0.0,0.0,0.2,0.0
16,1300,0,dpga,rpn,0.048181384801864624,-0.0,global_ddp_mean,2,0.0,3.1801371574401855,3.1801371574401855,0.0,0.0,0.0,0.0,0.0,0.0,0.0,0.0,0.0,0.0,0.0,0.0,0.0,1.0,1.0,0.0,0,0,0,0,0,0,0,0.0,0.0,0.2,0.0
16,1300,0,dpga,roi_shared,0.048181384801864624,-0.0,global_ddp_mean,2,0.0,2.3119544982910156,2.3119544982910156,0.0,0.0,0.0,0.0,0.0,0.0,0.0,0.0,0.0,0.0,0.0,0.0,0.0,1.0,1.0,0.0,0,0,0,0,0,0,0,0.0,0.0,0.2,0.0
16,1300,0,dpga,roi_cls,0.048181384801864624,-0.0,global_ddp_mean,2,0.0,1.1415669918060303,1.1415669918060303,0.0,0.0,0.0,0.0,0.0,0.0,0.0,0.0,0.0,0.0,0.0,0.0,0.0,1.0,1.0,0.0,0,0,0,0,0,0,0,0.0,0.0,0.2,0.0
16,1300,0,dpga,roi_reg,0.048181384801864624,-0.0,global_ddp_mean,2,0.0,2.376208543777466,2.376208543777466,0.0,0.0,0.0,0.0,0.0,0.0,0.0,0.0,0.0,0.0,0.0,0.0,0.0,1.0,1.0,0.0,0,0,0,0,0,0,0,0.0,0.0,0.2,0.0
16,1400,0,dpga,backbone,0.038597382605075836,-0.0,global_ddp_mean,2,0.0,7.133123397827148,7.133123397827148,0.0,0.0,0.0,0.0,0.0,0.0,0.0,0.0,0.0,0.0,0.0,0.0,0.0,1.0,1.0,0.0,0,0,0,0,0,0,0,0.0,0.0,0.2,0.0
16,1400,0,dpga,fpn,0.038597382605075836,-0.0,global_ddp_mean,2,0.0,1.3992571830749512,1.3992571830749512,0.0,0.0,0.0,0.0,0.0,0.0,0.0,0.0,0.0,0.0,0.0,0.0,0.0,1.0,1.0,0.0,0,0,0,0,0,0,0,0.0,0.0,0.2,0.0
16,1400,0,dpga,rpn,0.038597382605075836,-0.0,global_ddp_mean,2,0.0,1.2297022342681885,1.2297022342681885,0.0,0.0,0.0,0.0,0.0,0.0,0.0,0.0,0.0,0.0,0.0,0.0,0.0,1.0,1.0,0.0,0,0,0,0,0,0,0,0.0,0.0,0.2,0.0
16,1400,0,dpga,roi_shared,0.038597382605075836,-0.0,global_ddp_mean,2,0.0,2.740924596786499,2.740924596786499,0.0,0.0,0.0,0.0,0.0,0.0,0.0,0.0,0.0,0.0,0.0,0.0,0.0,1.0,1.0,0.0,0,0,0,0,0,0,0,0.0,0.0,0.2,0.0
16,1400,0,dpga,roi_cls,0.038597382605075836,-0.0,global_ddp_mean,2,0.0,1.707061767578125,1.707061767578125,0.0,0.0,0.0,0.0,0.0,0.0,0.0,0.0,0.0,0.0,0.0,0.0,0.0,1.0,1.0,0.0,0,0,0,0,0,0,0,0.0,0.0,0.2,0.0
16,1400,0,dpga,roi_reg,0.038597382605075836,-0.0,global_ddp_mean,2,0.0,0.7682480812072754,0.7682480812072754,0.0,0.0,0.0,0.0,0.0,0.0,0.0,0.0,0.0,0.0,0.0,0.0,0.0,1.0,1.0,0.0,0,0,0,0,0,0,0,0.0,0.0,0.2,0.0
17,0,0,dpga,backbone,0.7140153646469116,0.11061503738164902,global_ddp_mean,2,0.3667486310005188,22.41355323791504,22.41355323791504,5.328965663909912,5.328965663909912,5.328965663909912,2.2413551807403564,0.44827104282783026,2.2413551807403564,0.23775639709349472,0.23775639709349472,0.09999999361764973,0.019999999021553153,0.019999999021553153,0.007334975241398427,0.007334975241398427,1.0073349752413985,0.9998294204694478,1.058296260012579,0,0,0,0,0,0,1,0.4205985963344574,1.0,0.2,0.20000000298023224
17,0,0,dpga,fpn,0.7140153646469116,0.11061503738164902,global_ddp_mean,2,0.04159611463546753,2.0637049674987793,2.0637049674987793,1.326665997505188,1.326665997505188,1.326665997505188,0.3095557391643524,0.06191114875541848,0.3095557391643524,0.6428564249244958,0.6428564249244958,0.1499999971117652,0.02999999986938787,0.02999999986938787,0.0012478837689071942,0.0012478837689071942,1.0012478837689072,0.9995522098306103,1.7147117156343576,0,0,0,0,0,0,1,0.23333361744880676,1.0,0.2,0.20000000298023224
17,0,0,dpga,rpn,0.7140153646469116,0.11061503738164902,global_ddp_mean,2,0.0,3.159433603286743,3.159433603286743,0.0,0.0,0.0,0.0,0.0,0.0,0.0,0.0,0.0,0.0,0.0,0.0,0.0,1.0,1.0,0.0,0,0,0,0,0,0,0,0.0,0.0,0.2,0.0
17,0,0,dpga,roi_shared,0.7140153646469116,0.11061503738164902,global_ddp_mean,2,0.11772258579730988,3.6202316284179688,3.6202316284179688,0.9255062341690063,0.9255062341690063,0.9255062341690063,0.905057966709137,0.18101159603911032,0.905057966709137,0.25564834772007394,0.25564834772007394,0.250000016464318,0.05000000403792171,0.05000000403792171,0.005886129765220079,0.005886129765220079,1.0058861297652202,0.9987839041799645,2.825957003847124,0,0,0,0,0,0,1,0.977905809879303,1.0,0.2,0.20000000298023224
17,0,0,dpga,roi_cls,0.7140153646469116,0.11061503738164902,global_ddp_mean,2,0.0,1.5959771871566772,1.5959771871566772,0.0,0.0,0.0,0.0,0.0,0.0,0.0,0.0,0.0,0.0,0.0,0.0,0.0,1.0,1.0,0.0,0,0,0,0,0,0,0,0.0,0.0,0.2,0.0
17,0,0,dpga,roi_reg,0.7140153646469116,0.11061503738164902,global_ddp_mean,2,0.012554430402815342,2.5246291160583496,2.5246291160583496,2.5473079681396484,2.5473079681396484,2.5473079681396484,0.12623144686222076,0.02524628974864318,0.12623144686222076,1.008983043068404,1.008983043068404,0.049999996458609836,0.009999999440733568,0.009999999440733568,0.00012554428769365672,0.00012554428769365672,1.0001255442876935,0.9999500889673545,0.5724502037646031,0,1,0,0,0,0,1,0.04955484718084335,1.0,0.2,0.20000000298023224
17,100,0,dpga,backbone,1.0372583866119385,-0.0,global_ddp_mean,2,0.0,46.63420104980469,46.63420104980469,0.0,0.0,0.0,0.0,0.0,0.0,0.0,0.0,0.0,0.0,0.0,0.0,0.0,1.0,1.0,0.0,0,0,0,0,0,0,0,0.0,0.0,0.2,0.0
17,100,0,dpga,fpn,1.0372583866119385,-0.0,global_ddp_mean,2,0.0,8.052547454833984,8.052547454833984,0.0,0.0,0.0,0.0,0.0,0.0,0.0,0.0,0.0,0.0,0.0,0.0,0.0,1.0,1.0,0.0,0,0,0,0,0,0,0,0.0,0.0,0.2,0.0
17,100,0,dpga,rpn,1.0372583866119385,-0.0,global_ddp_mean,2,0.0,4.98508882522583,4.98508882522583,0.0,0.0,0.0,0.0,0.0,0.0,0.0,0.0,0.0,0.0,0.0,0.0,0.0,1.0,1.0,0.0,0,0,0,0,0,0,0,0.0,0.0,0.2,0.0
17,100,0,dpga,roi_shared,1.0372583866119385,-0.0,global_ddp_mean,2,0.0,16.936901092529297,16.936901092529297,0.0,0.0,0.0,0.0,0.0,0.0,0.0,0.0,0.0,0.0,0.0,0.0,0.0,1.0,1.0,0.0,0,0,0,0,0,0,0,0.0,0.0,0.2,0.0
17,100,0,dpga,roi_cls,1.0372583866119385,-0.0,global_ddp_mean,2,0.0,12.499737739562988,12.499737739562988,0.0,0.0,0.0,0.0,0.0,0.0,0.0,0.0,0.0,0.0,0.0,0.0,0.0,1.0,1.0,0.0,0,0,0,0,0,0,0,0.0,0.0,0.2,0.0
17,100,0,dpga,roi_reg,1.0372583866119385,-0.0,global_ddp_mean,2,0.0,3.986551284790039,3.986551284790039,0.0,0.0,0.0,0.0,0.0,0.0,0.0,0.0,0.0,0.0,0.0,0.0,0.0,1.0,1.0,0.0,0,0,0,0,0,0,0,0.0,0.0,0.2,0.0
17,200,0,dpga,backbone,0.20190206170082092,0.0,global_ddp_mean,2,0.0,26.865140914916992,26.865140914916992,0.0,0.0,0.0,0.0,0.0,0.0,0.0,0.0,0.0,0.0,0.0,0.0,0.0,1.0,1.0,0.0,0,0,0,0,0,0,0,0.0,0.0,0.2,0.0
17,200,0,dpga,fpn,0.20190206170082092,0.0,global_ddp_mean,2,0.0,2.4811184406280518,2.4811184406280518,0.0,0.0,0.0,0.0,0.0,0.0,0.0,0.0,0.0,0.0,0.0,0.0,0.0,1.0,1.0,0.0,0,0,0,0,0,0,0,0.0,0.0,0.2,0.0
17,200,0,dpga,rpn,0.20190206170082092,0.0,global_ddp_mean,2,0.0,4.450500965118408,4.450500965118408,0.0,0.0,0.0,0.0,0.0,0.0,0.0,0.0,0.0,0.0,0.0,0.0,0.0,1.0,1.0,0.0,0,0,0,0,0,0,0,0.0,0.0,0.2,0.0
17,200,0,dpga,roi_shared,0.20190206170082092,0.0,global_ddp_mean,2,0.0,5.674160957336426,5.674160957336426,0.0,0.0,0.0,0.0,0.0,0.0,0.0,0.0,0.0,0.0,0.0,0.0,0.0,1.0,1.0,0.0,0,0,0,0,0,0,0,0.0,0.0,0.2,0.0
17,200,0,dpga,roi_cls,0.20190206170082092,0.0,global_ddp_mean,2,0.0,5.135119438171387,5.135119438171387,0.0,0.0,0.0,0.0,0.0,0.0,0.0,0.0,0.0,0.0,0.0,0.0,0.0,1.0,1.0,0.0,0,0,0,0,0,0,0,0.0,0.0,0.2,0.0
17,200,0,dpga,roi_reg,0.20190206170082092,0.0,global_ddp_mean,2,0.0,3.3918545246124268,3.3918545246124268,0.0,0.0,0.0,0.0,0.0,0.0,0.0,0.0,0.0,0.0,0.0,0.0,0.0,1.0,1.0,0.0,0,0,0,0,0,0,0,0.0,0.0,0.2,0.0
17,300,0,dpga,backbone,0.23333904147148132,0.0,global_ddp_mean,2,0.0,9.004651069641113,9.004651069641113,0.0,0.0,0.0,0.0,0.0,0.0,0.0,0.0,0.0,0.0,0.0,0.0,0.0,1.0,1.0,0.0,0,0,0,0,0,0,0,0.0,0.0,0.2,0.0
17,300,0,dpga,fpn,0.23333904147148132,0.0,global_ddp_mean,2,0.0,1.3505715131759644,1.3505715131759644,0.0,0.0,0.0,0.0,0.0,0.0,0.0,0.0,0.0,0.0,0.0,0.0,0.0,1.0,1.0,0.0,0,0,0,0,0,0,0,0.0,0.0,0.2,0.0
17,300,0,dpga,rpn,0.23333904147148132,0.0,global_ddp_mean,2,0.0,2.151000499725342,2.151000499725342,0.0,0.0,0.0,0.0,0.0,0.0,0.0,0.0,0.0,0.0,0.0,0.0,0.0,1.0,1.0,0.0,0,0,0,0,0,0,0,0.0,0.0,0.2,0.0
17,300,0,dpga,roi_shared,0.23333904147148132,0.0,global_ddp_mean,2,0.0,2.7840259075164795,2.7840259075164795,0.0,0.0,0.0,0.0,0.0,0.0,0.0,0.0,0.0,0.0,0.0,0.0,0.0,1.0,1.0,0.0,0,0,0,0,0,0,0,0.0,0.0,0.2,0.0
17,300,0,dpga,roi_cls,0.23333904147148132,0.0,global_ddp_mean,2,0.0,1.855031967163086,1.855031967163086,0.0,0.0,0.0,0.0,0.0,0.0,0.0,0.0,0.0,0.0,0.0,0.0,0.0,1.0,1.0,0.0,0,0,0,0,0,0,0,0.0,0.0,0.2,0.0
17,300,0,dpga,roi_reg,0.23333904147148132,0.0,global_ddp_mean,2,0.0,2.1640639305114746,2.1640639305114746,0.0,0.0,0.0,0.0,0.0,0.0,0.0,0.0,0.0,0.0,0.0,0.0,0.0,1.0,1.0,0.0,0,0,0,0,0,0,0,0.0,0.0,0.2,0.0
17,400,0,dpga,backbone,0.3550456762313843,-0.0,global_ddp_mean,2,0.0,23.071889877319336,23.071889877319336,0.0,0.0,0.0,0.0,0.0,0.0,0.0,0.0,0.0,0.0,0.0,0.0,0.0,1.0,1.0,0.0,0,0,0,0,0,0,0,0.0,0.0,0.2,0.0
17,400,0,dpga,fpn,0.3550456762313843,-0.0,global_ddp_mean,2,0.0,4.1660075187683105,4.1660075187683105,0.0,0.0,0.0,0.0,0.0,0.0,0.0,0.0,0.0,0.0,0.0,0.0,0.0,1.0,1.0,0.0,0,0,0,0,0,0,0,0.0,0.0,0.2,0.0
17,400,0,dpga,rpn,0.3550456762313843,-0.0,global_ddp_mean,2,0.0,3.161515235900879,3.161515235900879,0.0,0.0,0.0,0.0,0.0,0.0,0.0,0.0,0.0,0.0,0.0,0.0,0.0,1.0,1.0,0.0,0,0,0,0,0,0,0,0.0,0.0,0.2,0.0
17,400,0,dpga,roi_shared,0.3550456762313843,-0.0,global_ddp_mean,2,0.0,7.749853134155273,7.749853134155273,0.0,0.0,0.0,0.0,0.0,0.0,0.0,0.0,0.0,0.0,0.0,0.0,0.0,1.0,1.0,0.0,0,0,0,0,0,0,0,0.0,0.0,0.2,0.0
17,400,0,dpga,roi_cls,0.3550456762313843,-0.0,global_ddp_mean,2,0.0,5.475302696228027,5.475302696228027,0.0,0.0,0.0,0.0,0.0,0.0,0.0,0.0,0.0,0.0,0.0,0.0,0.0,1.0,1.0,0.0,0,0,0,0,0,0,0,0.0,0.0,0.2,0.0
17,400,0,dpga,roi_reg,0.3550456762313843,-0.0,global_ddp_mean,2,0.0,3.748286485671997,3.748286485671997,0.0,0.0,0.0,0.0,0.0,0.0,0.0,0.0,0.0,0.0,0.0,0.0,0.0,1.0,1.0,0.0,0,0,0,0,0,0,0,0.0,0.0,0.2,0.0
17,500,0,dpga,backbone,0.23409675061702728,0.41765812039375305,global_ddp_mean,2,-0.18040373921394348,20.047204971313477,20.047204971313477,12.241310119628906,12.241310119628906,12.040461540222168,2.004720449447632,0.4009440958640589,2.004720449447632,0.6106242808982895,0.6006054987441617,0.09999999762142824,0.019999999822308864,0.019999999822308864,-1.2977184722540295e-09,-1.2977184722540295e-09,0.9999999987022815,0.9998000483762138,1.1457960867592996,1,0,0,0,0,1,1,0.16649863123893738,1.0,0.2,0.20000000298023224
17,500,0,dpga,fpn,0.23409675061702728,0.41765812039375305,global_ddp_mean,2,0.056714098900556564,3.441023111343384,3.441023111343384,3.0104422569274902,3.0104422569274902,3.0104422569274902,0.5161535143852234,0.10323070441530202,0.5161535143852234,0.8748683631340698,0.8748683631340698,0.15000001385742387,0.03000000321851965,0.03000000321851965,0.0017014229260346968,0.0017014229260346968,1.0017014229260348,0.9995533043283567,1.7126147108837841,0,0,0,0,0,0,1,0.17145438492298126,1.0,0.2,0.20000000298023224
17,500,0,dpga,rpn,0.23409675061702728,0.41765812039375305,global_ddp_mean,2,0.0,5.243658542633057,5.243658542633057,0.0,0.0,0.0,0.0,0.0,0.0,0.0,0.0,0.0,0.0,0.0,0.0,0.0,1.0,1.0,0.0,0,0,0,0,0,0,0,0.0,0.0,0.2,0.0
17,500,0,dpga,roi_shared,0.23409675061702728,0.41765812039375305,global_ddp_mean,2,-0.16565825045108795,7.008228778839111,7.008228778839111,1.4078267197847882e-11,1.4078267197847882e-11,1.3879759321044904e-11,1.3879759321044904e-11,2.775951905573887e-12,1.3879759321044904e-11,2.0088195808270828e-12,1.9804946098440636e-12,1.9804946098440636e-12,3.960989278711466e-13,3.960989278711466e-13,-5.93673994694174e-21,-5.93673994694174e-21,1.0,1.0,0.0,1,0,0,0,0,1,0,1.0,1.0,0.2,0.20000000298023224
17,500,0,dpga,roi_cls,0.23409675061702728,0.41765812039375305,global_ddp_mean,2,0.0,6.163323402404785,6.163323402404785,0.0,0.0,0.0,0.0,0.0,0.0,0.0,0.0,0.0,0.0,0.0,0.0,0.0,1.0,1.0,0.0,0,0,0,0,0,0,0,0.0,0.0,0.2,0.0
17,500,0,dpga,roi_reg,0.23409675061702728,0.41765812039375305,global_ddp_mean,2,-0.5326552987098694,4.035887241363525,4.035887241363525,3.087530925371951e-11,3.087530925371951e-11,2.604724248789214e-11,2.604724248789214e-11,5.20944857520526e-12,2.604724248789214e-11,7.65019124847707e-12,6.453907388922014e-12,6.453907388922014e-12,1.2907814970185458e-12,1.2907814970185458e-12,3.3031586187636224e-20,3.3031586187636224e-20,1.0,1.0,0.0,1,0,0,0,0,1,0,1.0,1.0,0.2,0.20000000298023224
17,600,0,dpga,backbone,0.3607637882232666,0.0,global_ddp_mean,2,0.0,10.256133079528809,10.256133079528809,0.0,0.0,0.0,0.0,0.0,0.0,0.0,0.0,0.0,0.0,0.0,0.0,0.0,1.0,1.0,0.0,0,0,0,0,0,0,0,0.0,0.0,0.2,0.0
17,600,0,dpga,fpn,0.3607637882232666,0.0,global_ddp_mean,2,0.0,2.7592484951019287,2.7592484951019287,0.0,0.0,0.0,0.0,0.0,0.0,0.0,0.0,0.0,0.0,0.0,0.0,0.0,1.0,1.0,0.0,0,0,0,0,0,0,0,0.0,0.0,0.2,0.0
17,600,0,dpga,rpn,0.3607637882232666,0.0,global_ddp_mean,2,0.0,2.688887357711792,2.688887357711792,0.0,0.0,0.0,0.0,0.0,0.0,0.0,0.0,0.0,0.0,0.0,0.0,0.0,1.0,1.0,0.0,0,0,0,0,0,0,0,0.0,0.0,0.2,0.0
17,600,0,dpga,roi_shared,0.3607637882232666,0.0,global_ddp_mean,2,0.0,6.395502090454102,6.395502090454102,0.0,0.0,0.0,0.0,0.0,0.0,0.0,0.0,0.0,0.0,0.0,0.0,0.0,1.0,1.0,0.0,0,0,0,0,0,0,0,0.0,0.0,0.2,0.0
17,600,0,dpga,roi_cls,0.3607637882232666,0.0,global_ddp_mean,2,0.0,3.804145097732544,3.804145097732544,0.0,0.0,0.0,0.0,0.0,0.0,0.0,0.0,0.0,0.0,0.0,0.0,0.0,1.0,1.0,0.0,0,0,0,0,0,0,0,0.0,0.0,0.2,0.0
17,600,0,dpga,roi_reg,0.3607637882232666,0.0,global_ddp_mean,2,0.0,2.7510781288146973,2.7510781288146973,0.0,0.0,0.0,0.0,0.0,0.0,0.0,0.0,0.0,0.0,0.0,0.0,0.0,1.0,1.0,0.0,0,0,0,0,0,0,0,0.0,0.0,0.2,0.0
17,700,0,dpga,backbone,0.33935272693634033,0.0,global_ddp_mean,2,0.0,10.71921443939209,10.71921443939209,0.0,0.0,0.0,0.0,0.0,0.0,0.0,0.0,0.0,0.0,0.0,0.0,0.0,1.0,1.0,0.0,0,0,0,0,0,0,0,0.0,0.0,0.2,0.0
17,700,0,dpga,fpn,0.33935272693634033,0.0,global_ddp_mean,2,0.0,1.7716515064239502,1.7716515064239502,0.0,0.0,0.0,0.0,0.0,0.0,0.0,0.0,0.0,0.0,0.0,0.0,0.0,1.0,1.0,0.0,0,0,0,0,0,0,0,0.0,0.0,0.2,0.0
17,700,0,dpga,rpn,0.33935272693634033,0.0,global_ddp_mean,2,0.0,3.811723470687866,3.811723470687866,0.0,0.0,0.0,0.0,0.0,0.0,0.0,0.0,0.0,0.0,0.0,0.0,0.0,1.0,1.0,0.0,0,0,0,0,0,0,0,0.0,0.0,0.2,0.0
17,700,0,dpga,roi_shared,0.33935272693634033,0.0,global_ddp_mean,2,0.0,3.1797103881835938,3.1797103881835938,0.0,0.0,0.0,0.0,0.0,0.0,0.0,0.0,0.0,0.0,0.0,0.0,0.0,1.0,1.0,0.0,0,0,0,0,0,0,0,0.0,0.0,0.2,0.0
17,700,0,dpga,roi_cls,0.33935272693634033,0.0,global_ddp_mean,2,0.0,2.05035138130188,2.05035138130188,0.0,0.0,0.0,0.0,0.0,0.0,0.0,0.0,0.0,0.0,0.0,0.0,0.0,1.0,1.0,0.0,0,0,0,0,0,0,0,0.0,0.0,0.2,0.0
17,700,0,dpga,roi_reg,0.33935272693634033,0.0,global_ddp_mean,2,0.0,1.1105834245681763,1.1105834245681763,0.0,0.0,0.0,0.0,0.0,0.0,0.0,0.0,0.0,0.0,0.0,0.0,0.0,1.0,1.0,0.0,0,0,0,0,0,0,0,0.0,0.0,0.2,0.0
17,800,0,dpga,backbone,0.014378059655427933,0.0,global_ddp_mean,2,0.0,2.9979515075683594,2.9979515075683594,0.0,0.0,0.0,0.0,0.0,0.0,0.0,0.0,0.0,0.0,0.0,0.0,0.0,1.0,1.0,0.0,0,0,0,0,0,0,0,0.0,0.0,0.2,0.0
17,800,0,dpga,fpn,0.014378059655427933,0.0,global_ddp_mean,2,0.0,0.38418394327163696,0.38418394327163696,0.0,0.0,0.0,0.0,0.0,0.0,0.0,0.0,0.0,0.0,0.0,0.0,0.0,1.0,1.0,0.0,0,0,0,0,0,0,0,0.0,0.0,0.2,0.0
17,800,0,dpga,rpn,0.014378059655427933,0.0,global_ddp_mean,2,0.0,1.0053361654281616,1.0053361654281616,0.0,0.0,0.0,0.0,0.0,0.0,0.0,0.0,0.0,0.0,0.0,0.0,0.0,1.0,1.0,0.0,0,0,0,0,0,0,0,0.0,0.0,0.2,0.0
17,800,0,dpga,roi_shared,0.014378059655427933,0.0,global_ddp_mean,2,0.0,0.0,0.0,0.0,0.0,0.0,0.0,0.0,0.0,0.0,0.0,0.0,0.0,0.0,0.0,0.0,0.0,0.0,90.0,0,0,0,0,0,0,0,0.0,0.0,0.2,0.0
17,800,0,dpga,roi_cls,0.014378059655427933,0.0,global_ddp_mean,2,0.0,0.0,0.0,0.0,0.0,0.0,0.0,0.0,0.0,0.0,0.0,0.0,0.0,0.0,0.0,0.0,0.0,0.0,90.0,0,0,0,0,0,0,0,0.0,0.0,0.2,0.0
17,800,0,dpga,roi_reg,0.014378059655427933,0.0,global_ddp_mean,2,0.0,0.0,0.0,0.0,0.0,0.0,0.0,0.0,0.0,0.0,0.0,0.0,0.0,0.0,0.0,0.0,0.0,0.0,90.0,0,0,0,0,0,0,0,0.0,0.0,0.2,0.0
17,900,0,dpga,backbone,0.3080174922943115,0.0,global_ddp_mean,2,0.0,12.906234741210938,12.906234741210938,0.0,0.0,0.0,0.0,0.0,0.0,0.0,0.0,0.0,0.0,0.0,0.0,0.0,1.0,1.0,0.0,0,0,0,0,0,0,0,0.0,0.0,0.2,0.0
17,900,0,dpga,fpn,0.3080174922943115,0.0,global_ddp_mean,2,0.0,2.301149845123291,2.301149845123291,0.0,0.0,0.0,0.0,0.0,0.0,0.0,0.0,0.0,0.0,0.0,0.0,0.0,1.0,1.0,0.0,0,0,0,0,0,0,0,0.0,0.0,0.2,0.0
17,900,0,dpga,rpn,0.3080174922943115,0.0,global_ddp_mean,2,0.0,4.541311740875244,4.541311740875244,0.0,0.0,0.0,0.0,0.0,0.0,0.0,0.0,0.0,0.0,0.0,0.0,0.0,1.0,1.0,0.0,0,0,0,0,0,0,0,0.0,0.0,0.2,0.0
17,900,0,dpga,roi_shared,0.3080174922943115,0.0,global_ddp_mean,2,0.0,4.788874626159668,4.788874626159668,0.0,0.0,0.0,0.0,0.0,0.0,0.0,0.0,0.0,0.0,0.0,0.0,0.0,1.0,1.0,0.0,0,0,0,0,0,0,0,0.0,0.0,0.2,0.0
17,900,0,dpga,roi_cls,0.3080174922943115,0.0,global_ddp_mean,2,0.0,4.839989185333252,4.839989185333252,0.0,0.0,0.0,0.0,0.0,0.0,0.0,0.0,0.0,0.0,0.0,0.0,0.0,1.0,1.0,0.0,0,0,0,0,0,0,0,0.0,0.0,0.2,0.0
17,900,0,dpga,roi_reg,0.3080174922943115,0.0,global_ddp_mean,2,0.0,2.6961116790771484,2.6961116790771484,0.0,0.0,0.0,0.0,0.0,0.0,0.0,0.0,0.0,0.0,0.0,0.0,0.0,1.0,1.0,0.0,0,0,0,0,0,0,0,0.0,0.0,0.2,0.0
17,1000,0,dpga,backbone,0.7490404844284058,0.00010002159251598641,global_ddp_mean,2,0.0,27.30820083618164,27.30820083618164,0.0,0.0,0.0,0.0,0.0,0.0,0.0,0.0,0.0,0.0,0.0,0.0,0.0,1.0,1.0,0.0,0,0,0,0,0,0,0,0.0,0.0,0.2,0.0
17,1000,0,dpga,fpn,0.7490404844284058,0.00010002159251598641,global_ddp_mean,2,0.0,5.238706111907959,5.238706111907959,0.0,0.0,0.0,0.0,0.0,0.0,0.0,0.0,0.0,0.0,0.0,0.0,0.0,1.0,1.0,0.0,0,0,0,0,0,0,0,0.0,0.0,0.2,0.0
17,1000,0,dpga,rpn,0.7490404844284058,0.00010002159251598641,global_ddp_mean,2,0.0,6.051965236663818,6.051965236663818,0.0,0.0,0.0,0.0,0.0,0.0,0.0,0.0,0.0,0.0,0.0,0.0,0.0,1.0,1.0,0.0,0,0,0,0,0,0,0,0.0,0.0,0.2,0.0
17,1000,0,dpga,roi_shared,0.7490404844284058,0.00010002159251598641,global_ddp_mean,2,0.0,8.467421531677246,8.467421531677246,0.0,0.0,0.0,0.0,0.0,0.0,0.0,0.0,0.0,0.0,0.0,0.0,0.0,1.0,1.0,0.0,0,0,0,0,0,0,0,0.0,0.0,0.2,0.0
17,1000,0,dpga,roi_cls,0.7490404844284058,0.00010002159251598641,global_ddp_mean,2,0.0,7.6368303298950195,7.6368303298950195,0.0,0.0,0.0,0.0,0.0,0.0,0.0,0.0,0.0,0.0,0.0,0.0,0.0,1.0,1.0,0.0,0,0,0,0,0,0,0,0.0,0.0,0.2,0.0
17,1000,0,dpga,roi_reg,0.7490404844284058,0.00010002159251598641,global_ddp_mean,2,0.0,4.439485549926758,4.439485549926758,0.0,0.0,0.0,0.0,0.0,0.0,0.0,0.0,0.0,0.0,0.0,0.0,0.0,1.0,1.0,0.0,0,0,0,0,0,0,0,0.0,0.0,0.2,0.0
17,1100,0,dpga,backbone,0.16174210608005524,-0.0,global_ddp_mean,2,0.0,28.046939849853516,28.046939849853516,0.0,0.0,0.0,0.0,0.0,0.0,0.0,0.0,0.0,0.0,0.0,0.0,0.0,1.0,1.0,0.0,0,0,0,0,0,0,0,0.0,0.0,0.2,0.0
17,1100,0,dpga,fpn,0.16174210608005524,-0.0,global_ddp_mean,2,0.0,8.064696311950684,8.064696311950684,0.0,0.0,0.0,0.0,0.0,0.0,0.0,0.0,0.0,0.0,0.0,0.0,0.0,1.0,1.0,0.0,0,0,0,0,0,0,0,0.0,0.0,0.2,0.0
17,1100,0,dpga,rpn,0.16174210608005524,-0.0,global_ddp_mean,2,0.0,7.122853755950928,7.122853755950928,0.0,0.0,0.0,0.0,0.0,0.0,0.0,0.0,0.0,0.0,0.0,0.0,0.0,1.0,1.0,0.0,0,0,0,0,0,0,0,0.0,0.0,0.2,0.0
17,1100,0,dpga,roi_shared,0.16174210608005524,-0.0,global_ddp_mean,2,0.0,17.541702270507812,17.541702270507812,0.0,0.0,0.0,0.0,0.0,0.0,0.0,0.0,0.0,0.0,0.0,0.0,0.0,1.0,1.0,0.0,0,0,0,0,0,0,0,0.0,0.0,0.2,0.0
17,1100,0,dpga,roi_cls,0.16174210608005524,-0.0,global_ddp_mean,2,0.0,12.749682426452637,12.749682426452637,0.0,0.0,0.0,0.0,0.0,0.0,0.0,0.0,0.0,0.0,0.0,0.0,0.0,1.0,1.0,0.0,0,0,0,0,0,0,0,0.0,0.0,0.2,0.0
17,1100,0,dpga,roi_reg,0.16174210608005524,-0.0,global_ddp_mean,2,0.0,2.4026293754577637,2.4026293754577637,0.0,0.0,0.0,0.0,0.0,0.0,0.0,0.0,0.0,0.0,0.0,0.0,0.0,1.0,1.0,0.0,0,0,0,0,0,0,0,0.0,0.0,0.2,0.0
17,1200,0,dpga,backbone,0.06128079071640968,-0.0,global_ddp_mean,2,0.0,11.488412857055664,11.488412857055664,0.0,0.0,0.0,0.0,0.0,0.0,0.0,0.0,0.0,0.0,0.0,0.0,0.0,1.0,1.0,0.0,0,0,0,0,0,0,0,0.0,0.0,0.2,0.0
17,1200,0,dpga,fpn,0.06128079071640968,-0.0,global_ddp_mean,2,0.0,2.7036569118499756,2.7036569118499756,0.0,0.0,0.0,0.0,0.0,0.0,0.0,0.0,0.0,0.0,0.0,0.0,0.0,1.0,1.0,0.0,0,0,0,0,0,0,0,0.0,0.0,0.2,0.0
17,1200,0,dpga,rpn,0.06128079071640968,-0.0,global_ddp_mean,2,0.0,1.7866129875183105,1.7866129875183105,0.0,0.0,0.0,0.0,0.0,0.0,0.0,0.0,0.0,0.0,0.0,0.0,0.0,1.0,1.0,0.0,0,0,0,0,0,0,0,0.0,0.0,0.2,0.0
17,1200,0,dpga,roi_shared,0.06128079071640968,-0.0,global_ddp_mean,2,0.0,5.906325340270996,5.906325340270996,0.0,0.0,0.0,0.0,0.0,0.0,0.0,0.0,0.0,0.0,0.0,0.0,0.0,1.0,1.0,0.0,0,0,0,0,0,0,0,0.0,0.0,0.2,0.0
17,1200,0,dpga,roi_cls,0.06128079071640968,-0.0,global_ddp_mean,2,0.0,4.660752773284912,4.660752773284912,0.0,0.0,0.0,0.0,0.0,0.0,0.0,0.0,0.0,0.0,0.0,0.0,0.0,1.0,1.0,0.0,0,0,0,0,0,0,0,0.0,0.0,0.2,0.0
17,1200,0,dpga,roi_reg,0.06128079071640968,-0.0,global_ddp_mean,2,0.0,1.823669195175171,1.823669195175171,0.0,0.0,0.0,0.0,0.0,0.0,0.0,0.0,0.0,0.0,0.0,0.0,0.0,1.0,1.0,0.0,0,0,0,0,0,0,0,0.0,0.0,0.2,0.0
17,1300,0,dpga,backbone,0.6562247276306152,-0.0,global_ddp_mean,2,0.0,14.8466157913208,14.8466157913208,0.0,0.0,0.0,0.0,0.0,0.0,0.0,0.0,0.0,0.0,0.0,0.0,0.0,1.0,1.0,0.0,0,0,0,0,0,0,0,0.0,0.0,0.2,0.0
17,1300,0,dpga,fpn,0.6562247276306152,-0.0,global_ddp_mean,2,0.0,2.938173532485962,2.938173532485962,0.0,0.0,0.0,0.0,0.0,0.0,0.0,0.0,0.0,0.0,0.0,0.0,0.0,1.0,1.0,0.0,0,0,0,0,0,0,0,0.0,0.0,0.2,0.0
17,1300,0,dpga,rpn,0.6562247276306152,-0.0,global_ddp_mean,2,0.0,3.8169195652008057,3.8169195652008057,0.0,0.0,0.0,0.0,0.0,0.0,0.0,0.0,0.0,0.0,0.0,0.0,0.0,1.0,1.0,0.0,0,0,0,0,0,0,0,0.0,0.0,0.2,0.0
17,1300,0,dpga,roi_shared,0.6562247276306152,-0.0,global_ddp_mean,2,0.0,6.932942867279053,6.932942867279053,0.0,0.0,0.0,0.0,0.0,0.0,0.0,0.0,0.0,0.0,0.0,0.0,0.0,1.0,1.0,0.0,0,0,0,0,0,0,0,0.0,0.0,0.2,0.0
17,1300,0,dpga,roi_cls,0.6562247276306152,-0.0,global_ddp_mean,2,0.0,6.878320217132568,6.878320217132568,0.0,0.0,0.0,0.0,0.0,0.0,0.0,0.0,0.0,0.0,0.0,0.0,0.0,1.0,1.0,0.0,0,0,0,0,0,0,0,0.0,0.0,0.2,0.0
17,1300,0,dpga,roi_reg,0.6562247276306152,-0.0,global_ddp_mean,2,0.0,4.315586090087891,4.315586090087891,0.0,0.0,0.0,0.0,0.0,0.0,0.0,0.0,0.0,0.0,0.0,0.0,0.0,1.0,1.0,0.0,0,0,0,0,0,0,0,0.0,0.0,0.2,0.0
17,1400,0,dpga,backbone,0.026755932718515396,0.0,global_ddp_mean,2,0.0,5.225183486938477,5.225183486938477,0.0,0.0,0.0,0.0,0.0,0.0,0.0,0.0,0.0,0.0,0.0,0.0,0.0,1.0,1.0,0.0,0,0,0,0,0,0,0,0.0,0.0,0.2,0.0
17,1400,0,dpga,fpn,0.026755932718515396,0.0,global_ddp_mean,2,0.0,0.8678597807884216,0.8678597807884216,0.0,0.0,0.0,0.0,0.0,0.0,0.0,0.0,0.0,0.0,0.0,0.0,0.0,1.0,1.0,0.0,0,0,0,0,0,0,0,0.0,0.0,0.2,0.0
17,1400,0,dpga,rpn,0.026755932718515396,0.0,global_ddp_mean,2,0.0,1.0827668905258179,1.0827668905258179,0.0,0.0,0.0,0.0,0.0,0.0,0.0,0.0,0.0,0.0,0.0,0.0,0.0,1.0,1.0,0.0,0,0,0,0,0,0,0,0.0,0.0,0.2,0.0
17,1400,0,dpga,roi_shared,0.026755932718515396,0.0,global_ddp_mean,2,0.0,1.7125946283340454,1.7125946283340454,0.0,0.0,0.0,0.0,0.0,0.0,0.0,0.0,0.0,0.0,0.0,0.0,0.0,1.0,1.0,0.0,0,0,0,0,0,0,0,0.0,0.0,0.2,0.0
17,1400,0,dpga,roi_cls,0.026755932718515396,0.0,global_ddp_mean,2,0.0,1.0982930660247803,1.0982930660247803,0.0,0.0,0.0,0.0,0.0,0.0,0.0,0.0,0.0,0.0,0.0,0.0,0.0,1.0,1.0,0.0,0,0,0,0,0,0,0,0.0,0.0,0.2,0.0
17,1400,0,dpga,roi_reg,0.026755932718515396,0.0,global_ddp_mean,2,0.0,1.251663327217102,1.251663327217102,0.0,0.0,0.0,0.0,0.0,0.0,0.0,0.0,0.0,0.0,0.0,0.0,0.0,1.0,1.0,0.0,0,0,0,0,0,0,0,0.0,0.0,0.2,0.0
18,0,0,dpga,backbone,0.13589756190776825,-0.0,global_ddp_mean,2,0.0,13.419782638549805,13.419782638549805,0.0,0.0,0.0,0.0,0.0,0.0,0.0,0.0,0.0,0.0,0.0,0.0,0.0,1.0,1.0,0.0,0,0,0,0,0,0,0,0.0,0.0,0.2,0.0
18,0,0,dpga,fpn,0.13589756190776825,-0.0,global_ddp_mean,2,0.0,2.8216633796691895,2.8216633796691895,0.0,0.0,0.0,0.0,0.0,0.0,0.0,0.0,0.0,0.0,0.0,0.0,0.0,1.0,1.0,0.0,0,0,0,0,0,0,0,0.0,0.0,0.2,0.0
18,0,0,dpga,rpn,0.13589756190776825,-0.0,global_ddp_mean,2,0.0,1.8341065645217896,1.8341065645217896,0.0,0.0,0.0,0.0,0.0,0.0,0.0,0.0,0.0,0.0,0.0,0.0,0.0,1.0,1.0,0.0,0,0,0,0,0,0,0,0.0,0.0,0.2,0.0
18,0,0,dpga,roi_shared,0.13589756190776825,-0.0,global_ddp_mean,2,0.0,5.8000359535217285,5.8000359535217285,0.0,0.0,0.0,0.0,0.0,0.0,0.0,0.0,0.0,0.0,0.0,0.0,0.0,1.0,1.0,0.0,0,0,0,0,0,0,0,0.0,0.0,0.2,0.0
18,0,0,dpga,roi_cls,0.13589756190776825,-0.0,global_ddp_mean,2,0.0,5.502350807189941,5.502350807189941,0.0,0.0,0.0,0.0,0.0,0.0,0.0,0.0,0.0,0.0,0.0,0.0,0.0,1.0,1.0,0.0,0,0,0,0,0,0,0,0.0,0.0,0.2,0.0
18,0,0,dpga,roi_reg,0.13589756190776825,-0.0,global_ddp_mean,2,0.0,1.3387272357940674,1.3387272357940674,0.0,0.0,0.0,0.0,0.0,0.0,0.0,0.0,0.0,0.0,0.0,0.0,0.0,1.0,1.0,0.0,0,0,0,0,0,0,0,0.0,0.0,0.2,0.0
18,100,0,dpga,backbone,0.26787325739860535,0.0,global_ddp_mean,2,0.0,6.575646877288818,6.575646877288818,0.0,0.0,0.0,0.0,0.0,0.0,0.0,0.0,0.0,0.0,0.0,0.0,0.0,1.0,1.0,0.0,0,0,0,0,0,0,0,0.0,0.0,0.2,0.0
18,100,0,dpga,fpn,0.26787325739860535,0.0,global_ddp_mean,2,0.0,1.1798732280731201,1.1798732280731201,0.0,0.0,0.0,0.0,0.0,0.0,0.0,0.0,0.0,0.0,0.0,0.0,0.0,1.0,1.0,0.0,0,0,0,0,0,0,0,0.0,0.0,0.2,0.0
18,100,0,dpga,rpn,0.26787325739860535,0.0,global_ddp_mean,2,0.0,1.8013017177581787,1.8013017177581787,0.0,0.0,0.0,0.0,0.0,0.0,0.0,0.0,0.0,0.0,0.0,0.0,0.0,1.0,1.0,0.0,0,0,0,0,0,0,0,0.0,0.0,0.2,0.0
18,100,0,dpga,roi_shared,0.26787325739860535,0.0,global_ddp_mean,2,0.0,2.33526611328125,2.33526611328125,0.0,0.0,0.0,0.0,0.0,0.0,0.0,0.0,0.0,0.0,0.0,0.0,0.0,1.0,1.0,0.0,0,0,0,0,0,0,0,0.0,0.0,0.2,0.0
18,100,0,dpga,roi_cls,0.26787325739860535,0.0,global_ddp_mean,2,0.0,1.2431961297988892,1.2431961297988892,0.0,0.0,0.0,0.0,0.0,0.0,0.0,0.0,0.0,0.0,0.0,0.0,0.0,1.0,1.0,0.0,0,0,0,0,0,0,0,0.0,0.0,0.2,0.0
18,100,0,dpga,roi_reg,0.26787325739860535,0.0,global_ddp_mean,2,0.0,1.0732847452163696,1.0732847452163696,0.0,0.0,0.0,0.0,0.0,0.0,0.0,0.0,0.0,0.0,0.0,0.0,0.0,1.0,1.0,0.0,0,0,0,0,0,0,0,0.0,0.0,0.2,0.0
18,200,0,dpga,backbone,0.0051154750399291515,0.0,global_ddp_mean,2,0.0,4.786613941192627,4.786613941192627,0.0,0.0,0.0,0.0,0.0,0.0,0.0,0.0,0.0,0.0,0.0,0.0,0.0,1.0,1.0,0.0,0,0,0,0,0,0,0,0.0,0.0,0.2,0.0
18,200,0,dpga,fpn,0.0051154750399291515,0.0,global_ddp_mean,2,0.0,0.9295569062232971,0.9295569062232971,0.0,0.0,0.0,0.0,0.0,0.0,0.0,0.0,0.0,0.0,0.0,0.0,0.0,1.0,1.0,0.0,0,0,0,0,0,0,0,0.0,0.0,0.2,0.0
18,200,0,dpga,rpn,0.0051154750399291515,0.0,global_ddp_mean,2,0.0,1.0575987100601196,1.0575987100601196,0.0,0.0,0.0,0.0,0.0,0.0,0.0,0.0,0.0,0.0,0.0,0.0,0.0,1.0,1.0,0.0,0,0,0,0,0,0,0,0.0,0.0,0.2,0.0
18,200,0,dpga,roi_shared,0.0051154750399291515,0.0,global_ddp_mean,2,0.0,1.8876078128814697,1.8876078128814697,0.0,0.0,0.0,0.0,0.0,0.0,0.0,0.0,0.0,0.0,0.0,0.0,0.0,1.0,1.0,0.0,0,0,0,0,0,0,0,0.0,0.0,0.2,0.0
18,200,0,dpga,roi_cls,0.0051154750399291515,0.0,global_ddp_mean,2,0.0,1.4556185007095337,1.4556185007095337,0.0,0.0,0.0,0.0,0.0,0.0,0.0,0.0,0.0,0.0,0.0,0.0,0.0,1.0,1.0,0.0,0,0,0,0,0,0,0,0.0,0.0,0.2,0.0
18,200,0,dpga,roi_reg,0.0051154750399291515,0.0,global_ddp_mean,2,0.0,0.18957319855690002,0.18957319855690002,0.0,0.0,0.0,0.0,0.0,0.0,0.0,0.0,0.0,0.0,0.0,0.0,0.0,1.0,1.0,0.0,0,0,0,0,0,0,0,0.0,0.0,0.2,0.0
18,300,0,dpga,backbone,1.0684654712677002,0.0,global_ddp_mean,2,0.0,52.3724250793457,52.3724250793457,0.0,0.0,0.0,0.0,0.0,0.0,0.0,0.0,0.0,0.0,0.0,0.0,0.0,1.0,1.0,0.0,0,0,0,0,0,0,0,0.0,0.0,0.2,0.0
18,300,0,dpga,fpn,1.0684654712677002,0.0,global_ddp_mean,2,0.0,5.976706504821777,5.976706504821777,0.0,0.0,0.0,0.0,0.0,0.0,0.0,0.0,0.0,0.0,0.0,0.0,0.0,1.0,1.0,0.0,0,0,0,0,0,0,0,0.0,0.0,0.2,0.0
18,300,0,dpga,rpn,1.0684654712677002,0.0,global_ddp_mean,2,0.0,7.4430623054504395,7.4430623054504395,0.0,0.0,0.0,0.0,0.0,0.0,0.0,0.0,0.0,0.0,0.0,0.0,0.0,1.0,1.0,0.0,0,0,0,0,0,0,0,0.0,0.0,0.2,0.0
18,300,0,dpga,roi_shared,1.0684654712677002,0.0,global_ddp_mean,2,0.0,10.183860778808594,10.183860778808594,0.0,0.0,0.0,0.0,0.0,0.0,0.0,0.0,0.0,0.0,0.0,0.0,0.0,1.0,1.0,0.0,0,0,0,0,0,0,0,0.0,0.0,0.2,0.0
18,300,0,dpga,roi_cls,1.0684654712677002,0.0,global_ddp_mean,2,0.0,8.344447135925293,8.344447135925293,0.0,0.0,0.0,0.0,0.0,0.0,0.0,0.0,0.0,0.0,0.0,0.0,0.0,1.0,1.0,0.0,0,0,0,0,0,0,0,0.0,0.0,0.2,0.0
18,300,0,dpga,roi_reg,1.0684654712677002,0.0,global_ddp_mean,2,0.0,2.047165632247925,2.047165632247925,0.0,0.0,0.0,0.0,0.0,0.0,0.0,0.0,0.0,0.0,0.0,0.0,0.0,1.0,1.0,0.0,0,0,0,0,0,0,0,0.0,0.0,0.2,0.0
18,400,0,dpga,backbone,0.0044417595490813255,0.0,global_ddp_mean,2,0.0,6.509615421295166,6.509615421295166,0.0,0.0,0.0,0.0,0.0,0.0,0.0,0.0,0.0,0.0,0.0,0.0,0.0,1.0,1.0,0.0,0,0,0,0,0,0,0,0.0,0.0,0.2,0.0
18,400,0,dpga,fpn,0.0044417595490813255,0.0,global_ddp_mean,2,0.0,0.6983844637870789,0.6983844637870789,0.0,0.0,0.0,0.0,0.0,0.0,0.0,0.0,0.0,0.0,0.0,0.0,0.0,1.0,1.0,0.0,0,0,0,0,0,0,0,0.0,0.0,0.2,0.0
18,400,0,dpga,rpn,0.0044417595490813255,0.0,global_ddp_mean,2,0.0,0.7777047157287598,0.7777047157287598,0.0,0.0,0.0,0.0,0.0,0.0,0.0,0.0,0.0,0.0,0.0,0.0,0.0,1.0,1.0,0.0,0,0,0,0,0,0,0,0.0,0.0,0.2,0.0
18,400,0,dpga,roi_shared,0.0044417595490813255,0.0,global_ddp_mean,2,0.0,1.542708396911621,1.542708396911621,0.0,0.0,0.0,0.0,0.0,0.0,0.0,0.0,0.0,0.0,0.0,0.0,0.0,1.0,1.0,0.0,0,0,0,0,0,0,0,0.0,0.0,0.2,0.0
18,400,0,dpga,roi_cls,0.0044417595490813255,0.0,global_ddp_mean,2,0.0,0.8140805959701538,0.8140805959701538,0.0,0.0,0.0,0.0,0.0,0.0,0.0,0.0,0.0,0.0,0.0,0.0,0.0,1.0,1.0,0.0,0,0,0,0,0,0,0,0.0,0.0,0.2,0.0
18,400,0,dpga,roi_reg,0.0044417595490813255,0.0,global_ddp_mean,2,0.0,0.6136196255683899,0.6136196255683899,0.0,0.0,0.0,0.0,0.0,0.0,0.0,0.0,0.0,0.0,0.0,0.0,0.0,1.0,1.0,0.0,0,0,0,0,0,0,0,0.0,0.0,0.2,0.0
18,500,0,dpga,backbone,1.273213267326355,0.0,global_ddp_mean,2,0.0,25.858154296875,25.858154296875,0.0,0.0,0.0,0.0,0.0,0.0,0.0,0.0,0.0,0.0,0.0,0.0,0.0,1.0,1.0,0.0,0,0,0,0,0,0,0,0.0,0.0,0.2,0.0
18,500,0,dpga,fpn,1.273213267326355,0.0,global_ddp_mean,2,0.0,5.86870002746582,5.86870002746582,0.0,0.0,0.0,0.0,0.0,0.0,0.0,0.0,0.0,0.0,0.0,0.0,0.0,1.0,1.0,0.0,0,0,0,0,0,0,0,0.0,0.0,0.2,0.0
18,500,0,dpga,rpn,1.273213267326355,0.0,global_ddp_mean,2,0.0,6.960837364196777,6.960837364196777,0.0,0.0,0.0,0.0,0.0,0.0,0.0,0.0,0.0,0.0,0.0,0.0,0.0,1.0,1.0,0.0,0,0,0,0,0,0,0,0.0,0.0,0.2,0.0
18,500,0,dpga,roi_shared,1.273213267326355,0.0,global_ddp_mean,2,0.0,10.772686004638672,10.772686004638672,0.0,0.0,0.0,0.0,0.0,0.0,0.0,0.0,0.0,0.0,0.0,0.0,0.0,1.0,1.0,0.0,0,0,0,0,0,0,0,0.0,0.0,0.2,0.0
18,500,0,dpga,roi_cls,1.273213267326355,0.0,global_ddp_mean,2,0.0,11.278289794921875,11.278289794921875,0.0,0.0,0.0,0.0,0.0,0.0,0.0,0.0,0.0,0.0,0.0,0.0,0.0,1.0,1.0,0.0,0,0,0,0,0,0,0,0.0,0.0,0.2,0.0
18,500,0,dpga,roi_reg,1.273213267326355,0.0,global_ddp_mean,2,0.0,6.362910270690918,6.362910270690918,0.0,0.0,0.0,0.0,0.0,0.0,0.0,0.0,0.0,0.0,0.0,0.0,0.0,1.0,1.0,0.0,0,0,0,0,0,0,0,0.0,0.0,0.2,0.0
18,600,0,dpga,backbone,0.01917043700814247,0.0,global_ddp_mean,2,0.0,4.10908842086792,4.10908842086792,0.0,0.0,0.0,0.0,0.0,0.0,0.0,0.0,0.0,0.0,0.0,0.0,0.0,1.0,1.0,0.0,0,0,0,0,0,0,0,0.0,0.0,0.2,0.0
18,600,0,dpga,fpn,0.01917043700814247,0.0,global_ddp_mean,2,0.0,0.5958743095397949,0.5958743095397949,0.0,0.0,0.0,0.0,0.0,0.0,0.0,0.0,0.0,0.0,0.0,0.0,0.0,1.0,1.0,0.0,0,0,0,0,0,0,0,0.0,0.0,0.2,0.0
18,600,0,dpga,rpn,0.01917043700814247,0.0,global_ddp_mean,2,0.0,1.1350256204605103,1.1350256204605103,0.0,0.0,0.0,0.0,0.0,0.0,0.0,0.0,0.0,0.0,0.0,0.0,0.0,1.0,1.0,0.0,0,0,0,0,0,0,0,0.0,0.0,0.2,0.0
18,600,0,dpga,roi_shared,0.01917043700814247,0.0,global_ddp_mean,2,0.0,0.0,0.0,0.0,0.0,0.0,0.0,0.0,0.0,0.0,0.0,0.0,0.0,0.0,0.0,0.0,0.0,0.0,90.0,0,0,0,0,0,0,0,0.0,0.0,0.2,0.0
18,600,0,dpga,roi_cls,0.01917043700814247,0.0,global_ddp_mean,2,0.0,0.0,0.0,0.0,0.0,0.0,0.0,0.0,0.0,0.0,0.0,0.0,0.0,0.0,0.0,0.0,0.0,0.0,90.0,0,0,0,0,0,0,0,0.0,0.0,0.2,0.0
18,600,0,dpga,roi_reg,0.01917043700814247,0.0,global_ddp_mean,2,0.0,0.0,0.0,0.0,0.0,0.0,0.0,0.0,0.0,0.0,0.0,0.0,0.0,0.0,0.0,0.0,0.0,0.0,90.0,0,0,0,0,0,0,0,0.0,0.0,0.2,0.0
18,700,0,dpga,backbone,0.20461240410804749,0.0,global_ddp_mean,2,0.0,5.49345588684082,5.49345588684082,0.0,0.0,0.0,0.0,0.0,0.0,0.0,0.0,0.0,0.0,0.0,0.0,0.0,1.0,1.0,0.0,0,0,0,0,0,0,0,0.0,0.0,0.2,0.0
18,700,0,dpga,fpn,0.20461240410804749,0.0,global_ddp_mean,2,0.0,0.920048177242279,0.920048177242279,0.0,0.0,0.0,0.0,0.0,0.0,0.0,0.0,0.0,0.0,0.0,0.0,0.0,1.0,1.0,0.0,0,0,0,0,0,0,0,0.0,0.0,0.2,0.0
18,700,0,dpga,rpn,0.20461240410804749,0.0,global_ddp_mean,2,0.0,0.9209133982658386,0.9209133982658386,0.0,0.0,0.0,0.0,0.0,0.0,0.0,0.0,0.0,0.0,0.0,0.0,0.0,1.0,1.0,0.0,0,0,0,0,0,0,0,0.0,0.0,0.2,0.0
18,700,0,dpga,roi_shared,0.20461240410804749,0.0,global_ddp_mean,2,0.0,2.0535504817962646,2.0535504817962646,0.0,0.0,0.0,0.0,0.0,0.0,0.0,0.0,0.0,0.0,0.0,0.0,0.0,1.0,1.0,0.0,0,0,0,0,0,0,0,0.0,0.0,0.2,0.0
18,700,0,dpga,roi_cls,0.20461240410804749,0.0,global_ddp_mean,2,0.0,1.0124117136001587,1.0124117136001587,0.0,0.0,0.0,0.0,0.0,0.0,0.0,0.0,0.0,0.0,0.0,0.0,0.0,1.0,1.0,0.0,0,0,0,0,0,0,0,0.0,0.0,0.2,0.0
18,700,0,dpga,roi_reg,0.20461240410804749,0.0,global_ddp_mean,2,0.0,0.9471838474273682,0.9471838474273682,0.0,0.0,0.0,0.0,0.0,0.0,0.0,0.0,0.0,0.0,0.0,0.0,0.0,1.0,1.0,0.0,0,0,0,0,0,0,0,0.0,0.0,0.2,0.0
18,800,0,dpga,backbone,0.009779642336070538,0.0,global_ddp_mean,2,0.0,5.661126136779785,5.661126136779785,0.0,0.0,0.0,0.0,0.0,0.0,0.0,0.0,0.0,0.0,0.0,0.0,0.0,1.0,1.0,0.0,0,0,0,0,0,0,0,0.0,0.0,0.2,0.0
18,800,0,dpga,fpn,0.009779642336070538,0.0,global_ddp_mean,2,0.0,0.5551558136940002,0.5551558136940002,0.0,0.0,0.0,0.0,0.0,0.0,0.0,0.0,0.0,0.0,0.0,0.0,0.0,1.0,1.0,0.0,0,0,0,0,0,0,0,0.0,0.0,0.2,0.0
18,800,0,dpga,rpn,0.009779642336070538,0.0,global_ddp_mean,2,0.0,0.971937894821167,0.971937894821167,0.0,0.0,0.0,0.0,0.0,0.0,0.0,0.0,0.0,0.0,0.0,0.0,0.0,1.0,1.0,0.0,0,0,0,0,0,0,0,0.0,0.0,0.2,0.0
18,800,0,dpga,roi_shared,0.009779642336070538,0.0,global_ddp_mean,2,0.0,0.0,0.0,0.0,0.0,0.0,0.0,0.0,0.0,0.0,0.0,0.0,0.0,0.0,0.0,0.0,0.0,0.0,90.0,0,0,0,0,0,0,0,0.0,0.0,0.2,0.0
18,800,0,dpga,roi_cls,0.009779642336070538,0.0,global_ddp_mean,2,0.0,0.0,0.0,0.0,0.0,0.0,0.0,0.0,0.0,0.0,0.0,0.0,0.0,0.0,0.0,0.0,0.0,0.0,90.0,0,0,0,0,0,0,0,0.0,0.0,0.2,0.0
18,800,0,dpga,roi_reg,0.009779642336070538,0.0,global_ddp_mean,2,0.0,0.0,0.0,0.0,0.0,0.0,0.0,0.0,0.0,0.0,0.0,0.0,0.0,0.0,0.0,0.0,0.0,0.0,90.0,0,0,0,0,0,0,0,0.0,0.0,0.2,0.0
18,900,0,dpga,backbone,0.24743011593818665,-0.0,global_ddp_mean,2,0.0,18.33858299255371,18.33858299255371,0.0,0.0,0.0,0.0,0.0,0.0,0.0,0.0,0.0,0.0,0.0,0.0,0.0,1.0,1.0,0.0,0,0,0,0,0,0,0,0.0,0.0,0.2,0.0
18,900,0,dpga,fpn,0.24743011593818665,-0.0,global_ddp_mean,2,0.0,2.1665728092193604,2.1665728092193604,0.0,0.0,0.0,0.0,0.0,0.0,0.0,0.0,0.0,0.0,0.0,0.0,0.0,1.0,1.0,0.0,0,0,0,0,0,0,0,0.0,0.0,0.2,0.0
18,900,0,dpga,rpn,0.24743011593818665,-0.0,global_ddp_mean,2,0.0,1.4300878047943115,1.4300878047943115,0.0,0.0,0.0,0.0,0.0,0.0,0.0,0.0,0.0,0.0,0.0,0.0,0.0,1.0,1.0,0.0,0,0,0,0,0,0,0,0.0,0.0,0.2,0.0
18,900,0,dpga,roi_shared,0.24743011593818665,-0.0,global_ddp_mean,2,0.0,4.251816749572754,4.251816749572754,0.0,0.0,0.0,0.0,0.0,0.0,0.0,0.0,0.0,0.0,0.0,0.0,0.0,1.0,1.0,0.0,0,0,0,0,0,0,0,0.0,0.0,0.2,0.0
18,900,0,dpga,roi_cls,0.24743011593818665,-0.0,global_ddp_mean,2,0.0,2.5512475967407227,2.5512475967407227,0.0,0.0,0.0,0.0,0.0,0.0,0.0,0.0,0.0,0.0,0.0,0.0,0.0,1.0,1.0,0.0,0,0,0,0,0,0,0,0.0,0.0,0.2,0.0
18,900,0,dpga,roi_reg,0.24743011593818665,-0.0,global_ddp_mean,2,0.0,2.125584840774536,2.125584840774536,0.0,0.0,0.0,0.0,0.0,0.0,0.0,0.0,0.0,0.0,0.0,0.0,0.0,1.0,1.0,0.0,0,0,0,0,0,0,0,0.0,0.0,0.2,0.0
18,1000,0,dpga,backbone,0.18879090249538422,-0.0,global_ddp_mean,2,0.0,15.58474349975586,15.58474349975586,0.0,0.0,0.0,0.0,0.0,0.0,0.0,0.0,0.0,0.0,0.0,0.0,0.0,1.0,1.0,0.0,0,0,0,0,0,0,0,0.0,0.0,0.2,0.0
18,1000,0,dpga,fpn,0.18879090249538422,-0.0,global_ddp_mean,2,0.0,4.383861541748047,4.383861541748047,0.0,0.0,0.0,0.0,0.0,0.0,0.0,0.0,0.0,0.0,0.0,0.0,0.0,1.0,1.0,0.0,0,0,0,0,0,0,0,0.0,0.0,0.2,0.0
18,1000,0,dpga,rpn,0.18879090249538422,-0.0,global_ddp_mean,2,0.0,5.770655155181885,5.770655155181885,0.0,0.0,0.0,0.0,0.0,0.0,0.0,0.0,0.0,0.0,0.0,0.0,0.0,1.0,1.0,0.0,0,0,0,0,0,0,0,0.0,0.0,0.2,0.0
18,1000,0,dpga,roi_shared,0.18879090249538422,-0.0,global_ddp_mean,2,0.0,9.060697555541992,9.060697555541992,0.0,0.0,0.0,0.0,0.0,0.0,0.0,0.0,0.0,0.0,0.0,0.0,0.0,1.0,1.0,0.0,0,0,0,0,0,0,0,0.0,0.0,0.2,0.0
18,1000,0,dpga,roi_cls,0.18879090249538422,-0.0,global_ddp_mean,2,0.0,7.795773983001709,7.795773983001709,0.0,0.0,0.0,0.0,0.0,0.0,0.0,0.0,0.0,0.0,0.0,0.0,0.0,1.0,1.0,0.0,0,0,0,0,0,0,0,0.0,0.0,0.2,0.0
18,1000,0,dpga,roi_reg,0.18879090249538422,-0.0,global_ddp_mean,2,0.0,5.44348669052124,5.44348669052124,0.0,0.0,0.0,0.0,0.0,0.0,0.0,0.0,0.0,0.0,0.0,0.0,0.0,1.0,1.0,0.0,0,0,0,0,0,0,0,0.0,0.0,0.2,0.0
18,1100,0,dpga,backbone,0.23255851864814758,-0.0,global_ddp_mean,2,0.0,12.111641883850098,12.111641883850098,0.0,0.0,0.0,0.0,0.0,0.0,0.0,0.0,0.0,0.0,0.0,0.0,0.0,1.0,1.0,0.0,0,0,0,0,0,0,0,0.0,0.0,0.2,0.0
18,1100,0,dpga,fpn,0.23255851864814758,-0.0,global_ddp_mean,2,0.0,2.106733798980713,2.106733798980713,0.0,0.0,0.0,0.0,0.0,0.0,0.0,0.0,0.0,0.0,0.0,0.0,0.0,1.0,1.0,0.0,0,0,0,0,0,0,0,0.0,0.0,0.2,0.0
18,1100,0,dpga,rpn,0.23255851864814758,-0.0,global_ddp_mean,2,0.0,3.4885380268096924,3.4885380268096924,0.0,0.0,0.0,0.0,0.0,0.0,0.0,0.0,0.0,0.0,0.0,0.0,0.0,1.0,1.0,0.0,0,0,0,0,0,0,0,0.0,0.0,0.2,0.0
18,1100,0,dpga,roi_shared,0.23255851864814758,-0.0,global_ddp_mean,2,0.0,3.903395175933838,3.903395175933838,0.0,0.0,0.0,0.0,0.0,0.0,0.0,0.0,0.0,0.0,0.0,0.0,0.0,1.0,1.0,0.0,0,0,0,0,0,0,0,0.0,0.0,0.2,0.0
18,1100,0,dpga,roi_cls,0.23255851864814758,-0.0,global_ddp_mean,2,0.0,1.9928358793258667,1.9928358793258667,0.0,0.0,0.0,0.0,0.0,0.0,0.0,0.0,0.0,0.0,0.0,0.0,0.0,1.0,1.0,0.0,0,0,0,0,0,0,0,0.0,0.0,0.2,0.0
18,1100,0,dpga,roi_reg,0.23255851864814758,-0.0,global_ddp_mean,2,0.0,2.905076742172241,2.905076742172241,0.0,0.0,0.0,0.0,0.0,0.0,0.0,0.0,0.0,0.0,0.0,0.0,0.0,1.0,1.0,0.0,0,0,0,0,0,0,0,0.0,0.0,0.2,0.0
18,1200,0,dpga,backbone,0.9388136267662048,0.0,global_ddp_mean,2,0.0,35.95648956298828,35.95648956298828,0.0,0.0,0.0,0.0,0.0,0.0,0.0,0.0,0.0,0.0,0.0,0.0,0.0,1.0,1.0,0.0,0,0,0,0,0,0,0,0.0,0.0,0.2,0.0
18,1200,0,dpga,fpn,0.9388136267662048,0.0,global_ddp_mean,2,0.0,4.512594223022461,4.512594223022461,0.0,0.0,0.0,0.0,0.0,0.0,0.0,0.0,0.0,0.0,0.0,0.0,0.0,1.0,1.0,0.0,0,0,0,0,0,0,0,0.0,0.0,0.2,0.0
18,1200,0,dpga,rpn,0.9388136267662048,0.0,global_ddp_mean,2,0.0,3.4970695972442627,3.4970695972442627,0.0,0.0,0.0,0.0,0.0,0.0,0.0,0.0,0.0,0.0,0.0,0.0,0.0,1.0,1.0,0.0,0,0,0,0,0,0,0,0.0,0.0,0.2,0.0
18,1200,0,dpga,roi_shared,0.9388136267662048,0.0,global_ddp_mean,2,0.0,8.387825965881348,8.387825965881348,0.0,0.0,0.0,0.0,0.0,0.0,0.0,0.0,0.0,0.0,0.0,0.0,0.0,1.0,1.0,0.0,0,0,0,0,0,0,0,0.0,0.0,0.2,0.0
18,1200,0,dpga,roi_cls,0.9388136267662048,0.0,global_ddp_mean,2,0.0,6.133024215698242,6.133024215698242,0.0,0.0,0.0,0.0,0.0,0.0,0.0,0.0,0.0,0.0,0.0,0.0,0.0,1.0,1.0,0.0,0,0,0,0,0,0,0,0.0,0.0,0.2,0.0
18,1200,0,dpga,roi_reg,0.9388136267662048,0.0,global_ddp_mean,2,0.0,2.566542387008667,2.566542387008667,0.0,0.0,0.0,0.0,0.0,0.0,0.0,0.0,0.0,0.0,0.0,0.0,0.0,1.0,1.0,0.0,0,0,0,0,0,0,0,0.0,0.0,0.2,0.0
18,1300,0,dpga,backbone,0.00822240486741066,0.0,global_ddp_mean,2,0.0,24.341583251953125,24.341583251953125,0.0,0.0,0.0,0.0,0.0,0.0,0.0,0.0,0.0,0.0,0.0,0.0,0.0,1.0,1.0,0.0,0,0,0,0,0,0,0,0.0,0.0,0.2,0.0
18,1300,0,dpga,fpn,0.00822240486741066,0.0,global_ddp_mean,2,0.0,3.3210175037384033,3.3210175037384033,0.0,0.0,0.0,0.0,0.0,0.0,0.0,0.0,0.0,0.0,0.0,0.0,0.0,1.0,1.0,0.0,0,0,0,0,0,0,0,0.0,0.0,0.2,0.0
18,1300,0,dpga,rpn,0.00822240486741066,0.0,global_ddp_mean,2,0.0,2.1063380241394043,2.1063380241394043,0.0,0.0,0.0,0.0,0.0,0.0,0.0,0.0,0.0,0.0,0.0,0.0,0.0,1.0,1.0,0.0,0,0,0,0,0,0,0,0.0,0.0,0.2,0.0
18,1300,0,dpga,roi_shared,0.00822240486741066,0.0,global_ddp_mean,2,0.0,6.433250427246094,6.433250427246094,0.0,0.0,0.0,0.0,0.0,0.0,0.0,0.0,0.0,0.0,0.0,0.0,0.0,1.0,1.0,0.0,0,0,0,0,0,0,0,0.0,0.0,0.2,0.0
18,1300,0,dpga,roi_cls,0.00822240486741066,0.0,global_ddp_mean,2,0.0,4.474974632263184,4.474974632263184,0.0,0.0,0.0,0.0,0.0,0.0,0.0,0.0,0.0,0.0,0.0,0.0,0.0,1.0,1.0,0.0,0,0,0,0,0,0,0,0.0,0.0,0.2,0.0
18,1300,0,dpga,roi_reg,0.00822240486741066,0.0,global_ddp_mean,2,0.0,2.0091891288757324,2.0091891288757324,0.0,0.0,0.0,0.0,0.0,0.0,0.0,0.0,0.0,0.0,0.0,0.0,0.0,1.0,1.0,0.0,0,0,0,0,0,0,0,0.0,0.0,0.2,0.0
18,1400,0,dpga,backbone,0.08256174623966217,-0.0,global_ddp_mean,2,0.0,13.638434410095215,13.638434410095215,0.0,0.0,0.0,0.0,0.0,0.0,0.0,0.0,0.0,0.0,0.0,0.0,0.0,1.0,1.0,0.0,0,0,0,0,0,0,0,0.0,0.0,0.2,0.0
18,1400,0,dpga,fpn,0.08256174623966217,-0.0,global_ddp_mean,2,0.0,1.0015170574188232,1.0015170574188232,0.0,0.0,0.0,0.0,0.0,0.0,0.0,0.0,0.0,0.0,0.0,0.0,0.0,1.0,1.0,0.0,0,0,0,0,0,0,0,0.0,0.0,0.2,0.0
18,1400,0,dpga,rpn,0.08256174623966217,-0.0,global_ddp_mean,2,0.0,0.8529887199401855,0.8529887199401855,0.0,0.0,0.0,0.0,0.0,0.0,0.0,0.0,0.0,0.0,0.0,0.0,0.0,1.0,1.0,0.0,0,0,0,0,0,0,0,0.0,0.0,0.2,0.0
18,1400,0,dpga,roi_shared,0.08256174623966217,-0.0,global_ddp_mean,2,0.0,2.499638319015503,2.499638319015503,0.0,0.0,0.0,0.0,0.0,0.0,0.0,0.0,0.0,0.0,0.0,0.0,0.0,1.0,1.0,0.0,0,0,0,0,0,0,0,0.0,0.0,0.2,0.0
18,1400,0,dpga,roi_cls,0.08256174623966217,-0.0,global_ddp_mean,2,0.0,1.884686827659607,1.884686827659607,0.0,0.0,0.0,0.0,0.0,0.0,0.0,0.0,0.0,0.0,0.0,0.0,0.0,1.0,1.0,0.0,0,0,0,0,0,0,0,0.0,0.0,0.2,0.0
18,1400,0,dpga,roi_reg,0.08256174623966217,-0.0,global_ddp_mean,2,0.0,1.5926530361175537,1.5926530361175537,0.0,0.0,0.0,0.0,0.0,0.0,0.0,0.0,0.0,0.0,0.0,0.0,0.0,1.0,1.0,0.0,0,0,0,0,0,0,0,0.0,0.0,0.2,0.0
19,0,0,dpga,backbone,0.33600327372550964,-0.0,global_ddp_mean,2,0.0,10.366454124450684,10.366454124450684,0.0,0.0,0.0,0.0,0.0,0.0,0.0,0.0,0.0,0.0,0.0,0.0,0.0,1.0,1.0,0.0,0,0,0,0,0,0,0,0.0,0.0,0.2,0.0
19,0,0,dpga,fpn,0.33600327372550964,-0.0,global_ddp_mean,2,0.0,1.8155990839004517,1.8155990839004517,0.0,0.0,0.0,0.0,0.0,0.0,0.0,0.0,0.0,0.0,0.0,0.0,0.0,1.0,1.0,0.0,0,0,0,0,0,0,0,0.0,0.0,0.2,0.0
19,0,0,dpga,rpn,0.33600327372550964,-0.0,global_ddp_mean,2,0.0,3.657726764678955,3.657726764678955,0.0,0.0,0.0,0.0,0.0,0.0,0.0,0.0,0.0,0.0,0.0,0.0,0.0,1.0,1.0,0.0,0,0,0,0,0,0,0,0.0,0.0,0.2,0.0
19,0,0,dpga,roi_shared,0.33600327372550964,-0.0,global_ddp_mean,2,0.0,2.671875,2.671875,0.0,0.0,0.0,0.0,0.0,0.0,0.0,0.0,0.0,0.0,0.0,0.0,0.0,1.0,1.0,0.0,0,0,0,0,0,0,0,0.0,0.0,0.2,0.0
19,0,0,dpga,roi_cls,0.33600327372550964,-0.0,global_ddp_mean,2,0.0,1.3757609128952026,1.3757609128952026,0.0,0.0,0.0,0.0,0.0,0.0,0.0,0.0,0.0,0.0,0.0,0.0,0.0,1.0,1.0,0.0,0,0,0,0,0,0,0,0.0,0.0,0.2,0.0
19,0,0,dpga,roi_reg,0.33600327372550964,-0.0,global_ddp_mean,2,0.0,1.3150556087493896,1.3150556087493896,0.0,0.0,0.0,0.0,0.0,0.0,0.0,0.0,0.0,0.0,0.0,0.0,0.0,1.0,1.0,0.0,0,0,0,0,0,0,0,0.0,0.0,0.2,0.0
19,100,0,dpga,backbone,0.06246703118085861,-0.0,global_ddp_mean,2,0.0,8.702187538146973,8.702187538146973,0.0,0.0,0.0,0.0,0.0,0.0,0.0,0.0,0.0,0.0,0.0,0.0,0.0,1.0,1.0,0.0,0,0,0,0,0,0,0,0.0,0.0,0.2,0.0
19,100,0,dpga,fpn,0.06246703118085861,-0.0,global_ddp_mean,2,0.0,1.1094567775726318,1.1094567775726318,0.0,0.0,0.0,0.0,0.0,0.0,0.0,0.0,0.0,0.0,0.0,0.0,0.0,1.0,1.0,0.0,0,0,0,0,0,0,0,0.0,0.0,0.2,0.0
19,100,0,dpga,rpn,0.06246703118085861,-0.0,global_ddp_mean,2,0.0,2.4820806980133057,2.4820806980133057,0.0,0.0,0.0,0.0,0.0,0.0,0.0,0.0,0.0,0.0,0.0,0.0,0.0,1.0,1.0,0.0,0,0,0,0,0,0,0,0.0,0.0,0.2,0.0
19,100,0,dpga,roi_shared,0.06246703118085861,-0.0,global_ddp_mean,2,0.0,1.7254621982574463,1.7254621982574463,0.0,0.0,0.0,0.0,0.0,0.0,0.0,0.0,0.0,0.0,0.0,0.0,0.0,1.0,1.0,0.0,0,0,0,0,0,0,0,0.0,0.0,0.2,0.0
19,100,0,dpga,roi_cls,0.06246703118085861,-0.0,global_ddp_mean,2,0.0,1.0033931732177734,1.0033931732177734,0.0,0.0,0.0,0.0,0.0,0.0,0.0,0.0,0.0,0.0,0.0,0.0,0.0,1.0,1.0,0.0,0,0,0,0,0,0,0,0.0,0.0,0.2,0.0
19,100,0,dpga,roi_reg,0.06246703118085861,-0.0,global_ddp_mean,2,0.0,1.738467812538147,1.738467812538147,0.0,0.0,0.0,0.0,0.0,0.0,0.0,0.0,0.0,0.0,0.0,0.0,0.0,1.0,1.0,0.0,0,0,0,0,0,0,0,0.0,0.0,0.2,0.0
19,200,0,dpga,backbone,0.6312558650970459,0.0,global_ddp_mean,2,0.05085444077849388,19.780851364135742,19.780851364135742,1.2801774740219116,1.2801774740219116,1.2801774740219116,1.2801774740219116,0.2560354986196085,1.2801774740219116,0.06471801695770159,0.06471801695770159,0.06471801695770159,0.012943603584415039,0.012943603584415039,0.0006582397219439356,0.0006582397219439356,1.000658239721944,0.9999166082347145,0.7399497571823631,0,0,0,0,0,0,0,1.0,1.0,0.2,0.20000000298023224
19,200,0,dpga,fpn,0.6312558650970459,0.0,global_ddp_mean,2,-0.00590675650164485,4.559079170227051,4.559079170227051,0.36006736755371094,0.36006736755371094,0.36006107926368713,0.36006107926368713,0.07201221692580306,0.36006107926368713,0.07897809055502296,0.07897671126552414,0.07897671126552414,0.01579534248847377,0.01579534248847377,-2.3968746784464484e-11,-2.3968746784464484e-11,0.9999999999760312,0.9998753434351318,0.9046898530055132,1,0,0,0,0,1,0,1.0,1.0,0.2,0.20000000298023224
19,200,0,dpga,rpn,0.6312558650970459,0.0,global_ddp_mean,2,0.0,2.9526028633117676,2.9526028633117676,0.0,0.0,0.0,0.0,0.0,0.0,0.0,0.0,0.0,0.0,0.0,0.0,0.0,1.0,1.0,0.0,0,0,0,0,0,0,0,0.0,0.0,0.2,0.0
19,200,0,dpga,roi_shared,0.6312558650970459,0.0,global_ddp_mean,2,0.013562365435063839,9.433904647827148,9.433904647827148,0.2965669631958008,0.2965669631958008,0.2965669631958008,0.2965669631958008,0.05931339352299858,0.2965669631958008,0.03143629009056257,0.03143629009056257,0.03143629009056257,0.0062872581117999595,0.0062872581117999595,8.52700920968005e-05,8.52700920968005e-05,1.0000852700920968,0.9999802395589555,0.360194155930451,0,0,0,0,0,0,0,1.0,1.0,0.2,0.20000000298023224
19,200,0,dpga,roi_cls,0.6312558650970459,0.0,global_ddp_mean,2,0.0,6.390942096710205,6.390942096710205,0.0,0.0,0.0,0.0,0.0,0.0,0.0,0.0,0.0,0.0,0.0,0.0,0.0,1.0,1.0,0.0,0,0,0,0,0,0,0,0.0,0.0,0.2,0.0
19,200,0,dpga,roi_reg,0.6312558650970459,0.0,global_ddp_mean,2,0.23946122825145721,4.473522663116455,4.473522663116455,1.1133387088775635,1.1133387088775635,1.1133387088775635,0.22367613017559052,0.04473522670172492,0.22367613017559052,0.2488729336406138,0.2488729336406138,0.04999999933380638,0.010000000015772887,0.010000000015772887,0.002394612584314792,0.002394612584314792,1.0023946125843148,0.9999531540076796,0.5545944857085751,0,0,0,0,0,0,1,0.20090574026107788,1.0,0.2,0.20000000298023224
19,300,0,dpga,backbone,0.2215423434972763,0.0,global_ddp_mean,2,0.0,11.943602561950684,11.943602561950684,0.0,0.0,0.0,0.0,0.0,0.0,0.0,0.0,0.0,0.0,0.0,0.0,0.0,1.0,1.0,0.0,0,0,0,0,0,0,0,0.0,0.0,0.2,0.0
19,300,0,dpga,fpn,0.2215423434972763,0.0,global_ddp_mean,2,0.0,2.1672375202178955,2.1672375202178955,0.0,0.0,0.0,0.0,0.0,0.0,0.0,0.0,0.0,0.0,0.0,0.0,0.0,1.0,1.0,0.0,0,0,0,0,0,0,0,0.0,0.0,0.2,0.0
19,300,0,dpga,rpn,0.2215423434972763,0.0,global_ddp_mean,2,0.0,4.248116493225098,4.248116493225098,0.0,0.0,0.0,0.0,0.0,0.0,0.0,0.0,0.0,0.0,0.0,0.0,0.0,1.0,1.0,0.0,0,0,0,0,0,0,0,0.0,0.0,0.2,0.0
19,300,0,dpga,roi_shared,0.2215423434972763,0.0,global_ddp_mean,2,0.0,4.1839704513549805,4.1839704513549805,0.0,0.0,0.0,0.0,0.0,0.0,0.0,0.0,0.0,0.0,0.0,0.0,0.0,1.0,1.0,0.0,0,0,0,0,0,0,0,0.0,0.0,0.2,0.0
19,300,0,dpga,roi_cls,0.2215423434972763,0.0,global_ddp_mean,2,0.0,2.2585554122924805,2.2585554122924805,0.0,0.0,0.0,0.0,0.0,0.0,0.0,0.0,0.0,0.0,0.0,0.0,0.0,1.0,1.0,0.0,0,0,0,0,0,0,0,0.0,0.0,0.2,0.0
19,300,0,dpga,roi_reg,0.2215423434972763,0.0,global_ddp_mean,2,0.0,3.785688638687134,3.785688638687134,0.0,0.0,0.0,0.0,0.0,0.0,0.0,0.0,0.0,0.0,0.0,0.0,0.0,1.0,1.0,0.0,0,0,0,0,0,0,0,0.0,0.0,0.2,0.0
19,400,0,dpga,backbone,1.0210793018341064,0.0,global_ddp_mean,2,0.0,94.07232666015625,94.07232666015625,0.0,0.0,0.0,0.0,0.0,0.0,0.0,0.0,0.0,0.0,0.0,0.0,0.0,1.0,1.0,0.0,0,0,0,0,0,0,0,0.0,0.0,0.2,0.0
19,400,0,dpga,fpn,1.0210793018341064,0.0,global_ddp_mean,2,0.0,18.498559951782227,18.498559951782227,0.0,0.0,0.0,0.0,0.0,0.0,0.0,0.0,0.0,0.0,0.0,0.0,0.0,1.0,1.0,0.0,0,0,0,0,0,0,0,0.0,0.0,0.2,0.0
19,400,0,dpga,rpn,1.0210793018341064,0.0,global_ddp_mean,2,0.0,2.370504140853882,2.370504140853882,0.0,0.0,0.0,0.0,0.0,0.0,0.0,0.0,0.0,0.0,0.0,0.0,0.0,1.0,1.0,0.0,0,0,0,0,0,0,0,0.0,0.0,0.2,0.0
19,400,0,dpga,roi_shared,1.0210793018341064,0.0,global_ddp_mean,2,0.0,39.56257629394531,39.56257629394531,0.0,0.0,0.0,0.0,0.0,0.0,0.0,0.0,0.0,0.0,0.0,0.0,0.0,1.0,1.0,0.0,0,0,0,0,0,0,0,0.0,0.0,0.2,0.0
19,400,0,dpga,roi_cls,1.0210793018341064,0.0,global_ddp_mean,2,0.0,29.604272842407227,29.604272842407227,0.0,0.0,0.0,0.0,0.0,0.0,0.0,0.0,0.0,0.0,0.0,0.0,0.0,1.0,1.0,0.0,0,0,0,0,0,0,0,0.0,0.0,0.2,0.0
19,400,0,dpga,roi_reg,1.0210793018341064,0.0,global_ddp_mean,2,0.0,6.030219554901123,6.030219554901123,0.0,0.0,0.0,0.0,0.0,0.0,0.0,0.0,0.0,0.0,0.0,0.0,0.0,1.0,1.0,0.0,0,0,0,0,0,0,0,0.0,0.0,0.2,0.0
19,500,0,dpga,backbone,0.2533376216888428,-0.0,global_ddp_mean,2,0.0,7.484068393707275,7.484068393707275,0.0,0.0,0.0,0.0,0.0,0.0,0.0,0.0,0.0,0.0,0.0,0.0,0.0,1.0,1.0,0.0,0,0,0,0,0,0,0,0.0,0.0,0.2,0.0
19,500,0,dpga,fpn,0.2533376216888428,-0.0,global_ddp_mean,2,0.0,1.2615444660186768,1.2615444660186768,0.0,0.0,0.0,0.0,0.0,0.0,0.0,0.0,0.0,0.0,0.0,0.0,0.0,1.0,1.0,0.0,0,0,0,0,0,0,0,0.0,0.0,0.2,0.0
19,500,0,dpga,rpn,0.2533376216888428,-0.0,global_ddp_mean,2,0.0,2.789961099624634,2.789961099624634,0.0,0.0,0.0,0.0,0.0,0.0,0.0,0.0,0.0,0.0,0.0,0.0,0.0,1.0,1.0,0.0,0,0,0,0,0,0,0,0.0,0.0,0.2,0.0
19,500,0,dpga,roi_shared,0.2533376216888428,-0.0,global_ddp_mean,2,0.0,2.2009847164154053,2.2009847164154053,0.0,0.0,0.0,0.0,0.0,0.0,0.0,0.0,0.0,0.0,0.0,0.0,0.0,1.0,1.0,0.0,0,0,0,0,0,0,0,0.0,0.0,0.2,0.0
19,500,0,dpga,roi_cls,0.2533376216888428,-0.0,global_ddp_mean,2,0.0,1.487497329711914,1.487497329711914,0.0,0.0,0.0,0.0,0.0,0.0,0.0,0.0,0.0,0.0,0.0,0.0,0.0,1.0,1.0,0.0,0,0,0,0,0,0,0,0.0,0.0,0.2,0.0
19,500,0,dpga,roi_reg,0.2533376216888428,-0.0,global_ddp_mean,2,0.0,1.2839868068695068,1.2839868068695068,0.0,0.0,0.0,0.0,0.0,0.0,0.0,0.0,0.0,0.0,0.0,0.0,0.0,1.0,1.0,0.0,0,0,0,0,0,0,0,0.0,0.0,0.2,0.0
19,600,0,dpga,backbone,0.11343935132026672,-0.0,global_ddp_mean,2,0.0,7.817902088165283,7.817902088165283,0.0,0.0,0.0,0.0,0.0,0.0,0.0,0.0,0.0,0.0,0.0,0.0,0.0,1.0,1.0,0.0,0,0,0,0,0,0,0,0.0,0.0,0.2,0.0
19,600,0,dpga,fpn,0.11343935132026672,-0.0,global_ddp_mean,2,0.0,1.4652116298675537,1.4652116298675537,0.0,0.0,0.0,0.0,0.0,0.0,0.0,0.0,0.0,0.0,0.0,0.0,0.0,1.0,1.0,0.0,0,0,0,0,0,0,0,0.0,0.0,0.2,0.0
19,600,0,dpga,rpn,0.11343935132026672,-0.0,global_ddp_mean,2,0.0,1.586964726448059,1.586964726448059,0.0,0.0,0.0,0.0,0.0,0.0,0.0,0.0,0.0,0.0,0.0,0.0,0.0,1.0,1.0,0.0,0,0,0,0,0,0,0,0.0,0.0,0.2,0.0
19,600,0,dpga,roi_shared,0.11343935132026672,-0.0,global_ddp_mean,2,0.0,3.018510103225708,3.018510103225708,0.0,0.0,0.0,0.0,0.0,0.0,0.0,0.0,0.0,0.0,0.0,0.0,0.0,1.0,1.0,0.0,0,0,0,0,0,0,0,0.0,0.0,0.2,0.0
19,600,0,dpga,roi_cls,0.11343935132026672,-0.0,global_ddp_mean,2,0.0,2.526685953140259,2.526685953140259,0.0,0.0,0.0,0.0,0.0,0.0,0.0,0.0,0.0,0.0,0.0,0.0,0.0,1.0,1.0,0.0,0,0,0,0,0,0,0,0.0,0.0,0.2,0.0
19,600,0,dpga,roi_reg,0.11343935132026672,-0.0,global_ddp_mean,2,0.0,0.18615972995758057,0.18615972995758057,0.0,0.0,0.0,0.0,0.0,0.0,0.0,0.0,0.0,0.0,0.0,0.0,0.0,1.0,1.0,0.0,0,0,0,0,0,0,0,0.0,0.0,0.2,0.0
19,700,0,dpga,backbone,0.16412818431854248,-0.0,global_ddp_mean,2,0.0,8.235587120056152,8.235587120056152,0.0,0.0,0.0,0.0,0.0,0.0,0.0,0.0,0.0,0.0,0.0,0.0,0.0,1.0,1.0,0.0,0,0,0,0,0,0,0,0.0,0.0,0.2,0.0
19,700,0,dpga,fpn,0.16412818431854248,-0.0,global_ddp_mean,2,0.0,1.085460901260376,1.085460901260376,0.0,0.0,0.0,0.0,0.0,0.0,0.0,0.0,0.0,0.0,0.0,0.0,0.0,1.0,1.0,0.0,0,0,0,0,0,0,0,0.0,0.0,0.2,0.0
19,700,0,dpga,rpn,0.16412818431854248,-0.0,global_ddp_mean,2,0.0,1.2785868644714355,1.2785868644714355,0.0,0.0,0.0,0.0,0.0,0.0,0.0,0.0,0.0,0.0,0.0,0.0,0.0,1.0,1.0,0.0,0,0,0,0,0,0,0,0.0,0.0,0.2,0.0
19,700,0,dpga,roi_shared,0.16412818431854248,-0.0,global_ddp_mean,2,0.0,2.011040210723877,2.011040210723877,0.0,0.0,0.0,0.0,0.0,0.0,0.0,0.0,0.0,0.0,0.0,0.0,0.0,1.0,1.0,0.0,0,0,0,0,0,0,0,0.0,0.0,0.2,0.0
19,700,0,dpga,roi_cls,0.16412818431854248,-0.0,global_ddp_mean,2,0.0,1.1078410148620605,1.1078410148620605,0.0,0.0,0.0,0.0,0.0,0.0,0.0,0.0,0.0,0.0,0.0,0.0,0.0,1.0,1.0,0.0,0,0,0,0,0,0,0,0.0,0.0,0.2,0.0
19,700,0,dpga,roi_reg,0.16412818431854248,-0.0,global_ddp_mean,2,0.0,1.279626488685608,1.279626488685608,0.0,0.0,0.0,0.0,0.0,0.0,0.0,0.0,0.0,0.0,0.0,0.0,0.0,1.0,1.0,0.0,0,0,0,0,0,0,0,0.0,0.0,0.2,0.0
19,800,0,dpga,backbone,0.007096659857779741,0.0,global_ddp_mean,2,0.0,3.1899702548980713,3.1899702548980713,0.0,0.0,0.0,0.0,0.0,0.0,0.0,0.0,0.0,0.0,0.0,0.0,0.0,1.0,1.0,0.0,0,0,0,0,0,0,0,0.0,0.0,0.2,0.0
19,800,0,dpga,fpn,0.007096659857779741,0.0,global_ddp_mean,2,0.0,0.23450744152069092,0.23450744152069092,0.0,0.0,0.0,0.0,0.0,0.0,0.0,0.0,0.0,0.0,0.0,0.0,0.0,1.0,1.0,0.0,0,0,0,0,0,0,0,0.0,0.0,0.2,0.0
19,800,0,dpga,rpn,0.007096659857779741,0.0,global_ddp_mean,2,0.0,0.5609132051467896,0.5609132051467896,0.0,0.0,0.0,0.0,0.0,0.0,0.0,0.0,0.0,0.0,0.0,0.0,0.0,1.0,1.0,0.0,0,0,0,0,0,0,0,0.0,0.0,0.2,0.0
19,800,0,dpga,roi_shared,0.007096659857779741,0.0,global_ddp_mean,2,0.0,0.0,0.0,0.0,0.0,0.0,0.0,0.0,0.0,0.0,0.0,0.0,0.0,0.0,0.0,0.0,0.0,0.0,90.0,0,0,0,0,0,0,0,0.0,0.0,0.2,0.0
19,800,0,dpga,roi_cls,0.007096659857779741,0.0,global_ddp_mean,2,0.0,0.0,0.0,0.0,0.0,0.0,0.0,0.0,0.0,0.0,0.0,0.0,0.0,0.0,0.0,0.0,0.0,0.0,90.0,0,0,0,0,0,0,0,0.0,0.0,0.2,0.0
19,800,0,dpga,roi_reg,0.007096659857779741,0.0,global_ddp_mean,2,0.0,0.0,0.0,0.0,0.0,0.0,0.0,0.0,0.0,0.0,0.0,0.0,0.0,0.0,0.0,0.0,0.0,0.0,90.0,0,0,0,0,0,0,0,0.0,0.0,0.2,0.0
19,900,0,dpga,backbone,0.0009462066227570176,0.0,global_ddp_mean,2,0.0,25.346508026123047,25.346508026123047,0.0,0.0,0.0,0.0,0.0,0.0,0.0,0.0,0.0,0.0,0.0,0.0,0.0,1.0,1.0,0.0,0,0,0,0,0,0,0,0.0,0.0,0.2,0.0
19,900,0,dpga,fpn,0.0009462066227570176,0.0,global_ddp_mean,2,0.0,6.929181098937988,6.929181098937988,0.0,0.0,0.0,0.0,0.0,0.0,0.0,0.0,0.0,0.0,0.0,0.0,0.0,1.0,1.0,0.0,0,0,0,0,0,0,0,0.0,0.0,0.2,0.0
19,900,0,dpga,rpn,0.0009462066227570176,0.0,global_ddp_mean,2,0.0,2.8792660236358643,2.8792660236358643,0.0,0.0,0.0,0.0,0.0,0.0,0.0,0.0,0.0,0.0,0.0,0.0,0.0,1.0,1.0,0.0,0,0,0,0,0,0,0,0.0,0.0,0.2,0.0
19,900,0,dpga,roi_shared,0.0009462066227570176,0.0,global_ddp_mean,2,0.0,13.588541984558105,13.588541984558105,0.0,0.0,0.0,0.0,0.0,0.0,0.0,0.0,0.0,0.0,0.0,0.0,0.0,1.0,1.0,0.0,0,0,0,0,0,0,0,0.0,0.0,0.2,0.0
19,900,0,dpga,roi_cls,0.0009462066227570176,0.0,global_ddp_mean,2,0.0,10.79079532623291,10.79079532623291,0.0,0.0,0.0,0.0,0.0,0.0,0.0,0.0,0.0,0.0,0.0,0.0,0.0,1.0,1.0,0.0,0,0,0,0,0,0,0,0.0,0.0,0.2,0.0
19,900,0,dpga,roi_reg,0.0009462066227570176,0.0,global_ddp_mean,2,0.0,3.4324357509613037,3.4324357509613037,0.0,0.0,0.0,0.0,0.0,0.0,0.0,0.0,0.0,0.0,0.0,0.0,0.0,1.0,1.0,0.0,0,0,0,0,0,0,0,0.0,0.0,0.2,0.0
19,1000,0,dpga,backbone,0.4430195987224579,0.0,global_ddp_mean,2,0.0,9.04494571685791,9.04494571685791,0.0,0.0,0.0,0.0,0.0,0.0,0.0,0.0,0.0,0.0,0.0,0.0,0.0,1.0,1.0,0.0,0,0,0,0,0,0,0,0.0,0.0,0.2,0.0
19,1000,0,dpga,fpn,0.4430195987224579,0.0,global_ddp_mean,2,0.0,1.8937575817108154,1.8937575817108154,0.0,0.0,0.0,0.0,0.0,0.0,0.0,0.0,0.0,0.0,0.0,0.0,0.0,1.0,1.0,0.0,0,0,0,0,0,0,0,0.0,0.0,0.2,0.0
19,1000,0,dpga,rpn,0.4430195987224579,0.0,global_ddp_mean,2,0.0,2.1337177753448486,2.1337177753448486,0.0,0.0,0.0,0.0,0.0,0.0,0.0,0.0,0.0,0.0,0.0,0.0,0.0,1.0,1.0,0.0,0,0,0,0,0,0,0,0.0,0.0,0.2,0.0
19,1000,0,dpga,roi_shared,0.4430195987224579,0.0,global_ddp_mean,2,0.0,3.8954567909240723,3.8954567909240723,0.0,0.0,0.0,0.0,0.0,0.0,0.0,0.0,0.0,0.0,0.0,0.0,0.0,1.0,1.0,0.0,0,0,0,0,0,0,0,0.0,0.0,0.2,0.0
19,1000,0,dpga,roi_cls,0.4430195987224579,0.0,global_ddp_mean,2,0.0,2.3489274978637695,2.3489274978637695,0.0,0.0,0.0,0.0,0.0,0.0,0.0,0.0,0.0,0.0,0.0,0.0,0.0,1.0,1.0,0.0,0,0,0,0,0,0,0,0.0,0.0,0.2,0.0
19,1000,0,dpga,roi_reg,0.4430195987224579,0.0,global_ddp_mean,2,0.0,2.3585078716278076,2.3585078716278076,0.0,0.0,0.0,0.0,0.0,0.0,0.0,0.0,0.0,0.0,0.0,0.0,0.0,1.0,1.0,0.0,0,0,0,0,0,0,0,0.0,0.0,0.2,0.0
19,1100,0,dpga,backbone,0.2913661301136017,0.0,global_ddp_mean,2,0.0,14.950471878051758,14.950471878051758,0.0,0.0,0.0,0.0,0.0,0.0,0.0,0.0,0.0,0.0,0.0,0.0,0.0,1.0,1.0,0.0,0,0,0,0,0,0,0,0.0,0.0,0.2,0.0
19,1100,0,dpga,fpn,0.2913661301136017,0.0,global_ddp_mean,2,0.0,2.184910297393799,2.184910297393799,0.0,0.0,0.0,0.0,0.0,0.0,0.0,0.0,0.0,0.0,0.0,0.0,0.0,1.0,1.0,0.0,0,0,0,0,0,0,0,0.0,0.0,0.2,0.0
19,1100,0,dpga,rpn,0.2913661301136017,0.0,global_ddp_mean,2,0.0,1.5036214590072632,1.5036214590072632,0.0,0.0,0.0,0.0,0.0,0.0,0.0,0.0,0.0,0.0,0.0,0.0,0.0,1.0,1.0,0.0,0,0,0,0,0,0,0,0.0,0.0,0.2,0.0
19,1100,0,dpga,roi_shared,0.2913661301136017,0.0,global_ddp_mean,2,0.0,4.8367180824279785,4.8367180824279785,0.0,0.0,0.0,0.0,0.0,0.0,0.0,0.0,0.0,0.0,0.0,0.0,0.0,1.0,1.0,0.0,0,0,0,0,0,0,0,0.0,0.0,0.2,0.0
19,1100,0,dpga,roi_cls,0.2913661301136017,0.0,global_ddp_mean,2,0.0,2.3578999042510986,2.3578999042510986,0.0,0.0,0.0,0.0,0.0,0.0,0.0,0.0,0.0,0.0,0.0,0.0,0.0,1.0,1.0,0.0,0,0,0,0,0,0,0,0.0,0.0,0.2,0.0
19,1100,0,dpga,roi_reg,0.2913661301136017,0.0,global_ddp_mean,2,0.0,6.140476703643799,6.140476703643799,0.0,0.0,0.0,0.0,0.0,0.0,0.0,0.0,0.0,0.0,0.0,0.0,0.0,1.0,1.0,0.0,0,0,0,0,0,0,0,0.0,0.0,0.2,0.0
19,1200,0,dpga,backbone,0.5533840656280518,0.0,global_ddp_mean,2,0.0,19.430082321166992,19.430082321166992,0.0,0.0,0.0,0.0,0.0,0.0,0.0,0.0,0.0,0.0,0.0,0.0,0.0,1.0,1.0,0.0,0,0,0,0,0,0,0,0.0,0.0,0.2,0.0
19,1200,0,dpga,fpn,0.5533840656280518,0.0,global_ddp_mean,2,0.0,3.4033658504486084,3.4033658504486084,0.0,0.0,0.0,0.0,0.0,0.0,0.0,0.0,0.0,0.0,0.0,0.0,0.0,1.0,1.0,0.0,0,0,0,0,0,0,0,0.0,0.0,0.2,0.0
19,1200,0,dpga,rpn,0.5533840656280518,0.0,global_ddp_mean,2,0.0,3.150010824203491,3.150010824203491,0.0,0.0,0.0,0.0,0.0,0.0,0.0,0.0,0.0,0.0,0.0,0.0,0.0,1.0,1.0,0.0,0,0,0,0,0,0,0,0.0,0.0,0.2,0.0
19,1200,0,dpga,roi_shared,0.5533840656280518,0.0,global_ddp_mean,2,0.0,6.698470592498779,6.698470592498779,0.0,0.0,0.0,0.0,0.0,0.0,0.0,0.0,0.0,0.0,0.0,0.0,0.0,1.0,1.0,0.0,0,0,0,0,0,0,0,0.0,0.0,0.2,0.0
19,1200,0,dpga,roi_cls,0.5533840656280518,0.0,global_ddp_mean,2,0.0,5.528604984283447,5.528604984283447,0.0,0.0,0.0,0.0,0.0,0.0,0.0,0.0,0.0,0.0,0.0,0.0,0.0,1.0,1.0,0.0,0,0,0,0,0,0,0,0.0,0.0,0.2,0.0
19,1200,0,dpga,roi_reg,0.5533840656280518,0.0,global_ddp_mean,2,0.0,4.121969223022461,4.121969223022461,0.0,0.0,0.0,0.0,0.0,0.0,0.0,0.0,0.0,0.0,0.0,0.0,0.0,1.0,1.0,0.0,0,0,0,0,0,0,0,0.0,0.0,0.2,0.0
19,1300,0,dpga,backbone,0.25423663854599,-0.0,global_ddp_mean,2,0.0,6.912664890289307,6.912664890289307,0.0,0.0,0.0,0.0,0.0,0.0,0.0,0.0,0.0,0.0,0.0,0.0,0.0,1.0,1.0,0.0,0,0,0,0,0,0,0,0.0,0.0,0.2,0.0
19,1300,0,dpga,fpn,0.25423663854599,-0.0,global_ddp_mean,2,0.0,1.1539767980575562,1.1539767980575562,0.0,0.0,0.0,0.0,0.0,0.0,0.0,0.0,0.0,0.0,0.0,0.0,0.0,1.0,1.0,0.0,0,0,0,0,0,0,0,0.0,0.0,0.2,0.0
19,1300,0,dpga,rpn,0.25423663854599,-0.0,global_ddp_mean,2,0.0,1.8131725788116455,1.8131725788116455,0.0,0.0,0.0,0.0,0.0,0.0,0.0,0.0,0.0,0.0,0.0,0.0,0.0,1.0,1.0,0.0,0,0,0,0,0,0,0,0.0,0.0,0.2,0.0
19,1300,0,dpga,roi_shared,0.25423663854599,-0.0,global_ddp_mean,2,0.0,1.7289549112319946,1.7289549112319946,0.0,0.0,0.0,0.0,0.0,0.0,0.0,0.0,0.0,0.0,0.0,0.0,0.0,1.0,1.0,0.0,0,0,0,0,0,0,0,0.0,0.0,0.2,0.0
19,1300,0,dpga,roi_cls,0.25423663854599,-0.0,global_ddp_mean,2,0.0,1.3398035764694214,1.3398035764694214,0.0,0.0,0.0,0.0,0.0,0.0,0.0,0.0,0.0,0.0,0.0,0.0,0.0,1.0,1.0,0.0,0,0,0,0,0,0,0,0.0,0.0,0.2,0.0
19,1300,0,dpga,roi_reg,0.25423663854599,-0.0,global_ddp_mean,2,0.0,1.3096073865890503,1.3096073865890503,0.0,0.0,0.0,0.0,0.0,0.0,0.0,0.0,0.0,0.0,0.0,0.0,0.0,1.0,1.0,0.0,0,0,0,0,0,0,0,0.0,0.0,0.2,0.0
19,1400,0,dpga,backbone,0.3775445818901062,0.0,global_ddp_mean,2,0.0,19.603574752807617,19.603574752807617,0.0,0.0,0.0,0.0,0.0,0.0,0.0,0.0,0.0,0.0,0.0,0.0,0.0,1.0,1.0,0.0,0,0,0,0,0,0,0,0.0,0.0,0.2,0.0
19,1400,0,dpga,fpn,0.3775445818901062,0.0,global_ddp_mean,2,0.0,2.524268388748169,2.524268388748169,0.0,0.0,0.0,0.0,0.0,0.0,0.0,0.0,0.0,0.0,0.0,0.0,0.0,1.0,1.0,0.0,0,0,0,0,0,0,0,0.0,0.0,0.2,0.0
19,1400,0,dpga,rpn,0.3775445818901062,0.0,global_ddp_mean,2,0.0,4.767982006072998,4.767982006072998,0.0,0.0,0.0,0.0,0.0,0.0,0.0,0.0,0.0,0.0,0.0,0.0,0.0,1.0,1.0,0.0,0,0,0,0,0,0,0,0.0,0.0,0.2,0.0
19,1400,0,dpga,roi_shared,0.3775445818901062,0.0,global_ddp_mean,2,0.0,3.785801649093628,3.785801649093628,0.0,0.0,0.0,0.0,0.0,0.0,0.0,0.0,0.0,0.0,0.0,0.0,0.0,1.0,1.0,0.0,0,0,0,0,0,0,0,0.0,0.0,0.2,0.0
19,1400,0,dpga,roi_cls,0.3775445818901062,0.0,global_ddp_mean,2,0.0,2.5306968688964844,2.5306968688964844,0.0,0.0,0.0,0.0,0.0,0.0,0.0,0.0,0.0,0.0,0.0,0.0,0.0,1.0,1.0,0.0,0,0,0,0,0,0,0,0.0,0.0,0.2,0.0
19,1400,0,dpga,roi_reg,0.3775445818901062,0.0,global_ddp_mean,2,0.0,1.6131799221038818,1.6131799221038818,0.0,0.0,0.0,0.0,0.0,0.0,0.0,0.0,0.0,0.0,0.0,0.0,0.0,1.0,1.0,0.0,0,0,0,0,0,0,0,0.0,0.0,0.2,0.0
20,0,0,dpga,backbone,0.9176552295684814,0.0,global_ddp_mean,2,0.0,37.03396987915039,37.03396987915039,0.0,0.0,0.0,0.0,0.0,0.0,0.0,0.0,0.0,0.0,0.0,0.0,0.0,1.0,1.0,0.0,0,0,0,0,0,0,0,0.0,0.0,0.2,0.0
20,0,0,dpga,fpn,0.9176552295684814,0.0,global_ddp_mean,2,0.0,8.21575927734375,8.21575927734375,0.0,0.0,0.0,0.0,0.0,0.0,0.0,0.0,0.0,0.0,0.0,0.0,0.0,1.0,1.0,0.0,0,0,0,0,0,0,0,0.0,0.0,0.2,0.0
20,0,0,dpga,rpn,0.9176552295684814,0.0,global_ddp_mean,2,0.0,2.0939157009124756,2.0939157009124756,0.0,0.0,0.0,0.0,0.0,0.0,0.0,0.0,0.0,0.0,0.0,0.0,0.0,1.0,1.0,0.0,0,0,0,0,0,0,0,0.0,0.0,0.2,0.0
20,0,0,dpga,roi_shared,0.9176552295684814,0.0,global_ddp_mean,2,0.0,17.203310012817383,17.203310012817383,0.0,0.0,0.0,0.0,0.0,0.0,0.0,0.0,0.0,0.0,0.0,0.0,0.0,1.0,1.0,0.0,0,0,0,0,0,0,0,0.0,0.0,0.2,0.0
20,0,0,dpga,roi_cls,0.9176552295684814,0.0,global_ddp_mean,2,0.0,13.608116149902344,13.608116149902344,0.0,0.0,0.0,0.0,0.0,0.0,0.0,0.0,0.0,0.0,0.0,0.0,0.0,1.0,1.0,0.0,0,0,0,0,0,0,0,0.0,0.0,0.2,0.0
20,0,0,dpga,roi_reg,0.9176552295684814,0.0,global_ddp_mean,2,0.0,3.218078374862671,3.218078374862671,0.0,0.0,0.0,0.0,0.0,0.0,0.0,0.0,0.0,0.0,0.0,0.0,0.0,1.0,1.0,0.0,0,0,0,0,0,0,0,0.0,0.0,0.2,0.0
20,100,0,dpga,backbone,0.05946631729602814,-0.0,global_ddp_mean,2,0.0,16.684865951538086,16.684865951538086,0.0,0.0,0.0,0.0,0.0,0.0,0.0,0.0,0.0,0.0,0.0,0.0,0.0,1.0,1.0,0.0,0,0,0,0,0,0,0,0.0,0.0,0.2,0.0
20,100,0,dpga,fpn,0.05946631729602814,-0.0,global_ddp_mean,2,0.0,2.1038973331451416,2.1038973331451416,0.0,0.0,0.0,0.0,0.0,0.0,0.0,0.0,0.0,0.0,0.0,0.0,0.0,1.0,1.0,0.0,0,0,0,0,0,0,0,0.0,0.0,0.2,0.0
20,100,0,dpga,rpn,0.05946631729602814,-0.0,global_ddp_mean,2,0.0,3.7357449531555176,3.7357449531555176,0.0,0.0,0.0,0.0,0.0,0.0,0.0,0.0,0.0,0.0,0.0,0.0,0.0,1.0,1.0,0.0,0,0,0,0,0,0,0,0.0,0.0,0.2,0.0
20,100,0,dpga,roi_shared,0.05946631729602814,-0.0,global_ddp_mean,2,0.0,5.251694679260254,5.251694679260254,0.0,0.0,0.0,0.0,0.0,0.0,0.0,0.0,0.0,0.0,0.0,0.0,0.0,1.0,1.0,0.0,0,0,0,0,0,0,0,0.0,0.0,0.2,0.0
20,100,0,dpga,roi_cls,0.05946631729602814,-0.0,global_ddp_mean,2,0.0,4.425405025482178,4.425405025482178,0.0,0.0,0.0,0.0,0.0,0.0,0.0,0.0,0.0,0.0,0.0,0.0,0.0,1.0,1.0,0.0,0,0,0,0,0,0,0,0.0,0.0,0.2,0.0
20,100,0,dpga,roi_reg,0.05946631729602814,-0.0,global_ddp_mean,2,0.0,2.985908031463623,2.985908031463623,0.0,0.0,0.0,0.0,0.0,0.0,0.0,0.0,0.0,0.0,0.0,0.0,0.0,1.0,1.0,0.0,0,0,0,0,0,0,0,0.0,0.0,0.2,0.0
20,200,0,dpga,backbone,0.006250989623367786,0.0,global_ddp_mean,2,0.0,5.301517009735107,5.301517009735107,0.0,0.0,0.0,0.0,0.0,0.0,0.0,0.0,0.0,0.0,0.0,0.0,0.0,1.0,1.0,0.0,0,0,0,0,0,0,0,0.0,0.0,0.2,0.0
20,200,0,dpga,fpn,0.006250989623367786,0.0,global_ddp_mean,2,0.0,0.5340270400047302,0.5340270400047302,0.0,0.0,0.0,0.0,0.0,0.0,0.0,0.0,0.0,0.0,0.0,0.0,0.0,1.0,1.0,0.0,0,0,0,0,0,0,0,0.0,0.0,0.2,0.0
20,200,0,dpga,rpn,0.006250989623367786,0.0,global_ddp_mean,2,0.0,0.7987549901008606,0.7987549901008606,0.0,0.0,0.0,0.0,0.0,0.0,0.0,0.0,0.0,0.0,0.0,0.0,0.0,1.0,1.0,0.0,0,0,0,0,0,0,0,0.0,0.0,0.2,0.0
20,200,0,dpga,roi_shared,0.006250989623367786,0.0,global_ddp_mean,2,0.0,0.8640084266662598,0.8640084266662598,0.0,0.0,0.0,0.0,0.0,0.0,0.0,0.0,0.0,0.0,0.0,0.0,0.0,1.0,1.0,0.0,0,0,0,0,0,0,0,0.0,0.0,0.2,0.0
20,200,0,dpga,roi_cls,0.006250989623367786,0.0,global_ddp_mean,2,0.0,0.826132595539093,0.826132595539093,0.0,0.0,0.0,0.0,0.0,0.0,0.0,0.0,0.0,0.0,0.0,0.0,0.0,1.0,1.0,0.0,0,0,0,0,0,0,0,0.0,0.0,0.2,0.0
20,200,0,dpga,roi_reg,0.006250989623367786,0.0,global_ddp_mean,2,0.0,0.528053879737854,0.528053879737854,0.0,0.0,0.0,0.0,0.0,0.0,0.0,0.0,0.0,0.0,0.0,0.0,0.0,1.0,1.0,0.0,0,0,0,0,0,0,0,0.0,0.0,0.2,0.0
20,300,0,dpga,backbone,0.007739176973700523,0.0,global_ddp_mean,2,0.0,2.8599014282226562,2.8599014282226562,0.0,0.0,0.0,0.0,0.0,0.0,0.0,0.0,0.0,0.0,0.0,0.0,0.0,1.0,1.0,0.0,0,0,0,0,0,0,0,0.0,0.0,0.2,0.0
20,300,0,dpga,fpn,0.007739176973700523,0.0,global_ddp_mean,2,0.0,0.28474143147468567,0.28474143147468567,0.0,0.0,0.0,0.0,0.0,0.0,0.0,0.0,0.0,0.0,0.0,0.0,0.0,1.0,1.0,0.0,0,0,0,0,0,0,0,0.0,0.0,0.2,0.0
20,300,0,dpga,rpn,0.007739176973700523,0.0,global_ddp_mean,2,0.0,0.5420222878456116,0.5420222878456116,0.0,0.0,0.0,0.0,0.0,0.0,0.0,0.0,0.0,0.0,0.0,0.0,0.0,1.0,1.0,0.0,0,0,0,0,0,0,0,0.0,0.0,0.2,0.0
20,300,0,dpga,roi_shared,0.007739176973700523,0.0,global_ddp_mean,2,0.0,0.0,0.0,0.0,0.0,0.0,0.0,0.0,0.0,0.0,0.0,0.0,0.0,0.0,0.0,0.0,0.0,0.0,90.0,0,0,0,0,0,0,0,0.0,0.0,0.2,0.0
20,300,0,dpga,roi_cls,0.007739176973700523,0.0,global_ddp_mean,2,0.0,0.0,0.0,0.0,0.0,0.0,0.0,0.0,0.0,0.0,0.0,0.0,0.0,0.0,0.0,0.0,0.0,0.0,90.0,0,0,0,0,0,0,0,0.0,0.0,0.2,0.0
20,300,0,dpga,roi_reg,0.007739176973700523,0.0,global_ddp_mean,2,0.0,0.0,0.0,0.0,0.0,0.0,0.0,0.0,0.0,0.0,0.0,0.0,0.0,0.0,0.0,0.0,0.0,0.0,90.0,0,0,0,0,0,0,0,0.0,0.0,0.2,0.0
20,400,0,dpga,backbone,0.35301560163497925,-0.0,global_ddp_mean,2,0.0,19.127138137817383,19.127138137817383,0.0,0.0,0.0,0.0,0.0,0.0,0.0,0.0,0.0,0.0,0.0,0.0,0.0,1.0,1.0,0.0,0,0,0,0,0,0,0,0.0,0.0,0.2,0.0
20,400,0,dpga,fpn,0.35301560163497925,-0.0,global_ddp_mean,2,0.0,3.1736600399017334,3.1736600399017334,0.0,0.0,0.0,0.0,0.0,0.0,0.0,0.0,0.0,0.0,0.0,0.0,0.0,1.0,1.0,0.0,0,0,0,0,0,0,0,0.0,0.0,0.2,0.0
20,400,0,dpga,rpn,0.35301560163497925,-0.0,global_ddp_mean,2,0.0,3.290485382080078,3.290485382080078,0.0,0.0,0.0,0.0,0.0,0.0,0.0,0.0,0.0,0.0,0.0,0.0,0.0,1.0,1.0,0.0,0,0,0,0,0,0,0,0.0,0.0,0.2,0.0
20,400,0,dpga,roi_shared,0.35301560163497925,-0.0,global_ddp_mean,2,0.0,8.684329986572266,8.684329986572266,0.0,0.0,0.0,0.0,0.0,0.0,0.0,0.0,0.0,0.0,0.0,0.0,0.0,1.0,1.0,0.0,0,0,0,0,0,0,0,0.0,0.0,0.2,0.0
20,400,0,dpga,roi_cls,0.35301560163497925,-0.0,global_ddp_mean,2,0.0,8.776110649108887,8.776110649108887,0.0,0.0,0.0,0.0,0.0,0.0,0.0,0.0,0.0,0.0,0.0,0.0,0.0,1.0,1.0,0.0,0,0,0,0,0,0,0,0.0,0.0,0.2,0.0
20,400,0,dpga,roi_reg,0.35301560163497925,-0.0,global_ddp_mean,2,0.0,5.10486364364624,5.10486364364624,0.0,0.0,0.0,0.0,0.0,0.0,0.0,0.0,0.0,0.0,0.0,0.0,0.0,1.0,1.0,0.0,0,0,0,0,0,0,0,0.0,0.0,0.2,0.0
20,500,0,dpga,backbone,0.013379842974245548,0.0,global_ddp_mean,2,0.13121497631072998,8.330018043518066,8.330018043518066,3.4664840698242188,3.4664840698242188,3.4664840698242188,0.8330018520355225,0.16660037288964347,0.8330018520355225,0.41614364479337884,0.41614364479337884,0.10000000572432323,0.020000001442887886,0.020000001442887886,0.002624299119496609,0.002624299119496609,1.0026242991194967,0.9998044765118237,1.1330372158853683,0,0,0,0,0,0,1,0.24030163884162903,1.0,0.2,0.20000000298023224
20,500,0,dpga,fpn,0.013379842974245548,0.0,global_ddp_mean,2,0.13616688549518585,1.6768457889556885,1.6768457889556885,0.8483860492706299,0.8483860492706299,0.8483860492706299,0.2515268921852112,0.05030537918665079,0.2515268921852112,0.505941604683273,0.505941604683273,0.150000014218277,0.030000003290690278,0.030000003290690278,0.004085006565903737,0.004085006565903737,1.0040850065659037,0.9995621632286257,1.6955460665019666,0,0,0,0,0,0,1,0.29647693037986755,1.0,0.2,0.20000000298023224
20,500,0,dpga,rpn,0.013379842974245548,0.0,global_ddp_mean,2,0.0,3.552441120147705,3.552441120147705,0.0,0.0,0.0,0.0,0.0,0.0,0.0,0.0,0.0,0.0,0.0,0.0,0.0,1.0,1.0,0.0,0,0,0,0,0,0,0,0.0,0.0,0.2,0.0
20,500,0,dpga,roi_shared,0.013379842974245548,0.0,global_ddp_mean,2,0.09261783957481384,3.1846437454223633,3.1846437454223633,0.6441277861595154,0.6441277861595154,0.6441277861595154,0.6441277861595154,0.12882555915155347,0.6441277861595154,0.2022605470660229,0.2022605470660229,0.2022605470660229,0.04045211001598798,0.04045211001598798,0.003746587035923495,0.003746587035923495,1.0037465870359235,0.9991959074382798,2.297839855756275,0,0,0,0,0,0,0,1.0,1.0,0.2,0.20000000298023224
20,500,0,dpga,roi_cls,0.013379842974245548,0.0,global_ddp_mean,2,0.0,2.251706123352051,2.251706123352051,0.0,0.0,0.0,0.0,0.0,0.0,0.0,0.0,0.0,0.0,0.0,0.0,0.0,1.0,1.0,0.0,0,0,0,0,0,0,0,0.0,0.0,0.2,0.0
20,500,0,dpga,roi_reg,0.013379842974245548,0.0,global_ddp_mean,2,0.24131350219249725,1.601769208908081,1.601769208908081,1.5900657176971436,1.5900657176971436,1.5900657176971436,0.08008845895528793,0.016017692029739794,0.08008845895528793,0.9926933973097687,0.9926933973097687,0.049999999069706105,0.00999999996295283,0.00999999996295283,0.0024131351619966013,0.0024131351619966013,1.0024131351619965,0.9999531069210734,0.5548731394002251,0,0,0,0,0,0,1,0.050368018448352814,1.0,0.2,0.20000000298023224
20,600,0,dpga,backbone,0.14419296383857727,0.0,global_ddp_mean,2,0.0,10.549708366394043,10.549708366394043,0.0,0.0,0.0,0.0,0.0,0.0,0.0,0.0,0.0,0.0,0.0,0.0,0.0,1.0,1.0,0.0,0,0,0,0,0,0,0,0.0,0.0,0.2,0.0
20,600,0,dpga,fpn,0.14419296383857727,0.0,global_ddp_mean,2,0.0,1.910132884979248,1.910132884979248,0.0,0.0,0.0,0.0,0.0,0.0,0.0,0.0,0.0,0.0,0.0,0.0,0.0,1.0,1.0,0.0,0,0,0,0,0,0,0,0.0,0.0,0.2,0.0
20,600,0,dpga,rpn,0.14419296383857727,0.0,global_ddp_mean,2,0.0,1.675972580909729,1.675972580909729,0.0,0.0,0.0,0.0,0.0,0.0,0.0,0.0,0.0,0.0,0.0,0.0,0.0,1.0,1.0,0.0,0,0,0,0,0,0,0,0.0,0.0,0.2,0.0
20,600,0,dpga,roi_shared,0.14419296383857727,0.0,global_ddp_mean,2,0.0,3.909773111343384,3.909773111343384,0.0,0.0,0.0,0.0,0.0,0.0,0.0,0.0,0.0,0.0,0.0,0.0,0.0,1.0,1.0,0.0,0,0,0,0,0,0,0,0.0,0.0,0.2,0.0
20,600,0,dpga,roi_cls,0.14419296383857727,0.0,global_ddp_mean,2,0.0,3.2563693523406982,3.2563693523406982,0.0,0.0,0.0,0.0,0.0,0.0,0.0,0.0,0.0,0.0,0.0,0.0,0.0,1.0,1.0,0.0,0,0,0,0,0,0,0,0.0,0.0,0.2,0.0
20,600,0,dpga,roi_reg,0.14419296383857727,0.0,global_ddp_mean,2,0.0,1.0198460817337036,1.0198460817337036,0.0,0.0,0.0,0.0,0.0,0.0,0.0,0.0,0.0,0.0,0.0,0.0,0.0,1.0,1.0,0.0,0,0,0,0,0,0,0,0.0,0.0,0.2,0.0
20,700,0,dpga,backbone,0.01605546660721302,0.0,global_ddp_mean,2,0.0,4.069514274597168,4.069514274597168,0.0,0.0,0.0,0.0,0.0,0.0,0.0,0.0,0.0,0.0,0.0,0.0,0.0,1.0,1.0,0.0,0,0,0,0,0,0,0,0.0,0.0,0.2,0.0
20,700,0,dpga,fpn,0.01605546660721302,0.0,global_ddp_mean,2,0.0,0.5035681128501892,0.5035681128501892,0.0,0.0,0.0,0.0,0.0,0.0,0.0,0.0,0.0,0.0,0.0,0.0,0.0,1.0,1.0,0.0,0,0,0,0,0,0,0,0.0,0.0,0.2,0.0
20,700,0,dpga,rpn,0.01605546660721302,0.0,global_ddp_mean,2,0.0,0.8807440400123596,0.8807440400123596,0.0,0.0,0.0,0.0,0.0,0.0,0.0,0.0,0.0,0.0,0.0,0.0,0.0,1.0,1.0,0.0,0,0,0,0,0,0,0,0.0,0.0,0.2,0.0
20,700,0,dpga,roi_shared,0.01605546660721302,0.0,global_ddp_mean,2,0.0,0.0,0.0,0.0,0.0,0.0,0.0,0.0,0.0,0.0,0.0,0.0,0.0,0.0,0.0,0.0,0.0,0.0,90.0,0,0,0,0,0,0,0,0.0,0.0,0.2,0.0
20,700,0,dpga,roi_cls,0.01605546660721302,0.0,global_ddp_mean,2,0.0,0.0,0.0,0.0,0.0,0.0,0.0,0.0,0.0,0.0,0.0,0.0,0.0,0.0,0.0,0.0,0.0,0.0,90.0,0,0,0,0,0,0,0,0.0,0.0,0.2,0.0
20,700,0,dpga,roi_reg,0.01605546660721302,0.0,global_ddp_mean,2,0.0,0.0,0.0,0.0,0.0,0.0,0.0,0.0,0.0,0.0,0.0,0.0,0.0,0.0,0.0,0.0,0.0,0.0,90.0,0,0,0,0,0,0,0,0.0,0.0,0.2,0.0
20,800,0,dpga,backbone,0.07671461999416351,-0.0,global_ddp_mean,2,0.0,9.391398429870605,9.391398429870605,0.0,0.0,0.0,0.0,0.0,0.0,0.0,0.0,0.0,0.0,0.0,0.0,0.0,1.0,1.0,0.0,0,0,0,0,0,0,0,0.0,0.0,0.2,0.0
20,800,0,dpga,fpn,0.07671461999416351,-0.0,global_ddp_mean,2,0.0,2.074262857437134,2.074262857437134,0.0,0.0,0.0,0.0,0.0,0.0,0.0,0.0,0.0,0.0,0.0,0.0,0.0,1.0,1.0,0.0,0,0,0,0,0,0,0,0.0,0.0,0.2,0.0
20,800,0,dpga,rpn,0.07671461999416351,-0.0,global_ddp_mean,2,0.0,1.0780251026153564,1.0780251026153564,0.0,0.0,0.0,0.0,0.0,0.0,0.0,0.0,0.0,0.0,0.0,0.0,0.0,1.0,1.0,0.0,0,0,0,0,0,0,0,0.0,0.0,0.2,0.0
20,800,0,dpga,roi_shared,0.07671461999416351,-0.0,global_ddp_mean,2,0.0,4.470347881317139,4.470347881317139,0.0,0.0,0.0,0.0,0.0,0.0,0.0,0.0,0.0,0.0,0.0,0.0,0.0,1.0,1.0,0.0,0,0,0,0,0,0,0,0.0,0.0,0.2,0.0
20,800,0,dpga,roi_cls,0.07671461999416351,-0.0,global_ddp_mean,2,0.0,3.727884292602539,3.727884292602539,0.0,0.0,0.0,0.0,0.0,0.0,0.0,0.0,0.0,0.0,0.0,0.0,0.0,1.0,1.0,0.0,0,0,0,0,0,0,0,0.0,0.0,0.2,0.0
20,800,0,dpga,roi_reg,0.07671461999416351,-0.0,global_ddp_mean,2,0.0,0.5529757142066956,0.5529757142066956,0.0,0.0,0.0,0.0,0.0,0.0,0.0,0.0,0.0,0.0,0.0,0.0,0.0,1.0,1.0,0.0,0,0,0,0,0,0,0,0.0,0.0,0.2,0.0
20,900,0,dpga,backbone,1.0126023292541504,0.0,global_ddp_mean,2,0.0,36.364418029785156,36.364418029785156,0.0,0.0,0.0,0.0,0.0,0.0,0.0,0.0,0.0,0.0,0.0,0.0,0.0,1.0,1.0,0.0,0,0,0,0,0,0,0,0.0,0.0,0.2,0.0
20,900,0,dpga,fpn,1.0126023292541504,0.0,global_ddp_mean,2,0.0,8.425773620605469,8.425773620605469,0.0,0.0,0.0,0.0,0.0,0.0,0.0,0.0,0.0,0.0,0.0,0.0,0.0,1.0,1.0,0.0,0,0,0,0,0,0,0,0.0,0.0,0.2,0.0
20,900,0,dpga,rpn,1.0126023292541504,0.0,global_ddp_mean,2,0.0,2.8160758018493652,2.8160758018493652,0.0,0.0,0.0,0.0,0.0,0.0,0.0,0.0,0.0,0.0,0.0,0.0,0.0,1.0,1.0,0.0,0,0,0,0,0,0,0,0.0,0.0,0.2,0.0
20,900,0,dpga,roi_shared,1.0126023292541504,0.0,global_ddp_mean,2,0.0,17.64638328552246,17.64638328552246,0.0,0.0,0.0,0.0,0.0,0.0,0.0,0.0,0.0,0.0,0.0,0.0,0.0,1.0,1.0,0.0,0,0,0,0,0,0,0,0.0,0.0,0.2,0.0
20,900,0,dpga,roi_cls,1.0126023292541504,0.0,global_ddp_mean,2,0.0,13.957971572875977,13.957971572875977,0.0,0.0,0.0,0.0,0.0,0.0,0.0,0.0,0.0,0.0,0.0,0.0,0.0,1.0,1.0,0.0,0,0,0,0,0,0,0,0.0,0.0,0.2,0.0
20,900,0,dpga,roi_reg,1.0126023292541504,0.0,global_ddp_mean,2,0.0,1.9509947299957275,1.9509947299957275,0.0,0.0,0.0,0.0,0.0,0.0,0.0,0.0,0.0,0.0,0.0,0.0,0.0,1.0,1.0,0.0,0,0,0,0,0,0,0,0.0,0.0,0.2,0.0
20,1000,0,dpga,backbone,0.01850263960659504,0.0,global_ddp_mean,2,0.0,10.398639678955078,10.398639678955078,0.0,0.0,0.0,0.0,0.0,0.0,0.0,0.0,0.0,0.0,0.0,0.0,0.0,1.0,1.0,0.0,0,0,0,0,0,0,0,0.0,0.0,0.2,0.0
20,1000,0,dpga,fpn,0.01850263960659504,0.0,global_ddp_mean,2,0.0,0.9922124147415161,0.9922124147415161,0.0,0.0,0.0,0.0,0.0,0.0,0.0,0.0,0.0,0.0,0.0,0.0,0.0,1.0,1.0,0.0,0,0,0,0,0,0,0,0.0,0.0,0.2,0.0
20,1000,0,dpga,rpn,0.01850263960659504,0.0,global_ddp_mean,2,0.0,2.2810428142547607,2.2810428142547607,0.0,0.0,0.0,0.0,0.0,0.0,0.0,0.0,0.0,0.0,0.0,0.0,0.0,1.0,1.0,0.0,0,0,0,0,0,0,0,0.0,0.0,0.2,0.0
20,1000,0,dpga,roi_shared,0.01850263960659504,0.0,global_ddp_mean,2,0.0,1.2908620834350586,1.2908620834350586,0.0,0.0,0.0,0.0,0.0,0.0,0.0,0.0,0.0,0.0,0.0,0.0,0.0,1.0,1.0,0.0,0,0,0,0,0,0,0,0.0,0.0,0.2,0.0
20,1000,0,dpga,roi_cls,0.01850263960659504,0.0,global_ddp_mean,2,0.0,0.8389151096343994,0.8389151096343994,0.0,0.0,0.0,0.0,0.0,0.0,0.0,0.0,0.0,0.0,0.0,0.0,0.0,1.0,1.0,0.0,0,0,0,0,0,0,0,0.0,0.0,0.2,0.0
20,1000,0,dpga,roi_reg,0.01850263960659504,0.0,global_ddp_mean,2,0.0,0.8035939931869507,0.8035939931869507,0.0,0.0,0.0,0.0,0.0,0.0,0.0,0.0,0.0,0.0,0.0,0.0,0.0,1.0,1.0,0.0,0,0,0,0,0,0,0,0.0,0.0,0.2,0.0
20,1100,0,dpga,backbone,0.44915059208869934,0.0,global_ddp_mean,2,0.0,11.12027645111084,11.12027645111084,0.0,0.0,0.0,0.0,0.0,0.0,0.0,0.0,0.0,0.0,0.0,0.0,0.0,1.0,1.0,0.0,0,0,0,0,0,0,0,0.0,0.0,0.2,0.0
20,1100,0,dpga,fpn,0.44915059208869934,0.0,global_ddp_mean,2,0.0,1.9247188568115234,1.9247188568115234,0.0,0.0,0.0,0.0,0.0,0.0,0.0,0.0,0.0,0.0,0.0,0.0,0.0,1.0,1.0,0.0,0,0,0,0,0,0,0,0.0,0.0,0.2,0.0
20,1100,0,dpga,rpn,0.44915059208869934,0.0,global_ddp_mean,2,0.0,2.6140642166137695,2.6140642166137695,0.0,0.0,0.0,0.0,0.0,0.0,0.0,0.0,0.0,0.0,0.0,0.0,0.0,1.0,1.0,0.0,0,0,0,0,0,0,0,0.0,0.0,0.2,0.0
20,1100,0,dpga,roi_shared,0.44915059208869934,0.0,global_ddp_mean,2,0.0,3.721487045288086,3.721487045288086,0.0,0.0,0.0,0.0,0.0,0.0,0.0,0.0,0.0,0.0,0.0,0.0,0.0,1.0,1.0,0.0,0,0,0,0,0,0,0,0.0,0.0,0.2,0.0
20,1100,0,dpga,roi_cls,0.44915059208869934,0.0,global_ddp_mean,2,0.0,1.9374427795410156,1.9374427795410156,0.0,0.0,0.0,0.0,0.0,0.0,0.0,0.0,0.0,0.0,0.0,0.0,0.0,1.0,1.0,0.0,0,0,0,0,0,0,0,0.0,0.0,0.2,0.0
20,1100,0,dpga,roi_reg,0.44915059208869934,0.0,global_ddp_mean,2,0.0,2.5224087238311768,2.5224087238311768,0.0,0.0,0.0,0.0,0.0,0.0,0.0,0.0,0.0,0.0,0.0,0.0,0.0,1.0,1.0,0.0,0,0,0,0,0,0,0,0.0,0.0,0.2,0.0
20,1200,0,dpga,backbone,0.19002851843833923,0.0,global_ddp_mean,2,0.0,10.329320907592773,10.329320907592773,0.0,0.0,0.0,0.0,0.0,0.0,0.0,0.0,0.0,0.0,0.0,0.0,0.0,1.0,1.0,0.0,0,0,0,0,0,0,0,0.0,0.0,0.2,0.0
20,1200,0,dpga,fpn,0.19002851843833923,0.0,global_ddp_mean,2,0.0,1.917610764503479,1.917610764503479,0.0,0.0,0.0,0.0,0.0,0.0,0.0,0.0,0.0,0.0,0.0,0.0,0.0,1.0,1.0,0.0,0,0,0,0,0,0,0,0.0,0.0,0.2,0.0
20,1200,0,dpga,rpn,0.19002851843833923,0.0,global_ddp_mean,2,0.0,2.3301329612731934,2.3301329612731934,0.0,0.0,0.0,0.0,0.0,0.0,0.0,0.0,0.0,0.0,0.0,0.0,0.0,1.0,1.0,0.0,0,0,0,0,0,0,0,0.0,0.0,0.2,0.0
20,1200,0,dpga,roi_shared,0.19002851843833923,0.0,global_ddp_mean,2,0.0,3.787076711654663,3.787076711654663,0.0,0.0,0.0,0.0,0.0,0.0,0.0,0.0,0.0,0.0,0.0,0.0,0.0,1.0,1.0,0.0,0,0,0,0,0,0,0,0.0,0.0,0.2,0.0
20,1200,0,dpga,roi_cls,0.19002851843833923,0.0,global_ddp_mean,2,0.0,2.9965553283691406,2.9965553283691406,0.0,0.0,0.0,0.0,0.0,0.0,0.0,0.0,0.0,0.0,0.0,0.0,0.0,1.0,1.0,0.0,0,0,0,0,0,0,0,0.0,0.0,0.2,0.0
20,1200,0,dpga,roi_reg,0.19002851843833923,0.0,global_ddp_mean,2,0.0,1.6985987424850464,1.6985987424850464,0.0,0.0,0.0,0.0,0.0,0.0,0.0,0.0,0.0,0.0,0.0,0.0,0.0,1.0,1.0,0.0,0,0,0,0,0,0,0,0.0,0.0,0.2,0.0
20,1300,0,dpga,backbone,0.021473601460456848,0.0,global_ddp_mean,2,0.0,9.58500862121582,9.58500862121582,0.0,0.0,0.0,0.0,0.0,0.0,0.0,0.0,0.0,0.0,0.0,0.0,0.0,1.0,1.0,0.0,0,0,0,0,0,0,0,0.0,0.0,0.2,0.0
20,1300,0,dpga,fpn,0.021473601460456848,0.0,global_ddp_mean,2,0.0,1.2188407182693481,1.2188407182693481,0.0,0.0,0.0,0.0,0.0,0.0,0.0,0.0,0.0,0.0,0.0,0.0,0.0,1.0,1.0,0.0,0,0,0,0,0,0,0,0.0,0.0,0.2,0.0
20,1300,0,dpga,rpn,0.021473601460456848,0.0,global_ddp_mean,2,0.0,1.584341287612915,1.584341287612915,0.0,0.0,0.0,0.0,0.0,0.0,0.0,0.0,0.0,0.0,0.0,0.0,0.0,1.0,1.0,0.0,0,0,0,0,0,0,0,0.0,0.0,0.2,0.0
20,1300,0,dpga,roi_shared,0.021473601460456848,0.0,global_ddp_mean,2,0.0,1.8674641847610474,1.8674641847610474,0.0,0.0,0.0,0.0,0.0,0.0,0.0,0.0,0.0,0.0,0.0,0.0,0.0,1.0,1.0,0.0,0,0,0,0,0,0,0,0.0,0.0,0.2,0.0
20,1300,0,dpga,roi_cls,0.021473601460456848,0.0,global_ddp_mean,2,0.0,1.1159963607788086,1.1159963607788086,0.0,0.0,0.0,0.0,0.0,0.0,0.0,0.0,0.0,0.0,0.0,0.0,0.0,1.0,1.0,0.0,0,0,0,0,0,0,0,0.0,0.0,0.2,0.0
20,1300,0,dpga,roi_reg,0.021473601460456848,0.0,global_ddp_mean,2,0.0,1.1103081703186035,1.1103081703186035,0.0,0.0,0.0,0.0,0.0,0.0,0.0,0.0,0.0,0.0,0.0,0.0,0.0,1.0,1.0,0.0,0,0,0,0,0,0,0,0.0,0.0,0.2,0.0
20,1400,0,dpga,backbone,0.7775101661682129,0.0,global_ddp_mean,2,0.0,44.15462875366211,44.15462875366211,0.0,0.0,0.0,0.0,0.0,0.0,0.0,0.0,0.0,0.0,0.0,0.0,0.0,1.0,1.0,0.0,0,0,0,0,0,0,0,0.0,0.0,0.2,0.0
20,1400,0,dpga,fpn,0.7775101661682129,0.0,global_ddp_mean,2,0.0,7.644315719604492,7.644315719604492,0.0,0.0,0.0,0.0,0.0,0.0,0.0,0.0,0.0,0.0,0.0,0.0,0.0,1.0,1.0,0.0,0,0,0,0,0,0,0,0.0,0.0,0.2,0.0
20,1400,0,dpga,rpn,0.7775101661682129,0.0,global_ddp_mean,2,0.0,3.491206645965576,3.491206645965576,0.0,0.0,0.0,0.0,0.0,0.0,0.0,0.0,0.0,0.0,0.0,0.0,0.0,1.0,1.0,0.0,0,0,0,0,0,0,0,0.0,0.0,0.2,0.0
20,1400,0,dpga,roi_shared,0.7775101661682129,0.0,global_ddp_mean,2,0.0,15.390851020812988,15.390851020812988,0.0,0.0,0.0,0.0,0.0,0.0,0.0,0.0,0.0,0.0,0.0,0.0,0.0,1.0,1.0,0.0,0,0,0,0,0,0,0,0.0,0.0,0.2,0.0
20,1400,0,dpga,roi_cls,0.7775101661682129,0.0,global_ddp_mean,2,0.0,12.169628143310547,12.169628143310547,0.0,0.0,0.0,0.0,0.0,0.0,0.0,0.0,0.0,0.0,0.0,0.0,0.0,1.0,1.0,0.0,0,0,0,0,0,0,0,0.0,0.0,0.2,0.0
20,1400,0,dpga,roi_reg,0.7775101661682129,0.0,global_ddp_mean,2,0.0,3.465792179107666,3.465792179107666,0.0,0.0,0.0,0.0,0.0,0.0,0.0,0.0,0.0,0.0,0.0,0.0,0.0,1.0,1.0,0.0,0,0,0,0,0,0,0,0.0,0.0,0.2,0.0
21,0,0,dpga,backbone,0.008058106526732445,0.0,global_ddp_mean,2,0.0,9.650347709655762,9.650347709655762,0.0,0.0,0.0,0.0,0.0,0.0,0.0,0.0,0.0,0.0,0.0,0.0,0.0,1.0,1.0,0.0,0,0,0,0,0,0,0,0.0,0.0,0.2,0.0
21,0,0,dpga,fpn,0.008058106526732445,0.0,global_ddp_mean,2,0.0,1.134804129600525,1.134804129600525,0.0,0.0,0.0,0.0,0.0,0.0,0.0,0.0,0.0,0.0,0.0,0.0,0.0,1.0,1.0,0.0,0,0,0,0,0,0,0,0.0,0.0,0.2,0.0
21,0,0,dpga,rpn,0.008058106526732445,0.0,global_ddp_mean,2,0.0,1.1101082563400269,1.1101082563400269,0.0,0.0,0.0,0.0,0.0,0.0,0.0,0.0,0.0,0.0,0.0,0.0,0.0,1.0,1.0,0.0,0,0,0,0,0,0,0,0.0,0.0,0.2,0.0
21,0,0,dpga,roi_shared,0.008058106526732445,0.0,global_ddp_mean,2,0.0,1.9480273723602295,1.9480273723602295,0.0,0.0,0.0,0.0,0.0,0.0,0.0,0.0,0.0,0.0,0.0,0.0,0.0,1.0,1.0,0.0,0,0,0,0,0,0,0,0.0,0.0,0.2,0.0
21,0,0,dpga,roi_cls,0.008058106526732445,0.0,global_ddp_mean,2,0.0,1.383239984512329,1.383239984512329,0.0,0.0,0.0,0.0,0.0,0.0,0.0,0.0,0.0,0.0,0.0,0.0,0.0,1.0,1.0,0.0,0,0,0,0,0,0,0,0.0,0.0,0.2,0.0
21,0,0,dpga,roi_reg,0.008058106526732445,0.0,global_ddp_mean,2,0.0,0.5401580333709717,0.5401580333709717,0.0,0.0,0.0,0.0,0.0,0.0,0.0,0.0,0.0,0.0,0.0,0.0,0.0,1.0,1.0,0.0,0,0,0,0,0,0,0,0.0,0.0,0.2,0.0
21,100,0,dpga,backbone,0.16298098862171173,-0.0,global_ddp_mean,2,0.0,10.818608283996582,10.818608283996582,0.0,0.0,0.0,0.0,0.0,0.0,0.0,0.0,0.0,0.0,0.0,0.0,0.0,1.0,1.0,0.0,0,0,0,0,0,0,0,0.0,0.0,0.2,0.0
21,100,0,dpga,fpn,0.16298098862171173,-0.0,global_ddp_mean,2,0.0,1.4387812614440918,1.4387812614440918,0.0,0.0,0.0,0.0,0.0,0.0,0.0,0.0,0.0,0.0,0.0,0.0,0.0,1.0,1.0,0.0,0,0,0,0,0,0,0,0.0,0.0,0.2,0.0
21,100,0,dpga,rpn,0.16298098862171173,-0.0,global_ddp_mean,2,0.0,3.1478271484375,3.1478271484375,0.0,0.0,0.0,0.0,0.0,0.0,0.0,0.0,0.0,0.0,0.0,0.0,0.0,1.0,1.0,0.0,0,0,0,0,0,0,0,0.0,0.0,0.2,0.0
21,100,0,dpga,roi_shared,0.16298098862171173,-0.0,global_ddp_mean,2,0.0,2.1381092071533203,2.1381092071533203,0.0,0.0,0.0,0.0,0.0,0.0,0.0,0.0,0.0,0.0,0.0,0.0,0.0,1.0,1.0,0.0,0,0,0,0,0,0,0,0.0,0.0,0.2,0.0
21,100,0,dpga,roi_cls,0.16298098862171173,-0.0,global_ddp_mean,2,0.0,1.6592375040054321,1.6592375040054321,0.0,0.0,0.0,0.0,0.0,0.0,0.0,0.0,0.0,0.0,0.0,0.0,0.0,1.0,1.0,0.0,0,0,0,0,0,0,0,0.0,0.0,0.2,0.0
21,100,0,dpga,roi_reg,0.16298098862171173,-0.0,global_ddp_mean,2,0.0,1.21640944480896,1.21640944480896,0.0,0.0,0.0,0.0,0.0,0.0,0.0,0.0,0.0,0.0,0.0,0.0,0.0,1.0,1.0,0.0,0,0,0,0,0,0,0,0.0,0.0,0.2,0.0
21,200,0,dpga,backbone,0.5067155957221985,-0.0,global_ddp_mean,2,0.0,24.84760284423828,24.84760284423828,0.0,0.0,0.0,0.0,0.0,0.0,0.0,0.0,0.0,0.0,0.0,0.0,0.0,1.0,1.0,0.0,0,0,0,0,0,0,0,0.0,0.0,0.2,0.0
21,200,0,dpga,fpn,0.5067155957221985,-0.0,global_ddp_mean,2,0.0,5.284703731536865,5.284703731536865,0.0,0.0,0.0,0.0,0.0,0.0,0.0,0.0,0.0,0.0,0.0,0.0,0.0,1.0,1.0,0.0,0,0,0,0,0,0,0,0.0,0.0,0.2,0.0
21,200,0,dpga,rpn,0.5067155957221985,-0.0,global_ddp_mean,2,0.0,2.7463314533233643,2.7463314533233643,0.0,0.0,0.0,0.0,0.0,0.0,0.0,0.0,0.0,0.0,0.0,0.0,0.0,1.0,1.0,0.0,0,0,0,0,0,0,0,0.0,0.0,0.2,0.0
21,200,0,dpga,roi_shared,0.5067155957221985,-0.0,global_ddp_mean,2,0.0,10.455229759216309,10.455229759216309,0.0,0.0,0.0,0.0,0.0,0.0,0.0,0.0,0.0,0.0,0.0,0.0,0.0,1.0,1.0,0.0,0,0,0,0,0,0,0,0.0,0.0,0.2,0.0
21,200,0,dpga,roi_cls,0.5067155957221985,-0.0,global_ddp_mean,2,0.0,7.1623382568359375,7.1623382568359375,0.0,0.0,0.0,0.0,0.0,0.0,0.0,0.0,0.0,0.0,0.0,0.0,0.0,1.0,1.0,0.0,0,0,0,0,0,0,0,0.0,0.0,0.2,0.0
21,200,0,dpga,roi_reg,0.5067155957221985,-0.0,global_ddp_mean,2,0.0,4.17048978805542,4.17048978805542,0.0,0.0,0.0,0.0,0.0,0.0,0.0,0.0,0.0,0.0,0.0,0.0,0.0,1.0,1.0,0.0,0,0,0,0,0,0,0,0.0,0.0,0.2,0.0
21,300,0,dpga,backbone,0.0126879857853055,0.0,global_ddp_mean,2,0.0,5.477684020996094,5.477684020996094,0.0,0.0,0.0,0.0,0.0,0.0,0.0,0.0,0.0,0.0,0.0,0.0,0.0,1.0,1.0,0.0,0,0,0,0,0,0,0,0.0,0.0,0.2,0.0
21,300,0,dpga,fpn,0.0126879857853055,0.0,global_ddp_mean,2,0.0,0.7750649452209473,0.7750649452209473,0.0,0.0,0.0,0.0,0.0,0.0,0.0,0.0,0.0,0.0,0.0,0.0,0.0,1.0,1.0,0.0,0,0,0,0,0,0,0,0.0,0.0,0.2,0.0
21,300,0,dpga,rpn,0.0126879857853055,0.0,global_ddp_mean,2,0.0,1.014978289604187,1.014978289604187,0.0,0.0,0.0,0.0,0.0,0.0,0.0,0.0,0.0,0.0,0.0,0.0,0.0,1.0,1.0,0.0,0,0,0,0,0,0,0,0.0,0.0,0.2,0.0
21,300,0,dpga,roi_shared,0.0126879857853055,0.0,global_ddp_mean,2,0.0,0.9950101375579834,0.9950101375579834,0.0,0.0,0.0,0.0,0.0,0.0,0.0,0.0,0.0,0.0,0.0,0.0,0.0,1.0,1.0,0.0,0,0,0,0,0,0,0,0.0,0.0,0.2,0.0
21,300,0,dpga,roi_cls,0.0126879857853055,0.0,global_ddp_mean,2,0.0,0.868037223815918,0.868037223815918,0.0,0.0,0.0,0.0,0.0,0.0,0.0,0.0,0.0,0.0,0.0,0.0,0.0,1.0,1.0,0.0,0,0,0,0,0,0,0,0.0,0.0,0.2,0.0
21,300,0,dpga,roi_reg,0.0126879857853055,0.0,global_ddp_mean,2,0.0,0.0,0.0,0.0,0.0,0.0,0.0,0.0,0.0,0.0,0.0,0.0,0.0,0.0,0.0,0.0,0.0,0.0,90.0,0,0,0,0,0,0,0,0.0,0.0,0.2,0.0
21,400,0,dpga,backbone,0.0033601890318095684,0.0,global_ddp_mean,2,0.0,9.216708183288574,9.216708183288574,0.0,0.0,0.0,0.0,0.0,0.0,0.0,0.0,0.0,0.0,0.0,0.0,0.0,1.0,1.0,0.0,0,0,0,0,0,0,0,0.0,0.0,0.2,0.0
21,400,0,dpga,fpn,0.0033601890318095684,0.0,global_ddp_mean,2,0.0,1.9609684944152832,1.9609684944152832,0.0,0.0,0.0,0.0,0.0,0.0,0.0,0.0,0.0,0.0,0.0,0.0,0.0,1.0,1.0,0.0,0,0,0,0,0,0,0,0.0,0.0,0.2,0.0
21,400,0,dpga,rpn,0.0033601890318095684,0.0,global_ddp_mean,2,0.0,2.57671856880188,2.57671856880188,0.0,0.0,0.0,0.0,0.0,0.0,0.0,0.0,0.0,0.0,0.0,0.0,0.0,1.0,1.0,0.0,0,0,0,0,0,0,0,0.0,0.0,0.2,0.0
21,400,0,dpga,roi_shared,0.0033601890318095684,0.0,global_ddp_mean,2,0.0,3.7902650833129883,3.7902650833129883,0.0,0.0,0.0,0.0,0.0,0.0,0.0,0.0,0.0,0.0,0.0,0.0,0.0,1.0,1.0,0.0,0,0,0,0,0,0,0,0.0,0.0,0.2,0.0
21,400,0,dpga,roi_cls,0.0033601890318095684,0.0,global_ddp_mean,2,0.0,2.439359188079834,2.439359188079834,0.0,0.0,0.0,0.0,0.0,0.0,0.0,0.0,0.0,0.0,0.0,0.0,0.0,1.0,1.0,0.0,0,0,0,0,0,0,0,0.0,0.0,0.2,0.0
21,400,0,dpga,roi_reg,0.0033601890318095684,0.0,global_ddp_mean,2,0.0,0.9582313895225525,0.9582313895225525,0.0,0.0,0.0,0.0,0.0,0.0,0.0,0.0,0.0,0.0,0.0,0.0,0.0,1.0,1.0,0.0,0,0,0,0,0,0,0,0.0,0.0,0.2,0.0
21,500,0,dpga,backbone,0.8923302888870239,-0.0,global_ddp_mean,2,0.0,38.15599060058594,38.15599060058594,0.0,0.0,0.0,0.0,0.0,0.0,0.0,0.0,0.0,0.0,0.0,0.0,0.0,1.0,1.0,0.0,0,0,0,0,0,0,0,0.0,0.0,0.2,0.0
21,500,0,dpga,fpn,0.8923302888870239,-0.0,global_ddp_mean,2,0.0,6.75445032119751,6.75445032119751,0.0,0.0,0.0,0.0,0.0,0.0,0.0,0.0,0.0,0.0,0.0,0.0,0.0,1.0,1.0,0.0,0,0,0,0,0,0,0,0.0,0.0,0.2,0.0
21,500,0,dpga,rpn,0.8923302888870239,-0.0,global_ddp_mean,2,0.0,6.215792179107666,6.215792179107666,0.0,0.0,0.0,0.0,0.0,0.0,0.0,0.0,0.0,0.0,0.0,0.0,0.0,1.0,1.0,0.0,0,0,0,0,0,0,0,0.0,0.0,0.2,0.0
21,500,0,dpga,roi_shared,0.8923302888870239,-0.0,global_ddp_mean,2,0.0,13.334056854248047,13.334056854248047,0.0,0.0,0.0,0.0,0.0,0.0,0.0,0.0,0.0,0.0,0.0,0.0,0.0,1.0,1.0,0.0,0,0,0,0,0,0,0,0.0,0.0,0.2,0.0
21,500,0,dpga,roi_cls,0.8923302888870239,-0.0,global_ddp_mean,2,0.0,8.93877124786377,8.93877124786377,0.0,0.0,0.0,0.0,0.0,0.0,0.0,0.0,0.0,0.0,0.0,0.0,0.0,1.0,1.0,0.0,0,0,0,0,0,0,0,0.0,0.0,0.2,0.0
21,500,0,dpga,roi_reg,0.8923302888870239,-0.0,global_ddp_mean,2,0.0,7.239761829376221,7.239761829376221,0.0,0.0,0.0,0.0,0.0,0.0,0.0,0.0,0.0,0.0,0.0,0.0,0.0,1.0,1.0,0.0,0,0,0,0,0,0,0,0.0,0.0,0.2,0.0
21,600,0,dpga,backbone,0.0064241522923111916,0.0,global_ddp_mean,2,0.0,4.649354457855225,4.649354457855225,0.0,0.0,0.0,0.0,0.0,0.0,0.0,0.0,0.0,0.0,0.0,0.0,0.0,1.0,1.0,0.0,0,0,0,0,0,0,0,0.0,0.0,0.2,0.0
21,600,0,dpga,fpn,0.0064241522923111916,0.0,global_ddp_mean,2,0.0,0.9521142840385437,0.9521142840385437,0.0,0.0,0.0,0.0,0.0,0.0,0.0,0.0,0.0,0.0,0.0,0.0,0.0,1.0,1.0,0.0,0,0,0,0,0,0,0,0.0,0.0,0.2,0.0
21,600,0,dpga,rpn,0.0064241522923111916,0.0,global_ddp_mean,2,0.0,1.0083506107330322,1.0083506107330322,0.0,0.0,0.0,0.0,0.0,0.0,0.0,0.0,0.0,0.0,0.0,0.0,0.0,1.0,1.0,0.0,0,0,0,0,0,0,0,0.0,0.0,0.2,0.0
21,600,0,dpga,roi_shared,0.0064241522923111916,0.0,global_ddp_mean,2,0.0,1.6203148365020752,1.6203148365020752,0.0,0.0,0.0,0.0,0.0,0.0,0.0,0.0,0.0,0.0,0.0,0.0,0.0,1.0,1.0,0.0,0,0,0,0,0,0,0,0.0,0.0,0.2,0.0
21,600,0,dpga,roi_cls,0.0064241522923111916,0.0,global_ddp_mean,2,0.0,1.2014731168746948,1.2014731168746948,0.0,0.0,0.0,0.0,0.0,0.0,0.0,0.0,0.0,0.0,0.0,0.0,0.0,1.0,1.0,0.0,0,0,0,0,0,0,0,0.0,0.0,0.2,0.0
21,600,0,dpga,roi_reg,0.0064241522923111916,0.0,global_ddp_mean,2,0.0,1.0564773082733154,1.0564773082733154,0.0,0.0,0.0,0.0,0.0,0.0,0.0,0.0,0.0,0.0,0.0,0.0,0.0,1.0,1.0,0.0,0,0,0,0,0,0,0,0.0,0.0,0.2,0.0
21,700,0,dpga,backbone,0.018699828535318375,0.0,global_ddp_mean,2,0.0,7.464866638183594,7.464866638183594,0.0,0.0,0.0,0.0,0.0,0.0,0.0,0.0,0.0,0.0,0.0,0.0,0.0,1.0,1.0,0.0,0,0,0,0,0,0,0,0.0,0.0,0.2,0.0
21,700,0,dpga,fpn,0.018699828535318375,0.0,global_ddp_mean,2,0.0,1.1560670137405396,1.1560670137405396,0.0,0.0,0.0,0.0,0.0,0.0,0.0,0.0,0.0,0.0,0.0,0.0,0.0,1.0,1.0,0.0,0,0,0,0,0,0,0,0.0,0.0,0.2,0.0
21,700,0,dpga,rpn,0.018699828535318375,0.0,global_ddp_mean,2,0.0,1.3538715839385986,1.3538715839385986,0.0,0.0,0.0,0.0,0.0,0.0,0.0,0.0,0.0,0.0,0.0,0.0,0.0,1.0,1.0,0.0,0,0,0,0,0,0,0,0.0,0.0,0.2,0.0
21,700,0,dpga,roi_shared,0.018699828535318375,0.0,global_ddp_mean,2,0.0,1.6231539249420166,1.6231539249420166,0.0,0.0,0.0,0.0,0.0,0.0,0.0,0.0,0.0,0.0,0.0,0.0,0.0,1.0,1.0,0.0,0,0,0,0,0,0,0,0.0,0.0,0.2,0.0
21,700,0,dpga,roi_cls,0.018699828535318375,0.0,global_ddp_mean,2,0.0,1.361362099647522,1.361362099647522,0.0,0.0,0.0,0.0,0.0,0.0,0.0,0.0,0.0,0.0,0.0,0.0,0.0,1.0,1.0,0.0,0,0,0,0,0,0,0,0.0,0.0,0.2,0.0
21,700,0,dpga,roi_reg,0.018699828535318375,0.0,global_ddp_mean,2,0.0,0.0,0.0,0.0,0.0,0.0,0.0,0.0,0.0,0.0,0.0,0.0,0.0,0.0,0.0,0.0,0.0,0.0,90.0,0,0,0,0,0,0,0,0.0,0.0,0.2,0.0
21,800,0,dpga,backbone,0.2744692862033844,-0.0,global_ddp_mean,2,0.0,7.69840145111084,7.69840145111084,0.0,0.0,0.0,0.0,0.0,0.0,0.0,0.0,0.0,0.0,0.0,0.0,0.0,1.0,1.0,0.0,0,0,0,0,0,0,0,0.0,0.0,0.2,0.0
21,800,0,dpga,fpn,0.2744692862033844,-0.0,global_ddp_mean,2,0.0,1.5517147779464722,1.5517147779464722,0.0,0.0,0.0,0.0,0.0,0.0,0.0,0.0,0.0,0.0,0.0,0.0,0.0,1.0,1.0,0.0,0,0,0,0,0,0,0,0.0,0.0,0.2,0.0
21,800,0,dpga,rpn,0.2744692862033844,-0.0,global_ddp_mean,2,0.0,2.6531195640563965,2.6531195640563965,0.0,0.0,0.0,0.0,0.0,0.0,0.0,0.0,0.0,0.0,0.0,0.0,0.0,1.0,1.0,0.0,0,0,0,0,0,0,0,0.0,0.0,0.2,0.0
21,800,0,dpga,roi_shared,0.2744692862033844,-0.0,global_ddp_mean,2,0.0,1.8678209781646729,1.8678209781646729,0.0,0.0,0.0,0.0,0.0,0.0,0.0,0.0,0.0,0.0,0.0,0.0,0.0,1.0,1.0,0.0,0,0,0,0,0,0,0,0.0,0.0,0.2,0.0
21,800,0,dpga,roi_cls,0.2744692862033844,-0.0,global_ddp_mean,2,0.0,1.0031746625900269,1.0031746625900269,0.0,0.0,0.0,0.0,0.0,0.0,0.0,0.0,0.0,0.0,0.0,0.0,0.0,1.0,1.0,0.0,0,0,0,0,0,0,0,0.0,0.0,0.2,0.0
21,800,0,dpga,roi_reg,0.2744692862033844,-0.0,global_ddp_mean,2,0.0,0.9132640957832336,0.9132640957832336,0.0,0.0,0.0,0.0,0.0,0.0,0.0,0.0,0.0,0.0,0.0,0.0,0.0,1.0,1.0,0.0,0,0,0,0,0,0,0,0.0,0.0,0.2,0.0
21,900,0,dpga,backbone,0.8320463299751282,0.0,global_ddp_mean,2,0.0,27.654766082763672,27.654766082763672,0.0,0.0,0.0,0.0,0.0,0.0,0.0,0.0,0.0,0.0,0.0,0.0,0.0,1.0,1.0,0.0,0,0,0,0,0,0,0,0.0,0.0,0.2,0.0
21,900,0,dpga,fpn,0.8320463299751282,0.0,global_ddp_mean,2,0.0,2.8688178062438965,2.8688178062438965,0.0,0.0,0.0,0.0,0.0,0.0,0.0,0.0,0.0,0.0,0.0,0.0,0.0,1.0,1.0,0.0,0,0,0,0,0,0,0,0.0,0.0,0.2,0.0
21,900,0,dpga,rpn,0.8320463299751282,0.0,global_ddp_mean,2,0.0,4.705086708068848,4.705086708068848,0.0,0.0,0.0,0.0,0.0,0.0,0.0,0.0,0.0,0.0,0.0,0.0,0.0,1.0,1.0,0.0,0,0,0,0,0,0,0,0.0,0.0,0.2,0.0
21,900,0,dpga,roi_shared,0.8320463299751282,0.0,global_ddp_mean,2,0.0,4.675978183746338,4.675978183746338,0.0,0.0,0.0,0.0,0.0,0.0,0.0,0.0,0.0,0.0,0.0,0.0,0.0,1.0,1.0,0.0,0,0,0,0,0,0,0,0.0,0.0,0.2,0.0
21,900,0,dpga,roi_cls,0.8320463299751282,0.0,global_ddp_mean,2,0.0,3.2229983806610107,3.2229983806610107,0.0,0.0,0.0,0.0,0.0,0.0,0.0,0.0,0.0,0.0,0.0,0.0,0.0,1.0,1.0,0.0,0,0,0,0,0,0,0,0.0,0.0,0.2,0.0
21,900,0,dpga,roi_reg,0.8320463299751282,0.0,global_ddp_mean,2,0.0,3.919830799102783,3.919830799102783,0.0,0.0,0.0,0.0,0.0,0.0,0.0,0.0,0.0,0.0,0.0,0.0,0.0,1.0,1.0,0.0,0,0,0,0,0,0,0,0.0,0.0,0.2,0.0
21,1000,0,dpga,backbone,0.9414267539978027,0.0,global_ddp_mean,2,0.0,21.730955123901367,21.730955123901367,0.0,0.0,0.0,0.0,0.0,0.0,0.0,0.0,0.0,0.0,0.0,0.0,0.0,1.0,1.0,0.0,0,0,0,0,0,0,0,0.0,0.0,0.2,0.0
21,1000,0,dpga,fpn,0.9414267539978027,0.0,global_ddp_mean,2,0.0,5.751206874847412,5.751206874847412,0.0,0.0,0.0,0.0,0.0,0.0,0.0,0.0,0.0,0.0,0.0,0.0,0.0,1.0,1.0,0.0,0,0,0,0,0,0,0,0.0,0.0,0.2,0.0
21,1000,0,dpga,rpn,0.9414267539978027,0.0,global_ddp_mean,2,0.0,4.58794641494751,4.58794641494751,0.0,0.0,0.0,0.0,0.0,0.0,0.0,0.0,0.0,0.0,0.0,0.0,0.0,1.0,1.0,0.0,0,0,0,0,0,0,0,0.0,0.0,0.2,0.0
21,1000,0,dpga,roi_shared,0.9414267539978027,0.0,global_ddp_mean,2,0.0,11.93067741394043,11.93067741394043,0.0,0.0,0.0,0.0,0.0,0.0,0.0,0.0,0.0,0.0,0.0,0.0,0.0,1.0,1.0,0.0,0,0,0,0,0,0,0,0.0,0.0,0.2,0.0
21,1000,0,dpga,roi_cls,0.9414267539978027,0.0,global_ddp_mean,2,0.0,7.164017200469971,7.164017200469971,0.0,0.0,0.0,0.0,0.0,0.0,0.0,0.0,0.0,0.0,0.0,0.0,0.0,1.0,1.0,0.0,0,0,0,0,0,0,0,0.0,0.0,0.2,0.0
21,1000,0,dpga,roi_reg,0.9414267539978027,0.0,global_ddp_mean,2,0.0,13.361539840698242,13.361539840698242,0.0,0.0,0.0,0.0,0.0,0.0,0.0,0.0,0.0,0.0,0.0,0.0,0.0,1.0,1.0,0.0,0,0,0,0,0,0,0,0.0,0.0,0.2,0.0
21,1100,0,dpga,backbone,0.00794937089085579,0.0,global_ddp_mean,2,0.0,15.519756317138672,15.519756317138672,0.0,0.0,0.0,0.0,0.0,0.0,0.0,0.0,0.0,0.0,0.0,0.0,0.0,1.0,1.0,0.0,0,0,0,0,0,0,0,0.0,0.0,0.2,0.0
21,1100,0,dpga,fpn,0.00794937089085579,0.0,global_ddp_mean,2,0.0,2.7467429637908936,2.7467429637908936,0.0,0.0,0.0,0.0,0.0,0.0,0.0,0.0,0.0,0.0,0.0,0.0,0.0,1.0,1.0,0.0,0,0,0,0,0,0,0,0.0,0.0,0.2,0.0
21,1100,0,dpga,rpn,0.00794937089085579,0.0,global_ddp_mean,2,0.0,2.751267671585083,2.751267671585083,0.0,0.0,0.0,0.0,0.0,0.0,0.0,0.0,0.0,0.0,0.0,0.0,0.0,1.0,1.0,0.0,0,0,0,0,0,0,0,0.0,0.0,0.2,0.0
21,1100,0,dpga,roi_shared,0.00794937089085579,0.0,global_ddp_mean,2,0.0,5.341388702392578,5.341388702392578,0.0,0.0,0.0,0.0,0.0,0.0,0.0,0.0,0.0,0.0,0.0,0.0,0.0,1.0,1.0,0.0,0,0,0,0,0,0,0,0.0,0.0,0.2,0.0
21,1100,0,dpga,roi_cls,0.00794937089085579,0.0,global_ddp_mean,2,0.0,4.363621711730957,4.363621711730957,0.0,0.0,0.0,0.0,0.0,0.0,0.0,0.0,0.0,0.0,0.0,0.0,0.0,1.0,1.0,0.0,0,0,0,0,0,0,0,0.0,0.0,0.2,0.0
21,1100,0,dpga,roi_reg,0.00794937089085579,0.0,global_ddp_mean,2,0.0,2.436866283416748,2.436866283416748,0.0,0.0,0.0,0.0,0.0,0.0,0.0,0.0,0.0,0.0,0.0,0.0,0.0,1.0,1.0,0.0,0,0,0,0,0,0,0,0.0,0.0,0.2,0.0
21,1200,0,dpga,backbone,0.15419051051139832,-0.0,global_ddp_mean,2,0.0,26.477855682373047,26.477855682373047,0.0,0.0,0.0,0.0,0.0,0.0,0.0,0.0,0.0,0.0,0.0,0.0,0.0,1.0,1.0,0.0,0,0,0,0,0,0,0,0.0,0.0,0.2,0.0
21,1200,0,dpga,fpn,0.15419051051139832,-0.0,global_ddp_mean,2,0.0,3.0835838317871094,3.0835838317871094,0.0,0.0,0.0,0.0,0.0,0.0,0.0,0.0,0.0,0.0,0.0,0.0,0.0,1.0,1.0,0.0,0,0,0,0,0,0,0,0.0,0.0,0.2,0.0
21,1200,0,dpga,rpn,0.15419051051139832,-0.0,global_ddp_mean,2,0.0,4.761923789978027,4.761923789978027,0.0,0.0,0.0,0.0,0.0,0.0,0.0,0.0,0.0,0.0,0.0,0.0,0.0,1.0,1.0,0.0,0,0,0,0,0,0,0,0.0,0.0,0.2,0.0
21,1200,0,dpga,roi_shared,0.15419051051139832,-0.0,global_ddp_mean,2,0.0,5.0524725914001465,5.0524725914001465,0.0,0.0,0.0,0.0,0.0,0.0,0.0,0.0,0.0,0.0,0.0,0.0,0.0,1.0,1.0,0.0,0,0,0,0,0,0,0,0.0,0.0,0.2,0.0
21,1200,0,dpga,roi_cls,0.15419051051139832,-0.0,global_ddp_mean,2,0.0,3.8412976264953613,3.8412976264953613,0.0,0.0,0.0,0.0,0.0,0.0,0.0,0.0,0.0,0.0,0.0,0.0,0.0,1.0,1.0,0.0,0,0,0,0,0,0,0,0.0,0.0,0.2,0.0
21,1200,0,dpga,roi_reg,0.15419051051139832,-0.0,global_ddp_mean,2,0.0,0.9907066226005554,0.9907066226005554,0.0,0.0,0.0,0.0,0.0,0.0,0.0,0.0,0.0,0.0,0.0,0.0,0.0,1.0,1.0,0.0,0,0,0,0,0,0,0,0.0,0.0,0.2,0.0
21,1300,0,dpga,backbone,0.1479787826538086,-0.0,global_ddp_mean,2,0.0,19.546205520629883,19.546205520629883,0.0,0.0,0.0,0.0,0.0,0.0,0.0,0.0,0.0,0.0,0.0,0.0,0.0,1.0,1.0,0.0,0,0,0,0,0,0,0,0.0,0.0,0.2,0.0
21,1300,0,dpga,fpn,0.1479787826538086,-0.0,global_ddp_mean,2,0.0,5.104617595672607,5.104617595672607,0.0,0.0,0.0,0.0,0.0,0.0,0.0,0.0,0.0,0.0,0.0,0.0,0.0,1.0,1.0,0.0,0,0,0,0,0,0,0,0.0,0.0,0.2,0.0
21,1300,0,dpga,rpn,0.1479787826538086,-0.0,global_ddp_mean,2,0.0,4.212038993835449,4.212038993835449,0.0,0.0,0.0,0.0,0.0,0.0,0.0,0.0,0.0,0.0,0.0,0.0,0.0,1.0,1.0,0.0,0,0,0,0,0,0,0,0.0,0.0,0.2,0.0
21,1300,0,dpga,roi_shared,0.1479787826538086,-0.0,global_ddp_mean,2,0.0,10.281612396240234,10.281612396240234,0.0,0.0,0.0,0.0,0.0,0.0,0.0,0.0,0.0,0.0,0.0,0.0,0.0,1.0,1.0,0.0,0,0,0,0,0,0,0,0.0,0.0,0.2,0.0
21,1300,0,dpga,roi_cls,0.1479787826538086,-0.0,global_ddp_mean,2,0.0,6.6341376304626465,6.6341376304626465,0.0,0.0,0.0,0.0,0.0,0.0,0.0,0.0,0.0,0.0,0.0,0.0,0.0,1.0,1.0,0.0,0,0,0,0,0,0,0,0.0,0.0,0.2,0.0
21,1300,0,dpga,roi_reg,0.1479787826538086,-0.0,global_ddp_mean,2,0.0,4.9968671798706055,4.9968671798706055,0.0,0.0,0.0,0.0,0.0,0.0,0.0,0.0,0.0,0.0,0.0,0.0,0.0,1.0,1.0,0.0,0,0,0,0,0,0,0,0.0,0.0,0.2,0.0
21,1400,0,dpga,backbone,0.9066523313522339,0.0,global_ddp_mean,2,0.0,53.619407653808594,53.619407653808594,0.0,0.0,0.0,0.0,0.0,0.0,0.0,0.0,0.0,0.0,0.0,0.0,0.0,1.0,1.0,0.0,0,0,0,0,0,0,0,0.0,0.0,0.2,0.0
21,1400,0,dpga,fpn,0.9066523313522339,0.0,global_ddp_mean,2,0.0,5.655219078063965,5.655219078063965,0.0,0.0,0.0,0.0,0.0,0.0,0.0,0.0,0.0,0.0,0.0,0.0,0.0,1.0,1.0,0.0,0,0,0,0,0,0,0,0.0,0.0,0.2,0.0
21,1400,0,dpga,rpn,0.9066523313522339,0.0,global_ddp_mean,2,0.0,7.445303916931152,7.445303916931152,0.0,0.0,0.0,0.0,0.0,0.0,0.0,0.0,0.0,0.0,0.0,0.0,0.0,1.0,1.0,0.0,0,0,0,0,0,0,0,0.0,0.0,0.2,0.0
21,1400,0,dpga,roi_shared,0.9066523313522339,0.0,global_ddp_mean,2,0.0,12.916319847106934,12.916319847106934,0.0,0.0,0.0,0.0,0.0,0.0,0.0,0.0,0.0,0.0,0.0,0.0,0.0,1.0,1.0,0.0,0,0,0,0,0,0,0,0.0,0.0,0.2,0.0
21,1400,0,dpga,roi_cls,0.9066523313522339,0.0,global_ddp_mean,2,0.0,13.558150291442871,13.558150291442871,0.0,0.0,0.0,0.0,0.0,0.0,0.0,0.0,0.0,0.0,0.0,0.0,0.0,1.0,1.0,0.0,0,0,0,0,0,0,0,0.0,0.0,0.2,0.0
21,1400,0,dpga,roi_reg,0.9066523313522339,0.0,global_ddp_mean,2,0.0,4.028814315795898,4.028814315795898,0.0,0.0,0.0,0.0,0.0,0.0,0.0,0.0,0.0,0.0,0.0,0.0,0.0,1.0,1.0,0.0,0,0,0,0,0,0,0,0.0,0.0,0.2,0.0
22,0,0,dpga,backbone,1.037428617477417,0.0,global_ddp_mean,2,0.0,26.331111907958984,26.331111907958984,0.0,0.0,0.0,0.0,0.0,0.0,0.0,0.0,0.0,0.0,0.0,0.0,0.0,1.0,1.0,0.0,0,0,0,0,0,0,0,0.0,0.0,0.2,0.0
22,0,0,dpga,fpn,1.037428617477417,0.0,global_ddp_mean,2,0.0,7.2340168952941895,7.2340168952941895,0.0,0.0,0.0,0.0,0.0,0.0,0.0,0.0,0.0,0.0,0.0,0.0,0.0,1.0,1.0,0.0,0,0,0,0,0,0,0,0.0,0.0,0.2,0.0
22,0,0,dpga,rpn,1.037428617477417,0.0,global_ddp_mean,2,0.0,6.187686920166016,6.187686920166016,0.0,0.0,0.0,0.0,0.0,0.0,0.0,0.0,0.0,0.0,0.0,0.0,0.0,1.0,1.0,0.0,0,0,0,0,0,0,0,0.0,0.0,0.2,0.0
22,0,0,dpga,roi_shared,1.037428617477417,0.0,global_ddp_mean,2,0.0,15.147139549255371,15.147139549255371,0.0,0.0,0.0,0.0,0.0,0.0,0.0,0.0,0.0,0.0,0.0,0.0,0.0,1.0,1.0,0.0,0,0,0,0,0,0,0,0.0,0.0,0.2,0.0
22,0,0,dpga,roi_cls,1.037428617477417,0.0,global_ddp_mean,2,0.0,11.74825668334961,11.74825668334961,0.0,0.0,0.0,0.0,0.0,0.0,0.0,0.0,0.0,0.0,0.0,0.0,0.0,1.0,1.0,0.0,0,0,0,0,0,0,0,0.0,0.0,0.2,0.0
22,0,0,dpga,roi_reg,1.037428617477417,0.0,global_ddp_mean,2,0.0,5.323606967926025,5.323606967926025,0.0,0.0,0.0,0.0,0.0,0.0,0.0,0.0,0.0,0.0,0.0,0.0,0.0,1.0,1.0,0.0,0,0,0,0,0,0,0,0.0,0.0,0.2,0.0
22,100,0,dpga,backbone,0.06319482624530792,-0.0,global_ddp_mean,2,0.0,6.697560787200928,6.697560787200928,0.0,0.0,0.0,0.0,0.0,0.0,0.0,0.0,0.0,0.0,0.0,0.0,0.0,1.0,1.0,0.0,0,0,0,0,0,0,0,0.0,0.0,0.2,0.0
22,100,0,dpga,fpn,0.06319482624530792,-0.0,global_ddp_mean,2,0.0,1.047640323638916,1.047640323638916,0.0,0.0,0.0,0.0,0.0,0.0,0.0,0.0,0.0,0.0,0.0,0.0,0.0,1.0,1.0,0.0,0,0,0,0,0,0,0,0.0,0.0,0.2,0.0
22,100,0,dpga,rpn,0.06319482624530792,-0.0,global_ddp_mean,2,0.0,1.1184682846069336,1.1184682846069336,0.0,0.0,0.0,0.0,0.0,0.0,0.0,0.0,0.0,0.0,0.0,0.0,0.0,1.0,1.0,0.0,0,0,0,0,0,0,0,0.0,0.0,0.2,0.0
22,100,0,dpga,roi_shared,0.06319482624530792,-0.0,global_ddp_mean,2,0.0,2.207244634628296,2.207244634628296,0.0,0.0,0.0,0.0,0.0,0.0,0.0,0.0,0.0,0.0,0.0,0.0,0.0,1.0,1.0,0.0,0,0,0,0,0,0,0,0.0,0.0,0.2,0.0
22,100,0,dpga,roi_cls,0.06319482624530792,-0.0,global_ddp_mean,2,0.0,1.8725872039794922,1.8725872039794922,0.0,0.0,0.0,0.0,0.0,0.0,0.0,0.0,0.0,0.0,0.0,0.0,0.0,1.0,1.0,0.0,0,0,0,0,0,0,0,0.0,0.0,0.2,0.0
22,100,0,dpga,roi_reg,0.06319482624530792,-0.0,global_ddp_mean,2,0.0,0.7275397777557373,0.7275397777557373,0.0,0.0,0.0,0.0,0.0,0.0,0.0,0.0,0.0,0.0,0.0,0.0,0.0,1.0,1.0,0.0,0,0,0,0,0,0,0,0.0,0.0,0.2,0.0
22,200,0,dpga,backbone,0.11533521860837936,-0.0,global_ddp_mean,2,0.0,30.2485408782959,30.2485408782959,0.0,0.0,0.0,0.0,0.0,0.0,0.0,0.0,0.0,0.0,0.0,0.0,0.0,1.0,1.0,0.0,0,0,0,0,0,0,0,0.0,0.0,0.2,0.0
22,200,0,dpga,fpn,0.11533521860837936,-0.0,global_ddp_mean,2,0.0,5.171124458312988,5.171124458312988,0.0,0.0,0.0,0.0,0.0,0.0,0.0,0.0,0.0,0.0,0.0,0.0,0.0,1.0,1.0,0.0,0,0,0,0,0,0,0,0.0,0.0,0.2,0.0
22,200,0,dpga,rpn,0.11533521860837936,-0.0,global_ddp_mean,2,0.0,3.4440248012542725,3.4440248012542725,0.0,0.0,0.0,0.0,0.0,0.0,0.0,0.0,0.0,0.0,0.0,0.0,0.0,1.0,1.0,0.0,0,0,0,0,0,0,0,0.0,0.0,0.2,0.0
22,200,0,dpga,roi_shared,0.11533521860837936,-0.0,global_ddp_mean,2,0.0,10.446503639221191,10.446503639221191,0.0,0.0,0.0,0.0,0.0,0.0,0.0,0.0,0.0,0.0,0.0,0.0,0.0,1.0,1.0,0.0,0,0,0,0,0,0,0,0.0,0.0,0.2,0.0
22,200,0,dpga,roi_cls,0.11533521860837936,-0.0,global_ddp_mean,2,0.0,7.549984455108643,7.549984455108643,0.0,0.0,0.0,0.0,0.0,0.0,0.0,0.0,0.0,0.0,0.0,0.0,0.0,1.0,1.0,0.0,0,0,0,0,0,0,0,0.0,0.0,0.2,0.0
22,200,0,dpga,roi_reg,0.11533521860837936,-0.0,global_ddp_mean,2,0.0,4.533909320831299,4.533909320831299,0.0,0.0,0.0,0.0,0.0,0.0,0.0,0.0,0.0,0.0,0.0,0.0,0.0,1.0,1.0,0.0,0,0,0,0,0,0,0,0.0,0.0,0.2,0.0
22,300,0,dpga,backbone,0.10043784976005554,-0.0,global_ddp_mean,2,0.0,5.4333176612854,5.4333176612854,0.0,0.0,0.0,0.0,0.0,0.0,0.0,0.0,0.0,0.0,0.0,0.0,0.0,1.0,1.0,0.0,0,0,0,0,0,0,0,0.0,0.0,0.2,0.0
22,300,0,dpga,fpn,0.10043784976005554,-0.0,global_ddp_mean,2,0.0,0.9642757177352905,0.9642757177352905,0.0,0.0,0.0,0.0,0.0,0.0,0.0,0.0,0.0,0.0,0.0,0.0,0.0,1.0,1.0,0.0,0,0,0,0,0,0,0,0.0,0.0,0.2,0.0
22,300,0,dpga,rpn,0.10043784976005554,-0.0,global_ddp_mean,2,0.0,0.8897721171379089,0.8897721171379089,0.0,0.0,0.0,0.0,0.0,0.0,0.0,0.0,0.0,0.0,0.0,0.0,0.0,1.0,1.0,0.0,0,0,0,0,0,0,0,0.0,0.0,0.2,0.0
22,300,0,dpga,roi_shared,0.10043784976005554,-0.0,global_ddp_mean,2,0.0,1.6626240015029907,1.6626240015029907,0.0,0.0,0.0,0.0,0.0,0.0,0.0,0.0,0.0,0.0,0.0,0.0,0.0,1.0,1.0,0.0,0,0,0,0,0,0,0,0.0,0.0,0.2,0.0
22,300,0,dpga,roi_cls,0.10043784976005554,-0.0,global_ddp_mean,2,0.0,1.4000755548477173,1.4000755548477173,0.0,0.0,0.0,0.0,0.0,0.0,0.0,0.0,0.0,0.0,0.0,0.0,0.0,1.0,1.0,0.0,0,0,0,0,0,0,0,0.0,0.0,0.2,0.0
22,300,0,dpga,roi_reg,0.10043784976005554,-0.0,global_ddp_mean,2,0.0,1.5713486671447754,1.5713486671447754,0.0,0.0,0.0,0.0,0.0,0.0,0.0,0.0,0.0,0.0,0.0,0.0,0.0,1.0,1.0,0.0,0,0,0,0,0,0,0,0.0,0.0,0.2,0.0
22,400,0,dpga,backbone,0.005361448973417282,0.0,global_ddp_mean,2,0.0,1.807677149772644,1.807677149772644,0.0,0.0,0.0,0.0,0.0,0.0,0.0,0.0,0.0,0.0,0.0,0.0,0.0,1.0,1.0,0.0,0,0,0,0,0,0,0,0.0,0.0,0.2,0.0
22,400,0,dpga,fpn,0.005361448973417282,0.0,global_ddp_mean,2,0.0,0.3411881923675537,0.3411881923675537,0.0,0.0,0.0,0.0,0.0,0.0,0.0,0.0,0.0,0.0,0.0,0.0,0.0,1.0,1.0,0.0,0,0,0,0,0,0,0,0.0,0.0,0.2,0.0
22,400,0,dpga,rpn,0.005361448973417282,0.0,global_ddp_mean,2,0.0,0.6694930195808411,0.6694930195808411,0.0,0.0,0.0,0.0,0.0,0.0,0.0,0.0,0.0,0.0,0.0,0.0,0.0,1.0,1.0,0.0,0,0,0,0,0,0,0,0.0,0.0,0.2,0.0
22,400,0,dpga,roi_shared,0.005361448973417282,0.0,global_ddp_mean,2,0.0,0.0,0.0,0.0,0.0,0.0,0.0,0.0,0.0,0.0,0.0,0.0,0.0,0.0,0.0,0.0,0.0,0.0,90.0,0,0,0,0,0,0,0,0.0,0.0,0.2,0.0
22,400,0,dpga,roi_cls,0.005361448973417282,0.0,global_ddp_mean,2,0.0,0.0,0.0,0.0,0.0,0.0,0.0,0.0,0.0,0.0,0.0,0.0,0.0,0.0,0.0,0.0,0.0,0.0,90.0,0,0,0,0,0,0,0,0.0,0.0,0.2,0.0
22,400,0,dpga,roi_reg,0.005361448973417282,0.0,global_ddp_mean,2,0.0,0.0,0.0,0.0,0.0,0.0,0.0,0.0,0.0,0.0,0.0,0.0,0.0,0.0,0.0,0.0,0.0,0.0,90.0,0,0,0,0,0,0,0,0.0,0.0,0.2,0.0
22,500,0,dpga,backbone,0.1944827437400818,-0.0,global_ddp_mean,2,0.0,6.223130226135254,6.223130226135254,0.0,0.0,0.0,0.0,0.0,0.0,0.0,0.0,0.0,0.0,0.0,0.0,0.0,1.0,1.0,0.0,0,0,0,0,0,0,0,0.0,0.0,0.2,0.0
22,500,0,dpga,fpn,0.1944827437400818,-0.0,global_ddp_mean,2,0.0,1.2502228021621704,1.2502228021621704,0.0,0.0,0.0,0.0,0.0,0.0,0.0,0.0,0.0,0.0,0.0,0.0,0.0,1.0,1.0,0.0,0,0,0,0,0,0,0,0.0,0.0,0.2,0.0
22,500,0,dpga,rpn,0.1944827437400818,-0.0,global_ddp_mean,2,0.0,1.8265776634216309,1.8265776634216309,0.0,0.0,0.0,0.0,0.0,0.0,0.0,0.0,0.0,0.0,0.0,0.0,0.0,1.0,1.0,0.0,0,0,0,0,0,0,0,0.0,0.0,0.2,0.0
22,500,0,dpga,roi_shared,0.1944827437400818,-0.0,global_ddp_mean,2,0.0,2.0780210494995117,2.0780210494995117,0.0,0.0,0.0,0.0,0.0,0.0,0.0,0.0,0.0,0.0,0.0,0.0,0.0,1.0,1.0,0.0,0,0,0,0,0,0,0,0.0,0.0,0.2,0.0
22,500,0,dpga,roi_cls,0.1944827437400818,-0.0,global_ddp_mean,2,0.0,1.2791810035705566,1.2791810035705566,0.0,0.0,0.0,0.0,0.0,0.0,0.0,0.0,0.0,0.0,0.0,0.0,0.0,1.0,1.0,0.0,0,0,0,0,0,0,0,0.0,0.0,0.2,0.0
22,500,0,dpga,roi_reg,0.1944827437400818,-0.0,global_ddp_mean,2,0.0,1.415723443031311,1.415723443031311,0.0,0.0,0.0,0.0,0.0,0.0,0.0,0.0,0.0,0.0,0.0,0.0,0.0,1.0,1.0,0.0,0,0,0,0,0,0,0,0.0,0.0,0.2,0.0
22,600,0,dpga,backbone,0.3267933130264282,-0.0,global_ddp_mean,2,0.0,157.11178588867188,157.11178588867188,0.0,0.0,0.0,0.0,0.0,0.0,0.0,0.0,0.0,0.0,0.0,0.0,0.0,1.0,1.0,0.0,0,0,0,0,0,0,0,0.0,0.0,0.2,0.0
22,600,0,dpga,fpn,0.3267933130264282,-0.0,global_ddp_mean,2,0.0,24.511472702026367,24.511472702026367,0.0,0.0,0.0,0.0,0.0,0.0,0.0,0.0,0.0,0.0,0.0,0.0,0.0,1.0,1.0,0.0,0,0,0,0,0,0,0,0.0,0.0,0.2,0.0
22,600,0,dpga,rpn,0.3267933130264282,-0.0,global_ddp_mean,2,0.0,39.800636291503906,39.800636291503906,0.0,0.0,0.0,0.0,0.0,0.0,0.0,0.0,0.0,0.0,0.0,0.0,0.0,1.0,1.0,0.0,0,0,0,0,0,0,0,0.0,0.0,0.2,0.0
22,600,0,dpga,roi_shared,0.3267933130264282,-0.0,global_ddp_mean,2,0.0,20.19816017150879,20.19816017150879,0.0,0.0,0.0,0.0,0.0,0.0,0.0,0.0,0.0,0.0,0.0,0.0,0.0,1.0,1.0,0.0,0,0,0,0,0,0,0,0.0,0.0,0.2,0.0
22,600,0,dpga,roi_cls,0.3267933130264282,-0.0,global_ddp_mean,2,0.0,18.21731948852539,18.21731948852539,0.0,0.0,0.0,0.0,0.0,0.0,0.0,0.0,0.0,0.0,0.0,0.0,0.0,1.0,1.0,0.0,0,0,0,0,0,0,0,0.0,0.0,0.2,0.0
22,600,0,dpga,roi_reg,0.3267933130264282,-0.0,global_ddp_mean,2,0.0,1.916374683380127,1.916374683380127,0.0,0.0,0.0,0.0,0.0,0.0,0.0,0.0,0.0,0.0,0.0,0.0,0.0,1.0,1.0,0.0,0,0,0,0,0,0,0,0.0,0.0,0.2,0.0
22,700,0,dpga,backbone,0.006957610137760639,0.0,global_ddp_mean,2,0.0,7.518161296844482,7.518161296844482,0.0,0.0,0.0,0.0,0.0,0.0,0.0,0.0,0.0,0.0,0.0,0.0,0.0,1.0,1.0,0.0,0,0,0,0,0,0,0,0.0,0.0,0.2,0.0
22,700,0,dpga,fpn,0.006957610137760639,0.0,global_ddp_mean,2,0.0,0.9707804918289185,0.9707804918289185,0.0,0.0,0.0,0.0,0.0,0.0,0.0,0.0,0.0,0.0,0.0,0.0,0.0,1.0,1.0,0.0,0,0,0,0,0,0,0,0.0,0.0,0.2,0.0
22,700,0,dpga,rpn,0.006957610137760639,0.0,global_ddp_mean,2,0.0,0.6177648901939392,0.6177648901939392,0.0,0.0,0.0,0.0,0.0,0.0,0.0,0.0,0.0,0.0,0.0,0.0,0.0,1.0,1.0,0.0,0,0,0,0,0,0,0,0.0,0.0,0.2,0.0
22,700,0,dpga,roi_shared,0.006957610137760639,0.0,global_ddp_mean,2,0.0,1.8830125331878662,1.8830125331878662,0.0,0.0,0.0,0.0,0.0,0.0,0.0,0.0,0.0,0.0,0.0,0.0,0.0,1.0,1.0,0.0,0,0,0,0,0,0,0,0.0,0.0,0.2,0.0
22,700,0,dpga,roi_cls,0.006957610137760639,0.0,global_ddp_mean,2,0.0,1.6863511800765991,1.6863511800765991,0.0,0.0,0.0,0.0,0.0,0.0,0.0,0.0,0.0,0.0,0.0,0.0,0.0,1.0,1.0,0.0,0,0,0,0,0,0,0,0.0,0.0,0.2,0.0
22,700,0,dpga,roi_reg,0.006957610137760639,0.0,global_ddp_mean,2,0.0,0.0,0.0,0.0,0.0,0.0,0.0,0.0,0.0,0.0,0.0,0.0,0.0,0.0,0.0,0.0,0.0,0.0,90.0,0,0,0,0,0,0,0,0.0,0.0,0.2,0.0
22,800,0,dpga,backbone,0.06085813790559769,0.0,global_ddp_mean,2,0.0,7.182381629943848,7.182381629943848,0.0,0.0,0.0,0.0,0.0,0.0,0.0,0.0,0.0,0.0,0.0,0.0,0.0,1.0,1.0,0.0,0,0,0,0,0,0,0,0.0,0.0,0.2,0.0
22,800,0,dpga,fpn,0.06085813790559769,0.0,global_ddp_mean,2,0.0,1.0937001705169678,1.0937001705169678,0.0,0.0,0.0,0.0,0.0,0.0,0.0,0.0,0.0,0.0,0.0,0.0,0.0,1.0,1.0,0.0,0,0,0,0,0,0,0,0.0,0.0,0.2,0.0
22,800,0,dpga,rpn,0.06085813790559769,0.0,global_ddp_mean,2,0.0,1.2357683181762695,1.2357683181762695,0.0,0.0,0.0,0.0,0.0,0.0,0.0,0.0,0.0,0.0,0.0,0.0,0.0,1.0,1.0,0.0,0,0,0,0,0,0,0,0.0,0.0,0.2,0.0
22,800,0,dpga,roi_shared,0.06085813790559769,0.0,global_ddp_mean,2,0.0,2.0258431434631348,2.0258431434631348,0.0,0.0,0.0,0.0,0.0,0.0,0.0,0.0,0.0,0.0,0.0,0.0,0.0,1.0,1.0,0.0,0,0,0,0,0,0,0,0.0,0.0,0.2,0.0
22,800,0,dpga,roi_cls,0.06085813790559769,0.0,global_ddp_mean,2,0.0,1.9743404388427734,1.9743404388427734,0.0,0.0,0.0,0.0,0.0,0.0,0.0,0.0,0.0,0.0,0.0,0.0,0.0,1.0,1.0,0.0,0,0,0,0,0,0,0,0.0,0.0,0.2,0.0
22,800,0,dpga,roi_reg,0.06085813790559769,0.0,global_ddp_mean,2,0.0,0.6558185815811157,0.6558185815811157,0.0,0.0,0.0,0.0,0.0,0.0,0.0,0.0,0.0,0.0,0.0,0.0,0.0,1.0,1.0,0.0,0,0,0,0,0,0,0,0.0,0.0,0.2,0.0
22,900,0,dpga,backbone,0.2653504014015198,0.00010002159251598641,global_ddp_mean,2,0.0,20.126340866088867,20.126340866088867,0.0,0.0,0.0,0.0,0.0,0.0,0.0,0.0,0.0,0.0,0.0,0.0,0.0,1.0,1.0,0.0,0,0,0,0,0,0,0,0.0,0.0,0.2,0.0
22,900,0,dpga,fpn,0.2653504014015198,0.00010002159251598641,global_ddp_mean,2,0.0,2.5924956798553467,2.5924956798553467,0.0,0.0,0.0,0.0,0.0,0.0,0.0,0.0,0.0,0.0,0.0,0.0,0.0,1.0,1.0,0.0,0,0,0,0,0,0,0,0.0,0.0,0.2,0.0
22,900,0,dpga,rpn,0.2653504014015198,0.00010002159251598641,global_ddp_mean,2,0.0,2.916987657546997,2.916987657546997,0.0,0.0,0.0,0.0,0.0,0.0,0.0,0.0,0.0,0.0,0.0,0.0,0.0,1.0,1.0,0.0,0,0,0,0,0,0,0,0.0,0.0,0.2,0.0
22,900,0,dpga,roi_shared,0.2653504014015198,0.00010002159251598641,global_ddp_mean,2,0.0,5.008472442626953,5.008472442626953,0.0,0.0,0.0,0.0,0.0,0.0,0.0,0.0,0.0,0.0,0.0,0.0,0.0,1.0,1.0,0.0,0,0,0,0,0,0,0,0.0,0.0,0.2,0.0
22,900,0,dpga,roi_cls,0.2653504014015198,0.00010002159251598641,global_ddp_mean,2,0.0,2.8750815391540527,2.8750815391540527,0.0,0.0,0.0,0.0,0.0,0.0,0.0,0.0,0.0,0.0,0.0,0.0,0.0,1.0,1.0,0.0,0,0,0,0,0,0,0,0.0,0.0,0.2,0.0
22,900,0,dpga,roi_reg,0.2653504014015198,0.00010002159251598641,global_ddp_mean,2,0.0,5.257201194763184,5.257201194763184,0.0,0.0,0.0,0.0,0.0,0.0,0.0,0.0,0.0,0.0,0.0,0.0,0.0,1.0,1.0,0.0,0,0,0,0,0,0,0,0.0,0.0,0.2,0.0
22,1000,0,dpga,backbone,0.6505445241928101,0.0,global_ddp_mean,2,0.0,22.123273849487305,22.123273849487305,0.0,0.0,0.0,0.0,0.0,0.0,0.0,0.0,0.0,0.0,0.0,0.0,0.0,1.0,1.0,0.0,0,0,0,0,0,0,0,0.0,0.0,0.2,0.0
22,1000,0,dpga,fpn,0.6505445241928101,0.0,global_ddp_mean,2,0.0,3.288541793823242,3.288541793823242,0.0,0.0,0.0,0.0,0.0,0.0,0.0,0.0,0.0,0.0,0.0,0.0,0.0,1.0,1.0,0.0,0,0,0,0,0,0,0,0.0,0.0,0.2,0.0
22,1000,0,dpga,rpn,0.6505445241928101,0.0,global_ddp_mean,2,0.0,2.5419223308563232,2.5419223308563232,0.0,0.0,0.0,0.0,0.0,0.0,0.0,0.0,0.0,0.0,0.0,0.0,0.0,1.0,1.0,0.0,0,0,0,0,0,0,0,0.0,0.0,0.2,0.0
22,1000,0,dpga,roi_shared,0.6505445241928101,0.0,global_ddp_mean,2,0.0,7.475196361541748,7.475196361541748,0.0,0.0,0.0,0.0,0.0,0.0,0.0,0.0,0.0,0.0,0.0,0.0,0.0,1.0,1.0,0.0,0,0,0,0,0,0,0,0.0,0.0,0.2,0.0
22,1000,0,dpga,roi_cls,0.6505445241928101,0.0,global_ddp_mean,2,0.0,6.850211143493652,6.850211143493652,0.0,0.0,0.0,0.0,0.0,0.0,0.0,0.0,0.0,0.0,0.0,0.0,0.0,1.0,1.0,0.0,0,0,0,0,0,0,0,0.0,0.0,0.2,0.0
22,1000,0,dpga,roi_reg,0.6505445241928101,0.0,global_ddp_mean,2,0.0,3.3369879722595215,3.3369879722595215,0.0,0.0,0.0,0.0,0.0,0.0,0.0,0.0,0.0,0.0,0.0,0.0,0.0,1.0,1.0,0.0,0,0,0,0,0,0,0,0.0,0.0,0.2,0.0
22,1100,0,dpga,backbone,0.012216625735163689,0.0,global_ddp_mean,2,0.0,13.369227409362793,13.369227409362793,0.0,0.0,0.0,0.0,0.0,0.0,0.0,0.0,0.0,0.0,0.0,0.0,0.0,1.0,1.0,0.0,0,0,0,0,0,0,0,0.0,0.0,0.2,0.0
22,1100,0,dpga,fpn,0.012216625735163689,0.0,global_ddp_mean,2,0.0,2.7505221366882324,2.7505221366882324,0.0,0.0,0.0,0.0,0.0,0.0,0.0,0.0,0.0,0.0,0.0,0.0,0.0,1.0,1.0,0.0,0,0,0,0,0,0,0,0.0,0.0,0.2,0.0
22,1100,0,dpga,rpn,0.012216625735163689,0.0,global_ddp_mean,2,0.0,0.8878816366195679,0.8878816366195679,0.0,0.0,0.0,0.0,0.0,0.0,0.0,0.0,0.0,0.0,0.0,0.0,0.0,1.0,1.0,0.0,0,0,0,0,0,0,0,0.0,0.0,0.2,0.0
22,1100,0,dpga,roi_shared,0.012216625735163689,0.0,global_ddp_mean,2,0.0,6.154631614685059,6.154631614685059,0.0,0.0,0.0,0.0,0.0,0.0,0.0,0.0,0.0,0.0,0.0,0.0,0.0,1.0,1.0,0.0,0,0,0,0,0,0,0,0.0,0.0,0.2,0.0
22,1100,0,dpga,roi_cls,0.012216625735163689,0.0,global_ddp_mean,2,0.0,5.921375274658203,5.921375274658203,0.0,0.0,0.0,0.0,0.0,0.0,0.0,0.0,0.0,0.0,0.0,0.0,0.0,1.0,1.0,0.0,0,0,0,0,0,0,0,0.0,0.0,0.2,0.0
22,1100,0,dpga,roi_reg,0.012216625735163689,0.0,global_ddp_mean,2,0.0,1.5298992395401,1.5298992395401,0.0,0.0,0.0,0.0,0.0,0.0,0.0,0.0,0.0,0.0,0.0,0.0,0.0,1.0,1.0,0.0,0,0,0,0,0,0,0,0.0,0.0,0.2,0.0
22,1200,0,dpga,backbone,0.08661779761314392,0.0,global_ddp_mean,2,0.0,3.505959987640381,3.505959987640381,0.0,0.0,0.0,0.0,0.0,0.0,0.0,0.0,0.0,0.0,0.0,0.0,0.0,1.0,1.0,0.0,0,0,0,0,0,0,0,0.0,0.0,0.2,0.0
22,1200,0,dpga,fpn,0.08661779761314392,0.0,global_ddp_mean,2,0.0,0.9880459904670715,0.9880459904670715,0.0,0.0,0.0,0.0,0.0,0.0,0.0,0.0,0.0,0.0,0.0,0.0,0.0,1.0,1.0,0.0,0,0,0,0,0,0,0,0.0,0.0,0.2,0.0
22,1200,0,dpga,rpn,0.08661779761314392,0.0,global_ddp_mean,2,0.0,0.5241996049880981,0.5241996049880981,0.0,0.0,0.0,0.0,0.0,0.0,0.0,0.0,0.0,0.0,0.0,0.0,0.0,1.0,1.0,0.0,0,0,0,0,0,0,0,0.0,0.0,0.2,0.0
22,1200,0,dpga,roi_shared,0.08661779761314392,0.0,global_ddp_mean,2,0.0,2.1869564056396484,2.1869564056396484,0.0,0.0,0.0,0.0,0.0,0.0,0.0,0.0,0.0,0.0,0.0,0.0,0.0,1.0,1.0,0.0,0,0,0,0,0,0,0,0.0,0.0,0.2,0.0
22,1200,0,dpga,roi_cls,0.08661779761314392,0.0,global_ddp_mean,2,0.0,1.8287323713302612,1.8287323713302612,0.0,0.0,0.0,0.0,0.0,0.0,0.0,0.0,0.0,0.0,0.0,0.0,0.0,1.0,1.0,0.0,0,0,0,0,0,0,0,0.0,0.0,0.2,0.0
22,1200,0,dpga,roi_reg,0.08661779761314392,0.0,global_ddp_mean,2,0.0,0.1150118038058281,0.1150118038058281,0.0,0.0,0.0,0.0,0.0,0.0,0.0,0.0,0.0,0.0,0.0,0.0,0.0,1.0,1.0,0.0,0,0,0,0,0,0,0,0.0,0.0,0.2,0.0
22,1300,0,dpga,backbone,0.36007654666900635,-0.0,global_ddp_mean,2,0.0,13.77137279510498,13.77137279510498,0.0,0.0,0.0,0.0,0.0,0.0,0.0,0.0,0.0,0.0,0.0,0.0,0.0,1.0,1.0,0.0,0,0,0,0,0,0,0,0.0,0.0,0.2,0.0
22,1300,0,dpga,fpn,0.36007654666900635,-0.0,global_ddp_mean,2,0.0,2.560980796813965,2.560980796813965,0.0,0.0,0.0,0.0,0.0,0.0,0.0,0.0,0.0,0.0,0.0,0.0,0.0,1.0,1.0,0.0,0,0,0,0,0,0,0,0.0,0.0,0.2,0.0
22,1300,0,dpga,rpn,0.36007654666900635,-0.0,global_ddp_mean,2,0.0,1.2606977224349976,1.2606977224349976,0.0,0.0,0.0,0.0,0.0,0.0,0.0,0.0,0.0,0.0,0.0,0.0,0.0,1.0,1.0,0.0,0,0,0,0,0,0,0,0.0,0.0,0.2,0.0
22,1300,0,dpga,roi_shared,0.36007654666900635,-0.0,global_ddp_mean,2,0.0,5.458513259887695,5.458513259887695,0.0,0.0,0.0,0.0,0.0,0.0,0.0,0.0,0.0,0.0,0.0,0.0,0.0,1.0,1.0,0.0,0,0,0,0,0,0,0,0.0,0.0,0.2,0.0
22,1300,0,dpga,roi_cls,0.36007654666900635,-0.0,global_ddp_mean,2,0.0,4.189508438110352,4.189508438110352,0.0,0.0,0.0,0.0,0.0,0.0,0.0,0.0,0.0,0.0,0.0,0.0,0.0,1.0,1.0,0.0,0,0,0,0,0,0,0,0.0,0.0,0.2,0.0
22,1300,0,dpga,roi_reg,0.36007654666900635,-0.0,global_ddp_mean,2,0.0,1.7570911645889282,1.7570911645889282,0.0,0.0,0.0,0.0,0.0,0.0,0.0,0.0,0.0,0.0,0.0,0.0,0.0,1.0,1.0,0.0,0,0,0,0,0,0,0,0.0,0.0,0.2,0.0
22,1400,0,dpga,backbone,0.529738187789917,-0.0,global_ddp_mean,2,0.0,14.148351669311523,14.148351669311523,0.0,0.0,0.0,0.0,0.0,0.0,0.0,0.0,0.0,0.0,0.0,0.0,0.0,1.0,1.0,0.0,0,0,0,0,0,0,0,0.0,0.0,0.2,0.0
22,1400,0,dpga,fpn,0.529738187789917,-0.0,global_ddp_mean,2,0.0,2.8611748218536377,2.8611748218536377,0.0,0.0,0.0,0.0,0.0,0.0,0.0,0.0,0.0,0.0,0.0,0.0,0.0,1.0,1.0,0.0,0,0,0,0,0,0,0,0.0,0.0,0.2,0.0
22,1400,0,dpga,rpn,0.529738187789917,-0.0,global_ddp_mean,2,0.0,3.7495949268341064,3.7495949268341064,0.0,0.0,0.0,0.0,0.0,0.0,0.0,0.0,0.0,0.0,0.0,0.0,0.0,1.0,1.0,0.0,0,0,0,0,0,0,0,0.0,0.0,0.2,0.0
22,1400,0,dpga,roi_shared,0.529738187789917,-0.0,global_ddp_mean,2,0.0,6.000244617462158,6.000244617462158,0.0,0.0,0.0,0.0,0.0,0.0,0.0,0.0,0.0,0.0,0.0,0.0,0.0,1.0,1.0,0.0,0,0,0,0,0,0,0,0.0,0.0,0.2,0.0
22,1400,0,dpga,roi_cls,0.529738187789917,-0.0,global_ddp_mean,2,0.0,3.969857931137085,3.969857931137085,0.0,0.0,0.0,0.0,0.0,0.0,0.0,0.0,0.0,0.0,0.0,0.0,0.0,1.0,1.0,0.0,0,0,0,0,0,0,0,0.0,0.0,0.2,0.0
22,1400,0,dpga,roi_reg,0.529738187789917,-0.0,global_ddp_mean,2,0.0,3.7002902030944824,3.7002902030944824,0.0,0.0,0.0,0.0,0.0,0.0,0.0,0.0,0.0,0.0,0.0,0.0,0.0,1.0,1.0,0.0,0,0,0,0,0,0,0,0.0,0.0,0.2,0.0
23,0,0,dpga,backbone,0.13141083717346191,0.0,global_ddp_mean,2,0.0,11.913010597229004,11.913010597229004,0.0,0.0,0.0,0.0,0.0,0.0,0.0,0.0,0.0,0.0,0.0,0.0,0.0,1.0,1.0,0.0,0,0,0,0,0,0,0,0.0,0.0,0.2,0.0
23,0,0,dpga,fpn,0.13141083717346191,0.0,global_ddp_mean,2,0.0,2.7198984622955322,2.7198984622955322,0.0,0.0,0.0,0.0,0.0,0.0,0.0,0.0,0.0,0.0,0.0,0.0,0.0,1.0,1.0,0.0,0,0,0,0,0,0,0,0.0,0.0,0.2,0.0
23,0,0,dpga,rpn,0.13141083717346191,0.0,global_ddp_mean,2,0.0,2.034032106399536,2.034032106399536,0.0,0.0,0.0,0.0,0.0,0.0,0.0,0.0,0.0,0.0,0.0,0.0,0.0,1.0,1.0,0.0,0,0,0,0,0,0,0,0.0,0.0,0.2,0.0
23,0,0,dpga,roi_shared,0.13141083717346191,0.0,global_ddp_mean,2,0.0,5.770477771759033,5.770477771759033,0.0,0.0,0.0,0.0,0.0,0.0,0.0,0.0,0.0,0.0,0.0,0.0,0.0,1.0,1.0,0.0,0,0,0,0,0,0,0,0.0,0.0,0.2,0.0
23,0,0,dpga,roi_cls,0.13141083717346191,0.0,global_ddp_mean,2,0.0,3.7330973148345947,3.7330973148345947,0.0,0.0,0.0,0.0,0.0,0.0,0.0,0.0,0.0,0.0,0.0,0.0,0.0,1.0,1.0,0.0,0,0,0,0,0,0,0,0.0,0.0,0.2,0.0
23,0,0,dpga,roi_reg,0.13141083717346191,0.0,global_ddp_mean,2,0.0,2.822844982147217,2.822844982147217,0.0,0.0,0.0,0.0,0.0,0.0,0.0,0.0,0.0,0.0,0.0,0.0,0.0,1.0,1.0,0.0,0,0,0,0,0,0,0,0.0,0.0,0.2,0.0
23,100,0,dpga,backbone,0.10392744839191437,0.0,global_ddp_mean,2,0.0,34.138580322265625,34.138580322265625,0.0,0.0,0.0,0.0,0.0,0.0,0.0,0.0,0.0,0.0,0.0,0.0,0.0,1.0,1.0,0.0,0,0,0,0,0,0,0,0.0,0.0,0.2,0.0
23,100,0,dpga,fpn,0.10392744839191437,0.0,global_ddp_mean,2,0.0,4.580413818359375,4.580413818359375,0.0,0.0,0.0,0.0,0.0,0.0,0.0,0.0,0.0,0.0,0.0,0.0,0.0,1.0,1.0,0.0,0,0,0,0,0,0,0,0.0,0.0,0.2,0.0
23,100,0,dpga,rpn,0.10392744839191437,0.0,global_ddp_mean,2,0.0,5.455907821655273,5.455907821655273,0.0,0.0,0.0,0.0,0.0,0.0,0.0,0.0,0.0,0.0,0.0,0.0,0.0,1.0,1.0,0.0,0,0,0,0,0,0,0,0.0,0.0,0.2,0.0
23,100,0,dpga,roi_shared,0.10392744839191437,0.0,global_ddp_mean,2,0.0,8.920462608337402,8.920462608337402,0.0,0.0,0.0,0.0,0.0,0.0,0.0,0.0,0.0,0.0,0.0,0.0,0.0,1.0,1.0,0.0,0,0,0,0,0,0,0,0.0,0.0,0.2,0.0
23,100,0,dpga,roi_cls,0.10392744839191437,0.0,global_ddp_mean,2,0.0,6.510493755340576,6.510493755340576,0.0,0.0,0.0,0.0,0.0,0.0,0.0,0.0,0.0,0.0,0.0,0.0,0.0,1.0,1.0,0.0,0,0,0,0,0,0,0,0.0,0.0,0.2,0.0
23,100,0,dpga,roi_reg,0.10392744839191437,0.0,global_ddp_mean,2,0.0,3.6752707958221436,3.6752707958221436,0.0,0.0,0.0,0.0,0.0,0.0,0.0,0.0,0.0,0.0,0.0,0.0,0.0,1.0,1.0,0.0,0,0,0,0,0,0,0,0.0,0.0,0.2,0.0
23,200,0,dpga,backbone,0.48641836643218994,0.0,global_ddp_mean,2,0.0,14.468189239501953,14.468189239501953,0.0,0.0,0.0,0.0,0.0,0.0,0.0,0.0,0.0,0.0,0.0,0.0,0.0,1.0,1.0,0.0,0,0,0,0,0,0,0,0.0,0.0,0.2,0.0
23,200,0,dpga,fpn,0.48641836643218994,0.0,global_ddp_mean,2,0.0,2.4781713485717773,2.4781713485717773,0.0,0.0,0.0,0.0,0.0,0.0,0.0,0.0,0.0,0.0,0.0,0.0,0.0,1.0,1.0,0.0,0,0,0,0,0,0,0,0.0,0.0,0.2,0.0
23,200,0,dpga,rpn,0.48641836643218994,0.0,global_ddp_mean,2,0.0,1.8392592668533325,1.8392592668533325,0.0,0.0,0.0,0.0,0.0,0.0,0.0,0.0,0.0,0.0,0.0,0.0,0.0,1.0,1.0,0.0,0,0,0,0,0,0,0,0.0,0.0,0.2,0.0
23,200,0,dpga,roi_shared,0.48641836643218994,0.0,global_ddp_mean,2,0.0,5.3354949951171875,5.3354949951171875,0.0,0.0,0.0,0.0,0.0,0.0,0.0,0.0,0.0,0.0,0.0,0.0,0.0,1.0,1.0,0.0,0,0,0,0,0,0,0,0.0,0.0,0.2,0.0
23,200,0,dpga,roi_cls,0.48641836643218994,0.0,global_ddp_mean,2,0.0,4.450490474700928,4.450490474700928,0.0,0.0,0.0,0.0,0.0,0.0,0.0,0.0,0.0,0.0,0.0,0.0,0.0,1.0,1.0,0.0,0,0,0,0,0,0,0,0.0,0.0,0.2,0.0
23,200,0,dpga,roi_reg,0.48641836643218994,0.0,global_ddp_mean,2,0.0,3.2306320667266846,3.2306320667266846,0.0,0.0,0.0,0.0,0.0,0.0,0.0,0.0,0.0,0.0,0.0,0.0,0.0,1.0,1.0,0.0,0,0,0,0,0,0,0,0.0,0.0,0.2,0.0
23,300,0,dpga,backbone,0.37240543961524963,0.0,global_ddp_mean,2,0.0,15.963011741638184,15.963011741638184,0.0,0.0,0.0,0.0,0.0,0.0,0.0,0.0,0.0,0.0,0.0,0.0,0.0,1.0,1.0,0.0,0,0,0,0,0,0,0,0.0,0.0,0.2,0.0
23,300,0,dpga,fpn,0.37240543961524963,0.0,global_ddp_mean,2,0.0,2.145754814147949,2.145754814147949,0.0,0.0,0.0,0.0,0.0,0.0,0.0,0.0,0.0,0.0,0.0,0.0,0.0,1.0,1.0,0.0,0,0,0,0,0,0,0,0.0,0.0,0.2,0.0
23,300,0,dpga,rpn,0.37240543961524963,0.0,global_ddp_mean,2,0.0,3.2494888305664062,3.2494888305664062,0.0,0.0,0.0,0.0,0.0,0.0,0.0,0.0,0.0,0.0,0.0,0.0,0.0,1.0,1.0,0.0,0,0,0,0,0,0,0,0.0,0.0,0.2,0.0
23,300,0,dpga,roi_shared,0.37240543961524963,0.0,global_ddp_mean,2,0.0,4.002589702606201,4.002589702606201,0.0,0.0,0.0,0.0,0.0,0.0,0.0,0.0,0.0,0.0,0.0,0.0,0.0,1.0,1.0,0.0,0,0,0,0,0,0,0,0.0,0.0,0.2,0.0
23,300,0,dpga,roi_cls,0.37240543961524963,0.0,global_ddp_mean,2,0.0,3.6748571395874023,3.6748571395874023,0.0,0.0,0.0,0.0,0.0,0.0,0.0,0.0,0.0,0.0,0.0,0.0,0.0,1.0,1.0,0.0,0,0,0,0,0,0,0,0.0,0.0,0.2,0.0
23,300,0,dpga,roi_reg,0.37240543961524963,0.0,global_ddp_mean,2,0.0,3.130530595779419,3.130530595779419,0.0,0.0,0.0,0.0,0.0,0.0,0.0,0.0,0.0,0.0,0.0,0.0,0.0,1.0,1.0,0.0,0,0,0,0,0,0,0,0.0,0.0,0.2,0.0
23,400,0,dpga,backbone,0.02771552838385105,0.0,global_ddp_mean,2,0.0,8.317571640014648,8.317571640014648,0.0,0.0,0.0,0.0,0.0,0.0,0.0,0.0,0.0,0.0,0.0,0.0,0.0,1.0,1.0,0.0,0,0,0,0,0,0,0,0.0,0.0,0.2,0.0
23,400,0,dpga,fpn,0.02771552838385105,0.0,global_ddp_mean,2,0.0,0.9845213294029236,0.9845213294029236,0.0,0.0,0.0,0.0,0.0,0.0,0.0,0.0,0.0,0.0,0.0,0.0,0.0,1.0,1.0,0.0,0,0,0,0,0,0,0,0.0,0.0,0.2,0.0
23,400,0,dpga,rpn,0.02771552838385105,0.0,global_ddp_mean,2,0.0,2.4864816665649414,2.4864816665649414,0.0,0.0,0.0,0.0,0.0,0.0,0.0,0.0,0.0,0.0,0.0,0.0,0.0,1.0,1.0,0.0,0,0,0,0,0,0,0,0.0,0.0,0.2,0.0
23,400,0,dpga,roi_shared,0.02771552838385105,0.0,global_ddp_mean,2,0.0,1.351936936378479,1.351936936378479,0.0,0.0,0.0,0.0,0.0,0.0,0.0,0.0,0.0,0.0,0.0,0.0,0.0,1.0,1.0,0.0,0,0,0,0,0,0,0,0.0,0.0,0.2,0.0
23,400,0,dpga,roi_cls,0.02771552838385105,0.0,global_ddp_mean,2,0.0,0.7073341012001038,0.7073341012001038,0.0,0.0,0.0,0.0,0.0,0.0,0.0,0.0,0.0,0.0,0.0,0.0,0.0,1.0,1.0,0.0,0,0,0,0,0,0,0,0.0,0.0,0.2,0.0
23,400,0,dpga,roi_reg,0.02771552838385105,0.0,global_ddp_mean,2,0.0,1.015809416770935,1.015809416770935,0.0,0.0,0.0,0.0,0.0,0.0,0.0,0.0,0.0,0.0,0.0,0.0,0.0,1.0,1.0,0.0,0,0,0,0,0,0,0,0.0,0.0,0.2,0.0
23,500,0,dpga,backbone,0.12930351495742798,-0.0,global_ddp_mean,2,0.0,15.123852729797363,15.123852729797363,0.0,0.0,0.0,0.0,0.0,0.0,0.0,0.0,0.0,0.0,0.0,0.0,0.0,1.0,1.0,0.0,0,0,0,0,0,0,0,0.0,0.0,0.2,0.0
23,500,0,dpga,fpn,0.12930351495742798,-0.0,global_ddp_mean,2,0.0,1.9550107717514038,1.9550107717514038,0.0,0.0,0.0,0.0,0.0,0.0,0.0,0.0,0.0,0.0,0.0,0.0,0.0,1.0,1.0,0.0,0,0,0,0,0,0,0,0.0,0.0,0.2,0.0
23,500,0,dpga,rpn,0.12930351495742798,-0.0,global_ddp_mean,2,0.0,1.5294655561447144,1.5294655561447144,0.0,0.0,0.0,0.0,0.0,0.0,0.0,0.0,0.0,0.0,0.0,0.0,0.0,1.0,1.0,0.0,0,0,0,0,0,0,0,0.0,0.0,0.2,0.0
23,500,0,dpga,roi_shared,0.12930351495742798,-0.0,global_ddp_mean,2,0.0,4.427272796630859,4.427272796630859,0.0,0.0,0.0,0.0,0.0,0.0,0.0,0.0,0.0,0.0,0.0,0.0,0.0,1.0,1.0,0.0,0,0,0,0,0,0,0,0.0,0.0,0.2,0.0
23,500,0,dpga,roi_cls,0.12930351495742798,-0.0,global_ddp_mean,2,0.0,2.3885042667388916,2.3885042667388916,0.0,0.0,0.0,0.0,0.0,0.0,0.0,0.0,0.0,0.0,0.0,0.0,0.0,1.0,1.0,0.0,0,0,0,0,0,0,0,0.0,0.0,0.2,0.0
23,500,0,dpga,roi_reg,0.12930351495742798,-0.0,global_ddp_mean,2,0.0,1.4992140531539917,1.4992140531539917,0.0,0.0,0.0,0.0,0.0,0.0,0.0,0.0,0.0,0.0,0.0,0.0,0.0,1.0,1.0,0.0,0,0,0,0,0,0,0,0.0,0.0,0.2,0.0
23,600,0,dpga,backbone,0.11723770201206207,-0.0,global_ddp_mean,2,0.0,10.711783409118652,10.711783409118652,0.0,0.0,0.0,0.0,0.0,0.0,0.0,0.0,0.0,0.0,0.0,0.0,0.0,1.0,1.0,0.0,0,0,0,0,0,0,0,0.0,0.0,0.2,0.0
23,600,0,dpga,fpn,0.11723770201206207,-0.0,global_ddp_mean,2,0.0,1.5142662525177002,1.5142662525177002,0.0,0.0,0.0,0.0,0.0,0.0,0.0,0.0,0.0,0.0,0.0,0.0,0.0,1.0,1.0,0.0,0,0,0,0,0,0,0,0.0,0.0,0.2,0.0
23,600,0,dpga,rpn,0.11723770201206207,-0.0,global_ddp_mean,2,0.0,1.0667141675949097,1.0667141675949097,0.0,0.0,0.0,0.0,0.0,0.0,0.0,0.0,0.0,0.0,0.0,0.0,0.0,1.0,1.0,0.0,0,0,0,0,0,0,0,0.0,0.0,0.2,0.0
23,600,0,dpga,roi_shared,0.11723770201206207,-0.0,global_ddp_mean,2,0.0,3.4149210453033447,3.4149210453033447,0.0,0.0,0.0,0.0,0.0,0.0,0.0,0.0,0.0,0.0,0.0,0.0,0.0,1.0,1.0,0.0,0,0,0,0,0,0,0,0.0,0.0,0.2,0.0
23,600,0,dpga,roi_cls,0.11723770201206207,-0.0,global_ddp_mean,2,0.0,2.001607656478882,2.001607656478882,0.0,0.0,0.0,0.0,0.0,0.0,0.0,0.0,0.0,0.0,0.0,0.0,0.0,1.0,1.0,0.0,0,0,0,0,0,0,0,0.0,0.0,0.2,0.0
23,600,0,dpga,roi_reg,0.11723770201206207,-0.0,global_ddp_mean,2,0.0,1.773696780204773,1.773696780204773,0.0,0.0,0.0,0.0,0.0,0.0,0.0,0.0,0.0,0.0,0.0,0.0,0.0,1.0,1.0,0.0,0,0,0,0,0,0,0,0.0,0.0,0.2,0.0
23,700,0,dpga,backbone,0.059295475482940674,-0.0,global_ddp_mean,2,0.0,8.710030555725098,8.710030555725098,0.0,0.0,0.0,0.0,0.0,0.0,0.0,0.0,0.0,0.0,0.0,0.0,0.0,1.0,1.0,0.0,0,0,0,0,0,0,0,0.0,0.0,0.2,0.0
23,700,0,dpga,fpn,0.059295475482940674,-0.0,global_ddp_mean,2,0.0,1.6602046489715576,1.6602046489715576,0.0,0.0,0.0,0.0,0.0,0.0,0.0,0.0,0.0,0.0,0.0,0.0,0.0,1.0,1.0,0.0,0,0,0,0,0,0,0,0.0,0.0,0.2,0.0
23,700,0,dpga,rpn,0.059295475482940674,-0.0,global_ddp_mean,2,0.0,2.344010353088379,2.344010353088379,0.0,0.0,0.0,0.0,0.0,0.0,0.0,0.0,0.0,0.0,0.0,0.0,0.0,1.0,1.0,0.0,0,0,0,0,0,0,0,0.0,0.0,0.2,0.0
23,700,0,dpga,roi_shared,0.059295475482940674,-0.0,global_ddp_mean,2,0.0,2.333266258239746,2.333266258239746,0.0,0.0,0.0,0.0,0.0,0.0,0.0,0.0,0.0,0.0,0.0,0.0,0.0,1.0,1.0,0.0,0,0,0,0,0,0,0,0.0,0.0,0.2,0.0
23,700,0,dpga,roi_cls,0.059295475482940674,-0.0,global_ddp_mean,2,0.0,1.2781609296798706,1.2781609296798706,0.0,0.0,0.0,0.0,0.0,0.0,0.0,0.0,0.0,0.0,0.0,0.0,0.0,1.0,1.0,0.0,0,0,0,0,0,0,0,0.0,0.0,0.2,0.0
23,700,0,dpga,roi_reg,0.059295475482940674,-0.0,global_ddp_mean,2,0.0,1.5396816730499268,1.5396816730499268,0.0,0.0,0.0,0.0,0.0,0.0,0.0,0.0,0.0,0.0,0.0,0.0,0.0,1.0,1.0,0.0,0,0,0,0,0,0,0,0.0,0.0,0.2,0.0
23,800,0,dpga,backbone,0.36396080255508423,-0.0,global_ddp_mean,2,0.0,19.170089721679688,19.170089721679688,0.0,0.0,0.0,0.0,0.0,0.0,0.0,0.0,0.0,0.0,0.0,0.0,0.0,1.0,1.0,0.0,0,0,0,0,0,0,0,0.0,0.0,0.2,0.0
23,800,0,dpga,fpn,0.36396080255508423,-0.0,global_ddp_mean,2,0.0,1.7380949258804321,1.7380949258804321,0.0,0.0,0.0,0.0,0.0,0.0,0.0,0.0,0.0,0.0,0.0,0.0,0.0,1.0,1.0,0.0,0,0,0,0,0,0,0,0.0,0.0,0.2,0.0
23,800,0,dpga,rpn,0.36396080255508423,-0.0,global_ddp_mean,2,0.0,3.1335129737854004,3.1335129737854004,0.0,0.0,0.0,0.0,0.0,0.0,0.0,0.0,0.0,0.0,0.0,0.0,0.0,1.0,1.0,0.0,0,0,0,0,0,0,0,0.0,0.0,0.2,0.0
23,800,0,dpga,roi_shared,0.36396080255508423,-0.0,global_ddp_mean,2,0.0,3.1770455837249756,3.1770455837249756,0.0,0.0,0.0,0.0,0.0,0.0,0.0,0.0,0.0,0.0,0.0,0.0,0.0,1.0,1.0,0.0,0,0,0,0,0,0,0,0.0,0.0,0.2,0.0
23,800,0,dpga,roi_cls,0.36396080255508423,-0.0,global_ddp_mean,2,0.0,2.761443614959717,2.761443614959717,0.0,0.0,0.0,0.0,0.0,0.0,0.0,0.0,0.0,0.0,0.0,0.0,0.0,1.0,1.0,0.0,0,0,0,0,0,0,0,0.0,0.0,0.2,0.0
23,800,0,dpga,roi_reg,0.36396080255508423,-0.0,global_ddp_mean,2,0.0,1.494985580444336,1.494985580444336,0.0,0.0,0.0,0.0,0.0,0.0,0.0,0.0,0.0,0.0,0.0,0.0,0.0,1.0,1.0,0.0,0,0,0,0,0,0,0,0.0,0.0,0.2,0.0
23,900,0,dpga,backbone,0.424263596534729,0.00010002159251598641,global_ddp_mean,2,-0.30653515458106995,24.74243927001953,24.74243927001953,1.120985873570568e-10,1.120985873570568e-10,1.0669808092611532e-10,1.0669808092611532e-10,2.1339616503208125e-11,1.0669808092611532e-10,4.530619884874767e-12,4.312350927153801e-12,4.312350927153801e-12,8.624701982825673e-13,8.624701982825673e-13,4.81537014633004e-21,4.81537014633004e-21,1.0,1.0,0.0,1,0,0,0,0,1,0,1.0,1.0,0.2,0.20000000298023224
23,900,0,dpga,fpn,0.424263596534729,0.00010002159251598641,global_ddp_mean,2,0.050561971962451935,3.4711685180664062,3.4711685180664062,2.552887762297118e-11,2.552887762297118e-11,2.552887762297118e-11,2.552887762297118e-11,5.10577560067622e-12,2.552887762297118e-11,7.35454861672688e-12,7.35454861672688e-12,7.35454861672688e-12,1.4709097452636388e-12,1.4709097452636388e-12,7.437209729931742e-14,7.437209729931742e-14,1.0000000000000744,1.0000000000000744,0.0,0,0,0,0,0,0,0,1.0,1.0,0.2,0.20000000298023224
23,900,0,dpga,rpn,0.424263596534729,0.00010002159251598641,global_ddp_mean,2,0.0,4.302544593811035,4.302544593811035,0.0,0.0,0.0,0.0,0.0,0.0,0.0,0.0,0.0,0.0,0.0,0.0,0.0,1.0,1.0,0.0,0,0,0,0,0,0,0,0.0,0.0,0.2,0.0
23,900,0,dpga,roi_shared,0.424263596534729,0.00010002159251598641,global_ddp_mean,2,0.028052201494574547,7.051550388336182,7.051550388336182,7.203850016512803e-11,7.203850016512803e-11,7.203850016512803e-11,7.203850016512803e-11,1.4407700247717066e-11,7.203850016512803e-11,1.0215980344448133e-11,1.0215980344448133e-11,1.0215980344448133e-11,2.0431960993356207e-12,2.0431960993356207e-12,5.731614867149157e-14,5.731614867149157e-14,1.0000000000000573,1.0000000000000573,0.0,0,0,0,0,0,0,0,1.0,1.0,0.2,0.20000000298023224
23,900,0,dpga,roi_cls,0.424263596534729,0.00010002159251598641,global_ddp_mean,2,0.0,4.781950950622559,4.781950950622559,0.0,0.0,0.0,0.0,0.0,0.0,0.0,0.0,0.0,0.0,0.0,0.0,0.0,1.0,1.0,0.0,0,0,0,0,0,0,0,0.0,0.0,0.2,0.0
23,900,0,dpga,roi_reg,0.424263596534729,0.00010002159251598641,global_ddp_mean,2,0.11273783445358276,5.743114471435547,5.743114471435547,2.7638069610702587e-10,2.7638069610702587e-10,2.7638069610702587e-10,2.7638069610702587e-10,5.5276140045083835e-11,2.7638069610702587e-10,4.8123835504525794e-11,4.8123835504525794e-11,4.8123835504525794e-11,9.624767244325365e-12,9.624767244325365e-12,1.085075416245019e-12,1.085075416245019e-12,1.0000000000010851,1.0000000000010851,0.0,0,0,0,0,0,0,0,1.0,1.0,0.2,0.20000000298023224
23,1000,0,dpga,backbone,0.24710479378700256,0.0,global_ddp_mean,2,0.0,7.508190155029297,7.508190155029297,0.0,0.0,0.0,0.0,0.0,0.0,0.0,0.0,0.0,0.0,0.0,0.0,0.0,1.0,1.0,0.0,0,0,0,0,0,0,0,0.0,0.0,0.2,0.0
23,1000,0,dpga,fpn,0.24710479378700256,0.0,global_ddp_mean,2,0.0,1.5162047147750854,1.5162047147750854,0.0,0.0,0.0,0.0,0.0,0.0,0.0,0.0,0.0,0.0,0.0,0.0,0.0,1.0,1.0,0.0,0,0,0,0,0,0,0,0.0,0.0,0.2,0.0
23,1000,0,dpga,rpn,0.24710479378700256,0.0,global_ddp_mean,2,0.0,0.7142029404640198,0.7142029404640198,0.0,0.0,0.0,0.0,0.0,0.0,0.0,0.0,0.0,0.0,0.0,0.0,0.0,1.0,1.0,0.0,0,0,0,0,0,0,0,0.0,0.0,0.2,0.0
23,1000,0,dpga,roi_shared,0.24710479378700256,0.0,global_ddp_mean,2,0.0,3.279771089553833,3.279771089553833,0.0,0.0,0.0,0.0,0.0,0.0,0.0,0.0,0.0,0.0,0.0,0.0,0.0,1.0,1.0,0.0,0,0,0,0,0,0,0,0.0,0.0,0.2,0.0
23,1000,0,dpga,roi_cls,0.24710479378700256,0.0,global_ddp_mean,2,0.0,2.3410398960113525,2.3410398960113525,0.0,0.0,0.0,0.0,0.0,0.0,0.0,0.0,0.0,0.0,0.0,0.0,0.0,1.0,1.0,0.0,0,0,0,0,0,0,0,0.0,0.0,0.2,0.0
23,1000,0,dpga,roi_reg,0.24710479378700256,0.0,global_ddp_mean,2,0.0,0.7232111096382141,0.7232111096382141,0.0,0.0,0.0,0.0,0.0,0.0,0.0,0.0,0.0,0.0,0.0,0.0,0.0,1.0,1.0,0.0,0,0,0,0,0,0,0,0.0,0.0,0.2,0.0
23,1100,0,dpga,backbone,0.22150667011737823,-0.0,global_ddp_mean,2,0.0,28.664030075073242,28.664030075073242,0.0,0.0,0.0,0.0,0.0,0.0,0.0,0.0,0.0,0.0,0.0,0.0,0.0,1.0,1.0,0.0,0,0,0,0,0,0,0,0.0,0.0,0.2,0.0
23,1100,0,dpga,fpn,0.22150667011737823,-0.0,global_ddp_mean,2,0.0,4.198312282562256,4.198312282562256,0.0,0.0,0.0,0.0,0.0,0.0,0.0,0.0,0.0,0.0,0.0,0.0,0.0,1.0,1.0,0.0,0,0,0,0,0,0,0,0.0,0.0,0.2,0.0
23,1100,0,dpga,rpn,0.22150667011737823,-0.0,global_ddp_mean,2,0.0,4.32151985168457,4.32151985168457,0.0,0.0,0.0,0.0,0.0,0.0,0.0,0.0,0.0,0.0,0.0,0.0,0.0,1.0,1.0,0.0,0,0,0,0,0,0,0,0.0,0.0,0.2,0.0
23,1100,0,dpga,roi_shared,0.22150667011737823,-0.0,global_ddp_mean,2,0.0,7.14452600479126,7.14452600479126,0.0,0.0,0.0,0.0,0.0,0.0,0.0,0.0,0.0,0.0,0.0,0.0,0.0,1.0,1.0,0.0,0,0,0,0,0,0,0,0.0,0.0,0.2,0.0
23,1100,0,dpga,roi_cls,0.22150667011737823,-0.0,global_ddp_mean,2,0.0,5.222468376159668,5.222468376159668,0.0,0.0,0.0,0.0,0.0,0.0,0.0,0.0,0.0,0.0,0.0,0.0,0.0,1.0,1.0,0.0,0,0,0,0,0,0,0,0.0,0.0,0.2,0.0
23,1100,0,dpga,roi_reg,0.22150667011737823,-0.0,global_ddp_mean,2,0.0,2.2821757793426514,2.2821757793426514,0.0,0.0,0.0,0.0,0.0,0.0,0.0,0.0,0.0,0.0,0.0,0.0,0.0,1.0,1.0,0.0,0,0,0,0,0,0,0,0.0,0.0,0.2,0.0
23,1200,0,dpga,backbone,0.36933040618896484,-0.0,global_ddp_mean,2,0.0,9.116479873657227,9.116479873657227,0.0,0.0,0.0,0.0,0.0,0.0,0.0,0.0,0.0,0.0,0.0,0.0,0.0,1.0,1.0,0.0,0,0,0,0,0,0,0,0.0,0.0,0.2,0.0
23,1200,0,dpga,fpn,0.36933040618896484,-0.0,global_ddp_mean,2,0.0,2.7108607292175293,2.7108607292175293,0.0,0.0,0.0,0.0,0.0,0.0,0.0,0.0,0.0,0.0,0.0,0.0,0.0,1.0,1.0,0.0,0,0,0,0,0,0,0,0.0,0.0,0.2,0.0
23,1200,0,dpga,rpn,0.36933040618896484,-0.0,global_ddp_mean,2,0.0,1.7375068664550781,1.7375068664550781,0.0,0.0,0.0,0.0,0.0,0.0,0.0,0.0,0.0,0.0,0.0,0.0,0.0,1.0,1.0,0.0,0,0,0,0,0,0,0,0.0,0.0,0.2,0.0
23,1200,0,dpga,roi_shared,0.36933040618896484,-0.0,global_ddp_mean,2,0.0,6.0175957679748535,6.0175957679748535,0.0,0.0,0.0,0.0,0.0,0.0,0.0,0.0,0.0,0.0,0.0,0.0,0.0,1.0,1.0,0.0,0,0,0,0,0,0,0,0.0,0.0,0.2,0.0
23,1200,0,dpga,roi_cls,0.36933040618896484,-0.0,global_ddp_mean,2,0.0,4.177713871002197,4.177713871002197,0.0,0.0,0.0,0.0,0.0,0.0,0.0,0.0,0.0,0.0,0.0,0.0,0.0,1.0,1.0,0.0,0,0,0,0,0,0,0,0.0,0.0,0.2,0.0
23,1200,0,dpga,roi_reg,0.36933040618896484,-0.0,global_ddp_mean,2,0.0,1.7346690893173218,1.7346690893173218,0.0,0.0,0.0,0.0,0.0,0.0,0.0,0.0,0.0,0.0,0.0,0.0,0.0,1.0,1.0,0.0,0,0,0,0,0,0,0,0.0,0.0,0.2,0.0
23,1300,0,dpga,backbone,0.20706342160701752,0.0,global_ddp_mean,2,0.0,35.749366760253906,35.749366760253906,0.0,0.0,0.0,0.0,0.0,0.0,0.0,0.0,0.0,0.0,0.0,0.0,0.0,1.0,1.0,0.0,0,0,0,0,0,0,0,0.0,0.0,0.2,0.0
23,1300,0,dpga,fpn,0.20706342160701752,0.0,global_ddp_mean,2,0.0,3.3506999015808105,3.3506999015808105,0.0,0.0,0.0,0.0,0.0,0.0,0.0,0.0,0.0,0.0,0.0,0.0,0.0,1.0,1.0,0.0,0,0,0,0,0,0,0,0.0,0.0,0.2,0.0
23,1300,0,dpga,rpn,0.20706342160701752,0.0,global_ddp_mean,2,0.0,3.6783804893493652,3.6783804893493652,0.0,0.0,0.0,0.0,0.0,0.0,0.0,0.0,0.0,0.0,0.0,0.0,0.0,1.0,1.0,0.0,0,0,0,0,0,0,0,0.0,0.0,0.2,0.0
23,1300,0,dpga,roi_shared,0.20706342160701752,0.0,global_ddp_mean,2,0.0,5.725318908691406,5.725318908691406,0.0,0.0,0.0,0.0,0.0,0.0,0.0,0.0,0.0,0.0,0.0,0.0,0.0,1.0,1.0,0.0,0,0,0,0,0,0,0,0.0,0.0,0.2,0.0
23,1300,0,dpga,roi_cls,0.20706342160701752,0.0,global_ddp_mean,2,0.0,5.235936164855957,5.235936164855957,0.0,0.0,0.0,0.0,0.0,0.0,0.0,0.0,0.0,0.0,0.0,0.0,0.0,1.0,1.0,0.0,0,0,0,0,0,0,0,0.0,0.0,0.2,0.0
23,1300,0,dpga,roi_reg,0.20706342160701752,0.0,global_ddp_mean,2,0.0,2.088777780532837,2.088777780532837,0.0,0.0,0.0,0.0,0.0,0.0,0.0,0.0,0.0,0.0,0.0,0.0,0.0,1.0,1.0,0.0,0,0,0,0,0,0,0,0.0,0.0,0.2,0.0
23,1400,0,dpga,backbone,0.021606193855404854,0.0,global_ddp_mean,2,0.0,9.469335556030273,9.469335556030273,0.0,0.0,0.0,0.0,0.0,0.0,0.0,0.0,0.0,0.0,0.0,0.0,0.0,1.0,1.0,0.0,0,0,0,0,0,0,0,0.0,0.0,0.2,0.0
23,1400,0,dpga,fpn,0.021606193855404854,0.0,global_ddp_mean,2,0.0,2.1048409938812256,2.1048409938812256,0.0,0.0,0.0,0.0,0.0,0.0,0.0,0.0,0.0,0.0,0.0,0.0,0.0,1.0,1.0,0.0,0,0,0,0,0,0,0,0.0,0.0,0.2,0.0
23,1400,0,dpga,rpn,0.021606193855404854,0.0,global_ddp_mean,2,0.0,3.2550065517425537,3.2550065517425537,0.0,0.0,0.0,0.0,0.0,0.0,0.0,0.0,0.0,0.0,0.0,0.0,0.0,1.0,1.0,0.0,0,0,0,0,0,0,0,0.0,0.0,0.2,0.0
23,1400,0,dpga,roi_shared,0.021606193855404854,0.0,global_ddp_mean,2,0.0,4.335978031158447,4.335978031158447,0.0,0.0,0.0,0.0,0.0,0.0,0.0,0.0,0.0,0.0,0.0,0.0,0.0,1.0,1.0,0.0,0,0,0,0,0,0,0,0.0,0.0,0.2,0.0
23,1400,0,dpga,roi_cls,0.021606193855404854,0.0,global_ddp_mean,2,0.0,3.4933278560638428,3.4933278560638428,0.0,0.0,0.0,0.0,0.0,0.0,0.0,0.0,0.0,0.0,0.0,0.0,0.0,1.0,1.0,0.0,0,0,0,0,0,0,0,0.0,0.0,0.2,0.0
23,1400,0,dpga,roi_reg,0.021606193855404854,0.0,global_ddp_mean,2,0.0,2.6089248657226562,2.6089248657226562,0.0,0.0,0.0,0.0,0.0,0.0,0.0,0.0,0.0,0.0,0.0,0.0,0.0,1.0,1.0,0.0,0,0,0,0,0,0,0,0.0,0.0,0.2,0.0
24,0,0,dpga,backbone,0.12693184614181519,-0.0,global_ddp_mean,2,0.0,9.14588737487793,9.14588737487793,0.0,0.0,0.0,0.0,0.0,0.0,0.0,0.0,0.0,0.0,0.0,0.0,0.0,1.0,1.0,0.0,0,0,0,0,0,0,0,0.0,0.0,0.2,0.0
24,0,0,dpga,fpn,0.12693184614181519,-0.0,global_ddp_mean,2,0.0,1.9217100143432617,1.9217100143432617,0.0,0.0,0.0,0.0,0.0,0.0,0.0,0.0,0.0,0.0,0.0,0.0,0.0,1.0,1.0,0.0,0,0,0,0,0,0,0,0.0,0.0,0.2,0.0
24,0,0,dpga,rpn,0.12693184614181519,-0.0,global_ddp_mean,2,0.0,2.0901801586151123,2.0901801586151123,0.0,0.0,0.0,0.0,0.0,0.0,0.0,0.0,0.0,0.0,0.0,0.0,0.0,1.0,1.0,0.0,0,0,0,0,0,0,0,0.0,0.0,0.2,0.0
24,0,0,dpga,roi_shared,0.12693184614181519,-0.0,global_ddp_mean,2,0.0,4.636411666870117,4.636411666870117,0.0,0.0,0.0,0.0,0.0,0.0,0.0,0.0,0.0,0.0,0.0,0.0,0.0,1.0,1.0,0.0,0,0,0,0,0,0,0,0.0,0.0,0.2,0.0
24,0,0,dpga,roi_cls,0.12693184614181519,-0.0,global_ddp_mean,2,0.0,3.0738978385925293,3.0738978385925293,0.0,0.0,0.0,0.0,0.0,0.0,0.0,0.0,0.0,0.0,0.0,0.0,0.0,1.0,1.0,0.0,0,0,0,0,0,0,0,0.0,0.0,0.2,0.0
24,0,0,dpga,roi_reg,0.12693184614181519,-0.0,global_ddp_mean,2,0.0,1.4438990354537964,1.4438990354537964,0.0,0.0,0.0,0.0,0.0,0.0,0.0,0.0,0.0,0.0,0.0,0.0,0.0,1.0,1.0,0.0,0,0,0,0,0,0,0,0.0,0.0,0.2,0.0
24,100,0,dpga,backbone,0.0074090296402573586,0.0,global_ddp_mean,2,0.0,11.185938835144043,11.185938835144043,0.0,0.0,0.0,0.0,0.0,0.0,0.0,0.0,0.0,0.0,0.0,0.0,0.0,1.0,1.0,0.0,0,0,0,0,0,0,0,0.0,0.0,0.2,0.0
24,100,0,dpga,fpn,0.0074090296402573586,0.0,global_ddp_mean,2,0.0,1.2820533514022827,1.2820533514022827,0.0,0.0,0.0,0.0,0.0,0.0,0.0,0.0,0.0,0.0,0.0,0.0,0.0,1.0,1.0,0.0,0,0,0,0,0,0,0,0.0,0.0,0.2,0.0
24,100,0,dpga,rpn,0.0074090296402573586,0.0,global_ddp_mean,2,0.0,1.3280154466629028,1.3280154466629028,0.0,0.0,0.0,0.0,0.0,0.0,0.0,0.0,0.0,0.0,0.0,0.0,0.0,1.0,1.0,0.0,0,0,0,0,0,0,0,0.0,0.0,0.2,0.0
24,100,0,dpga,roi_shared,0.0074090296402573586,0.0,global_ddp_mean,2,0.0,2.4274544715881348,2.4274544715881348,0.0,0.0,0.0,0.0,0.0,0.0,0.0,0.0,0.0,0.0,0.0,0.0,0.0,1.0,1.0,0.0,0,0,0,0,0,0,0,0.0,0.0,0.2,0.0
24,100,0,dpga,roi_cls,0.0074090296402573586,0.0,global_ddp_mean,2,0.0,1.3502063751220703,1.3502063751220703,0.0,0.0,0.0,0.0,0.0,0.0,0.0,0.0,0.0,0.0,0.0,0.0,0.0,1.0,1.0,0.0,0,0,0,0,0,0,0,0.0,0.0,0.2,0.0
24,100,0,dpga,roi_reg,0.0074090296402573586,0.0,global_ddp_mean,2,0.0,1.8799926042556763,1.8799926042556763,0.0,0.0,0.0,0.0,0.0,0.0,0.0,0.0,0.0,0.0,0.0,0.0,0.0,1.0,1.0,0.0,0,0,0,0,0,0,0,0.0,0.0,0.2,0.0
24,200,0,dpga,backbone,0.1307612657546997,0.0,global_ddp_mean,2,0.0,7.1129231452941895,7.1129231452941895,0.0,0.0,0.0,0.0,0.0,0.0,0.0,0.0,0.0,0.0,0.0,0.0,0.0,1.0,1.0,0.0,0,0,0,0,0,0,0,0.0,0.0,0.2,0.0
24,200,0,dpga,fpn,0.1307612657546997,0.0,global_ddp_mean,2,0.0,0.876262903213501,0.876262903213501,0.0,0.0,0.0,0.0,0.0,0.0,0.0,0.0,0.0,0.0,0.0,0.0,0.0,1.0,1.0,0.0,0,0,0,0,0,0,0,0.0,0.0,0.2,0.0
24,200,0,dpga,rpn,0.1307612657546997,0.0,global_ddp_mean,2,0.0,0.7677035927772522,0.7677035927772522,0.0,0.0,0.0,0.0,0.0,0.0,0.0,0.0,0.0,0.0,0.0,0.0,0.0,1.0,1.0,0.0,0,0,0,0,0,0,0,0.0,0.0,0.2,0.0
24,200,0,dpga,roi_shared,0.1307612657546997,0.0,global_ddp_mean,2,0.0,1.9581480026245117,1.9581480026245117,0.0,0.0,0.0,0.0,0.0,0.0,0.0,0.0,0.0,0.0,0.0,0.0,0.0,1.0,1.0,0.0,0,0,0,0,0,0,0,0.0,0.0,0.2,0.0
24,200,0,dpga,roi_cls,0.1307612657546997,0.0,global_ddp_mean,2,0.0,1.1713130474090576,1.1713130474090576,0.0,0.0,0.0,0.0,0.0,0.0,0.0,0.0,0.0,0.0,0.0,0.0,0.0,1.0,1.0,0.0,0,0,0,0,0,0,0,0.0,0.0,0.2,0.0
24,200,0,dpga,roi_reg,0.1307612657546997,0.0,global_ddp_mean,2,0.0,1.175930142402649,1.175930142402649,0.0,0.0,0.0,0.0,0.0,0.0,0.0,0.0,0.0,0.0,0.0,0.0,0.0,1.0,1.0,0.0,0,0,0,0,0,0,0,0.0,0.0,0.2,0.0
24,300,0,dpga,backbone,0.01071423664689064,0.0,global_ddp_mean,2,0.0,5.7372517585754395,5.7372517585754395,0.0,0.0,0.0,0.0,0.0,0.0,0.0,0.0,0.0,0.0,0.0,0.0,0.0,1.0,1.0,0.0,0,0,0,0,0,0,0,0.0,0.0,0.2,0.0
24,300,0,dpga,fpn,0.01071423664689064,0.0,global_ddp_mean,2,0.0,0.997448742389679,0.997448742389679,0.0,0.0,0.0,0.0,0.0,0.0,0.0,0.0,0.0,0.0,0.0,0.0,0.0,1.0,1.0,0.0,0,0,0,0,0,0,0,0.0,0.0,0.2,0.0
24,300,0,dpga,rpn,0.01071423664689064,0.0,global_ddp_mean,2,0.0,1.195162296295166,1.195162296295166,0.0,0.0,0.0,0.0,0.0,0.0,0.0,0.0,0.0,0.0,0.0,0.0,0.0,1.0,1.0,0.0,0,0,0,0,0,0,0,0.0,0.0,0.2,0.0
24,300,0,dpga,roi_shared,0.01071423664689064,0.0,global_ddp_mean,2,0.0,2.0256431102752686,2.0256431102752686,0.0,0.0,0.0,0.0,0.0,0.0,0.0,0.0,0.0,0.0,0.0,0.0,0.0,1.0,1.0,0.0,0,0,0,0,0,0,0,0.0,0.0,0.2,0.0
24,300,0,dpga,roi_cls,0.01071423664689064,0.0,global_ddp_mean,2,0.0,1.5256085395812988,1.5256085395812988,0.0,0.0,0.0,0.0,0.0,0.0,0.0,0.0,0.0,0.0,0.0,0.0,0.0,1.0,1.0,0.0,0,0,0,0,0,0,0,0.0,0.0,0.2,0.0
24,300,0,dpga,roi_reg,0.01071423664689064,0.0,global_ddp_mean,2,0.0,0.35860517621040344,0.35860517621040344,0.0,0.0,0.0,0.0,0.0,0.0,0.0,0.0,0.0,0.0,0.0,0.0,0.0,1.0,1.0,0.0,0,0,0,0,0,0,0,0.0,0.0,0.2,0.0
24,400,0,dpga,backbone,0.024534069001674652,-0.0,global_ddp_mean,2,0.0,8.927940368652344,8.927940368652344,0.0,0.0,0.0,0.0,0.0,0.0,0.0,0.0,0.0,0.0,0.0,0.0,0.0,1.0,1.0,0.0,0,0,0,0,0,0,0,0.0,0.0,0.2,0.0
24,400,0,dpga,fpn,0.024534069001674652,-0.0,global_ddp_mean,2,0.0,1.6331892013549805,1.6331892013549805,0.0,0.0,0.0,0.0,0.0,0.0,0.0,0.0,0.0,0.0,0.0,0.0,0.0,1.0,1.0,0.0,0,0,0,0,0,0,0,0.0,0.0,0.2,0.0
24,400,0,dpga,rpn,0.024534069001674652,-0.0,global_ddp_mean,2,0.0,0.5748581886291504,0.5748581886291504,0.0,0.0,0.0,0.0,0.0,0.0,0.0,0.0,0.0,0.0,0.0,0.0,0.0,1.0,1.0,0.0,0,0,0,0,0,0,0,0.0,0.0,0.2,0.0
24,400,0,dpga,roi_shared,0.024534069001674652,-0.0,global_ddp_mean,2,0.0,3.3283419609069824,3.3283419609069824,0.0,0.0,0.0,0.0,0.0,0.0,0.0,0.0,0.0,0.0,0.0,0.0,0.0,1.0,1.0,0.0,0,0,0,0,0,0,0,0.0,0.0,0.2,0.0
24,400,0,dpga,roi_cls,0.024534069001674652,-0.0,global_ddp_mean,2,0.0,2.949817657470703,2.949817657470703,0.0,0.0,0.0,0.0,0.0,0.0,0.0,0.0,0.0,0.0,0.0,0.0,0.0,1.0,1.0,0.0,0,0,0,0,0,0,0,0.0,0.0,0.2,0.0
24,400,0,dpga,roi_reg,0.024534069001674652,-0.0,global_ddp_mean,2,0.0,0.04560422524809837,0.04560422524809837,0.0,0.0,0.0,0.0,0.0,0.0,0.0,0.0,0.0,0.0,0.0,0.0,0.0,1.0,1.0,0.0,0,0,0,0,0,0,0,0.0,0.0,0.2,0.0
24,500,0,dpga,backbone,0.5998868942260742,1.1431913375854492,global_ddp_mean,2,0.40437328815460205,21.153528213500977,21.153528213500977,19.77216148376465,19.77216148376465,19.77216148376465,2.1153533458709717,0.4230706754784386,2.1153533458709717,0.9346980458392427,0.9346980458392427,0.1000000247959049,0.02000000525720428,0.02000000525720428,0.008087469081058231,0.008087469081058231,1.0080874690810582,0.9998353085414909,1.0398701904712928,0,0,0,0,0,0,1,0.10698642581701279,1.0,0.2,0.20000000298023224
24,500,0,dpga,fpn,0.5998868942260742,1.1431913375854492,global_ddp_mean,2,0.11910123378038406,2.8851826190948486,2.8851826190948486,4.900584697723389,4.900584697723389,4.900584697723389,0.43277743458747864,0.08655548820727299,0.43277743458747864,1.6985353596996298,1.6985353596996298,0.1500000144612168,0.030000003339278238,0.030000003339278238,0.003573036964088795,0.003573036964088795,1.0035730369640887,0.9995598744422698,1.6999723373280649,0,1,0,0,0,0,1,0.08831138163805008,1.0,0.2,0.20000000298023224
24,500,0,dpga,rpn,0.5998868942260742,1.1431913375854492,global_ddp_mean,2,0.0,3.7721753120422363,3.7721753120422363,0.0,0.0,0.0,0.0,0.0,0.0,0.0,0.0,0.0,0.0,0.0,0.0,0.0,1.0,1.0,0.0,0,0,0,0,0,0,0,0.0,0.0,0.2,0.0
24,500,0,dpga,roi_shared,0.5998868942260742,1.1431913375854492,global_ddp_mean,2,-0.03403305634856224,6.204193115234375,6.204193115234375,0.03064175508916378,0.03064175508916378,0.03062400221824646,0.03062400221824646,0.006124800534915931,0.03062400221824646,0.0049388783553373046,0.004936016924271639,0.004936016924271639,0.0009872033995648047,0.0009872033995648047,-9.784692205855749e-13,-9.784692205855749e-13,0.9999999999990214,0.9999995388557952,0.05502448982427349,1,0,0,0,0,1,0,1.0,1.0,0.2,0.20000000298023224
24,500,0,dpga,roi_cls,0.5998868942260742,1.1431913375854492,global_ddp_mean,2,0.0,4.300358772277832,4.300358772277832,0.0,0.0,0.0,0.0,0.0,0.0,0.0,0.0,0.0,0.0,0.0,0.0,0.0,1.0,1.0,0.0,0,0,0,0,0,0,0,0.0,0.0,0.2,0.0
24,500,0,dpga,roi_reg,0.5998868942260742,1.1431913375854492,global_ddp_mean,2,0.049885790795087814,6.834286689758301,6.834286689758301,0.020949216559529305,0.020949216559529305,0.020949216559529305,0.020949216559529305,0.0041898433743393915,0.020949216559529305,0.0030653113500379347,0.0030653113500379347,0.0030653113500379347,0.0006130622791429266,0.0006130622791429266,3.058309660168377e-05,3.058309660168377e-05,1.0000305830966016,0.9999998139531358,0.03495013151021805,0,0,0,0,0,0,0,1.0,1.0,0.2,0.20000000298023224
24,600,0,dpga,backbone,0.004091317765414715,0.0,global_ddp_mean,2,0.0,17.471607208251953,17.471607208251953,0.0,0.0,0.0,0.0,0.0,0.0,0.0,0.0,0.0,0.0,0.0,0.0,0.0,1.0,1.0,0.0,0,0,0,0,0,0,0,0.0,0.0,0.2,0.0
24,600,0,dpga,fpn,0.004091317765414715,0.0,global_ddp_mean,2,0.0,3.548016309738159,3.548016309738159,0.0,0.0,0.0,0.0,0.0,0.0,0.0,0.0,0.0,0.0,0.0,0.0,0.0,1.0,1.0,0.0,0,0,0,0,0,0,0,0.0,0.0,0.2,0.0
24,600,0,dpga,rpn,0.004091317765414715,0.0,global_ddp_mean,2,0.0,1.7367485761642456,1.7367485761642456,0.0,0.0,0.0,0.0,0.0,0.0,0.0,0.0,0.0,0.0,0.0,0.0,0.0,1.0,1.0,0.0,0,0,0,0,0,0,0,0.0,0.0,0.2,0.0
24,600,0,dpga,roi_shared,0.004091317765414715,0.0,global_ddp_mean,2,0.0,7.756297588348389,7.756297588348389,0.0,0.0,0.0,0.0,0.0,0.0,0.0,0.0,0.0,0.0,0.0,0.0,0.0,1.0,1.0,0.0,0,0,0,0,0,0,0,0.0,0.0,0.2,0.0
24,600,0,dpga,roi_cls,0.004091317765414715,0.0,global_ddp_mean,2,0.0,4.5959038734436035,4.5959038734436035,0.0,0.0,0.0,0.0,0.0,0.0,0.0,0.0,0.0,0.0,0.0,0.0,0.0,1.0,1.0,0.0,0,0,0,0,0,0,0,0.0,0.0,0.2,0.0
24,600,0,dpga,roi_reg,0.004091317765414715,0.0,global_ddp_mean,2,0.0,3.715421676635742,3.715421676635742,0.0,0.0,0.0,0.0,0.0,0.0,0.0,0.0,0.0,0.0,0.0,0.0,0.0,1.0,1.0,0.0,0,0,0,0,0,0,0,0.0,0.0,0.2,0.0
24,700,0,dpga,backbone,0.27962151169776917,0.0,global_ddp_mean,2,0.0,6.336386680603027,6.336386680603027,0.0,0.0,0.0,0.0,0.0,0.0,0.0,0.0,0.0,0.0,0.0,0.0,0.0,1.0,1.0,0.0,0,0,0,0,0,0,0,0.0,0.0,0.2,0.0
24,700,0,dpga,fpn,0.27962151169776917,0.0,global_ddp_mean,2,0.0,1.3230767250061035,1.3230767250061035,0.0,0.0,0.0,0.0,0.0,0.0,0.0,0.0,0.0,0.0,0.0,0.0,0.0,1.0,1.0,0.0,0,0,0,0,0,0,0,0.0,0.0,0.2,0.0
24,700,0,dpga,rpn,0.27962151169776917,0.0,global_ddp_mean,2,0.0,1.9115476608276367,1.9115476608276367,0.0,0.0,0.0,0.0,0.0,0.0,0.0,0.0,0.0,0.0,0.0,0.0,0.0,1.0,1.0,0.0,0,0,0,0,0,0,0,0.0,0.0,0.2,0.0
24,700,0,dpga,roi_shared,0.27962151169776917,0.0,global_ddp_mean,2,0.0,2.8471004962921143,2.8471004962921143,0.0,0.0,0.0,0.0,0.0,0.0,0.0,0.0,0.0,0.0,0.0,0.0,0.0,1.0,1.0,0.0,0,0,0,0,0,0,0,0.0,0.0,0.2,0.0
24,700,0,dpga,roi_cls,0.27962151169776917,0.0,global_ddp_mean,2,0.0,1.6969225406646729,1.6969225406646729,0.0,0.0,0.0,0.0,0.0,0.0,0.0,0.0,0.0,0.0,0.0,0.0,0.0,1.0,1.0,0.0,0,0,0,0,0,0,0,0.0,0.0,0.2,0.0
24,700,0,dpga,roi_reg,0.27962151169776917,0.0,global_ddp_mean,2,0.0,1.0987308025360107,1.0987308025360107,0.0,0.0,0.0,0.0,0.0,0.0,0.0,0.0,0.0,0.0,0.0,0.0,0.0,1.0,1.0,0.0,0,0,0,0,0,0,0,0.0,0.0,0.2,0.0
24,800,0,dpga,backbone,0.039823416620492935,0.0,global_ddp_mean,2,0.0,11.52076530456543,11.52076530456543,0.0,0.0,0.0,0.0,0.0,0.0,0.0,0.0,0.0,0.0,0.0,0.0,0.0,1.0,1.0,0.0,0,0,0,0,0,0,0,0.0,0.0,0.2,0.0
24,800,0,dpga,fpn,0.039823416620492935,0.0,global_ddp_mean,2,0.0,2.6328489780426025,2.6328489780426025,0.0,0.0,0.0,0.0,0.0,0.0,0.0,0.0,0.0,0.0,0.0,0.0,0.0,1.0,1.0,0.0,0,0,0,0,0,0,0,0.0,0.0,0.2,0.0
24,800,0,dpga,rpn,0.039823416620492935,0.0,global_ddp_mean,2,0.0,1.9743975400924683,1.9743975400924683,0.0,0.0,0.0,0.0,0.0,0.0,0.0,0.0,0.0,0.0,0.0,0.0,0.0,1.0,1.0,0.0,0,0,0,0,0,0,0,0.0,0.0,0.2,0.0
24,800,0,dpga,roi_shared,0.039823416620492935,0.0,global_ddp_mean,2,0.0,5.677435398101807,5.677435398101807,0.0,0.0,0.0,0.0,0.0,0.0,0.0,0.0,0.0,0.0,0.0,0.0,0.0,1.0,1.0,0.0,0,0,0,0,0,0,0,0.0,0.0,0.2,0.0
24,800,0,dpga,roi_cls,0.039823416620492935,0.0,global_ddp_mean,2,0.0,5.115164279937744,5.115164279937744,0.0,0.0,0.0,0.0,0.0,0.0,0.0,0.0,0.0,0.0,0.0,0.0,0.0,1.0,1.0,0.0,0,0,0,0,0,0,0,0.0,0.0,0.2,0.0
24,800,0,dpga,roi_reg,0.039823416620492935,0.0,global_ddp_mean,2,0.0,0.30994918942451477,0.30994918942451477,0.0,0.0,0.0,0.0,0.0,0.0,0.0,0.0,0.0,0.0,0.0,0.0,0.0,1.0,1.0,0.0,0,0,0,0,0,0,0,0.0,0.0,0.2,0.0
24,900,0,dpga,backbone,0.1630135476589203,0.0,global_ddp_mean,2,0.0,13.805882453918457,13.805882453918457,0.0,0.0,0.0,0.0,0.0,0.0,0.0,0.0,0.0,0.0,0.0,0.0,0.0,1.0,1.0,0.0,0,0,0,0,0,0,0,0.0,0.0,0.2,0.0
24,900,0,dpga,fpn,0.1630135476589203,0.0,global_ddp_mean,2,0.0,2.016242504119873,2.016242504119873,0.0,0.0,0.0,0.0,0.0,0.0,0.0,0.0,0.0,0.0,0.0,0.0,0.0,1.0,1.0,0.0,0,0,0,0,0,0,0,0.0,0.0,0.2,0.0
24,900,0,dpga,rpn,0.1630135476589203,0.0,global_ddp_mean,2,0.0,1.9848374128341675,1.9848374128341675,0.0,0.0,0.0,0.0,0.0,0.0,0.0,0.0,0.0,0.0,0.0,0.0,0.0,1.0,1.0,0.0,0,0,0,0,0,0,0,0.0,0.0,0.2,0.0
24,900,0,dpga,roi_shared,0.1630135476589203,0.0,global_ddp_mean,2,0.0,3.7699854373931885,3.7699854373931885,0.0,0.0,0.0,0.0,0.0,0.0,0.0,0.0,0.0,0.0,0.0,0.0,0.0,1.0,1.0,0.0,0,0,0,0,0,0,0,0.0,0.0,0.2,0.0
24,900,0,dpga,roi_cls,0.1630135476589203,0.0,global_ddp_mean,2,0.0,2.289644479751587,2.289644479751587,0.0,0.0,0.0,0.0,0.0,0.0,0.0,0.0,0.0,0.0,0.0,0.0,0.0,1.0,1.0,0.0,0,0,0,0,0,0,0,0.0,0.0,0.2,0.0
24,900,0,dpga,roi_reg,0.1630135476589203,0.0,global_ddp_mean,2,0.0,2.524007797241211,2.524007797241211,0.0,0.0,0.0,0.0,0.0,0.0,0.0,0.0,0.0,0.0,0.0,0.0,0.0,1.0,1.0,0.0,0,0,0,0,0,0,0,0.0,0.0,0.2,0.0
24,1000,0,dpga,backbone,0.06921719014644623,0.0,global_ddp_mean,2,0.0,23.72247886657715,23.72247886657715,0.0,0.0,0.0,0.0,0.0,0.0,0.0,0.0,0.0,0.0,0.0,0.0,0.0,1.0,1.0,0.0,0,0,0,0,0,0,0,0.0,0.0,0.2,0.0
24,1000,0,dpga,fpn,0.06921719014644623,0.0,global_ddp_mean,2,0.0,6.318960189819336,6.318960189819336,0.0,0.0,0.0,0.0,0.0,0.0,0.0,0.0,0.0,0.0,0.0,0.0,0.0,1.0,1.0,0.0,0,0,0,0,0,0,0,0.0,0.0,0.2,0.0
24,1000,0,dpga,rpn,0.06921719014644623,0.0,global_ddp_mean,2,0.0,3.4254817962646484,3.4254817962646484,0.0,0.0,0.0,0.0,0.0,0.0,0.0,0.0,0.0,0.0,0.0,0.0,0.0,1.0,1.0,0.0,0,0,0,0,0,0,0,0.0,0.0,0.2,0.0
24,1000,0,dpga,roi_shared,0.06921719014644623,0.0,global_ddp_mean,2,0.0,13.34702205657959,13.34702205657959,0.0,0.0,0.0,0.0,0.0,0.0,0.0,0.0,0.0,0.0,0.0,0.0,0.0,1.0,1.0,0.0,0,0,0,0,0,0,0,0.0,0.0,0.2,0.0
24,1000,0,dpga,roi_cls,0.06921719014644623,0.0,global_ddp_mean,2,0.0,9.590611457824707,9.590611457824707,0.0,0.0,0.0,0.0,0.0,0.0,0.0,0.0,0.0,0.0,0.0,0.0,0.0,1.0,1.0,0.0,0,0,0,0,0,0,0,0.0,0.0,0.2,0.0
24,1000,0,dpga,roi_reg,0.06921719014644623,0.0,global_ddp_mean,2,0.0,3.782625675201416,3.782625675201416,0.0,0.0,0.0,0.0,0.0,0.0,0.0,0.0,0.0,0.0,0.0,0.0,0.0,1.0,1.0,0.0,0,0,0,0,0,0,0,0.0,0.0,0.2,0.0
24,1100,0,dpga,backbone,0.04875773936510086,-0.0,global_ddp_mean,2,0.0,11.330412864685059,11.330412864685059,0.0,0.0,0.0,0.0,0.0,0.0,0.0,0.0,0.0,0.0,0.0,0.0,0.0,1.0,1.0,0.0,0,0,0,0,0,0,0,0.0,0.0,0.2,0.0
24,1100,0,dpga,fpn,0.04875773936510086,-0.0,global_ddp_mean,2,0.0,1.6804873943328857,1.6804873943328857,0.0,0.0,0.0,0.0,0.0,0.0,0.0,0.0,0.0,0.0,0.0,0.0,0.0,1.0,1.0,0.0,0,0,0,0,0,0,0,0.0,0.0,0.2,0.0
24,1100,0,dpga,rpn,0.04875773936510086,-0.0,global_ddp_mean,2,0.0,1.305901288986206,1.305901288986206,0.0,0.0,0.0,0.0,0.0,0.0,0.0,0.0,0.0,0.0,0.0,0.0,0.0,1.0,1.0,0.0,0,0,0,0,0,0,0,0.0,0.0,0.2,0.0
24,1100,0,dpga,roi_shared,0.04875773936510086,-0.0,global_ddp_mean,2,0.0,3.1338086128234863,3.1338086128234863,0.0,0.0,0.0,0.0,0.0,0.0,0.0,0.0,0.0,0.0,0.0,0.0,0.0,1.0,1.0,0.0,0,0,0,0,0,0,0,0.0,0.0,0.2,0.0
24,1100,0,dpga,roi_cls,0.04875773936510086,-0.0,global_ddp_mean,2,0.0,2.5587549209594727,2.5587549209594727,0.0,0.0,0.0,0.0,0.0,0.0,0.0,0.0,0.0,0.0,0.0,0.0,0.0,1.0,1.0,0.0,0,0,0,0,0,0,0,0.0,0.0,0.2,0.0
24,1100,0,dpga,roi_reg,0.04875773936510086,-0.0,global_ddp_mean,2,0.0,0.799354612827301,0.799354612827301,0.0,0.0,0.0,0.0,0.0,0.0,0.0,0.0,0.0,0.0,0.0,0.0,0.0,1.0,1.0,0.0,0,0,0,0,0,0,0,0.0,0.0,0.2,0.0
24,1200,0,dpga,backbone,1.1130499839782715,0.00010002159251598641,global_ddp_mean,2,0.0,39.594329833984375,39.594329833984375,0.0,0.0,0.0,0.0,0.0,0.0,0.0,0.0,0.0,0.0,0.0,0.0,0.0,1.0,1.0,0.0,0,0,0,0,0,0,0,0.0,0.0,0.2,0.0
24,1200,0,dpga,fpn,1.1130499839782715,0.00010002159251598641,global_ddp_mean,2,0.0,6.239319801330566,6.239319801330566,0.0,0.0,0.0,0.0,0.0,0.0,0.0,0.0,0.0,0.0,0.0,0.0,0.0,1.0,1.0,0.0,0,0,0,0,0,0,0,0.0,0.0,0.2,0.0
24,1200,0,dpga,rpn,1.1130499839782715,0.00010002159251598641,global_ddp_mean,2,0.0,5.918046951293945,5.918046951293945,0.0,0.0,0.0,0.0,0.0,0.0,0.0,0.0,0.0,0.0,0.0,0.0,0.0,1.0,1.0,0.0,0,0,0,0,0,0,0,0.0,0.0,0.2,0.0
24,1200,0,dpga,roi_shared,1.1130499839782715,0.00010002159251598641,global_ddp_mean,2,0.0,13.547019958496094,13.547019958496094,0.0,0.0,0.0,0.0,0.0,0.0,0.0,0.0,0.0,0.0,0.0,0.0,0.0,1.0,1.0,0.0,0,0,0,0,0,0,0,0.0,0.0,0.2,0.0
24,1200,0,dpga,roi_cls,1.1130499839782715,0.00010002159251598641,global_ddp_mean,2,0.0,13.573125839233398,13.573125839233398,0.0,0.0,0.0,0.0,0.0,0.0,0.0,0.0,0.0,0.0,0.0,0.0,0.0,1.0,1.0,0.0,0,0,0,0,0,0,0,0.0,0.0,0.2,0.0
24,1200,0,dpga,roi_reg,1.1130499839782715,0.00010002159251598641,global_ddp_mean,2,0.0,13.102739334106445,13.102739334106445,0.0,0.0,0.0,0.0,0.0,0.0,0.0,0.0,0.0,0.0,0.0,0.0,0.0,1.0,1.0,0.0,0,0,0,0,0,0,0,0.0,0.0,0.2,0.0
24,1300,0,dpga,backbone,0.11805206537246704,0.0,global_ddp_mean,2,0.0,20.42406463623047,20.42406463623047,0.0,0.0,0.0,0.0,0.0,0.0,0.0,0.0,0.0,0.0,0.0,0.0,0.0,1.0,1.0,0.0,0,0,0,0,0,0,0,0.0,0.0,0.2,0.0
24,1300,0,dpga,fpn,0.11805206537246704,0.0,global_ddp_mean,2,0.0,3.2848522663116455,3.2848522663116455,0.0,0.0,0.0,0.0,0.0,0.0,0.0,0.0,0.0,0.0,0.0,0.0,0.0,1.0,1.0,0.0,0,0,0,0,0,0,0,0.0,0.0,0.2,0.0
24,1300,0,dpga,rpn,0.11805206537246704,0.0,global_ddp_mean,2,0.0,1.5576978921890259,1.5576978921890259,0.0,0.0,0.0,0.0,0.0,0.0,0.0,0.0,0.0,0.0,0.0,0.0,0.0,1.0,1.0,0.0,0,0,0,0,0,0,0,0.0,0.0,0.2,0.0
24,1300,0,dpga,roi_shared,0.11805206537246704,0.0,global_ddp_mean,2,0.0,7.399744510650635,7.399744510650635,0.0,0.0,0.0,0.0,0.0,0.0,0.0,0.0,0.0,0.0,0.0,0.0,0.0,1.0,1.0,0.0,0,0,0,0,0,0,0,0.0,0.0,0.2,0.0
24,1300,0,dpga,roi_cls,0.11805206537246704,0.0,global_ddp_mean,2,0.0,6.550358772277832,6.550358772277832,0.0,0.0,0.0,0.0,0.0,0.0,0.0,0.0,0.0,0.0,0.0,0.0,0.0,1.0,1.0,0.0,0,0,0,0,0,0,0,0.0,0.0,0.2,0.0
24,1300,0,dpga,roi_reg,0.11805206537246704,0.0,global_ddp_mean,2,0.0,0.34739699959754944,0.34739699959754944,0.0,0.0,0.0,0.0,0.0,0.0,0.0,0.0,0.0,0.0,0.0,0.0,0.0,1.0,1.0,0.0,0,0,0,0,0,0,0,0.0,0.0,0.2,0.0
24,1400,0,dpga,backbone,0.008800448849797249,0.0,global_ddp_mean,2,0.0,10.006914138793945,10.006914138793945,0.0,0.0,0.0,0.0,0.0,0.0,0.0,0.0,0.0,0.0,0.0,0.0,0.0,1.0,1.0,0.0,0,0,0,0,0,0,0,0.0,0.0,0.2,0.0
24,1400,0,dpga,fpn,0.008800448849797249,0.0,global_ddp_mean,2,0.0,3.2125794887542725,3.2125794887542725,0.0,0.0,0.0,0.0,0.0,0.0,0.0,0.0,0.0,0.0,0.0,0.0,0.0,1.0,1.0,0.0,0,0,0,0,0,0,0,0.0,0.0,0.2,0.0
24,1400,0,dpga,rpn,0.008800448849797249,0.0,global_ddp_mean,2,0.0,1.7470756769180298,1.7470756769180298,0.0,0.0,0.0,0.0,0.0,0.0,0.0,0.0,0.0,0.0,0.0,0.0,0.0,1.0,1.0,0.0,0,0,0,0,0,0,0,0.0,0.0,0.2,0.0
24,1400,0,dpga,roi_shared,0.008800448849797249,0.0,global_ddp_mean,2,0.0,7.134705066680908,7.134705066680908,0.0,0.0,0.0,0.0,0.0,0.0,0.0,0.0,0.0,0.0,0.0,0.0,0.0,1.0,1.0,0.0,0,0,0,0,0,0,0,0.0,0.0,0.2,0.0
24,1400,0,dpga,roi_cls,0.008800448849797249,0.0,global_ddp_mean,2,0.0,4.650884628295898,4.650884628295898,0.0,0.0,0.0,0.0,0.0,0.0,0.0,0.0,0.0,0.0,0.0,0.0,0.0,1.0,1.0,0.0,0,0,0,0,0,0,0,0.0,0.0,0.2,0.0
24,1400,0,dpga,roi_reg,0.008800448849797249,0.0,global_ddp_mean,2,0.0,1.4783313274383545,1.4783313274383545,0.0,0.0,0.0,0.0,0.0,0.0,0.0,0.0,0.0,0.0,0.0,0.0,0.0,1.0,1.0,0.0,0,0,0,0,0,0,0,0.0,0.0,0.2,0.0
25,0,0,dpga,backbone,0.02401811257004738,0.0,global_ddp_mean,2,0.0,8.102472305297852,8.102472305297852,0.0,0.0,0.0,0.0,0.0,0.0,0.0,0.0,0.0,0.0,0.0,0.0,0.0,1.0,1.0,0.0,0,0,0,0,0,0,0,0.0,0.0,0.2,0.0
25,0,0,dpga,fpn,0.02401811257004738,0.0,global_ddp_mean,2,0.0,1.2009587287902832,1.2009587287902832,0.0,0.0,0.0,0.0,0.0,0.0,0.0,0.0,0.0,0.0,0.0,0.0,0.0,1.0,1.0,0.0,0,0,0,0,0,0,0,0.0,0.0,0.2,0.0
25,0,0,dpga,rpn,0.02401811257004738,0.0,global_ddp_mean,2,0.0,2.190039873123169,2.190039873123169,0.0,0.0,0.0,0.0,0.0,0.0,0.0,0.0,0.0,0.0,0.0,0.0,0.0,1.0,1.0,0.0,0,0,0,0,0,0,0,0.0,0.0,0.2,0.0
25,0,0,dpga,roi_shared,0.02401811257004738,0.0,global_ddp_mean,2,0.0,2.0749337673187256,2.0749337673187256,0.0,0.0,0.0,0.0,0.0,0.0,0.0,0.0,0.0,0.0,0.0,0.0,0.0,1.0,1.0,0.0,0,0,0,0,0,0,0,0.0,0.0,0.2,0.0
25,0,0,dpga,roi_cls,0.02401811257004738,0.0,global_ddp_mean,2,0.0,1.1924667358398438,1.1924667358398438,0.0,0.0,0.0,0.0,0.0,0.0,0.0,0.0,0.0,0.0,0.0,0.0,0.0,1.0,1.0,0.0,0,0,0,0,0,0,0,0.0,0.0,0.2,0.0
25,0,0,dpga,roi_reg,0.02401811257004738,0.0,global_ddp_mean,2,0.0,1.002173662185669,1.002173662185669,0.0,0.0,0.0,0.0,0.0,0.0,0.0,0.0,0.0,0.0,0.0,0.0,0.0,1.0,1.0,0.0,0,0,0,0,0,0,0,0.0,0.0,0.2,0.0
25,100,0,dpga,backbone,0.06733053922653198,0.0,global_ddp_mean,2,0.0,15.306641578674316,15.306641578674316,0.0,0.0,0.0,0.0,0.0,0.0,0.0,0.0,0.0,0.0,0.0,0.0,0.0,1.0,1.0,0.0,0,0,0,0,0,0,0,0.0,0.0,0.2,0.0
25,100,0,dpga,fpn,0.06733053922653198,0.0,global_ddp_mean,2,0.0,2.0089941024780273,2.0089941024780273,0.0,0.0,0.0,0.0,0.0,0.0,0.0,0.0,0.0,0.0,0.0,0.0,0.0,1.0,1.0,0.0,0,0,0,0,0,0,0,0.0,0.0,0.2,0.0
25,100,0,dpga,rpn,0.06733053922653198,0.0,global_ddp_mean,2,0.0,1.490491509437561,1.490491509437561,0.0,0.0,0.0,0.0,0.0,0.0,0.0,0.0,0.0,0.0,0.0,0.0,0.0,1.0,1.0,0.0,0,0,0,0,0,0,0,0.0,0.0,0.2,0.0
25,100,0,dpga,roi_shared,0.06733053922653198,0.0,global_ddp_mean,2,0.0,3.8844611644744873,3.8844611644744873,0.0,0.0,0.0,0.0,0.0,0.0,0.0,0.0,0.0,0.0,0.0,0.0,0.0,1.0,1.0,0.0,0,0,0,0,0,0,0,0.0,0.0,0.2,0.0
25,100,0,dpga,roi_cls,0.06733053922653198,0.0,global_ddp_mean,2,0.0,3.3534789085388184,3.3534789085388184,0.0,0.0,0.0,0.0,0.0,0.0,0.0,0.0,0.0,0.0,0.0,0.0,0.0,1.0,1.0,0.0,0,0,0,0,0,0,0,0.0,0.0,0.2,0.0
25,100,0,dpga,roi_reg,0.06733053922653198,0.0,global_ddp_mean,2,0.0,0.0,0.0,0.0,0.0,0.0,0.0,0.0,0.0,0.0,0.0,0.0,0.0,0.0,0.0,0.0,0.0,0.0,90.0,0,0,0,0,0,0,0,0.0,0.0,0.2,0.0
25,200,0,dpga,backbone,0.6795981526374817,0.0,global_ddp_mean,2,0.0,20.640840530395508,20.640840530395508,0.0,0.0,0.0,0.0,0.0,0.0,0.0,0.0,0.0,0.0,0.0,0.0,0.0,1.0,1.0,0.0,0,0,0,0,0,0,0,0.0,0.0,0.2,0.0
25,200,0,dpga,fpn,0.6795981526374817,0.0,global_ddp_mean,2,0.0,3.2314822673797607,3.2314822673797607,0.0,0.0,0.0,0.0,0.0,0.0,0.0,0.0,0.0,0.0,0.0,0.0,0.0,1.0,1.0,0.0,0,0,0,0,0,0,0,0.0,0.0,0.2,0.0
25,200,0,dpga,rpn,0.6795981526374817,0.0,global_ddp_mean,2,0.0,3.430614948272705,3.430614948272705,0.0,0.0,0.0,0.0,0.0,0.0,0.0,0.0,0.0,0.0,0.0,0.0,0.0,1.0,1.0,0.0,0,0,0,0,0,0,0,0.0,0.0,0.2,0.0
25,200,0,dpga,roi_shared,0.6795981526374817,0.0,global_ddp_mean,2,0.0,8.329811096191406,8.329811096191406,0.0,0.0,0.0,0.0,0.0,0.0,0.0,0.0,0.0,0.0,0.0,0.0,0.0,1.0,1.0,0.0,0,0,0,0,0,0,0,0.0,0.0,0.2,0.0
25,200,0,dpga,roi_cls,0.6795981526374817,0.0,global_ddp_mean,2,0.0,8.474340438842773,8.474340438842773,0.0,0.0,0.0,0.0,0.0,0.0,0.0,0.0,0.0,0.0,0.0,0.0,0.0,1.0,1.0,0.0,0,0,0,0,0,0,0,0.0,0.0,0.2,0.0
25,200,0,dpga,roi_reg,0.6795981526374817,0.0,global_ddp_mean,2,0.0,8.761847496032715,8.761847496032715,0.0,0.0,0.0,0.0,0.0,0.0,0.0,0.0,0.0,0.0,0.0,0.0,0.0,1.0,1.0,0.0,0,0,0,0,0,0,0,0.0,0.0,0.2,0.0
25,300,0,dpga,backbone,0.028175024315714836,0.0,global_ddp_mean,2,0.0,11.887125968933105,11.887125968933105,0.0,0.0,0.0,0.0,0.0,0.0,0.0,0.0,0.0,0.0,0.0,0.0,0.0,1.0,1.0,0.0,0,0,0,0,0,0,0,0.0,0.0,0.2,0.0
25,300,0,dpga,fpn,0.028175024315714836,0.0,global_ddp_mean,2,0.0,1.899066686630249,1.899066686630249,0.0,0.0,0.0,0.0,0.0,0.0,0.0,0.0,0.0,0.0,0.0,0.0,0.0,1.0,1.0,0.0,0,0,0,0,0,0,0,0.0,0.0,0.2,0.0
25,300,0,dpga,rpn,0.028175024315714836,0.0,global_ddp_mean,2,0.0,1.0961483716964722,1.0961483716964722,0.0,0.0,0.0,0.0,0.0,0.0,0.0,0.0,0.0,0.0,0.0,0.0,0.0,1.0,1.0,0.0,0,0,0,0,0,0,0,0.0,0.0,0.2,0.0
25,300,0,dpga,roi_shared,0.028175024315714836,0.0,global_ddp_mean,2,0.0,4.42457914352417,4.42457914352417,0.0,0.0,0.0,0.0,0.0,0.0,0.0,0.0,0.0,0.0,0.0,0.0,0.0,1.0,1.0,0.0,0,0,0,0,0,0,0,0.0,0.0,0.2,0.0
25,300,0,dpga,roi_cls,0.028175024315714836,0.0,global_ddp_mean,2,0.0,3.7394235134124756,3.7394235134124756,0.0,0.0,0.0,0.0,0.0,0.0,0.0,0.0,0.0,0.0,0.0,0.0,0.0,1.0,1.0,0.0,0,0,0,0,0,0,0,0.0,0.0,0.2,0.0
25,300,0,dpga,roi_reg,0.028175024315714836,0.0,global_ddp_mean,2,0.0,0.9264336824417114,0.9264336824417114,0.0,0.0,0.0,0.0,0.0,0.0,0.0,0.0,0.0,0.0,0.0,0.0,0.0,1.0,1.0,0.0,0,0,0,0,0,0,0,0.0,0.0,0.2,0.0
25,400,0,dpga,backbone,0.00754045695066452,0.0,global_ddp_mean,2,0.0,9.023042678833008,9.023042678833008,0.0,0.0,0.0,0.0,0.0,0.0,0.0,0.0,0.0,0.0,0.0,0.0,0.0,1.0,1.0,0.0,0,0,0,0,0,0,0,0.0,0.0,0.2,0.0
25,400,0,dpga,fpn,0.00754045695066452,0.0,global_ddp_mean,2,0.0,1.3924667835235596,1.3924667835235596,0.0,0.0,0.0,0.0,0.0,0.0,0.0,0.0,0.0,0.0,0.0,0.0,0.0,1.0,1.0,0.0,0,0,0,0,0,0,0,0.0,0.0,0.2,0.0
25,400,0,dpga,rpn,0.00754045695066452,0.0,global_ddp_mean,2,0.0,2.5418500900268555,2.5418500900268555,0.0,0.0,0.0,0.0,0.0,0.0,0.0,0.0,0.0,0.0,0.0,0.0,0.0,1.0,1.0,0.0,0,0,0,0,0,0,0,0.0,0.0,0.2,0.0
25,400,0,dpga,roi_shared,0.00754045695066452,0.0,global_ddp_mean,2,0.0,2.276387929916382,2.276387929916382,0.0,0.0,0.0,0.0,0.0,0.0,0.0,0.0,0.0,0.0,0.0,0.0,0.0,1.0,1.0,0.0,0,0,0,0,0,0,0,0.0,0.0,0.2,0.0
25,400,0,dpga,roi_cls,0.00754045695066452,0.0,global_ddp_mean,2,0.0,1.2990907430648804,1.2990907430648804,0.0,0.0,0.0,0.0,0.0,0.0,0.0,0.0,0.0,0.0,0.0,0.0,0.0,1.0,1.0,0.0,0,0,0,0,0,0,0,0.0,0.0,0.2,0.0
25,400,0,dpga,roi_reg,0.00754045695066452,0.0,global_ddp_mean,2,0.0,1.7395508289337158,1.7395508289337158,0.0,0.0,0.0,0.0,0.0,0.0,0.0,0.0,0.0,0.0,0.0,0.0,0.0,1.0,1.0,0.0,0,0,0,0,0,0,0,0.0,0.0,0.2,0.0
25,500,0,dpga,backbone,0.07768390327692032,0.0,global_ddp_mean,2,0.0,46.619319915771484,46.619319915771484,0.0,0.0,0.0,0.0,0.0,0.0,0.0,0.0,0.0,0.0,0.0,0.0,0.0,1.0,1.0,0.0,0,0,0,0,0,0,0,0.0,0.0,0.2,0.0
25,500,0,dpga,fpn,0.07768390327692032,0.0,global_ddp_mean,2,0.0,5.450974464416504,5.450974464416504,0.0,0.0,0.0,0.0,0.0,0.0,0.0,0.0,0.0,0.0,0.0,0.0,0.0,1.0,1.0,0.0,0,0,0,0,0,0,0,0.0,0.0,0.2,0.0
25,500,0,dpga,rpn,0.07768390327692032,0.0,global_ddp_mean,2,0.0,2.074808120727539,2.074808120727539,0.0,0.0,0.0,0.0,0.0,0.0,0.0,0.0,0.0,0.0,0.0,0.0,0.0,1.0,1.0,0.0,0,0,0,0,0,0,0,0.0,0.0,0.2,0.0
25,500,0,dpga,roi_shared,0.07768390327692032,0.0,global_ddp_mean,2,0.0,10.490423202514648,10.490423202514648,0.0,0.0,0.0,0.0,0.0,0.0,0.0,0.0,0.0,0.0,0.0,0.0,0.0,1.0,1.0,0.0,0,0,0,0,0,0,0,0.0,0.0,0.2,0.0
25,500,0,dpga,roi_cls,0.07768390327692032,0.0,global_ddp_mean,2,0.0,6.9339423179626465,6.9339423179626465,0.0,0.0,0.0,0.0,0.0,0.0,0.0,0.0,0.0,0.0,0.0,0.0,0.0,1.0,1.0,0.0,0,0,0,0,0,0,0,0.0,0.0,0.2,0.0
25,500,0,dpga,roi_reg,0.07768390327692032,0.0,global_ddp_mean,2,0.0,4.946877479553223,4.946877479553223,0.0,0.0,0.0,0.0,0.0,0.0,0.0,0.0,0.0,0.0,0.0,0.0,0.0,1.0,1.0,0.0,0,0,0,0,0,0,0,0.0,0.0,0.2,0.0
25,600,0,dpga,backbone,0.04379535838961601,-0.0,global_ddp_mean,2,0.0,7.177071571350098,7.177071571350098,0.0,0.0,0.0,0.0,0.0,0.0,0.0,0.0,0.0,0.0,0.0,0.0,0.0,1.0,1.0,0.0,0,0,0,0,0,0,0,0.0,0.0,0.2,0.0
25,600,0,dpga,fpn,0.04379535838961601,-0.0,global_ddp_mean,2,0.0,1.1534556150436401,1.1534556150436401,0.0,0.0,0.0,0.0,0.0,0.0,0.0,0.0,0.0,0.0,0.0,0.0,0.0,1.0,1.0,0.0,0,0,0,0,0,0,0,0.0,0.0,0.2,0.0
25,600,0,dpga,rpn,0.04379535838961601,-0.0,global_ddp_mean,2,0.0,1.0201479196548462,1.0201479196548462,0.0,0.0,0.0,0.0,0.0,0.0,0.0,0.0,0.0,0.0,0.0,0.0,0.0,1.0,1.0,0.0,0,0,0,0,0,0,0,0.0,0.0,0.2,0.0
25,600,0,dpga,roi_shared,0.04379535838961601,-0.0,global_ddp_mean,2,0.0,2.080472946166992,2.080472946166992,0.0,0.0,0.0,0.0,0.0,0.0,0.0,0.0,0.0,0.0,0.0,0.0,0.0,1.0,1.0,0.0,0,0,0,0,0,0,0,0.0,0.0,0.2,0.0
25,600,0,dpga,roi_cls,0.04379535838961601,-0.0,global_ddp_mean,2,0.0,1.6724692583084106,1.6724692583084106,0.0,0.0,0.0,0.0,0.0,0.0,0.0,0.0,0.0,0.0,0.0,0.0,0.0,1.0,1.0,0.0,0,0,0,0,0,0,0,0.0,0.0,0.2,0.0
25,600,0,dpga,roi_reg,0.04379535838961601,-0.0,global_ddp_mean,2,0.0,0.050143588334321976,0.050143588334321976,0.0,0.0,0.0,0.0,0.0,0.0,0.0,0.0,0.0,0.0,0.0,0.0,0.0,1.0,1.0,0.0,0,0,0,0,0,0,0,0.0,0.0,0.2,0.0
25,700,0,dpga,backbone,0.23510606586933136,-0.0,global_ddp_mean,2,0.0,14.96268081665039,14.96268081665039,0.0,0.0,0.0,0.0,0.0,0.0,0.0,0.0,0.0,0.0,0.0,0.0,0.0,1.0,1.0,0.0,0,0,0,0,0,0,0,0.0,0.0,0.2,0.0
25,700,0,dpga,fpn,0.23510606586933136,-0.0,global_ddp_mean,2,0.0,2.498600959777832,2.498600959777832,0.0,0.0,0.0,0.0,0.0,0.0,0.0,0.0,0.0,0.0,0.0,0.0,0.0,1.0,1.0,0.0,0,0,0,0,0,0,0,0.0,0.0,0.2,0.0
25,700,0,dpga,rpn,0.23510606586933136,-0.0,global_ddp_mean,2,0.0,0.9823245406150818,0.9823245406150818,0.0,0.0,0.0,0.0,0.0,0.0,0.0,0.0,0.0,0.0,0.0,0.0,0.0,1.0,1.0,0.0,0,0,0,0,0,0,0,0.0,0.0,0.2,0.0
25,700,0,dpga,roi_shared,0.23510606586933136,-0.0,global_ddp_mean,2,0.0,5.247720718383789,5.247720718383789,0.0,0.0,0.0,0.0,0.0,0.0,0.0,0.0,0.0,0.0,0.0,0.0,0.0,1.0,1.0,0.0,0,0,0,0,0,0,0,0.0,0.0,0.2,0.0
25,700,0,dpga,roi_cls,0.23510606586933136,-0.0,global_ddp_mean,2,0.0,4.8205180168151855,4.8205180168151855,0.0,0.0,0.0,0.0,0.0,0.0,0.0,0.0,0.0,0.0,0.0,0.0,0.0,1.0,1.0,0.0,0,0,0,0,0,0,0,0.0,0.0,0.2,0.0
25,700,0,dpga,roi_reg,0.23510606586933136,-0.0,global_ddp_mean,2,0.0,1.0967479944229126,1.0967479944229126,0.0,0.0,0.0,0.0,0.0,0.0,0.0,0.0,0.0,0.0,0.0,0.0,0.0,1.0,1.0,0.0,0,0,0,0,0,0,0,0.0,0.0,0.2,0.0
25,800,0,dpga,backbone,0.07436632364988327,-0.0,global_ddp_mean,2,0.0,5.081072807312012,5.081072807312012,0.0,0.0,0.0,0.0,0.0,0.0,0.0,0.0,0.0,0.0,0.0,0.0,0.0,1.0,1.0,0.0,0,0,0,0,0,0,0,0.0,0.0,0.2,0.0
25,800,0,dpga,fpn,0.07436632364988327,-0.0,global_ddp_mean,2,0.0,0.7460190653800964,0.7460190653800964,0.0,0.0,0.0,0.0,0.0,0.0,0.0,0.0,0.0,0.0,0.0,0.0,0.0,1.0,1.0,0.0,0,0,0,0,0,0,0,0.0,0.0,0.2,0.0
25,800,0,dpga,rpn,0.07436632364988327,-0.0,global_ddp_mean,2,0.0,0.8733237981796265,0.8733237981796265,0.0,0.0,0.0,0.0,0.0,0.0,0.0,0.0,0.0,0.0,0.0,0.0,0.0,1.0,1.0,0.0,0,0,0,0,0,0,0,0.0,0.0,0.2,0.0
25,800,0,dpga,roi_shared,0.07436632364988327,-0.0,global_ddp_mean,2,0.0,1.273292899131775,1.273292899131775,0.0,0.0,0.0,0.0,0.0,0.0,0.0,0.0,0.0,0.0,0.0,0.0,0.0,1.0,1.0,0.0,0,0,0,0,0,0,0,0.0,0.0,0.2,0.0
25,800,0,dpga,roi_cls,0.07436632364988327,-0.0,global_ddp_mean,2,0.0,1.323058843612671,1.323058843612671,0.0,0.0,0.0,0.0,0.0,0.0,0.0,0.0,0.0,0.0,0.0,0.0,0.0,1.0,1.0,0.0,0,0,0,0,0,0,0,0.0,0.0,0.2,0.0
25,800,0,dpga,roi_reg,0.07436632364988327,-0.0,global_ddp_mean,2,0.0,0.35735955834388733,0.35735955834388733,0.0,0.0,0.0,0.0,0.0,0.0,0.0,0.0,0.0,0.0,0.0,0.0,0.0,1.0,1.0,0.0,0,0,0,0,0,0,0,0.0,0.0,0.2,0.0
25,900,0,dpga,backbone,0.9809258580207825,0.0,global_ddp_mean,2,0.0,60.881752014160156,60.881752014160156,0.0,0.0,0.0,0.0,0.0,0.0,0.0,0.0,0.0,0.0,0.0,0.0,0.0,1.0,1.0,0.0,0,0,0,0,0,0,0,0.0,0.0,0.2,0.0
25,900,0,dpga,fpn,0.9809258580207825,0.0,global_ddp_mean,2,0.0,10.262063980102539,10.262063980102539,0.0,0.0,0.0,0.0,0.0,0.0,0.0,0.0,0.0,0.0,0.0,0.0,0.0,1.0,1.0,0.0,0,0,0,0,0,0,0,0.0,0.0,0.2,0.0
25,900,0,dpga,rpn,0.9809258580207825,0.0,global_ddp_mean,2,0.0,8.604567527770996,8.604567527770996,0.0,0.0,0.0,0.0,0.0,0.0,0.0,0.0,0.0,0.0,0.0,0.0,0.0,1.0,1.0,0.0,0,0,0,0,0,0,0,0.0,0.0,0.2,0.0
25,900,0,dpga,roi_shared,0.9809258580207825,0.0,global_ddp_mean,2,0.0,21.299285888671875,21.299285888671875,0.0,0.0,0.0,0.0,0.0,0.0,0.0,0.0,0.0,0.0,0.0,0.0,0.0,1.0,1.0,0.0,0,0,0,0,0,0,0,0.0,0.0,0.2,0.0
25,900,0,dpga,roi_cls,0.9809258580207825,0.0,global_ddp_mean,2,0.0,18.20534324645996,18.20534324645996,0.0,0.0,0.0,0.0,0.0,0.0,0.0,0.0,0.0,0.0,0.0,0.0,0.0,1.0,1.0,0.0,0,0,0,0,0,0,0,0.0,0.0,0.2,0.0
25,900,0,dpga,roi_reg,0.9809258580207825,0.0,global_ddp_mean,2,0.0,6.679166316986084,6.679166316986084,0.0,0.0,0.0,0.0,0.0,0.0,0.0,0.0,0.0,0.0,0.0,0.0,0.0,1.0,1.0,0.0,0,0,0,0,0,0,0,0.0,0.0,0.2,0.0
25,1000,0,dpga,backbone,0.2982393503189087,0.0,global_ddp_mean,2,0.0,12.683528900146484,12.683528900146484,0.0,0.0,0.0,0.0,0.0,0.0,0.0,0.0,0.0,0.0,0.0,0.0,0.0,1.0,1.0,0.0,0,0,0,0,0,0,0,0.0,0.0,0.2,0.0
25,1000,0,dpga,fpn,0.2982393503189087,0.0,global_ddp_mean,2,0.0,2.529024600982666,2.529024600982666,0.0,0.0,0.0,0.0,0.0,0.0,0.0,0.0,0.0,0.0,0.0,0.0,0.0,1.0,1.0,0.0,0,0,0,0,0,0,0,0.0,0.0,0.2,0.0
25,1000,0,dpga,rpn,0.2982393503189087,0.0,global_ddp_mean,2,0.0,2.626842737197876,2.626842737197876,0.0,0.0,0.0,0.0,0.0,0.0,0.0,0.0,0.0,0.0,0.0,0.0,0.0,1.0,1.0,0.0,0,0,0,0,0,0,0,0.0,0.0,0.2,0.0
25,1000,0,dpga,roi_shared,0.2982393503189087,0.0,global_ddp_mean,2,0.0,4.786613464355469,4.786613464355469,0.0,0.0,0.0,0.0,0.0,0.0,0.0,0.0,0.0,0.0,0.0,0.0,0.0,1.0,1.0,0.0,0,0,0,0,0,0,0,0.0,0.0,0.2,0.0
25,1000,0,dpga,roi_cls,0.2982393503189087,0.0,global_ddp_mean,2,0.0,4.19818115234375,4.19818115234375,0.0,0.0,0.0,0.0,0.0,0.0,0.0,0.0,0.0,0.0,0.0,0.0,0.0,1.0,1.0,0.0,0,0,0,0,0,0,0,0.0,0.0,0.2,0.0
25,1000,0,dpga,roi_reg,0.2982393503189087,0.0,global_ddp_mean,2,0.0,2.772083044052124,2.772083044052124,0.0,0.0,0.0,0.0,0.0,0.0,0.0,0.0,0.0,0.0,0.0,0.0,0.0,1.0,1.0,0.0,0,0,0,0,0,0,0,0.0,0.0,0.2,0.0
25,1100,0,dpga,backbone,0.07508690655231476,-0.0,global_ddp_mean,2,0.0,8.333677291870117,8.333677291870117,0.0,0.0,0.0,0.0,0.0,0.0,0.0,0.0,0.0,0.0,0.0,0.0,0.0,1.0,1.0,0.0,0,0,0,0,0,0,0,0.0,0.0,0.2,0.0
25,1100,0,dpga,fpn,0.07508690655231476,-0.0,global_ddp_mean,2,0.0,1.3437461853027344,1.3437461853027344,0.0,0.0,0.0,0.0,0.0,0.0,0.0,0.0,0.0,0.0,0.0,0.0,0.0,1.0,1.0,0.0,0,0,0,0,0,0,0,0.0,0.0,0.2,0.0
25,1100,0,dpga,rpn,0.07508690655231476,-0.0,global_ddp_mean,2,0.0,0.7471792697906494,0.7471792697906494,0.0,0.0,0.0,0.0,0.0,0.0,0.0,0.0,0.0,0.0,0.0,0.0,0.0,1.0,1.0,0.0,0,0,0,0,0,0,0,0.0,0.0,0.2,0.0
25,1100,0,dpga,roi_shared,0.07508690655231476,-0.0,global_ddp_mean,2,0.0,2.7248058319091797,2.7248058319091797,0.0,0.0,0.0,0.0,0.0,0.0,0.0,0.0,0.0,0.0,0.0,0.0,0.0,1.0,1.0,0.0,0,0,0,0,0,0,0,0.0,0.0,0.2,0.0
25,1100,0,dpga,roi_cls,0.07508690655231476,-0.0,global_ddp_mean,2,0.0,2.284106492996216,2.284106492996216,0.0,0.0,0.0,0.0,0.0,0.0,0.0,0.0,0.0,0.0,0.0,0.0,0.0,1.0,1.0,0.0,0,0,0,0,0,0,0,0.0,0.0,0.2,0.0
25,1100,0,dpga,roi_reg,0.07508690655231476,-0.0,global_ddp_mean,2,0.0,0.0640711784362793,0.0640711784362793,0.0,0.0,0.0,0.0,0.0,0.0,0.0,0.0,0.0,0.0,0.0,0.0,0.0,1.0,1.0,0.0,0,0,0,0,0,0,0,0.0,0.0,0.2,0.0
25,1200,0,dpga,backbone,0.15968067944049835,-0.0,global_ddp_mean,2,0.0,14.310391426086426,14.310391426086426,0.0,0.0,0.0,0.0,0.0,0.0,0.0,0.0,0.0,0.0,0.0,0.0,0.0,1.0,1.0,0.0,0,0,0,0,0,0,0,0.0,0.0,0.2,0.0
25,1200,0,dpga,fpn,0.15968067944049835,-0.0,global_ddp_mean,2,0.0,2.9242992401123047,2.9242992401123047,0.0,0.0,0.0,0.0,0.0,0.0,0.0,0.0,0.0,0.0,0.0,0.0,0.0,1.0,1.0,0.0,0,0,0,0,0,0,0,0.0,0.0,0.2,0.0
25,1200,0,dpga,rpn,0.15968067944049835,-0.0,global_ddp_mean,2,0.0,1.39763343334198,1.39763343334198,0.0,0.0,0.0,0.0,0.0,0.0,0.0,0.0,0.0,0.0,0.0,0.0,0.0,1.0,1.0,0.0,0,0,0,0,0,0,0,0.0,0.0,0.2,0.0
25,1200,0,dpga,roi_shared,0.15968067944049835,-0.0,global_ddp_mean,2,0.0,6.284082412719727,6.284082412719727,0.0,0.0,0.0,0.0,0.0,0.0,0.0,0.0,0.0,0.0,0.0,0.0,0.0,1.0,1.0,0.0,0,0,0,0,0,0,0,0.0,0.0,0.2,0.0
25,1200,0,dpga,roi_cls,0.15968067944049835,-0.0,global_ddp_mean,2,0.0,5.261682033538818,5.261682033538818,0.0,0.0,0.0,0.0,0.0,0.0,0.0,0.0,0.0,0.0,0.0,0.0,0.0,1.0,1.0,0.0,0,0,0,0,0,0,0,0.0,0.0,0.2,0.0
25,1200,0,dpga,roi_reg,0.15968067944049835,-0.0,global_ddp_mean,2,0.0,2.215585947036743,2.215585947036743,0.0,0.0,0.0,0.0,0.0,0.0,0.0,0.0,0.0,0.0,0.0,0.0,0.0,1.0,1.0,0.0,0,0,0,0,0,0,0,0.0,0.0,0.2,0.0
25,1300,0,dpga,backbone,0.3394184708595276,0.0,global_ddp_mean,2,0.0,7.225396156311035,7.225396156311035,0.0,0.0,0.0,0.0,0.0,0.0,0.0,0.0,0.0,0.0,0.0,0.0,0.0,1.0,1.0,0.0,0,0,0,0,0,0,0,0.0,0.0,0.2,0.0
25,1300,0,dpga,fpn,0.3394184708595276,0.0,global_ddp_mean,2,0.0,1.5832313299179077,1.5832313299179077,0.0,0.0,0.0,0.0,0.0,0.0,0.0,0.0,0.0,0.0,0.0,0.0,0.0,1.0,1.0,0.0,0,0,0,0,0,0,0,0.0,0.0,0.2,0.0
25,1300,0,dpga,rpn,0.3394184708595276,0.0,global_ddp_mean,2,0.0,1.660945177078247,1.660945177078247,0.0,0.0,0.0,0.0,0.0,0.0,0.0,0.0,0.0,0.0,0.0,0.0,0.0,1.0,1.0,0.0,0,0,0,0,0,0,0,0.0,0.0,0.2,0.0
25,1300,0,dpga,roi_shared,0.3394184708595276,0.0,global_ddp_mean,2,0.0,3.3467905521392822,3.3467905521392822,0.0,0.0,0.0,0.0,0.0,0.0,0.0,0.0,0.0,0.0,0.0,0.0,0.0,1.0,1.0,0.0,0,0,0,0,0,0,0,0.0,0.0,0.2,0.0
25,1300,0,dpga,roi_cls,0.3394184708595276,0.0,global_ddp_mean,2,0.0,2.267193078994751,2.267193078994751,0.0,0.0,0.0,0.0,0.0,0.0,0.0,0.0,0.0,0.0,0.0,0.0,0.0,1.0,1.0,0.0,0,0,0,0,0,0,0,0.0,0.0,0.2,0.0
25,1300,0,dpga,roi_reg,0.3394184708595276,0.0,global_ddp_mean,2,0.0,1.4757435321807861,1.4757435321807861,0.0,0.0,0.0,0.0,0.0,0.0,0.0,0.0,0.0,0.0,0.0,0.0,0.0,1.0,1.0,0.0,0,0,0,0,0,0,0,0.0,0.0,0.2,0.0
25,1400,0,dpga,backbone,0.5822321176528931,-0.0,global_ddp_mean,2,0.10035009682178497,11.890686988830566,11.890686988830566,7.92126989364624,7.92126989364624,7.92126989364624,1.1890685558319092,0.23781371471008228,1.1890685558319092,0.6661742842181473,0.6661742842181473,0.09999998796948001,0.01999999789191919,0.01999999789191919,0.002007002022912779,0.002007002022912779,1.0020070020229128,0.999802883890145,1.1376425422907483,0,0,0,0,0,0,1,0.1501108705997467,1.0,0.2,0.20000000298023224
25,1400,0,dpga,fpn,0.5822321176528931,-0.0,global_ddp_mean,2,-0.0233891811221838,1.721588373184204,1.721588373184204,1.8369135856628418,1.8369135856628418,1.8364109992980957,0.258238285779953,0.051647657925600665,0.258238285779953,1.0669876808387915,1.0666957490549955,0.15000001731094542,0.030000003909223975,0.030000003909223975,1.1036144104490301e-10,1.1036144104490301e-10,1.0000000001103615,0.9995502563770319,1.7184480807615177,1,1,0,0,0,1,1,0.14062117040157318,1.0,0.2,0.20000000298023224
25,1400,0,dpga,rpn,0.5822321176528931,-0.0,global_ddp_mean,2,0.0,2.4275999069213867,2.4275999069213867,0.0,0.0,0.0,0.0,0.0,0.0,0.0,0.0,0.0,0.0,0.0,0.0,0.0,1.0,1.0,0.0,0,0,0,0,0,0,0,0.0,0.0,0.2,0.0
25,1400,0,dpga,roi_shared,0.5822321176528931,-0.0,global_ddp_mean,2,0.01682913675904274,3.4142298698425293,3.4142298698425293,0.4279438853263855,0.4279438853263855,0.4279438853263855,0.4279438853263855,0.08558877834064926,0.4279438853263855,0.125341263371386,0.125341263371386,0.125341263371386,0.02506825304782328,0.02506825304782328,0.00042187705885210795,0.00042187705885210795,1.000421877058852,0.9996863001990925,1.4351791143158348,0,0,0,0,0,0,0,1.0,1.0,0.2,0.20000000298023224
25,1400,0,dpga,roi_cls,0.5822321176528931,-0.0,global_ddp_mean,2,0.0,1.6754488945007324,1.6754488945007324,0.0,0.0,0.0,0.0,0.0,0.0,0.0,0.0,0.0,0.0,0.0,0.0,0.0,1.0,1.0,0.0,0,0,0,0,0,0,0,0.0,0.0,0.2,0.0
25,1400,0,dpga,roi_reg,0.5822321176528931,-0.0,global_ddp_mean,2,-0.03125271573662758,2.754844903945923,2.754844903945923,0.7297089695930481,0.7297089695930481,0.729352593421936,0.13774223625659943,0.02754844766182374,0.13774223625659943,0.26488205145336635,0.26475268802873164,0.049999996754555326,0.009999999499922668,0.009999999499922668,1.7137280736807623e-11,1.7137280736807623e-11,1.0000000000171372,0.999949979398776,0.5730782081206145,1,0,0,0,0,1,1,0.18885549902915955,1.0,0.2,0.20000000298023224
26,0,0,dpga,backbone,0.5211834907531738,0.0,global_ddp_mean,2,0.0,14.944720268249512,14.944720268249512,0.0,0.0,0.0,0.0,0.0,0.0,0.0,0.0,0.0,0.0,0.0,0.0,0.0,1.0,1.0,0.0,0,0,0,0,0,0,0,0.0,0.0,0.2,0.0
26,0,0,dpga,fpn,0.5211834907531738,0.0,global_ddp_mean,2,0.0,2.0810329914093018,2.0810329914093018,0.0,0.0,0.0,0.0,0.0,0.0,0.0,0.0,0.0,0.0,0.0,0.0,0.0,1.0,1.0,0.0,0,0,0,0,0,0,0,0.0,0.0,0.2,0.0
26,0,0,dpga,rpn,0.5211834907531738,0.0,global_ddp_mean,2,0.0,4.228795528411865,4.228795528411865,0.0,0.0,0.0,0.0,0.0,0.0,0.0,0.0,0.0,0.0,0.0,0.0,0.0,1.0,1.0,0.0,0,0,0,0,0,0,0,0.0,0.0,0.2,0.0
26,0,0,dpga,roi_shared,0.5211834907531738,0.0,global_ddp_mean,2,0.0,3.177173376083374,3.177173376083374,0.0,0.0,0.0,0.0,0.0,0.0,0.0,0.0,0.0,0.0,0.0,0.0,0.0,1.0,1.0,0.0,0,0,0,0,0,0,0,0.0,0.0,0.2,0.0
26,0,0,dpga,roi_cls,0.5211834907531738,0.0,global_ddp_mean,2,0.0,1.8936339616775513,1.8936339616775513,0.0,0.0,0.0,0.0,0.0,0.0,0.0,0.0,0.0,0.0,0.0,0.0,0.0,1.0,1.0,0.0,0,0,0,0,0,0,0,0.0,0.0,0.2,0.0
26,0,0,dpga,roi_reg,0.5211834907531738,0.0,global_ddp_mean,2,0.0,1.5468462705612183,1.5468462705612183,0.0,0.0,0.0,0.0,0.0,0.0,0.0,0.0,0.0,0.0,0.0,0.0,0.0,1.0,1.0,0.0,0,0,0,0,0,0,0,0.0,0.0,0.2,0.0
26,100,0,dpga,backbone,0.1290702074766159,-0.0,global_ddp_mean,2,0.0,11.45522403717041,11.45522403717041,0.0,0.0,0.0,0.0,0.0,0.0,0.0,0.0,0.0,0.0,0.0,0.0,0.0,1.0,1.0,0.0,0,0,0,0,0,0,0,0.0,0.0,0.2,0.0
26,100,0,dpga,fpn,0.1290702074766159,-0.0,global_ddp_mean,2,0.0,2.7644948959350586,2.7644948959350586,0.0,0.0,0.0,0.0,0.0,0.0,0.0,0.0,0.0,0.0,0.0,0.0,0.0,1.0,1.0,0.0,0,0,0,0,0,0,0,0.0,0.0,0.2,0.0
26,100,0,dpga,rpn,0.1290702074766159,-0.0,global_ddp_mean,2,0.0,1.4085638523101807,1.4085638523101807,0.0,0.0,0.0,0.0,0.0,0.0,0.0,0.0,0.0,0.0,0.0,0.0,0.0,1.0,1.0,0.0,0,0,0,0,0,0,0,0.0,0.0,0.2,0.0
26,100,0,dpga,roi_shared,0.1290702074766159,-0.0,global_ddp_mean,2,0.0,5.877959728240967,5.877959728240967,0.0,0.0,0.0,0.0,0.0,0.0,0.0,0.0,0.0,0.0,0.0,0.0,0.0,1.0,1.0,0.0,0,0,0,0,0,0,0,0.0,0.0,0.2,0.0
26,100,0,dpga,roi_cls,0.1290702074766159,-0.0,global_ddp_mean,2,0.0,4.806825637817383,4.806825637817383,0.0,0.0,0.0,0.0,0.0,0.0,0.0,0.0,0.0,0.0,0.0,0.0,0.0,1.0,1.0,0.0,0,0,0,0,0,0,0,0.0,0.0,0.2,0.0
26,100,0,dpga,roi_reg,0.1290702074766159,-0.0,global_ddp_mean,2,0.0,0.9043856263160706,0.9043856263160706,0.0,0.0,0.0,0.0,0.0,0.0,0.0,0.0,0.0,0.0,0.0,0.0,0.0,1.0,1.0,0.0,0,0,0,0,0,0,0,0.0,0.0,0.2,0.0
26,200,0,dpga,backbone,0.13916674256324768,0.0,global_ddp_mean,2,0.0,20.954015731811523,20.954015731811523,0.0,0.0,0.0,0.0,0.0,0.0,0.0,0.0,0.0,0.0,0.0,0.0,0.0,1.0,1.0,0.0,0,0,0,0,0,0,0,0.0,0.0,0.2,0.0
26,200,0,dpga,fpn,0.13916674256324768,0.0,global_ddp_mean,2,0.0,3.8713502883911133,3.8713502883911133,0.0,0.0,0.0,0.0,0.0,0.0,0.0,0.0,0.0,0.0,0.0,0.0,0.0,1.0,1.0,0.0,0,0,0,0,0,0,0,0.0,0.0,0.2,0.0
26,200,0,dpga,rpn,0.13916674256324768,0.0,global_ddp_mean,2,0.0,2.4043450355529785,2.4043450355529785,0.0,0.0,0.0,0.0,0.0,0.0,0.0,0.0,0.0,0.0,0.0,0.0,0.0,1.0,1.0,0.0,0,0,0,0,0,0,0,0.0,0.0,0.2,0.0
26,200,0,dpga,roi_shared,0.13916674256324768,0.0,global_ddp_mean,2,0.0,8.462489128112793,8.462489128112793,0.0,0.0,0.0,0.0,0.0,0.0,0.0,0.0,0.0,0.0,0.0,0.0,0.0,1.0,1.0,0.0,0,0,0,0,0,0,0,0.0,0.0,0.2,0.0
26,200,0,dpga,roi_cls,0.13916674256324768,0.0,global_ddp_mean,2,0.0,6.802089691162109,6.802089691162109,0.0,0.0,0.0,0.0,0.0,0.0,0.0,0.0,0.0,0.0,0.0,0.0,0.0,1.0,1.0,0.0,0,0,0,0,0,0,0,0.0,0.0,0.2,0.0
26,200,0,dpga,roi_reg,0.13916674256324768,0.0,global_ddp_mean,2,0.0,0.9686403870582581,0.9686403870582581,0.0,0.0,0.0,0.0,0.0,0.0,0.0,0.0,0.0,0.0,0.0,0.0,0.0,1.0,1.0,0.0,0,0,0,0,0,0,0,0.0,0.0,0.2,0.0
26,300,0,dpga,backbone,0.021552110090851784,0.0,global_ddp_mean,2,0.0,9.374795913696289,9.374795913696289,0.0,0.0,0.0,0.0,0.0,0.0,0.0,0.0,0.0,0.0,0.0,0.0,0.0,1.0,1.0,0.0,0,0,0,0,0,0,0,0.0,0.0,0.2,0.0
26,300,0,dpga,fpn,0.021552110090851784,0.0,global_ddp_mean,2,0.0,1.4481205940246582,1.4481205940246582,0.0,0.0,0.0,0.0,0.0,0.0,0.0,0.0,0.0,0.0,0.0,0.0,0.0,1.0,1.0,0.0,0,0,0,0,0,0,0,0.0,0.0,0.2,0.0
26,300,0,dpga,rpn,0.021552110090851784,0.0,global_ddp_mean,2,0.0,1.999485969543457,1.999485969543457,0.0,0.0,0.0,0.0,0.0,0.0,0.0,0.0,0.0,0.0,0.0,0.0,0.0,1.0,1.0,0.0,0,0,0,0,0,0,0,0.0,0.0,0.2,0.0
26,300,0,dpga,roi_shared,0.021552110090851784,0.0,global_ddp_mean,2,0.0,3.1287834644317627,3.1287834644317627,0.0,0.0,0.0,0.0,0.0,0.0,0.0,0.0,0.0,0.0,0.0,0.0,0.0,1.0,1.0,0.0,0,0,0,0,0,0,0,0.0,0.0,0.2,0.0
26,300,0,dpga,roi_cls,0.021552110090851784,0.0,global_ddp_mean,2,0.0,1.685068130493164,1.685068130493164,0.0,0.0,0.0,0.0,0.0,0.0,0.0,0.0,0.0,0.0,0.0,0.0,0.0,1.0,1.0,0.0,0,0,0,0,0,0,0,0.0,0.0,0.2,0.0
26,300,0,dpga,roi_reg,0.021552110090851784,0.0,global_ddp_mean,2,0.0,3.9445109367370605,3.9445109367370605,0.0,0.0,0.0,0.0,0.0,0.0,0.0,0.0,0.0,0.0,0.0,0.0,0.0,1.0,1.0,0.0,0,0,0,0,0,0,0,0.0,0.0,0.2,0.0
26,400,0,dpga,backbone,0.8640338778495789,0.44168826937675476,global_ddp_mean,2,-0.21075940132141113,28.6196346282959,28.6196346282959,10.853466987609863,10.853466987609863,10.6096773147583,2.8619637489318848,0.5723927583156936,2.8619637489318848,0.37923150063135913,0.3707132342028097,0.10000000999671374,0.020000002297366003,0.020000002297366003,1.309858683211009e-10,1.309858683211009e-10,1.0000000001309859,0.9998000392036314,1.145822368463472,1,0,0,0,0,1,1,0.26975029706954956,1.0,0.2,0.20000000298023224
26,400,0,dpga,fpn,0.8640338778495789,0.44168826937675476,global_ddp_mean,2,-0.012212583795189857,5.692577838897705,5.692577838897705,2.499448299407959,2.499448299407959,2.4992620944976807,0.8538866639137268,0.17077733532752593,0.8538866639137268,0.4390714312818154,0.4390387211607511,0.14999999790588214,0.030000000028211255,0.030000000028211255,1.0826028084187428e-10,1.0826028084187428e-10,1.0000000001082603,0.9995503858345575,1.7182007190289752,1,0,0,0,0,1,1,0.34165552258491516,1.0,0.2,0.20000000298023224
26,400,0,dpga,rpn,0.8640338778495789,0.44168826937675476,global_ddp_mean,2,0.0,2.9273319244384766,2.9273319244384766,0.0,0.0,0.0,0.0,0.0,0.0,0.0,0.0,0.0,0.0,0.0,0.0,0.0,1.0,1.0,0.0,0,0,0,0,0,0,0,0.0,0.0,0.2,0.0
26,400,0,dpga,roi_shared,0.8640338778495789,0.44168826937675476,global_ddp_mean,2,0.09528198093175888,11.107431411743164,11.107431411743164,0.18897496163845062,0.18897496163845062,0.18897496163845062,0.18897496163845062,0.0377949928908794,0.18897496163845062,0.017013380918891804,0.017013380918891804,0.017013380918891804,0.0034026762344821875,0.0034026762344821875,0.0003242137320908809,0.0003242137320908809,1.000324213732091,0.9999942590178493,0.19414711273921723,0,0,0,0,0,0,0,1.0,1.0,0.2,0.20000000298023224
26,400,0,dpga,roi_cls,0.8640338778495789,0.44168826937675476,global_ddp_mean,2,0.0,7.564415454864502,7.564415454864502,0.0,0.0,0.0,0.0,0.0,0.0,0.0,0.0,0.0,0.0,0.0,0.0,0.0,1.0,1.0,0.0,0,0,0,0,0,0,0,0.0,0.0,0.2,0.0
26,400,0,dpga,roi_reg,0.8640338778495789,0.44168826937675476,global_ddp_mean,2,0.08576074987649918,4.746012210845947,4.746012210845947,0.49492931365966797,0.49492931365966797,0.49492931365966797,0.23730061948299408,0.04746012460380977,0.23730061948299408,0.10428319432651646,0.10428319432651646,0.05000000188383348,0.010000000525778313,0.010000000525778313,0.0008576074693503245,0.0008576074693503245,1.0008576074693503,0.9999503982650371,0.57067370126551,0,0,0,0,0,0,1,0.479463666677475,1.0,0.2,0.20000000298023224
26,500,0,dpga,backbone,0.49184632301330566,0.0,global_ddp_mean,2,0.0,15.193794250488281,15.193794250488281,0.0,0.0,0.0,0.0,0.0,0.0,0.0,0.0,0.0,0.0,0.0,0.0,0.0,1.0,1.0,0.0,0,0,0,0,0,0,0,0.0,0.0,0.2,0.0
26,500,0,dpga,fpn,0.49184632301330566,0.0,global_ddp_mean,2,0.0,3.3457815647125244,3.3457815647125244,0.0,0.0,0.0,0.0,0.0,0.0,0.0,0.0,0.0,0.0,0.0,0.0,0.0,1.0,1.0,0.0,0,0,0,0,0,0,0,0.0,0.0,0.2,0.0
26,500,0,dpga,rpn,0.49184632301330566,0.0,global_ddp_mean,2,0.0,2.921997547149658,2.921997547149658,0.0,0.0,0.0,0.0,0.0,0.0,0.0,0.0,0.0,0.0,0.0,0.0,0.0,1.0,1.0,0.0,0,0,0,0,0,0,0,0.0,0.0,0.2,0.0
26,500,0,dpga,roi_shared,0.49184632301330566,0.0,global_ddp_mean,2,0.0,7.289806842803955,7.289806842803955,0.0,0.0,0.0,0.0,0.0,0.0,0.0,0.0,0.0,0.0,0.0,0.0,0.0,1.0,1.0,0.0,0,0,0,0,0,0,0,0.0,0.0,0.2,0.0
26,500,0,dpga,roi_cls,0.49184632301330566,0.0,global_ddp_mean,2,0.0,5.169269561767578,5.169269561767578,0.0,0.0,0.0,0.0,0.0,0.0,0.0,0.0,0.0,0.0,0.0,0.0,0.0,1.0,1.0,0.0,0,0,0,0,0,0,0,0.0,0.0,0.2,0.0
26,500,0,dpga,roi_reg,0.49184632301330566,0.0,global_ddp_mean,2,0.0,1.645532250404358,1.645532250404358,0.0,0.0,0.0,0.0,0.0,0.0,0.0,0.0,0.0,0.0,0.0,0.0,0.0,1.0,1.0,0.0,0,0,0,0,0,0,0,0.0,0.0,0.2,0.0
26,600,0,dpga,backbone,0.608229398727417,-0.0,global_ddp_mean,2,0.0,14.596099853515625,14.596099853515625,0.0,0.0,0.0,0.0,0.0,0.0,0.0,0.0,0.0,0.0,0.0,0.0,0.0,1.0,1.0,0.0,0,0,0,0,0,0,0,0.0,0.0,0.2,0.0
26,600,0,dpga,fpn,0.608229398727417,-0.0,global_ddp_mean,2,0.0,3.6631851196289062,3.6631851196289062,0.0,0.0,0.0,0.0,0.0,0.0,0.0,0.0,0.0,0.0,0.0,0.0,0.0,1.0,1.0,0.0,0,0,0,0,0,0,0,0.0,0.0,0.2,0.0
26,600,0,dpga,rpn,0.608229398727417,-0.0,global_ddp_mean,2,0.0,2.4319117069244385,2.4319117069244385,0.0,0.0,0.0,0.0,0.0,0.0,0.0,0.0,0.0,0.0,0.0,0.0,0.0,1.0,1.0,0.0,0,0,0,0,0,0,0,0.0,0.0,0.2,0.0
26,600,0,dpga,roi_shared,0.608229398727417,-0.0,global_ddp_mean,2,0.0,7.596058368682861,7.596058368682861,0.0,0.0,0.0,0.0,0.0,0.0,0.0,0.0,0.0,0.0,0.0,0.0,0.0,1.0,1.0,0.0,0,0,0,0,0,0,0,0.0,0.0,0.2,0.0
26,600,0,dpga,roi_cls,0.608229398727417,-0.0,global_ddp_mean,2,0.0,6.308392524719238,6.308392524719238,0.0,0.0,0.0,0.0,0.0,0.0,0.0,0.0,0.0,0.0,0.0,0.0,0.0,1.0,1.0,0.0,0,0,0,0,0,0,0,0.0,0.0,0.2,0.0
26,600,0,dpga,roi_reg,0.608229398727417,-0.0,global_ddp_mean,2,0.0,3.266272783279419,3.266272783279419,0.0,0.0,0.0,0.0,0.0,0.0,0.0,0.0,0.0,0.0,0.0,0.0,0.0,1.0,1.0,0.0,0,0,0,0,0,0,0,0.0,0.0,0.2,0.0
26,700,0,dpga,backbone,0.023725874722003937,0.0,global_ddp_mean,2,0.0,4.377222061157227,4.377222061157227,0.0,0.0,0.0,0.0,0.0,0.0,0.0,0.0,0.0,0.0,0.0,0.0,0.0,1.0,1.0,0.0,0,0,0,0,0,0,0,0.0,0.0,0.2,0.0
26,700,0,dpga,fpn,0.023725874722003937,0.0,global_ddp_mean,2,0.0,0.9179771542549133,0.9179771542549133,0.0,0.0,0.0,0.0,0.0,0.0,0.0,0.0,0.0,0.0,0.0,0.0,0.0,1.0,1.0,0.0,0,0,0,0,0,0,0,0.0,0.0,0.2,0.0
26,700,0,dpga,rpn,0.023725874722003937,0.0,global_ddp_mean,2,0.0,1.1367853879928589,1.1367853879928589,0.0,0.0,0.0,0.0,0.0,0.0,0.0,0.0,0.0,0.0,0.0,0.0,0.0,1.0,1.0,0.0,0,0,0,0,0,0,0,0.0,0.0,0.2,0.0
26,700,0,dpga,roi_shared,0.023725874722003937,0.0,global_ddp_mean,2,0.0,1.71908700466156,1.71908700466156,0.0,0.0,0.0,0.0,0.0,0.0,0.0,0.0,0.0,0.0,0.0,0.0,0.0,1.0,1.0,0.0,0,0,0,0,0,0,0,0.0,0.0,0.2,0.0
26,700,0,dpga,roi_cls,0.023725874722003937,0.0,global_ddp_mean,2,0.0,1.384886622428894,1.384886622428894,0.0,0.0,0.0,0.0,0.0,0.0,0.0,0.0,0.0,0.0,0.0,0.0,0.0,1.0,1.0,0.0,0,0,0,0,0,0,0,0.0,0.0,0.2,0.0
26,700,0,dpga,roi_reg,0.023725874722003937,0.0,global_ddp_mean,2,0.0,0.3415880799293518,0.3415880799293518,0.0,0.0,0.0,0.0,0.0,0.0,0.0,0.0,0.0,0.0,0.0,0.0,0.0,1.0,1.0,0.0,0,0,0,0,0,0,0,0.0,0.0,0.2,0.0
26,800,0,dpga,backbone,0.08549591898918152,0.0,global_ddp_mean,2,0.0,14.101119995117188,14.101119995117188,0.0,0.0,0.0,0.0,0.0,0.0,0.0,0.0,0.0,0.0,0.0,0.0,0.0,1.0,1.0,0.0,0,0,0,0,0,0,0,0.0,0.0,0.2,0.0
26,800,0,dpga,fpn,0.08549591898918152,0.0,global_ddp_mean,2,0.0,2.5702896118164062,2.5702896118164062,0.0,0.0,0.0,0.0,0.0,0.0,0.0,0.0,0.0,0.0,0.0,0.0,0.0,1.0,1.0,0.0,0,0,0,0,0,0,0,0.0,0.0,0.2,0.0
26,800,0,dpga,rpn,0.08549591898918152,0.0,global_ddp_mean,2,0.0,2.3542678356170654,2.3542678356170654,0.0,0.0,0.0,0.0,0.0,0.0,0.0,0.0,0.0,0.0,0.0,0.0,0.0,1.0,1.0,0.0,0,0,0,0,0,0,0,0.0,0.0,0.2,0.0
26,800,0,dpga,roi_shared,0.08549591898918152,0.0,global_ddp_mean,2,0.0,5.077705383300781,5.077705383300781,0.0,0.0,0.0,0.0,0.0,0.0,0.0,0.0,0.0,0.0,0.0,0.0,0.0,1.0,1.0,0.0,0,0,0,0,0,0,0,0.0,0.0,0.2,0.0
26,800,0,dpga,roi_cls,0.08549591898918152,0.0,global_ddp_mean,2,0.0,3.088822364807129,3.088822364807129,0.0,0.0,0.0,0.0,0.0,0.0,0.0,0.0,0.0,0.0,0.0,0.0,0.0,1.0,1.0,0.0,0,0,0,0,0,0,0,0.0,0.0,0.2,0.0
26,800,0,dpga,roi_reg,0.08549591898918152,0.0,global_ddp_mean,2,0.0,2.451538562774658,2.451538562774658,0.0,0.0,0.0,0.0,0.0,0.0,0.0,0.0,0.0,0.0,0.0,0.0,0.0,1.0,1.0,0.0,0,0,0,0,0,0,0,0.0,0.0,0.2,0.0
26,900,0,dpga,backbone,0.010738234035670757,0.0,global_ddp_mean,2,0.0,2.4139063358306885,2.4139063358306885,0.0,0.0,0.0,0.0,0.0,0.0,0.0,0.0,0.0,0.0,0.0,0.0,0.0,1.0,1.0,0.0,0,0,0,0,0,0,0,0.0,0.0,0.2,0.0
26,900,0,dpga,fpn,0.010738234035670757,0.0,global_ddp_mean,2,0.0,0.3714312016963959,0.3714312016963959,0.0,0.0,0.0,0.0,0.0,0.0,0.0,0.0,0.0,0.0,0.0,0.0,0.0,1.0,1.0,0.0,0,0,0,0,0,0,0,0.0,0.0,0.2,0.0
26,900,0,dpga,rpn,0.010738234035670757,0.0,global_ddp_mean,2,0.0,0.7150928378105164,0.7150928378105164,0.0,0.0,0.0,0.0,0.0,0.0,0.0,0.0,0.0,0.0,0.0,0.0,0.0,1.0,1.0,0.0,0,0,0,0,0,0,0,0.0,0.0,0.2,0.0
26,900,0,dpga,roi_shared,0.010738234035670757,0.0,global_ddp_mean,2,0.0,0.0,0.0,0.0,0.0,0.0,0.0,0.0,0.0,0.0,0.0,0.0,0.0,0.0,0.0,0.0,0.0,0.0,90.0,0,0,0,0,0,0,0,0.0,0.0,0.2,0.0
26,900,0,dpga,roi_cls,0.010738234035670757,0.0,global_ddp_mean,2,0.0,0.0,0.0,0.0,0.0,0.0,0.0,0.0,0.0,0.0,0.0,0.0,0.0,0.0,0.0,0.0,0.0,0.0,90.0,0,0,0,0,0,0,0,0.0,0.0,0.2,0.0
26,900,0,dpga,roi_reg,0.010738234035670757,0.0,global_ddp_mean,2,0.0,0.0,0.0,0.0,0.0,0.0,0.0,0.0,0.0,0.0,0.0,0.0,0.0,0.0,0.0,0.0,0.0,0.0,90.0,0,0,0,0,0,0,0,0.0,0.0,0.2,0.0
26,1000,0,dpga,backbone,0.1722804605960846,-0.0,global_ddp_mean,2,0.0,12.115735054016113,12.115735054016113,0.0,0.0,0.0,0.0,0.0,0.0,0.0,0.0,0.0,0.0,0.0,0.0,0.0,1.0,1.0,0.0,0,0,0,0,0,0,0,0.0,0.0,0.2,0.0
26,1000,0,dpga,fpn,0.1722804605960846,-0.0,global_ddp_mean,2,0.0,1.5629067420959473,1.5629067420959473,0.0,0.0,0.0,0.0,0.0,0.0,0.0,0.0,0.0,0.0,0.0,0.0,0.0,1.0,1.0,0.0,0,0,0,0,0,0,0,0.0,0.0,0.2,0.0
26,1000,0,dpga,rpn,0.1722804605960846,-0.0,global_ddp_mean,2,0.0,2.5949738025665283,2.5949738025665283,0.0,0.0,0.0,0.0,0.0,0.0,0.0,0.0,0.0,0.0,0.0,0.0,0.0,1.0,1.0,0.0,0,0,0,0,0,0,0,0.0,0.0,0.2,0.0
26,1000,0,dpga,roi_shared,0.1722804605960846,-0.0,global_ddp_mean,2,0.0,2.4736688137054443,2.4736688137054443,0.0,0.0,0.0,0.0,0.0,0.0,0.0,0.0,0.0,0.0,0.0,0.0,0.0,1.0,1.0,0.0,0,0,0,0,0,0,0,0.0,0.0,0.2,0.0
26,1000,0,dpga,roi_cls,0.1722804605960846,-0.0,global_ddp_mean,2,0.0,1.1697438955307007,1.1697438955307007,0.0,0.0,0.0,0.0,0.0,0.0,0.0,0.0,0.0,0.0,0.0,0.0,0.0,1.0,1.0,0.0,0,0,0,0,0,0,0,0.0,0.0,0.2,0.0
26,1000,0,dpga,roi_reg,0.1722804605960846,-0.0,global_ddp_mean,2,0.0,2.790691614151001,2.790691614151001,0.0,0.0,0.0,0.0,0.0,0.0,0.0,0.0,0.0,0.0,0.0,0.0,0.0,1.0,1.0,0.0,0,0,0,0,0,0,0,0.0,0.0,0.2,0.0
26,1100,0,dpga,backbone,0.1718422770500183,-0.0,global_ddp_mean,2,0.0,5.502022743225098,5.502022743225098,0.0,0.0,0.0,0.0,0.0,0.0,0.0,0.0,0.0,0.0,0.0,0.0,0.0,1.0,1.0,0.0,0,0,0,0,0,0,0,0.0,0.0,0.2,0.0
26,1100,0,dpga,fpn,0.1718422770500183,-0.0,global_ddp_mean,2,0.0,0.7719858884811401,0.7719858884811401,0.0,0.0,0.0,0.0,0.0,0.0,0.0,0.0,0.0,0.0,0.0,0.0,0.0,1.0,1.0,0.0,0,0,0,0,0,0,0,0.0,0.0,0.2,0.0
26,1100,0,dpga,rpn,0.1718422770500183,-0.0,global_ddp_mean,2,0.0,1.1442055702209473,1.1442055702209473,0.0,0.0,0.0,0.0,0.0,0.0,0.0,0.0,0.0,0.0,0.0,0.0,0.0,1.0,1.0,0.0,0,0,0,0,0,0,0,0.0,0.0,0.2,0.0
26,1100,0,dpga,roi_shared,0.1718422770500183,-0.0,global_ddp_mean,2,0.0,1.4546988010406494,1.4546988010406494,0.0,0.0,0.0,0.0,0.0,0.0,0.0,0.0,0.0,0.0,0.0,0.0,0.0,1.0,1.0,0.0,0,0,0,0,0,0,0,0.0,0.0,0.2,0.0
26,1100,0,dpga,roi_cls,0.1718422770500183,-0.0,global_ddp_mean,2,0.0,1.1000511646270752,1.1000511646270752,0.0,0.0,0.0,0.0,0.0,0.0,0.0,0.0,0.0,0.0,0.0,0.0,0.0,1.0,1.0,0.0,0,0,0,0,0,0,0,0.0,0.0,0.2,0.0
26,1100,0,dpga,roi_reg,0.1718422770500183,-0.0,global_ddp_mean,2,0.0,0.5785827040672302,0.5785827040672302,0.0,0.0,0.0,0.0,0.0,0.0,0.0,0.0,0.0,0.0,0.0,0.0,0.0,1.0,1.0,0.0,0,0,0,0,0,0,0,0.0,0.0,0.2,0.0
26,1200,0,dpga,backbone,0.15103371441364288,-0.0,global_ddp_mean,2,0.0,4.8174591064453125,4.8174591064453125,0.0,0.0,0.0,0.0,0.0,0.0,0.0,0.0,0.0,0.0,0.0,0.0,0.0,1.0,1.0,0.0,0,0,0,0,0,0,0,0.0,0.0,0.2,0.0
26,1200,0,dpga,fpn,0.15103371441364288,-0.0,global_ddp_mean,2,0.0,0.703437328338623,0.703437328338623,0.0,0.0,0.0,0.0,0.0,0.0,0.0,0.0,0.0,0.0,0.0,0.0,0.0,1.0,1.0,0.0,0,0,0,0,0,0,0,0.0,0.0,0.2,0.0
26,1200,0,dpga,rpn,0.15103371441364288,-0.0,global_ddp_mean,2,0.0,1.1828337907791138,1.1828337907791138,0.0,0.0,0.0,0.0,0.0,0.0,0.0,0.0,0.0,0.0,0.0,0.0,0.0,1.0,1.0,0.0,0,0,0,0,0,0,0,0.0,0.0,0.2,0.0
26,1200,0,dpga,roi_shared,0.15103371441364288,-0.0,global_ddp_mean,2,0.0,1.2209452390670776,1.2209452390670776,0.0,0.0,0.0,0.0,0.0,0.0,0.0,0.0,0.0,0.0,0.0,0.0,0.0,1.0,1.0,0.0,0,0,0,0,0,0,0,0.0,0.0,0.2,0.0
26,1200,0,dpga,roi_cls,0.15103371441364288,-0.0,global_ddp_mean,2,0.0,0.6571792960166931,0.6571792960166931,0.0,0.0,0.0,0.0,0.0,0.0,0.0,0.0,0.0,0.0,0.0,0.0,0.0,1.0,1.0,0.0,0,0,0,0,0,0,0,0.0,0.0,0.2,0.0
26,1200,0,dpga,roi_reg,0.15103371441364288,-0.0,global_ddp_mean,2,0.0,0.9318224787712097,0.9318224787712097,0.0,0.0,0.0,0.0,0.0,0.0,0.0,0.0,0.0,0.0,0.0,0.0,0.0,1.0,1.0,0.0,0,0,0,0,0,0,0,0.0,0.0,0.2,0.0
26,1300,0,dpga,backbone,0.014652195386588573,-0.0,global_ddp_mean,2,0.0,6.027923583984375,6.027923583984375,0.0,0.0,0.0,0.0,0.0,0.0,0.0,0.0,0.0,0.0,0.0,0.0,0.0,1.0,1.0,0.0,0,0,0,0,0,0,0,0.0,0.0,0.2,0.0
26,1300,0,dpga,fpn,0.014652195386588573,-0.0,global_ddp_mean,2,0.0,1.0619316101074219,1.0619316101074219,0.0,0.0,0.0,0.0,0.0,0.0,0.0,0.0,0.0,0.0,0.0,0.0,0.0,1.0,1.0,0.0,0,0,0,0,0,0,0,0.0,0.0,0.2,0.0
26,1300,0,dpga,rpn,0.014652195386588573,-0.0,global_ddp_mean,2,0.0,1.4839738607406616,1.4839738607406616,0.0,0.0,0.0,0.0,0.0,0.0,0.0,0.0,0.0,0.0,0.0,0.0,0.0,1.0,1.0,0.0,0,0,0,0,0,0,0,0.0,0.0,0.2,0.0
26,1300,0,dpga,roi_shared,0.014652195386588573,-0.0,global_ddp_mean,2,0.0,1.1610984802246094,1.1610984802246094,0.0,0.0,0.0,0.0,0.0,0.0,0.0,0.0,0.0,0.0,0.0,0.0,0.0,1.0,1.0,0.0,0,0,0,0,0,0,0,0.0,0.0,0.2,0.0
26,1300,0,dpga,roi_cls,0.014652195386588573,-0.0,global_ddp_mean,2,0.0,0.9578062891960144,0.9578062891960144,0.0,0.0,0.0,0.0,0.0,0.0,0.0,0.0,0.0,0.0,0.0,0.0,0.0,1.0,1.0,0.0,0,0,0,0,0,0,0,0.0,0.0,0.2,0.0
26,1300,0,dpga,roi_reg,0.014652195386588573,-0.0,global_ddp_mean,2,0.0,0.0,0.0,0.0,0.0,0.0,0.0,0.0,0.0,0.0,0.0,0.0,0.0,0.0,0.0,0.0,0.0,0.0,90.0,0,0,0,0,0,0,0,0.0,0.0,0.2,0.0
26,1400,0,dpga,backbone,0.2755117118358612,-0.0,global_ddp_mean,2,0.0,8.946730613708496,8.946730613708496,0.0,0.0,0.0,0.0,0.0,0.0,0.0,0.0,0.0,0.0,0.0,0.0,0.0,1.0,1.0,0.0,0,0,0,0,0,0,0,0.0,0.0,0.2,0.0
26,1400,0,dpga,fpn,0.2755117118358612,-0.0,global_ddp_mean,2,0.0,1.076352834701538,1.076352834701538,0.0,0.0,0.0,0.0,0.0,0.0,0.0,0.0,0.0,0.0,0.0,0.0,0.0,1.0,1.0,0.0,0,0,0,0,0,0,0,0.0,0.0,0.2,0.0
26,1400,0,dpga,rpn,0.2755117118358612,-0.0,global_ddp_mean,2,0.0,1.5430538654327393,1.5430538654327393,0.0,0.0,0.0,0.0,0.0,0.0,0.0,0.0,0.0,0.0,0.0,0.0,0.0,1.0,1.0,0.0,0,0,0,0,0,0,0,0.0,0.0,0.2,0.0
26,1400,0,dpga,roi_shared,0.2755117118358612,-0.0,global_ddp_mean,2,0.0,2.3625218868255615,2.3625218868255615,0.0,0.0,0.0,0.0,0.0,0.0,0.0,0.0,0.0,0.0,0.0,0.0,0.0,1.0,1.0,0.0,0,0,0,0,0,0,0,0.0,0.0,0.2,0.0
26,1400,0,dpga,roi_cls,0.2755117118358612,-0.0,global_ddp_mean,2,0.0,1.8343719244003296,1.8343719244003296,0.0,0.0,0.0,0.0,0.0,0.0,0.0,0.0,0.0,0.0,0.0,0.0,0.0,1.0,1.0,0.0,0,0,0,0,0,0,0,0.0,0.0,0.2,0.0
26,1400,0,dpga,roi_reg,0.2755117118358612,-0.0,global_ddp_mean,2,0.0,1.7088228464126587,1.7088228464126587,0.0,0.0,0.0,0.0,0.0,0.0,0.0,0.0,0.0,0.0,0.0,0.0,0.0,1.0,1.0,0.0,0,0,0,0,0,0,0,0.0,0.0,0.2,0.0
27,0,0,dpga,backbone,0.020116683095693588,0.0,global_ddp_mean,2,0.0,9.832674980163574,9.832674980163574,0.0,0.0,0.0,0.0,0.0,0.0,0.0,0.0,0.0,0.0,0.0,0.0,0.0,1.0,1.0,0.0,0,0,0,0,0,0,0,0.0,0.0,0.2,0.0
27,0,0,dpga,fpn,0.020116683095693588,0.0,global_ddp_mean,2,0.0,1.8500679731369019,1.8500679731369019,0.0,0.0,0.0,0.0,0.0,0.0,0.0,0.0,0.0,0.0,0.0,0.0,0.0,1.0,1.0,0.0,0,0,0,0,0,0,0,0.0,0.0,0.2,0.0
27,0,0,dpga,rpn,0.020116683095693588,0.0,global_ddp_mean,2,0.0,1.4222705364227295,1.4222705364227295,0.0,0.0,0.0,0.0,0.0,0.0,0.0,0.0,0.0,0.0,0.0,0.0,0.0,1.0,1.0,0.0,0,0,0,0,0,0,0,0.0,0.0,0.2,0.0
27,0,0,dpga,roi_shared,0.020116683095693588,0.0,global_ddp_mean,2,0.0,3.308410167694092,3.308410167694092,0.0,0.0,0.0,0.0,0.0,0.0,0.0,0.0,0.0,0.0,0.0,0.0,0.0,1.0,1.0,0.0,0,0,0,0,0,0,0,0.0,0.0,0.2,0.0
27,0,0,dpga,roi_cls,0.020116683095693588,0.0,global_ddp_mean,2,0.0,3.0335988998413086,3.0335988998413086,0.0,0.0,0.0,0.0,0.0,0.0,0.0,0.0,0.0,0.0,0.0,0.0,0.0,1.0,1.0,0.0,0,0,0,0,0,0,0,0.0,0.0,0.2,0.0
27,0,0,dpga,roi_reg,0.020116683095693588,0.0,global_ddp_mean,2,0.0,0.0,0.0,0.0,0.0,0.0,0.0,0.0,0.0,0.0,0.0,0.0,0.0,0.0,0.0,0.0,0.0,0.0,90.0,0,0,0,0,0,0,0,0.0,0.0,0.2,0.0
27,100,0,dpga,backbone,0.4221152365207672,-0.0,global_ddp_mean,2,0.0,34.85812759399414,34.85812759399414,0.0,0.0,0.0,0.0,0.0,0.0,0.0,0.0,0.0,0.0,0.0,0.0,0.0,1.0,1.0,0.0,0,0,0,0,0,0,0,0.0,0.0,0.2,0.0
27,100,0,dpga,fpn,0.4221152365207672,-0.0,global_ddp_mean,2,0.0,6.085083961486816,6.085083961486816,0.0,0.0,0.0,0.0,0.0,0.0,0.0,0.0,0.0,0.0,0.0,0.0,0.0,1.0,1.0,0.0,0,0,0,0,0,0,0,0.0,0.0,0.2,0.0
27,100,0,dpga,rpn,0.4221152365207672,-0.0,global_ddp_mean,2,0.0,3.2518837451934814,3.2518837451934814,0.0,0.0,0.0,0.0,0.0,0.0,0.0,0.0,0.0,0.0,0.0,0.0,0.0,1.0,1.0,0.0,0,0,0,0,0,0,0,0.0,0.0,0.2,0.0
27,100,0,dpga,roi_shared,0.4221152365207672,-0.0,global_ddp_mean,2,0.0,12.83926773071289,12.83926773071289,0.0,0.0,0.0,0.0,0.0,0.0,0.0,0.0,0.0,0.0,0.0,0.0,0.0,1.0,1.0,0.0,0,0,0,0,0,0,0,0.0,0.0,0.2,0.0
27,100,0,dpga,roi_cls,0.4221152365207672,-0.0,global_ddp_mean,2,0.0,9.910425186157227,9.910425186157227,0.0,0.0,0.0,0.0,0.0,0.0,0.0,0.0,0.0,0.0,0.0,0.0,0.0,1.0,1.0,0.0,0,0,0,0,0,0,0,0.0,0.0,0.2,0.0
27,100,0,dpga,roi_reg,0.4221152365207672,-0.0,global_ddp_mean,2,0.0,3.8634815216064453,3.8634815216064453,0.0,0.0,0.0,0.0,0.0,0.0,0.0,0.0,0.0,0.0,0.0,0.0,0.0,1.0,1.0,0.0,0,0,0,0,0,0,0,0.0,0.0,0.2,0.0
27,200,0,dpga,backbone,0.6017117500305176,-0.0,global_ddp_mean,2,0.0,33.64366149902344,33.64366149902344,0.0,0.0,0.0,0.0,0.0,0.0,0.0,0.0,0.0,0.0,0.0,0.0,0.0,1.0,1.0,0.0,0,0,0,0,0,0,0,0.0,0.0,0.2,0.0
27,200,0,dpga,fpn,0.6017117500305176,-0.0,global_ddp_mean,2,0.0,3.83784818649292,3.83784818649292,0.0,0.0,0.0,0.0,0.0,0.0,0.0,0.0,0.0,0.0,0.0,0.0,0.0,1.0,1.0,0.0,0,0,0,0,0,0,0,0.0,0.0,0.2,0.0
27,200,0,dpga,rpn,0.6017117500305176,-0.0,global_ddp_mean,2,0.0,5.07750129699707,5.07750129699707,0.0,0.0,0.0,0.0,0.0,0.0,0.0,0.0,0.0,0.0,0.0,0.0,0.0,1.0,1.0,0.0,0,0,0,0,0,0,0,0.0,0.0,0.2,0.0
27,200,0,dpga,roi_shared,0.6017117500305176,-0.0,global_ddp_mean,2,0.0,7.560421943664551,7.560421943664551,0.0,0.0,0.0,0.0,0.0,0.0,0.0,0.0,0.0,0.0,0.0,0.0,0.0,1.0,1.0,0.0,0,0,0,0,0,0,0,0.0,0.0,0.2,0.0
27,200,0,dpga,roi_cls,0.6017117500305176,-0.0,global_ddp_mean,2,0.0,6.67936372756958,6.67936372756958,0.0,0.0,0.0,0.0,0.0,0.0,0.0,0.0,0.0,0.0,0.0,0.0,0.0,1.0,1.0,0.0,0,0,0,0,0,0,0,0.0,0.0,0.2,0.0
27,200,0,dpga,roi_reg,0.6017117500305176,-0.0,global_ddp_mean,2,0.0,5.3530707359313965,5.3530707359313965,0.0,0.0,0.0,0.0,0.0,0.0,0.0,0.0,0.0,0.0,0.0,0.0,0.0,1.0,1.0,0.0,0,0,0,0,0,0,0,0.0,0.0,0.2,0.0
27,300,0,dpga,backbone,0.5160189270973206,-0.0,global_ddp_mean,2,0.0,19.87509536743164,19.87509536743164,0.0,0.0,0.0,0.0,0.0,0.0,0.0,0.0,0.0,0.0,0.0,0.0,0.0,1.0,1.0,0.0,0,0,0,0,0,0,0,0.0,0.0,0.2,0.0
27,300,0,dpga,fpn,0.5160189270973206,-0.0,global_ddp_mean,2,0.0,5.451453685760498,5.451453685760498,0.0,0.0,0.0,0.0,0.0,0.0,0.0,0.0,0.0,0.0,0.0,0.0,0.0,1.0,1.0,0.0,0,0,0,0,0,0,0,0.0,0.0,0.2,0.0
27,300,0,dpga,rpn,0.5160189270973206,-0.0,global_ddp_mean,2,0.0,4.700640678405762,4.700640678405762,0.0,0.0,0.0,0.0,0.0,0.0,0.0,0.0,0.0,0.0,0.0,0.0,0.0,1.0,1.0,0.0,0,0,0,0,0,0,0,0.0,0.0,0.2,0.0
27,300,0,dpga,roi_shared,0.5160189270973206,-0.0,global_ddp_mean,2,0.0,10.271718978881836,10.271718978881836,0.0,0.0,0.0,0.0,0.0,0.0,0.0,0.0,0.0,0.0,0.0,0.0,0.0,1.0,1.0,0.0,0,0,0,0,0,0,0,0.0,0.0,0.2,0.0
27,300,0,dpga,roi_cls,0.5160189270973206,-0.0,global_ddp_mean,2,0.0,7.075653553009033,7.075653553009033,0.0,0.0,0.0,0.0,0.0,0.0,0.0,0.0,0.0,0.0,0.0,0.0,0.0,1.0,1.0,0.0,0,0,0,0,0,0,0,0.0,0.0,0.2,0.0
27,300,0,dpga,roi_reg,0.5160189270973206,-0.0,global_ddp_mean,2,0.0,7.686014652252197,7.686014652252197,0.0,0.0,0.0,0.0,0.0,0.0,0.0,0.0,0.0,0.0,0.0,0.0,0.0,1.0,1.0,0.0,0,0,0,0,0,0,0,0.0,0.0,0.2,0.0
27,400,0,dpga,backbone,0.2409120500087738,0.0,global_ddp_mean,2,0.0,9.525362014770508,9.525362014770508,0.0,0.0,0.0,0.0,0.0,0.0,0.0,0.0,0.0,0.0,0.0,0.0,0.0,1.0,1.0,0.0,0,0,0,0,0,0,0,0.0,0.0,0.2,0.0
27,400,0,dpga,fpn,0.2409120500087738,0.0,global_ddp_mean,2,0.0,1.2972557544708252,1.2972557544708252,0.0,0.0,0.0,0.0,0.0,0.0,0.0,0.0,0.0,0.0,0.0,0.0,0.0,1.0,1.0,0.0,0,0,0,0,0,0,0,0.0,0.0,0.2,0.0
27,400,0,dpga,rpn,0.2409120500087738,0.0,global_ddp_mean,2,0.0,1.2283061742782593,1.2283061742782593,0.0,0.0,0.0,0.0,0.0,0.0,0.0,0.0,0.0,0.0,0.0,0.0,0.0,1.0,1.0,0.0,0,0,0,0,0,0,0,0.0,0.0,0.2,0.0
27,400,0,dpga,roi_shared,0.2409120500087738,0.0,global_ddp_mean,2,0.0,2.5569303035736084,2.5569303035736084,0.0,0.0,0.0,0.0,0.0,0.0,0.0,0.0,0.0,0.0,0.0,0.0,0.0,1.0,1.0,0.0,0,0,0,0,0,0,0,0.0,0.0,0.2,0.0
27,400,0,dpga,roi_cls,0.2409120500087738,0.0,global_ddp_mean,2,0.0,2.2244205474853516,2.2244205474853516,0.0,0.0,0.0,0.0,0.0,0.0,0.0,0.0,0.0,0.0,0.0,0.0,0.0,1.0,1.0,0.0,0,0,0,0,0,0,0,0.0,0.0,0.2,0.0
27,400,0,dpga,roi_reg,0.2409120500087738,0.0,global_ddp_mean,2,0.0,0.9503027200698853,0.9503027200698853,0.0,0.0,0.0,0.0,0.0,0.0,0.0,0.0,0.0,0.0,0.0,0.0,0.0,1.0,1.0,0.0,0,0,0,0,0,0,0,0.0,0.0,0.2,0.0
27,500,0,dpga,backbone,0.4333529472351074,0.0,global_ddp_mean,2,0.0,25.751384735107422,25.751384735107422,0.0,0.0,0.0,0.0,0.0,0.0,0.0,0.0,0.0,0.0,0.0,0.0,0.0,1.0,1.0,0.0,0,0,0,0,0,0,0,0.0,0.0,0.2,0.0
27,500,0,dpga,fpn,0.4333529472351074,0.0,global_ddp_mean,2,0.0,5.1133317947387695,5.1133317947387695,0.0,0.0,0.0,0.0,0.0,0.0,0.0,0.0,0.0,0.0,0.0,0.0,0.0,1.0,1.0,0.0,0,0,0,0,0,0,0,0.0,0.0,0.2,0.0
27,500,0,dpga,rpn,0.4333529472351074,0.0,global_ddp_mean,2,0.0,3.320795774459839,3.320795774459839,0.0,0.0,0.0,0.0,0.0,0.0,0.0,0.0,0.0,0.0,0.0,0.0,0.0,1.0,1.0,0.0,0,0,0,0,0,0,0,0.0,0.0,0.2,0.0
27,500,0,dpga,roi_shared,0.4333529472351074,0.0,global_ddp_mean,2,0.0,9.991926193237305,9.991926193237305,0.0,0.0,0.0,0.0,0.0,0.0,0.0,0.0,0.0,0.0,0.0,0.0,0.0,1.0,1.0,0.0,0,0,0,0,0,0,0,0.0,0.0,0.2,0.0
27,500,0,dpga,roi_cls,0.4333529472351074,0.0,global_ddp_mean,2,0.0,6.081457138061523,6.081457138061523,0.0,0.0,0.0,0.0,0.0,0.0,0.0,0.0,0.0,0.0,0.0,0.0,0.0,1.0,1.0,0.0,0,0,0,0,0,0,0,0.0,0.0,0.2,0.0
27,500,0,dpga,roi_reg,0.4333529472351074,0.0,global_ddp_mean,2,0.0,9.30963134765625,9.30963134765625,0.0,0.0,0.0,0.0,0.0,0.0,0.0,0.0,0.0,0.0,0.0,0.0,0.0,1.0,1.0,0.0,0,0,0,0,0,0,0,0.0,0.0,0.2,0.0
27,600,0,dpga,backbone,0.08100952953100204,0.0,global_ddp_mean,2,0.0,12.438666343688965,12.438666343688965,0.0,0.0,0.0,0.0,0.0,0.0,0.0,0.0,0.0,0.0,0.0,0.0,0.0,1.0,1.0,0.0,0,0,0,0,0,0,0,0.0,0.0,0.2,0.0
27,600,0,dpga,fpn,0.08100952953100204,0.0,global_ddp_mean,2,0.0,2.480116128921509,2.480116128921509,0.0,0.0,0.0,0.0,0.0,0.0,0.0,0.0,0.0,0.0,0.0,0.0,0.0,1.0,1.0,0.0,0,0,0,0,0,0,0,0.0,0.0,0.2,0.0
27,600,0,dpga,rpn,0.08100952953100204,0.0,global_ddp_mean,2,0.0,1.4753599166870117,1.4753599166870117,0.0,0.0,0.0,0.0,0.0,0.0,0.0,0.0,0.0,0.0,0.0,0.0,0.0,1.0,1.0,0.0,0,0,0,0,0,0,0,0.0,0.0,0.2,0.0
27,600,0,dpga,roi_shared,0.08100952953100204,0.0,global_ddp_mean,2,0.0,5.185487270355225,5.185487270355225,0.0,0.0,0.0,0.0,0.0,0.0,0.0,0.0,0.0,0.0,0.0,0.0,0.0,1.0,1.0,0.0,0,0,0,0,0,0,0,0.0,0.0,0.2,0.0
27,600,0,dpga,roi_cls,0.08100952953100204,0.0,global_ddp_mean,2,0.0,3.596552848815918,3.596552848815918,0.0,0.0,0.0,0.0,0.0,0.0,0.0,0.0,0.0,0.0,0.0,0.0,0.0,1.0,1.0,0.0,0,0,0,0,0,0,0,0.0,0.0,0.2,0.0
27,600,0,dpga,roi_reg,0.08100952953100204,0.0,global_ddp_mean,2,0.0,1.8782776594161987,1.8782776594161987,0.0,0.0,0.0,0.0,0.0,0.0,0.0,0.0,0.0,0.0,0.0,0.0,0.0,1.0,1.0,0.0,0,0,0,0,0,0,0,0.0,0.0,0.2,0.0
27,700,0,dpga,backbone,0.1685398370027542,-0.0,global_ddp_mean,2,0.0,23.465932846069336,23.465932846069336,0.0,0.0,0.0,0.0,0.0,0.0,0.0,0.0,0.0,0.0,0.0,0.0,0.0,1.0,1.0,0.0,0,0,0,0,0,0,0,0.0,0.0,0.2,0.0
27,700,0,dpga,fpn,0.1685398370027542,-0.0,global_ddp_mean,2,0.0,3.982027053833008,3.982027053833008,0.0,0.0,0.0,0.0,0.0,0.0,0.0,0.0,0.0,0.0,0.0,0.0,0.0,1.0,1.0,0.0,0,0,0,0,0,0,0,0.0,0.0,0.2,0.0
27,700,0,dpga,rpn,0.1685398370027542,-0.0,global_ddp_mean,2,0.0,1.7709883451461792,1.7709883451461792,0.0,0.0,0.0,0.0,0.0,0.0,0.0,0.0,0.0,0.0,0.0,0.0,0.0,1.0,1.0,0.0,0,0,0,0,0,0,0,0.0,0.0,0.2,0.0
27,700,0,dpga,roi_shared,0.1685398370027542,-0.0,global_ddp_mean,2,0.0,8.059126853942871,8.059126853942871,0.0,0.0,0.0,0.0,0.0,0.0,0.0,0.0,0.0,0.0,0.0,0.0,0.0,1.0,1.0,0.0,0,0,0,0,0,0,0,0.0,0.0,0.2,0.0
27,700,0,dpga,roi_cls,0.1685398370027542,-0.0,global_ddp_mean,2,0.0,4.113138675689697,4.113138675689697,0.0,0.0,0.0,0.0,0.0,0.0,0.0,0.0,0.0,0.0,0.0,0.0,0.0,1.0,1.0,0.0,0,0,0,0,0,0,0,0.0,0.0,0.2,0.0
27,700,0,dpga,roi_reg,0.1685398370027542,-0.0,global_ddp_mean,2,0.0,7.489307880401611,7.489307880401611,0.0,0.0,0.0,0.0,0.0,0.0,0.0,0.0,0.0,0.0,0.0,0.0,0.0,1.0,1.0,0.0,0,0,0,0,0,0,0,0.0,0.0,0.2,0.0
27,800,0,dpga,backbone,0.42085525393486023,-0.0,global_ddp_mean,2,0.0,38.22576141357422,38.22576141357422,0.0,0.0,0.0,0.0,0.0,0.0,0.0,0.0,0.0,0.0,0.0,0.0,0.0,1.0,1.0,0.0,0,0,0,0,0,0,0,0.0,0.0,0.2,0.0
27,800,0,dpga,fpn,0.42085525393486023,-0.0,global_ddp_mean,2,0.0,6.323439121246338,6.323439121246338,0.0,0.0,0.0,0.0,0.0,0.0,0.0,0.0,0.0,0.0,0.0,0.0,0.0,1.0,1.0,0.0,0,0,0,0,0,0,0,0.0,0.0,0.2,0.0
27,800,0,dpga,rpn,0.42085525393486023,-0.0,global_ddp_mean,2,0.0,2.2986738681793213,2.2986738681793213,0.0,0.0,0.0,0.0,0.0,0.0,0.0,0.0,0.0,0.0,0.0,0.0,0.0,1.0,1.0,0.0,0,0,0,0,0,0,0,0.0,0.0,0.2,0.0
27,800,0,dpga,roi_shared,0.42085525393486023,-0.0,global_ddp_mean,2,0.0,12.574898719787598,12.574898719787598,0.0,0.0,0.0,0.0,0.0,0.0,0.0,0.0,0.0,0.0,0.0,0.0,0.0,1.0,1.0,0.0,0,0,0,0,0,0,0,0.0,0.0,0.2,0.0
27,800,0,dpga,roi_cls,0.42085525393486023,-0.0,global_ddp_mean,2,0.0,9.506963729858398,9.506963729858398,0.0,0.0,0.0,0.0,0.0,0.0,0.0,0.0,0.0,0.0,0.0,0.0,0.0,1.0,1.0,0.0,0,0,0,0,0,0,0,0.0,0.0,0.2,0.0
27,800,0,dpga,roi_reg,0.42085525393486023,-0.0,global_ddp_mean,2,0.0,3.2278902530670166,3.2278902530670166,0.0,0.0,0.0,0.0,0.0,0.0,0.0,0.0,0.0,0.0,0.0,0.0,0.0,1.0,1.0,0.0,0,0,0,0,0,0,0,0.0,0.0,0.2,0.0
27,900,0,dpga,backbone,0.2396666556596756,0.0,global_ddp_mean,2,0.0,11.145310401916504,11.145310401916504,0.0,0.0,0.0,0.0,0.0,0.0,0.0,0.0,0.0,0.0,0.0,0.0,0.0,1.0,1.0,0.0,0,0,0,0,0,0,0,0.0,0.0,0.2,0.0
27,900,0,dpga,fpn,0.2396666556596756,0.0,global_ddp_mean,2,0.0,1.9774162769317627,1.9774162769317627,0.0,0.0,0.0,0.0,0.0,0.0,0.0,0.0,0.0,0.0,0.0,0.0,0.0,1.0,1.0,0.0,0,0,0,0,0,0,0,0.0,0.0,0.2,0.0
27,900,0,dpga,rpn,0.2396666556596756,0.0,global_ddp_mean,2,0.0,2.183598279953003,2.183598279953003,0.0,0.0,0.0,0.0,0.0,0.0,0.0,0.0,0.0,0.0,0.0,0.0,0.0,1.0,1.0,0.0,0,0,0,0,0,0,0,0.0,0.0,0.2,0.0
27,900,0,dpga,roi_shared,0.2396666556596756,0.0,global_ddp_mean,2,0.0,4.017027378082275,4.017027378082275,0.0,0.0,0.0,0.0,0.0,0.0,0.0,0.0,0.0,0.0,0.0,0.0,0.0,1.0,1.0,0.0,0,0,0,0,0,0,0,0.0,0.0,0.2,0.0
27,900,0,dpga,roi_cls,0.2396666556596756,0.0,global_ddp_mean,2,0.0,3.1058337688446045,3.1058337688446045,0.0,0.0,0.0,0.0,0.0,0.0,0.0,0.0,0.0,0.0,0.0,0.0,0.0,1.0,1.0,0.0,0,0,0,0,0,0,0,0.0,0.0,0.2,0.0
27,900,0,dpga,roi_reg,0.2396666556596756,0.0,global_ddp_mean,2,0.0,2.0897417068481445,2.0897417068481445,0.0,0.0,0.0,0.0,0.0,0.0,0.0,0.0,0.0,0.0,0.0,0.0,0.0,1.0,1.0,0.0,0,0,0,0,0,0,0,0.0,0.0,0.2,0.0
27,1000,0,dpga,backbone,0.3697566092014313,-0.0,global_ddp_mean,2,0.0,14.127788543701172,14.127788543701172,0.0,0.0,0.0,0.0,0.0,0.0,0.0,0.0,0.0,0.0,0.0,0.0,0.0,1.0,1.0,0.0,0,0,0,0,0,0,0,0.0,0.0,0.2,0.0
27,1000,0,dpga,fpn,0.3697566092014313,-0.0,global_ddp_mean,2,0.0,2.5751793384552,2.5751793384552,0.0,0.0,0.0,0.0,0.0,0.0,0.0,0.0,0.0,0.0,0.0,0.0,0.0,1.0,1.0,0.0,0,0,0,0,0,0,0,0.0,0.0,0.2,0.0
27,1000,0,dpga,rpn,0.3697566092014313,-0.0,global_ddp_mean,2,0.0,2.219336748123169,2.219336748123169,0.0,0.0,0.0,0.0,0.0,0.0,0.0,0.0,0.0,0.0,0.0,0.0,0.0,1.0,1.0,0.0,0,0,0,0,0,0,0,0.0,0.0,0.2,0.0
27,1000,0,dpga,roi_shared,0.3697566092014313,-0.0,global_ddp_mean,2,0.0,4.22921895980835,4.22921895980835,0.0,0.0,0.0,0.0,0.0,0.0,0.0,0.0,0.0,0.0,0.0,0.0,0.0,1.0,1.0,0.0,0,0,0,0,0,0,0,0.0,0.0,0.2,0.0
27,1000,0,dpga,roi_cls,0.3697566092014313,-0.0,global_ddp_mean,2,0.0,2.40286922454834,2.40286922454834,0.0,0.0,0.0,0.0,0.0,0.0,0.0,0.0,0.0,0.0,0.0,0.0,0.0,1.0,1.0,0.0,0,0,0,0,0,0,0,0.0,0.0,0.2,0.0
27,1000,0,dpga,roi_reg,0.3697566092014313,-0.0,global_ddp_mean,2,0.0,0.9866488575935364,0.9866488575935364,0.0,0.0,0.0,0.0,0.0,0.0,0.0,0.0,0.0,0.0,0.0,0.0,0.0,1.0,1.0,0.0,0,0,0,0,0,0,0,0.0,0.0,0.2,0.0
27,1100,0,dpga,backbone,0.2961355149745941,0.0,global_ddp_mean,2,0.0,12.079610824584961,12.079610824584961,0.0,0.0,0.0,0.0,0.0,0.0,0.0,0.0,0.0,0.0,0.0,0.0,0.0,1.0,1.0,0.0,0,0,0,0,0,0,0,0.0,0.0,0.2,0.0
27,1100,0,dpga,fpn,0.2961355149745941,0.0,global_ddp_mean,2,0.0,1.2879027128219604,1.2879027128219604,0.0,0.0,0.0,0.0,0.0,0.0,0.0,0.0,0.0,0.0,0.0,0.0,0.0,1.0,1.0,0.0,0,0,0,0,0,0,0,0.0,0.0,0.2,0.0
27,1100,0,dpga,rpn,0.2961355149745941,0.0,global_ddp_mean,2,0.0,1.1476715803146362,1.1476715803146362,0.0,0.0,0.0,0.0,0.0,0.0,0.0,0.0,0.0,0.0,0.0,0.0,0.0,1.0,1.0,0.0,0,0,0,0,0,0,0,0.0,0.0,0.2,0.0
27,1100,0,dpga,roi_shared,0.2961355149745941,0.0,global_ddp_mean,2,0.0,2.5011444091796875,2.5011444091796875,0.0,0.0,0.0,0.0,0.0,0.0,0.0,0.0,0.0,0.0,0.0,0.0,0.0,1.0,1.0,0.0,0,0,0,0,0,0,0,0.0,0.0,0.2,0.0
27,1100,0,dpga,roi_cls,0.2961355149745941,0.0,global_ddp_mean,2,0.0,1.7081621885299683,1.7081621885299683,0.0,0.0,0.0,0.0,0.0,0.0,0.0,0.0,0.0,0.0,0.0,0.0,0.0,1.0,1.0,0.0,0,0,0,0,0,0,0,0.0,0.0,0.2,0.0
27,1100,0,dpga,roi_reg,0.2961355149745941,0.0,global_ddp_mean,2,0.0,2.203422784805298,2.203422784805298,0.0,0.0,0.0,0.0,0.0,0.0,0.0,0.0,0.0,0.0,0.0,0.0,0.0,1.0,1.0,0.0,0,0,0,0,0,0,0,0.0,0.0,0.2,0.0
27,1200,0,dpga,backbone,0.13753587007522583,0.0,global_ddp_mean,2,0.0,9.322613716125488,9.322613716125488,0.0,0.0,0.0,0.0,0.0,0.0,0.0,0.0,0.0,0.0,0.0,0.0,0.0,1.0,1.0,0.0,0,0,0,0,0,0,0,0.0,0.0,0.2,0.0
27,1200,0,dpga,fpn,0.13753587007522583,0.0,global_ddp_mean,2,0.0,1.3623696565628052,1.3623696565628052,0.0,0.0,0.0,0.0,0.0,0.0,0.0,0.0,0.0,0.0,0.0,0.0,0.0,1.0,1.0,0.0,0,0,0,0,0,0,0,0.0,0.0,0.2,0.0
27,1200,0,dpga,rpn,0.13753587007522583,0.0,global_ddp_mean,2,0.0,1.1605455875396729,1.1605455875396729,0.0,0.0,0.0,0.0,0.0,0.0,0.0,0.0,0.0,0.0,0.0,0.0,0.0,1.0,1.0,0.0,0,0,0,0,0,0,0,0.0,0.0,0.2,0.0
27,1200,0,dpga,roi_shared,0.13753587007522583,0.0,global_ddp_mean,2,0.0,2.49440860748291,2.49440860748291,0.0,0.0,0.0,0.0,0.0,0.0,0.0,0.0,0.0,0.0,0.0,0.0,0.0,1.0,1.0,0.0,0,0,0,0,0,0,0,0.0,0.0,0.2,0.0
27,1200,0,dpga,roi_cls,0.13753587007522583,0.0,global_ddp_mean,2,0.0,1.9201602935791016,1.9201602935791016,0.0,0.0,0.0,0.0,0.0,0.0,0.0,0.0,0.0,0.0,0.0,0.0,0.0,1.0,1.0,0.0,0,0,0,0,0,0,0,0.0,0.0,0.2,0.0
27,1200,0,dpga,roi_reg,0.13753587007522583,0.0,global_ddp_mean,2,0.0,0.8488133549690247,0.8488133549690247,0.0,0.0,0.0,0.0,0.0,0.0,0.0,0.0,0.0,0.0,0.0,0.0,0.0,1.0,1.0,0.0,0,0,0,0,0,0,0,0.0,0.0,0.2,0.0
27,1300,0,dpga,backbone,0.8450674414634705,-0.0,global_ddp_mean,2,0.0,37.86931228637695,37.86931228637695,0.0,0.0,0.0,0.0,0.0,0.0,0.0,0.0,0.0,0.0,0.0,0.0,0.0,1.0,1.0,0.0,0,0,0,0,0,0,0,0.0,0.0,0.2,0.0
27,1300,0,dpga,fpn,0.8450674414634705,-0.0,global_ddp_mean,2,0.0,4.9268693923950195,4.9268693923950195,0.0,0.0,0.0,0.0,0.0,0.0,0.0,0.0,0.0,0.0,0.0,0.0,0.0,1.0,1.0,0.0,0,0,0,0,0,0,0,0.0,0.0,0.2,0.0
27,1300,0,dpga,rpn,0.8450674414634705,-0.0,global_ddp_mean,2,0.0,3.3433525562286377,3.3433525562286377,0.0,0.0,0.0,0.0,0.0,0.0,0.0,0.0,0.0,0.0,0.0,0.0,0.0,1.0,1.0,0.0,0,0,0,0,0,0,0,0.0,0.0,0.2,0.0
27,1300,0,dpga,roi_shared,0.8450674414634705,-0.0,global_ddp_mean,2,0.0,10.200087547302246,10.200087547302246,0.0,0.0,0.0,0.0,0.0,0.0,0.0,0.0,0.0,0.0,0.0,0.0,0.0,1.0,1.0,0.0,0,0,0,0,0,0,0,0.0,0.0,0.2,0.0
27,1300,0,dpga,roi_cls,0.8450674414634705,-0.0,global_ddp_mean,2,0.0,9.072566032409668,9.072566032409668,0.0,0.0,0.0,0.0,0.0,0.0,0.0,0.0,0.0,0.0,0.0,0.0,0.0,1.0,1.0,0.0,0,0,0,0,0,0,0,0.0,0.0,0.2,0.0
27,1300,0,dpga,roi_reg,0.8450674414634705,-0.0,global_ddp_mean,2,0.0,4.8999834060668945,4.8999834060668945,0.0,0.0,0.0,0.0,0.0,0.0,0.0,0.0,0.0,0.0,0.0,0.0,0.0,1.0,1.0,0.0,0,0,0,0,0,0,0,0.0,0.0,0.2,0.0
27,1400,0,dpga,backbone,0.009011378511786461,0.0,global_ddp_mean,2,0.0,4.410996437072754,4.410996437072754,0.0,0.0,0.0,0.0,0.0,0.0,0.0,0.0,0.0,0.0,0.0,0.0,0.0,1.0,1.0,0.0,0,0,0,0,0,0,0,0.0,0.0,0.2,0.0
27,1400,0,dpga,fpn,0.009011378511786461,0.0,global_ddp_mean,2,0.0,0.761045515537262,0.761045515537262,0.0,0.0,0.0,0.0,0.0,0.0,0.0,0.0,0.0,0.0,0.0,0.0,0.0,1.0,1.0,0.0,0,0,0,0,0,0,0,0.0,0.0,0.2,0.0
27,1400,0,dpga,rpn,0.009011378511786461,0.0,global_ddp_mean,2,0.0,0.8674585819244385,0.8674585819244385,0.0,0.0,0.0,0.0,0.0,0.0,0.0,0.0,0.0,0.0,0.0,0.0,0.0,1.0,1.0,0.0,0,0,0,0,0,0,0,0.0,0.0,0.2,0.0
27,1400,0,dpga,roi_shared,0.009011378511786461,0.0,global_ddp_mean,2,0.0,1.345426082611084,1.345426082611084,0.0,0.0,0.0,0.0,0.0,0.0,0.0,0.0,0.0,0.0,0.0,0.0,0.0,1.0,1.0,0.0,0,0,0,0,0,0,0,0.0,0.0,0.2,0.0
27,1400,0,dpga,roi_cls,0.009011378511786461,0.0,global_ddp_mean,2,0.0,1.2007418870925903,1.2007418870925903,0.0,0.0,0.0,0.0,0.0,0.0,0.0,0.0,0.0,0.0,0.0,0.0,0.0,1.0,1.0,0.0,0,0,0,0,0,0,0,0.0,0.0,0.2,0.0
27,1400,0,dpga,roi_reg,0.009011378511786461,0.0,global_ddp_mean,2,0.0,0.0,0.0,0.0,0.0,0.0,0.0,0.0,0.0,0.0,0.0,0.0,0.0,0.0,0.0,0.0,0.0,0.0,90.0,0,0,0,0,0,0,0,0.0,0.0,0.2,0.0
28,0,0,dpga,backbone,0.167770653963089,-0.0,global_ddp_mean,2,0.0,55.323333740234375,55.323333740234375,0.0,0.0,0.0,0.0,0.0,0.0,0.0,0.0,0.0,0.0,0.0,0.0,0.0,1.0,1.0,0.0,0,0,0,0,0,0,0,0.0,0.0,0.2,0.0
28,0,0,dpga,fpn,0.167770653963089,-0.0,global_ddp_mean,2,0.0,4.647885799407959,4.647885799407959,0.0,0.0,0.0,0.0,0.0,0.0,0.0,0.0,0.0,0.0,0.0,0.0,0.0,1.0,1.0,0.0,0,0,0,0,0,0,0,0.0,0.0,0.2,0.0
28,0,0,dpga,rpn,0.167770653963089,-0.0,global_ddp_mean,2,0.0,6.55222749710083,6.55222749710083,0.0,0.0,0.0,0.0,0.0,0.0,0.0,0.0,0.0,0.0,0.0,0.0,0.0,1.0,1.0,0.0,0,0,0,0,0,0,0,0.0,0.0,0.2,0.0
28,0,0,dpga,roi_shared,0.167770653963089,-0.0,global_ddp_mean,2,0.0,9.421102523803711,9.421102523803711,0.0,0.0,0.0,0.0,0.0,0.0,0.0,0.0,0.0,0.0,0.0,0.0,0.0,1.0,1.0,0.0,0,0,0,0,0,0,0,0.0,0.0,0.2,0.0
28,0,0,dpga,roi_cls,0.167770653963089,-0.0,global_ddp_mean,2,0.0,10.399600982666016,10.399600982666016,0.0,0.0,0.0,0.0,0.0,0.0,0.0,0.0,0.0,0.0,0.0,0.0,0.0,1.0,1.0,0.0,0,0,0,0,0,0,0,0.0,0.0,0.2,0.0
28,0,0,dpga,roi_reg,0.167770653963089,-0.0,global_ddp_mean,2,0.0,2.001539945602417,2.001539945602417,0.0,0.0,0.0,0.0,0.0,0.0,0.0,0.0,0.0,0.0,0.0,0.0,0.0,1.0,1.0,0.0,0,0,0,0,0,0,0,0.0,0.0,0.2,0.0
28,100,0,dpga,backbone,0.007426012307405472,0.0,global_ddp_mean,2,-0.32998785376548767,10.085517883300781,10.085517883300781,1.976646901713508e-10,1.976646901713508e-10,1.8658109779412513e-10,1.8658109779412513e-10,3.731622011488003e-11,1.8658109779412513e-10,1.959886368340455e-11,1.8499902528858638e-11,1.8499902528858638e-11,3.6999805609057334e-12,3.6999805609057334e-12,-2.897690673459226e-19,-2.897690673459226e-19,1.0,1.0,0.0,1,0,0,0,0,1,0,1.0,1.0,0.2,0.20000000298023224
28,100,0,dpga,fpn,0.007426012307405472,0.0,global_ddp_mean,2,-0.5101330280303955,1.2009838819503784,1.2009838819503784,4.9481765906911335e-11,4.9481765906911335e-11,4.230422609441398e-11,4.230422609441398e-11,8.460845344959214e-12,4.230422609441398e-11,4.1201024135772534e-11,3.5224641004933886e-11,3.5224641004933886e-11,7.044928305964388e-12,7.044928305964388e-12,-6.051911153206281e-19,-6.051911153206281e-19,1.0,1.0,0.0,1,0,0,0,0,1,0,1.0,1.0,0.2,0.20000000298023224
28,100,0,dpga,rpn,0.007426012307405472,0.0,global_ddp_mean,2,0.0,1.8782883882522583,1.8782883882522583,0.0,0.0,0.0,0.0,0.0,0.0,0.0,0.0,0.0,0.0,0.0,0.0,0.0,1.0,1.0,0.0,0,0,0,0,0,0,0,0.0,0.0,0.2,0.0
28,100,0,dpga,roi_shared,0.007426012307405472,0.0,global_ddp_mean,2,-0.5107394456863403,2.482839822769165,2.482839822769165,1.0109873355146348e-10,1.0109873355146348e-10,8.679563318070294e-11,8.679563318070294e-11,1.735912689481173e-11,8.679563318070294e-11,4.0718991464663186e-11,3.495820889641519e-11,3.495820889641519e-11,6.991641883466619e-12,6.991641883466619e-12,1.378961537204877e-19,1.378961537204877e-19,1.0,1.0,0.0,1,0,0,0,0,1,0,1.0,1.0,0.2,0.20000000298023224
28,100,0,dpga,roi_cls,0.007426012307405472,0.0,global_ddp_mean,2,0.0,1.003258228302002,1.003258228302002,0.0,0.0,0.0,0.0,0.0,0.0,0.0,0.0,0.0,0.0,0.0,0.0,0.0,1.0,1.0,0.0,0,0,0,0,0,0,0,0.0,0.0,0.2,0.0
28,100,0,dpga,roi_reg,0.007426012307405472,0.0,global_ddp_mean,2,-0.6119920611381531,3.7415196895599365,3.7415196895599365,2.2887693129636233e-10,2.2887693129636233e-10,1.8088380793201964e-10,1.8088380793201964e-10,3.617676212547968e-11,1.8088380793201964e-10,6.117218410877372e-11,4.8345010300692685e-11,4.8345010300692685e-11,9.669002204217895e-12,9.669002204217895e-12,4.429753377957681e-19,4.429753377957681e-19,1.0,1.0,0.0,1,0,0,0,0,1,0,1.0,1.0,0.2,0.20000000298023224
28,200,0,dpga,backbone,0.09719964861869812,-0.0,global_ddp_mean,2,0.0,12.290871620178223,12.290871620178223,0.0,0.0,0.0,0.0,0.0,0.0,0.0,0.0,0.0,0.0,0.0,0.0,0.0,1.0,1.0,0.0,0,0,0,0,0,0,0,0.0,0.0,0.2,0.0
28,200,0,dpga,fpn,0.09719964861869812,-0.0,global_ddp_mean,2,0.0,1.321293830871582,1.321293830871582,0.0,0.0,0.0,0.0,0.0,0.0,0.0,0.0,0.0,0.0,0.0,0.0,0.0,1.0,1.0,0.0,0,0,0,0,0,0,0,0.0,0.0,0.2,0.0
28,200,0,dpga,rpn,0.09719964861869812,-0.0,global_ddp_mean,2,0.0,3.001150369644165,3.001150369644165,0.0,0.0,0.0,0.0,0.0,0.0,0.0,0.0,0.0,0.0,0.0,0.0,0.0,1.0,1.0,0.0,0,0,0,0,0,0,0,0.0,0.0,0.2,0.0
28,200,0,dpga,roi_shared,0.09719964861869812,-0.0,global_ddp_mean,2,0.0,2.0630977153778076,2.0630977153778076,0.0,0.0,0.0,0.0,0.0,0.0,0.0,0.0,0.0,0.0,0.0,0.0,0.0,1.0,1.0,0.0,0,0,0,0,0,0,0,0.0,0.0,0.2,0.0
28,200,0,dpga,roi_cls,0.09719964861869812,-0.0,global_ddp_mean,2,0.0,1.1757216453552246,1.1757216453552246,0.0,0.0,0.0,0.0,0.0,0.0,0.0,0.0,0.0,0.0,0.0,0.0,0.0,1.0,1.0,0.0,0,0,0,0,0,0,0,0.0,0.0,0.2,0.0
28,200,0,dpga,roi_reg,0.09719964861869812,-0.0,global_ddp_mean,2,0.0,2.186544895172119,2.186544895172119,0.0,0.0,0.0,0.0,0.0,0.0,0.0,0.0,0.0,0.0,0.0,0.0,0.0,1.0,1.0,0.0,0,0,0,0,0,0,0,0.0,0.0,0.2,0.0
28,300,0,dpga,backbone,0.11844050884246826,0.0,global_ddp_mean,2,0.0,11.489538192749023,11.489538192749023,0.0,0.0,0.0,0.0,0.0,0.0,0.0,0.0,0.0,0.0,0.0,0.0,0.0,1.0,1.0,0.0,0,0,0,0,0,0,0,0.0,0.0,0.2,0.0
28,300,0,dpga,fpn,0.11844050884246826,0.0,global_ddp_mean,2,0.0,1.7445482015609741,1.7445482015609741,0.0,0.0,0.0,0.0,0.0,0.0,0.0,0.0,0.0,0.0,0.0,0.0,0.0,1.0,1.0,0.0,0,0,0,0,0,0,0,0.0,0.0,0.2,0.0
28,300,0,dpga,rpn,0.11844050884246826,0.0,global_ddp_mean,2,0.0,2.395683526992798,2.395683526992798,0.0,0.0,0.0,0.0,0.0,0.0,0.0,0.0,0.0,0.0,0.0,0.0,0.0,1.0,1.0,0.0,0,0,0,0,0,0,0,0.0,0.0,0.2,0.0
28,300,0,dpga,roi_shared,0.11844050884246826,0.0,global_ddp_mean,2,0.0,3.0564136505126953,3.0564136505126953,0.0,0.0,0.0,0.0,0.0,0.0,0.0,0.0,0.0,0.0,0.0,0.0,0.0,1.0,1.0,0.0,0,0,0,0,0,0,0,0.0,0.0,0.2,0.0
28,300,0,dpga,roi_cls,0.11844050884246826,0.0,global_ddp_mean,2,0.0,1.6148055791854858,1.6148055791854858,0.0,0.0,0.0,0.0,0.0,0.0,0.0,0.0,0.0,0.0,0.0,0.0,0.0,1.0,1.0,0.0,0,0,0,0,0,0,0,0.0,0.0,0.2,0.0
28,300,0,dpga,roi_reg,0.11844050884246826,0.0,global_ddp_mean,2,0.0,1.6520711183547974,1.6520711183547974,0.0,0.0,0.0,0.0,0.0,0.0,0.0,0.0,0.0,0.0,0.0,0.0,0.0,1.0,1.0,0.0,0,0,0,0,0,0,0,0.0,0.0,0.2,0.0
28,400,0,dpga,backbone,0.1556844860315323,0.0,global_ddp_mean,2,0.0,7.197800636291504,7.197800636291504,0.0,0.0,0.0,0.0,0.0,0.0,0.0,0.0,0.0,0.0,0.0,0.0,0.0,1.0,1.0,0.0,0,0,0,0,0,0,0,0.0,0.0,0.2,0.0
28,400,0,dpga,fpn,0.1556844860315323,0.0,global_ddp_mean,2,0.0,1.174312710762024,1.174312710762024,0.0,0.0,0.0,0.0,0.0,0.0,0.0,0.0,0.0,0.0,0.0,0.0,0.0,1.0,1.0,0.0,0,0,0,0,0,0,0,0.0,0.0,0.2,0.0
28,400,0,dpga,rpn,0.1556844860315323,0.0,global_ddp_mean,2,0.0,1.899758219718933,1.899758219718933,0.0,0.0,0.0,0.0,0.0,0.0,0.0,0.0,0.0,0.0,0.0,0.0,0.0,1.0,1.0,0.0,0,0,0,0,0,0,0,0.0,0.0,0.2,0.0
28,400,0,dpga,roi_shared,0.1556844860315323,0.0,global_ddp_mean,2,0.0,2.7201640605926514,2.7201640605926514,0.0,0.0,0.0,0.0,0.0,0.0,0.0,0.0,0.0,0.0,0.0,0.0,0.0,1.0,1.0,0.0,0,0,0,0,0,0,0,0.0,0.0,0.2,0.0
28,400,0,dpga,roi_cls,0.1556844860315323,0.0,global_ddp_mean,2,0.0,2.4609463214874268,2.4609463214874268,0.0,0.0,0.0,0.0,0.0,0.0,0.0,0.0,0.0,0.0,0.0,0.0,0.0,1.0,1.0,0.0,0,0,0,0,0,0,0,0.0,0.0,0.2,0.0
28,400,0,dpga,roi_reg,0.1556844860315323,0.0,global_ddp_mean,2,0.0,1.8260180950164795,1.8260180950164795,0.0,0.0,0.0,0.0,0.0,0.0,0.0,0.0,0.0,0.0,0.0,0.0,0.0,1.0,1.0,0.0,0,0,0,0,0,0,0,0.0,0.0,0.2,0.0
28,500,0,dpga,backbone,1.1609795093536377,0.0,global_ddp_mean,2,0.0,67.07569122314453,67.07569122314453,0.0,0.0,0.0,0.0,0.0,0.0,0.0,0.0,0.0,0.0,0.0,0.0,0.0,1.0,1.0,0.0,0,0,0,0,0,0,0,0.0,0.0,0.2,0.0
28,500,0,dpga,fpn,1.1609795093536377,0.0,global_ddp_mean,2,0.0,6.873894214630127,6.873894214630127,0.0,0.0,0.0,0.0,0.0,0.0,0.0,0.0,0.0,0.0,0.0,0.0,0.0,1.0,1.0,0.0,0,0,0,0,0,0,0,0.0,0.0,0.2,0.0
28,500,0,dpga,rpn,1.1609795093536377,0.0,global_ddp_mean,2,0.0,10.001005172729492,10.001005172729492,0.0,0.0,0.0,0.0,0.0,0.0,0.0,0.0,0.0,0.0,0.0,0.0,0.0,1.0,1.0,0.0,0,0,0,0,0,0,0,0.0,0.0,0.2,0.0
28,500,0,dpga,roi_shared,1.1609795093536377,0.0,global_ddp_mean,2,0.0,10.275954246520996,10.275954246520996,0.0,0.0,0.0,0.0,0.0,0.0,0.0,0.0,0.0,0.0,0.0,0.0,0.0,1.0,1.0,0.0,0,0,0,0,0,0,0,0.0,0.0,0.2,0.0
28,500,0,dpga,roi_cls,1.1609795093536377,0.0,global_ddp_mean,2,0.0,7.403972625732422,7.403972625732422,0.0,0.0,0.0,0.0,0.0,0.0,0.0,0.0,0.0,0.0,0.0,0.0,0.0,1.0,1.0,0.0,0,0,0,0,0,0,0,0.0,0.0,0.2,0.0
28,500,0,dpga,roi_reg,1.1609795093536377,0.0,global_ddp_mean,2,0.0,3.813973903656006,3.813973903656006,0.0,0.0,0.0,0.0,0.0,0.0,0.0,0.0,0.0,0.0,0.0,0.0,0.0,1.0,1.0,0.0,0,0,0,0,0,0,0,0.0,0.0,0.2,0.0
28,600,0,dpga,backbone,0.3579195737838745,0.0,global_ddp_mean,2,0.0,10.150577545166016,10.150577545166016,0.0,0.0,0.0,0.0,0.0,0.0,0.0,0.0,0.0,0.0,0.0,0.0,0.0,1.0,1.0,0.0,0,0,0,0,0,0,0,0.0,0.0,0.2,0.0
28,600,0,dpga,fpn,0.3579195737838745,0.0,global_ddp_mean,2,0.0,1.8940043449401855,1.8940043449401855,0.0,0.0,0.0,0.0,0.0,0.0,0.0,0.0,0.0,0.0,0.0,0.0,0.0,1.0,1.0,0.0,0,0,0,0,0,0,0,0.0,0.0,0.2,0.0
28,600,0,dpga,rpn,0.3579195737838745,0.0,global_ddp_mean,2,0.0,1.7892848253250122,1.7892848253250122,0.0,0.0,0.0,0.0,0.0,0.0,0.0,0.0,0.0,0.0,0.0,0.0,0.0,1.0,1.0,0.0,0,0,0,0,0,0,0,0.0,0.0,0.2,0.0
28,600,0,dpga,roi_shared,0.3579195737838745,0.0,global_ddp_mean,2,0.0,3.701503038406372,3.701503038406372,0.0,0.0,0.0,0.0,0.0,0.0,0.0,0.0,0.0,0.0,0.0,0.0,0.0,1.0,1.0,0.0,0,0,0,0,0,0,0,0.0,0.0,0.2,0.0
28,600,0,dpga,roi_cls,0.3579195737838745,0.0,global_ddp_mean,2,0.0,1.7410203218460083,1.7410203218460083,0.0,0.0,0.0,0.0,0.0,0.0,0.0,0.0,0.0,0.0,0.0,0.0,0.0,1.0,1.0,0.0,0,0,0,0,0,0,0,0.0,0.0,0.2,0.0
28,600,0,dpga,roi_reg,0.3579195737838745,0.0,global_ddp_mean,2,0.0,3.270068883895874,3.270068883895874,0.0,0.0,0.0,0.0,0.0,0.0,0.0,0.0,0.0,0.0,0.0,0.0,0.0,1.0,1.0,0.0,0,0,0,0,0,0,0,0.0,0.0,0.2,0.0
28,700,0,dpga,backbone,0.15649589896202087,0.0,global_ddp_mean,2,0.0,8.856278419494629,8.856278419494629,0.0,0.0,0.0,0.0,0.0,0.0,0.0,0.0,0.0,0.0,0.0,0.0,0.0,1.0,1.0,0.0,0,0,0,0,0,0,0,0.0,0.0,0.2,0.0
28,700,0,dpga,fpn,0.15649589896202087,0.0,global_ddp_mean,2,0.0,1.8890955448150635,1.8890955448150635,0.0,0.0,0.0,0.0,0.0,0.0,0.0,0.0,0.0,0.0,0.0,0.0,0.0,1.0,1.0,0.0,0,0,0,0,0,0,0,0.0,0.0,0.2,0.0
28,700,0,dpga,rpn,0.15649589896202087,0.0,global_ddp_mean,2,0.0,1.0265884399414062,1.0265884399414062,0.0,0.0,0.0,0.0,0.0,0.0,0.0,0.0,0.0,0.0,0.0,0.0,0.0,1.0,1.0,0.0,0,0,0,0,0,0,0,0.0,0.0,0.2,0.0
28,700,0,dpga,roi_shared,0.15649589896202087,0.0,global_ddp_mean,2,0.0,4.125607013702393,4.125607013702393,0.0,0.0,0.0,0.0,0.0,0.0,0.0,0.0,0.0,0.0,0.0,0.0,0.0,1.0,1.0,0.0,0,0,0,0,0,0,0,0.0,0.0,0.2,0.0
28,700,0,dpga,roi_cls,0.15649589896202087,0.0,global_ddp_mean,2,0.0,3.51798152923584,3.51798152923584,0.0,0.0,0.0,0.0,0.0,0.0,0.0,0.0,0.0,0.0,0.0,0.0,0.0,1.0,1.0,0.0,0,0,0,0,0,0,0,0.0,0.0,0.2,0.0
28,700,0,dpga,roi_reg,0.15649589896202087,0.0,global_ddp_mean,2,0.0,1.1138559579849243,1.1138559579849243,0.0,0.0,0.0,0.0,0.0,0.0,0.0,0.0,0.0,0.0,0.0,0.0,0.0,1.0,1.0,0.0,0,0,0,0,0,0,0,0.0,0.0,0.2,0.0
28,800,0,dpga,backbone,0.23444925248622894,0.0,global_ddp_mean,2,0.0,43.923606872558594,43.923606872558594,0.0,0.0,0.0,0.0,0.0,0.0,0.0,0.0,0.0,0.0,0.0,0.0,0.0,1.0,1.0,0.0,0,0,0,0,0,0,0,0.0,0.0,0.2,0.0
28,800,0,dpga,fpn,0.23444925248622894,0.0,global_ddp_mean,2,0.0,10.284249305725098,10.284249305725098,0.0,0.0,0.0,0.0,0.0,0.0,0.0,0.0,0.0,0.0,0.0,0.0,0.0,1.0,1.0,0.0,0,0,0,0,0,0,0,0.0,0.0,0.2,0.0
28,800,0,dpga,rpn,0.23444925248622894,0.0,global_ddp_mean,2,0.0,4.537050724029541,4.537050724029541,0.0,0.0,0.0,0.0,0.0,0.0,0.0,0.0,0.0,0.0,0.0,0.0,0.0,1.0,1.0,0.0,0,0,0,0,0,0,0,0.0,0.0,0.2,0.0
28,800,0,dpga,roi_shared,0.23444925248622894,0.0,global_ddp_mean,2,0.0,21.22231674194336,21.22231674194336,0.0,0.0,0.0,0.0,0.0,0.0,0.0,0.0,0.0,0.0,0.0,0.0,0.0,1.0,1.0,0.0,0,0,0,0,0,0,0,0.0,0.0,0.2,0.0
28,800,0,dpga,roi_cls,0.23444925248622894,0.0,global_ddp_mean,2,0.0,18.981307983398438,18.981307983398438,0.0,0.0,0.0,0.0,0.0,0.0,0.0,0.0,0.0,0.0,0.0,0.0,0.0,1.0,1.0,0.0,0,0,0,0,0,0,0,0.0,0.0,0.2,0.0
28,800,0,dpga,roi_reg,0.23444925248622894,0.0,global_ddp_mean,2,0.0,3.576622247695923,3.576622247695923,0.0,0.0,0.0,0.0,0.0,0.0,0.0,0.0,0.0,0.0,0.0,0.0,0.0,1.0,1.0,0.0,0,0,0,0,0,0,0,0.0,0.0,0.2,0.0
28,900,0,dpga,backbone,0.18984746932983398,-0.0,global_ddp_mean,2,0.0,6.451344966888428,6.451344966888428,0.0,0.0,0.0,0.0,0.0,0.0,0.0,0.0,0.0,0.0,0.0,0.0,0.0,1.0,1.0,0.0,0,0,0,0,0,0,0,0.0,0.0,0.2,0.0
28,900,0,dpga,fpn,0.18984746932983398,-0.0,global_ddp_mean,2,0.0,1.2924917936325073,1.2924917936325073,0.0,0.0,0.0,0.0,0.0,0.0,0.0,0.0,0.0,0.0,0.0,0.0,0.0,1.0,1.0,0.0,0,0,0,0,0,0,0,0.0,0.0,0.2,0.0
28,900,0,dpga,rpn,0.18984746932983398,-0.0,global_ddp_mean,2,0.0,1.0822855234146118,1.0822855234146118,0.0,0.0,0.0,0.0,0.0,0.0,0.0,0.0,0.0,0.0,0.0,0.0,0.0,1.0,1.0,0.0,0,0,0,0,0,0,0,0.0,0.0,0.2,0.0
28,900,0,dpga,roi_shared,0.18984746932983398,-0.0,global_ddp_mean,2,0.0,2.583799123764038,2.583799123764038,0.0,0.0,0.0,0.0,0.0,0.0,0.0,0.0,0.0,0.0,0.0,0.0,0.0,1.0,1.0,0.0,0,0,0,0,0,0,0,0.0,0.0,0.2,0.0
28,900,0,dpga,roi_cls,0.18984746932983398,-0.0,global_ddp_mean,2,0.0,1.418870449066162,1.418870449066162,0.0,0.0,0.0,0.0,0.0,0.0,0.0,0.0,0.0,0.0,0.0,0.0,0.0,1.0,1.0,0.0,0,0,0,0,0,0,0,0.0,0.0,0.2,0.0
28,900,0,dpga,roi_reg,0.18984746932983398,-0.0,global_ddp_mean,2,0.0,2.651869535446167,2.651869535446167,0.0,0.0,0.0,0.0,0.0,0.0,0.0,0.0,0.0,0.0,0.0,0.0,0.0,1.0,1.0,0.0,0,0,0,0,0,0,0,0.0,0.0,0.2,0.0
28,1000,0,dpga,backbone,0.4173319339752197,0.0,global_ddp_mean,2,0.0,9.081644058227539,9.081644058227539,0.0,0.0,0.0,0.0,0.0,0.0,0.0,0.0,0.0,0.0,0.0,0.0,0.0,1.0,1.0,0.0,0,0,0,0,0,0,0,0.0,0.0,0.2,0.0
28,1000,0,dpga,fpn,0.4173319339752197,0.0,global_ddp_mean,2,0.0,1.7369314432144165,1.7369314432144165,0.0,0.0,0.0,0.0,0.0,0.0,0.0,0.0,0.0,0.0,0.0,0.0,0.0,1.0,1.0,0.0,0,0,0,0,0,0,0,0.0,0.0,0.2,0.0
28,1000,0,dpga,rpn,0.4173319339752197,0.0,global_ddp_mean,2,0.0,2.5919368267059326,2.5919368267059326,0.0,0.0,0.0,0.0,0.0,0.0,0.0,0.0,0.0,0.0,0.0,0.0,0.0,1.0,1.0,0.0,0,0,0,0,0,0,0,0.0,0.0,0.2,0.0
28,1000,0,dpga,roi_shared,0.4173319339752197,0.0,global_ddp_mean,2,0.0,3.1074888706207275,3.1074888706207275,0.0,0.0,0.0,0.0,0.0,0.0,0.0,0.0,0.0,0.0,0.0,0.0,0.0,1.0,1.0,0.0,0,0,0,0,0,0,0,0.0,0.0,0.2,0.0
28,1000,0,dpga,roi_cls,0.4173319339752197,0.0,global_ddp_mean,2,0.0,1.4416414499282837,1.4416414499282837,0.0,0.0,0.0,0.0,0.0,0.0,0.0,0.0,0.0,0.0,0.0,0.0,0.0,1.0,1.0,0.0,0,0,0,0,0,0,0,0.0,0.0,0.2,0.0
28,1000,0,dpga,roi_reg,0.4173319339752197,0.0,global_ddp_mean,2,0.0,4.165778636932373,4.165778636932373,0.0,0.0,0.0,0.0,0.0,0.0,0.0,0.0,0.0,0.0,0.0,0.0,0.0,1.0,1.0,0.0,0,0,0,0,0,0,0,0.0,0.0,0.2,0.0
28,1100,0,dpga,backbone,0.0062933252193033695,0.0,global_ddp_mean,2,0.0,60.628780364990234,60.628780364990234,0.0,0.0,0.0,0.0,0.0,0.0,0.0,0.0,0.0,0.0,0.0,0.0,0.0,1.0,1.0,0.0,0,0,0,0,0,0,0,0.0,0.0,0.2,0.0
28,1100,0,dpga,fpn,0.0062933252193033695,0.0,global_ddp_mean,2,0.0,6.755264759063721,6.755264759063721,0.0,0.0,0.0,0.0,0.0,0.0,0.0,0.0,0.0,0.0,0.0,0.0,0.0,1.0,1.0,0.0,0,0,0,0,0,0,0,0.0,0.0,0.2,0.0
28,1100,0,dpga,rpn,0.0062933252193033695,0.0,global_ddp_mean,2,0.0,7.606853485107422,7.606853485107422,0.0,0.0,0.0,0.0,0.0,0.0,0.0,0.0,0.0,0.0,0.0,0.0,0.0,1.0,1.0,0.0,0,0,0,0,0,0,0,0.0,0.0,0.2,0.0
28,1100,0,dpga,roi_shared,0.0062933252193033695,0.0,global_ddp_mean,2,0.0,11.505624771118164,11.505624771118164,0.0,0.0,0.0,0.0,0.0,0.0,0.0,0.0,0.0,0.0,0.0,0.0,0.0,1.0,1.0,0.0,0,0,0,0,0,0,0,0.0,0.0,0.2,0.0
28,1100,0,dpga,roi_cls,0.0062933252193033695,0.0,global_ddp_mean,2,0.0,9.671916961669922,9.671916961669922,0.0,0.0,0.0,0.0,0.0,0.0,0.0,0.0,0.0,0.0,0.0,0.0,0.0,1.0,1.0,0.0,0,0,0,0,0,0,0,0.0,0.0,0.2,0.0
28,1100,0,dpga,roi_reg,0.0062933252193033695,0.0,global_ddp_mean,2,0.0,2.0525546073913574,2.0525546073913574,0.0,0.0,0.0,0.0,0.0,0.0,0.0,0.0,0.0,0.0,0.0,0.0,0.0,1.0,1.0,0.0,0,0,0,0,0,0,0,0.0,0.0,0.2,0.0
28,1200,0,dpga,backbone,0.01872098445892334,-0.0,global_ddp_mean,2,0.0,19.333965301513672,19.333965301513672,0.0,0.0,0.0,0.0,0.0,0.0,0.0,0.0,0.0,0.0,0.0,0.0,0.0,1.0,1.0,0.0,0,0,0,0,0,0,0,0.0,0.0,0.2,0.0
28,1200,0,dpga,fpn,0.01872098445892334,-0.0,global_ddp_mean,2,0.0,4.589468955993652,4.589468955993652,0.0,0.0,0.0,0.0,0.0,0.0,0.0,0.0,0.0,0.0,0.0,0.0,0.0,1.0,1.0,0.0,0,0,0,0,0,0,0,0.0,0.0,0.2,0.0
28,1200,0,dpga,rpn,0.01872098445892334,-0.0,global_ddp_mean,2,0.0,3.84236741065979,3.84236741065979,0.0,0.0,0.0,0.0,0.0,0.0,0.0,0.0,0.0,0.0,0.0,0.0,0.0,1.0,1.0,0.0,0,0,0,0,0,0,0,0.0,0.0,0.2,0.0
28,1200,0,dpga,roi_shared,0.01872098445892334,-0.0,global_ddp_mean,2,0.0,8.56896686553955,8.56896686553955,0.0,0.0,0.0,0.0,0.0,0.0,0.0,0.0,0.0,0.0,0.0,0.0,0.0,1.0,1.0,0.0,0,0,0,0,0,0,0,0.0,0.0,0.2,0.0
28,1200,0,dpga,roi_cls,0.01872098445892334,-0.0,global_ddp_mean,2,0.0,5.392735481262207,5.392735481262207,0.0,0.0,0.0,0.0,0.0,0.0,0.0,0.0,0.0,0.0,0.0,0.0,0.0,1.0,1.0,0.0,0,0,0,0,0,0,0,0.0,0.0,0.2,0.0
28,1200,0,dpga,roi_reg,0.01872098445892334,-0.0,global_ddp_mean,2,0.0,7.122984409332275,7.122984409332275,0.0,0.0,0.0,0.0,0.0,0.0,0.0,0.0,0.0,0.0,0.0,0.0,0.0,1.0,1.0,0.0,0,0,0,0,0,0,0,0.0,0.0,0.2,0.0
28,1300,0,dpga,backbone,0.007565188687294722,0.0,global_ddp_mean,2,0.0,36.622100830078125,36.622100830078125,0.0,0.0,0.0,0.0,0.0,0.0,0.0,0.0,0.0,0.0,0.0,0.0,0.0,1.0,1.0,0.0,0,0,0,0,0,0,0,0.0,0.0,0.2,0.0
28,1300,0,dpga,fpn,0.007565188687294722,0.0,global_ddp_mean,2,0.0,7.658825397491455,7.658825397491455,0.0,0.0,0.0,0.0,0.0,0.0,0.0,0.0,0.0,0.0,0.0,0.0,0.0,1.0,1.0,0.0,0,0,0,0,0,0,0,0.0,0.0,0.2,0.0
28,1300,0,dpga,rpn,0.007565188687294722,0.0,global_ddp_mean,2,0.0,2.9059395790100098,2.9059395790100098,0.0,0.0,0.0,0.0,0.0,0.0,0.0,0.0,0.0,0.0,0.0,0.0,0.0,1.0,1.0,0.0,0,0,0,0,0,0,0,0.0,0.0,0.2,0.0
28,1300,0,dpga,roi_shared,0.007565188687294722,0.0,global_ddp_mean,2,0.0,15.365221977233887,15.365221977233887,0.0,0.0,0.0,0.0,0.0,0.0,0.0,0.0,0.0,0.0,0.0,0.0,0.0,1.0,1.0,0.0,0,0,0,0,0,0,0,0.0,0.0,0.2,0.0
28,1300,0,dpga,roi_cls,0.007565188687294722,0.0,global_ddp_mean,2,0.0,10.541179656982422,10.541179656982422,0.0,0.0,0.0,0.0,0.0,0.0,0.0,0.0,0.0,0.0,0.0,0.0,0.0,1.0,1.0,0.0,0,0,0,0,0,0,0,0.0,0.0,0.2,0.0
28,1300,0,dpga,roi_reg,0.007565188687294722,0.0,global_ddp_mean,2,0.0,6.628602027893066,6.628602027893066,0.0,0.0,0.0,0.0,0.0,0.0,0.0,0.0,0.0,0.0,0.0,0.0,0.0,1.0,1.0,0.0,0,0,0,0,0,0,0,0.0,0.0,0.2,0.0
28,1400,0,dpga,backbone,0.16896626353263855,-0.0,global_ddp_mean,2,0.0,25.359643936157227,25.359643936157227,0.0,0.0,0.0,0.0,0.0,0.0,0.0,0.0,0.0,0.0,0.0,0.0,0.0,1.0,1.0,0.0,0,0,0,0,0,0,0,0.0,0.0,0.2,0.0
28,1400,0,dpga,fpn,0.16896626353263855,-0.0,global_ddp_mean,2,0.0,5.617668628692627,5.617668628692627,0.0,0.0,0.0,0.0,0.0,0.0,0.0,0.0,0.0,0.0,0.0,0.0,0.0,1.0,1.0,0.0,0,0,0,0,0,0,0,0.0,0.0,0.2,0.0
28,1400,0,dpga,rpn,0.16896626353263855,-0.0,global_ddp_mean,2,0.0,1.486519455909729,1.486519455909729,0.0,0.0,0.0,0.0,0.0,0.0,0.0,0.0,0.0,0.0,0.0,0.0,0.0,1.0,1.0,0.0,0,0,0,0,0,0,0,0.0,0.0,0.2,0.0
28,1400,0,dpga,roi_shared,0.16896626353263855,-0.0,global_ddp_mean,2,0.0,12.508400917053223,12.508400917053223,0.0,0.0,0.0,0.0,0.0,0.0,0.0,0.0,0.0,0.0,0.0,0.0,0.0,1.0,1.0,0.0,0,0,0,0,0,0,0,0.0,0.0,0.2,0.0
28,1400,0,dpga,roi_cls,0.16896626353263855,-0.0,global_ddp_mean,2,0.0,10.927206993103027,10.927206993103027,0.0,0.0,0.0,0.0,0.0,0.0,0.0,0.0,0.0,0.0,0.0,0.0,0.0,1.0,1.0,0.0,0,0,0,0,0,0,0,0.0,0.0,0.2,0.0
28,1400,0,dpga,roi_reg,0.16896626353263855,-0.0,global_ddp_mean,2,0.0,5.47071647644043,5.47071647644043,0.0,0.0,0.0,0.0,0.0,0.0,0.0,0.0,0.0,0.0,0.0,0.0,0.0,1.0,1.0,0.0,0,0,0,0,0,0,0,0.0,0.0,0.2,0.0
29,0,0,dpga,backbone,0.8681690096855164,0.0,global_ddp_mean,2,0.0,36.8570442199707,36.8570442199707,0.0,0.0,0.0,0.0,0.0,0.0,0.0,0.0,0.0,0.0,0.0,0.0,0.0,1.0,1.0,0.0,0,0,0,0,0,0,0,0.0,0.0,0.2,0.0
29,0,0,dpga,fpn,0.8681690096855164,0.0,global_ddp_mean,2,0.0,5.177952766418457,5.177952766418457,0.0,0.0,0.0,0.0,0.0,0.0,0.0,0.0,0.0,0.0,0.0,0.0,0.0,1.0,1.0,0.0,0,0,0,0,0,0,0,0.0,0.0,0.2,0.0
29,0,0,dpga,rpn,0.8681690096855164,0.0,global_ddp_mean,2,0.0,10.301608085632324,10.301608085632324,0.0,0.0,0.0,0.0,0.0,0.0,0.0,0.0,0.0,0.0,0.0,0.0,0.0,1.0,1.0,0.0,0,0,0,0,0,0,0,0.0,0.0,0.2,0.0
29,0,0,dpga,roi_shared,0.8681690096855164,0.0,global_ddp_mean,2,0.0,8.759466171264648,8.759466171264648,0.0,0.0,0.0,0.0,0.0,0.0,0.0,0.0,0.0,0.0,0.0,0.0,0.0,1.0,1.0,0.0,0,0,0,0,0,0,0,0.0,0.0,0.2,0.0
29,0,0,dpga,roi_cls,0.8681690096855164,0.0,global_ddp_mean,2,0.0,4.709829330444336,4.709829330444336,0.0,0.0,0.0,0.0,0.0,0.0,0.0,0.0,0.0,0.0,0.0,0.0,0.0,1.0,1.0,0.0,0,0,0,0,0,0,0,0.0,0.0,0.2,0.0
29,0,0,dpga,roi_reg,0.8681690096855164,0.0,global_ddp_mean,2,0.0,11.216423988342285,11.216423988342285,0.0,0.0,0.0,0.0,0.0,0.0,0.0,0.0,0.0,0.0,0.0,0.0,0.0,1.0,1.0,0.0,0,0,0,0,0,0,0,0.0,0.0,0.2,0.0
29,100,0,dpga,backbone,0.020782185718417168,0.0,global_ddp_mean,2,0.0,7.30889892578125,7.30889892578125,0.0,0.0,0.0,0.0,0.0,0.0,0.0,0.0,0.0,0.0,0.0,0.0,0.0,1.0,1.0,0.0,0,0,0,0,0,0,0,0.0,0.0,0.2,0.0
29,100,0,dpga,fpn,0.020782185718417168,0.0,global_ddp_mean,2,0.0,0.9031504988670349,0.9031504988670349,0.0,0.0,0.0,0.0,0.0,0.0,0.0,0.0,0.0,0.0,0.0,0.0,0.0,1.0,1.0,0.0,0,0,0,0,0,0,0,0.0,0.0,0.2,0.0
29,100,0,dpga,rpn,0.020782185718417168,0.0,global_ddp_mean,2,0.0,1.2755446434020996,1.2755446434020996,0.0,0.0,0.0,0.0,0.0,0.0,0.0,0.0,0.0,0.0,0.0,0.0,0.0,1.0,1.0,0.0,0,0,0,0,0,0,0,0.0,0.0,0.2,0.0
29,100,0,dpga,roi_shared,0.020782185718417168,0.0,global_ddp_mean,2,0.0,1.294063925743103,1.294063925743103,0.0,0.0,0.0,0.0,0.0,0.0,0.0,0.0,0.0,0.0,0.0,0.0,0.0,1.0,1.0,0.0,0,0,0,0,0,0,0,0.0,0.0,0.2,0.0
29,100,0,dpga,roi_cls,0.020782185718417168,0.0,global_ddp_mean,2,0.0,1.360133409500122,1.360133409500122,0.0,0.0,0.0,0.0,0.0,0.0,0.0,0.0,0.0,0.0,0.0,0.0,0.0,1.0,1.0,0.0,0,0,0,0,0,0,0,0.0,0.0,0.2,0.0
29,100,0,dpga,roi_reg,0.020782185718417168,0.0,global_ddp_mean,2,0.0,0.09805663675069809,0.09805663675069809,0.0,0.0,0.0,0.0,0.0,0.0,0.0,0.0,0.0,0.0,0.0,0.0,0.0,1.0,1.0,0.0,0,0,0,0,0,0,0,0.0,0.0,0.2,0.0
29,200,0,dpga,backbone,0.16390275955200195,-0.0,global_ddp_mean,2,0.0,7.726972579956055,7.726972579956055,0.0,0.0,0.0,0.0,0.0,0.0,0.0,0.0,0.0,0.0,0.0,0.0,0.0,1.0,1.0,0.0,0,0,0,0,0,0,0,0.0,0.0,0.2,0.0
29,200,0,dpga,fpn,0.16390275955200195,-0.0,global_ddp_mean,2,0.0,1.3684418201446533,1.3684418201446533,0.0,0.0,0.0,0.0,0.0,0.0,0.0,0.0,0.0,0.0,0.0,0.0,0.0,1.0,1.0,0.0,0,0,0,0,0,0,0,0.0,0.0,0.2,0.0
29,200,0,dpga,rpn,0.16390275955200195,-0.0,global_ddp_mean,2,0.0,1.8244088888168335,1.8244088888168335,0.0,0.0,0.0,0.0,0.0,0.0,0.0,0.0,0.0,0.0,0.0,0.0,0.0,1.0,1.0,0.0,0,0,0,0,0,0,0,0.0,0.0,0.2,0.0
29,200,0,dpga,roi_shared,0.16390275955200195,-0.0,global_ddp_mean,2,0.0,2.8128623962402344,2.8128623962402344,0.0,0.0,0.0,0.0,0.0,0.0,0.0,0.0,0.0,0.0,0.0,0.0,0.0,1.0,1.0,0.0,0,0,0,0,0,0,0,0.0,0.0,0.2,0.0
29,200,0,dpga,roi_cls,0.16390275955200195,-0.0,global_ddp_mean,2,0.0,2.567267417907715,2.567267417907715,0.0,0.0,0.0,0.0,0.0,0.0,0.0,0.0,0.0,0.0,0.0,0.0,0.0,1.0,1.0,0.0,0,0,0,0,0,0,0,0.0,0.0,0.2,0.0
29,200,0,dpga,roi_reg,0.16390275955200195,-0.0,global_ddp_mean,2,0.0,0.46969255805015564,0.46969255805015564,0.0,0.0,0.0,0.0,0.0,0.0,0.0,0.0,0.0,0.0,0.0,0.0,0.0,1.0,1.0,0.0,0,0,0,0,0,0,0,0.0,0.0,0.2,0.0
29,300,0,dpga,backbone,0.3111402988433838,0.0,global_ddp_mean,2,0.0,23.766122817993164,23.766122817993164,0.0,0.0,0.0,0.0,0.0,0.0,0.0,0.0,0.0,0.0,0.0,0.0,0.0,1.0,1.0,0.0,0,0,0,0,0,0,0,0.0,0.0,0.2,0.0
29,300,0,dpga,fpn,0.3111402988433838,0.0,global_ddp_mean,2,0.0,1.5940804481506348,1.5940804481506348,0.0,0.0,0.0,0.0,0.0,0.0,0.0,0.0,0.0,0.0,0.0,0.0,0.0,1.0,1.0,0.0,0,0,0,0,0,0,0,0.0,0.0,0.2,0.0
29,300,0,dpga,rpn,0.3111402988433838,0.0,global_ddp_mean,2,0.0,1.9454562664031982,1.9454562664031982,0.0,0.0,0.0,0.0,0.0,0.0,0.0,0.0,0.0,0.0,0.0,0.0,0.0,1.0,1.0,0.0,0,0,0,0,0,0,0,0.0,0.0,0.2,0.0
29,300,0,dpga,roi_shared,0.3111402988433838,0.0,global_ddp_mean,2,0.0,1.970963478088379,1.970963478088379,0.0,0.0,0.0,0.0,0.0,0.0,0.0,0.0,0.0,0.0,0.0,0.0,0.0,1.0,1.0,0.0,0,0,0,0,0,0,0,0.0,0.0,0.2,0.0
29,300,0,dpga,roi_cls,0.3111402988433838,0.0,global_ddp_mean,2,0.0,1.1928107738494873,1.1928107738494873,0.0,0.0,0.0,0.0,0.0,0.0,0.0,0.0,0.0,0.0,0.0,0.0,0.0,1.0,1.0,0.0,0,0,0,0,0,0,0,0.0,0.0,0.2,0.0
29,300,0,dpga,roi_reg,0.3111402988433838,0.0,global_ddp_mean,2,0.0,0.8185752630233765,0.8185752630233765,0.0,0.0,0.0,0.0,0.0,0.0,0.0,0.0,0.0,0.0,0.0,0.0,0.0,1.0,1.0,0.0,0,0,0,0,0,0,0,0.0,0.0,0.2,0.0
29,400,0,dpga,backbone,0.2680967450141907,0.0,global_ddp_mean,2,0.0,14.467034339904785,14.467034339904785,0.0,0.0,0.0,0.0,0.0,0.0,0.0,0.0,0.0,0.0,0.0,0.0,0.0,1.0,1.0,0.0,0,0,0,0,0,0,0,0.0,0.0,0.2,0.0
29,400,0,dpga,fpn,0.2680967450141907,0.0,global_ddp_mean,2,0.0,2.8391642570495605,2.8391642570495605,0.0,0.0,0.0,0.0,0.0,0.0,0.0,0.0,0.0,0.0,0.0,0.0,0.0,1.0,1.0,0.0,0,0,0,0,0,0,0,0.0,0.0,0.2,0.0
29,400,0,dpga,rpn,0.2680967450141907,0.0,global_ddp_mean,2,0.0,3.747422218322754,3.747422218322754,0.0,0.0,0.0,0.0,0.0,0.0,0.0,0.0,0.0,0.0,0.0,0.0,0.0,1.0,1.0,0.0,0,0,0,0,0,0,0,0.0,0.0,0.2,0.0
29,400,0,dpga,roi_shared,0.2680967450141907,0.0,global_ddp_mean,2,0.0,5.679685592651367,5.679685592651367,0.0,0.0,0.0,0.0,0.0,0.0,0.0,0.0,0.0,0.0,0.0,0.0,0.0,1.0,1.0,0.0,0,0,0,0,0,0,0,0.0,0.0,0.2,0.0
29,400,0,dpga,roi_cls,0.2680967450141907,0.0,global_ddp_mean,2,0.0,2.2175841331481934,2.2175841331481934,0.0,0.0,0.0,0.0,0.0,0.0,0.0,0.0,0.0,0.0,0.0,0.0,0.0,1.0,1.0,0.0,0,0,0,0,0,0,0,0.0,0.0,0.2,0.0
29,400,0,dpga,roi_reg,0.2680967450141907,0.0,global_ddp_mean,2,0.0,6.9826154708862305,6.9826154708862305,0.0,0.0,0.0,0.0,0.0,0.0,0.0,0.0,0.0,0.0,0.0,0.0,0.0,1.0,1.0,0.0,0,0,0,0,0,0,0,0.0,0.0,0.2,0.0
29,500,0,dpga,backbone,0.3584821820259094,-0.0,global_ddp_mean,2,0.0,24.72294807434082,24.72294807434082,0.0,0.0,0.0,0.0,0.0,0.0,0.0,0.0,0.0,0.0,0.0,0.0,0.0,1.0,1.0,0.0,0,0,0,0,0,0,0,0.0,0.0,0.2,0.0
29,500,0,dpga,fpn,0.3584821820259094,-0.0,global_ddp_mean,2,0.0,3.821669816970825,3.821669816970825,0.0,0.0,0.0,0.0,0.0,0.0,0.0,0.0,0.0,0.0,0.0,0.0,0.0,1.0,1.0,0.0,0,0,0,0,0,0,0,0.0,0.0,0.2,0.0
29,500,0,dpga,rpn,0.3584821820259094,-0.0,global_ddp_mean,2,0.0,3.4815497398376465,3.4815497398376465,0.0,0.0,0.0,0.0,0.0,0.0,0.0,0.0,0.0,0.0,0.0,0.0,0.0,1.0,1.0,0.0,0,0,0,0,0,0,0,0.0,0.0,0.2,0.0
29,500,0,dpga,roi_shared,0.3584821820259094,-0.0,global_ddp_mean,2,0.0,7.524231910705566,7.524231910705566,0.0,0.0,0.0,0.0,0.0,0.0,0.0,0.0,0.0,0.0,0.0,0.0,0.0,1.0,1.0,0.0,0,0,0,0,0,0,0,0.0,0.0,0.2,0.0
29,500,0,dpga,roi_cls,0.3584821820259094,-0.0,global_ddp_mean,2,0.0,5.3867316246032715,5.3867316246032715,0.0,0.0,0.0,0.0,0.0,0.0,0.0,0.0,0.0,0.0,0.0,0.0,0.0,1.0,1.0,0.0,0,0,0,0,0,0,0,0.0,0.0,0.2,0.0
29,500,0,dpga,roi_reg,0.3584821820259094,-0.0,global_ddp_mean,2,0.0,4.3709211349487305,4.3709211349487305,0.0,0.0,0.0,0.0,0.0,0.0,0.0,0.0,0.0,0.0,0.0,0.0,0.0,1.0,1.0,0.0,0,0,0,0,0,0,0,0.0,0.0,0.2,0.0
29,600,0,dpga,backbone,0.21719779074192047,-0.0,global_ddp_mean,2,0.0,4.224475860595703,4.224475860595703,0.0,0.0,0.0,0.0,0.0,0.0,0.0,0.0,0.0,0.0,0.0,0.0,0.0,1.0,1.0,0.0,0,0,0,0,0,0,0,0.0,0.0,0.2,0.0
29,600,0,dpga,fpn,0.21719779074192047,-0.0,global_ddp_mean,2,0.0,0.9435829520225525,0.9435829520225525,0.0,0.0,0.0,0.0,0.0,0.0,0.0,0.0,0.0,0.0,0.0,0.0,0.0,1.0,1.0,0.0,0,0,0,0,0,0,0,0.0,0.0,0.2,0.0
29,600,0,dpga,rpn,0.21719779074192047,-0.0,global_ddp_mean,2,0.0,2.0689046382904053,2.0689046382904053,0.0,0.0,0.0,0.0,0.0,0.0,0.0,0.0,0.0,0.0,0.0,0.0,0.0,1.0,1.0,0.0,0,0,0,0,0,0,0,0.0,0.0,0.2,0.0
29,600,0,dpga,roi_shared,0.21719779074192047,-0.0,global_ddp_mean,2,0.0,1.2314594984054565,1.2314594984054565,0.0,0.0,0.0,0.0,0.0,0.0,0.0,0.0,0.0,0.0,0.0,0.0,0.0,1.0,1.0,0.0,0,0,0,0,0,0,0,0.0,0.0,0.2,0.0
29,600,0,dpga,roi_cls,0.21719779074192047,-0.0,global_ddp_mean,2,0.0,0.6097937822341919,0.6097937822341919,0.0,0.0,0.0,0.0,0.0,0.0,0.0,0.0,0.0,0.0,0.0,0.0,0.0,1.0,1.0,0.0,0,0,0,0,0,0,0,0.0,0.0,0.2,0.0
29,600,0,dpga,roi_reg,0.21719779074192047,-0.0,global_ddp_mean,2,0.0,0.5102540850639343,0.5102540850639343,0.0,0.0,0.0,0.0,0.0,0.0,0.0,0.0,0.0,0.0,0.0,0.0,0.0,1.0,1.0,0.0,0,0,0,0,0,0,0,0.0,0.0,0.2,0.0
29,700,0,dpga,backbone,0.2084313929080963,-0.0,global_ddp_mean,2,0.0,5.0390849113464355,5.0390849113464355,0.0,0.0,0.0,0.0,0.0,0.0,0.0,0.0,0.0,0.0,0.0,0.0,0.0,1.0,1.0,0.0,0,0,0,0,0,0,0,0.0,0.0,0.2,0.0
29,700,0,dpga,fpn,0.2084313929080963,-0.0,global_ddp_mean,2,0.0,0.8669319748878479,0.8669319748878479,0.0,0.0,0.0,0.0,0.0,0.0,0.0,0.0,0.0,0.0,0.0,0.0,0.0,1.0,1.0,0.0,0,0,0,0,0,0,0,0.0,0.0,0.2,0.0
29,700,0,dpga,rpn,0.2084313929080963,-0.0,global_ddp_mean,2,0.0,0.990352213382721,0.990352213382721,0.0,0.0,0.0,0.0,0.0,0.0,0.0,0.0,0.0,0.0,0.0,0.0,0.0,1.0,1.0,0.0,0,0,0,0,0,0,0,0.0,0.0,0.2,0.0
29,700,0,dpga,roi_shared,0.2084313929080963,-0.0,global_ddp_mean,2,0.0,1.646907091140747,1.646907091140747,0.0,0.0,0.0,0.0,0.0,0.0,0.0,0.0,0.0,0.0,0.0,0.0,0.0,1.0,1.0,0.0,0,0,0,0,0,0,0,0.0,0.0,0.2,0.0
29,700,0,dpga,roi_cls,0.2084313929080963,-0.0,global_ddp_mean,2,0.0,0.8313819169998169,0.8313819169998169,0.0,0.0,0.0,0.0,0.0,0.0,0.0,0.0,0.0,0.0,0.0,0.0,0.0,1.0,1.0,0.0,0,0,0,0,0,0,0,0.0,0.0,0.2,0.0
29,700,0,dpga,roi_reg,0.2084313929080963,-0.0,global_ddp_mean,2,0.0,1.180444359779358,1.180444359779358,0.0,0.0,0.0,0.0,0.0,0.0,0.0,0.0,0.0,0.0,0.0,0.0,0.0,1.0,1.0,0.0,0,0,0,0,0,0,0,0.0,0.0,0.2,0.0
29,800,0,dpga,backbone,0.03837971389293671,-0.0,global_ddp_mean,2,0.18207047879695892,13.533286094665527,13.533286094665527,1.806509108970289e-10,1.806509108970289e-10,1.806509108970289e-10,1.806509108970289e-10,3.613018271778745e-11,1.806509108970289e-10,1.3348636069124174e-11,1.3348636069124174e-11,1.3348636069124174e-11,2.6697272536068704e-12,2.6697272536068704e-12,4.860785193214931e-13,4.860785193214931e-13,1.000000000000486,1.000000000000486,0.0,0,0,0,0,0,0,0,1.0,1.0,0.2,0.20000000298023224
29,800,0,dpga,fpn,0.03837971389293671,-0.0,global_ddp_mean,2,0.18483597040176392,2.717749834060669,2.717749834060669,2.55145713584648e-11,2.55145713584648e-11,2.55145713584648e-11,2.55145713584648e-11,5.102914347732308e-12,2.55145713584648e-11,9.388123600891822e-12,9.388123600891822e-12,9.388123600891822e-12,1.8776247481571532e-12,1.8776247481571532e-12,3.47052592375995e-13,3.47052592375995e-13,1.000000000000347,1.000000000000347,0.0,0,0,0,0,0,0,0,1.0,1.0,0.2,0.20000000298023224
29,800,0,dpga,rpn,0.03837971389293671,-0.0,global_ddp_mean,2,0.0,3.485870361328125,3.485870361328125,0.0,0.0,0.0,0.0,0.0,0.0,0.0,0.0,0.0,0.0,0.0,0.0,0.0,1.0,1.0,0.0,0,0,0,0,0,0,0,0.0,0.0,0.2,0.0
29,800,0,dpga,roi_shared,0.03837971389293671,-0.0,global_ddp_mean,2,0.23051512241363525,5.82476806640625,5.82476806640625,7.255455958254942e-11,7.255455958254942e-11,7.255455958254942e-11,7.255455958254942e-11,1.451091213273932e-11,7.255455958254942e-11,1.245621435143493e-11,1.245621435143493e-11,1.245621435143493e-11,2.4912429074093975e-12,2.4912429074093975e-12,5.742691637635779e-13,5.742691637635779e-13,1.0000000000005742,1.0000000000005742,0.0,0,0,0,0,0,0,0,1.0,1.0,0.2,0.20000000298023224
29,800,0,dpga,roi_cls,0.03837971389293671,-0.0,global_ddp_mean,2,0.0,3.2118563652038574,3.2118563652038574,0.0,0.0,0.0,0.0,0.0,0.0,0.0,0.0,0.0,0.0,0.0,0.0,0.0,1.0,1.0,0.0,0,0,0,0,0,0,0,0.0,0.0,0.2,0.0
29,800,0,dpga,roi_reg,0.03837971389293671,-0.0,global_ddp_mean,2,0.636443555355072,5.546432018280029,5.546432018280029,2.354606787324798e-10,2.354606787324798e-10,2.354606787324798e-10,2.354606787324798e-10,4.709213644822346e-11,2.354606787324798e-10,4.2452639454778186e-11,4.2452639454778186e-11,4.2452639454778186e-11,8.490528017474362e-12,8.490528017474362e-12,5.4037418382832334e-12,5.4037418382832334e-12,1.0000000000054037,1.0000000000054037,0.0,0,0,0,0,0,0,0,1.0,1.0,0.2,0.20000000298023224
29,900,0,dpga,backbone,0.023942608386278152,-0.0,global_ddp_mean,2,0.0,6.128584384918213,6.128584384918213,0.0,0.0,0.0,0.0,0.0,0.0,0.0,0.0,0.0,0.0,0.0,0.0,0.0,1.0,1.0,0.0,0,0,0,0,0,0,0,0.0,0.0,0.2,0.0
29,900,0,dpga,fpn,0.023942608386278152,-0.0,global_ddp_mean,2,0.0,1.2458184957504272,1.2458184957504272,0.0,0.0,0.0,0.0,0.0,0.0,0.0,0.0,0.0,0.0,0.0,0.0,0.0,1.0,1.0,0.0,0,0,0,0,0,0,0,0.0,0.0,0.2,0.0
29,900,0,dpga,rpn,0.023942608386278152,-0.0,global_ddp_mean,2,0.0,1.3062294721603394,1.3062294721603394,0.0,0.0,0.0,0.0,0.0,0.0,0.0,0.0,0.0,0.0,0.0,0.0,0.0,1.0,1.0,0.0,0,0,0,0,0,0,0,0.0,0.0,0.2,0.0
29,900,0,dpga,roi_shared,0.023942608386278152,-0.0,global_ddp_mean,2,0.0,2.7957332134246826,2.7957332134246826,0.0,0.0,0.0,0.0,0.0,0.0,0.0,0.0,0.0,0.0,0.0,0.0,0.0,1.0,1.0,0.0,0,0,0,0,0,0,0,0.0,0.0,0.2,0.0
29,900,0,dpga,roi_cls,0.023942608386278152,-0.0,global_ddp_mean,2,0.0,1.7790164947509766,1.7790164947509766,0.0,0.0,0.0,0.0,0.0,0.0,0.0,0.0,0.0,0.0,0.0,0.0,0.0,1.0,1.0,0.0,0,0,0,0,0,0,0,0.0,0.0,0.2,0.0
29,900,0,dpga,roi_reg,0.023942608386278152,-0.0,global_ddp_mean,2,0.0,2.248199701309204,2.248199701309204,0.0,0.0,0.0,0.0,0.0,0.0,0.0,0.0,0.0,0.0,0.0,0.0,0.0,1.0,1.0,0.0,0,0,0,0,0,0,0,0.0,0.0,0.2,0.0
29,1000,0,dpga,backbone,0.010927170515060425,0.0,global_ddp_mean,2,0.0,7.7319722175598145,7.7319722175598145,0.0,0.0,0.0,0.0,0.0,0.0,0.0,0.0,0.0,0.0,0.0,0.0,0.0,1.0,1.0,0.0,0,0,0,0,0,0,0,0.0,0.0,0.2,0.0
29,1000,0,dpga,fpn,0.010927170515060425,0.0,global_ddp_mean,2,0.0,1.105301022529602,1.105301022529602,0.0,0.0,0.0,0.0,0.0,0.0,0.0,0.0,0.0,0.0,0.0,0.0,0.0,1.0,1.0,0.0,0,0,0,0,0,0,0,0.0,0.0,0.2,0.0
29,1000,0,dpga,rpn,0.010927170515060425,0.0,global_ddp_mean,2,0.0,1.0144985914230347,1.0144985914230347,0.0,0.0,0.0,0.0,0.0,0.0,0.0,0.0,0.0,0.0,0.0,0.0,0.0,1.0,1.0,0.0,0,0,0,0,0,0,0,0.0,0.0,0.2,0.0
29,1000,0,dpga,roi_shared,0.010927170515060425,0.0,global_ddp_mean,2,0.0,2.268409013748169,2.268409013748169,0.0,0.0,0.0,0.0,0.0,0.0,0.0,0.0,0.0,0.0,0.0,0.0,0.0,1.0,1.0,0.0,0,0,0,0,0,0,0,0.0,0.0,0.2,0.0
29,1000,0,dpga,roi_cls,0.010927170515060425,0.0,global_ddp_mean,2,0.0,1.4449267387390137,1.4449267387390137,0.0,0.0,0.0,0.0,0.0,0.0,0.0,0.0,0.0,0.0,0.0,0.0,0.0,1.0,1.0,0.0,0,0,0,0,0,0,0,0.0,0.0,0.2,0.0
29,1000,0,dpga,roi_reg,0.010927170515060425,0.0,global_ddp_mean,2,0.0,1.0026410818099976,1.0026410818099976,0.0,0.0,0.0,0.0,0.0,0.0,0.0,0.0,0.0,0.0,0.0,0.0,0.0,1.0,1.0,0.0,0,0,0,0,0,0,0,0.0,0.0,0.2,0.0
29,1100,0,dpga,backbone,0.8348453044891357,0.0,global_ddp_mean,2,0.0,41.702415466308594,41.702415466308594,0.0,0.0,0.0,0.0,0.0,0.0,0.0,0.0,0.0,0.0,0.0,0.0,0.0,1.0,1.0,0.0,0,0,0,0,0,0,0,0.0,0.0,0.2,0.0
29,1100,0,dpga,fpn,0.8348453044891357,0.0,global_ddp_mean,2,0.0,4.629509449005127,4.629509449005127,0.0,0.0,0.0,0.0,0.0,0.0,0.0,0.0,0.0,0.0,0.0,0.0,0.0,1.0,1.0,0.0,0,0,0,0,0,0,0,0.0,0.0,0.2,0.0
29,1100,0,dpga,rpn,0.8348453044891357,0.0,global_ddp_mean,2,0.0,5.024993419647217,5.024993419647217,0.0,0.0,0.0,0.0,0.0,0.0,0.0,0.0,0.0,0.0,0.0,0.0,0.0,1.0,1.0,0.0,0,0,0,0,0,0,0,0.0,0.0,0.2,0.0
29,1100,0,dpga,roi_shared,0.8348453044891357,0.0,global_ddp_mean,2,0.0,13.105436325073242,13.105436325073242,0.0,0.0,0.0,0.0,0.0,0.0,0.0,0.0,0.0,0.0,0.0,0.0,0.0,1.0,1.0,0.0,0,0,0,0,0,0,0,0.0,0.0,0.2,0.0
29,1100,0,dpga,roi_cls,0.8348453044891357,0.0,global_ddp_mean,2,0.0,13.575425148010254,13.575425148010254,0.0,0.0,0.0,0.0,0.0,0.0,0.0,0.0,0.0,0.0,0.0,0.0,0.0,1.0,1.0,0.0,0,0,0,0,0,0,0,0.0,0.0,0.2,0.0
29,1100,0,dpga,roi_reg,0.8348453044891357,0.0,global_ddp_mean,2,0.0,6.548485279083252,6.548485279083252,0.0,0.0,0.0,0.0,0.0,0.0,0.0,0.0,0.0,0.0,0.0,0.0,0.0,1.0,1.0,0.0,0,0,0,0,0,0,0,0.0,0.0,0.2,0.0
29,1200,0,dpga,backbone,0.729478120803833,0.00010002159251598641,global_ddp_mean,2,-0.2087729573249817,46.601806640625,46.601806640625,2.3310581243052297e-10,2.3310581243052297e-10,2.2796817211734322e-10,2.2796817211734322e-10,4.559363510286674e-11,2.2796817211734322e-10,5.0020767269420324e-12,4.8918312089345604e-12,4.8918312089345604e-12,9.783662563657052e-13,9.783662563657052e-13,2.2363610529871886e-20,2.2363610529871886e-20,1.0,1.0,0.0,1,0,0,0,0,1,0,1.0,1.0,0.2,0.20000000298023224
29,1200,0,dpga,fpn,0.729478120803833,0.00010002159251598641,global_ddp_mean,2,-0.01496609952300787,4.115569591522217,4.115569591522217,4.935122449589713e-11,4.935122449589713e-11,4.9345642155751435e-11,4.9345642155751435e-11,9.86912857821176e-12,4.9345642155751435e-11,1.1991347345348545e-11,1.1989990949831095e-11,1.1989990949831095e-11,2.3979982256991767e-12,2.3979982256991767e-12,-6.1567997207081605e-21,-6.1567997207081605e-21,1.0,1.0,0.0,1,0,0,0,0,1,0,1.0,1.0,0.2,0.20000000298023224
29,1200,0,dpga,rpn,0.729478120803833,0.00010002159251598641,global_ddp_mean,2,0.0,5.252313613891602,5.252313613891602,0.0,0.0,0.0,0.0,0.0,0.0,0.0,0.0,0.0,0.0,0.0,0.0,0.0,1.0,1.0,0.0,0,0,0,0,0,0,0,0.0,0.0,0.2,0.0
29,1200,0,dpga,roi_shared,0.729478120803833,0.00010002159251598641,global_ddp_mean,2,-0.05771263688802719,5.884273052215576,5.884273052215576,1.4080685228901046e-10,1.4080685228901046e-10,1.4057158215230459e-10,1.4057158215230459e-10,2.8114316849396878e-11,1.4057158215230459e-10,2.3929353896314032e-11,2.388937102423822e-11,2.388937102423822e-11,4.777874276043518e-12,4.777874276043518e-12,1.2818971118680873e-20,1.2818971118680873e-20,1.0,1.0,0.0,1,0,0,0,0,1,0,1.0,1.0,0.2,0.20000000298023224
29,1200,0,dpga,roi_cls,0.729478120803833,0.00010002159251598641,global_ddp_mean,2,0.0,5.230351448059082,5.230351448059082,0.0,0.0,0.0,0.0,0.0,0.0,0.0,0.0,0.0,0.0,0.0,0.0,0.0,1.0,1.0,0.0,0,0,0,0,0,0,0,0.0,0.0,0.2,0.0
29,1200,0,dpga,roi_reg,0.729478120803833,0.00010002159251598641,global_ddp_mean,2,0.0716961994767189,5.282131195068359,5.282131195068359,4.2134890021472415e-10,4.2134890021472415e-10,4.2134890021472415e-10,4.2134890021472415e-10,8.426978129866241e-11,4.2134890021472415e-10,7.976873058513102e-11,7.976873058513102e-11,7.976873058513102e-11,1.595374635475555e-11,1.595374635475555e-11,1.1438229810515307e-12,1.1438229810515307e-12,1.0000000000011438,1.0000000000011438,0.0,0,0,0,0,0,0,0,1.0,1.0,0.2,0.20000000298023224
29,1300,0,dpga,backbone,0.071652352809906,-0.0,global_ddp_mean,2,0.0,5.755833148956299,5.755833148956299,0.0,0.0,0.0,0.0,0.0,0.0,0.0,0.0,0.0,0.0,0.0,0.0,0.0,1.0,1.0,0.0,0,0,0,0,0,0,0,0.0,0.0,0.2,0.0
29,1300,0,dpga,fpn,0.071652352809906,-0.0,global_ddp_mean,2,0.0,1.3672677278518677,1.3672677278518677,0.0,0.0,0.0,0.0,0.0,0.0,0.0,0.0,0.0,0.0,0.0,0.0,0.0,1.0,1.0,0.0,0,0,0,0,0,0,0,0.0,0.0,0.2,0.0
29,1300,0,dpga,rpn,0.071652352809906,-0.0,global_ddp_mean,2,0.0,2.0408246517181396,2.0408246517181396,0.0,0.0,0.0,0.0,0.0,0.0,0.0,0.0,0.0,0.0,0.0,0.0,0.0,1.0,1.0,0.0,0,0,0,0,0,0,0,0.0,0.0,0.2,0.0
29,1300,0,dpga,roi_shared,0.071652352809906,-0.0,global_ddp_mean,2,0.0,3.2361273765563965,3.2361273765563965,0.0,0.0,0.0,0.0,0.0,0.0,0.0,0.0,0.0,0.0,0.0,0.0,0.0,1.0,1.0,0.0,0,0,0,0,0,0,0,0.0,0.0,0.2,0.0
29,1300,0,dpga,roi_cls,0.071652352809906,-0.0,global_ddp_mean,2,0.0,2.3142447471618652,2.3142447471618652,0.0,0.0,0.0,0.0,0.0,0.0,0.0,0.0,0.0,0.0,0.0,0.0,0.0,1.0,1.0,0.0,0,0,0,0,0,0,0,0.0,0.0,0.2,0.0
29,1300,0,dpga,roi_reg,0.071652352809906,-0.0,global_ddp_mean,2,0.0,2.4512557983398438,2.4512557983398438,0.0,0.0,0.0,0.0,0.0,0.0,0.0,0.0,0.0,0.0,0.0,0.0,0.0,1.0,1.0,0.0,0,0,0,0,0,0,0,0.0,0.0,0.2,0.0
29,1400,0,dpga,backbone,0.30317139625549316,-0.0,global_ddp_mean,2,0.0,7.425503730773926,7.425503730773926,0.0,0.0,0.0,0.0,0.0,0.0,0.0,0.0,0.0,0.0,0.0,0.0,0.0,1.0,1.0,0.0,0,0,0,0,0,0,0,0.0,0.0,0.2,0.0
29,1400,0,dpga,fpn,0.30317139625549316,-0.0,global_ddp_mean,2,0.0,1.4072697162628174,1.4072697162628174,0.0,0.0,0.0,0.0,0.0,0.0,0.0,0.0,0.0,0.0,0.0,0.0,0.0,1.0,1.0,0.0,0,0,0,0,0,0,0,0.0,0.0,0.2,0.0
29,1400,0,dpga,rpn,0.30317139625549316,-0.0,global_ddp_mean,2,0.0,1.5654875040054321,1.5654875040054321,0.0,0.0,0.0,0.0,0.0,0.0,0.0,0.0,0.0,0.0,0.0,0.0,0.0,1.0,1.0,0.0,0,0,0,0,0,0,0,0.0,0.0,0.2,0.0
29,1400,0,dpga,roi_shared,0.30317139625549316,-0.0,global_ddp_mean,2,0.0,2.486745595932007,2.486745595932007,0.0,0.0,0.0,0.0,0.0,0.0,0.0,0.0,0.0,0.0,0.0,0.0,0.0,1.0,1.0,0.0,0,0,0,0,0,0,0,0.0,0.0,0.2,0.0
29,1400,0,dpga,roi_cls,0.30317139625549316,-0.0,global_ddp_mean,2,0.0,1.1469309329986572,1.1469309329986572,0.0,0.0,0.0,0.0,0.0,0.0,0.0,0.0,0.0,0.0,0.0,0.0,0.0,1.0,1.0,0.0,0,0,0,0,0,0,0,0.0,0.0,0.2,0.0
29,1400,0,dpga,roi_reg,0.30317139625549316,-0.0,global_ddp_mean,2,0.0,1.3304235935211182,1.3304235935211182,0.0,0.0,0.0,0.0,0.0,0.0,0.0,0.0,0.0,0.0,0.0,0.0,0.0,1.0,1.0,0.0,0,0,0,0,0,0,0,0.0,0.0,0.2,0.0
