epoch,step,rank,method,module,loss_det,loss_odam,gradient_scope,world_size,cosine_raw,det_norm,det_gradient_norm,odam_norm_raw,raw_odam_norm,projected_odam_norm,capped_odam_norm,final_odam_norm,odam_norm_safe,aux_to_det_raw,aux_to_det_projected,aux_to_det_capped,aux_to_det_final,aux_to_det_effective,directional_margin,aux_directional_margin,final_alignment_margin,final_cosine_to_det,final_angle_deg,conflict_raw,dominance_raw,dominance_effective,unsafe_descent,aux_unsafe,projected,cap_active,norm_scale,gate,alpha,effective_weight
0,0,0,odam,backbone,19.16931915283203,-0.0,global_ddp_mean,2,0.0,1152.1146240234375,1152.1146240234375,0.0,0.0,0.0,0.0,0.0,0.0,0.0,0.0,0.0,0.0,0.0,0.0,0.0,1.0000000136445446,1.0000000136445446,0.0,0,0,0,0,0,0,0,1.0,1.0,0.0,0.0
0,0,0,odam,fpn,19.16931915283203,-0.0,global_ddp_mean,2,0.0,486.54119873046875,486.54119873046875,0.0,0.0,0.0,0.0,0.0,0.0,0.0,0.0,0.0,0.0,0.0,0.0,0.0,1.0000000240278064,1.0000000240278064,0.0,0,0,0,0,0,0,0,1.0,1.0,0.0,0.0
0,0,0,odam,rpn,19.16931915283203,-0.0,global_ddp_mean,2,0.0,485.7654113769531,485.7654113769531,0.0,0.0,0.0,0.0,0.0,0.0,0.0,0.0,0.0,0.0,0.0,0.0,0.0,1.0000000507898432,1.0000000507898432,0.0,0,0,0,0,0,0,0,1.0,1.0,0.0,0.0
0,0,0,odam,roi_shared,19.16931915283203,-0.0,global_ddp_mean,2,0.0,1470.4986572265625,1470.4986572265625,0.0,0.0,0.0,0.0,0.0,0.0,0.0,0.0,0.0,0.0,0.0,0.0,0.0,0.9999999764586031,0.9999999764586031,0.012432364833421429,0,0,0,0,0,0,0,1.0,1.0,0.0,0.0
0,0,0,odam,roi_cls,19.16931915283203,-0.0,global_ddp_mean,2,0.0,1766.97607421875,1766.97607421875,0.0,0.0,0.0,0.0,0.0,0.0,0.0,0.0,0.0,0.0,0.0,0.0,0.0,1.0000000170195436,1.0000000170195436,0.0,0,0,0,0,0,0,0,1.0,1.0,0.0,0.0
0,0,0,odam,roi_reg,19.16931915283203,-0.0,global_ddp_mean,2,0.0,589.949951171875,589.949951171875,0.0,0.0,0.0,0.0,0.0,0.0,0.0,0.0,0.0,0.0,0.0,0.0,0.0,1.0000000685617674,1.0000000685617674,0.0,0,0,0,0,0,0,0,1.0,1.0,0.0,0.0
0,100,0,odam,backbone,0.4855760931968689,0.0,global_ddp_mean,2,0.0,9.138623237609863,9.138623237609863,0.0,0.0,0.0,0.0,0.0,0.0,0.0,0.0,0.0,0.0,0.0,0.0,0.0,1.0000000016221164,1.0000000016221164,0.0,0,0,0,0,0,0,0,1.0,1.0,0.0,0.0
0,100,0,odam,fpn,0.4855760931968689,0.0,global_ddp_mean,2,0.0,3.874152898788452,3.874152898788452,0.0,0.0,0.0,0.0,0.0,0.0,0.0,0.0,0.0,0.0,0.0,0.0,0.0,1.0000000117588443,1.0000000117588443,0.0,0,0,0,0,0,0,0,1.0,1.0,0.0,0.0
0,100,0,odam,rpn,0.4855760931968689,0.0,global_ddp_mean,2,0.0,6.557779312133789,6.557779312133789,0.0,0.0,0.0,0.0,0.0,0.0,0.0,0.0,0.0,0.0,0.0,0.0,0.0,0.9999999419559898,0.9999999419559898,0.019521641680790194,0,0,0,0,0,0,0,1.0,1.0,0.0,0.0
0,100,0,odam,roi_shared,0.4855760931968689,0.0,global_ddp_mean,2,0.0,11.265392303466797,11.265392303466797,0.0,0.0,0.0,0.0,0.0,0.0,0.0,0.0,0.0,0.0,0.0,0.0,0.0,1.0000000719016227,1.0000000719016227,0.0,0,0,0,0,0,0,0,1.0,1.0,0.0,0.0
0,100,0,odam,roi_cls,0.4855760931968689,0.0,global_ddp_mean,2,0.0,11.853787422180176,11.853787422180176,0.0,0.0,0.0,0.0,0.0,0.0,0.0,0.0,0.0,0.0,0.0,0.0,0.0,1.0000000503511761,1.0000000503511761,0.0,0,0,0,0,0,0,0,1.0,1.0,0.0,0.0
0,100,0,odam,roi_reg,0.4855760931968689,0.0,global_ddp_mean,2,0.0,0.0,0.0,0.0,0.0,0.0,0.0,0.0,0.0,0.0,0.0,0.0,0.0,0.0,0.0,0.0,0.0,0.0,90.0,0,0,0,0,0,0,0,1.0,1.0,0.0,0.0
0,200,0,odam,backbone,0.3211486339569092,0.0,global_ddp_mean,2,0.0,67.58316040039062,67.58316040039062,0.0,0.0,0.0,0.0,0.0,0.0,0.0,0.0,0.0,0.0,0.0,0.0,0.0,1.0000000694066695,1.0000000694066695,0.0,0,0,0,0,0,0,0,1.0,1.0,0.0,0.0
0,200,0,odam,fpn,0.3211486339569092,0.0,global_ddp_mean,2,0.0,25.250093460083008,25.250093460083008,0.0,0.0,0.0,0.0,0.0,0.0,0.0,0.0,0.0,0.0,0.0,0.0,0.0,0.999999968574458,0.999999968574458,0.014364119826479792,0,0,0,0,0,0,0,1.0,1.0,0.0,0.0
0,200,0,odam,rpn,0.3211486339569092,0.0,global_ddp_mean,2,0.0,17.23499298095703,17.23499298095703,0.0,0.0,0.0,0.0,0.0,0.0,0.0,0.0,0.0,0.0,0.0,0.0,0.0,0.9999998967797412,0.9999998967797412,0.026032753477792957,0,0,0,0,0,0,0,1.0,1.0,0.0,0.0
0,200,0,odam,roi_shared,0.3211486339569092,0.0,global_ddp_mean,2,0.0,79.889892578125,79.889892578125,0.0,0.0,0.0,0.0,0.0,0.0,0.0,0.0,0.0,0.0,0.0,0.0,0.0,1.0000000130651423,1.0000000130651423,0.0,0,0,0,0,0,0,0,1.0,1.0,0.0,0.0
0,200,0,odam,roi_cls,0.3211486339569092,0.0,global_ddp_mean,2,0.0,82.40560913085938,82.40560913085938,0.0,0.0,0.0,0.0,0.0,0.0,0.0,0.0,0.0,0.0,0.0,0.0,0.0,0.9999999507860028,0.9999999507860028,0.017975540263272444,0,0,0,0,0,0,0,1.0,1.0,0.0,0.0
0,200,0,odam,roi_reg,0.3211486339569092,0.0,global_ddp_mean,2,0.0,4.128559589385986,4.128559589385986,0.0,0.0,0.0,0.0,0.0,0.0,0.0,0.0,0.0,0.0,0.0,0.0,0.0,0.9999999769950323,0.9999999769950323,0.012289902714430083,0,0,0,0,0,0,0,1.0,1.0,0.0,0.0
0,300,0,odam,backbone,0.23552922904491425,0.0,global_ddp_mean,2,0.0,27.767728805541992,27.767728805541992,0.0,0.0,0.0,0.0,0.0,0.0,0.0,0.0,0.0,0.0,0.0,0.0,0.0,0.9999999869159181,0.9999999869159181,0.009268495814781624,0,0,0,0,0,0,0,1.0,1.0,0.0,0.0
0,300,0,odam,fpn,0.23552922904491425,0.0,global_ddp_mean,2,0.0,9.1971435546875,9.1971435546875,0.0,0.0,0.0,0.0,0.0,0.0,0.0,0.0,0.0,0.0,0.0,0.0,0.0,0.9999999829122093,0.9999999829122093,0.010592063831186176,0,0,0,0,0,0,0,1.0,1.0,0.0,0.0
0,300,0,odam,rpn,0.23552922904491425,0.0,global_ddp_mean,2,0.0,26.26378059387207,26.26378059387207,0.0,0.0,0.0,0.0,0.0,0.0,0.0,0.0,0.0,0.0,0.0,0.0,0.0,0.9999999445182395,0.9999999445182395,0.019085904611852715,0,0,0,0,0,0,0,1.0,1.0,0.0,0.0
0,300,0,odam,roi_shared,0.23552922904491425,0.0,global_ddp_mean,2,0.0,17.087312698364258,17.087312698364258,0.0,0.0,0.0,0.0,0.0,0.0,0.0,0.0,0.0,0.0,0.0,0.0,0.0,1.0000001116190644,1.0000001116190644,0.0,0,0,0,0,0,0,0,1.0,1.0,0.0,0.0
0,300,0,odam,roi_cls,0.23552922904491425,0.0,global_ddp_mean,2,0.0,17.118762969970703,17.118762969970703,0.0,0.0,0.0,0.0,0.0,0.0,0.0,0.0,0.0,0.0,0.0,0.0,0.0,0.9999999551228622,0.9999999551228622,0.017165252924935075,0,0,0,0,0,0,0,1.0,1.0,0.0,0.0
0,300,0,odam,roi_reg,0.23552922904491425,0.0,global_ddp_mean,2,0.0,4.391031742095947,4.391031742095947,0.0,0.0,0.0,0.0,0.0,0.0,0.0,0.0,0.0,0.0,0.0,0.0,0.0,1.0000000308342494,1.0000000308342494,0.0,0,0,0,0,0,0,0,1.0,1.0,0.0,0.0
0,400,0,odam,backbone,0.2579255998134613,-0.0,global_ddp_mean,2,0.0,27.558744430541992,27.558744430541992,0.0,0.0,0.0,0.0,0.0,0.0,0.0,0.0,0.0,0.0,0.0,0.0,0.0,1.0000000545728487,1.0000000545728487,0.0,0,0,0,0,0,0,0,1.0,1.0,0.0,0.0
0,400,0,odam,fpn,0.2579255998134613,-0.0,global_ddp_mean,2,0.0,9.830896377563477,9.830896377563477,0.0,0.0,0.0,0.0,0.0,0.0,0.0,0.0,0.0,0.0,0.0,0.0,0.0,1.0000000679277046,1.0000000679277046,0.0,0,0,0,0,0,0,0,1.0,1.0,0.0,0.0
0,400,0,odam,rpn,0.2579255998134613,-0.0,global_ddp_mean,2,0.0,21.36254119873047,21.36254119873047,0.0,0.0,0.0,0.0,0.0,0.0,0.0,0.0,0.0,0.0,0.0,0.0,0.0,1.0000000402030638,1.0000000402030638,0.0,0,0,0,0,0,0,0,1.0,1.0,0.0,0.0
0,400,0,odam,roi_shared,0.2579255998134613,-0.0,global_ddp_mean,2,0.0,25.640966415405273,25.640966415405273,0.0,0.0,0.0,0.0,0.0,0.0,0.0,0.0,0.0,0.0,0.0,0.0,0.0,1.0000000133309082,1.0000000133309082,0.0,0,0,0,0,0,0,0,1.0,1.0,0.0,0.0
0,400,0,odam,roi_cls,0.2579255998134613,-0.0,global_ddp_mean,2,0.0,29.319494247436523,29.319494247436523,0.0,0.0,0.0,0.0,0.0,0.0,0.0,0.0,0.0,0.0,0.0,0.0,0.0,0.9999999389323216,0.9999999389323216,0.02002365422875497,0,0,0,0,0,0,0,1.0,1.0,0.0,0.0
0,400,0,odam,roi_reg,0.2579255998134613,-0.0,global_ddp_mean,2,0.0,14.141348838806152,14.141348838806152,0.0,0.0,0.0,0.0,0.0,0.0,0.0,0.0,0.0,0.0,0.0,0.0,0.0,1.000000028526888,1.000000028526888,0.0,0,0,0,0,0,0,0,1.0,1.0,0.0,0.0
0,500,0,odam,backbone,0.44321054220199585,-0.0,global_ddp_mean,2,0.0,21.26000213623047,21.26000213623047,0.0,0.0,0.0,0.0,0.0,0.0,0.0,0.0,0.0,0.0,0.0,0.0,0.0,0.9999999558968374,0.9999999558968374,0.01701658856486085,0,0,0,0,0,0,0,1.0,1.0,0.0,0.0
0,500,0,odam,fpn,0.44321054220199585,-0.0,global_ddp_mean,2,0.0,6.600717544555664,6.600717544555664,0.0,0.0,0.0,0.0,0.0,0.0,0.0,0.0,0.0,0.0,0.0,0.0,0.0,0.9999999391523346,0.9999999391523346,0.01998755133689774,0,0,0,0,0,0,0,1.0,1.0,0.0,0.0
0,500,0,odam,rpn,0.44321054220199585,-0.0,global_ddp_mean,2,0.0,18.57699203491211,18.57699203491211,0.0,0.0,0.0,0.0,0.0,0.0,0.0,0.0,0.0,0.0,0.0,0.0,0.0,1.0000000339323254,1.0000000339323254,0.0,0,0,0,0,0,0,0,1.0,1.0,0.0,0.0
0,500,0,odam,roi_shared,0.44321054220199585,-0.0,global_ddp_mean,2,0.0,12.138360977172852,12.138360977172852,0.0,0.0,0.0,0.0,0.0,0.0,0.0,0.0,0.0,0.0,0.0,0.0,0.0,0.9999999372978693,0.9999999372978693,0.02028984746145196,0,0,0,0,0,0,0,1.0,1.0,0.0,0.0
0,500,0,odam,roi_cls,0.44321054220199585,-0.0,global_ddp_mean,2,0.0,13.985244750976562,13.985244750976562,0.0,0.0,0.0,0.0,0.0,0.0,0.0,0.0,0.0,0.0,0.0,0.0,0.0,0.9999999790664749,0.9999999790664749,0.011723541229753491,0,0,0,0,0,0,0,1.0,1.0,0.0,0.0
0,500,0,odam,roi_reg,0.44321054220199585,-0.0,global_ddp_mean,2,0.0,8.939441680908203,8.939441680908203,0.0,0.0,0.0,0.0,0.0,0.0,0.0,0.0,0.0,0.0,0.0,0.0,0.0,0.999999934921777,0.999999934921777,0.020670713879130387,0,0,0,0,0,0,0,1.0,1.0,0.0,0.0
0,600,0,odam,backbone,0.009303148835897446,0.0,global_ddp_mean,2,0.0,2.8313727378845215,2.8313727378845215,0.0,0.0,0.0,0.0,0.0,0.0,0.0,0.0,0.0,0.0,0.0,0.0,0.0,0.9999999500901853,0.9999999500901853,0.018102168824302,0,0,0,0,0,0,0,1.0,1.0,0.0,0.0
0,600,0,odam,fpn,0.009303148835897446,0.0,global_ddp_mean,2,0.0,0.5888652801513672,0.5888652801513672,0.0,0.0,0.0,0.0,0.0,0.0,0.0,0.0,0.0,0.0,0.0,0.0,0.0,0.9999999462741812,0.9999999462741812,0.018781451524054242,0,0,0,0,0,0,0,1.0,1.0,0.0,0.0
0,600,0,odam,rpn,0.009303148835897446,0.0,global_ddp_mean,2,0.0,2.48412823677063,2.48412823677063,0.0,0.0,0.0,0.0,0.0,0.0,0.0,0.0,0.0,0.0,0.0,0.0,0.0,1.0000000154872397,1.0000000154872397,0.0,0,0,0,0,0,0,0,1.0,1.0,0.0,0.0
0,600,0,odam,roi_shared,0.009303148835897446,0.0,global_ddp_mean,2,0.0,0.0,0.0,0.0,0.0,0.0,0.0,0.0,0.0,0.0,0.0,0.0,0.0,0.0,0.0,0.0,0.0,0.0,90.0,0,0,0,0,0,0,0,1.0,1.0,0.0,0.0
0,600,0,odam,roi_cls,0.009303148835897446,0.0,global_ddp_mean,2,0.0,0.0,0.0,0.0,0.0,0.0,0.0,0.0,0.0,0.0,0.0,0.0,0.0,0.0,0.0,0.0,0.0,0.0,90.0,0,0,0,0,0,0,0,1.0,1.0,0.0,0.0
0,600,0,odam,roi_reg,0.009303148835897446,0.0,global_ddp_mean,2,0.0,0.0,0.0,0.0,0.0,0.0,0.0,0.0,0.0,0.0,0.0,0.0,0.0,0.0,0.0,0.0,0.0,0.0,90.0,0,0,0,0,0,0,0,1.0,1.0,0.0,0.0
0,700,0,odam,backbone,0.2719142436981201,-0.0,global_ddp_mean,2,0.0,13.608602523803711,13.608602523803711,0.0,0.0,0.0,0.0,0.0,0.0,0.0,0.0,0.0,0.0,0.0,0.0,0.0,0.9999999925938238,0.9999999925938238,0.006973240621133577,0,0,0,0,0,0,0,1.0,1.0,0.0,0.0
0,700,0,odam,fpn,0.2719142436981201,-0.0,global_ddp_mean,2,0.0,3.496394157409668,3.496394157409668,0.0,0.0,0.0,0.0,0.0,0.0,0.0,0.0,0.0,0.0,0.0,0.0,0.0,1.0000000285763726,1.0000000285763726,0.0,0,0,0,0,0,0,0,1.0,1.0,0.0,0.0
0,700,0,odam,rpn,0.2719142436981201,-0.0,global_ddp_mean,2,0.0,9.004185676574707,9.004185676574707,0.0,0.0,0.0,0.0,0.0,0.0,0.0,0.0,0.0,0.0,0.0,0.0,0.0,1.00000004268802,1.00000004268802,0.0,0,0,0,0,0,0,0,1.0,1.0,0.0,0.0
0,700,0,odam,roi_shared,0.2719142436981201,-0.0,global_ddp_mean,2,0.0,8.3235445022583,8.3235445022583,0.0,0.0,0.0,0.0,0.0,0.0,0.0,0.0,0.0,0.0,0.0,0.0,0.0,0.9999999169766576,0.9999999169766576,0.023347357858108094,0,0,0,0,0,0,0,1.0,1.0,0.0,0.0
0,700,0,odam,roi_cls,0.2719142436981201,-0.0,global_ddp_mean,2,0.0,8.36789608001709,8.36789608001709,0.0,0.0,0.0,0.0,0.0,0.0,0.0,0.0,0.0,0.0,0.0,0.0,0.0,0.9999999704847495,0.9999999704847495,0.01392069338275207,0,0,0,0,0,0,0,1.0,1.0,0.0,0.0
0,700,0,odam,roi_reg,0.2719142436981201,-0.0,global_ddp_mean,2,0.0,8.191730499267578,8.191730499267578,0.0,0.0,0.0,0.0,0.0,0.0,0.0,0.0,0.0,0.0,0.0,0.0,0.0,0.9999999677890531,0.9999999677890531,0.014542510211300827,0,0,0,0,0,0,0,1.0,1.0,0.0,0.0
0,800,0,odam,backbone,0.45036861300468445,0.0,global_ddp_mean,2,0.0,29.619375228881836,29.619375228881836,0.0,0.0,0.0,0.0,0.0,0.0,0.0,0.0,0.0,0.0,0.0,0.0,0.0,1.0000000514446052,1.0000000514446052,0.0,0,0,0,0,0,0,0,1.0,1.0,0.0,0.0
0,800,0,odam,fpn,0.45036861300468445,0.0,global_ddp_mean,2,0.0,11.318552017211914,11.318552017211914,0.0,0.0,0.0,0.0,0.0,0.0,0.0,0.0,0.0,0.0,0.0,0.0,0.0,0.9999999951158477,0.9999999951158477,0.005662813119595868,0,0,0,0,0,0,0,1.0,1.0,0.0,0.0
0,800,0,odam,rpn,0.45036861300468445,0.0,global_ddp_mean,2,0.0,10.196221351623535,10.196221351623535,0.0,0.0,0.0,0.0,0.0,0.0,0.0,0.0,0.0,0.0,0.0,0.0,0.0,0.9999999162323959,0.9999999162323959,0.023451772914791183,0,0,0,0,0,0,0,1.0,1.0,0.0,0.0
0,800,0,odam,roi_shared,0.45036861300468445,0.0,global_ddp_mean,2,0.0,35.46458053588867,35.46458053588867,0.0,0.0,0.0,0.0,0.0,0.0,0.0,0.0,0.0,0.0,0.0,0.0,0.0,0.9999999821972078,0.9999999821972078,0.01081139395157895,0,0,0,0,0,0,0,1.0,1.0,0.0,0.0
0,800,0,odam,roi_cls,0.45036861300468445,0.0,global_ddp_mean,2,0.0,41.15363693237305,41.15363693237305,0.0,0.0,0.0,0.0,0.0,0.0,0.0,0.0,0.0,0.0,0.0,0.0,0.0,0.9999999961091055,0.9999999961091055,0.005054315614459383,0,0,0,0,0,0,0,1.0,1.0,0.0,0.0
0,800,0,odam,roi_reg,0.45036861300468445,0.0,global_ddp_mean,2,0.0,6.0226616859436035,6.0226616859436035,0.0,0.0,0.0,0.0,0.0,0.0,0.0,0.0,0.0,0.0,0.0,0.0,0.0,0.999999986898389,0.999999986898389,0.009274702360744354,0,0,0,0,0,0,0,1.0,1.0,0.0,0.0
0,900,0,odam,backbone,1.1422107219696045,0.0,global_ddp_mean,2,0.0,29.07005500793457,29.07005500793457,0.0,0.0,0.0,0.0,0.0,0.0,0.0,0.0,0.0,0.0,0.0,0.0,0.0,1.0000000201995949,1.0000000201995949,0.0,0,0,0,0,0,0,0,1.0,1.0,0.0,0.0
0,900,0,odam,fpn,1.1422107219696045,0.0,global_ddp_mean,2,0.0,11.043644905090332,11.043644905090332,0.0,0.0,0.0,0.0,0.0,0.0,0.0,0.0,0.0,0.0,0.0,0.0,0.0,1.0000000358983763,1.0000000358983763,0.0,0,0,0,0,0,0,0,1.0,1.0,0.0,0.0
0,900,0,odam,rpn,1.1422107219696045,0.0,global_ddp_mean,2,0.0,17.210773468017578,17.210773468017578,0.0,0.0,0.0,0.0,0.0,0.0,0.0,0.0,0.0,0.0,0.0,0.0,0.0,0.9999998986935973,0.9999998986935973,0.025790281414987,0,0,0,0,0,0,0,1.0,1.0,0.0,0.0
0,900,0,odam,roi_shared,1.1422107219696045,0.0,global_ddp_mean,2,0.0,30.090862274169922,30.090862274169922,0.0,0.0,0.0,0.0,0.0,0.0,0.0,0.0,0.0,0.0,0.0,0.0,0.0,1.0000000326569853,1.0000000326569853,0.0,0,0,0,0,0,0,0,1.0,1.0,0.0,0.0
0,900,0,odam,roi_cls,1.1422107219696045,0.0,global_ddp_mean,2,0.0,30.960866928100586,30.960866928100586,0.0,0.0,0.0,0.0,0.0,0.0,0.0,0.0,0.0,0.0,0.0,0.0,0.0,1.000000038018151,1.000000038018151,0.0,0,0,0,0,0,0,0,1.0,1.0,0.0,0.0
0,900,0,odam,roi_reg,1.1422107219696045,0.0,global_ddp_mean,2,0.0,20.098501205444336,20.098501205444336,0.0,0.0,0.0,0.0,0.0,0.0,0.0,0.0,0.0,0.0,0.0,0.0,0.0,0.9999999674305547,0.9999999674305547,0.014623213208429419,0,0,0,0,0,0,0,1.0,1.0,0.0,0.0
0,1000,0,odam,backbone,0.1958007514476776,0.0,global_ddp_mean,2,0.0,9.04810619354248,9.04810619354248,0.0,0.0,0.0,0.0,0.0,0.0,0.0,0.0,0.0,0.0,0.0,0.0,0.0,0.999999899578133,0.999999899578133,0.025677443343536395,0,0,0,0,0,0,0,1.0,1.0,0.0,0.0
0,1000,0,odam,fpn,0.1958007514476776,0.0,global_ddp_mean,2,0.0,2.1713521480560303,2.1713521480560303,0.0,0.0,0.0,0.0,0.0,0.0,0.0,0.0,0.0,0.0,0.0,0.0,0.0,0.999999934116182,0.999999934116182,0.02079826042372496,0,0,0,0,0,0,0,1.0,1.0,0.0,0.0
0,1000,0,odam,rpn,0.1958007514476776,0.0,global_ddp_mean,2,0.0,5.590546607971191,5.590546607971191,0.0,0.0,0.0,0.0,0.0,0.0,0.0,0.0,0.0,0.0,0.0,0.0,0.0,1.0000000015960426,1.0000000015960426,0.0,0,0,0,0,0,0,0,1.0,1.0,0.0,0.0
0,1000,0,odam,roi_shared,0.1958007514476776,0.0,global_ddp_mean,2,0.0,3.9509189128875732,3.9509189128875732,0.0,0.0,0.0,0.0,0.0,0.0,0.0,0.0,0.0,0.0,0.0,0.0,0.0,0.9999999407125287,0.9999999407125287,0.019729637050407096,0,0,0,0,0,0,0,1.0,1.0,0.0,0.0
0,1000,0,odam,roi_cls,0.1958007514476776,0.0,global_ddp_mean,2,0.0,3.1237010955810547,3.1237010955810547,0.0,0.0,0.0,0.0,0.0,0.0,0.0,0.0,0.0,0.0,0.0,0.0,0.0,0.9999999736980794,0.9999999736980794,0.01314108918452249,0,0,0,0,0,0,0,1.0,1.0,0.0,0.0
0,1000,0,odam,roi_reg,0.1958007514476776,0.0,global_ddp_mean,2,0.0,1.6687822341918945,1.6687822341918945,0.0,0.0,0.0,0.0,0.0,0.0,0.0,0.0,0.0,0.0,0.0,0.0,0.0,1.0000000004830243,1.0000000004830243,0.0,0,0,0,0,0,0,0,1.0,1.0,0.0,0.0
0,1100,0,odam,backbone,0.29610878229141235,-0.0,global_ddp_mean,2,0.0,48.068050384521484,48.068050384521484,0.0,0.0,0.0,0.0,0.0,0.0,0.0,0.0,0.0,0.0,0.0,0.0,0.0,0.9999999505512147,0.9999999505512147,0.018018367722070314,0,0,0,0,0,0,0,1.0,1.0,0.0,0.0
0,1100,0,odam,fpn,0.29610878229141235,-0.0,global_ddp_mean,2,0.0,17.62390899658203,17.62390899658203,0.0,0.0,0.0,0.0,0.0,0.0,0.0,0.0,0.0,0.0,0.0,0.0,0.0,1.0000000145902312,1.0000000145902312,0.0,0,0,0,0,0,0,0,1.0,1.0,0.0,0.0
0,1100,0,odam,rpn,0.29610878229141235,-0.0,global_ddp_mean,2,0.0,12.53188705444336,12.53188705444336,0.0,0.0,0.0,0.0,0.0,0.0,0.0,0.0,0.0,0.0,0.0,0.0,0.0,1.0000000596589058,1.0000000596589058,0.0,0,0,0,0,0,0,0,1.0,1.0,0.0,0.0
0,1100,0,odam,roi_shared,0.29610878229141235,-0.0,global_ddp_mean,2,0.0,54.95115280151367,54.95115280151367,0.0,0.0,0.0,0.0,0.0,0.0,0.0,0.0,0.0,0.0,0.0,0.0,0.0,1.0000000663379287,1.0000000663379287,0.0,0,0,0,0,0,0,0,1.0,1.0,0.0,0.0
0,1100,0,odam,roi_cls,0.29610878229141235,-0.0,global_ddp_mean,2,0.0,61.258792877197266,61.258792877197266,0.0,0.0,0.0,0.0,0.0,0.0,0.0,0.0,0.0,0.0,0.0,0.0,0.0,0.999999984988206,0.999999984988206,0.009927820797163029,0,0,0,0,0,0,0,1.0,1.0,0.0,0.0
0,1100,0,odam,roi_reg,0.29610878229141235,-0.0,global_ddp_mean,2,0.0,5.470950603485107,5.470950603485107,0.0,0.0,0.0,0.0,0.0,0.0,0.0,0.0,0.0,0.0,0.0,0.0,0.0,1.0000000204190693,1.0000000204190693,0.0,0,0,0,0,0,0,0,1.0,1.0,0.0,0.0
0,1200,0,odam,backbone,0.26747754216194153,0.0,global_ddp_mean,2,0.0,33.73005294799805,33.73005294799805,0.0,0.0,0.0,0.0,0.0,0.0,0.0,0.0,0.0,0.0,0.0,0.0,0.0,0.9999999637777159,0.9999999637777159,0.015421461982932814,0,0,0,0,0,0,0,1.0,1.0,0.0,0.0
0,1200,0,odam,fpn,0.26747754216194153,0.0,global_ddp_mean,2,0.0,7.508965492248535,7.508965492248535,0.0,0.0,0.0,0.0,0.0,0.0,0.0,0.0,0.0,0.0,0.0,0.0,0.0,0.9999999444452262,0.9999999444452262,0.019098458881871738,0,0,0,0,0,0,0,1.0,1.0,0.0,0.0
0,1200,0,odam,rpn,0.26747754216194153,0.0,global_ddp_mean,2,0.0,12.865073204040527,12.865073204040527,0.0,0.0,0.0,0.0,0.0,0.0,0.0,0.0,0.0,0.0,0.0,0.0,0.0,0.9999999563352215,0.9999999563352215,0.016931805163200957,0,0,0,0,0,0,0,1.0,1.0,0.0,0.0
0,1200,0,odam,roi_shared,0.26747754216194153,0.0,global_ddp_mean,2,0.0,19.10408592224121,19.10408592224121,0.0,0.0,0.0,0.0,0.0,0.0,0.0,0.0,0.0,0.0,0.0,0.0,0.0,0.9999999055494472,0.9999999055494472,0.02490232436747299,0,0,0,0,0,0,0,1.0,1.0,0.0,0.0
0,1200,0,odam,roi_cls,0.26747754216194153,0.0,global_ddp_mean,2,0.0,22.475419998168945,22.475419998168945,0.0,0.0,0.0,0.0,0.0,0.0,0.0,0.0,0.0,0.0,0.0,0.0,0.0,0.9999999933451307,0.9999999933451307,0.00661009036154514,0,0,0,0,0,0,0,1.0,1.0,0.0,0.0
0,1200,0,odam,roi_reg,0.26747754216194153,0.0,global_ddp_mean,2,0.0,13.224323272705078,13.224323272705078,0.0,0.0,0.0,0.0,0.0,0.0,0.0,0.0,0.0,0.0,0.0,0.0,0.0,0.9999999709877376,0.9999999709877376,0.013801567997725075,0,0,0,0,0,0,0,1.0,1.0,0.0,0.0
0,1300,0,odam,backbone,0.2953607738018036,-0.0,global_ddp_mean,2,0.0,17.6185245513916,17.6185245513916,0.0,0.0,0.0,0.0,0.0,0.0,0.0,0.0,0.0,0.0,0.0,0.0,0.0,1.0000000231395152,1.0000000231395152,0.0,0,0,0,0,0,0,0,1.0,1.0,0.0,0.0
0,1300,0,odam,fpn,0.2953607738018036,-0.0,global_ddp_mean,2,0.0,7.24985933303833,7.24985933303833,0.0,0.0,0.0,0.0,0.0,0.0,0.0,0.0,0.0,0.0,0.0,0.0,0.0,0.9999999769431226,0.9999999769431226,0.012303760714115682,0,0,0,0,0,0,0,1.0,1.0,0.0,0.0
0,1300,0,odam,rpn,0.2953607738018036,-0.0,global_ddp_mean,2,0.0,10.154070854187012,10.154070854187012,0.0,0.0,0.0,0.0,0.0,0.0,0.0,0.0,0.0,0.0,0.0,0.0,0.0,1.0000000840148935,1.0000000840148935,0.0,0,0,0,0,0,0,0,1.0,1.0,0.0,0.0
0,1300,0,odam,roi_shared,0.2953607738018036,-0.0,global_ddp_mean,2,0.0,21.988920211791992,21.988920211791992,0.0,0.0,0.0,0.0,0.0,0.0,0.0,0.0,0.0,0.0,0.0,0.0,0.0,0.9999999196745526,0.9999999196745526,0.022964881551524017,0,0,0,0,0,0,0,1.0,1.0,0.0,0.0
0,1300,0,odam,roi_cls,0.2953607738018036,-0.0,global_ddp_mean,2,0.0,24.783506393432617,24.783506393432617,0.0,0.0,0.0,0.0,0.0,0.0,0.0,0.0,0.0,0.0,0.0,0.0,0.0,1.0000000648797642,1.0000000648797642,0.0,0,0,0,0,0,0,0,1.0,1.0,0.0,0.0
0,1300,0,odam,roi_reg,0.2953607738018036,-0.0,global_ddp_mean,2,0.0,6.088883876800537,6.088883876800537,0.0,0.0,0.0,0.0,0.0,0.0,0.0,0.0,0.0,0.0,0.0,0.0,0.0,1.0000000486002594,1.0000000486002594,0.0,0,0,0,0,0,0,0,1.0,1.0,0.0,0.0
0,1400,0,odam,backbone,0.8071860074996948,0.0,global_ddp_mean,2,0.0,57.01893997192383,57.01893997192383,0.0,0.0,0.0,0.0,0.0,0.0,0.0,0.0,0.0,0.0,0.0,0.0,0.0,0.9999999717966075,0.9999999717966075,0.013607812201813748,0,0,0,0,0,0,0,1.0,1.0,0.0,0.0
0,1400,0,odam,fpn,0.8071860074996948,0.0,global_ddp_mean,2,0.0,21.311874389648438,21.311874389648438,0.0,0.0,0.0,0.0,0.0,0.0,0.0,0.0,0.0,0.0,0.0,0.0,0.0,1.0000000537304257,1.0000000537304257,0.0,0,0,0,0,0,0,0,1.0,1.0,0.0,0.0
0,1400,0,odam,rpn,0.8071860074996948,0.0,global_ddp_mean,2,0.0,26.25992202758789,26.25992202758789,0.0,0.0,0.0,0.0,0.0,0.0,0.0,0.0,0.0,0.0,0.0,0.0,0.0,0.9999999872368674,0.9999999872368674,0.009154113028910496,0,0,0,0,0,0,0,1.0,1.0,0.0,0.0
0,1400,0,odam,roi_shared,0.8071860074996948,0.0,global_ddp_mean,2,0.0,62.87469482421875,62.87469482421875,0.0,0.0,0.0,0.0,0.0,0.0,0.0,0.0,0.0,0.0,0.0,0.0,0.0,0.9999999497986385,0.9999999497986385,0.01815496349379313,0,0,0,0,0,0,0,1.0,1.0,0.0,0.0
0,1400,0,odam,roi_cls,0.8071860074996948,0.0,global_ddp_mean,2,0.0,71.56633758544922,71.56633758544922,0.0,0.0,0.0,0.0,0.0,0.0,0.0,0.0,0.0,0.0,0.0,0.0,0.0,1.000000009227677,1.000000009227677,0.0,0,0,0,0,0,0,0,1.0,1.0,0.0,0.0
0,1400,0,odam,roi_reg,0.8071860074996948,0.0,global_ddp_mean,2,0.0,34.575828552246094,34.575828552246094,0.0,0.0,0.0,0.0,0.0,0.0,0.0,0.0,0.0,0.0,0.0,0.0,0.0,0.9999999957881183,0.9999999957881183,0.005258667531973342,0,0,0,0,0,0,0,1.0,1.0,0.0,0.0
1,0,0,odam,backbone,0.06806843727827072,-0.0,global_ddp_mean,2,0.0,8.63314437866211,8.63314437866211,0.0,0.0,0.0,0.0,0.0,0.0,0.0,0.0,0.0,0.0,0.0,0.0,0.0,1.0000000952892252,1.0000000952892252,0.0,0,0,0,0,0,0,0,1.0,1.0,0.0,0.0
1,0,0,odam,fpn,0.06806843727827072,-0.0,global_ddp_mean,2,0.0,1.3186376094818115,1.3186376094818115,0.0,0.0,0.0,0.0,0.0,0.0,0.0,0.0,0.0,0.0,0.0,0.0,0.0,1.0000000170736032,1.0000000170736032,0.0,0,0,0,0,0,0,0,1.0,1.0,0.0,0.0
1,0,0,odam,rpn,0.06806843727827072,-0.0,global_ddp_mean,2,0.0,3.9067203998565674,3.9067203998565674,0.0,0.0,0.0,0.0,0.0,0.0,0.0,0.0,0.0,0.0,0.0,0.0,0.0,1.000000015768094,1.000000015768094,0.0,0,0,0,0,0,0,0,1.0,1.0,0.0,0.0
1,0,0,odam,roi_shared,0.06806843727827072,-0.0,global_ddp_mean,2,0.0,1.2766135931015015,1.2766135931015015,0.0,0.0,0.0,0.0,0.0,0.0,0.0,0.0,0.0,0.0,0.0,0.0,0.0,1.0000000723214864,1.0000000723214864,0.0,0,0,0,0,0,0,0,1.0,1.0,0.0,0.0
1,0,0,odam,roi_cls,0.06806843727827072,-0.0,global_ddp_mean,2,0.0,1.3723891973495483,1.3723891973495483,0.0,0.0,0.0,0.0,0.0,0.0,0.0,0.0,0.0,0.0,0.0,0.0,0.0,0.9999999728353605,0.9999999728353605,0.013354868144174581,0,0,0,0,0,0,0,1.0,1.0,0.0,0.0
1,0,0,odam,roi_reg,0.06806843727827072,-0.0,global_ddp_mean,2,0.0,0.29934293031692505,0.29934293031692505,0.0,0.0,0.0,0.0,0.0,0.0,0.0,0.0,0.0,0.0,0.0,0.0,0.0,0.999999981105587,0.999999981105587,0.011137926134033357,0,0,0,0,0,0,0,1.0,1.0,0.0,0.0
1,100,0,odam,backbone,0.7613734006881714,-0.0,global_ddp_mean,2,0.0,19.027292251586914,19.027292251586914,0.0,0.0,0.0,0.0,0.0,0.0,0.0,0.0,0.0,0.0,0.0,0.0,0.0,0.9999999761615411,0.9999999761615411,0.012510559098257767,0,0,0,0,0,0,0,1.0,1.0,0.0,0.0
1,100,0,odam,fpn,0.7613734006881714,-0.0,global_ddp_mean,2,0.0,6.429831504821777,6.429831504821777,0.0,0.0,0.0,0.0,0.0,0.0,0.0,0.0,0.0,0.0,0.0,0.0,0.0,0.9999999587698134,0.9999999587698134,0.01645300697786144,0,0,0,0,0,0,0,1.0,1.0,0.0,0.0
1,100,0,odam,rpn,0.7613734006881714,-0.0,global_ddp_mean,2,0.0,12.231453895568848,12.231453895568848,0.0,0.0,0.0,0.0,0.0,0.0,0.0,0.0,0.0,0.0,0.0,0.0,0.0,1.0000000690603905,1.0000000690603905,0.0,0,0,0,0,0,0,0,1.0,1.0,0.0,0.0
1,100,0,odam,roi_shared,0.7613734006881714,-0.0,global_ddp_mean,2,0.0,17.60959243774414,17.60959243774414,0.0,0.0,0.0,0.0,0.0,0.0,0.0,0.0,0.0,0.0,0.0,0.0,0.0,0.9999999079699876,0.9999999079699876,0.02458116000903035,0,0,0,0,0,0,0,1.0,1.0,0.0,0.0
1,100,0,odam,roi_cls,0.7613734006881714,-0.0,global_ddp_mean,2,0.0,19.34511947631836,19.34511947631836,0.0,0.0,0.0,0.0,0.0,0.0,0.0,0.0,0.0,0.0,0.0,0.0,0.0,0.9999999051595567,0.9999999051595567,0.024953669643864328,0,0,0,0,0,0,0,1.0,1.0,0.0,0.0
1,100,0,odam,roi_reg,0.7613734006881714,-0.0,global_ddp_mean,2,0.0,14.53074836730957,14.53074836730957,0.0,0.0,0.0,0.0,0.0,0.0,0.0,0.0,0.0,0.0,0.0,0.0,0.0,0.9999999575930606,0.9999999575930606,0.016686148204158605,0,0,0,0,0,0,0,1.0,1.0,0.0,0.0
1,200,0,odam,backbone,0.2519981861114502,-0.0,global_ddp_mean,2,0.0,13.346397399902344,13.346397399902344,0.0,0.0,0.0,0.0,0.0,0.0,0.0,0.0,0.0,0.0,0.0,0.0,0.0,1.0000000222231522,1.0000000222231522,0.0,0,0,0,0,0,0,0,1.0,1.0,0.0,0.0
1,200,0,odam,fpn,0.2519981861114502,-0.0,global_ddp_mean,2,0.0,3.7811667919158936,3.7811667919158936,0.0,0.0,0.0,0.0,0.0,0.0,0.0,0.0,0.0,0.0,0.0,0.0,0.0,0.9999999880510805,0.9999999880510805,0.008857312115511332,0,0,0,0,0,0,0,1.0,1.0,0.0,0.0
1,200,0,odam,rpn,0.2519981861114502,-0.0,global_ddp_mean,2,0.0,9.765902519226074,9.765902519226074,0.0,0.0,0.0,0.0,0.0,0.0,0.0,0.0,0.0,0.0,0.0,0.0,0.0,1.0000000432524607,1.0000000432524607,0.0,0,0,0,0,0,0,0,1.0,1.0,0.0,0.0
1,200,0,odam,roi_shared,0.2519981861114502,-0.0,global_ddp_mean,2,0.0,9.274389266967773,9.274389266967773,0.0,0.0,0.0,0.0,0.0,0.0,0.0,0.0,0.0,0.0,0.0,0.0,0.0,0.9999999253694992,0.9999999253694992,0.02213583000070832,0,0,0,0,0,0,0,1.0,1.0,0.0,0.0
1,200,0,odam,roi_cls,0.2519981861114502,-0.0,global_ddp_mean,2,0.0,11.411872863769531,11.411872863769531,0.0,0.0,0.0,0.0,0.0,0.0,0.0,0.0,0.0,0.0,0.0,0.0,0.0,0.9999999439618006,0.9999999439618006,0.01918137422595645,0,0,0,0,0,0,0,1.0,1.0,0.0,0.0
1,200,0,odam,roi_reg,0.2519981861114502,-0.0,global_ddp_mean,2,0.0,8.382280349731445,8.382280349731445,0.0,0.0,0.0,0.0,0.0,0.0,0.0,0.0,0.0,0.0,0.0,0.0,0.0,0.9999999310737492,0.9999999310737492,0.02127305979247843,0,0,0,0,0,0,0,1.0,1.0,0.0,0.0
1,300,0,odam,backbone,0.4410545825958252,-0.0,global_ddp_mean,2,0.0,12.863601684570312,12.863601684570312,0.0,0.0,0.0,0.0,0.0,0.0,0.0,0.0,0.0,0.0,0.0,0.0,0.0,0.9999999756056686,0.9999999756056686,0.012655581100321401,0,0,0,0,0,0,0,1.0,1.0,0.0,0.0
1,300,0,odam,fpn,0.4410545825958252,-0.0,global_ddp_mean,2,0.0,2.2610442638397217,2.2610442638397217,0.0,0.0,0.0,0.0,0.0,0.0,0.0,0.0,0.0,0.0,0.0,0.0,0.0,0.9999999485401794,0.9999999485401794,0.01838111135777317,0,0,0,0,0,0,0,1.0,1.0,0.0,0.0
1,300,0,odam,rpn,0.4410545825958252,-0.0,global_ddp_mean,2,0.0,5.804869174957275,5.804869174957275,0.0,0.0,0.0,0.0,0.0,0.0,0.0,0.0,0.0,0.0,0.0,0.0,0.0,1.0000000107392435,1.0000000107392435,0.0,0,0,0,0,0,0,0,1.0,1.0,0.0,0.0
1,300,0,odam,roi_shared,0.4410545825958252,-0.0,global_ddp_mean,2,0.0,4.458256244659424,4.458256244659424,0.0,0.0,0.0,0.0,0.0,0.0,0.0,0.0,0.0,0.0,0.0,0.0,0.0,1.0000000150283037,1.0000000150283037,0.0,0,0,0,0,0,0,0,1.0,1.0,0.0,0.0
1,300,0,odam,roi_cls,0.4410545825958252,-0.0,global_ddp_mean,2,0.0,2.2134664058685303,2.2134664058685303,0.0,0.0,0.0,0.0,0.0,0.0,0.0,0.0,0.0,0.0,0.0,0.0,0.0,1.0000000169233723,1.0000000169233723,0.0,0,0,0,0,0,0,0,1.0,1.0,0.0,0.0
1,300,0,odam,roi_reg,0.4410545825958252,-0.0,global_ddp_mean,2,0.0,2.5111849308013916,2.5111849308013916,0.0,0.0,0.0,0.0,0.0,0.0,0.0,0.0,0.0,0.0,0.0,0.0,0.0,1.0000000106369278,1.0000000106369278,0.0,0,0,0,0,0,0,0,1.0,1.0,0.0,0.0
1,400,0,odam,backbone,0.052229590713977814,0.0,global_ddp_mean,2,0.0,8.842873573303223,8.842873573303223,0.0,0.0,0.0,0.0,0.0,0.0,0.0,0.0,0.0,0.0,0.0,0.0,0.0,1.000000073261449,1.000000073261449,0.0,0,0,0,0,0,0,0,1.0,1.0,0.0,0.0
1,400,0,odam,fpn,0.052229590713977814,0.0,global_ddp_mean,2,0.0,3.247765302658081,3.247765302658081,0.0,0.0,0.0,0.0,0.0,0.0,0.0,0.0,0.0,0.0,0.0,0.0,0.0,0.9999999899230617,0.9999999899230617,0.008133958082302233,0,0,0,0,0,0,0,1.0,1.0,0.0,0.0
1,400,0,odam,rpn,0.052229590713977814,0.0,global_ddp_mean,2,0.0,6.954482555389404,6.954482555389404,0.0,0.0,0.0,0.0,0.0,0.0,0.0,0.0,0.0,0.0,0.0,0.0,0.0,0.999999970829567,0.999999970829567,0.013839138919222007,0,0,0,0,0,0,0,1.0,1.0,0.0,0.0
1,400,0,odam,roi_shared,0.052229590713977814,0.0,global_ddp_mean,2,0.0,8.535398483276367,8.535398483276367,0.0,0.0,0.0,0.0,0.0,0.0,0.0,0.0,0.0,0.0,0.0,0.0,0.0,1.0000001057585157,1.0000001057585157,0.0,0,0,0,0,0,0,0,1.0,1.0,0.0,0.0
1,400,0,odam,roi_cls,0.052229590713977814,0.0,global_ddp_mean,2,0.0,8.853050231933594,8.853050231933594,0.0,0.0,0.0,0.0,0.0,0.0,0.0,0.0,0.0,0.0,0.0,0.0,0.0,1.0000000584560842,1.0000000584560842,0.0,0,0,0,0,0,0,0,1.0,1.0,0.0,0.0
1,400,0,odam,roi_reg,0.052229590713977814,0.0,global_ddp_mean,2,0.0,4.457052230834961,4.457052230834961,0.0,0.0,0.0,0.0,0.0,0.0,0.0,0.0,0.0,0.0,0.0,0.0,0.0,0.9999998987130585,0.9999998987130585,0.02578780410755464,0,0,0,0,0,0,0,1.0,1.0,0.0,0.0
1,500,0,odam,backbone,0.39244335889816284,-0.0,global_ddp_mean,2,0.0,8.934637069702148,8.934637069702148,0.0,0.0,0.0,0.0,0.0,0.0,0.0,0.0,0.0,0.0,0.0,0.0,0.0,1.000000049644117,1.000000049644117,0.0,0,0,0,0,0,0,0,1.0,1.0,0.0,0.0
1,500,0,odam,fpn,0.39244335889816284,-0.0,global_ddp_mean,2,0.0,3.3746020793914795,3.3746020793914795,0.0,0.0,0.0,0.0,0.0,0.0,0.0,0.0,0.0,0.0,0.0,0.0,0.0,0.9999999389896098,0.9999999389896098,0.020014259833952542,0,0,0,0,0,0,0,1.0,1.0,0.0,0.0
1,500,0,odam,rpn,0.39244335889816284,-0.0,global_ddp_mean,2,0.0,4.325393199920654,4.325393199920654,0.0,0.0,0.0,0.0,0.0,0.0,0.0,0.0,0.0,0.0,0.0,0.0,0.0,1.0000000001469924,1.0000000001469924,0.0,0,0,0,0,0,0,0,1.0,1.0,0.0,0.0
1,500,0,odam,roi_shared,0.39244335889816284,-0.0,global_ddp_mean,2,0.0,9.836329460144043,9.836329460144043,0.0,0.0,0.0,0.0,0.0,0.0,0.0,0.0,0.0,0.0,0.0,0.0,0.0,1.0000000265962783,1.0000000265962783,0.0,0,0,0,0,0,0,0,1.0,1.0,0.0,0.0
1,500,0,odam,roi_cls,0.39244335889816284,-0.0,global_ddp_mean,2,0.0,11.024406433105469,11.024406433105469,0.0,0.0,0.0,0.0,0.0,0.0,0.0,0.0,0.0,0.0,0.0,0.0,0.0,1.0000000579918862,1.0000000579918862,0.0,0,0,0,0,0,0,0,1.0,1.0,0.0,0.0
1,500,0,odam,roi_reg,0.39244335889816284,-0.0,global_ddp_mean,2,0.0,2.402890682220459,2.402890682220459,0.0,0.0,0.0,0.0,0.0,0.0,0.0,0.0,0.0,0.0,0.0,0.0,0.0,0.9999999501273318,0.9999999501273318,0.01809543109611337,0,0,0,0,0,0,0,1.0,1.0,0.0,0.0
1,600,0,odam,backbone,0.13164158165454865,-0.0,global_ddp_mean,2,0.0,6.170751094818115,6.170751094818115,0.0,0.0,0.0,0.0,0.0,0.0,0.0,0.0,0.0,0.0,0.0,0.0,0.0,1.000000044701945,1.000000044701945,0.0,0,0,0,0,0,0,0,1.0,1.0,0.0,0.0
1,600,0,odam,fpn,0.13164158165454865,-0.0,global_ddp_mean,2,0.0,1.4430394172668457,1.4430394172668457,0.0,0.0,0.0,0.0,0.0,0.0,0.0,0.0,0.0,0.0,0.0,0.0,0.0,1.000000062648879,1.000000062648879,0.0,0,0,0,0,0,0,0,1.0,1.0,0.0,0.0
1,600,0,odam,rpn,0.13164158165454865,-0.0,global_ddp_mean,2,0.0,3.6144959926605225,3.6144959926605225,0.0,0.0,0.0,0.0,0.0,0.0,0.0,0.0,0.0,0.0,0.0,0.0,0.0,0.9999999721689835,0.9999999721689835,0.013517680132998616,0,0,0,0,0,0,0,1.0,1.0,0.0,0.0
1,600,0,odam,roi_shared,0.13164158165454865,-0.0,global_ddp_mean,2,0.0,2.9268686771392822,2.9268686771392822,0.0,0.0,0.0,0.0,0.0,0.0,0.0,0.0,0.0,0.0,0.0,0.0,0.0,0.9999999461097457,0.9999999461097457,0.018810171209978514,0,0,0,0,0,0,0,1.0,1.0,0.0,0.0
1,600,0,odam,roi_cls,0.13164158165454865,-0.0,global_ddp_mean,2,0.0,3.3106303215026855,3.3106303215026855,0.0,0.0,0.0,0.0,0.0,0.0,0.0,0.0,0.0,0.0,0.0,0.0,0.0,0.9999999692843867,0.9999999692843867,0.014200944392543286,0,0,0,0,0,0,0,1.0,1.0,0.0,0.0
1,600,0,odam,roi_reg,0.13164158165454865,-0.0,global_ddp_mean,2,0.0,1.2115542888641357,1.2115542888641357,0.0,0.0,0.0,0.0,0.0,0.0,0.0,0.0,0.0,0.0,0.0,0.0,0.0,1.000000083444859,1.000000083444859,0.0,0,0,0,0,0,0,0,1.0,1.0,0.0,0.0
1,700,0,odam,backbone,0.11375321447849274,-0.0,global_ddp_mean,2,0.0,49.045738220214844,49.045738220214844,0.0,0.0,0.0,0.0,0.0,0.0,0.0,0.0,0.0,0.0,0.0,0.0,0.0,1.000000075483665,1.000000075483665,0.0,0,0,0,0,0,0,0,1.0,1.0,0.0,0.0
1,700,0,odam,fpn,0.11375321447849274,-0.0,global_ddp_mean,2,0.0,7.422192096710205,7.422192096710205,0.0,0.0,0.0,0.0,0.0,0.0,0.0,0.0,0.0,0.0,0.0,0.0,0.0,0.9999999367728949,0.9999999367728949,0.020374608920206146,0,0,0,0,0,0,0,1.0,1.0,0.0,0.0
1,700,0,odam,rpn,0.11375321447849274,-0.0,global_ddp_mean,2,0.0,19.365154266357422,19.365154266357422,0.0,0.0,0.0,0.0,0.0,0.0,0.0,0.0,0.0,0.0,0.0,0.0,0.0,1.0000000441289778,1.0000000441289778,0.0,0,0,0,0,0,0,0,1.0,1.0,0.0,0.0
1,700,0,odam,roi_shared,0.11375321447849274,-0.0,global_ddp_mean,2,0.0,13.623774528503418,13.623774528503418,0.0,0.0,0.0,0.0,0.0,0.0,0.0,0.0,0.0,0.0,0.0,0.0,0.0,0.9999999520883092,0.9999999520883092,0.017736110293709733,0,0,0,0,0,0,0,1.0,1.0,0.0,0.0
1,700,0,odam,roi_cls,0.11375321447849274,-0.0,global_ddp_mean,2,0.0,15.388553619384766,15.388553619384766,0.0,0.0,0.0,0.0,0.0,0.0,0.0,0.0,0.0,0.0,0.0,0.0,0.0,1.0000000176229236,1.0000000176229236,0.0,0,0,0,0,0,0,0,1.0,1.0,0.0,0.0
1,700,0,odam,roi_reg,0.11375321447849274,-0.0,global_ddp_mean,2,0.0,8.281526565551758,8.281526565551758,0.0,0.0,0.0,0.0,0.0,0.0,0.0,0.0,0.0,0.0,0.0,0.0,0.0,1.0000000666729116,1.0000000666729116,0.0,0,0,0,0,0,0,0,1.0,1.0,0.0,0.0
1,800,0,odam,backbone,0.40137580037117004,-0.0,global_ddp_mean,2,0.0,12.11309814453125,12.11309814453125,0.0,0.0,0.0,0.0,0.0,0.0,0.0,0.0,0.0,0.0,0.0,0.0,0.0,0.9999999705230959,0.9999999705230959,0.01391164753465188,0,0,0,0,0,0,0,1.0,1.0,0.0,0.0
1,800,0,odam,fpn,0.40137580037117004,-0.0,global_ddp_mean,2,0.0,3.848905563354492,3.848905563354492,0.0,0.0,0.0,0.0,0.0,0.0,0.0,0.0,0.0,0.0,0.0,0.0,0.0,1.0000000324472003,1.0000000324472003,0.0,0,0,0,0,0,0,0,1.0,1.0,0.0,0.0
1,800,0,odam,rpn,0.40137580037117004,-0.0,global_ddp_mean,2,0.0,6.016477108001709,6.016477108001709,0.0,0.0,0.0,0.0,0.0,0.0,0.0,0.0,0.0,0.0,0.0,0.0,0.0,1.0000000346915991,1.0000000346915991,0.0,0,0,0,0,0,0,0,1.0,1.0,0.0,0.0
1,800,0,odam,roi_shared,0.40137580037117004,-0.0,global_ddp_mean,2,0.0,9.762490272521973,9.762490272521973,0.0,0.0,0.0,0.0,0.0,0.0,0.0,0.0,0.0,0.0,0.0,0.0,0.0,0.9999999691291922,0.9999999691291922,0.014236775224314274,0,0,0,0,0,0,0,1.0,1.0,0.0,0.0
1,800,0,odam,roi_cls,0.40137580037117004,-0.0,global_ddp_mean,2,0.0,10.720230102539062,10.720230102539062,0.0,0.0,0.0,0.0,0.0,0.0,0.0,0.0,0.0,0.0,0.0,0.0,0.0,0.9999999892360483,0.9999999892360483,0.008406660353989015,0,0,0,0,0,0,0,1.0,1.0,0.0,0.0
1,800,0,odam,roi_reg,0.40137580037117004,-0.0,global_ddp_mean,2,0.0,7.387691974639893,7.387691974639893,0.0,0.0,0.0,0.0,0.0,0.0,0.0,0.0,0.0,0.0,0.0,0.0,0.0,0.9999999775264184,0.9999999775264184,0.012147132706969757,0,0,0,0,0,0,0,1.0,1.0,0.0,0.0
1,900,0,odam,backbone,0.6867842674255371,-0.0,global_ddp_mean,2,0.0,33.29758834838867,33.29758834838867,0.0,0.0,0.0,0.0,0.0,0.0,0.0,0.0,0.0,0.0,0.0,0.0,0.0,1.0000000923297894,1.0000000923297894,0.0,0,0,0,0,0,0,0,1.0,1.0,0.0,0.0
1,900,0,odam,fpn,0.6867842674255371,-0.0,global_ddp_mean,2,0.0,6.791658401489258,6.791658401489258,0.0,0.0,0.0,0.0,0.0,0.0,0.0,0.0,0.0,0.0,0.0,0.0,0.0,0.9999999437161987,0.9999999437161987,0.01922336193274897,0,0,0,0,0,0,0,1.0,1.0,0.0,0.0
1,900,0,odam,rpn,0.6867842674255371,-0.0,global_ddp_mean,2,0.0,12.791406631469727,12.791406631469727,0.0,0.0,0.0,0.0,0.0,0.0,0.0,0.0,0.0,0.0,0.0,0.0,0.0,1.0000000186915574,1.0000000186915574,0.0,0,0,0,0,0,0,0,1.0,1.0,0.0,0.0
1,900,0,odam,roi_shared,0.6867842674255371,-0.0,global_ddp_mean,2,0.0,14.359679222106934,14.359679222106934,0.0,0.0,0.0,0.0,0.0,0.0,0.0,0.0,0.0,0.0,0.0,0.0,0.0,0.9999999566254897,0.9999999566254897,0.01687543296783256,0,0,0,0,0,0,0,1.0,1.0,0.0,0.0
1,900,0,odam,roi_cls,0.6867842674255371,-0.0,global_ddp_mean,2,0.0,16.25526237487793,16.25526237487793,0.0,0.0,0.0,0.0,0.0,0.0,0.0,0.0,0.0,0.0,0.0,0.0,0.0,1.0000001009214998,1.0000001009214998,0.0,0,0,0,0,0,0,0,1.0,1.0,0.0,0.0
1,900,0,odam,roi_reg,0.6867842674255371,-0.0,global_ddp_mean,2,0.0,5.267464637756348,5.267464637756348,0.0,0.0,0.0,0.0,0.0,0.0,0.0,0.0,0.0,0.0,0.0,0.0,0.0,1.0000000574032373,1.0000000574032373,0.0,0,0,0,0,0,0,0,1.0,1.0,0.0,0.0
1,1000,0,odam,backbone,0.20058739185333252,-0.0,global_ddp_mean,2,0.0,9.49964427947998,9.49964427947998,0.0,0.0,0.0,0.0,0.0,0.0,0.0,0.0,0.0,0.0,0.0,0.0,0.0,0.9999999880300021,0.9999999880300021,0.008865120995713604,0,0,0,0,0,0,0,1.0,1.0,0.0,0.0
1,1000,0,odam,fpn,0.20058739185333252,-0.0,global_ddp_mean,2,0.0,1.2163431644439697,1.2163431644439697,0.0,0.0,0.0,0.0,0.0,0.0,0.0,0.0,0.0,0.0,0.0,0.0,0.0,0.9999999622097426,0.9999999622097426,0.015751704519642255,0,0,0,0,0,0,0,1.0,1.0,0.0,0.0
1,1000,0,odam,rpn,0.20058739185333252,-0.0,global_ddp_mean,2,0.0,2.9764046669006348,2.9764046669006348,0.0,0.0,0.0,0.0,0.0,0.0,0.0,0.0,0.0,0.0,0.0,0.0,0.0,1.0000000232596304,1.0000000232596304,0.0,0,0,0,0,0,0,0,1.0,1.0,0.0,0.0
1,1000,0,odam,roi_shared,0.20058739185333252,-0.0,global_ddp_mean,2,0.0,1.3853408098220825,1.3853408098220825,0.0,0.0,0.0,0.0,0.0,0.0,0.0,0.0,0.0,0.0,0.0,0.0,0.0,0.9999999525721762,0.9999999525721762,0.017646323260160964,0,0,0,0,0,0,0,1.0,1.0,0.0,0.0
1,1000,0,odam,roi_cls,0.20058739185333252,-0.0,global_ddp_mean,2,0.0,1.1527076959609985,1.1527076959609985,0.0,0.0,0.0,0.0,0.0,0.0,0.0,0.0,0.0,0.0,0.0,0.0,0.0,0.9999999711055391,0.9999999711055391,0.013773519542544448,0,0,0,0,0,0,0,1.0,1.0,0.0,0.0
1,1000,0,odam,roi_reg,0.20058739185333252,-0.0,global_ddp_mean,2,0.0,1.0253924131393433,1.0253924131393433,0.0,0.0,0.0,0.0,0.0,0.0,0.0,0.0,0.0,0.0,0.0,0.0,0.0,0.9999999136345901,0.9999999136345901,0.02381264035071911,0,0,0,0,0,0,0,1.0,1.0,0.0,0.0
1,1100,0,odam,backbone,0.2455316036939621,-0.0,global_ddp_mean,2,0.0,6.268843173980713,6.268843173980713,0.0,0.0,0.0,0.0,0.0,0.0,0.0,0.0,0.0,0.0,0.0,0.0,0.0,1.0000000591434948,1.0000000591434948,0.0,0,0,0,0,0,0,0,1.0,1.0,0.0,0.0
1,1100,0,odam,fpn,0.2455316036939621,-0.0,global_ddp_mean,2,0.0,1.4763758182525635,1.4763758182525635,0.0,0.0,0.0,0.0,0.0,0.0,0.0,0.0,0.0,0.0,0.0,0.0,0.0,1.0000000164842313,1.0000000164842313,0.0,0,0,0,0,0,0,0,1.0,1.0,0.0,0.0
1,1100,0,odam,rpn,0.2455316036939621,-0.0,global_ddp_mean,2,0.0,4.472163677215576,4.472163677215576,0.0,0.0,0.0,0.0,0.0,0.0,0.0,0.0,0.0,0.0,0.0,0.0,0.0,0.999999904609547,0.999999904609547,0.025025922151047,0,0,0,0,0,0,0,1.0,1.0,0.0,0.0
1,1100,0,odam,roi_shared,0.2455316036939621,-0.0,global_ddp_mean,2,0.0,1.280413269996643,1.280413269996643,0.0,0.0,0.0,0.0,0.0,0.0,0.0,0.0,0.0,0.0,0.0,0.0,0.0,0.999999950154928,0.999999950154928,0.018090423991857188,0,0,0,0,0,0,0,1.0,1.0,0.0,0.0
1,1100,0,odam,roi_cls,0.2455316036939621,-0.0,global_ddp_mean,2,0.0,1.1963458061218262,1.1963458061218262,0.0,0.0,0.0,0.0,0.0,0.0,0.0,0.0,0.0,0.0,0.0,0.0,0.0,1.0000000088123697,1.0000000088123697,0.0,0,0,0,0,0,0,0,1.0,1.0,0.0,0.0
1,1100,0,odam,roi_reg,0.2455316036939621,-0.0,global_ddp_mean,2,0.0,0.6852269768714905,0.6852269768714905,0.0,0.0,0.0,0.0,0.0,0.0,0.0,0.0,0.0,0.0,0.0,0.0,0.0,0.999999929325737,0.999999929325737,0.021541119844765907,0,0,0,0,0,0,0,1.0,1.0,0.0,0.0
1,1200,0,odam,backbone,0.3619694113731384,-0.0,global_ddp_mean,2,0.0,19.96738624572754,19.96738624572754,0.0,0.0,0.0,0.0,0.0,0.0,0.0,0.0,0.0,0.0,0.0,0.0,0.0,1.000000049453795,1.000000049453795,0.0,0,0,0,0,0,0,0,1.0,1.0,0.0,0.0
1,1200,0,odam,fpn,0.3619694113731384,-0.0,global_ddp_mean,2,0.0,3.0471298694610596,3.0471298694610596,0.0,0.0,0.0,0.0,0.0,0.0,0.0,0.0,0.0,0.0,0.0,0.0,0.0,0.9999999360312724,0.9999999360312724,0.02049375258778649,0,0,0,0,0,0,0,1.0,1.0,0.0,0.0
1,1200,0,odam,rpn,0.3619694113731384,-0.0,global_ddp_mean,2,0.0,3.736398220062256,3.736398220062256,0.0,0.0,0.0,0.0,0.0,0.0,0.0,0.0,0.0,0.0,0.0,0.0,0.0,0.9999999832372913,0.9999999832372913,0.010490827098421,0,0,0,0,0,0,0,1.0,1.0,0.0,0.0
1,1200,0,odam,roi_shared,0.3619694113731384,-0.0,global_ddp_mean,2,0.0,7.273940563201904,7.273940563201904,0.0,0.0,0.0,0.0,0.0,0.0,0.0,0.0,0.0,0.0,0.0,0.0,0.0,1.0000000407003657,1.0000000407003657,0.0,0,0,0,0,0,0,0,1.0,1.0,0.0,0.0
1,1200,0,odam,roi_cls,0.3619694113731384,-0.0,global_ddp_mean,2,0.0,8.258660316467285,8.258660316467285,0.0,0.0,0.0,0.0,0.0,0.0,0.0,0.0,0.0,0.0,0.0,0.0,0.0,1.0000000678937349,1.0000000678937349,0.0,0,0,0,0,0,0,0,1.0,1.0,0.0,0.0
1,1200,0,odam,roi_reg,0.3619694113731384,-0.0,global_ddp_mean,2,0.0,2.8646678924560547,2.8646678924560547,0.0,0.0,0.0,0.0,0.0,0.0,0.0,0.0,0.0,0.0,0.0,0.0,0.0,0.999999949092905,0.999999949092905,0.018282129859056886,0,0,0,0,0,0,0,1.0,1.0,0.0,0.0
1,1300,0,odam,backbone,0.16072207689285278,0.0,global_ddp_mean,2,0.0,11.91344928741455,11.91344928741455,0.0,0.0,0.0,0.0,0.0,0.0,0.0,0.0,0.0,0.0,0.0,0.0,0.0,1.0000000610791124,1.0000000610791124,0.0,0,0,0,0,0,0,0,1.0,1.0,0.0,0.0
1,1300,0,odam,fpn,0.16072207689285278,0.0,global_ddp_mean,2,0.0,4.410823345184326,4.410823345184326,0.0,0.0,0.0,0.0,0.0,0.0,0.0,0.0,0.0,0.0,0.0,0.0,0.0,1.0000000845459376,1.0000000845459376,0.0,0,0,0,0,0,0,0,1.0,1.0,0.0,0.0
1,1300,0,odam,rpn,0.16072207689285278,0.0,global_ddp_mean,2,0.0,2.3565778732299805,2.3565778732299805,0.0,0.0,0.0,0.0,0.0,0.0,0.0,0.0,0.0,0.0,0.0,0.0,0.0,0.9999999810718574,0.9999999810718574,0.011147863198502332,0,0,0,0,0,0,0,1.0,1.0,0.0,0.0
1,1300,0,odam,roi_shared,0.16072207689285278,0.0,global_ddp_mean,2,0.0,12.740203857421875,12.740203857421875,0.0,0.0,0.0,0.0,0.0,0.0,0.0,0.0,0.0,0.0,0.0,0.0,0.0,0.9999999728199181,0.9999999728199181,0.013358663533555346,0,0,0,0,0,0,0,1.0,1.0,0.0,0.0
1,1300,0,odam,roi_cls,0.16072207689285278,0.0,global_ddp_mean,2,0.0,18.16297721862793,18.16297721862793,0.0,0.0,0.0,0.0,0.0,0.0,0.0,0.0,0.0,0.0,0.0,0.0,0.0,1.0000000814387977,1.0000000814387977,0.0,0,0,0,0,0,0,0,1.0,1.0,0.0,0.0
1,1300,0,odam,roi_reg,0.16072207689285278,0.0,global_ddp_mean,2,0.0,1.644818663597107,1.644818663597107,0.0,0.0,0.0,0.0,0.0,0.0,0.0,0.0,0.0,0.0,0.0,0.0,0.0,0.9999999725645404,0.9999999725645404,0.0134212742544435,0,0,0,0,0,0,0,1.0,1.0,0.0,0.0
1,1400,0,odam,backbone,0.04989540949463844,0.0,global_ddp_mean,2,0.0,6.977006435394287,6.977006435394287,0.0,0.0,0.0,0.0,0.0,0.0,0.0,0.0,0.0,0.0,0.0,0.0,0.0,1.0000000120223693,1.0000000120223693,0.0,0,0,0,0,0,0,0,1.0,1.0,0.0,0.0
1,1400,0,odam,fpn,0.04989540949463844,0.0,global_ddp_mean,2,0.0,1.5896356105804443,1.5896356105804443,0.0,0.0,0.0,0.0,0.0,0.0,0.0,0.0,0.0,0.0,0.0,0.0,0.0,0.9999999703249999,0.9999999703249999,0.013958315036206252,0,0,0,0,0,0,0,1.0,1.0,0.0,0.0
1,1400,0,odam,rpn,0.04989540949463844,0.0,global_ddp_mean,2,0.0,1.3686902523040771,1.3686902523040771,0.0,0.0,0.0,0.0,0.0,0.0,0.0,0.0,0.0,0.0,0.0,0.0,0.0,0.9999999697765826,0.9999999697765826,0.014086704879127703,0,0,0,0,0,0,0,1.0,1.0,0.0,0.0
1,1400,0,odam,roi_shared,0.04989540949463844,0.0,global_ddp_mean,2,0.0,4.195512771606445,4.195512771606445,0.0,0.0,0.0,0.0,0.0,0.0,0.0,0.0,0.0,0.0,0.0,0.0,0.0,0.9999998876705549,0.9999998876705549,0.027157165629054437,0,0,0,0,0,0,0,1.0,1.0,0.0,0.0
1,1400,0,odam,roi_cls,0.04989540949463844,0.0,global_ddp_mean,2,0.0,5.573915958404541,5.573915958404541,0.0,0.0,0.0,0.0,0.0,0.0,0.0,0.0,0.0,0.0,0.0,0.0,0.0,0.9999999856579891,0.9999999856579891,0.009703818280151643,0,0,0,0,0,0,0,1.0,1.0,0.0,0.0
1,1400,0,odam,roi_reg,0.04989540949463844,0.0,global_ddp_mean,2,0.0,0.0,0.0,0.0,0.0,0.0,0.0,0.0,0.0,0.0,0.0,0.0,0.0,0.0,0.0,0.0,0.0,0.0,90.0,0,0,0,0,0,0,0,1.0,1.0,0.0,0.0
2,0,0,odam,backbone,0.11244280636310577,0.0,global_ddp_mean,2,0.0,7.099839687347412,7.099839687347412,0.0,0.0,0.0,0.0,0.0,0.0,0.0,0.0,0.0,0.0,0.0,0.0,0.0,0.999999977922255,0.999999977922255,0.012039681194575888,0,0,0,0,0,0,0,1.0,1.0,0.0,0.0
2,0,0,odam,fpn,0.11244280636310577,0.0,global_ddp_mean,2,0.0,2.5706915855407715,2.5706915855407715,0.0,0.0,0.0,0.0,0.0,0.0,0.0,0.0,0.0,0.0,0.0,0.0,0.0,0.9999999929108547,0.9999999929108547,0.006822358996515948,0,0,0,0,0,0,0,1.0,1.0,0.0,0.0
2,0,0,odam,rpn,0.11244280636310577,0.0,global_ddp_mean,2,0.0,2.0043301582336426,2.0043301582336426,0.0,0.0,0.0,0.0,0.0,0.0,0.0,0.0,0.0,0.0,0.0,0.0,0.0,0.9999999617604728,0.9999999617604728,0.01584506002203983,0,0,0,0,0,0,0,1.0,1.0,0.0,0.0
2,0,0,odam,roi_shared,0.11244280636310577,0.0,global_ddp_mean,2,0.0,6.702360153198242,6.702360153198242,0.0,0.0,0.0,0.0,0.0,0.0,0.0,0.0,0.0,0.0,0.0,0.0,0.0,1.0000000679158925,1.0000000679158925,0.0,0,0,0,0,0,0,0,1.0,1.0,0.0,0.0
2,0,0,odam,roi_cls,0.11244280636310577,0.0,global_ddp_mean,2,0.0,8.053727149963379,8.053727149963379,0.0,0.0,0.0,0.0,0.0,0.0,0.0,0.0,0.0,0.0,0.0,0.0,0.0,0.9999999584427134,0.9999999584427134,0.016518143075042974,0,0,0,0,0,0,0,1.0,1.0,0.0,0.0
2,0,0,odam,roi_reg,0.11244280636310577,0.0,global_ddp_mean,2,0.0,0.8504704236984253,0.8504704236984253,0.0,0.0,0.0,0.0,0.0,0.0,0.0,0.0,0.0,0.0,0.0,0.0,0.0,0.9999999709292806,0.9999999709292806,0.013815465440324352,0,0,0,0,0,0,0,1.0,1.0,0.0,0.0
2,100,0,odam,backbone,0.3241253197193146,-0.0,global_ddp_mean,2,0.0,19.761796951293945,19.761796951293945,0.0,0.0,0.0,0.0,0.0,0.0,0.0,0.0,0.0,0.0,0.0,0.0,0.0,1.000000017269184,1.000000017269184,0.0,0,0,0,0,0,0,0,1.0,1.0,0.0,0.0
2,100,0,odam,fpn,0.3241253197193146,-0.0,global_ddp_mean,2,0.0,4.281437397003174,4.281437397003174,0.0,0.0,0.0,0.0,0.0,0.0,0.0,0.0,0.0,0.0,0.0,0.0,0.0,1.0000000744974853,1.0000000744974853,0.0,0,0,0,0,0,0,0,1.0,1.0,0.0,0.0
2,100,0,odam,rpn,0.3241253197193146,-0.0,global_ddp_mean,2,0.0,6.295920372009277,6.295920372009277,0.0,0.0,0.0,0.0,0.0,0.0,0.0,0.0,0.0,0.0,0.0,0.0,0.0,0.9999999371613314,0.9999999371613314,0.020311926667506846,0,0,0,0,0,0,0,1.0,1.0,0.0,0.0
2,100,0,odam,roi_shared,0.3241253197193146,-0.0,global_ddp_mean,2,0.0,7.681361198425293,7.681361198425293,0.0,0.0,0.0,0.0,0.0,0.0,0.0,0.0,0.0,0.0,0.0,0.0,0.0,0.9999999573219814,0.9999999573219814,0.01673939493190281,0,0,0,0,0,0,0,1.0,1.0,0.0,0.0
2,100,0,odam,roi_cls,0.3241253197193146,-0.0,global_ddp_mean,2,0.0,7.728212356567383,7.728212356567383,0.0,0.0,0.0,0.0,0.0,0.0,0.0,0.0,0.0,0.0,0.0,0.0,0.0,1.00000005172729,1.00000005172729,0.0,0,0,0,0,0,0,0,1.0,1.0,0.0,0.0
2,100,0,odam,roi_reg,0.3241253197193146,-0.0,global_ddp_mean,2,0.0,2.553520441055298,2.553520441055298,0.0,0.0,0.0,0.0,0.0,0.0,0.0,0.0,0.0,0.0,0.0,0.0,0.0,1.0000000247861327,1.0000000247861327,0.0,0,0,0,0,0,0,0,1.0,1.0,0.0,0.0
2,200,0,odam,backbone,0.021189095452427864,-0.0,global_ddp_mean,2,0.0,0.8865432739257812,0.8865432739257812,0.0,0.0,0.0,0.0,0.0,0.0,0.0,0.0,0.0,0.0,0.0,0.0,0.0,1.0000000366594097,1.0000000366594097,0.0,0,0,0,0,0,0,0,1.0,1.0,0.0,0.0
2,200,0,odam,fpn,0.021189095452427864,-0.0,global_ddp_mean,2,0.0,0.1692366749048233,0.1692366749048233,0.0,0.0,0.0,0.0,0.0,0.0,0.0,0.0,0.0,0.0,0.0,0.0,0.0,1.0000000143596723,1.0000000143596723,0.0,0,0,0,0,0,0,0,1.0,1.0,0.0,0.0
2,200,0,odam,rpn,0.021189095452427864,-0.0,global_ddp_mean,2,0.0,0.13327357172966003,0.13327357172966003,0.0,0.0,0.0,0.0,0.0,0.0,0.0,0.0,0.0,0.0,0.0,0.0,0.0,1.0000000123899522,1.0000000123899522,0.0,0,0,0,0,0,0,0,1.0,1.0,0.0,0.0
2,200,0,odam,roi_shared,0.021189095452427864,-0.0,global_ddp_mean,2,0.0,0.4204646348953247,0.4204646348953247,0.0,0.0,0.0,0.0,0.0,0.0,0.0,0.0,0.0,0.0,0.0,0.0,0.0,0.9999999799197399,0.9999999799197399,0.011482125731488801,0,0,0,0,0,0,0,1.0,1.0,0.0,0.0
2,200,0,odam,roi_cls,0.021189095452427864,-0.0,global_ddp_mean,2,0.0,0.5890648365020752,0.5890648365020752,0.0,0.0,0.0,0.0,0.0,0.0,0.0,0.0,0.0,0.0,0.0,0.0,0.0,1.000000082005687,1.000000082005687,0.0,0,0,0,0,0,0,0,1.0,1.0,0.0,0.0
2,200,0,odam,roi_reg,0.021189095452427864,-0.0,global_ddp_mean,2,0.0,0.0,0.0,0.0,0.0,0.0,0.0,0.0,0.0,0.0,0.0,0.0,0.0,0.0,0.0,0.0,0.0,0.0,90.0,0,0,0,0,0,0,0,1.0,1.0,0.0,0.0
2,300,0,odam,backbone,0.057486195117235184,-0.0,global_ddp_mean,2,0.0,7.857659816741943,7.857659816741943,0.0,0.0,0.0,0.0,0.0,0.0,0.0,0.0,0.0,0.0,0.0,0.0,0.0,1.0000000476833608,1.0000000476833608,0.0,0,0,0,0,0,0,0,1.0,1.0,0.0,0.0
2,300,0,odam,fpn,0.057486195117235184,-0.0,global_ddp_mean,2,0.0,1.5324674844741821,1.5324674844741821,0.0,0.0,0.0,0.0,0.0,0.0,0.0,0.0,0.0,0.0,0.0,0.0,0.0,1.000000012859261,1.000000012859261,0.0,0,0,0,0,0,0,0,1.0,1.0,0.0,0.0
2,300,0,odam,rpn,0.057486195117235184,-0.0,global_ddp_mean,2,0.0,2.352135419845581,2.352135419845581,0.0,0.0,0.0,0.0,0.0,0.0,0.0,0.0,0.0,0.0,0.0,0.0,0.0,1.0000000436928103,1.0000000436928103,0.0,0,0,0,0,0,0,0,1.0,1.0,0.0,0.0
2,300,0,odam,roi_shared,0.057486195117235184,-0.0,global_ddp_mean,2,0.0,3.031040668487549,3.031040668487549,0.0,0.0,0.0,0.0,0.0,0.0,0.0,0.0,0.0,0.0,0.0,0.0,0.0,0.9999999660353178,0.9999999660353178,0.014933149363801808,0,0,0,0,0,0,0,1.0,1.0,0.0,0.0
2,300,0,odam,roi_cls,0.057486195117235184,-0.0,global_ddp_mean,2,0.0,4.0777974128723145,4.0777974128723145,0.0,0.0,0.0,0.0,0.0,0.0,0.0,0.0,0.0,0.0,0.0,0.0,0.0,1.0000000894318204,1.0000000894318204,0.0,0,0,0,0,0,0,0,1.0,1.0,0.0,0.0
2,300,0,odam,roi_reg,0.057486195117235184,-0.0,global_ddp_mean,2,0.0,0.16422930359840393,0.16422930359840393,0.0,0.0,0.0,0.0,0.0,0.0,0.0,0.0,0.0,0.0,0.0,0.0,0.0,1.0000000561049216,1.0000000561049216,0.0,0,0,0,0,0,0,0,1.0,1.0,0.0,0.0
2,400,0,odam,backbone,0.3416540026664734,0.0,global_ddp_mean,2,0.0,7.831055641174316,7.831055641174316,0.0,0.0,0.0,0.0,0.0,0.0,0.0,0.0,0.0,0.0,0.0,0.0,0.0,0.9999999897034951,0.9999999897034951,0.008222096038269868,0,0,0,0,0,0,0,1.0,1.0,0.0,0.0
2,400,0,odam,fpn,0.3416540026664734,0.0,global_ddp_mean,2,0.0,2.3260254859924316,2.3260254859924316,0.0,0.0,0.0,0.0,0.0,0.0,0.0,0.0,0.0,0.0,0.0,0.0,0.0,1.0000000197938934,1.0000000197938934,0.0,0,0,0,0,0,0,0,1.0,1.0,0.0,0.0
2,400,0,odam,rpn,0.3416540026664734,0.0,global_ddp_mean,2,0.0,6.501002788543701,6.501002788543701,0.0,0.0,0.0,0.0,0.0,0.0,0.0,0.0,0.0,0.0,0.0,0.0,0.0,0.9999999423587017,0.9999999423587017,0.019453802809075705,0,0,0,0,0,0,0,1.0,1.0,0.0,0.0
2,400,0,odam,roi_shared,0.3416540026664734,0.0,global_ddp_mean,2,0.0,2.3096790313720703,2.3096790313720703,0.0,0.0,0.0,0.0,0.0,0.0,0.0,0.0,0.0,0.0,0.0,0.0,0.0,0.9999999831195219,0.9999999831195219,0.010527615203887923,0,0,0,0,0,0,0,1.0,1.0,0.0,0.0
2,400,0,odam,roi_cls,0.3416540026664734,0.0,global_ddp_mean,2,0.0,2.525331735610962,2.525331735610962,0.0,0.0,0.0,0.0,0.0,0.0,0.0,0.0,0.0,0.0,0.0,0.0,0.0,1.0000000571408645,1.0000000571408645,0.0,0,0,0,0,0,0,0,1.0,1.0,0.0,0.0
2,400,0,odam,roi_reg,0.3416540026664734,0.0,global_ddp_mean,2,0.0,2.422724962234497,2.422724962234497,0.0,0.0,0.0,0.0,0.0,0.0,0.0,0.0,0.0,0.0,0.0,0.0,0.0,1.0000000406653349,1.0000000406653349,0.0,0,0,0,0,0,0,0,1.0,1.0,0.0,0.0
2,500,0,odam,backbone,0.8130806684494019,-0.0,global_ddp_mean,2,0.0,37.166297912597656,37.166297912597656,0.0,0.0,0.0,0.0,0.0,0.0,0.0,0.0,0.0,0.0,0.0,0.0,0.0,1.0000000287449833,1.0000000287449833,0.0,0,0,0,0,0,0,0,1.0,1.0,0.0,0.0
2,500,0,odam,fpn,0.8130806684494019,-0.0,global_ddp_mean,2,0.0,6.679348468780518,6.679348468780518,0.0,0.0,0.0,0.0,0.0,0.0,0.0,0.0,0.0,0.0,0.0,0.0,0.0,0.9999999388058779,0.9999999388058779,0.020044373508381015,0,0,0,0,0,0,0,1.0,1.0,0.0,0.0
2,500,0,odam,rpn,0.8130806684494019,-0.0,global_ddp_mean,2,0.0,8.925304412841797,8.925304412841797,0.0,0.0,0.0,0.0,0.0,0.0,0.0,0.0,0.0,0.0,0.0,0.0,0.0,0.9999999705836378,0.9999999705836378,0.013897353792189945,0,0,0,0,0,0,0,1.0,1.0,0.0,0.0
2,500,0,odam,roi_shared,0.8130806684494019,-0.0,global_ddp_mean,2,0.0,14.258692741394043,14.258692741394043,0.0,0.0,0.0,0.0,0.0,0.0,0.0,0.0,0.0,0.0,0.0,0.0,0.0,0.9999999965554178,0.9999999965554178,0.004755606426920043,0,0,0,0,0,0,0,1.0,1.0,0.0,0.0
2,500,0,odam,roi_cls,0.8130806684494019,-0.0,global_ddp_mean,2,0.0,16.221141815185547,16.221141815185547,0.0,0.0,0.0,0.0,0.0,0.0,0.0,0.0,0.0,0.0,0.0,0.0,0.0,0.9999999447325686,0.9999999447325686,0.019049003987087212,0,0,0,0,0,0,0,1.0,1.0,0.0,0.0
2,500,0,odam,roi_reg,0.8130806684494019,-0.0,global_ddp_mean,2,0.0,4.608777046203613,4.608777046203613,0.0,0.0,0.0,0.0,0.0,0.0,0.0,0.0,0.0,0.0,0.0,0.0,0.0,0.9999999003858995,0.9999999003858995,0.025573963602834756,0,0,0,0,0,0,0,1.0,1.0,0.0,0.0
2,600,0,odam,backbone,0.24005703628063202,-0.0,global_ddp_mean,2,0.0,9.220582008361816,9.220582008361816,0.0,0.0,0.0,0.0,0.0,0.0,0.0,0.0,0.0,0.0,0.0,0.0,0.0,0.9999999331816779,0.9999999331816779,0.020945243589976067,0,0,0,0,0,0,0,1.0,1.0,0.0,0.0
2,600,0,odam,fpn,0.24005703628063202,-0.0,global_ddp_mean,2,0.0,2.539053201675415,2.539053201675415,0.0,0.0,0.0,0.0,0.0,0.0,0.0,0.0,0.0,0.0,0.0,0.0,0.0,0.9999999277551057,0.9999999277551057,0.021779164381766077,0,0,0,0,0,0,0,1.0,1.0,0.0,0.0
2,600,0,odam,rpn,0.24005703628063202,-0.0,global_ddp_mean,2,0.0,2.795034408569336,2.795034408569336,0.0,0.0,0.0,0.0,0.0,0.0,0.0,0.0,0.0,0.0,0.0,0.0,0.0,1.0000000470181243,1.0000000470181243,0.0,0,0,0,0,0,0,0,1.0,1.0,0.0,0.0
2,600,0,odam,roi_shared,0.24005703628063202,-0.0,global_ddp_mean,2,0.0,6.624018669128418,6.624018669128418,0.0,0.0,0.0,0.0,0.0,0.0,0.0,0.0,0.0,0.0,0.0,0.0,0.0,0.9999999400163424,0.9999999400163424,0.01984513713852298,0,0,0,0,0,0,0,1.0,1.0,0.0,0.0
2,600,0,odam,roi_cls,0.24005703628063202,-0.0,global_ddp_mean,2,0.0,6.331860065460205,6.331860065460205,0.0,0.0,0.0,0.0,0.0,0.0,0.0,0.0,0.0,0.0,0.0,0.0,0.0,0.99999993264724,0.99999993264724,0.021028840710730964,0,0,0,0,0,0,0,1.0,1.0,0.0,0.0
2,600,0,odam,roi_reg,0.24005703628063202,-0.0,global_ddp_mean,2,0.0,2.8906407356262207,2.8906407356262207,0.0,0.0,0.0,0.0,0.0,0.0,0.0,0.0,0.0,0.0,0.0,0.0,0.0,1.0000000695202624,1.0000000695202624,0.0,0,0,0,0,0,0,0,1.0,1.0,0.0,0.0
2,700,0,odam,backbone,0.0165104977786541,0.0,global_ddp_mean,2,0.0,12.265677452087402,12.265677452087402,0.0,0.0,0.0,0.0,0.0,0.0,0.0,0.0,0.0,0.0,0.0,0.0,0.0,1.0000000683234673,1.0000000683234673,0.0,0,0,0,0,0,0,0,1.0,1.0,0.0,0.0
2,700,0,odam,fpn,0.0165104977786541,0.0,global_ddp_mean,2,0.0,2.97041392326355,2.97041392326355,0.0,0.0,0.0,0.0,0.0,0.0,0.0,0.0,0.0,0.0,0.0,0.0,0.0,0.9999999614941025,0.9999999614941025,0.01590015129113608,0,0,0,0,0,0,0,1.0,1.0,0.0,0.0
2,700,0,odam,rpn,0.0165104977786541,0.0,global_ddp_mean,2,0.0,2.6826298236846924,2.6826298236846924,0.0,0.0,0.0,0.0,0.0,0.0,0.0,0.0,0.0,0.0,0.0,0.0,0.0,0.999999921876936,0.999999921876936,0.022647864975735496,0,0,0,0,0,0,0,1.0,1.0,0.0,0.0
2,700,0,odam,roi_shared,0.0165104977786541,0.0,global_ddp_mean,2,0.0,7.457705497741699,7.457705497741699,0.0,0.0,0.0,0.0,0.0,0.0,0.0,0.0,0.0,0.0,0.0,0.0,0.0,0.9999999876733114,0.9999999876733114,0.008996236052760181,0,0,0,0,0,0,0,1.0,1.0,0.0,0.0
2,700,0,odam,roi_cls,0.0165104977786541,0.0,global_ddp_mean,2,0.0,8.823774337768555,8.823774337768555,0.0,0.0,0.0,0.0,0.0,0.0,0.0,0.0,0.0,0.0,0.0,0.0,0.0,1.0000000975584802,1.0000000975584802,0.0,0,0,0,0,0,0,0,1.0,1.0,0.0,0.0
2,700,0,odam,roi_reg,0.0165104977786541,0.0,global_ddp_mean,2,0.0,0.12581340968608856,0.12581340968608856,0.0,0.0,0.0,0.0,0.0,0.0,0.0,0.0,0.0,0.0,0.0,0.0,0.0,0.9999999749643633,0.9999999749643633,0.01282085390259459,0,0,0,0,0,0,0,1.0,1.0,0.0,0.0
2,800,0,odam,backbone,0.5507847666740417,-0.0,global_ddp_mean,2,0.0,13.698748588562012,13.698748588562012,0.0,0.0,0.0,0.0,0.0,0.0,0.0,0.0,0.0,0.0,0.0,0.0,0.0,0.9999999349391725,0.9999999349391725,0.020667951034421417,0,0,0,0,0,0,0,1.0,1.0,0.0,0.0
2,800,0,odam,fpn,0.5507847666740417,-0.0,global_ddp_mean,2,0.0,3.008528232574463,3.008528232574463,0.0,0.0,0.0,0.0,0.0,0.0,0.0,0.0,0.0,0.0,0.0,0.0,0.0,1.0000000775773656,1.0000000775773656,0.0,0,0,0,0,0,0,0,1.0,1.0,0.0,0.0
2,800,0,odam,rpn,0.5507847666740417,-0.0,global_ddp_mean,2,0.0,6.015099048614502,6.015099048614502,0.0,0.0,0.0,0.0,0.0,0.0,0.0,0.0,0.0,0.0,0.0,0.0,0.0,0.9999999721740647,0.9999999721740647,0.013516446103326118,0,0,0,0,0,0,0,1.0,1.0,0.0,0.0
2,800,0,odam,roi_shared,0.5507847666740417,-0.0,global_ddp_mean,2,0.0,4.947997570037842,4.947997570037842,0.0,0.0,0.0,0.0,0.0,0.0,0.0,0.0,0.0,0.0,0.0,0.0,0.0,0.999999976063284,0.999999976063284,0.012536315549080978,0,0,0,0,0,0,0,1.0,1.0,0.0,0.0
2,800,0,odam,roi_cls,0.5507847666740417,-0.0,global_ddp_mean,2,0.0,5.528530120849609,5.528530120849609,0.0,0.0,0.0,0.0,0.0,0.0,0.0,0.0,0.0,0.0,0.0,0.0,0.0,0.999999952975796,0.999999952975796,0.01757107604125727,0,0,0,0,0,0,0,1.0,1.0,0.0,0.0
2,800,0,odam,roi_reg,0.5507847666740417,-0.0,global_ddp_mean,2,0.0,4.838959693908691,4.838959693908691,0.0,0.0,0.0,0.0,0.0,0.0,0.0,0.0,0.0,0.0,0.0,0.0,0.0,1.0000000102143474,1.0000000102143474,0.0,0,0,0,0,0,0,0,1.0,1.0,0.0,0.0
2,900,0,odam,backbone,0.17625248432159424,-0.0,global_ddp_mean,2,0.0,13.220467567443848,13.220467567443848,0.0,0.0,0.0,0.0,0.0,0.0,0.0,0.0,0.0,0.0,0.0,0.0,0.0,0.9999999943753269,0.9999999943753269,0.006076958525040932,0,0,0,0,0,0,0,1.0,1.0,0.0,0.0
2,900,0,odam,fpn,0.17625248432159424,-0.0,global_ddp_mean,2,0.0,1.978883981704712,1.978883981704712,0.0,0.0,0.0,0.0,0.0,0.0,0.0,0.0,0.0,0.0,0.0,0.0,0.0,0.9999999888953195,0.9999999888953195,0.00853867855765939,0,0,0,0,0,0,0,1.0,1.0,0.0,0.0
2,900,0,odam,rpn,0.17625248432159424,-0.0,global_ddp_mean,2,0.0,4.38668966293335,4.38668966293335,0.0,0.0,0.0,0.0,0.0,0.0,0.0,0.0,0.0,0.0,0.0,0.0,0.0,1.000000078747776,1.000000078747776,0.0,0,0,0,0,0,0,0,1.0,1.0,0.0,0.0
2,900,0,odam,roi_shared,0.17625248432159424,-0.0,global_ddp_mean,2,0.0,2.195003032684326,2.195003032684326,0.0,0.0,0.0,0.0,0.0,0.0,0.0,0.0,0.0,0.0,0.0,0.0,0.0,1.0000000311535797,1.0000000311535797,0.0,0,0,0,0,0,0,0,1.0,1.0,0.0,0.0
2,900,0,odam,roi_cls,0.17625248432159424,-0.0,global_ddp_mean,2,0.0,2.692704439163208,2.692704439163208,0.0,0.0,0.0,0.0,0.0,0.0,0.0,0.0,0.0,0.0,0.0,0.0,0.0,1.0000000498922934,1.0000000498922934,0.0,0,0,0,0,0,0,0,1.0,1.0,0.0,0.0
2,900,0,odam,roi_reg,0.17625248432159424,-0.0,global_ddp_mean,2,0.0,0.984520435333252,0.984520435333252,0.0,0.0,0.0,0.0,0.0,0.0,0.0,0.0,0.0,0.0,0.0,0.0,0.0,1.0000000550453356,1.0000000550453356,0.0,0,0,0,0,0,0,0,1.0,1.0,0.0,0.0
2,1000,0,odam,backbone,0.3775624632835388,-0.0,global_ddp_mean,2,0.0,21.346698760986328,21.346698760986328,0.0,0.0,0.0,0.0,0.0,0.0,0.0,0.0,0.0,0.0,0.0,0.0,0.0,1.0000000023700113,1.0000000023700113,0.0,0,0,0,0,0,0,0,1.0,1.0,0.0,0.0
2,1000,0,odam,fpn,0.3775624632835388,-0.0,global_ddp_mean,2,0.0,4.977865695953369,4.977865695953369,0.0,0.0,0.0,0.0,0.0,0.0,0.0,0.0,0.0,0.0,0.0,0.0,0.0,1.000000049027407,1.000000049027407,0.0,0,0,0,0,0,0,0,1.0,1.0,0.0,0.0
2,1000,0,odam,rpn,0.3775624632835388,-0.0,global_ddp_mean,2,0.0,4.053618907928467,4.053618907928467,0.0,0.0,0.0,0.0,0.0,0.0,0.0,0.0,0.0,0.0,0.0,0.0,0.0,0.9999999627005676,0.9999999627005676,0.01564907757022299,0,0,0,0,0,0,0,1.0,1.0,0.0,0.0
2,1000,0,odam,roi_shared,0.3775624632835388,-0.0,global_ddp_mean,2,0.0,12.642326354980469,12.642326354980469,0.0,0.0,0.0,0.0,0.0,0.0,0.0,0.0,0.0,0.0,0.0,0.0,0.0,0.9999999953147157,0.9999999953147157,0.005546328690340312,0,0,0,0,0,0,0,1.0,1.0,0.0,0.0
2,1000,0,odam,roi_cls,0.3775624632835388,-0.0,global_ddp_mean,2,0.0,14.794293403625488,14.794293403625488,0.0,0.0,0.0,0.0,0.0,0.0,0.0,0.0,0.0,0.0,0.0,0.0,0.0,1.0000000317767899,1.0000000317767899,0.0,0,0,0,0,0,0,0,1.0,1.0,0.0,0.0
2,1000,0,odam,roi_reg,0.3775624632835388,-0.0,global_ddp_mean,2,0.0,2.3262996673583984,2.3262996673583984,0.0,0.0,0.0,0.0,0.0,0.0,0.0,0.0,0.0,0.0,0.0,0.0,0.0,1.000000012126663,1.000000012126663,0.0,0,0,0,0,0,0,0,1.0,1.0,0.0,0.0
2,1100,0,odam,backbone,0.391462504863739,0.0,global_ddp_mean,2,0.0,8.575329780578613,8.575329780578613,0.0,0.0,0.0,0.0,0.0,0.0,0.0,0.0,0.0,0.0,0.0,0.0,0.0,0.9999999581882261,0.9999999581882261,0.016568642547043183,0,0,0,0,0,0,0,1.0,1.0,0.0,0.0
2,1100,0,odam,fpn,0.391462504863739,0.0,global_ddp_mean,2,0.0,1.9500718116760254,1.9500718116760254,0.0,0.0,0.0,0.0,0.0,0.0,0.0,0.0,0.0,0.0,0.0,0.0,0.0,1.0000000212144196,1.0000000212144196,0.0,0,0,0,0,0,0,0,1.0,1.0,0.0,0.0
2,1100,0,odam,rpn,0.391462504863739,0.0,global_ddp_mean,2,0.0,1.6555798053741455,1.6555798053741455,0.0,0.0,0.0,0.0,0.0,0.0,0.0,0.0,0.0,0.0,0.0,0.0,0.0,0.9999999611688126,0.9999999611688126,0.015967170652541142,0,0,0,0,0,0,0,1.0,1.0,0.0,0.0
2,1100,0,odam,roi_shared,0.391462504863739,0.0,global_ddp_mean,2,0.0,4.8337836265563965,4.8337836265563965,0.0,0.0,0.0,0.0,0.0,0.0,0.0,0.0,0.0,0.0,0.0,0.0,0.0,0.9999999618441661,0.9999999618441661,0.015827710809490685,0,0,0,0,0,0,0,1.0,1.0,0.0,0.0
2,1100,0,odam,roi_cls,0.391462504863739,0.0,global_ddp_mean,2,0.0,4.895717620849609,4.895717620849609,0.0,0.0,0.0,0.0,0.0,0.0,0.0,0.0,0.0,0.0,0.0,0.0,0.0,1.0000000370202413,1.0000000370202413,0.0,0,0,0,0,0,0,0,1.0,1.0,0.0,0.0
2,1100,0,odam,roi_reg,0.391462504863739,0.0,global_ddp_mean,2,0.0,5.852289199829102,5.852289199829102,0.0,0.0,0.0,0.0,0.0,0.0,0.0,0.0,0.0,0.0,0.0,0.0,0.0,1.000000046362196,1.000000046362196,0.0,0,0,0,0,0,0,0,1.0,1.0,0.0,0.0
2,1200,0,odam,backbone,0.1833563596010208,0.0,global_ddp_mean,2,0.0,12.709156036376953,12.709156036376953,0.0,0.0,0.0,0.0,0.0,0.0,0.0,0.0,0.0,0.0,0.0,0.0,0.0,0.9999999807209202,0.9999999807209202,0.011250732039993331,0,0,0,0,0,0,0,1.0,1.0,0.0,0.0
2,1200,0,odam,fpn,0.1833563596010208,0.0,global_ddp_mean,2,0.0,2.7950823307037354,2.7950823307037354,0.0,0.0,0.0,0.0,0.0,0.0,0.0,0.0,0.0,0.0,0.0,0.0,0.0,0.9999999977773872,0.9999999977773872,0.003820054263097936,0,0,0,0,0,0,0,1.0,1.0,0.0,0.0
2,1200,0,odam,rpn,0.1833563596010208,0.0,global_ddp_mean,2,0.0,2.556894063949585,2.556894063949585,0.0,0.0,0.0,0.0,0.0,0.0,0.0,0.0,0.0,0.0,0.0,0.0,0.0,1.0000000114009024,1.0000000114009024,0.0,0,0,0,0,0,0,0,1.0,1.0,0.0,0.0
2,1200,0,odam,roi_shared,0.1833563596010208,0.0,global_ddp_mean,2,0.0,6.886356830596924,6.886356830596924,0.0,0.0,0.0,0.0,0.0,0.0,0.0,0.0,0.0,0.0,0.0,0.0,0.0,0.9999999775202325,0.9999999775202325,0.012148804364690494,0,0,0,0,0,0,0,1.0,1.0,0.0,0.0
2,1200,0,odam,roi_cls,0.1833563596010208,0.0,global_ddp_mean,2,0.0,7.0243377685546875,7.0243377685546875,0.0,0.0,0.0,0.0,0.0,0.0,0.0,0.0,0.0,0.0,0.0,0.0,0.0,1.0000000560543405,1.0000000560543405,0.0,0,0,0,0,0,0,0,1.0,1.0,0.0,0.0
2,1200,0,odam,roi_reg,0.1833563596010208,0.0,global_ddp_mean,2,0.0,3.6125142574310303,3.6125142574310303,0.0,0.0,0.0,0.0,0.0,0.0,0.0,0.0,0.0,0.0,0.0,0.0,0.0,0.9999999522103089,0.9999999522103089,0.01771351476335548,0,0,0,0,0,0,0,1.0,1.0,0.0,0.0
2,1300,0,odam,backbone,0.2144603133201599,-0.0,global_ddp_mean,2,0.0,5.844117641448975,5.844117641448975,0.0,0.0,0.0,0.0,0.0,0.0,0.0,0.0,0.0,0.0,0.0,0.0,0.0,1.000000064977514,1.000000064977514,0.0,0,0,0,0,0,0,0,1.0,1.0,0.0,0.0
2,1300,0,odam,fpn,0.2144603133201599,-0.0,global_ddp_mean,2,0.0,1.3620645999908447,1.3620645999908447,0.0,0.0,0.0,0.0,0.0,0.0,0.0,0.0,0.0,0.0,0.0,0.0,0.0,0.9999999922728773,0.9999999922728773,0.007122730875644166,0,0,0,0,0,0,0,1.0,1.0,0.0,0.0
2,1300,0,odam,rpn,0.2144603133201599,-0.0,global_ddp_mean,2,0.0,2.0389890670776367,2.0389890670776367,0.0,0.0,0.0,0.0,0.0,0.0,0.0,0.0,0.0,0.0,0.0,0.0,0.0,0.9999998875932551,0.9999998875932551,0.027166508163352168,0,0,0,0,0,0,0,1.0,1.0,0.0,0.0
2,1300,0,odam,roi_shared,0.2144603133201599,-0.0,global_ddp_mean,2,0.0,3.134406805038452,3.134406805038452,0.0,0.0,0.0,0.0,0.0,0.0,0.0,0.0,0.0,0.0,0.0,0.0,0.0,1.0000000753393805,1.0000000753393805,0.0,0,0,0,0,0,0,0,1.0,1.0,0.0,0.0
2,1300,0,odam,roi_cls,0.2144603133201599,-0.0,global_ddp_mean,2,0.0,2.831315279006958,2.831315279006958,0.0,0.0,0.0,0.0,0.0,0.0,0.0,0.0,0.0,0.0,0.0,0.0,0.0,0.9999999711395892,0.9999999711395892,0.013765401586712534,0,0,0,0,0,0,0,1.0,1.0,0.0,0.0
2,1300,0,odam,roi_reg,0.2144603133201599,-0.0,global_ddp_mean,2,0.0,1.6255308389663696,1.6255308389663696,0.0,0.0,0.0,0.0,0.0,0.0,0.0,0.0,0.0,0.0,0.0,0.0,0.0,1.0000000625370582,1.0000000625370582,0.0,0,0,0,0,0,0,0,1.0,1.0,0.0,0.0
2,1400,0,odam,backbone,0.42023366689682007,-0.0,global_ddp_mean,2,0.0,8.1773681640625,8.1773681640625,0.0,0.0,0.0,0.0,0.0,0.0,0.0,0.0,0.0,0.0,0.0,0.0,0.0,0.9999999480782966,0.9999999480782966,0.01846341783301343,0,0,0,0,0,0,0,1.0,1.0,0.0,0.0
2,1400,0,odam,fpn,0.42023366689682007,-0.0,global_ddp_mean,2,0.0,2.031506299972534,2.031506299972534,0.0,0.0,0.0,0.0,0.0,0.0,0.0,0.0,0.0,0.0,0.0,0.0,0.0,0.9999999154809232,0.9999999154809232,0.023556730082224378,0,0,0,0,0,0,0,1.0,1.0,0.0,0.0
2,1400,0,odam,rpn,0.42023366689682007,-0.0,global_ddp_mean,2,0.0,3.604980230331421,3.604980230331421,0.0,0.0,0.0,0.0,0.0,0.0,0.0,0.0,0.0,0.0,0.0,0.0,0.0,1.0000000405432792,1.0000000405432792,0.0,0,0,0,0,0,0,0,1.0,1.0,0.0,0.0
2,1400,0,odam,roi_shared,0.42023366689682007,-0.0,global_ddp_mean,2,0.0,4.482281684875488,4.482281684875488,0.0,0.0,0.0,0.0,0.0,0.0,0.0,0.0,0.0,0.0,0.0,0.0,0.0,1.0000000859848117,1.0000000859848117,0.0,0,0,0,0,0,0,0,1.0,1.0,0.0,0.0
2,1400,0,odam,roi_cls,0.42023366689682007,-0.0,global_ddp_mean,2,0.0,4.13318395614624,4.13318395614624,0.0,0.0,0.0,0.0,0.0,0.0,0.0,0.0,0.0,0.0,0.0,0.0,0.0,0.9999999103658929,0.9999999103658929,0.02425907749612228,0,0,0,0,0,0,0,1.0,1.0,0.0,0.0
2,1400,0,odam,roi_reg,0.42023366689682007,-0.0,global_ddp_mean,2,0.0,2.998270273208618,2.998270273208618,0.0,0.0,0.0,0.0,0.0,0.0,0.0,0.0,0.0,0.0,0.0,0.0,0.0,0.9999999323921736,0.9999999323921736,0.021068621429789897,0,0,0,0,0,0,0,1.0,1.0,0.0,0.0
3,0,0,odam,backbone,0.33067601919174194,-0.0,global_ddp_mean,2,0.0,5.688511848449707,5.688511848449707,0.0,0.0,0.0,0.0,0.0,0.0,0.0,0.0,0.0,0.0,0.0,0.0,0.0,0.999999942572616,0.999999942572616,0.019417671463415713,0,0,0,0,0,0,0,1.0,1.0,0.0,0.0
3,0,0,odam,fpn,0.33067601919174194,-0.0,global_ddp_mean,2,0.0,1.243699312210083,1.243699312210083,0.0,0.0,0.0,0.0,0.0,0.0,0.0,0.0,0.0,0.0,0.0,0.0,0.0,0.9999999216553938,0.9999999216553938,0.022679954772208747,0,0,0,0,0,0,0,1.0,1.0,0.0,0.0
3,0,0,odam,rpn,0.33067601919174194,-0.0,global_ddp_mean,2,0.0,1.2141222953796387,1.2141222953796387,0.0,0.0,0.0,0.0,0.0,0.0,0.0,0.0,0.0,0.0,0.0,0.0,0.0,0.9999999274200815,0.9999999274200815,0.021829604681812113,0,0,0,0,0,0,0,1.0,1.0,0.0,0.0
3,0,0,odam,roi_shared,0.33067601919174194,-0.0,global_ddp_mean,2,0.0,2.754369020462036,2.754369020462036,0.0,0.0,0.0,0.0,0.0,0.0,0.0,0.0,0.0,0.0,0.0,0.0,0.0,0.9999999509023993,0.9999999509023993,0.017954270606672325,0,0,0,0,0,0,0,1.0,1.0,0.0,0.0
3,0,0,odam,roi_cls,0.33067601919174194,-0.0,global_ddp_mean,2,0.0,1.7673007249832153,1.7673007249832153,0.0,0.0,0.0,0.0,0.0,0.0,0.0,0.0,0.0,0.0,0.0,0.0,0.0,0.9999999871408892,0.9999999871408892,0.009188467837684223,0,0,0,0,0,0,0,1.0,1.0,0.0,0.0
3,0,0,odam,roi_reg,0.33067601919174194,-0.0,global_ddp_mean,2,0.0,1.9958813190460205,1.9958813190460205,0.0,0.0,0.0,0.0,0.0,0.0,0.0,0.0,0.0,0.0,0.0,0.0,0.0,1.000000050860486,1.000000050860486,0.0,0,0,0,0,0,0,0,1.0,1.0,0.0,0.0
3,100,0,odam,backbone,0.025788478553295135,0.0,global_ddp_mean,2,0.0,22.974388122558594,22.974388122558594,0.0,0.0,0.0,0.0,0.0,0.0,0.0,0.0,0.0,0.0,0.0,0.0,0.0,1.000000000302495,1.000000000302495,0.0,0,0,0,0,0,0,0,1.0,1.0,0.0,0.0
3,100,0,odam,fpn,0.025788478553295135,0.0,global_ddp_mean,2,0.0,2.1616737842559814,2.1616737842559814,0.0,0.0,0.0,0.0,0.0,0.0,0.0,0.0,0.0,0.0,0.0,0.0,0.0,0.9999999771334489,0.9999999771334489,0.012252873902101924,0,0,0,0,0,0,0,1.0,1.0,0.0,0.0
3,100,0,odam,rpn,0.025788478553295135,0.0,global_ddp_mean,2,0.0,4.985188007354736,4.985188007354736,0.0,0.0,0.0,0.0,0.0,0.0,0.0,0.0,0.0,0.0,0.0,0.0,0.0,0.9999999596127616,0.9999999596127616,0.01628394815214068,0,0,0,0,0,0,0,1.0,1.0,0.0,0.0
3,100,0,odam,roi_shared,0.025788478553295135,0.0,global_ddp_mean,2,0.0,4.138758182525635,4.138758182525635,0.0,0.0,0.0,0.0,0.0,0.0,0.0,0.0,0.0,0.0,0.0,0.0,0.0,0.9999999383444146,0.9999999383444146,0.020119808617067653,0,0,0,0,0,0,0,1.0,1.0,0.0,0.0
3,100,0,odam,roi_cls,0.025788478553295135,0.0,global_ddp_mean,2,0.0,3.4517223834991455,3.4517223834991455,0.0,0.0,0.0,0.0,0.0,0.0,0.0,0.0,0.0,0.0,0.0,0.0,0.0,1.000000024356508,1.000000024356508,0.0,0,0,0,0,0,0,0,1.0,1.0,0.0,0.0
3,100,0,odam,roi_reg,0.025788478553295135,0.0,global_ddp_mean,2,0.0,2.425414800643921,2.425414800643921,0.0,0.0,0.0,0.0,0.0,0.0,0.0,0.0,0.0,0.0,0.0,0.0,0.0,0.999999930627375,0.999999930627375,0.02134183199387613,0,0,0,0,0,0,0,1.0,1.0,0.0,0.0
3,200,0,odam,backbone,0.02331293188035488,0.0,global_ddp_mean,2,0.0,10.40432071685791,10.40432071685791,0.0,0.0,0.0,0.0,0.0,0.0,0.0,0.0,0.0,0.0,0.0,0.0,0.0,0.9999999628622562,0.9999999628622562,0.015615122274577165,0,0,0,0,0,0,0,1.0,1.0,0.0,0.0
3,200,0,odam,fpn,0.02331293188035488,0.0,global_ddp_mean,2,0.0,2.112464427947998,2.112464427947998,0.0,0.0,0.0,0.0,0.0,0.0,0.0,0.0,0.0,0.0,0.0,0.0,0.0,0.9999999681944778,0.9999999681944778,0.014450700387827635,0,0,0,0,0,0,0,1.0,1.0,0.0,0.0
3,200,0,odam,rpn,0.02331293188035488,0.0,global_ddp_mean,2,0.0,2.831195831298828,2.831195831298828,0.0,0.0,0.0,0.0,0.0,0.0,0.0,0.0,0.0,0.0,0.0,0.0,0.0,0.9999999984441735,0.9999999984441735,0.003196084169376668,0,0,0,0,0,0,0,1.0,1.0,0.0,0.0
3,200,0,odam,roi_shared,0.02331293188035488,0.0,global_ddp_mean,2,0.0,4.836538314819336,4.836538314819336,0.0,0.0,0.0,0.0,0.0,0.0,0.0,0.0,0.0,0.0,0.0,0.0,0.0,1.000000013871133,1.000000013871133,0.0,0,0,0,0,0,0,0,1.0,1.0,0.0,0.0
3,200,0,odam,roi_cls,0.02331293188035488,0.0,global_ddp_mean,2,0.0,5.41370153427124,5.41370153427124,0.0,0.0,0.0,0.0,0.0,0.0,0.0,0.0,0.0,0.0,0.0,0.0,0.0,1.0000000100445334,1.0000000100445334,0.0,0,0,0,0,0,0,0,1.0,1.0,0.0,0.0
3,200,0,odam,roi_reg,0.02331293188035488,0.0,global_ddp_mean,2,0.0,0.07474273443222046,0.07474273443222046,0.0,0.0,0.0,0.0,0.0,0.0,0.0,0.0,0.0,0.0,0.0,0.0,0.0,1.00000003230557,1.00000003230557,0.0,0,0,0,0,0,0,0,1.0,1.0,0.0,0.0
3,300,0,odam,backbone,1.1590020656585693,-0.0,global_ddp_mean,2,0.0,34.098716735839844,34.098716735839844,0.0,0.0,0.0,0.0,0.0,0.0,0.0,0.0,0.0,0.0,0.0,0.0,0.0,0.9999999390037861,0.9999999390037861,0.02001193444992094,0,0,0,0,0,0,0,1.0,1.0,0.0,0.0
3,300,0,odam,fpn,1.1590020656585693,-0.0,global_ddp_mean,2,0.0,10.07739543914795,10.07739543914795,0.0,0.0,0.0,0.0,0.0,0.0,0.0,0.0,0.0,0.0,0.0,0.0,0.0,1.0000000279201826,1.0000000279201826,0.0,0,0,0,0,0,0,0,1.0,1.0,0.0,0.0
3,300,0,odam,rpn,1.1590020656585693,-0.0,global_ddp_mean,2,0.0,14.986242294311523,14.986242294311523,0.0,0.0,0.0,0.0,0.0,0.0,0.0,0.0,0.0,0.0,0.0,0.0,0.0,0.9999999555465189,0.9999999555465189,0.017084037647857247,0,0,0,0,0,0,0,1.0,1.0,0.0,0.0
3,300,0,odam,roi_shared,1.1590020656585693,-0.0,global_ddp_mean,2,0.0,22.68040657043457,22.68040657043457,0.0,0.0,0.0,0.0,0.0,0.0,0.0,0.0,0.0,0.0,0.0,0.0,0.0,0.9999999527039696,0.9999999527039696,0.01762178823132272,0,0,0,0,0,0,0,1.0,1.0,0.0,0.0
3,300,0,odam,roi_cls,1.1590020656585693,-0.0,global_ddp_mean,2,0.0,25.3818359375,25.3818359375,0.0,0.0,0.0,0.0,0.0,0.0,0.0,0.0,0.0,0.0,0.0,0.0,0.0,0.9999999274645848,0.9999999274645848,0.021822911107171054,0,0,0,0,0,0,0,1.0,1.0,0.0,0.0
3,300,0,odam,roi_reg,1.1590020656585693,-0.0,global_ddp_mean,2,0.0,7.8936872482299805,7.8936872482299805,0.0,0.0,0.0,0.0,0.0,0.0,0.0,0.0,0.0,0.0,0.0,0.0,0.0,1.000000008775582,1.000000008775582,0.0,0,0,0,0,0,0,0,1.0,1.0,0.0,0.0
3,400,0,odam,backbone,0.09801983088254929,-0.0,global_ddp_mean,2,0.0,8.716229438781738,8.716229438781738,0.0,0.0,0.0,0.0,0.0,0.0,0.0,0.0,0.0,0.0,0.0,0.0,0.0,1.000000108590506,1.000000108590506,0.0,0,0,0,0,0,0,0,1.0,1.0,0.0,0.0
3,400,0,odam,fpn,0.09801983088254929,-0.0,global_ddp_mean,2,0.0,2.665863037109375,2.665863037109375,0.0,0.0,0.0,0.0,0.0,0.0,0.0,0.0,0.0,0.0,0.0,0.0,0.0,1.0000000805934188,1.0000000805934188,0.0,0,0,0,0,0,0,0,1.0,1.0,0.0,0.0
3,400,0,odam,rpn,0.09801983088254929,-0.0,global_ddp_mean,2,0.0,2.601404905319214,2.601404905319214,0.0,0.0,0.0,0.0,0.0,0.0,0.0,0.0,0.0,0.0,0.0,0.0,0.0,0.9999999704572715,0.9999999704572715,0.013927171798126635,0,0,0,0,0,0,0,1.0,1.0,0.0,0.0
3,400,0,odam,roi_shared,0.09801983088254929,-0.0,global_ddp_mean,2,0.0,6.626569747924805,6.626569747924805,0.0,0.0,0.0,0.0,0.0,0.0,0.0,0.0,0.0,0.0,0.0,0.0,0.0,0.9999999981799098,0.9999999981799098,0.0034568782547468838,0,0,0,0,0,0,0,1.0,1.0,0.0,0.0
3,400,0,odam,roi_cls,0.09801983088254929,-0.0,global_ddp_mean,2,0.0,5.7840752601623535,5.7840752601623535,0.0,0.0,0.0,0.0,0.0,0.0,0.0,0.0,0.0,0.0,0.0,0.0,0.0,1.0000000491415115,1.0000000491415115,0.0,0,0,0,0,0,0,0,1.0,1.0,0.0,0.0
3,400,0,odam,roi_reg,0.09801983088254929,-0.0,global_ddp_mean,2,0.0,1.9282939434051514,1.9282939434051514,0.0,0.0,0.0,0.0,0.0,0.0,0.0,0.0,0.0,0.0,0.0,0.0,0.0,0.9999999936865318,0.9999999936865318,0.006438306220638824,0,0,0,0,0,0,0,1.0,1.0,0.0,0.0
3,500,0,odam,backbone,0.8148808479309082,-0.0,global_ddp_mean,2,0.0,25.901981353759766,25.901981353759766,0.0,0.0,0.0,0.0,0.0,0.0,0.0,0.0,0.0,0.0,0.0,0.0,0.0,1.000000030765388,1.000000030765388,0.0,0,0,0,0,0,0,0,1.0,1.0,0.0,0.0
3,500,0,odam,fpn,0.8148808479309082,-0.0,global_ddp_mean,2,0.0,10.47890853881836,10.47890853881836,0.0,0.0,0.0,0.0,0.0,0.0,0.0,0.0,0.0,0.0,0.0,0.0,0.0,1.0000000828653584,1.0000000828653584,0.0,0,0,0,0,0,0,0,1.0,1.0,0.0,0.0
3,500,0,odam,rpn,0.8148808479309082,-0.0,global_ddp_mean,2,0.0,14.033814430236816,14.033814430236816,0.0,0.0,0.0,0.0,0.0,0.0,0.0,0.0,0.0,0.0,0.0,0.0,0.0,0.9999999469372264,0.9999999469372264,0.01866519818956419,0,0,0,0,0,0,0,1.0,1.0,0.0,0.0
3,500,0,odam,roi_shared,0.8148808479309082,-0.0,global_ddp_mean,2,0.0,25.07756805419922,25.07756805419922,0.0,0.0,0.0,0.0,0.0,0.0,0.0,0.0,0.0,0.0,0.0,0.0,0.0,1.0000000650934007,1.0000000650934007,0.0,0,0,0,0,0,0,0,1.0,1.0,0.0,0.0
3,500,0,odam,roi_cls,0.8148808479309082,-0.0,global_ddp_mean,2,0.0,29.6669864654541,29.6669864654541,0.0,0.0,0.0,0.0,0.0,0.0,0.0,0.0,0.0,0.0,0.0,0.0,0.0,1.000000046597303,1.000000046597303,0.0,0,0,0,0,0,0,0,1.0,1.0,0.0,0.0
3,500,0,odam,roi_reg,0.8148808479309082,-0.0,global_ddp_mean,2,0.0,14.987211227416992,14.987211227416992,0.0,0.0,0.0,0.0,0.0,0.0,0.0,0.0,0.0,0.0,0.0,0.0,0.0,1.0000000021337625,1.0000000021337625,0.0,0,0,0,0,0,0,0,1.0,1.0,0.0,0.0
3,600,0,odam,backbone,0.7574713826179504,-0.0,global_ddp_mean,2,0.0,17.34800148010254,17.34800148010254,0.0,0.0,0.0,0.0,0.0,0.0,0.0,0.0,0.0,0.0,0.0,0.0,0.0,1.00000000054473,1.00000000054473,0.0,0,0,0,0,0,0,0,1.0,1.0,0.0,0.0
3,600,0,odam,fpn,0.7574713826179504,-0.0,global_ddp_mean,2,0.0,3.201519012451172,3.201519012451172,0.0,0.0,0.0,0.0,0.0,0.0,0.0,0.0,0.0,0.0,0.0,0.0,0.0,1.0000000391265396,1.0000000391265396,0.0,0,0,0,0,0,0,0,1.0,1.0,0.0,0.0
3,600,0,odam,rpn,0.7574713826179504,-0.0,global_ddp_mean,2,0.0,5.3361334800720215,5.3361334800720215,0.0,0.0,0.0,0.0,0.0,0.0,0.0,0.0,0.0,0.0,0.0,0.0,0.0,0.9999999628037575,0.9999999628037575,0.015627415776943918,0,0,0,0,0,0,0,1.0,1.0,0.0,0.0
3,600,0,odam,roi_shared,0.7574713826179504,-0.0,global_ddp_mean,2,0.0,7.219112873077393,7.219112873077393,0.0,0.0,0.0,0.0,0.0,0.0,0.0,0.0,0.0,0.0,0.0,0.0,0.0,0.9999999705963992,0.9999999705963992,0.01389433897780334,0,0,0,0,0,0,0,1.0,1.0,0.0,0.0
3,600,0,odam,roi_cls,0.7574713826179504,-0.0,global_ddp_mean,2,0.0,6.817580699920654,6.817580699920654,0.0,0.0,0.0,0.0,0.0,0.0,0.0,0.0,0.0,0.0,0.0,0.0,0.0,1.0000000358057402,1.0000000358057402,0.0,0,0,0,0,0,0,0,1.0,1.0,0.0,0.0
3,600,0,odam,roi_reg,0.7574713826179504,-0.0,global_ddp_mean,2,0.0,9.51823616027832,9.51823616027832,0.0,0.0,0.0,0.0,0.0,0.0,0.0,0.0,0.0,0.0,0.0,0.0,0.0,0.9999999714534326,0.9999999714534326,0.013690350858872106,0,0,0,0,0,0,0,1.0,1.0,0.0,0.0
3,700,0,odam,backbone,0.039437659084796906,-0.0,global_ddp_mean,2,0.0,23.08296775817871,23.08296775817871,0.0,0.0,0.0,0.0,0.0,0.0,0.0,0.0,0.0,0.0,0.0,0.0,0.0,0.9999999319337226,0.9999999319337226,0.02113993425626732,0,0,0,0,0,0,0,1.0,1.0,0.0,0.0
3,700,0,odam,fpn,0.039437659084796906,-0.0,global_ddp_mean,2,0.0,2.5680084228515625,2.5680084228515625,0.0,0.0,0.0,0.0,0.0,0.0,0.0,0.0,0.0,0.0,0.0,0.0,0.0,0.9999999542082515,0.9999999542082515,0.017339287408362,0,0,0,0,0,0,0,1.0,1.0,0.0,0.0
3,700,0,odam,rpn,0.039437659084796906,-0.0,global_ddp_mean,2,0.0,5.247393608093262,5.247393608093262,0.0,0.0,0.0,0.0,0.0,0.0,0.0,0.0,0.0,0.0,0.0,0.0,0.0,0.9999999091435752,0.9999999091435752,0.024423924864016087,0,0,0,0,0,0,0,1.0,1.0,0.0,0.0
3,700,0,odam,roi_shared,0.039437659084796906,-0.0,global_ddp_mean,2,0.0,4.977606296539307,4.977606296539307,0.0,0.0,0.0,0.0,0.0,0.0,0.0,0.0,0.0,0.0,0.0,0.0,0.0,1.000000044736229,1.000000044736229,0.0,0,0,0,0,0,0,0,1.0,1.0,0.0,0.0
3,700,0,odam,roi_cls,0.039437659084796906,-0.0,global_ddp_mean,2,0.0,5.026210784912109,5.026210784912109,0.0,0.0,0.0,0.0,0.0,0.0,0.0,0.0,0.0,0.0,0.0,0.0,0.0,0.9999999102598687,0.9999999102598687,0.024273420746740562,0,0,0,0,0,0,0,1.0,1.0,0.0,0.0
3,700,0,odam,roi_reg,0.039437659084796906,-0.0,global_ddp_mean,2,0.0,1.2665972709655762,1.2665972709655762,0.0,0.0,0.0,0.0,0.0,0.0,0.0,0.0,0.0,0.0,0.0,0.0,0.0,1.0000000888092757,1.0000000888092757,0.0,0,0,0,0,0,0,0,1.0,1.0,0.0,0.0
3,800,0,odam,backbone,0.38574445247650146,0.0,global_ddp_mean,2,0.0,6.6565985679626465,6.6565985679626465,0.0,0.0,0.0,0.0,0.0,0.0,0.0,0.0,0.0,0.0,0.0,0.0,0.0,0.9999999602659613,0.9999999602659613,0.016151727802615486,0,0,0,0,0,0,0,1.0,1.0,0.0,0.0
3,800,0,odam,fpn,0.38574445247650146,0.0,global_ddp_mean,2,0.0,1.5048975944519043,1.5048975944519043,0.0,0.0,0.0,0.0,0.0,0.0,0.0,0.0,0.0,0.0,0.0,0.0,0.0,1.0000000414378853,1.0000000414378853,0.0,0,0,0,0,0,0,0,1.0,1.0,0.0,0.0
3,800,0,odam,rpn,0.38574445247650146,0.0,global_ddp_mean,2,0.0,3.267531156539917,3.267531156539917,0.0,0.0,0.0,0.0,0.0,0.0,0.0,0.0,0.0,0.0,0.0,0.0,0.0,0.9999999869707237,0.9999999869707237,0.009249063860419961,0,0,0,0,0,0,0,1.0,1.0,0.0,0.0
3,800,0,odam,roi_shared,0.38574445247650146,0.0,global_ddp_mean,2,0.0,3.2487475872039795,3.2487475872039795,0.0,0.0,0.0,0.0,0.0,0.0,0.0,0.0,0.0,0.0,0.0,0.0,0.0,0.9999999530379706,0.9999999530379706,0.017559456110760735,0,0,0,0,0,0,0,1.0,1.0,0.0,0.0
3,800,0,odam,roi_cls,0.38574445247650146,0.0,global_ddp_mean,2,0.0,2.5204381942749023,2.5204381942749023,0.0,0.0,0.0,0.0,0.0,0.0,0.0,0.0,0.0,0.0,0.0,0.0,0.0,0.9999999983574256,0.9999999983574256,0.003283977376415588,0,0,0,0,0,0,0,1.0,1.0,0.0,0.0
3,800,0,odam,roi_reg,0.38574445247650146,0.0,global_ddp_mean,2,0.0,1.5868256092071533,1.5868256092071533,0.0,0.0,0.0,0.0,0.0,0.0,0.0,0.0,0.0,0.0,0.0,0.0,0.0,1.0000000433106935,1.0000000433106935,0.0,0,0,0,0,0,0,0,1.0,1.0,0.0,0.0
3,900,0,odam,backbone,0.46374890208244324,-0.0,global_ddp_mean,2,0.0,11.571115493774414,11.571115493774414,0.0,0.0,0.0,0.0,0.0,0.0,0.0,0.0,0.0,0.0,0.0,0.0,0.0,1.000000020781636,1.000000020781636,0.0,0,0,0,0,0,0,0,1.0,1.0,0.0,0.0
3,900,0,odam,fpn,0.46374890208244324,-0.0,global_ddp_mean,2,0.0,2.5613760948181152,2.5613760948181152,0.0,0.0,0.0,0.0,0.0,0.0,0.0,0.0,0.0,0.0,0.0,0.0,0.0,0.9999999255709935,0.9999999255709935,0.0221059276321402,0,0,0,0,0,0,0,1.0,1.0,0.0,0.0
3,900,0,odam,rpn,0.46374890208244324,-0.0,global_ddp_mean,2,0.0,1.7414320707321167,1.7414320707321167,0.0,0.0,0.0,0.0,0.0,0.0,0.0,0.0,0.0,0.0,0.0,0.0,0.0,0.9999999880978726,0.9999999880978726,0.008839952428345458,0,0,0,0,0,0,0,1.0,1.0,0.0,0.0
3,900,0,odam,roi_shared,0.46374890208244324,-0.0,global_ddp_mean,2,0.0,5.675221920013428,5.675221920013428,0.0,0.0,0.0,0.0,0.0,0.0,0.0,0.0,0.0,0.0,0.0,0.0,0.0,0.9999999219297886,0.9999999219297886,0.0226402026973025,0,0,0,0,0,0,0,1.0,1.0,0.0,0.0
3,900,0,odam,roi_cls,0.46374890208244324,-0.0,global_ddp_mean,2,0.0,5.002574443817139,5.002574443817139,0.0,0.0,0.0,0.0,0.0,0.0,0.0,0.0,0.0,0.0,0.0,0.0,0.0,0.9999999257009557,0.9999999257009557,0.022086619355860086,0,0,0,0,0,0,0,1.0,1.0,0.0,0.0
3,900,0,odam,roi_reg,0.46374890208244324,-0.0,global_ddp_mean,2,0.0,2.6417691707611084,2.6417691707611084,0.0,0.0,0.0,0.0,0.0,0.0,0.0,0.0,0.0,0.0,0.0,0.0,0.0,0.9999999245135451,0.9999999245135451,0.022262408516926593,0,0,0,0,0,0,0,1.0,1.0,0.0,0.0
3,1000,0,odam,backbone,0.003291562432423234,0.0,global_ddp_mean,2,0.0,7.505873680114746,7.505873680114746,0.0,0.0,0.0,0.0,0.0,0.0,0.0,0.0,0.0,0.0,0.0,0.0,0.0,0.9999999800931124,0.9999999800931124,0.011432450059598183,0,0,0,0,0,0,0,1.0,1.0,0.0,0.0
3,1000,0,odam,fpn,0.003291562432423234,0.0,global_ddp_mean,2,0.0,0.6859747171401978,0.6859747171401978,0.0,0.0,0.0,0.0,0.0,0.0,0.0,0.0,0.0,0.0,0.0,0.0,0.0,0.9999999642813446,0.9999999642813446,0.015313877977180613,0,0,0,0,0,0,0,1.0,1.0,0.0,0.0
3,1000,0,odam,rpn,0.003291562432423234,0.0,global_ddp_mean,2,0.0,1.358649730682373,1.358649730682373,0.0,0.0,0.0,0.0,0.0,0.0,0.0,0.0,0.0,0.0,0.0,0.0,0.0,1.0000000298655587,1.0000000298655587,0.0,0,0,0,0,0,0,0,1.0,1.0,0.0,0.0
3,1000,0,odam,roi_shared,0.003291562432423234,0.0,global_ddp_mean,2,0.0,0.852317214012146,0.852317214012146,0.0,0.0,0.0,0.0,0.0,0.0,0.0,0.0,0.0,0.0,0.0,0.0,0.0,1.0000000389786798,1.0000000389786798,0.0,0,0,0,0,0,0,0,1.0,1.0,0.0,0.0
3,1000,0,odam,roi_cls,0.003291562432423234,0.0,global_ddp_mean,2,0.0,0.575217604637146,0.575217604637146,0.0,0.0,0.0,0.0,0.0,0.0,0.0,0.0,0.0,0.0,0.0,0.0,0.0,0.9999999541662062,0.9999999541662062,0.017347245911148345,0,0,0,0,0,0,0,1.0,1.0,0.0,0.0
3,1000,0,odam,roi_reg,0.003291562432423234,0.0,global_ddp_mean,2,0.0,0.797585129737854,0.797585129737854,0.0,0.0,0.0,0.0,0.0,0.0,0.0,0.0,0.0,0.0,0.0,0.0,0.0,0.9999999627099065,0.9999999627099065,0.015647118351681928,0,0,0,0,0,0,0,1.0,1.0,0.0,0.0
3,1100,0,odam,backbone,0.04230169206857681,-0.0,global_ddp_mean,2,0.0,4.175368309020996,4.175368309020996,0.0,0.0,0.0,0.0,0.0,0.0,0.0,0.0,0.0,0.0,0.0,0.0,0.0,1.0000001120183988,1.0000001120183988,0.0,0,0,0,0,0,0,0,1.0,1.0,0.0,0.0
3,1100,0,odam,fpn,0.04230169206857681,-0.0,global_ddp_mean,2,0.0,0.9059608578681946,0.9059608578681946,0.0,0.0,0.0,0.0,0.0,0.0,0.0,0.0,0.0,0.0,0.0,0.0,0.0,1.0000000025323987,1.0000000025323987,0.0,0,0,0,0,0,0,0,1.0,1.0,0.0,0.0
3,1100,0,odam,rpn,0.04230169206857681,-0.0,global_ddp_mean,2,0.0,1.0016142129898071,1.0016142129898071,0.0,0.0,0.0,0.0,0.0,0.0,0.0,0.0,0.0,0.0,0.0,0.0,0.0,1.0000000168662981,1.0000000168662981,0.0,0,0,0,0,0,0,0,1.0,1.0,0.0,0.0
3,1100,0,odam,roi_shared,0.04230169206857681,-0.0,global_ddp_mean,2,0.0,1.980704665184021,1.980704665184021,0.0,0.0,0.0,0.0,0.0,0.0,0.0,0.0,0.0,0.0,0.0,0.0,0.0,0.9999999646859701,0.9999999646859701,0.015226892155424604,0,0,0,0,0,0,0,1.0,1.0,0.0,0.0
3,1100,0,odam,roi_cls,0.04230169206857681,-0.0,global_ddp_mean,2,0.0,1.7683048248291016,1.7683048248291016,0.0,0.0,0.0,0.0,0.0,0.0,0.0,0.0,0.0,0.0,0.0,0.0,0.0,1.000000047942083,1.000000047942083,0.0,0,0,0,0,0,0,0,1.0,1.0,0.0,0.0
3,1100,0,odam,roi_reg,0.04230169206857681,-0.0,global_ddp_mean,2,0.0,0.7773474454879761,0.7773474454879761,0.0,0.0,0.0,0.0,0.0,0.0,0.0,0.0,0.0,0.0,0.0,0.0,0.0,0.9999999614464435,0.9999999614464435,0.015909988106250956,0,0,0,0,0,0,0,1.0,1.0,0.0,0.0
3,1200,0,odam,backbone,0.12228119373321533,0.0,global_ddp_mean,2,0.0,15.705046653747559,15.705046653747559,0.0,0.0,0.0,0.0,0.0,0.0,0.0,0.0,0.0,0.0,0.0,0.0,0.0,1.0000000329974403,1.0000000329974403,0.0,0,0,0,0,0,0,0,1.0,1.0,0.0,0.0
3,1200,0,odam,fpn,0.12228119373321533,0.0,global_ddp_mean,2,0.0,2.6365444660186768,2.6365444660186768,0.0,0.0,0.0,0.0,0.0,0.0,0.0,0.0,0.0,0.0,0.0,0.0,0.0,0.9999999573129754,0.9999999573129754,0.016741161032443948,0,0,0,0,0,0,0,1.0,1.0,0.0,0.0
3,1200,0,odam,rpn,0.12228119373321533,0.0,global_ddp_mean,2,0.0,3.6113698482513428,3.6113698482513428,0.0,0.0,0.0,0.0,0.0,0.0,0.0,0.0,0.0,0.0,0.0,0.0,0.0,1.000000000509207,1.000000000509207,0.0,0,0,0,0,0,0,0,1.0,1.0,0.0,0.0
3,1200,0,odam,roi_shared,0.12228119373321533,0.0,global_ddp_mean,2,0.0,5.313101768493652,5.313101768493652,0.0,0.0,0.0,0.0,0.0,0.0,0.0,0.0,0.0,0.0,0.0,0.0,0.0,1.000000042069975,1.000000042069975,0.0,0,0,0,0,0,0,0,1.0,1.0,0.0,0.0
3,1200,0,odam,roi_cls,0.12228119373321533,0.0,global_ddp_mean,2,0.0,4.8585333824157715,4.8585333824157715,0.0,0.0,0.0,0.0,0.0,0.0,0.0,0.0,0.0,0.0,0.0,0.0,0.0,1.0000000829891518,1.0000000829891518,0.0,0,0,0,0,0,0,0,1.0,1.0,0.0,0.0
3,1200,0,odam,roi_reg,0.12228119373321533,0.0,global_ddp_mean,2,0.0,1.980277180671692,1.980277180671692,0.0,0.0,0.0,0.0,0.0,0.0,0.0,0.0,0.0,0.0,0.0,0.0,0.0,0.9999999671299713,0.9999999671299713,0.014690537058184445,0,0,0,0,0,0,0,1.0,1.0,0.0,0.0
3,1300,0,odam,backbone,0.7637850046157837,0.0,global_ddp_mean,2,0.0,34.318599700927734,34.318599700927734,0.0,0.0,0.0,0.0,0.0,0.0,0.0,0.0,0.0,0.0,0.0,0.0,0.0,0.9999999574780198,0.9999999574780198,0.016708765811451077,0,0,0,0,0,0,0,1.0,1.0,0.0,0.0
3,1300,0,odam,fpn,0.7637850046157837,0.0,global_ddp_mean,2,0.0,6.488216876983643,6.488216876983643,0.0,0.0,0.0,0.0,0.0,0.0,0.0,0.0,0.0,0.0,0.0,0.0,0.0,0.9999999980432083,0.9999999980432083,0.0035843460532055497,0,0,0,0,0,0,0,1.0,1.0,0.0,0.0
3,1300,0,odam,rpn,0.7637850046157837,0.0,global_ddp_mean,2,0.0,8.139660835266113,8.139660835266113,0.0,0.0,0.0,0.0,0.0,0.0,0.0,0.0,0.0,0.0,0.0,0.0,0.0,0.9999999333401739,0.9999999333401739,0.02092038732214276,0,0,0,0,0,0,0,1.0,1.0,0.0,0.0
3,1300,0,odam,roi_shared,0.7637850046157837,0.0,global_ddp_mean,2,0.0,12.800459861755371,12.800459861755371,0.0,0.0,0.0,0.0,0.0,0.0,0.0,0.0,0.0,0.0,0.0,0.0,0.0,1.0000000210595008,1.0000000210595008,0.0,0,0,0,0,0,0,0,1.0,1.0,0.0,0.0
3,1300,0,odam,roi_cls,0.7637850046157837,0.0,global_ddp_mean,2,0.0,12.659672737121582,12.659672737121582,0.0,0.0,0.0,0.0,0.0,0.0,0.0,0.0,0.0,0.0,0.0,0.0,0.0,1.0000000306648085,1.0000000306648085,0.0,0,0,0,0,0,0,0,1.0,1.0,0.0,0.0
3,1300,0,odam,roi_reg,0.7637850046157837,0.0,global_ddp_mean,2,0.0,5.495950222015381,5.495950222015381,0.0,0.0,0.0,0.0,0.0,0.0,0.0,0.0,0.0,0.0,0.0,0.0,0.0,0.9999999464087173,0.9999999464087173,0.018757921253243527,0,0,0,0,0,0,0,1.0,1.0,0.0,0.0
3,1400,0,odam,backbone,0.09643954038619995,0.0,global_ddp_mean,2,0.0,15.315618515014648,15.315618515014648,0.0,0.0,0.0,0.0,0.0,0.0,0.0,0.0,0.0,0.0,0.0,0.0,0.0,0.9999999595566726,0.9999999595566726,0.016295251624165997,0,0,0,0,0,0,0,1.0,1.0,0.0,0.0
3,1400,0,odam,fpn,0.09643954038619995,0.0,global_ddp_mean,2,0.0,2.448291301727295,2.448291301727295,0.0,0.0,0.0,0.0,0.0,0.0,0.0,0.0,0.0,0.0,0.0,0.0,0.0,0.9999999727181418,0.9999999727181418,0.01338365105657488,0,0,0,0,0,0,0,1.0,1.0,0.0,0.0
3,1400,0,odam,rpn,0.09643954038619995,0.0,global_ddp_mean,2,0.0,5.851282596588135,5.851282596588135,0.0,0.0,0.0,0.0,0.0,0.0,0.0,0.0,0.0,0.0,0.0,0.0,0.0,1.0000000775762405,1.0000000775762405,0.0,0,0,0,0,0,0,0,1.0,1.0,0.0,0.0
3,1400,0,odam,roi_shared,0.09643954038619995,0.0,global_ddp_mean,2,0.0,0.0,0.0,0.0,0.0,0.0,0.0,0.0,0.0,0.0,0.0,0.0,0.0,0.0,0.0,0.0,0.0,0.0,90.0,0,0,0,0,0,0,0,1.0,1.0,0.0,0.0
3,1400,0,odam,roi_cls,0.09643954038619995,0.0,global_ddp_mean,2,0.0,0.0,0.0,0.0,0.0,0.0,0.0,0.0,0.0,0.0,0.0,0.0,0.0,0.0,0.0,0.0,0.0,0.0,90.0,0,0,0,0,0,0,0,1.0,1.0,0.0,0.0
3,1400,0,odam,roi_reg,0.09643954038619995,0.0,global_ddp_mean,2,0.0,0.0,0.0,0.0,0.0,0.0,0.0,0.0,0.0,0.0,0.0,0.0,0.0,0.0,0.0,0.0,0.0,0.0,90.0,0,0,0,0,0,0,0,1.0,1.0,0.0,0.0
4,0,0,odam,backbone,0.05088777095079422,-0.0,global_ddp_mean,2,0.0,1.8034359216690063,1.8034359216690063,0.0,0.0,0.0,0.0,0.0,0.0,0.0,0.0,0.0,0.0,0.0,0.0,0.0,0.9999999885571064,0.9999999885571064,0.008667733723573063,0,0,0,0,0,0,0,1.0,1.0,0.0,0.0
4,0,0,odam,fpn,0.05088777095079422,-0.0,global_ddp_mean,2,0.0,0.32229679822921753,0.32229679822921753,0.0,0.0,0.0,0.0,0.0,0.0,0.0,0.0,0.0,0.0,0.0,0.0,0.0,1.00000001081784,1.00000001081784,0.0,0,0,0,0,0,0,0,1.0,1.0,0.0,0.0
4,0,0,odam,rpn,0.05088777095079422,-0.0,global_ddp_mean,2,0.0,0.4672830402851105,0.4672830402851105,0.0,0.0,0.0,0.0,0.0,0.0,0.0,0.0,0.0,0.0,0.0,0.0,0.0,1.0000000483629348,1.0000000483629348,0.0,0,0,0,0,0,0,0,1.0,1.0,0.0,0.0
4,0,0,odam,roi_shared,0.05088777095079422,-0.0,global_ddp_mean,2,0.0,0.6563829183578491,0.6563829183578491,0.0,0.0,0.0,0.0,0.0,0.0,0.0,0.0,0.0,0.0,0.0,0.0,0.0,0.9999999762864544,0.9999999762864544,0.012477738440237645,0,0,0,0,0,0,0,1.0,1.0,0.0,0.0
4,0,0,odam,roi_cls,0.05088777095079422,-0.0,global_ddp_mean,2,0.0,0.7804036140441895,0.7804036140441895,0.0,0.0,0.0,0.0,0.0,0.0,0.0,0.0,0.0,0.0,0.0,0.0,0.0,1.0000000471058617,1.0000000471058617,0.0,0,0,0,0,0,0,0,1.0,1.0,0.0,0.0
4,0,0,odam,roi_reg,0.05088777095079422,-0.0,global_ddp_mean,2,0.0,0.0533006526529789,0.0533006526529789,0.0,0.0,0.0,0.0,0.0,0.0,0.0,0.0,0.0,0.0,0.0,0.0,0.0,0.9999999626042909,0.9999999626042909,0.015669261119288784,0,0,0,0,0,0,0,1.0,1.0,0.0,0.0
4,100,0,odam,backbone,0.07996318489313126,-0.0,global_ddp_mean,2,0.0,6.593154430389404,6.593154430389404,0.0,0.0,0.0,0.0,0.0,0.0,0.0,0.0,0.0,0.0,0.0,0.0,0.0,1.0000000706829113,1.0000000706829113,0.0,0,0,0,0,0,0,0,1.0,1.0,0.00336247478143914,0.00336247478143914
4,100,0,odam,fpn,0.07996318489313126,-0.0,global_ddp_mean,2,0.0,0.886242151260376,0.886242151260376,0.0,0.0,0.0,0.0,0.0,0.0,0.0,0.0,0.0,0.0,0.0,0.0,0.0,1.0000000451813993,1.0000000451813993,0.0,0,0,0,0,0,0,0,1.0,1.0,0.00336247478143914,0.00336247478143914
4,100,0,odam,rpn,0.07996318489313126,-0.0,global_ddp_mean,2,0.0,1.6449400186538696,1.6449400186538696,0.0,0.0,0.0,0.0,0.0,0.0,0.0,0.0,0.0,0.0,0.0,0.0,0.0,0.9999999296426453,0.9999999296426453,0.021492769647182136,0,0,0,0,0,0,0,1.0,1.0,0.00336247478143914,0.00336247478143914
4,100,0,odam,roi_shared,0.07996318489313126,-0.0,global_ddp_mean,2,0.0,1.6881797313690186,1.6881797313690186,0.0,0.0,0.0,0.0,0.0,0.0,0.0,0.0,0.0,0.0,0.0,0.0,0.0,0.999999994736787,0.999999994736787,0.005878453707577622,0,0,0,0,0,0,0,1.0,1.0,0.00336247478143914,0.00336247478143914
4,100,0,odam,roi_cls,0.07996318489313126,-0.0,global_ddp_mean,2,0.0,1.337636947631836,1.337636947631836,0.0,0.0,0.0,0.0,0.0,0.0,0.0,0.0,0.0,0.0,0.0,0.0,0.0,1.0000000348229012,1.0000000348229012,0.0,0,0,0,0,0,0,0,1.0,1.0,0.00336247478143914,0.00336247478143914
4,100,0,odam,roi_reg,0.07996318489313126,-0.0,global_ddp_mean,2,0.0,1.4525902271270752,1.4525902271270752,0.0,0.0,0.0,0.0,0.0,0.0,0.0,0.0,0.0,0.0,0.0,0.0,0.0,0.9999999456788274,0.9999999456788274,0.01888522659831554,0,0,0,0,0,0,0,1.0,1.0,0.00336247478143914,0.00336247478143914
4,200,0,odam,backbone,0.277484655380249,0.0,global_ddp_mean,2,0.0,6.2526774406433105,6.2526774406433105,0.0,0.0,0.0,0.0,0.0,0.0,0.0,0.0,0.0,0.0,0.0,0.0,0.0,0.9999999690959513,0.9999999690959513,0.014244438050216251,0,0,0,0,0,0,0,1.0,1.0,0.00672494956287828,0.00672494956287828
4,200,0,odam,fpn,0.277484655380249,0.0,global_ddp_mean,2,0.0,1.3692781925201416,1.3692781925201416,0.0,0.0,0.0,0.0,0.0,0.0,0.0,0.0,0.0,0.0,0.0,0.0,0.0,0.9999999913965231,0.9999999913965231,0.0075157898775005515,0,0,0,0,0,0,0,1.0,1.0,0.00672494956287828,0.00672494956287828
4,200,0,odam,rpn,0.277484655380249,0.0,global_ddp_mean,2,0.0,0.4280622899532318,0.4280622899532318,0.0,0.0,0.0,0.0,0.0,0.0,0.0,0.0,0.0,0.0,0.0,0.0,0.0,0.9999999462131333,0.9999999462131333,0.01879211905339982,0,0,0,0,0,0,0,1.0,1.0,0.00672494956287828,0.00672494956287828
4,200,0,odam,roi_shared,0.277484655380249,0.0,global_ddp_mean,2,0.0,3.191697835922241,3.191697835922241,0.0,0.0,0.0,0.0,0.0,0.0,0.0,0.0,0.0,0.0,0.0,0.0,0.0,0.9999999406396191,0.9999999406396191,0.019741764735201086,0,0,0,0,0,0,0,1.0,1.0,0.00672494956287828,0.00672494956287828
4,200,0,odam,roi_cls,0.277484655380249,0.0,global_ddp_mean,2,0.0,3.0241284370422363,3.0241284370422363,0.0,0.0,0.0,0.0,0.0,0.0,0.0,0.0,0.0,0.0,0.0,0.0,0.0,1.0000000561523688,1.0000000561523688,0.0,0,0,0,0,0,0,0,1.0,1.0,0.00672494956287828,0.00672494956287828
4,200,0,odam,roi_reg,0.277484655380249,0.0,global_ddp_mean,2,0.0,1.30507493019104,1.30507493019104,0.0,0.0,0.0,0.0,0.0,0.0,0.0,0.0,0.0,0.0,0.0,0.0,0.0,1.0000000890350689,1.0000000890350689,0.0,0,0,0,0,0,0,0,1.0,1.0,0.00672494956287828,0.00672494956287828
4,300,0,odam,backbone,0.027757015079259872,0.0,global_ddp_mean,2,0.0,2.9982337951660156,2.9982337951660156,0.0,0.0,0.0,0.0,0.0,0.0,0.0,0.0,0.0,0.0,0.0,0.0,0.0,1.0000000773374524,1.0000000773374524,0.0,0,0,0,0,0,0,0,1.0,1.0,0.01008742434431742,0.01008742434431742
4,300,0,odam,fpn,0.027757015079259872,0.0,global_ddp_mean,2,0.0,0.7420443892478943,0.7420443892478943,0.0,0.0,0.0,0.0,0.0,0.0,0.0,0.0,0.0,0.0,0.0,0.0,0.0,0.9999999611136067,0.9999999611136067,0.01597851681303853,0,0,0,0,0,0,0,1.0,1.0,0.01008742434431742,0.01008742434431742
4,300,0,odam,rpn,0.027757015079259872,0.0,global_ddp_mean,2,0.0,0.557469367980957,0.557469367980957,0.0,0.0,0.0,0.0,0.0,0.0,0.0,0.0,0.0,0.0,0.0,0.0,0.0,0.9999999836317226,0.9999999836317226,0.010366666304511357,0,0,0,0,0,0,0,1.0,1.0,0.01008742434431742,0.01008742434431742
4,300,0,odam,roi_shared,0.027757015079259872,0.0,global_ddp_mean,2,0.0,1.588167428970337,1.588167428970337,0.0,0.0,0.0,0.0,0.0,0.0,0.0,0.0,0.0,0.0,0.0,0.0,0.0,0.999999961868479,0.999999961868479,0.01582266729979668,0,0,0,0,0,0,0,1.0,1.0,0.01008742434431742,0.01008742434431742
4,300,0,odam,roi_cls,0.027757015079259872,0.0,global_ddp_mean,2,0.0,1.7806012630462646,1.7806012630462646,0.0,0.0,0.0,0.0,0.0,0.0,0.0,0.0,0.0,0.0,0.0,0.0,0.0,0.9999999847563531,0.9999999847563531,0.010004193217727143,0,0,0,0,0,0,0,1.0,1.0,0.01008742434431742,0.01008742434431742
4,300,0,odam,roi_reg,0.027757015079259872,0.0,global_ddp_mean,2,0.0,0.06796188652515411,0.06796188652515411,0.0,0.0,0.0,0.0,0.0,0.0,0.0,0.0,0.0,0.0,0.0,0.0,0.0,1.0000000835620084,1.0000000835620084,0.0,0,0,0,0,0,0,0,1.0,1.0,0.01008742434431742,0.01008742434431742
4,400,0,odam,backbone,0.31248044967651367,-0.0,global_ddp_mean,2,0.0,7.210552215576172,7.210552215576172,0.0,0.0,0.0,0.0,0.0,0.0,0.0,0.0,0.0,0.0,0.0,0.0,0.0,1.000000041855178,1.000000041855178,0.0,0,0,0,0,0,0,0,1.0,1.0,0.01344989912575656,0.01344989912575656
4,400,0,odam,fpn,0.31248044967651367,-0.0,global_ddp_mean,2,0.0,1.944628119468689,1.944628119468689,0.0,0.0,0.0,0.0,0.0,0.0,0.0,0.0,0.0,0.0,0.0,0.0,0.0,0.9999999416526973,0.9999999416526973,0.01957257762933173,0,0,0,0,0,0,0,1.0,1.0,0.01344989912575656,0.01344989912575656
4,400,0,odam,rpn,0.31248044967651367,-0.0,global_ddp_mean,2,0.0,2.421902656555176,2.421902656555176,0.0,0.0,0.0,0.0,0.0,0.0,0.0,0.0,0.0,0.0,0.0,0.0,0.0,1.0000000049504527,1.0000000049504527,0.0,0,0,0,0,0,0,0,1.0,1.0,0.01344989912575656,0.01344989912575656
4,400,0,odam,roi_shared,0.31248044967651367,-0.0,global_ddp_mean,2,0.0,4.172609806060791,4.172609806060791,0.0,0.0,0.0,0.0,0.0,0.0,0.0,0.0,0.0,0.0,0.0,0.0,0.0,1.0000000314660342,1.0000000314660342,0.0,0,0,0,0,0,0,0,1.0,1.0,0.01344989912575656,0.01344989912575656
4,400,0,odam,roi_cls,0.31248044967651367,-0.0,global_ddp_mean,2,0.0,3.5238254070281982,3.5238254070281982,0.0,0.0,0.0,0.0,0.0,0.0,0.0,0.0,0.0,0.0,0.0,0.0,0.0,0.999999963581558,0.999999963581558,0.015463162258190274,0,0,0,0,0,0,0,1.0,1.0,0.01344989912575656,0.01344989912575656
4,400,0,odam,roi_reg,0.31248044967651367,-0.0,global_ddp_mean,2,0.0,1.9033154249191284,1.9033154249191284,0.0,0.0,0.0,0.0,0.0,0.0,0.0,0.0,0.0,0.0,0.0,0.0,0.0,1.0000000023714521,1.0000000023714521,0.0,0,0,0,0,0,0,0,1.0,1.0,0.01344989912575656,0.01344989912575656
4,500,0,odam,backbone,0.11185481399297714,0.0,global_ddp_mean,2,0.0,4.098141193389893,4.098141193389893,0.0,0.0,0.0,0.0,0.0,0.0,0.0,0.0,0.0,0.0,0.0,0.0,0.0,0.9999999112465547,0.9999999112465547,0.024139609690061244,0,0,0,0,0,0,0,1.0,1.0,0.0168123739071957,0.0168123739071957
4,500,0,odam,fpn,0.11185481399297714,0.0,global_ddp_mean,2,0.0,0.7876214385032654,0.7876214385032654,0.0,0.0,0.0,0.0,0.0,0.0,0.0,0.0,0.0,0.0,0.0,0.0,0.0,0.9999999507654348,0.9999999507654348,0.017979296127118544,0,0,0,0,0,0,0,1.0,1.0,0.0168123739071957,0.0168123739071957
4,500,0,odam,rpn,0.11185481399297714,0.0,global_ddp_mean,2,0.0,1.6799232959747314,1.6799232959747314,0.0,0.0,0.0,0.0,0.0,0.0,0.0,0.0,0.0,0.0,0.0,0.0,0.0,0.9999999446581482,0.9999999446581482,0.019061824890647686,0,0,0,0,0,0,0,1.0,1.0,0.0168123739071957,0.0168123739071957
4,500,0,odam,roi_shared,0.11185481399297714,0.0,global_ddp_mean,2,0.0,1.3989611864089966,1.3989611864089966,0.0,0.0,0.0,0.0,0.0,0.0,0.0,0.0,0.0,0.0,0.0,0.0,0.0,0.9999999407679386,0.9999999407679386,0.019720415264333095,0,0,0,0,0,0,0,1.0,1.0,0.0168123739071957,0.0168123739071957
4,500,0,odam,roi_cls,0.11185481399297714,0.0,global_ddp_mean,2,0.0,1.2233589887619019,1.2233589887619019,0.0,0.0,0.0,0.0,0.0,0.0,0.0,0.0,0.0,0.0,0.0,0.0,0.0,0.9999999793035557,0.9999999793035557,0.011656965224586384,0,0,0,0,0,0,0,1.0,1.0,0.0168123739071957,0.0168123739071957
4,500,0,odam,roi_reg,0.11185481399297714,0.0,global_ddp_mean,2,0.0,0.8939924240112305,0.8939924240112305,0.0,0.0,0.0,0.0,0.0,0.0,0.0,0.0,0.0,0.0,0.0,0.0,0.0,0.999999944365569,0.999999944365569,0.01911214613269768,0,0,0,0,0,0,0,1.0,1.0,0.0168123739071957,0.0168123739071957
4,600,0,odam,backbone,0.1868406981229782,-0.0,global_ddp_mean,2,0.0,7.8391923904418945,7.8391923904418945,0.0,0.0,0.0,0.0,0.0,0.0,0.0,0.0,0.0,0.0,0.0,0.0,0.0,1.000000012130777,1.000000012130777,0.0,0,0,0,0,0,0,0,1.0,1.0,0.02017484868863484,0.02017484868863484
4,600,0,odam,fpn,0.1868406981229782,-0.0,global_ddp_mean,2,0.0,2.711886405944824,2.711886405944824,0.0,0.0,0.0,0.0,0.0,0.0,0.0,0.0,0.0,0.0,0.0,0.0,0.0,0.9999999727958939,0.9999999727958939,0.013364566030156498,0,0,0,0,0,0,0,1.0,1.0,0.02017484868863484,0.02017484868863484
4,600,0,odam,rpn,0.1868406981229782,-0.0,global_ddp_mean,2,0.0,4.072836875915527,4.072836875915527,0.0,0.0,0.0,0.0,0.0,0.0,0.0,0.0,0.0,0.0,0.0,0.0,0.0,0.9999999473146087,0.9999999473146087,0.0185987063280733,0,0,0,0,0,0,0,1.0,1.0,0.02017484868863484,0.02017484868863484
4,600,0,odam,roi_shared,0.1868406981229782,-0.0,global_ddp_mean,2,0.0,6.083185195922852,6.083185195922852,0.0,0.0,0.0,0.0,0.0,0.0,0.0,0.0,0.0,0.0,0.0,0.0,0.0,1.0000000022704716,1.0000000022704716,0.0,0,0,0,0,0,0,0,1.0,1.0,0.02017484868863484,0.02017484868863484
4,600,0,odam,roi_cls,0.1868406981229782,-0.0,global_ddp_mean,2,0.0,5.141595840454102,5.141595840454102,0.0,0.0,0.0,0.0,0.0,0.0,0.0,0.0,0.0,0.0,0.0,0.0,0.0,1.0000000252229544,1.0000000252229544,0.0,0,0,0,0,0,0,0,1.0,1.0,0.02017484868863484,0.02017484868863484
4,600,0,odam,roi_reg,0.1868406981229782,-0.0,global_ddp_mean,2,0.0,1.3406777381896973,1.3406777381896973,0.0,0.0,0.0,0.0,0.0,0.0,0.0,0.0,0.0,0.0,0.0,0.0,0.0,1.000000004753247,1.000000004753247,0.0,0,0,0,0,0,0,0,1.0,1.0,0.02017484868863484,0.02017484868863484
4,700,0,odam,backbone,0.15369439125061035,0.0,global_ddp_mean,2,0.0,28.104503631591797,28.104503631591797,0.0,0.0,0.0,0.0,0.0,0.0,0.0,0.0,0.0,0.0,0.0,0.0,0.0,1.0000000440602048,1.0000000440602048,0.0,0,0,0,0,0,0,0,1.0,1.0,0.02353732347007398,0.02353732347007398
4,700,0,odam,fpn,0.15369439125061035,0.0,global_ddp_mean,2,0.0,6.243310928344727,6.243310928344727,0.0,0.0,0.0,0.0,0.0,0.0,0.0,0.0,0.0,0.0,0.0,0.0,0.0,1.000000002027076,1.000000002027076,0.0,0,0,0,0,0,0,0,1.0,1.0,0.02353732347007398,0.02353732347007398
4,700,0,odam,rpn,0.15369439125061035,0.0,global_ddp_mean,2,0.0,3.0725080966949463,3.0725080966949463,0.0,0.0,0.0,0.0,0.0,0.0,0.0,0.0,0.0,0.0,0.0,0.0,0.0,1.0000000698343021,1.0000000698343021,0.0,0,0,0,0,0,0,0,1.0,1.0,0.02353732347007398,0.02353732347007398
4,700,0,odam,roi_shared,0.15369439125061035,0.0,global_ddp_mean,2,0.0,14.38999080657959,14.38999080657959,0.0,0.0,0.0,0.0,0.0,0.0,0.0,0.0,0.0,0.0,0.0,0.0,0.0,1.0000000143209293,1.0000000143209293,0.0,0,0,0,0,0,0,0,1.0,1.0,0.02353732347007398,0.02353732347007398
4,700,0,odam,roi_cls,0.15369439125061035,0.0,global_ddp_mean,2,0.0,14.508713722229004,14.508713722229004,0.0,0.0,0.0,0.0,0.0,0.0,0.0,0.0,0.0,0.0,0.0,0.0,0.0,1.0000000153252764,1.0000000153252764,0.0,0,0,0,0,0,0,0,1.0,1.0,0.02353732347007398,0.02353732347007398
4,700,0,odam,roi_reg,0.15369439125061035,0.0,global_ddp_mean,2,0.0,0.8779421448707581,0.8779421448707581,0.0,0.0,0.0,0.0,0.0,0.0,0.0,0.0,0.0,0.0,0.0,0.0,0.0,1.0000000017621227,1.0000000017621227,0.0,0,0,0,0,0,0,0,1.0,1.0,0.02353732347007398,0.02353732347007398
4,800,0,odam,backbone,0.21267026662826538,0.0,global_ddp_mean,2,0.0,13.126250267028809,13.126250267028809,0.0,0.0,0.0,0.0,0.0,0.0,0.0,0.0,0.0,0.0,0.0,0.0,0.0,1.0000000033813397,1.0000000033813397,0.0,0,0,0,0,0,0,0,1.0,1.0,0.02689979825151312,0.02689979825151312
4,800,0,odam,fpn,0.21267026662826538,0.0,global_ddp_mean,2,0.0,4.251266002655029,4.251266002655029,0.0,0.0,0.0,0.0,0.0,0.0,0.0,0.0,0.0,0.0,0.0,0.0,0.0,1.0000000300446301,1.0000000300446301,0.0,0,0,0,0,0,0,0,1.0,1.0,0.02689979825151312,0.02689979825151312
4,800,0,odam,rpn,0.21267026662826538,0.0,global_ddp_mean,2,0.0,5.176232814788818,5.176232814788818,0.0,0.0,0.0,0.0,0.0,0.0,0.0,0.0,0.0,0.0,0.0,0.0,0.0,1.0000000826249669,1.0000000826249669,0.0,0,0,0,0,0,0,0,1.0,1.0,0.02689979825151312,0.02689979825151312
4,800,0,odam,roi_shared,0.21267026662826538,0.0,global_ddp_mean,2,0.0,7.856895446777344,7.856895446777344,0.0,0.0,0.0,0.0,0.0,0.0,0.0,0.0,0.0,0.0,0.0,0.0,0.0,0.9999999737856787,0.9999999737856787,0.01311918752819344,0,0,0,0,0,0,0,1.0,1.0,0.02689979825151312,0.02689979825151312
4,800,0,odam,roi_cls,0.21267026662826538,0.0,global_ddp_mean,2,0.0,7.435266494750977,7.435266494750977,0.0,0.0,0.0,0.0,0.0,0.0,0.0,0.0,0.0,0.0,0.0,0.0,0.0,1.0000000003300182,1.0000000003300182,0.0,0,0,0,0,0,0,0,1.0,1.0,0.02689979825151312,0.02689979825151312
4,800,0,odam,roi_reg,0.21267026662826538,0.0,global_ddp_mean,2,0.0,4.679115295410156,4.679115295410156,0.0,0.0,0.0,0.0,0.0,0.0,0.0,0.0,0.0,0.0,0.0,0.0,0.0,0.9999999687109615,0.9999999687109615,0.01433288908175173,0,0,0,0,0,0,0,1.0,1.0,0.02689979825151312,0.02689979825151312
4,900,0,odam,backbone,0.06888388097286224,-0.0,global_ddp_mean,2,0.0,7.739622592926025,7.739622592926025,0.0,0.0,0.0,0.0,0.0,0.0,0.0,0.0,0.0,0.0,0.0,0.0,0.0,1.0000000370671491,1.0000000370671491,0.0,0,0,0,0,0,0,0,1.0,1.0,0.030262273032952258,0.030262273032952258
4,900,0,odam,fpn,0.06888388097286224,-0.0,global_ddp_mean,2,0.0,1.2047988176345825,1.2047988176345825,0.0,0.0,0.0,0.0,0.0,0.0,0.0,0.0,0.0,0.0,0.0,0.0,0.0,0.9999999459344866,0.9999999459344866,0.018840733122898655,0,0,0,0,0,0,0,1.0,1.0,0.030262273032952258,0.030262273032952258
4,900,0,odam,rpn,0.06888388097286224,-0.0,global_ddp_mean,2,0.0,2.7829363346099854,2.7829363346099854,0.0,0.0,0.0,0.0,0.0,0.0,0.0,0.0,0.0,0.0,0.0,0.0,0.0,0.9999999541326444,0.9999999541326444,0.01735359601399035,0,0,0,0,0,0,0,1.0,1.0,0.030262273032952258,0.030262273032952258
4,900,0,odam,roi_shared,0.06888388097286224,-0.0,global_ddp_mean,2,0.0,2.077047824859619,2.077047824859619,0.0,0.0,0.0,0.0,0.0,0.0,0.0,0.0,0.0,0.0,0.0,0.0,0.0,1.000000059178599,1.000000059178599,0.0,0,0,0,0,0,0,0,1.0,1.0,0.030262273032952258,0.030262273032952258
4,900,0,odam,roi_cls,0.06888388097286224,-0.0,global_ddp_mean,2,0.0,2.003384590148926,2.003384590148926,0.0,0.0,0.0,0.0,0.0,0.0,0.0,0.0,0.0,0.0,0.0,0.0,0.0,0.9999999971699169,0.9999999971699169,0.0043105950016865515,0,0,0,0,0,0,0,1.0,1.0,0.030262273032952258,0.030262273032952258
4,900,0,odam,roi_reg,0.06888388097286224,-0.0,global_ddp_mean,2,0.0,1.1017184257507324,1.1017184257507324,0.0,0.0,0.0,0.0,0.0,0.0,0.0,0.0,0.0,0.0,0.0,0.0,0.0,1.000000010660932,1.000000010660932,0.0,0,0,0,0,0,0,0,1.0,1.0,0.030262273032952258,0.030262273032952258
4,1000,0,odam,backbone,0.09695601463317871,-0.0,global_ddp_mean,2,0.0,2.1434738636016846,2.1434738636016846,0.0,0.0,0.0,0.0,0.0,0.0,0.0,0.0,0.0,0.0,0.0,0.0,0.0,1.0000000675991234,1.0000000675991234,0.0,0,0,0,0,0,0,0,1.0,1.0,0.0336247478143914,0.0336247478143914
4,1000,0,odam,fpn,0.09695601463317871,-0.0,global_ddp_mean,2,0.0,0.2951298654079437,0.2951298654079437,0.0,0.0,0.0,0.0,0.0,0.0,0.0,0.0,0.0,0.0,0.0,0.0,0.0,1.0000000954284904,1.0000000954284904,0.0,0,0,0,0,0,0,0,1.0,1.0,0.0336247478143914,0.0336247478143914
4,1000,0,odam,rpn,0.09695601463317871,-0.0,global_ddp_mean,2,0.0,0.47448986768722534,0.47448986768722534,0.0,0.0,0.0,0.0,0.0,0.0,0.0,0.0,0.0,0.0,0.0,0.0,0.0,1.0000000513554723,1.0000000513554723,0.0,0,0,0,0,0,0,0,1.0,1.0,0.0336247478143914,0.0336247478143914
4,1000,0,odam,roi_shared,0.09695601463317871,-0.0,global_ddp_mean,2,0.0,0.412403404712677,0.412403404712677,0.0,0.0,0.0,0.0,0.0,0.0,0.0,0.0,0.0,0.0,0.0,0.0,0.0,1.000000062541869,1.000000062541869,0.0,0,0,0,0,0,0,0,1.0,1.0,0.0336247478143914,0.0336247478143914
4,1000,0,odam,roi_cls,0.09695601463317871,-0.0,global_ddp_mean,2,0.0,0.4987039268016815,0.4987039268016815,0.0,0.0,0.0,0.0,0.0,0.0,0.0,0.0,0.0,0.0,0.0,0.0,0.0,1.0000000161857208,1.0000000161857208,0.0,0,0,0,0,0,0,0,1.0,1.0,0.0336247478143914,0.0336247478143914
4,1000,0,odam,roi_reg,0.09695601463317871,-0.0,global_ddp_mean,2,0.0,0.0,0.0,0.0,0.0,0.0,0.0,0.0,0.0,0.0,0.0,0.0,0.0,0.0,0.0,0.0,0.0,0.0,90.0,0,0,0,0,0,0,0,1.0,1.0,0.0336247478143914,0.0336247478143914
4,1100,0,odam,backbone,0.05389297381043434,-0.0,global_ddp_mean,2,0.0,21.113079071044922,21.113079071044922,0.0,0.0,0.0,0.0,0.0,0.0,0.0,0.0,0.0,0.0,0.0,0.0,0.0,1.0000000855521318,1.0000000855521318,0.0,0,0,0,0,0,0,0,1.0,1.0,0.03698722259583054,0.03698722259583054
4,1100,0,odam,fpn,0.05389297381043434,-0.0,global_ddp_mean,2,0.0,4.799656867980957,4.799656867980957,0.0,0.0,0.0,0.0,0.0,0.0,0.0,0.0,0.0,0.0,0.0,0.0,0.0,0.9999999551469327,0.9999999551469327,0.017160648887522018,0,0,0,0,0,0,0,1.0,1.0,0.03698722259583054,0.03698722259583054
4,1100,0,odam,rpn,0.05389297381043434,-0.0,global_ddp_mean,2,0.0,5.1121625900268555,5.1121625900268555,0.0,0.0,0.0,0.0,0.0,0.0,0.0,0.0,0.0,0.0,0.0,0.0,0.0,0.9999999432786244,0.9999999432786244,0.019297942571665373,0,0,0,0,0,0,0,1.0,1.0,0.03698722259583054,0.03698722259583054
4,1100,0,odam,roi_shared,0.05389297381043434,-0.0,global_ddp_mean,2,0.0,10.687236785888672,10.687236785888672,0.0,0.0,0.0,0.0,0.0,0.0,0.0,0.0,0.0,0.0,0.0,0.0,0.0,1.00000002861726,1.00000002861726,0.0,0,0,0,0,0,0,0,1.0,1.0,0.03698722259583054,0.03698722259583054
4,1100,0,odam,roi_cls,0.05389297381043434,-0.0,global_ddp_mean,2,0.0,9.818747520446777,9.818747520446777,0.0,0.0,0.0,0.0,0.0,0.0,0.0,0.0,0.0,0.0,0.0,0.0,0.0,0.9999999574392344,0.9999999574392344,0.016716384327574996,0,0,0,0,0,0,0,1.0,1.0,0.03698722259583054,0.03698722259583054
4,1100,0,odam,roi_reg,0.05389297381043434,-0.0,global_ddp_mean,2,0.0,2.3270463943481445,2.3270463943481445,0.0,0.0,0.0,0.0,0.0,0.0,0.0,0.0,0.0,0.0,0.0,0.0,0.0,1.0000000878531574,1.0000000878531574,0.0,0,0,0,0,0,0,0,1.0,1.0,0.03698722259583054,0.03698722259583054
4,1200,0,odam,backbone,0.09614728391170502,0.0,global_ddp_mean,2,0.0,9.921602249145508,9.921602249145508,0.0,0.0,0.0,0.0,0.0,0.0,0.0,0.0,0.0,0.0,0.0,0.0,0.0,1.000000031335939,1.000000031335939,0.0,0,0,0,0,0,0,0,1.0,1.0,0.04034969737726968,0.04034969737726968
4,1200,0,odam,fpn,0.09614728391170502,0.0,global_ddp_mean,2,0.0,1.83132004737854,1.83132004737854,0.0,0.0,0.0,0.0,0.0,0.0,0.0,0.0,0.0,0.0,0.0,0.0,0.0,0.999999984141136,0.999999984141136,0.010204075615175412,0,0,0,0,0,0,0,1.0,1.0,0.04034969737726968,0.04034969737726968
4,1200,0,odam,rpn,0.09614728391170502,0.0,global_ddp_mean,2,0.0,2.1547672748565674,2.1547672748565674,0.0,0.0,0.0,0.0,0.0,0.0,0.0,0.0,0.0,0.0,0.0,0.0,0.0,1.0000000111137723,1.0000000111137723,0.0,0,0,0,0,0,0,0,1.0,1.0,0.04034969737726968,0.04034969737726968
4,1200,0,odam,roi_shared,0.09614728391170502,0.0,global_ddp_mean,2,0.0,3.842191457748413,3.842191457748413,0.0,0.0,0.0,0.0,0.0,0.0,0.0,0.0,0.0,0.0,0.0,0.0,0.0,1.000000048439912,1.000000048439912,0.0,0,0,0,0,0,0,0,1.0,1.0,0.04034969737726968,0.04034969737726968
4,1200,0,odam,roi_cls,0.09614728391170502,0.0,global_ddp_mean,2,0.0,4.367382049560547,4.367382049560547,0.0,0.0,0.0,0.0,0.0,0.0,0.0,0.0,0.0,0.0,0.0,0.0,0.0,1.0000001073875562,1.0000001073875562,0.0,0,0,0,0,0,0,0,1.0,1.0,0.04034969737726968,0.04034969737726968
4,1200,0,odam,roi_reg,0.09614728391170502,0.0,global_ddp_mean,2,0.0,0.03403649851679802,0.03403649851679802,0.0,0.0,0.0,0.0,0.0,0.0,0.0,0.0,0.0,0.0,0.0,0.0,0.0,0.9999999816447697,0.9999999816447697,0.010977856519939254,0,0,0,0,0,0,0,1.0,1.0,0.04034969737726968,0.04034969737726968
4,1300,0,odam,backbone,0.1168350875377655,0.0,global_ddp_mean,2,0.0,6.102793216705322,6.102793216705322,0.0,0.0,0.0,0.0,0.0,0.0,0.0,0.0,0.0,0.0,0.0,0.0,0.0,0.999999955930627,0.999999955930627,0.017010068707581767,0,0,0,0,0,0,0,1.0,1.0,0.04371217215870882,0.04371217215870882
4,1300,0,odam,fpn,0.1168350875377655,0.0,global_ddp_mean,2,0.0,0.7441507577896118,0.7441507577896118,0.0,0.0,0.0,0.0,0.0,0.0,0.0,0.0,0.0,0.0,0.0,0.0,0.0,0.9999999989736811,0.9999999989736811,0.002595845243519969,0,0,0,0,0,0,0,1.0,1.0,0.04371217215870882,0.04371217215870882
4,1300,0,odam,rpn,0.1168350875377655,0.0,global_ddp_mean,2,0.0,2.011192798614502,2.011192798614502,0.0,0.0,0.0,0.0,0.0,0.0,0.0,0.0,0.0,0.0,0.0,0.0,0.0,1.0000000319987874,1.0000000319987874,0.0,0,0,0,0,0,0,0,1.0,1.0,0.04371217215870882,0.04371217215870882
4,1300,0,odam,roi_shared,0.1168350875377655,0.0,global_ddp_mean,2,0.0,1.326210856437683,1.326210856437683,0.0,0.0,0.0,0.0,0.0,0.0,0.0,0.0,0.0,0.0,0.0,0.0,0.0,1.0000000454682572,1.0000000454682572,0.0,0,0,0,0,0,0,0,1.0,1.0,0.04371217215870882,0.04371217215870882
4,1300,0,odam,roi_cls,0.1168350875377655,0.0,global_ddp_mean,2,0.0,0.7772054672241211,0.7772054672241211,0.0,0.0,0.0,0.0,0.0,0.0,0.0,0.0,0.0,0.0,0.0,0.0,0.0,1.000000054684263,1.000000054684263,0.0,0,0,0,0,0,0,0,1.0,1.0,0.04371217215870882,0.04371217215870882
4,1300,0,odam,roi_reg,0.1168350875377655,0.0,global_ddp_mean,2,0.0,1.3604707717895508,1.3604707717895508,0.0,0.0,0.0,0.0,0.0,0.0,0.0,0.0,0.0,0.0,0.0,0.0,0.0,1.0000000758496703,1.0000000758496703,0.0,0,0,0,0,0,0,0,1.0,1.0,0.04371217215870882,0.04371217215870882
4,1400,0,odam,backbone,0.013557905331254005,0.0,global_ddp_mean,2,0.0,3.944324016571045,3.944324016571045,0.0,0.0,0.0,0.0,0.0,0.0,0.0,0.0,0.0,0.0,0.0,0.0,0.0,1.000000037285213,1.000000037285213,0.0,0,0,0,0,0,0,0,1.0,1.0,0.04707464694014796,0.04707464694014796
4,1400,0,odam,fpn,0.013557905331254005,0.0,global_ddp_mean,2,0.0,0.5281211137771606,0.5281211137771606,0.0,0.0,0.0,0.0,0.0,0.0,0.0,0.0,0.0,0.0,0.0,0.0,0.0,0.9999999203410395,0.9999999203410395,0.02286940947923733,0,0,0,0,0,0,0,1.0,1.0,0.04707464694014796,0.04707464694014796
4,1400,0,odam,rpn,0.013557905331254005,0.0,global_ddp_mean,2,0.0,0.7557070255279541,0.7557070255279541,0.0,0.0,0.0,0.0,0.0,0.0,0.0,0.0,0.0,0.0,0.0,0.0,0.0,1.0000000588350917,1.0000000588350917,0.0,0,0,0,0,0,0,0,1.0,1.0,0.04707464694014796,0.04707464694014796
4,1400,0,odam,roi_shared,0.013557905331254005,0.0,global_ddp_mean,2,0.0,0.774698793888092,0.774698793888092,0.0,0.0,0.0,0.0,0.0,0.0,0.0,0.0,0.0,0.0,0.0,0.0,0.0,0.999999988865315,0.999999988865315,0.008550206375651872,0,0,0,0,0,0,0,1.0,1.0,0.04707464694014796,0.04707464694014796
4,1400,0,odam,roi_cls,0.013557905331254005,0.0,global_ddp_mean,2,0.0,0.955467939376831,0.955467939376831,0.0,0.0,0.0,0.0,0.0,0.0,0.0,0.0,0.0,0.0,0.0,0.0,0.0,1.0000000018763728,1.0000000018763728,0.0,0,0,0,0,0,0,0,1.0,1.0,0.04707464694014796,0.04707464694014796
4,1400,0,odam,roi_reg,0.013557905331254005,0.0,global_ddp_mean,2,0.0,0.0,0.0,0.0,0.0,0.0,0.0,0.0,0.0,0.0,0.0,0.0,0.0,0.0,0.0,0.0,0.0,0.0,90.0,0,0,0,0,0,0,0,1.0,1.0,0.04707464694014796,0.04707464694014796
5,0,0,odam,backbone,0.09572581946849823,-0.0,global_ddp_mean,2,0.0,5.680356502532959,5.680356502532959,0.0,0.0,0.0,0.0,0.0,0.0,0.0,0.0,0.0,0.0,0.0,0.0,0.0,0.9999999683491957,0.9999999683491957,0.014415509836457986,0,0,0,0,0,0,0,1.0,1.0,0.05,0.05
5,0,0,odam,fpn,0.09572581946849823,-0.0,global_ddp_mean,2,0.0,1.1995482444763184,1.1995482444763184,0.0,0.0,0.0,0.0,0.0,0.0,0.0,0.0,0.0,0.0,0.0,0.0,0.0,0.9999999840957129,0.9999999840957129,0.010218678471692675,0,0,0,0,0,0,0,1.0,1.0,0.05,0.05
5,0,0,odam,rpn,0.09572581946849823,-0.0,global_ddp_mean,2,0.0,2.5393621921539307,2.5393621921539307,0.0,0.0,0.0,0.0,0.0,0.0,0.0,0.0,0.0,0.0,0.0,0.0,0.0,1.0000000155348667,1.0000000155348667,0.0,0,0,0,0,0,0,0,1.0,1.0,0.05,0.05
5,0,0,odam,roi_shared,0.09572581946849823,-0.0,global_ddp_mean,2,0.0,2.139801502227783,2.139801502227783,0.0,0.0,0.0,0.0,0.0,0.0,0.0,0.0,0.0,0.0,0.0,0.0,0.0,1.000000030885126,1.000000030885126,0.0,0,0,0,0,0,0,0,1.0,1.0,0.05,0.05
5,0,0,odam,roi_cls,0.09572581946849823,-0.0,global_ddp_mean,2,0.0,1.641099214553833,1.641099214553833,0.0,0.0,0.0,0.0,0.0,0.0,0.0,0.0,0.0,0.0,0.0,0.0,0.0,0.9999999690634908,0.9999999690634908,0.014251917029968298,0,0,0,0,0,0,0,1.0,1.0,0.05,0.05
5,0,0,odam,roi_reg,0.09572581946849823,-0.0,global_ddp_mean,2,0.0,0.9651234745979309,0.9651234745979309,0.0,0.0,0.0,0.0,0.0,0.0,0.0,0.0,0.0,0.0,0.0,0.0,0.0,1.000000042477738,1.000000042477738,0.0,0,0,0,0,0,0,0,1.0,1.0,0.05,0.05
5,100,0,odam,backbone,0.3117518424987793,0.0,global_ddp_mean,2,0.0,8.520461082458496,8.520461082458496,0.0,0.0,0.0,0.0,0.0,0.0,0.0,0.0,0.0,0.0,0.0,0.0,0.0,0.9999999212802538,0.9999999212802538,0.022734189494046788,0,0,0,0,0,0,0,1.0,1.0,0.05336247478143914,0.05336247478143914
5,100,0,odam,fpn,0.3117518424987793,0.0,global_ddp_mean,2,0.0,1.544597864151001,1.544597864151001,0.0,0.0,0.0,0.0,0.0,0.0,0.0,0.0,0.0,0.0,0.0,0.0,0.0,1.0000000656885568,1.0000000656885568,0.0,0,0,0,0,0,0,0,1.0,1.0,0.05336247478143914,0.05336247478143914
5,100,0,odam,rpn,0.3117518424987793,0.0,global_ddp_mean,2,0.0,3.1892805099487305,3.1892805099487305,0.0,0.0,0.0,0.0,0.0,0.0,0.0,0.0,0.0,0.0,0.0,0.0,0.0,1.0000000516415253,1.0000000516415253,0.0,0,0,0,0,0,0,0,1.0,1.0,0.05336247478143914,0.05336247478143914
5,100,0,odam,roi_shared,0.3117518424987793,0.0,global_ddp_mean,2,0.0,2.933897018432617,2.933897018432617,0.0,0.0,0.0,0.0,0.0,0.0,0.0,0.0,0.0,0.0,0.0,0.0,0.0,1.000000015282234,1.000000015282234,0.0,0,0,0,0,0,0,0,1.0,1.0,0.05336247478143914,0.05336247478143914
5,100,0,odam,roi_cls,0.3117518424987793,0.0,global_ddp_mean,2,0.0,1.6559116840362549,1.6559116840362549,0.0,0.0,0.0,0.0,0.0,0.0,0.0,0.0,0.0,0.0,0.0,0.0,0.0,0.9999999962985405,0.9999999962985405,0.004929741305047258,0,0,0,0,0,0,0,1.0,1.0,0.05336247478143914,0.05336247478143914
5,100,0,odam,roi_reg,0.3117518424987793,0.0,global_ddp_mean,2,0.0,3.0434131622314453,3.0434131622314453,0.0,0.0,0.0,0.0,0.0,0.0,0.0,0.0,0.0,0.0,0.0,0.0,0.0,1.0000000768128554,1.0000000768128554,0.0,0,0,0,0,0,0,0,1.0,1.0,0.05336247478143914,0.05336247478143914
5,200,0,odam,backbone,0.6908925771713257,0.0,global_ddp_mean,2,0.0,14.967875480651855,14.967875480651855,0.0,0.0,0.0,0.0,0.0,0.0,0.0,0.0,0.0,0.0,0.0,0.0,0.0,1.0000000505940707,1.0000000505940707,0.0,0,0,0,0,0,0,0,1.0,1.0,0.05672494956287828,0.05672494956287828
5,200,0,odam,fpn,0.6908925771713257,0.0,global_ddp_mean,2,0.0,3.025646924972534,3.025646924972534,0.0,0.0,0.0,0.0,0.0,0.0,0.0,0.0,0.0,0.0,0.0,0.0,0.0,0.9999999774626142,0.9999999774626142,0.01216436382613702,0,0,0,0,0,0,0,1.0,1.0,0.05672494956287828,0.05672494956287828
5,200,0,odam,rpn,0.6908925771713257,0.0,global_ddp_mean,2,0.0,1.0112894773483276,1.0112894773483276,0.0,0.0,0.0,0.0,0.0,0.0,0.0,0.0,0.0,0.0,0.0,0.0,0.0,0.9999999828217869,0.9999999828217869,0.010620051518085625,0,0,0,0,0,0,0,1.0,1.0,0.05672494956287828,0.05672494956287828
5,200,0,odam,roi_shared,0.6908925771713257,0.0,global_ddp_mean,2,0.0,6.7321977615356445,6.7321977615356445,0.0,0.0,0.0,0.0,0.0,0.0,0.0,0.0,0.0,0.0,0.0,0.0,0.0,1.0000000039056962,1.0000000039056962,0.0,0,0,0,0,0,0,0,1.0,1.0,0.05672494956287828,0.05672494956287828
5,200,0,odam,roi_cls,0.6908925771713257,0.0,global_ddp_mean,2,0.0,3.9766318798065186,3.9766318798065186,0.0,0.0,0.0,0.0,0.0,0.0,0.0,0.0,0.0,0.0,0.0,0.0,0.0,0.9999999641237699,0.9999999641237699,0.015347619794862299,0,0,0,0,0,0,0,1.0,1.0,0.05672494956287828,0.05672494956287828
5,200,0,odam,roi_reg,0.6908925771713257,0.0,global_ddp_mean,2,0.0,7.4766716957092285,7.4766716957092285,0.0,0.0,0.0,0.0,0.0,0.0,0.0,0.0,0.0,0.0,0.0,0.0,0.0,0.9999999975208937,0.9999999975208937,0.004034458019384852,0,0,0,0,0,0,0,1.0,1.0,0.05672494956287828,0.05672494956287828
5,300,0,odam,backbone,0.1423657238483429,-0.0,global_ddp_mean,2,0.0,4.879516124725342,4.879516124725342,0.0,0.0,0.0,0.0,0.0,0.0,0.0,0.0,0.0,0.0,0.0,0.0,0.0,0.9999999795280227,0.9999999795280227,0.01159357903529391,0,0,0,0,0,0,0,1.0,1.0,0.06008742434431742,0.06008742434431742
5,300,0,odam,fpn,0.1423657238483429,-0.0,global_ddp_mean,2,0.0,0.7218897938728333,0.7218897938728333,0.0,0.0,0.0,0.0,0.0,0.0,0.0,0.0,0.0,0.0,0.0,0.0,0.0,1.0000000477612931,1.0000000477612931,0.0,0,0,0,0,0,0,0,1.0,1.0,0.06008742434431742,0.06008742434431742
5,300,0,odam,rpn,0.1423657238483429,-0.0,global_ddp_mean,2,0.0,1.5611764192581177,1.5611764192581177,0.0,0.0,0.0,0.0,0.0,0.0,0.0,0.0,0.0,0.0,0.0,0.0,0.0,1.0000000087689036,1.0000000087689036,0.0,0,0,0,0,0,0,0,1.0,1.0,0.06008742434431742,0.06008742434431742
5,300,0,odam,roi_shared,0.1423657238483429,-0.0,global_ddp_mean,2,0.0,0.8707038760185242,0.8707038760185242,0.0,0.0,0.0,0.0,0.0,0.0,0.0,0.0,0.0,0.0,0.0,0.0,0.0,1.0000000077262365,1.0000000077262365,0.0,0,0,0,0,0,0,0,1.0,1.0,0.06008742434431742,0.06008742434431742
5,300,0,odam,roi_cls,0.1423657238483429,-0.0,global_ddp_mean,2,0.0,0.6001203656196594,0.6001203656196594,0.0,0.0,0.0,0.0,0.0,0.0,0.0,0.0,0.0,0.0,0.0,0.0,0.0,1.0000000359029664,1.0000000359029664,0.0,0,0,0,0,0,0,0,1.0,1.0,0.06008742434431742,0.06008742434431742
5,300,0,odam,roi_reg,0.1423657238483429,-0.0,global_ddp_mean,2,0.0,0.6145318150520325,0.6145318150520325,0.0,0.0,0.0,0.0,0.0,0.0,0.0,0.0,0.0,0.0,0.0,0.0,0.0,0.9999999611866235,0.9999999611866235,0.015963508367889293,0,0,0,0,0,0,0,1.0,1.0,0.06008742434431742,0.06008742434431742
5,400,0,odam,backbone,0.2004593163728714,-0.0,global_ddp_mean,2,0.0,4.550291061401367,4.550291061401367,0.0,0.0,0.0,0.0,0.0,0.0,0.0,0.0,0.0,0.0,0.0,0.0,0.0,0.9999999056312793,0.9999999056312793,0.02489153432460255,0,0,0,0,0,0,0,1.0,1.0,0.06344989912575656,0.06344989912575656
5,400,0,odam,fpn,0.2004593163728714,-0.0,global_ddp_mean,2,0.0,1.4419292211532593,1.4419292211532593,0.0,0.0,0.0,0.0,0.0,0.0,0.0,0.0,0.0,0.0,0.0,0.0,0.0,0.999999931615483,0.999999931615483,0.021189295852847054,0,0,0,0,0,0,0,1.0,1.0,0.06344989912575656,0.06344989912575656
5,400,0,odam,rpn,0.2004593163728714,-0.0,global_ddp_mean,2,0.0,1.3512630462646484,1.3512630462646484,0.0,0.0,0.0,0.0,0.0,0.0,0.0,0.0,0.0,0.0,0.0,0.0,0.0,1.0000000324983231,1.0000000324983231,0.0,0,0,0,0,0,0,0,1.0,1.0,0.06344989912575656,0.06344989912575656
5,400,0,odam,roi_shared,0.2004593163728714,-0.0,global_ddp_mean,2,0.0,2.853217363357544,2.853217363357544,0.0,0.0,0.0,0.0,0.0,0.0,0.0,0.0,0.0,0.0,0.0,0.0,0.0,0.9999999743146432,0.9999999743146432,0.012986150538352087,0,0,0,0,0,0,0,1.0,1.0,0.06344989912575656,0.06344989912575656
5,400,0,odam,roi_cls,0.2004593163728714,-0.0,global_ddp_mean,2,0.0,2.4860851764678955,2.4860851764678955,0.0,0.0,0.0,0.0,0.0,0.0,0.0,0.0,0.0,0.0,0.0,0.0,0.0,0.9999999571489108,0.9999999571489108,0.01677330193146809,0,0,0,0,0,0,0,1.0,1.0,0.06344989912575656,0.06344989912575656
5,400,0,odam,roi_reg,0.2004593163728714,-0.0,global_ddp_mean,2,0.0,0.952889621257782,0.952889621257782,0.0,0.0,0.0,0.0,0.0,0.0,0.0,0.0,0.0,0.0,0.0,0.0,0.0,0.9999999902675806,0.9999999902675806,0.00799370356520957,0,0,0,0,0,0,0,1.0,1.0,0.06344989912575656,0.06344989912575656
5,500,0,odam,backbone,0.06552175432443619,0.0,global_ddp_mean,2,0.0,3.608672857284546,3.608672857284546,0.0,0.0,0.0,0.0,0.0,0.0,0.0,0.0,0.0,0.0,0.0,0.0,0.0,1.0000000210716062,1.0000000210716062,0.0,0,0,0,0,0,0,0,1.0,1.0,0.0668123739071957,0.0668123739071957
5,500,0,odam,fpn,0.06552175432443619,0.0,global_ddp_mean,2,0.0,0.5141904950141907,0.5141904950141907,0.0,0.0,0.0,0.0,0.0,0.0,0.0,0.0,0.0,0.0,0.0,0.0,0.0,0.9999999029520198,0.9999999029520198,0.025242413942980976,0,0,0,0,0,0,0,1.0,1.0,0.0668123739071957,0.0668123739071957
5,500,0,odam,rpn,0.06552175432443619,0.0,global_ddp_mean,2,0.0,0.8009306788444519,0.8009306788444519,0.0,0.0,0.0,0.0,0.0,0.0,0.0,0.0,0.0,0.0,0.0,0.0,0.0,0.9999999543034169,0.9999999543034169,0.01732126059088308,0,0,0,0,0,0,0,1.0,1.0,0.0668123739071957,0.0668123739071957
5,500,0,odam,roi_shared,0.06552175432443619,0.0,global_ddp_mean,2,0.0,0.7956571578979492,0.7956571578979492,0.0,0.0,0.0,0.0,0.0,0.0,0.0,0.0,0.0,0.0,0.0,0.0,0.0,1.0000000580963213,1.0000000580963213,0.0,0,0,0,0,0,0,0,1.0,1.0,0.0668123739071957,0.0668123739071957
5,500,0,odam,roi_cls,0.06552175432443619,0.0,global_ddp_mean,2,0.0,0.718727171421051,0.718727171421051,0.0,0.0,0.0,0.0,0.0,0.0,0.0,0.0,0.0,0.0,0.0,0.0,0.0,0.9999999485099006,0.9999999485099006,0.018386518253584287,0,0,0,0,0,0,0,1.0,1.0,0.0668123739071957,0.0668123739071957
5,500,0,odam,roi_reg,0.06552175432443619,0.0,global_ddp_mean,2,0.0,0.05702601745724678,0.05702601745724678,0.0,0.0,0.0,0.0,0.0,0.0,0.0,0.0,0.0,0.0,0.0,0.0,0.0,1.0000000370446462,1.0000000370446462,0.0,0,0,0,0,0,0,0,1.0,1.0,0.0668123739071957,0.0668123739071957
5,600,0,odam,backbone,0.07391007989645004,-0.0,global_ddp_mean,2,0.0,8.897993087768555,8.897993087768555,0.0,0.0,0.0,0.0,0.0,0.0,0.0,0.0,0.0,0.0,0.0,0.0,0.0,0.9999999655102693,0.9999999655102693,0.015048129965408436,0,0,0,0,0,0,0,1.0,1.0,0.07017484868863484,0.07017484868863484
5,600,0,odam,fpn,0.07391007989645004,-0.0,global_ddp_mean,2,0.0,1.4666757583618164,1.4666757583618164,0.0,0.0,0.0,0.0,0.0,0.0,0.0,0.0,0.0,0.0,0.0,0.0,0.0,1.0000000226209105,1.0000000226209105,0.0,0,0,0,0,0,0,0,1.0,1.0,0.07017484868863484,0.07017484868863484
5,600,0,odam,rpn,0.07391007989645004,-0.0,global_ddp_mean,2,0.0,2.4414281845092773,2.4414281845092773,0.0,0.0,0.0,0.0,0.0,0.0,0.0,0.0,0.0,0.0,0.0,0.0,0.0,1.000000031168721,1.000000031168721,0.0,0,0,0,0,0,0,0,1.0,1.0,0.07017484868863484,0.07017484868863484
5,600,0,odam,roi_shared,0.07391007989645004,-0.0,global_ddp_mean,2,0.0,2.8812968730926514,2.8812968730926514,0.0,0.0,0.0,0.0,0.0,0.0,0.0,0.0,0.0,0.0,0.0,0.0,0.0,1.000000070167849,1.000000070167849,0.0,0,0,0,0,0,0,0,1.0,1.0,0.07017484868863484,0.07017484868863484
5,600,0,odam,roi_cls,0.07391007989645004,-0.0,global_ddp_mean,2,0.0,2.328277826309204,2.328277826309204,0.0,0.0,0.0,0.0,0.0,0.0,0.0,0.0,0.0,0.0,0.0,0.0,0.0,1.000000054791697,1.000000054791697,0.0,0,0,0,0,0,0,0,1.0,1.0,0.07017484868863484,0.07017484868863484
5,600,0,odam,roi_reg,0.07391007989645004,-0.0,global_ddp_mean,2,0.0,1.3219369649887085,1.3219369649887085,0.0,0.0,0.0,0.0,0.0,0.0,0.0,0.0,0.0,0.0,0.0,0.0,0.0,0.999999936322788,0.999999936322788,0.02044700261415933,0,0,0,0,0,0,0,1.0,1.0,0.07017484868863484,0.07017484868863484
5,700,0,odam,backbone,0.025531474500894547,-0.0,global_ddp_mean,2,0.0,5.8406291007995605,5.8406291007995605,0.0,0.0,0.0,0.0,0.0,0.0,0.0,0.0,0.0,0.0,0.0,0.0,0.0,0.9999999197821884,0.9999999197821884,0.022949489967148812,0,0,0,0,0,0,0,1.0,1.0,0.07353732347007398,0.07353732347007398
5,700,0,odam,fpn,0.025531474500894547,-0.0,global_ddp_mean,2,0.0,1.3588893413543701,1.3588893413543701,0.0,0.0,0.0,0.0,0.0,0.0,0.0,0.0,0.0,0.0,0.0,0.0,0.0,1.0000000780444234,1.0000000780444234,0.0,0,0,0,0,0,0,0,1.0,1.0,0.07353732347007398,0.07353732347007398
5,700,0,odam,rpn,0.025531474500894547,-0.0,global_ddp_mean,2,0.0,0.8724810481071472,0.8724810481071472,0.0,0.0,0.0,0.0,0.0,0.0,0.0,0.0,0.0,0.0,0.0,0.0,0.0,0.9999999449209448,0.9999999449209448,0.019016512500536823,0,0,0,0,0,0,0,1.0,1.0,0.07353732347007398,0.07353732347007398
5,700,0,odam,roi_shared,0.025531474500894547,-0.0,global_ddp_mean,2,0.0,3.007080078125,3.007080078125,0.0,0.0,0.0,0.0,0.0,0.0,0.0,0.0,0.0,0.0,0.0,0.0,0.0,0.9999999406756994,0.9999999406756994,0.01973576411440555,0,0,0,0,0,0,0,1.0,1.0,0.07353732347007398,0.07353732347007398
5,700,0,odam,roi_cls,0.025531474500894547,-0.0,global_ddp_mean,2,0.0,2.2836544513702393,2.2836544513702393,0.0,0.0,0.0,0.0,0.0,0.0,0.0,0.0,0.0,0.0,0.0,0.0,0.0,0.9999999514761609,0.9999999514761609,0.017849054220023575,0,0,0,0,0,0,0,1.0,1.0,0.07353732347007398,0.07353732347007398
5,700,0,odam,roi_reg,0.025531474500894547,-0.0,global_ddp_mean,2,0.0,0.5857246518135071,0.5857246518135071,0.0,0.0,0.0,0.0,0.0,0.0,0.0,0.0,0.0,0.0,0.0,0.0,0.0,1.0000000878318775,1.0000000878318775,0.0,0,0,0,0,0,0,0,1.0,1.0,0.07353732347007398,0.07353732347007398
5,800,0,odam,backbone,0.10061801970005035,-0.0,global_ddp_mean,2,0.0,14.861428260803223,14.861428260803223,0.0,0.0,0.0,0.0,0.0,0.0,0.0,0.0,0.0,0.0,0.0,0.0,0.0,0.9999999788876597,0.9999999788876597,0.01177350628414371,0,0,0,0,0,0,0,1.0,1.0,0.07689979825151312,0.07689979825151312
5,800,0,odam,fpn,0.10061801970005035,-0.0,global_ddp_mean,2,0.0,1.794303297996521,1.794303297996521,0.0,0.0,0.0,0.0,0.0,0.0,0.0,0.0,0.0,0.0,0.0,0.0,0.0,1.0000000181218478,1.0000000181218478,0.0,0,0,0,0,0,0,0,1.0,1.0,0.07689979825151312,0.07689979825151312
5,800,0,odam,rpn,0.10061801970005035,-0.0,global_ddp_mean,2,0.0,2.3472883701324463,2.3472883701324463,0.0,0.0,0.0,0.0,0.0,0.0,0.0,0.0,0.0,0.0,0.0,0.0,0.0,1.0000000995061318,1.0000000995061318,0.0,0,0,0,0,0,0,0,1.0,1.0,0.07689979825151312,0.07689979825151312
5,800,0,odam,roi_shared,0.10061801970005035,-0.0,global_ddp_mean,2,0.0,3.515887498855591,3.515887498855591,0.0,0.0,0.0,0.0,0.0,0.0,0.0,0.0,0.0,0.0,0.0,0.0,0.0,0.9999999673030843,0.9999999673030843,0.014651801470862685,0,0,0,0,0,0,0,1.0,1.0,0.07689979825151312,0.07689979825151312
5,800,0,odam,roi_cls,0.10061801970005035,-0.0,global_ddp_mean,2,0.0,4.386530876159668,4.386530876159668,0.0,0.0,0.0,0.0,0.0,0.0,0.0,0.0,0.0,0.0,0.0,0.0,0.0,1.000000016364535,1.000000016364535,0.0,0,0,0,0,0,0,0,1.0,1.0,0.07689979825151312,0.07689979825151312
5,800,0,odam,roi_reg,0.10061801970005035,-0.0,global_ddp_mean,2,0.0,0.5835937857627869,0.5835937857627869,0.0,0.0,0.0,0.0,0.0,0.0,0.0,0.0,0.0,0.0,0.0,0.0,0.0,1.000000024446476,1.000000024446476,0.0,0,0,0,0,0,0,0,1.0,1.0,0.07689979825151312,0.07689979825151312
5,900,0,odam,backbone,0.8920308351516724,-0.0,global_ddp_mean,2,0.0,31.379777908325195,31.379777908325195,0.0,0.0,0.0,0.0,0.0,0.0,0.0,0.0,0.0,0.0,0.0,0.0,0.0,1.0000000296000047,1.0000000296000047,0.0,0,0,0,0,0,0,0,1.0,1.0,0.08026227303295226,0.08026227303295226
5,900,0,odam,fpn,0.8920308351516724,-0.0,global_ddp_mean,2,0.0,7.8756818771362305,7.8756818771362305,0.0,0.0,0.0,0.0,0.0,0.0,0.0,0.0,0.0,0.0,0.0,0.0,0.0,0.9999999732847584,0.9999999732847584,0.01324393937416929,0,0,0,0,0,0,0,1.0,1.0,0.08026227303295226,0.08026227303295226
5,900,0,odam,rpn,0.8920308351516724,-0.0,global_ddp_mean,2,0.0,7.958608627319336,7.958608627319336,0.0,0.0,0.0,0.0,0.0,0.0,0.0,0.0,0.0,0.0,0.0,0.0,0.0,1.000000053174397,1.000000053174397,0.0,0,0,0,0,0,0,0,1.0,1.0,0.08026227303295226,0.08026227303295226
5,900,0,odam,roi_shared,0.8920308351516724,-0.0,global_ddp_mean,2,0.0,15.96855640411377,15.96855640411377,0.0,0.0,0.0,0.0,0.0,0.0,0.0,0.0,0.0,0.0,0.0,0.0,0.0,1.0000000122416883,1.0000000122416883,0.0,0,0,0,0,0,0,0,1.0,1.0,0.08026227303295226,0.08026227303295226
5,900,0,odam,roi_cls,0.8920308351516724,-0.0,global_ddp_mean,2,0.0,16.03617286682129,16.03617286682129,0.0,0.0,0.0,0.0,0.0,0.0,0.0,0.0,0.0,0.0,0.0,0.0,0.0,1.000000014697396,1.000000014697396,0.0,0,0,0,0,0,0,0,1.0,1.0,0.08026227303295226,0.08026227303295226
5,900,0,odam,roi_reg,0.8920308351516724,-0.0,global_ddp_mean,2,0.0,6.720695495605469,6.720695495605469,0.0,0.0,0.0,0.0,0.0,0.0,0.0,0.0,0.0,0.0,0.0,0.0,0.0,0.999999990101498,0.999999990101498,0.008061620846213905,0,0,0,0,0,0,0,1.0,1.0,0.08026227303295226,0.08026227303295226
5,1000,0,odam,backbone,0.19020220637321472,0.0,global_ddp_mean,2,0.0,16.485095977783203,16.485095977783203,0.0,0.0,0.0,0.0,0.0,0.0,0.0,0.0,0.0,0.0,0.0,0.0,0.0,1.0000000108083524,1.0000000108083524,0.0,0,0,0,0,0,0,0,1.0,1.0,0.0836247478143914,0.0836247478143914
5,1000,0,odam,fpn,0.19020220637321472,0.0,global_ddp_mean,2,0.0,4.41931676864624,4.41931676864624,0.0,0.0,0.0,0.0,0.0,0.0,0.0,0.0,0.0,0.0,0.0,0.0,0.0,0.9999999266040503,0.9999999266040503,0.021951979069220723,0,0,0,0,0,0,0,1.0,1.0,0.0836247478143914,0.0836247478143914
5,1000,0,odam,rpn,0.19020220637321472,0.0,global_ddp_mean,2,0.0,3.059859037399292,3.059859037399292,0.0,0.0,0.0,0.0,0.0,0.0,0.0,0.0,0.0,0.0,0.0,0.0,0.0,1.000000034913457,1.000000034913457,0.0,0,0,0,0,0,0,0,1.0,1.0,0.0836247478143914,0.0836247478143914
5,1000,0,odam,roi_shared,0.19020220637321472,0.0,global_ddp_mean,2,0.0,10.37488079071045,10.37488079071045,0.0,0.0,0.0,0.0,0.0,0.0,0.0,0.0,0.0,0.0,0.0,0.0,0.0,1.0000000862530023,1.0000000862530023,0.0,0,0,0,0,0,0,0,1.0,1.0,0.0836247478143914,0.0836247478143914
5,1000,0,odam,roi_cls,0.19020220637321472,0.0,global_ddp_mean,2,0.0,7.242908000946045,7.242908000946045,0.0,0.0,0.0,0.0,0.0,0.0,0.0,0.0,0.0,0.0,0.0,0.0,0.0,1.000000009277724,1.000000009277724,0.0,0,0,0,0,0,0,0,1.0,1.0,0.0836247478143914,0.0836247478143914
5,1000,0,odam,roi_reg,0.19020220637321472,0.0,global_ddp_mean,2,0.0,3.266901731491089,3.266901731491089,0.0,0.0,0.0,0.0,0.0,0.0,0.0,0.0,0.0,0.0,0.0,0.0,0.0,1.0000000518125278,1.0000000518125278,0.0,0,0,0,0,0,0,0,1.0,1.0,0.0836247478143914,0.0836247478143914
5,1100,0,odam,backbone,0.06782165169715881,0.0,global_ddp_mean,2,0.0,19.289939880371094,19.289939880371094,0.0,0.0,0.0,0.0,0.0,0.0,0.0,0.0,0.0,0.0,0.0,0.0,0.0,1.0000000700138918,1.0000000700138918,0.0,0,0,0,0,0,0,0,1.0,1.0,0.08698722259583054,0.08698722259583054
5,1100,0,odam,fpn,0.06782165169715881,0.0,global_ddp_mean,2,0.0,3.0433101654052734,3.0433101654052734,0.0,0.0,0.0,0.0,0.0,0.0,0.0,0.0,0.0,0.0,0.0,0.0,0.0,1.0000000115478276,1.0000000115478276,0.0,0,0,0,0,0,0,0,1.0,1.0,0.08698722259583054,0.08698722259583054
5,1100,0,odam,rpn,0.06782165169715881,0.0,global_ddp_mean,2,0.0,1.5358426570892334,1.5358426570892334,0.0,0.0,0.0,0.0,0.0,0.0,0.0,0.0,0.0,0.0,0.0,0.0,0.0,0.9999999589780831,0.9999999589780831,0.016411399092674382,0,0,0,0,0,0,0,1.0,1.0,0.08698722259583054,0.08698722259583054
5,1100,0,odam,roi_shared,0.06782165169715881,0.0,global_ddp_mean,2,0.0,6.764082431793213,6.764082431793213,0.0,0.0,0.0,0.0,0.0,0.0,0.0,0.0,0.0,0.0,0.0,0.0,0.0,1.000000006290131,1.000000006290131,0.0,0,0,0,0,0,0,0,1.0,1.0,0.08698722259583054,0.08698722259583054
5,1100,0,odam,roi_cls,0.06782165169715881,0.0,global_ddp_mean,2,0.0,7.280431270599365,7.280431270599365,0.0,0.0,0.0,0.0,0.0,0.0,0.0,0.0,0.0,0.0,0.0,0.0,0.0,0.9999999496823024,0.9999999496823024,0.0181759873716286,0,0,0,0,0,0,0,1.0,1.0,0.08698722259583054,0.08698722259583054
5,1100,0,odam,roi_reg,0.06782165169715881,0.0,global_ddp_mean,2,0.0,0.5350664258003235,0.5350664258003235,0.0,0.0,0.0,0.0,0.0,0.0,0.0,0.0,0.0,0.0,0.0,0.0,0.0,0.9999999636855199,0.9999999636855199,0.015441075516768838,0,0,0,0,0,0,0,1.0,1.0,0.08698722259583054,0.08698722259583054
5,1200,0,odam,backbone,0.18174384534358978,-0.0,global_ddp_mean,2,0.0,22.568382263183594,22.568382263183594,0.0,0.0,0.0,0.0,0.0,0.0,0.0,0.0,0.0,0.0,0.0,0.0,0.0,0.9999999414278786,0.9999999414278786,0.01961024904795809,0,0,0,0,0,0,0,1.0,1.0,0.09034969737726968,0.09034969737726968
5,1200,0,odam,fpn,0.18174384534358978,-0.0,global_ddp_mean,2,0.0,4.480010986328125,4.480010986328125,0.0,0.0,0.0,0.0,0.0,0.0,0.0,0.0,0.0,0.0,0.0,0.0,0.0,0.9999999539222546,0.9999999539222546,0.01739335024342049,0,0,0,0,0,0,0,1.0,1.0,0.09034969737726968,0.09034969737726968
5,1200,0,odam,rpn,0.18174384534358978,-0.0,global_ddp_mean,2,0.0,5.063302516937256,5.063302516937256,0.0,0.0,0.0,0.0,0.0,0.0,0.0,0.0,0.0,0.0,0.0,0.0,0.0,1.0000000423021373,1.0000000423021373,0.0,0,0,0,0,0,0,0,1.0,1.0,0.09034969737726968,0.09034969737726968
5,1200,0,odam,roi_shared,0.18174384534358978,-0.0,global_ddp_mean,2,0.0,9.41695785522461,9.41695785522461,0.0,0.0,0.0,0.0,0.0,0.0,0.0,0.0,0.0,0.0,0.0,0.0,0.0,1.00000005400985,1.00000005400985,0.0,0,0,0,0,0,0,0,1.0,1.0,0.09034969737726968,0.09034969737726968
5,1200,0,odam,roi_cls,0.18174384534358978,-0.0,global_ddp_mean,2,0.0,7.810634613037109,7.810634613037109,0.0,0.0,0.0,0.0,0.0,0.0,0.0,0.0,0.0,0.0,0.0,0.0,0.0,0.9999999820430369,0.9999999820430369,0.010858105985388338,0,0,0,0,0,0,0,1.0,1.0,0.09034969737726968,0.09034969737726968
5,1200,0,odam,roi_reg,0.18174384534358978,-0.0,global_ddp_mean,2,0.0,3.329883098602295,3.329883098602295,0.0,0.0,0.0,0.0,0.0,0.0,0.0,0.0,0.0,0.0,0.0,0.0,0.0,0.9999999967377116,0.9999999967377116,0.004628058169516374,0,0,0,0,0,0,0,1.0,1.0,0.09034969737726968,0.09034969737726968
5,1300,0,odam,backbone,0.2712319493293762,0.0,global_ddp_mean,2,0.0,15.002080917358398,15.002080917358398,0.0,0.0,0.0,0.0,0.0,0.0,0.0,0.0,0.0,0.0,0.0,0.0,0.0,0.9999999638104226,0.9999999638104226,0.01541449806903742,0,0,0,0,0,0,0,1.0,1.0,0.09371217215870882,0.09371217215870882
5,1300,0,odam,fpn,0.2712319493293762,0.0,global_ddp_mean,2,0.0,3.079529047012329,3.079529047012329,0.0,0.0,0.0,0.0,0.0,0.0,0.0,0.0,0.0,0.0,0.0,0.0,0.0,0.9999999390426011,0.9999999390426011,0.020005566137599164,0,0,0,0,0,0,0,1.0,1.0,0.09371217215870882,0.09371217215870882
5,1300,0,odam,rpn,0.2712319493293762,0.0,global_ddp_mean,2,0.0,2.2610387802124023,2.2610387802124023,0.0,0.0,0.0,0.0,0.0,0.0,0.0,0.0,0.0,0.0,0.0,0.0,0.0,1.0000000421814204,1.0000000421814204,0.0,0,0,0,0,0,0,0,1.0,1.0,0.09371217215870882,0.09371217215870882
5,1300,0,odam,roi_shared,0.2712319493293762,0.0,global_ddp_mean,2,0.0,6.892351150512695,6.892351150512695,0.0,0.0,0.0,0.0,0.0,0.0,0.0,0.0,0.0,0.0,0.0,0.0,0.0,0.999999936022904,0.999999936022904,0.020495093027040504,0,0,0,0,0,0,0,1.0,1.0,0.09371217215870882,0.09371217215870882
5,1300,0,odam,roi_cls,0.2712319493293762,0.0,global_ddp_mean,2,0.0,6.403072834014893,6.403072834014893,0.0,0.0,0.0,0.0,0.0,0.0,0.0,0.0,0.0,0.0,0.0,0.0,0.0,1.000000052546473,1.000000052546473,0.0,0,0,0,0,0,0,0,1.0,1.0,0.09371217215870882,0.09371217215870882
5,1300,0,odam,roi_reg,0.2712319493293762,0.0,global_ddp_mean,2,0.0,2.508216619491577,2.508216619491577,0.0,0.0,0.0,0.0,0.0,0.0,0.0,0.0,0.0,0.0,0.0,0.0,0.0,1.000000069376685,1.000000069376685,0.0,0,0,0,0,0,0,0,1.0,1.0,0.09371217215870882,0.09371217215870882
5,1400,0,odam,backbone,0.09708788990974426,-0.0,global_ddp_mean,2,0.0,7.944326400756836,7.944326400756836,0.0,0.0,0.0,0.0,0.0,0.0,0.0,0.0,0.0,0.0,0.0,0.0,0.0,0.9999999680653011,0.9999999680653011,0.014480016080401161,0,0,0,0,0,0,0,1.0,1.0,0.09707464694014796,0.09707464694014796
5,1400,0,odam,fpn,0.09708788990974426,-0.0,global_ddp_mean,2,0.0,1.669826626777649,1.669826626777649,0.0,0.0,0.0,0.0,0.0,0.0,0.0,0.0,0.0,0.0,0.0,0.0,0.0,0.9999999341197771,0.9999999341197771,0.020797692977549225,0,0,0,0,0,0,0,1.0,1.0,0.09707464694014796,0.09707464694014796
5,1400,0,odam,rpn,0.09708788990974426,-0.0,global_ddp_mean,2,0.0,1.3950432538986206,1.3950432538986206,0.0,0.0,0.0,0.0,0.0,0.0,0.0,0.0,0.0,0.0,0.0,0.0,0.0,0.999999925117286,0.999999925117286,0.022173202393445696,0,0,0,0,0,0,0,1.0,1.0,0.09707464694014796,0.09707464694014796
5,1400,0,odam,roi_shared,0.09708788990974426,-0.0,global_ddp_mean,2,0.0,3.4210169315338135,3.4210169315338135,0.0,0.0,0.0,0.0,0.0,0.0,0.0,0.0,0.0,0.0,0.0,0.0,0.0,0.9999999912006321,0.9999999912006321,0.007600871116369165,0,0,0,0,0,0,0,1.0,1.0,0.09707464694014796,0.09707464694014796
5,1400,0,odam,roi_cls,0.09708788990974426,-0.0,global_ddp_mean,2,0.0,3.2452595233917236,3.2452595233917236,0.0,0.0,0.0,0.0,0.0,0.0,0.0,0.0,0.0,0.0,0.0,0.0,0.0,0.9999999376341995,0.9999999376341995,0.020235357575858558,0,0,0,0,0,0,0,1.0,1.0,0.09707464694014796,0.09707464694014796
5,1400,0,odam,roi_reg,0.09708788990974426,-0.0,global_ddp_mean,2,0.0,0.0686333030462265,0.0686333030462265,0.0,0.0,0.0,0.0,0.0,0.0,0.0,0.0,0.0,0.0,0.0,0.0,0.0,1.0000000232491297,1.0000000232491297,0.0,0,0,0,0,0,0,0,1.0,1.0,0.09707464694014796,0.09707464694014796
6,0,0,odam,backbone,0.004306687507778406,0.0,global_ddp_mean,2,0.0,1.071196436882019,1.071196436882019,0.0,0.0,0.0,0.0,0.0,0.0,0.0,0.0,0.0,0.0,0.0,0.0,0.0,0.9999999700001286,0.9999999700001286,0.01403451236834068,0,0,0,0,0,0,0,1.0,1.0,0.1,0.1
6,0,0,odam,fpn,0.004306687507778406,0.0,global_ddp_mean,2,0.0,0.11401934176683426,0.11401934176683426,0.0,0.0,0.0,0.0,0.0,0.0,0.0,0.0,0.0,0.0,0.0,0.0,0.0,1.0000000526548114,1.0000000526548114,0.0,0,0,0,0,0,0,0,1.0,1.0,0.1,0.1
6,0,0,odam,rpn,0.004306687507778406,0.0,global_ddp_mean,2,0.0,0.21817821264266968,0.21817821264266968,0.0,0.0,0.0,0.0,0.0,0.0,0.0,0.0,0.0,0.0,0.0,0.0,0.0,0.9999999403272551,0.9999999403272551,0.019793638760261942,0,0,0,0,0,0,0,1.0,1.0,0.1,0.1
6,0,0,odam,roi_shared,0.004306687507778406,0.0,global_ddp_mean,2,0.0,0.0,0.0,0.0,0.0,0.0,0.0,0.0,0.0,0.0,0.0,0.0,0.0,0.0,0.0,0.0,0.0,0.0,90.0,0,0,0,0,0,0,0,1.0,1.0,0.1,0.1
6,0,0,odam,roi_cls,0.004306687507778406,0.0,global_ddp_mean,2,0.0,0.0,0.0,0.0,0.0,0.0,0.0,0.0,0.0,0.0,0.0,0.0,0.0,0.0,0.0,0.0,0.0,0.0,90.0,0,0,0,0,0,0,0,1.0,1.0,0.1,0.1
6,0,0,odam,roi_reg,0.004306687507778406,0.0,global_ddp_mean,2,0.0,0.0,0.0,0.0,0.0,0.0,0.0,0.0,0.0,0.0,0.0,0.0,0.0,0.0,0.0,0.0,0.0,0.0,90.0,0,0,0,0,0,0,0,1.0,1.0,0.1,0.1
6,100,0,odam,backbone,0.2905738353729248,-0.0,global_ddp_mean,2,0.0,10.056845664978027,10.056845664978027,0.0,0.0,0.0,0.0,0.0,0.0,0.0,0.0,0.0,0.0,0.0,0.0,0.0,0.9999999962325266,0.9999999962325266,0.00497350696275852,0,0,0,0,0,0,0,1.0,1.0,0.10336247478143915,0.10336247478143915
6,100,0,odam,fpn,0.2905738353729248,-0.0,global_ddp_mean,2,0.0,4.171969413757324,4.171969413757324,0.0,0.0,0.0,0.0,0.0,0.0,0.0,0.0,0.0,0.0,0.0,0.0,0.0,0.9999998881914306,0.9999998881914306,0.02709412808936945,0,0,0,0,0,0,0,1.0,1.0,0.10336247478143915,0.10336247478143915
6,100,0,odam,rpn,0.2905738353729248,-0.0,global_ddp_mean,2,0.0,1.2263089418411255,1.2263089418411255,0.0,0.0,0.0,0.0,0.0,0.0,0.0,0.0,0.0,0.0,0.0,0.0,0.0,0.9999999411463305,0.9999999411463305,0.019657324427788506,0,0,0,0,0,0,0,1.0,1.0,0.10336247478143915,0.10336247478143915
6,100,0,odam,roi_shared,0.2905738353729248,-0.0,global_ddp_mean,2,0.0,9.603655815124512,9.603655815124512,0.0,0.0,0.0,0.0,0.0,0.0,0.0,0.0,0.0,0.0,0.0,0.0,0.0,1.0000000470042443,1.0000000470042443,0.0,0,0,0,0,0,0,0,1.0,1.0,0.10336247478143915,0.10336247478143915
6,100,0,odam,roi_cls,0.2905738353729248,-0.0,global_ddp_mean,2,0.0,7.404055595397949,7.404055595397949,0.0,0.0,0.0,0.0,0.0,0.0,0.0,0.0,0.0,0.0,0.0,0.0,0.0,0.9999999741345168,0.9999999741345168,0.013031605646289045,0,0,0,0,0,0,0,1.0,1.0,0.10336247478143915,0.10336247478143915
6,100,0,odam,roi_reg,0.2905738353729248,-0.0,global_ddp_mean,2,0.0,4.102952003479004,4.102952003479004,0.0,0.0,0.0,0.0,0.0,0.0,0.0,0.0,0.0,0.0,0.0,0.0,0.0,1.000000001267193,1.000000001267193,0.0,0,0,0,0,0,0,0,1.0,1.0,0.10336247478143915,0.10336247478143915
6,200,0,odam,backbone,1.2964844703674316,0.0,global_ddp_mean,2,0.0,35.024139404296875,35.024139404296875,0.0,0.0,0.0,0.0,0.0,0.0,0.0,0.0,0.0,0.0,0.0,0.0,0.0,0.9999999727768024,0.9999999727768024,0.01336925475151161,0,0,0,0,0,0,0,1.0,1.0,0.10672494956287829,0.10672494956287829
6,200,0,odam,fpn,1.2964844703674316,0.0,global_ddp_mean,2,0.0,8.445595741271973,8.445595741271973,0.0,0.0,0.0,0.0,0.0,0.0,0.0,0.0,0.0,0.0,0.0,0.0,0.0,1.0000000989432192,1.0000000989432192,0.0,0,0,0,0,0,0,0,1.0,1.0,0.10672494956287829,0.10672494956287829
6,200,0,odam,rpn,1.2964844703674316,0.0,global_ddp_mean,2,0.0,6.281795501708984,6.281795501708984,0.0,0.0,0.0,0.0,0.0,0.0,0.0,0.0,0.0,0.0,0.0,0.0,0.0,0.9999999501658745,0.9999999501658745,0.018088437465631674,0,0,0,0,0,0,0,1.0,1.0,0.10672494956287829,0.10672494956287829
6,200,0,odam,roi_shared,1.2964844703674316,0.0,global_ddp_mean,2,0.0,17.83718490600586,17.83718490600586,0.0,0.0,0.0,0.0,0.0,0.0,0.0,0.0,0.0,0.0,0.0,0.0,0.0,0.999999986679149,0.999999986679149,0.009351980995987665,0,0,0,0,0,0,0,1.0,1.0,0.10672494956287829,0.10672494956287829
6,200,0,odam,roi_cls,1.2964844703674316,0.0,global_ddp_mean,2,0.0,16.798992156982422,16.798992156982422,0.0,0.0,0.0,0.0,0.0,0.0,0.0,0.0,0.0,0.0,0.0,0.0,0.0,1.00000003100527,1.00000003100527,0.0,0,0,0,0,0,0,0,1.0,1.0,0.10672494956287829,0.10672494956287829
6,200,0,odam,roi_reg,1.2964844703674316,0.0,global_ddp_mean,2,0.0,6.4396820068359375,6.4396820068359375,0.0,0.0,0.0,0.0,0.0,0.0,0.0,0.0,0.0,0.0,0.0,0.0,0.0,0.9999999311830405,0.9999999311830405,0.021256187527817386,0,0,0,0,0,0,0,1.0,1.0,0.10672494956287829,0.10672494956287829
6,300,0,odam,backbone,0.1816583275794983,-0.0,global_ddp_mean,2,0.0,6.343908309936523,6.343908309936523,0.0,0.0,0.0,0.0,0.0,0.0,0.0,0.0,0.0,0.0,0.0,0.0,0.0,1.0000000438084171,1.0000000438084171,0.0,0,0,0,0,0,0,0,1.0,1.0,0.11008742434431742,0.11008742434431742
6,300,0,odam,fpn,0.1816583275794983,-0.0,global_ddp_mean,2,0.0,1.322725772857666,1.322725772857666,0.0,0.0,0.0,0.0,0.0,0.0,0.0,0.0,0.0,0.0,0.0,0.0,0.0,1.0000000227028838,1.0000000227028838,0.0,0,0,0,0,0,0,0,1.0,1.0,0.11008742434431742,0.11008742434431742
6,300,0,odam,rpn,0.1816583275794983,-0.0,global_ddp_mean,2,0.0,1.9499826431274414,1.9499826431274414,0.0,0.0,0.0,0.0,0.0,0.0,0.0,0.0,0.0,0.0,0.0,0.0,0.0,1.0000000601143049,1.0000000601143049,0.0,0,0,0,0,0,0,0,1.0,1.0,0.11008742434431742,0.11008742434431742
6,300,0,odam,roi_shared,0.1816583275794983,-0.0,global_ddp_mean,2,0.0,2.420224905014038,2.420224905014038,0.0,0.0,0.0,0.0,0.0,0.0,0.0,0.0,0.0,0.0,0.0,0.0,0.0,1.0000000070596704,1.0000000070596704,0.0,0,0,0,0,0,0,0,1.0,1.0,0.11008742434431742,0.11008742434431742
6,300,0,odam,roi_cls,0.1816583275794983,-0.0,global_ddp_mean,2,0.0,1.6995339393615723,1.6995339393615723,0.0,0.0,0.0,0.0,0.0,0.0,0.0,0.0,0.0,0.0,0.0,0.0,0.0,0.9999999875314347,0.9999999875314347,0.009047860012076121,0,0,0,0,0,0,0,1.0,1.0,0.11008742434431742,0.11008742434431742
6,300,0,odam,roi_reg,0.1816583275794983,-0.0,global_ddp_mean,2,0.0,2.199842929840088,2.199842929840088,0.0,0.0,0.0,0.0,0.0,0.0,0.0,0.0,0.0,0.0,0.0,0.0,0.0,1.000000061905168,1.000000061905168,0.0,0,0,0,0,0,0,0,1.0,1.0,0.11008742434431742,0.11008742434431742
6,400,0,odam,backbone,0.048752300441265106,-0.0,global_ddp_mean,2,0.0,5.948064804077148,5.948064804077148,0.0,0.0,0.0,0.0,0.0,0.0,0.0,0.0,0.0,0.0,0.0,0.0,0.0,0.9999999922664554,0.9999999922664554,0.00712569004325233,0,0,0,0,0,0,0,1.0,1.0,0.11344989912575656,0.11344989912575656
6,400,0,odam,fpn,0.048752300441265106,-0.0,global_ddp_mean,2,0.0,1.5648452043533325,1.5648452043533325,0.0,0.0,0.0,0.0,0.0,0.0,0.0,0.0,0.0,0.0,0.0,0.0,0.0,0.9999999872353561,0.9999999872353561,0.009154655005108859,0,0,0,0,0,0,0,1.0,1.0,0.11344989912575656,0.11344989912575656
6,400,0,odam,rpn,0.048752300441265106,-0.0,global_ddp_mean,2,0.0,0.9118576049804688,0.9118576049804688,0.0,0.0,0.0,0.0,0.0,0.0,0.0,0.0,0.0,0.0,0.0,0.0,0.0,1.0000000312920216,1.0000000312920216,0.0,0,0,0,0,0,0,0,1.0,1.0,0.11344989912575656,0.11344989912575656
6,400,0,odam,roi_shared,0.048752300441265106,-0.0,global_ddp_mean,2,0.0,3.4156768321990967,3.4156768321990967,0.0,0.0,0.0,0.0,0.0,0.0,0.0,0.0,0.0,0.0,0.0,0.0,0.0,0.9999999966277582,0.9999999966277582,0.004705404735792685,0,0,0,0,0,0,0,1.0,1.0,0.11344989912575656,0.11344989912575656
6,400,0,odam,roi_cls,0.048752300441265106,-0.0,global_ddp_mean,2,0.0,3.321725368499756,3.321725368499756,0.0,0.0,0.0,0.0,0.0,0.0,0.0,0.0,0.0,0.0,0.0,0.0,0.0,1.0000000709515262,1.0000000709515262,0.0,0,0,0,0,0,0,0,1.0,1.0,0.11344989912575656,0.11344989912575656
6,400,0,odam,roi_reg,0.048752300441265106,-0.0,global_ddp_mean,2,0.0,0.10548713803291321,0.10548713803291321,0.0,0.0,0.0,0.0,0.0,0.0,0.0,0.0,0.0,0.0,0.0,0.0,0.0,0.9999999905379674,0.9999999905379674,0.00788188058250808,0,0,0,0,0,0,0,1.0,1.0,0.11344989912575656,0.11344989912575656
6,500,0,odam,backbone,0.22145822644233704,-0.0,global_ddp_mean,2,0.0,9.511319160461426,9.511319160461426,0.0,0.0,0.0,0.0,0.0,0.0,0.0,0.0,0.0,0.0,0.0,0.0,0.0,0.9999999436312839,0.9999999436312839,0.01923785752220677,0,0,0,0,0,0,0,1.0,1.0,0.1168123739071957,0.1168123739071957
6,500,0,odam,fpn,0.22145822644233704,-0.0,global_ddp_mean,2,0.0,3.2547757625579834,3.2547757625579834,0.0,0.0,0.0,0.0,0.0,0.0,0.0,0.0,0.0,0.0,0.0,0.0,0.0,0.9999999738187968,0.9999999738187968,0.013110897796009786,0,0,0,0,0,0,0,1.0,1.0,0.1168123739071957,0.1168123739071957
6,500,0,odam,rpn,0.22145822644233704,-0.0,global_ddp_mean,2,0.0,1.8575034141540527,1.8575034141540527,0.0,0.0,0.0,0.0,0.0,0.0,0.0,0.0,0.0,0.0,0.0,0.0,0.0,1.000000034242803,1.000000034242803,0.0,0,0,0,0,0,0,0,1.0,1.0,0.1168123739071957,0.1168123739071957
6,500,0,odam,roi_shared,0.22145822644233704,-0.0,global_ddp_mean,2,0.0,7.643711090087891,7.643711090087891,0.0,0.0,0.0,0.0,0.0,0.0,0.0,0.0,0.0,0.0,0.0,0.0,0.0,0.9999999981785922,0.9999999981785922,0.0034581292923674158,0,0,0,0,0,0,0,1.0,1.0,0.1168123739071957,0.1168123739071957
6,500,0,odam,roi_cls,0.22145822644233704,-0.0,global_ddp_mean,2,0.0,5.295949935913086,5.295949935913086,0.0,0.0,0.0,0.0,0.0,0.0,0.0,0.0,0.0,0.0,0.0,0.0,0.0,1.0000000353691088,1.0000000353691088,0.0,0,0,0,0,0,0,0,1.0,1.0,0.1168123739071957,0.1168123739071957
6,500,0,odam,roi_reg,0.22145822644233704,-0.0,global_ddp_mean,2,0.0,1.156675100326538,1.156675100326538,0.0,0.0,0.0,0.0,0.0,0.0,0.0,0.0,0.0,0.0,0.0,0.0,0.0,1.0000000097203336,1.0000000097203336,0.0,0,0,0,0,0,0,0,1.0,1.0,0.1168123739071957,0.1168123739071957
6,600,0,odam,backbone,0.14555467665195465,0.0,global_ddp_mean,2,0.0,20.211698532104492,20.211698532104492,0.0,0.0,0.0,0.0,0.0,0.0,0.0,0.0,0.0,0.0,0.0,0.0,0.0,0.9999999970502301,0.9999999970502301,0.004400800671305883,0,0,0,0,0,0,0,1.0,1.0,0.12017484868863484,0.12017484868863484
6,600,0,odam,fpn,0.14555467665195465,0.0,global_ddp_mean,2,0.0,3.9238924980163574,3.9238924980163574,0.0,0.0,0.0,0.0,0.0,0.0,0.0,0.0,0.0,0.0,0.0,0.0,0.0,1.0000000172722499,1.0000000172722499,0.0,0,0,0,0,0,0,0,1.0,1.0,0.12017484868863484,0.12017484868863484
6,600,0,odam,rpn,0.14555467665195465,0.0,global_ddp_mean,2,0.0,2.5450680255889893,2.5450680255889893,0.0,0.0,0.0,0.0,0.0,0.0,0.0,0.0,0.0,0.0,0.0,0.0,0.0,0.9999999203546838,0.9999999203546838,0.022867450813008935,0,0,0,0,0,0,0,1.0,1.0,0.12017484868863484,0.12017484868863484
6,600,0,odam,roi_shared,0.14555467665195465,0.0,global_ddp_mean,2,0.0,9.139613151550293,9.139613151550293,0.0,0.0,0.0,0.0,0.0,0.0,0.0,0.0,0.0,0.0,0.0,0.0,0.0,1.000000038048533,1.000000038048533,0.0,0,0,0,0,0,0,0,1.0,1.0,0.12017484868863484,0.12017484868863484
6,600,0,odam,roi_cls,0.14555467665195465,0.0,global_ddp_mean,2,0.0,10.166372299194336,10.166372299194336,0.0,0.0,0.0,0.0,0.0,0.0,0.0,0.0,0.0,0.0,0.0,0.0,0.0,0.9999999232938444,0.9999999232938444,0.022441544424140453,0,0,0,0,0,0,0,1.0,1.0,0.12017484868863484,0.12017484868863484
6,600,0,odam,roi_reg,0.14555467665195465,0.0,global_ddp_mean,2,0.0,1.0538561344146729,1.0538561344146729,0.0,0.0,0.0,0.0,0.0,0.0,0.0,0.0,0.0,0.0,0.0,0.0,0.0,0.9999998908716647,0.9999998908716647,0.02676741296668201,0,0,0,0,0,0,0,1.0,1.0,0.12017484868863484,0.12017484868863484
6,700,0,odam,backbone,0.5975401997566223,0.0,global_ddp_mean,2,0.0,25.268667221069336,25.268667221069336,0.0,0.0,0.0,0.0,0.0,0.0,0.0,0.0,0.0,0.0,0.0,0.0,0.0,1.0000000173374766,1.0000000173374766,0.0,0,0,0,0,0,0,0,1.0,1.0,0.12353732347007398,0.12353732347007398
6,700,0,odam,fpn,0.5975401997566223,0.0,global_ddp_mean,2,0.0,5.693371295928955,5.693371295928955,0.0,0.0,0.0,0.0,0.0,0.0,0.0,0.0,0.0,0.0,0.0,0.0,0.0,0.9999999313268858,0.9999999313268858,0.02123396043772616,0,0,0,0,0,0,0,1.0,1.0,0.12353732347007398,0.12353732347007398
6,700,0,odam,rpn,0.5975401997566223,0.0,global_ddp_mean,2,0.0,9.09811019897461,9.09811019897461,0.0,0.0,0.0,0.0,0.0,0.0,0.0,0.0,0.0,0.0,0.0,0.0,0.0,0.999999940264542,0.999999940264542,0.01980403710742245,0,0,0,0,0,0,0,1.0,1.0,0.12353732347007398,0.12353732347007398
6,700,0,odam,roi_shared,0.5975401997566223,0.0,global_ddp_mean,2,0.0,11.057273864746094,11.057273864746094,0.0,0.0,0.0,0.0,0.0,0.0,0.0,0.0,0.0,0.0,0.0,0.0,0.0,1.000000065215479,1.000000065215479,0.0,0,0,0,0,0,0,0,1.0,1.0,0.12353732347007398,0.12353732347007398
6,700,0,odam,roi_cls,0.5975401997566223,0.0,global_ddp_mean,2,0.0,10.05366039276123,10.05366039276123,0.0,0.0,0.0,0.0,0.0,0.0,0.0,0.0,0.0,0.0,0.0,0.0,0.0,1.0000000819984134,1.0000000819984134,0.0,0,0,0,0,0,0,0,1.0,1.0,0.12353732347007398,0.12353732347007398
6,700,0,odam,roi_reg,0.5975401997566223,0.0,global_ddp_mean,2,0.0,7.136929988861084,7.136929988861084,0.0,0.0,0.0,0.0,0.0,0.0,0.0,0.0,0.0,0.0,0.0,0.0,0.0,0.9999999697960141,0.9999999697960141,0.01408217576243877,0,0,0,0,0,0,0,1.0,1.0,0.12353732347007398,0.12353732347007398
6,800,0,odam,backbone,0.1007407158613205,-0.0,global_ddp_mean,2,0.0,5.128922462463379,5.128922462463379,0.0,0.0,0.0,0.0,0.0,0.0,0.0,0.0,0.0,0.0,0.0,0.0,0.0,1.0000000586184288,1.0000000586184288,0.0,0,0,0,0,0,0,0,1.0,1.0,0.12689979825151312,0.12689979825151312
6,800,0,odam,fpn,0.1007407158613205,-0.0,global_ddp_mean,2,0.0,0.47665777802467346,0.47665777802467346,0.0,0.0,0.0,0.0,0.0,0.0,0.0,0.0,0.0,0.0,0.0,0.0,0.0,1.000000007184369,1.000000007184369,0.0,0,0,0,0,0,0,0,1.0,1.0,0.12689979825151312,0.12689979825151312
6,800,0,odam,rpn,0.1007407158613205,-0.0,global_ddp_mean,2,0.0,0.6903644800186157,0.6903644800186157,0.0,0.0,0.0,0.0,0.0,0.0,0.0,0.0,0.0,0.0,0.0,0.0,0.0,0.9999999485771687,0.9999999485771687,0.018374504002053788,0,0,0,0,0,0,0,1.0,1.0,0.12689979825151312,0.12689979825151312
6,800,0,odam,roi_shared,0.1007407158613205,-0.0,global_ddp_mean,2,0.0,0.8560592532157898,0.8560592532157898,0.0,0.0,0.0,0.0,0.0,0.0,0.0,0.0,0.0,0.0,0.0,0.0,0.0,0.9999999912217891,0.9999999912217891,0.00759172795144153,0,0,0,0,0,0,0,1.0,1.0,0.12689979825151312,0.12689979825151312
6,800,0,odam,roi_cls,0.1007407158613205,-0.0,global_ddp_mean,2,0.0,0.5324311256408691,0.5324311256408691,0.0,0.0,0.0,0.0,0.0,0.0,0.0,0.0,0.0,0.0,0.0,0.0,0.0,0.9999999148063273,0.9999999148063273,0.023650553211271214,0,0,0,0,0,0,0,1.0,1.0,0.12689979825151312,0.12689979825151312
6,800,0,odam,roi_reg,0.1007407158613205,-0.0,global_ddp_mean,2,0.0,0.7792515754699707,0.7792515754699707,0.0,0.0,0.0,0.0,0.0,0.0,0.0,0.0,0.0,0.0,0.0,0.0,0.0,0.9999999506091998,0.9999999506091998,0.018007800196227938,0,0,0,0,0,0,0,1.0,1.0,0.12689979825151312,0.12689979825151312
6,900,0,odam,backbone,0.038993820548057556,-0.0,global_ddp_mean,2,0.0,1.918524146080017,1.918524146080017,0.0,0.0,0.0,0.0,0.0,0.0,0.0,0.0,0.0,0.0,0.0,0.0,0.0,0.9999999928617338,0.9999999928617338,0.006845954372983493,0,0,0,0,0,0,0,1.0,1.0,0.13026227303295226,0.13026227303295226
6,900,0,odam,fpn,0.038993820548057556,-0.0,global_ddp_mean,2,0.0,0.43468692898750305,0.43468692898750305,0.0,0.0,0.0,0.0,0.0,0.0,0.0,0.0,0.0,0.0,0.0,0.0,0.0,1.0000000152067818,1.0000000152067818,0.0,0,0,0,0,0,0,0,1.0,1.0,0.13026227303295226,0.13026227303295226
6,900,0,odam,rpn,0.038993820548057556,-0.0,global_ddp_mean,2,0.0,0.28423261642456055,0.28423261642456055,0.0,0.0,0.0,0.0,0.0,0.0,0.0,0.0,0.0,0.0,0.0,0.0,0.0,1.0000000921307701,1.0000000921307701,0.0,0,0,0,0,0,0,0,1.0,1.0,0.13026227303295226,0.13026227303295226
6,900,0,odam,roi_shared,0.038993820548057556,-0.0,global_ddp_mean,2,0.0,0.9100062251091003,0.9100062251091003,0.0,0.0,0.0,0.0,0.0,0.0,0.0,0.0,0.0,0.0,0.0,0.0,0.0,0.9999999531396183,0.9999999531396183,0.017540442398330938,0,0,0,0,0,0,0,1.0,1.0,0.13026227303295226,0.13026227303295226
6,900,0,odam,roi_cls,0.038993820548057556,-0.0,global_ddp_mean,2,0.0,0.7648424506187439,0.7648424506187439,0.0,0.0,0.0,0.0,0.0,0.0,0.0,0.0,0.0,0.0,0.0,0.0,0.0,1.0000000516749923,1.0000000516749923,0.0,0,0,0,0,0,0,0,1.0,1.0,0.13026227303295226,0.13026227303295226
6,900,0,odam,roi_reg,0.038993820548057556,-0.0,global_ddp_mean,2,0.0,0.6177470684051514,0.6177470684051514,0.0,0.0,0.0,0.0,0.0,0.0,0.0,0.0,0.0,0.0,0.0,0.0,0.0,1.0000000678297722,1.0000000678297722,0.0,0,0,0,0,0,0,0,1.0,1.0,0.13026227303295226,0.13026227303295226
6,1000,0,odam,backbone,0.0021926239132881165,0.0,global_ddp_mean,2,0.0,2.495150327682495,2.495150327682495,0.0,0.0,0.0,0.0,0.0,0.0,0.0,0.0,0.0,0.0,0.0,0.0,0.0,1.0000000901020174,1.0000000901020174,0.0,0,0,0,0,0,0,0,1.0,1.0,0.1336247478143914,0.1336247478143914
6,1000,0,odam,fpn,0.0021926239132881165,0.0,global_ddp_mean,2,0.0,0.4792449474334717,0.4792449474334717,0.0,0.0,0.0,0.0,0.0,0.0,0.0,0.0,0.0,0.0,0.0,0.0,0.0,1.0000000237809796,1.0000000237809796,0.0,0,0,0,0,0,0,0,1.0,1.0,0.1336247478143914,0.1336247478143914
6,1000,0,odam,rpn,0.0021926239132881165,0.0,global_ddp_mean,2,0.0,0.33272087574005127,0.33272087574005127,0.0,0.0,0.0,0.0,0.0,0.0,0.0,0.0,0.0,0.0,0.0,0.0,0.0,1.0000000365614117,1.0000000365614117,0.0,0,0,0,0,0,0,0,1.0,1.0,0.1336247478143914,0.1336247478143914
6,1000,0,odam,roi_shared,0.0021926239132881165,0.0,global_ddp_mean,2,0.0,1.017289638519287,1.017289638519287,0.0,0.0,0.0,0.0,0.0,0.0,0.0,0.0,0.0,0.0,0.0,0.0,0.0,0.9999999285797854,0.9999999285797854,0.021654502391027352,0,0,0,0,0,0,0,1.0,1.0,0.1336247478143914,0.1336247478143914
6,1000,0,odam,roi_cls,0.0021926239132881165,0.0,global_ddp_mean,2,0.0,0.9409773349761963,0.9409773349761963,0.0,0.0,0.0,0.0,0.0,0.0,0.0,0.0,0.0,0.0,0.0,0.0,0.0,0.9999999752461932,0.9999999752461932,0.0127484865318669,0,0,0,0,0,0,0,1.0,1.0,0.1336247478143914,0.1336247478143914
6,1000,0,odam,roi_reg,0.0021926239132881165,0.0,global_ddp_mean,2,0.0,0.0,0.0,0.0,0.0,0.0,0.0,0.0,0.0,0.0,0.0,0.0,0.0,0.0,0.0,0.0,0.0,0.0,90.0,0,0,0,0,0,0,0,1.0,1.0,0.1336247478143914,0.1336247478143914
6,1100,0,odam,backbone,0.008419975638389587,0.0,global_ddp_mean,2,0.0,9.479296684265137,9.479296684265137,0.0,0.0,0.0,0.0,0.0,0.0,0.0,0.0,0.0,0.0,0.0,0.0,0.0,1.0000000589217053,1.0000000589217053,0.0,0,0,0,0,0,0,0,1.0,1.0,0.13698722259583054,0.13698722259583054
6,1100,0,odam,fpn,0.008419975638389587,0.0,global_ddp_mean,2,0.0,2.375537872314453,2.375537872314453,0.0,0.0,0.0,0.0,0.0,0.0,0.0,0.0,0.0,0.0,0.0,0.0,0.0,1.0000000332313563,1.0000000332313563,0.0,0,0,0,0,0,0,0,1.0,1.0,0.13698722259583054,0.13698722259583054
6,1100,0,odam,rpn,0.008419975638389587,0.0,global_ddp_mean,2,0.0,2.5652027130126953,2.5652027130126953,0.0,0.0,0.0,0.0,0.0,0.0,0.0,0.0,0.0,0.0,0.0,0.0,0.0,1.0000000855824933,1.0000000855824933,0.0,0,0,0,0,0,0,0,1.0,1.0,0.13698722259583054,0.13698722259583054
6,1100,0,odam,roi_shared,0.008419975638389587,0.0,global_ddp_mean,2,0.0,4.452664375305176,4.452664375305176,0.0,0.0,0.0,0.0,0.0,0.0,0.0,0.0,0.0,0.0,0.0,0.0,0.0,0.999999975769662,0.999999975769662,0.012612970120762278,0,0,0,0,0,0,0,1.0,1.0,0.13698722259583054,0.13698722259583054
6,1100,0,odam,roi_cls,0.008419975638389587,0.0,global_ddp_mean,2,0.0,3.244917869567871,3.244917869567871,0.0,0.0,0.0,0.0,0.0,0.0,0.0,0.0,0.0,0.0,0.0,0.0,0.0,0.9999999472262912,0.9999999472262912,0.018614288492533913,0,0,0,0,0,0,0,1.0,1.0,0.13698722259583054,0.13698722259583054
6,1100,0,odam,roi_reg,0.008419975638389587,0.0,global_ddp_mean,2,0.0,2.977857828140259,2.977857828140259,0.0,0.0,0.0,0.0,0.0,0.0,0.0,0.0,0.0,0.0,0.0,0.0,0.0,0.9999999363964519,0.9999999363964519,0.020435172315538045,0,0,0,0,0,0,0,1.0,1.0,0.13698722259583054,0.13698722259583054
6,1200,0,odam,backbone,0.07812099158763885,0.0,global_ddp_mean,2,0.0,20.490352630615234,20.490352630615234,0.0,0.0,0.0,0.0,0.0,0.0,0.0,0.0,0.0,0.0,0.0,0.0,0.0,1.0000000054678355,1.0000000054678355,0.0,0,0,0,0,0,0,0,1.0,1.0,0.14034969737726968,0.14034969737726968
6,1200,0,odam,fpn,0.07812099158763885,0.0,global_ddp_mean,2,0.0,4.287758827209473,4.287758827209473,0.0,0.0,0.0,0.0,0.0,0.0,0.0,0.0,0.0,0.0,0.0,0.0,0.0,1.000000026701728,1.000000026701728,0.0,0,0,0,0,0,0,0,1.0,1.0,0.14034969737726968,0.14034969737726968
6,1200,0,odam,rpn,0.07812099158763885,0.0,global_ddp_mean,2,0.0,1.423380732536316,1.423380732536316,0.0,0.0,0.0,0.0,0.0,0.0,0.0,0.0,0.0,0.0,0.0,0.0,0.0,0.9999999749839954,0.9999999749839954,0.012815826083319614,0,0,0,0,0,0,0,1.0,1.0,0.14034969737726968,0.14034969737726968
6,1200,0,odam,roi_shared,0.07812099158763885,0.0,global_ddp_mean,2,0.0,9.693452835083008,9.693452835083008,0.0,0.0,0.0,0.0,0.0,0.0,0.0,0.0,0.0,0.0,0.0,0.0,0.0,0.9999999197421375,0.9999999197421375,0.0229552183204323,0,0,0,0,0,0,0,1.0,1.0,0.14034969737726968,0.14034969737726968
6,1200,0,odam,roi_cls,0.07812099158763885,0.0,global_ddp_mean,2,0.0,11.05929183959961,11.05929183959961,0.0,0.0,0.0,0.0,0.0,0.0,0.0,0.0,0.0,0.0,0.0,0.0,0.0,0.9999999509372905,0.9999999509372905,0.01794788987321925,0,0,0,0,0,0,0,1.0,1.0,0.14034969737726968,0.14034969737726968
6,1200,0,odam,roi_reg,0.07812099158763885,0.0,global_ddp_mean,2,0.0,0.6773991584777832,0.6773991584777832,0.0,0.0,0.0,0.0,0.0,0.0,0.0,0.0,0.0,0.0,0.0,0.0,0.0,1.0000000352004095,1.0000000352004095,0.0,0,0,0,0,0,0,0,1.0,1.0,0.14034969737726968,0.14034969737726968
6,1300,0,odam,backbone,0.20418934524059296,-0.0,global_ddp_mean,2,0.0,8.127717018127441,8.127717018127441,0.0,0.0,0.0,0.0,0.0,0.0,0.0,0.0,0.0,0.0,0.0,0.0,0.0,1.0000001156253098,1.0000001156253098,0.0,0,0,0,0,0,0,0,1.0,1.0,0.14371217215870882,0.14371217215870882
6,1300,0,odam,fpn,0.20418934524059296,-0.0,global_ddp_mean,2,0.0,1.351530909538269,1.351530909538269,0.0,0.0,0.0,0.0,0.0,0.0,0.0,0.0,0.0,0.0,0.0,0.0,0.0,1.0000000861293097,1.0000000861293097,0.0,0,0,0,0,0,0,0,1.0,1.0,0.14371217215870882,0.14371217215870882
6,1300,0,odam,rpn,0.20418934524059296,-0.0,global_ddp_mean,2,0.0,2.266663074493408,2.266663074493408,0.0,0.0,0.0,0.0,0.0,0.0,0.0,0.0,0.0,0.0,0.0,0.0,0.0,1.0000000193845278,1.0000000193845278,0.0,0,0,0,0,0,0,0,1.0,1.0,0.14371217215870882,0.14371217215870882
6,1300,0,odam,roi_shared,0.20418934524059296,-0.0,global_ddp_mean,2,0.0,1.8973525762557983,1.8973525762557983,0.0,0.0,0.0,0.0,0.0,0.0,0.0,0.0,0.0,0.0,0.0,0.0,0.0,1.000000049190586,1.000000049190586,0.0,0,0,0,0,0,0,0,1.0,1.0,0.14371217215870882,0.14371217215870882
6,1300,0,odam,roi_cls,0.20418934524059296,-0.0,global_ddp_mean,2,0.0,1.2935532331466675,1.2935532331466675,0.0,0.0,0.0,0.0,0.0,0.0,0.0,0.0,0.0,0.0,0.0,0.0,0.0,1.000000020141548,1.000000020141548,0.0,0,0,0,0,0,0,0,1.0,1.0,0.14371217215870882,0.14371217215870882
6,1300,0,odam,roi_reg,0.20418934524059296,-0.0,global_ddp_mean,2,0.0,1.0155417919158936,1.0155417919158936,0.0,0.0,0.0,0.0,0.0,0.0,0.0,0.0,0.0,0.0,0.0,0.0,0.0,1.0000000872023378,1.0000000872023378,0.0,0,0,0,0,0,0,0,1.0,1.0,0.14371217215870882,0.14371217215870882
6,1400,0,odam,backbone,0.29457592964172363,0.0,global_ddp_mean,2,0.0,11.496808052062988,11.496808052062988,0.0,0.0,0.0,0.0,0.0,0.0,0.0,0.0,0.0,0.0,0.0,0.0,0.0,0.9999999589930424,0.9999999589930424,0.016408406488630938,0,0,0,0,0,0,0,1.0,1.0,0.14707464694014796,0.14707464694014796
6,1400,0,odam,fpn,0.29457592964172363,0.0,global_ddp_mean,2,0.0,1.8448874950408936,1.8448874950408936,0.0,0.0,0.0,0.0,0.0,0.0,0.0,0.0,0.0,0.0,0.0,0.0,0.0,0.9999999657119241,0.9999999657119241,0.015004073716784543,0,0,0,0,0,0,0,1.0,1.0,0.14707464694014796,0.14707464694014796
6,1400,0,odam,rpn,0.29457592964172363,0.0,global_ddp_mean,2,0.0,2.1552586555480957,2.1552586555480957,0.0,0.0,0.0,0.0,0.0,0.0,0.0,0.0,0.0,0.0,0.0,0.0,0.0,1.0000000643115274,1.0000000643115274,0.0,0,0,0,0,0,0,0,1.0,1.0,0.14707464694014796,0.14707464694014796
6,1400,0,odam,roi_shared,0.29457592964172363,0.0,global_ddp_mean,2,0.0,3.7437665462493896,3.7437665462493896,0.0,0.0,0.0,0.0,0.0,0.0,0.0,0.0,0.0,0.0,0.0,0.0,0.0,1.0000000089536187,1.0000000089536187,0.0,0,0,0,0,0,0,0,1.0,1.0,0.14707464694014796,0.14707464694014796
6,1400,0,odam,roi_cls,0.29457592964172363,0.0,global_ddp_mean,2,0.0,2.7381069660186768,2.7381069660186768,0.0,0.0,0.0,0.0,0.0,0.0,0.0,0.0,0.0,0.0,0.0,0.0,0.0,0.9999999758245153,0.9999999758245153,0.012598685256036652,0,0,0,0,0,0,0,1.0,1.0,0.14707464694014796,0.14707464694014796
6,1400,0,odam,roi_reg,0.29457592964172363,0.0,global_ddp_mean,2,0.0,1.374807596206665,1.374807596206665,0.0,0.0,0.0,0.0,0.0,0.0,0.0,0.0,0.0,0.0,0.0,0.0,0.0,0.9999999488788568,0.9999999488788568,0.018320524827158693,0,0,0,0,0,0,0,1.0,1.0,0.14707464694014796,0.14707464694014796
7,0,0,odam,backbone,0.06255514919757843,0.0,global_ddp_mean,2,0.0,11.213708877563477,11.213708877563477,0.0,0.0,0.0,0.0,0.0,0.0,0.0,0.0,0.0,0.0,0.0,0.0,0.0,1.0000000756708807,1.0000000756708807,0.0,0,0,0,0,0,0,0,1.0,1.0,0.15000000000000002,0.15000000000000002
7,0,0,odam,fpn,0.06255514919757843,0.0,global_ddp_mean,2,0.0,1.61808180809021,1.61808180809021,0.0,0.0,0.0,0.0,0.0,0.0,0.0,0.0,0.0,0.0,0.0,0.0,0.0,0.9999999549082028,0.9999999549082028,0.01720625695756949,0,0,0,0,0,0,0,1.0,1.0,0.15000000000000002,0.15000000000000002
7,0,0,odam,rpn,0.06255514919757843,0.0,global_ddp_mean,2,0.0,1.7857946157455444,1.7857946157455444,0.0,0.0,0.0,0.0,0.0,0.0,0.0,0.0,0.0,0.0,0.0,0.0,0.0,1.0000000582433428,1.0000000582433428,0.0,0,0,0,0,0,0,0,1.0,1.0,0.15000000000000002,0.15000000000000002
7,0,0,odam,roi_shared,0.06255514919757843,0.0,global_ddp_mean,2,0.0,4.164731025695801,4.164731025695801,0.0,0.0,0.0,0.0,0.0,0.0,0.0,0.0,0.0,0.0,0.0,0.0,0.0,0.9999999733739879,0.9999999733739879,0.013221803345984103,0,0,0,0,0,0,0,1.0,1.0,0.15000000000000002,0.15000000000000002
7,0,0,odam,roi_cls,0.06255514919757843,0.0,global_ddp_mean,2,0.0,3.004512310028076,3.004512310028076,0.0,0.0,0.0,0.0,0.0,0.0,0.0,0.0,0.0,0.0,0.0,0.0,0.0,0.9999999630245197,0.9999999630245197,0.015580971883468646,0,0,0,0,0,0,0,1.0,1.0,0.15000000000000002,0.15000000000000002
7,0,0,odam,roi_reg,0.06255514919757843,0.0,global_ddp_mean,2,0.0,1.920885443687439,1.920885443687439,0.0,0.0,0.0,0.0,0.0,0.0,0.0,0.0,0.0,0.0,0.0,0.0,0.0,0.9999999597588153,0.9999999597588153,0.016254477389911384,0,0,0,0,0,0,0,1.0,1.0,0.15000000000000002,0.15000000000000002
7,100,0,odam,backbone,0.1530383676290512,0.0,global_ddp_mean,2,0.0,4.362635612487793,4.362635612487793,0.0,0.0,0.0,0.0,0.0,0.0,0.0,0.0,0.0,0.0,0.0,0.0,0.0,1.0000000724411215,1.0000000724411215,0.0,0,0,0,0,0,0,0,1.0,1.0,0.15336247478143916,0.15336247478143916
7,100,0,odam,fpn,0.1530383676290512,0.0,global_ddp_mean,2,0.0,1.1351410150527954,1.1351410150527954,0.0,0.0,0.0,0.0,0.0,0.0,0.0,0.0,0.0,0.0,0.0,0.0,0.0,0.9999999134054147,0.9999999134054147,0.02384421349246287,0,0,0,0,0,0,0,1.0,1.0,0.15336247478143916,0.15336247478143916
7,100,0,odam,rpn,0.1530383676290512,0.0,global_ddp_mean,2,0.0,1.1370794773101807,1.1370794773101807,0.0,0.0,0.0,0.0,0.0,0.0,0.0,0.0,0.0,0.0,0.0,0.0,0.0,1.000000044860961,1.000000044860961,0.0,0,0,0,0,0,0,0,1.0,1.0,0.15336247478143916,0.15336247478143916
7,100,0,odam,roi_shared,0.1530383676290512,0.0,global_ddp_mean,2,0.0,2.470729112625122,2.470729112625122,0.0,0.0,0.0,0.0,0.0,0.0,0.0,0.0,0.0,0.0,0.0,0.0,0.0,1.0000000540493128,1.0000000540493128,0.0,0,0,0,0,0,0,0,1.0,1.0,0.15336247478143916,0.15336247478143916
7,100,0,odam,roi_cls,0.1530383676290512,0.0,global_ddp_mean,2,0.0,2.3025777339935303,2.3025777339935303,0.0,0.0,0.0,0.0,0.0,0.0,0.0,0.0,0.0,0.0,0.0,0.0,0.0,0.9999999860621663,0.9999999860621663,0.009566107773501618,0,0,0,0,0,0,0,1.0,1.0,0.15336247478143916,0.15336247478143916
7,100,0,odam,roi_reg,0.1530383676290512,0.0,global_ddp_mean,2,0.0,1.2787449359893799,1.2787449359893799,0.0,0.0,0.0,0.0,0.0,0.0,0.0,0.0,0.0,0.0,0.0,0.0,0.0,1.00000005348015,1.00000005348015,0.0,0,0,0,0,0,0,0,1.0,1.0,0.15336247478143916,0.15336247478143916
7,200,0,odam,backbone,0.07875176519155502,0.0,global_ddp_mean,2,0.0,16.20282554626465,16.20282554626465,0.0,0.0,0.0,0.0,0.0,0.0,0.0,0.0,0.0,0.0,0.0,0.0,0.0,0.9999999980691653,0.9999999980691653,0.00356049335432236,0,0,0,0,0,0,0,1.0,1.0,0.1567249495628783,0.1567249495628783
7,200,0,odam,fpn,0.07875176519155502,0.0,global_ddp_mean,2,0.0,3.0121634006500244,3.0121634006500244,0.0,0.0,0.0,0.0,0.0,0.0,0.0,0.0,0.0,0.0,0.0,0.0,0.0,0.9999999332497608,0.9999999332497608,0.020934570051950124,0,0,0,0,0,0,0,1.0,1.0,0.1567249495628783,0.1567249495628783
7,200,0,odam,rpn,0.07875176519155502,0.0,global_ddp_mean,2,0.0,0.9750467538833618,0.9750467538833618,0.0,0.0,0.0,0.0,0.0,0.0,0.0,0.0,0.0,0.0,0.0,0.0,0.0,0.9999999638457462,0.9999999638457462,0.01540697340248022,0,0,0,0,0,0,0,1.0,1.0,0.1567249495628783,0.1567249495628783
7,200,0,odam,roi_shared,0.07875176519155502,0.0,global_ddp_mean,2,0.0,6.702600955963135,6.702600955963135,0.0,0.0,0.0,0.0,0.0,0.0,0.0,0.0,0.0,0.0,0.0,0.0,0.0,0.999999967020126,0.999999967020126,0.014715063068973105,0,0,0,0,0,0,0,1.0,1.0,0.1567249495628783,0.1567249495628783
7,200,0,odam,roi_cls,0.07875176519155502,0.0,global_ddp_mean,2,0.0,6.511347770690918,6.511347770690918,0.0,0.0,0.0,0.0,0.0,0.0,0.0,0.0,0.0,0.0,0.0,0.0,0.0,0.9999999544027657,0.9999999544027657,0.017302421305213825,0,0,0,0,0,0,0,1.0,1.0,0.1567249495628783,0.1567249495628783
7,200,0,odam,roi_reg,0.07875176519155502,0.0,global_ddp_mean,2,0.0,0.4317173957824707,0.4317173957824707,0.0,0.0,0.0,0.0,0.0,0.0,0.0,0.0,0.0,0.0,0.0,0.0,0.0,0.9999999983591709,0.9999999983591709,0.0032822322644842678,0,0,0,0,0,0,0,1.0,1.0,0.1567249495628783,0.1567249495628783
7,300,0,odam,backbone,0.7594184279441833,-0.0,global_ddp_mean,2,0.0,16.095115661621094,16.095115661621094,0.0,0.0,0.0,0.0,0.0,0.0,0.0,0.0,0.0,0.0,0.0,0.0,0.0,1.0000000645876859,1.0000000645876859,0.0,0,0,0,0,0,0,0,1.0,1.0,0.16008742434431744,0.16008742434431744
7,300,0,odam,fpn,0.7594184279441833,-0.0,global_ddp_mean,2,0.0,3.469651699066162,3.469651699066162,0.0,0.0,0.0,0.0,0.0,0.0,0.0,0.0,0.0,0.0,0.0,0.0,0.0,1.0000000587164712,1.0000000587164712,0.0,0,0,0,0,0,0,0,1.0,1.0,0.16008742434431744,0.16008742434431744
7,300,0,odam,rpn,0.7594184279441833,-0.0,global_ddp_mean,2,0.0,3.395833969116211,3.395833969116211,0.0,0.0,0.0,0.0,0.0,0.0,0.0,0.0,0.0,0.0,0.0,0.0,0.0,0.9999999471636494,0.9999999471636494,0.018625332688602298,0,0,0,0,0,0,0,1.0,1.0,0.16008742434431744,0.16008742434431744
7,300,0,odam,roi_shared,0.7594184279441833,-0.0,global_ddp_mean,2,0.0,7.198831081390381,7.198831081390381,0.0,0.0,0.0,0.0,0.0,0.0,0.0,0.0,0.0,0.0,0.0,0.0,0.0,0.9999999412456325,0.9999999412456325,0.01964073382288981,0,0,0,0,0,0,0,1.0,1.0,0.16008742434431744,0.16008742434431744
7,300,0,odam,roi_cls,0.7594184279441833,-0.0,global_ddp_mean,2,0.0,7.281221389770508,7.281221389770508,0.0,0.0,0.0,0.0,0.0,0.0,0.0,0.0,0.0,0.0,0.0,0.0,0.0,1.0000000157243771,1.0000000157243771,0.0,0,0,0,0,0,0,0,1.0,1.0,0.16008742434431744,0.16008742434431744
7,300,0,odam,roi_reg,0.7594184279441833,-0.0,global_ddp_mean,2,0.0,4.962724685668945,4.962724685668945,0.0,0.0,0.0,0.0,0.0,0.0,0.0,0.0,0.0,0.0,0.0,0.0,0.0,0.9999999634874712,0.9999999634874712,0.015483123848731998,0,0,0,0,0,0,0,1.0,1.0,0.16008742434431744,0.16008742434431744
7,400,0,odam,backbone,0.2199026495218277,0.0529802031815052,global_ddp_mean,2,-0.010287083671785376,7.996832847595215,7.996832847595215,4.438136100769043,4.438136100769043,4.438136100769043,4.438136100769043,0.7254128979770788,4.438136100769043,0.5549867285401203,0.5549867285401203,0.5549867285401203,0.09071252479601633,0.09071252479601633,-0.0009331678271740666,-0.0009331678271740666,0.9990668282909712,0.9959036804201078,5.187796217043432,1,0,0,1,1,0,0,1.0,1.0,0.16344989912575658,0.16344989912575658
7,400,0,odam,fpn,0.2199026495218277,0.0529802031815052,global_ddp_mean,2,0.08057502499409859,1.4849216938018799,1.4849216938018799,1.1322733163833618,1.1322733163833618,1.1322733163833618,1.1322733163833618,0.18506995934564635,1.1322733163833618,0.7625138221830242,0.7625138221830242,0.7625138221830242,0.1246328073178104,0.1246328073178104,0.010042291900568117,0.010042291900568117,1.010042419915145,0.992521226625036,7.011708529740085,0,0,0,0,0,0,0,1.0,1.0,0.16344989912575658,0.16344989912575658
7,400,0,odam,rpn,0.2199026495218277,0.0529802031815052,global_ddp_mean,2,0.0,2.567445755004883,2.567445755004883,0.0,0.0,0.0,0.0,0.0,0.0,0.0,0.0,0.0,0.0,0.0,0.0,0.0,0.9999999423196448,0.9999999423196448,0.01946039249381873,0,0,0,0,0,0,0,1.0,1.0,0.16344989912575658,0.16344989912575658
7,400,0,odam,roi_shared,0.2199026495218277,0.0529802031815052,global_ddp_mean,2,0.34310380374473953,2.6976494789123535,2.6976494789123535,0.6380208730697632,0.6380208730697632,0.6380208730697632,0.6380208730697632,0.10428444734337994,0.6380208730697632,0.2365099239383029,0.2365099239383029,0.2365099239383029,0.03865752320995597,0.03865752320995597,0.013263540893043269,0.013263540893043269,1.013263595128161,0.9993584856935414,2.0524095329208287,0,0,0,0,0,0,0,1.0,1.0,0.16344989912575658,0.16344989912575658
7,400,0,odam,roi_cls,0.2199026495218277,0.0529802031815052,global_ddp_mean,2,0.0,1.206895112991333,1.206895112991333,0.0,0.0,0.0,0.0,0.0,0.0,0.0,0.0,0.0,0.0,0.0,0.0,0.0,0.9999999757674084,0.9999999757674084,0.012613556667571779,0,0,0,0,0,0,0,1.0,1.0,0.16344989912575658,0.16344989912575658
7,400,0,odam,roi_reg,0.2199026495218277,0.0529802031815052,global_ddp_mean,2,0.6557363254419682,4.171566486358643,4.171566486358643,1.450510859489441,1.450510859489441,1.450510859489441,1.450510859489441,0.2370858536643636,1.450510859489441,0.3477137100014414,0.3477137100014414,0.3477137100014414,0.056833770824378176,0.056833770824378176,0.03726796911708004,0.03726796911708004,1.0372680706840172,0.9991455077086658,2.3687685852066744,0,0,0,0,0,0,0,1.0,1.0,0.16344989912575658,0.16344989912575658
7,500,0,odam,backbone,0.2210151106119156,0.0,global_ddp_mean,2,0.0,5.5206708908081055,5.5206708908081055,0.0,0.0,0.0,0.0,0.0,0.0,0.0,0.0,0.0,0.0,0.0,0.0,0.0,0.9999999674088308,0.9999999674088308,0.014628089267636025,0,0,0,0,0,0,0,1.0,1.0,0.16681237390719572,0.16681237390719572
7,500,0,odam,fpn,0.2210151106119156,0.0,global_ddp_mean,2,0.0,1.2121131420135498,1.2121131420135498,0.0,0.0,0.0,0.0,0.0,0.0,0.0,0.0,0.0,0.0,0.0,0.0,0.0,1.0000000709606511,1.0000000709606511,0.0,0,0,0,0,0,0,0,1.0,1.0,0.16681237390719572,0.16681237390719572
7,500,0,odam,rpn,0.2210151106119156,0.0,global_ddp_mean,2,0.0,0.8868425488471985,0.8868425488471985,0.0,0.0,0.0,0.0,0.0,0.0,0.0,0.0,0.0,0.0,0.0,0.0,0.0,1.0000000237347282,1.0000000237347282,0.0,0,0,0,0,0,0,0,1.0,1.0,0.16681237390719572,0.16681237390719572
7,500,0,odam,roi_shared,0.2210151106119156,0.0,global_ddp_mean,2,0.0,2.5589253902435303,2.5589253902435303,0.0,0.0,0.0,0.0,0.0,0.0,0.0,0.0,0.0,0.0,0.0,0.0,0.0,0.9999999829190283,0.9999999829190283,0.010589950205620514,0,0,0,0,0,0,0,1.0,1.0,0.16681237390719572,0.16681237390719572
7,500,0,odam,roi_cls,0.2210151106119156,0.0,global_ddp_mean,2,0.0,1.7293864488601685,1.7293864488601685,0.0,0.0,0.0,0.0,0.0,0.0,0.0,0.0,0.0,0.0,0.0,0.0,0.0,1.0000000010104426,1.0000000010104426,0.0,0,0,0,0,0,0,0,1.0,1.0,0.16681237390719572,0.16681237390719572
7,500,0,odam,roi_reg,0.2210151106119156,0.0,global_ddp_mean,2,0.0,0.9466416239738464,0.9466416239738464,0.0,0.0,0.0,0.0,0.0,0.0,0.0,0.0,0.0,0.0,0.0,0.0,0.0,1.0000000209510116,1.0000000209510116,0.0,0,0,0,0,0,0,0,1.0,1.0,0.16681237390719572,0.16681237390719572
7,600,0,odam,backbone,0.015074506402015686,0.0,global_ddp_mean,2,0.0,13.18659782409668,13.18659782409668,0.0,0.0,0.0,0.0,0.0,0.0,0.0,0.0,0.0,0.0,0.0,0.0,0.0,1.000000032339398,1.000000032339398,0.0,0,0,0,0,0,0,0,1.0,1.0,0.17017484868863486,0.17017484868863486
7,600,0,odam,fpn,0.015074506402015686,0.0,global_ddp_mean,2,0.0,4.099039077758789,4.099039077758789,0.0,0.0,0.0,0.0,0.0,0.0,0.0,0.0,0.0,0.0,0.0,0.0,0.0,0.9999999314221482,0.9999999314221482,0.021219227604657002,0,0,0,0,0,0,0,1.0,1.0,0.17017484868863486,0.17017484868863486
7,600,0,odam,rpn,0.015074506402015686,0.0,global_ddp_mean,2,0.0,5.0273871421813965,5.0273871421813965,0.0,0.0,0.0,0.0,0.0,0.0,0.0,0.0,0.0,0.0,0.0,0.0,0.0,0.9999999437689507,0.9999999437689507,0.01921435126736964,0,0,0,0,0,0,0,1.0,1.0,0.17017484868863486,0.17017484868863486
7,600,0,odam,roi_shared,0.015074506402015686,0.0,global_ddp_mean,2,0.0,8.782814025878906,8.782814025878906,0.0,0.0,0.0,0.0,0.0,0.0,0.0,0.0,0.0,0.0,0.0,0.0,0.0,0.9999999373800996,0.9999999373800996,0.02027653859697828,0,0,0,0,0,0,0,1.0,1.0,0.17017484868863486,0.17017484868863486
7,600,0,odam,roi_cls,0.015074506402015686,0.0,global_ddp_mean,2,0.0,7.26173734664917,7.26173734664917,0.0,0.0,0.0,0.0,0.0,0.0,0.0,0.0,0.0,0.0,0.0,0.0,0.0,1.0000000143342982,1.0000000143342982,0.0,0,0,0,0,0,0,0,1.0,1.0,0.17017484868863486,0.17017484868863486
7,600,0,odam,roi_reg,0.015074506402015686,0.0,global_ddp_mean,2,0.0,3.214064121246338,3.214064121246338,0.0,0.0,0.0,0.0,0.0,0.0,0.0,0.0,0.0,0.0,0.0,0.0,0.0,0.9999999660436695,0.9999999660436695,0.014931313277938492,0,0,0,0,0,0,0,1.0,1.0,0.17017484868863486,0.17017484868863486
7,700,0,odam,backbone,1.2700833082199097,-0.0,global_ddp_mean,2,0.0,36.102508544921875,36.102508544921875,0.0,0.0,0.0,0.0,0.0,0.0,0.0,0.0,0.0,0.0,0.0,0.0,0.0,0.999999898706369,0.999999898706369,0.025788655676586062,0,0,0,0,0,0,0,1.0,1.0,0.173537323470074,0.173537323470074
7,700,0,odam,fpn,1.2700833082199097,-0.0,global_ddp_mean,2,0.0,9.158313751220703,9.158313751220703,0.0,0.0,0.0,0.0,0.0,0.0,0.0,0.0,0.0,0.0,0.0,0.0,0.0,0.9999999008976023,0.9999999008976023,0.025508194210938886,0,0,0,0,0,0,0,1.0,1.0,0.173537323470074,0.173537323470074
7,700,0,odam,rpn,1.2700833082199097,-0.0,global_ddp_mean,2,0.0,2.016704797744751,2.016704797744751,0.0,0.0,0.0,0.0,0.0,0.0,0.0,0.0,0.0,0.0,0.0,0.0,0.0,1.0000000925246926,1.0000000925246926,0.0,0,0,0,0,0,0,0,1.0,1.0,0.173537323470074,0.173537323470074
7,700,0,odam,roi_shared,1.2700833082199097,-0.0,global_ddp_mean,2,0.0,20.41254425048828,20.41254425048828,0.0,0.0,0.0,0.0,0.0,0.0,0.0,0.0,0.0,0.0,0.0,0.0,0.0,0.9999999358176496,0.9999999358176496,0.02052794338546784,0,0,0,0,0,0,0,1.0,1.0,0.173537323470074,0.173537323470074
7,700,0,odam,roi_cls,1.2700833082199097,-0.0,global_ddp_mean,2,0.0,17.35576820373535,17.35576820373535,0.0,0.0,0.0,0.0,0.0,0.0,0.0,0.0,0.0,0.0,0.0,0.0,0.0,1.0000000907745867,1.0000000907745867,0.0,0,0,0,0,0,0,0,1.0,1.0,0.173537323470074,0.173537323470074
7,700,0,odam,roi_reg,1.2700833082199097,-0.0,global_ddp_mean,2,0.0,3.384725570678711,3.384725570678711,0.0,0.0,0.0,0.0,0.0,0.0,0.0,0.0,0.0,0.0,0.0,0.0,0.0,0.999999943280025,0.999999943280025,0.019297704320831728,0,0,0,0,0,0,0,1.0,1.0,0.173537323470074,0.173537323470074
7,800,0,odam,backbone,0.34769392013549805,-0.0,global_ddp_mean,2,0.0,6.6795477867126465,6.6795477867126465,0.0,0.0,0.0,0.0,0.0,0.0,0.0,0.0,0.0,0.0,0.0,0.0,0.0,0.9999999386103706,0.9999999386103706,0.020076367560660856,0,0,0,0,0,0,0,1.0,1.0,0.17689979825151314,0.17689979825151314
7,800,0,odam,fpn,0.34769392013549805,-0.0,global_ddp_mean,2,0.0,0.945411741733551,0.945411741733551,0.0,0.0,0.0,0.0,0.0,0.0,0.0,0.0,0.0,0.0,0.0,0.0,0.0,0.9999999962747246,0.9999999962747246,0.004945575359197038,0,0,0,0,0,0,0,1.0,1.0,0.17689979825151314,0.17689979825151314
7,800,0,odam,rpn,0.34769392013549805,-0.0,global_ddp_mean,2,0.0,1.620375633239746,1.620375633239746,0.0,0.0,0.0,0.0,0.0,0.0,0.0,0.0,0.0,0.0,0.0,0.0,0.0,1.0000000277664947,1.0000000277664947,0.0,0,0,0,0,0,0,0,1.0,1.0,0.17689979825151314,0.17689979825151314
7,800,0,odam,roi_shared,0.34769392013549805,-0.0,global_ddp_mean,2,0.0,1.6555564403533936,1.6555564403533936,0.0,0.0,0.0,0.0,0.0,0.0,0.0,0.0,0.0,0.0,0.0,0.0,0.0,1.0000000039087396,1.0000000039087396,0.0,0,0,0,0,0,0,0,1.0,1.0,0.17689979825151314,0.17689979825151314
7,800,0,odam,roi_cls,0.34769392013549805,-0.0,global_ddp_mean,2,0.0,1.052459955215454,1.052459955215454,0.0,0.0,0.0,0.0,0.0,0.0,0.0,0.0,0.0,0.0,0.0,0.0,0.0,0.9999999093125659,0.9999999093125659,0.024401200342927955,0,0,0,0,0,0,0,1.0,1.0,0.17689979825151314,0.17689979825151314
7,800,0,odam,roi_reg,0.34769392013549805,-0.0,global_ddp_mean,2,0.0,1.3797330856323242,1.3797330856323242,0.0,0.0,0.0,0.0,0.0,0.0,0.0,0.0,0.0,0.0,0.0,0.0,0.0,0.9999999422363967,0.9999999422363967,0.01947443070726464,0,0,0,0,0,0,0,1.0,1.0,0.17689979825151314,0.17689979825151314
7,900,0,odam,backbone,1.5363187789916992,-0.0,global_ddp_mean,2,0.0,48.775535583496094,48.775535583496094,0.0,0.0,0.0,0.0,0.0,0.0,0.0,0.0,0.0,0.0,0.0,0.0,0.0,1.0000000450005684,1.0000000450005684,0.0,0,0,0,0,0,0,0,1.0,1.0,0.18026227303295228,0.18026227303295228
7,900,0,odam,fpn,1.5363187789916992,-0.0,global_ddp_mean,2,0.0,8.490462303161621,8.490462303161621,0.0,0.0,0.0,0.0,0.0,0.0,0.0,0.0,0.0,0.0,0.0,0.0,0.0,0.999999915510889,0.999999915510889,0.023552553752708056,0,0,0,0,0,0,0,1.0,1.0,0.18026227303295228,0.18026227303295228
7,900,0,odam,rpn,1.5363187789916992,-0.0,global_ddp_mean,2,0.0,9.166674613952637,9.166674613952637,0.0,0.0,0.0,0.0,0.0,0.0,0.0,0.0,0.0,0.0,0.0,0.0,0.0,0.9999999104643603,0.9999999104643603,0.024245748942056028,0,0,0,0,0,0,0,1.0,1.0,0.18026227303295228,0.18026227303295228
7,900,0,odam,roi_shared,1.5363187789916992,-0.0,global_ddp_mean,2,0.0,15.779633522033691,15.779633522033691,0.0,0.0,0.0,0.0,0.0,0.0,0.0,0.0,0.0,0.0,0.0,0.0,0.0,0.9999999682011443,0.9999999682011443,0.01444918584807712,0,0,0,0,0,0,0,1.0,1.0,0.18026227303295228,0.18026227303295228
7,900,0,odam,roi_cls,1.5363187789916992,-0.0,global_ddp_mean,2,0.0,17.68230628967285,17.68230628967285,0.0,0.0,0.0,0.0,0.0,0.0,0.0,0.0,0.0,0.0,0.0,0.0,0.0,0.9999999510908875,0.9999999510908875,0.01791977379997537,0,0,0,0,0,0,0,1.0,1.0,0.18026227303295228,0.18026227303295228
7,900,0,odam,roi_reg,1.5363187789916992,-0.0,global_ddp_mean,2,0.0,5.528787136077881,5.528787136077881,0.0,0.0,0.0,0.0,0.0,0.0,0.0,0.0,0.0,0.0,0.0,0.0,0.0,1.0000000170316437,1.0000000170316437,0.0,0,0,0,0,0,0,0,1.0,1.0,0.18026227303295228,0.18026227303295228
7,1000,0,odam,backbone,0.3690427541732788,0.0,global_ddp_mean,2,0.0,9.44083023071289,9.44083023071289,0.0,0.0,0.0,0.0,0.0,0.0,0.0,0.0,0.0,0.0,0.0,0.0,0.0,0.9999999665182411,0.9999999665182411,0.01482660658468672,0,0,0,0,0,0,0,1.0,1.0,0.18362474781439142,0.18362474781439142
7,1000,0,odam,fpn,0.3690427541732788,0.0,global_ddp_mean,2,0.0,2.1524736881256104,2.1524736881256104,0.0,0.0,0.0,0.0,0.0,0.0,0.0,0.0,0.0,0.0,0.0,0.0,0.0,0.9999998906229328,0.9999998906229328,0.026797900560811334,0,0,0,0,0,0,0,1.0,1.0,0.18362474781439142,0.18362474781439142
7,1000,0,odam,rpn,0.3690427541732788,0.0,global_ddp_mean,2,0.0,2.2963550090789795,2.2963550090789795,0.0,0.0,0.0,0.0,0.0,0.0,0.0,0.0,0.0,0.0,0.0,0.0,0.0,0.9999999925240436,0.9999999925240436,0.007006014159856017,0,0,0,0,0,0,0,1.0,1.0,0.18362474781439142,0.18362474781439142
7,1000,0,odam,roi_shared,0.3690427541732788,0.0,global_ddp_mean,2,0.0,4.1143975257873535,4.1143975257873535,0.0,0.0,0.0,0.0,0.0,0.0,0.0,0.0,0.0,0.0,0.0,0.0,0.0,1.000000084616582,1.000000084616582,0.0,0,0,0,0,0,0,0,1.0,1.0,0.18362474781439142,0.18362474781439142
7,1000,0,odam,roi_cls,0.3690427541732788,0.0,global_ddp_mean,2,0.0,3.2449917793273926,3.2449917793273926,0.0,0.0,0.0,0.0,0.0,0.0,0.0,0.0,0.0,0.0,0.0,0.0,0.0,1.000000040694664,1.000000040694664,0.0,0,0,0,0,0,0,0,1.0,1.0,0.18362474781439142,0.18362474781439142
7,1000,0,odam,roi_reg,0.3690427541732788,0.0,global_ddp_mean,2,0.0,1.2094426155090332,1.2094426155090332,0.0,0.0,0.0,0.0,0.0,0.0,0.0,0.0,0.0,0.0,0.0,0.0,0.0,0.9999999646833188,0.9999999646833188,0.01522746375064048,0,0,0,0,0,0,0,1.0,1.0,0.18362474781439142,0.18362474781439142
7,1100,0,odam,backbone,0.12127809226512909,0.0,global_ddp_mean,2,0.0,14.280044555664062,14.280044555664062,0.0,0.0,0.0,0.0,0.0,0.0,0.0,0.0,0.0,0.0,0.0,0.0,0.0,0.9999999507837337,0.9999999507837337,0.017975954651051167,0,0,0,0,0,0,0,1.0,1.0,0.18698722259583056,0.18698722259583056
7,1100,0,odam,fpn,0.12127809226512909,0.0,global_ddp_mean,2,0.0,2.6535134315490723,2.6535134315490723,0.0,0.0,0.0,0.0,0.0,0.0,0.0,0.0,0.0,0.0,0.0,0.0,0.0,1.0000000495948416,1.0000000495948416,0.0,0,0,0,0,0,0,0,1.0,1.0,0.18698722259583056,0.18698722259583056
7,1100,0,odam,rpn,0.12127809226512909,0.0,global_ddp_mean,2,0.0,2.015456438064575,2.015456438064575,0.0,0.0,0.0,0.0,0.0,0.0,0.0,0.0,0.0,0.0,0.0,0.0,0.0,1.000000115895687,1.000000115895687,0.0,0,0,0,0,0,0,0,1.0,1.0,0.18698722259583056,0.18698722259583056
7,1100,0,odam,roi_shared,0.12127809226512909,0.0,global_ddp_mean,2,0.0,5.919727325439453,5.919727325439453,0.0,0.0,0.0,0.0,0.0,0.0,0.0,0.0,0.0,0.0,0.0,0.0,0.0,0.9999999806353298,0.9999999806353298,0.01127567847234862,0,0,0,0,0,0,0,1.0,1.0,0.18698722259583056,0.18698722259583056
7,1100,0,odam,roi_cls,0.12127809226512909,0.0,global_ddp_mean,2,0.0,5.235504150390625,5.235504150390625,0.0,0.0,0.0,0.0,0.0,0.0,0.0,0.0,0.0,0.0,0.0,0.0,0.0,0.9999999882779868,0.9999999882779868,0.008772810222927637,0,0,0,0,0,0,0,1.0,1.0,0.18698722259583056,0.18698722259583056
7,1100,0,odam,roi_reg,0.12127809226512909,0.0,global_ddp_mean,2,0.0,1.036779522895813,1.036779522895813,0.0,0.0,0.0,0.0,0.0,0.0,0.0,0.0,0.0,0.0,0.0,0.0,0.0,0.9999999390685709,0.9999999390685709,0.02000130418129425,0,0,0,0,0,0,0,1.0,1.0,0.18698722259583056,0.18698722259583056
7,1200,0,odam,backbone,0.3026057183742523,0.0,global_ddp_mean,2,0.0,23.12122344970703,23.12122344970703,0.0,0.0,0.0,0.0,0.0,0.0,0.0,0.0,0.0,0.0,0.0,0.0,0.0,1.0000000553819421,1.0000000553819421,0.0,0,0,0,0,0,0,0,1.0,1.0,0.1903496973772697,0.1903496973772697
7,1200,0,odam,fpn,0.3026057183742523,0.0,global_ddp_mean,2,0.0,5.970401763916016,5.970401763916016,0.0,0.0,0.0,0.0,0.0,0.0,0.0,0.0,0.0,0.0,0.0,0.0,0.0,0.999999930148499,0.999999930148499,0.021415366156172,0,0,0,0,0,0,0,1.0,1.0,0.1903496973772697,0.1903496973772697
7,1200,0,odam,rpn,0.3026057183742523,0.0,global_ddp_mean,2,0.0,2.322373628616333,2.322373628616333,0.0,0.0,0.0,0.0,0.0,0.0,0.0,0.0,0.0,0.0,0.0,0.0,0.0,1.0000000874568824,1.0000000874568824,0.0,0,0,0,0,0,0,0,1.0,1.0,0.1903496973772697,0.1903496973772697
7,1200,0,odam,roi_shared,0.3026057183742523,0.0,global_ddp_mean,2,0.0,13.816458702087402,13.816458702087402,0.0,0.0,0.0,0.0,0.0,0.0,0.0,0.0,0.0,0.0,0.0,0.0,0.0,1.0000000009613335,1.0000000009613335,0.0,0,0,0,0,0,0,0,1.0,1.0,0.1903496973772697,0.1903496973772697
7,1200,0,odam,roi_cls,0.3026057183742523,0.0,global_ddp_mean,2,0.0,13.822649955749512,13.822649955749512,0.0,0.0,0.0,0.0,0.0,0.0,0.0,0.0,0.0,0.0,0.0,0.0,0.0,1.0000000354336527,1.0000000354336527,0.0,0,0,0,0,0,0,0,1.0,1.0,0.1903496973772697,0.1903496973772697
7,1200,0,odam,roi_reg,0.3026057183742523,0.0,global_ddp_mean,2,0.0,1.189182996749878,1.189182996749878,0.0,0.0,0.0,0.0,0.0,0.0,0.0,0.0,0.0,0.0,0.0,0.0,0.0,0.9999999148137081,0.9999999148137081,0.023649528705001463,0,0,0,0,0,0,0,1.0,1.0,0.1903496973772697,0.1903496973772697
7,1300,0,odam,backbone,0.49223026633262634,0.0,global_ddp_mean,2,0.0,17.407499313354492,17.407499313354492,0.0,0.0,0.0,0.0,0.0,0.0,0.0,0.0,0.0,0.0,0.0,0.0,0.0,0.9999999810801615,0.9999999810801615,0.01114541754071723,0,0,0,0,0,0,0,1.0,1.0,0.19371217215870884,0.19371217215870884
7,1300,0,odam,fpn,0.49223026633262634,0.0,global_ddp_mean,2,0.0,3.6553683280944824,3.6553683280944824,0.0,0.0,0.0,0.0,0.0,0.0,0.0,0.0,0.0,0.0,0.0,0.0,0.0,1.0000000421921174,1.0000000421921174,0.0,0,0,0,0,0,0,0,1.0,1.0,0.19371217215870884,0.19371217215870884
7,1300,0,odam,rpn,0.49223026633262634,0.0,global_ddp_mean,2,0.0,6.455623149871826,6.455623149871826,0.0,0.0,0.0,0.0,0.0,0.0,0.0,0.0,0.0,0.0,0.0,0.0,0.0,1.0000000351084604,1.0000000351084604,0.0,0,0,0,0,0,0,0,1.0,1.0,0.19371217215870884,0.19371217215870884
7,1300,0,odam,roi_shared,0.49223026633262634,0.0,global_ddp_mean,2,0.0,7.180037021636963,7.180037021636963,0.0,0.0,0.0,0.0,0.0,0.0,0.0,0.0,0.0,0.0,0.0,0.0,0.0,0.9999999474808365,0.9999999474808365,0.018569342735890587,0,0,0,0,0,0,0,1.0,1.0,0.19371217215870884,0.19371217215870884
7,1300,0,odam,roi_cls,0.49223026633262634,0.0,global_ddp_mean,2,0.0,6.735472202301025,6.735472202301025,0.0,0.0,0.0,0.0,0.0,0.0,0.0,0.0,0.0,0.0,0.0,0.0,0.0,1.000000061819937,1.000000061819937,0.0,0,0,0,0,0,0,0,1.0,1.0,0.19371217215870884,0.19371217215870884
7,1300,0,odam,roi_reg,0.49223026633262634,0.0,global_ddp_mean,2,0.0,5.1259989738464355,5.1259989738464355,0.0,0.0,0.0,0.0,0.0,0.0,0.0,0.0,0.0,0.0,0.0,0.0,0.0,1.0000000754412255,1.0000000754412255,0.0,0,0,0,0,0,0,0,1.0,1.0,0.19371217215870884,0.19371217215870884
7,1400,0,odam,backbone,0.26541900634765625,-0.0,global_ddp_mean,2,0.0,13.696065902709961,13.696065902709961,0.0,0.0,0.0,0.0,0.0,0.0,0.0,0.0,0.0,0.0,0.0,0.0,0.0,1.0000000447957347,1.0000000447957347,0.0,0,0,0,0,0,0,0,1.0,1.0,0.19707464694014798,0.19707464694014798
7,1400,0,odam,fpn,0.26541900634765625,-0.0,global_ddp_mean,2,0.0,1.6787610054016113,1.6787610054016113,0.0,0.0,0.0,0.0,0.0,0.0,0.0,0.0,0.0,0.0,0.0,0.0,0.0,0.9999999941535703,0.9999999941535703,0.006195594640787426,0,0,0,0,0,0,0,1.0,1.0,0.19707464694014798,0.19707464694014798
7,1400,0,odam,rpn,0.26541900634765625,-0.0,global_ddp_mean,2,0.0,2.822756767272949,2.822756767272949,0.0,0.0,0.0,0.0,0.0,0.0,0.0,0.0,0.0,0.0,0.0,0.0,0.0,0.9999999776742238,0.9999999776742238,0.012107121891025537,0,0,0,0,0,0,0,1.0,1.0,0.19707464694014798,0.19707464694014798
7,1400,0,odam,roi_shared,0.26541900634765625,-0.0,global_ddp_mean,2,0.0,3.318579912185669,3.318579912185669,0.0,0.0,0.0,0.0,0.0,0.0,0.0,0.0,0.0,0.0,0.0,0.0,0.0,1.0000000179936734,1.0000000179936734,0.0,0,0,0,0,0,0,0,1.0,1.0,0.19707464694014798,0.19707464694014798
7,1400,0,odam,roi_cls,0.26541900634765625,-0.0,global_ddp_mean,2,0.0,3.641753673553467,3.641753673553467,0.0,0.0,0.0,0.0,0.0,0.0,0.0,0.0,0.0,0.0,0.0,0.0,0.0,1.0000000219205119,1.0000000219205119,0.0,0,0,0,0,0,0,0,1.0,1.0,0.19707464694014798,0.19707464694014798
7,1400,0,odam,roi_reg,0.26541900634765625,-0.0,global_ddp_mean,2,0.0,1.8672906160354614,1.8672906160354614,0.0,0.0,0.0,0.0,0.0,0.0,0.0,0.0,0.0,0.0,0.0,0.0,0.0,0.9999999889374559,0.9999999889374559,0.008522463270151666,0,0,0,0,0,0,0,1.0,1.0,0.19707464694014798,0.19707464694014798
8,0,0,odam,backbone,0.13670124113559723,-0.0,global_ddp_mean,2,0.0,9.633357048034668,9.633357048034668,0.0,0.0,0.0,0.0,0.0,0.0,0.0,0.0,0.0,0.0,0.0,0.0,0.0,0.9999999076882298,0.9999999076882298,0.024618759926005845,0,0,0,0,0,0,0,1.0,1.0,0.2,0.2
8,0,0,odam,fpn,0.13670124113559723,-0.0,global_ddp_mean,2,0.0,2.076582193374634,2.076582193374634,0.0,0.0,0.0,0.0,0.0,0.0,0.0,0.0,0.0,0.0,0.0,0.0,0.0,0.9999999508061675,0.9999999508061675,0.017971857270694214,0,0,0,0,0,0,0,1.0,1.0,0.2,0.2
8,0,0,odam,rpn,0.13670124113559723,-0.0,global_ddp_mean,2,0.0,2.1458377838134766,2.1458377838134766,0.0,0.0,0.0,0.0,0.0,0.0,0.0,0.0,0.0,0.0,0.0,0.0,0.0,1.0000000402675735,1.0000000402675735,0.0,0,0,0,0,0,0,0,1.0,1.0,0.2,0.2
8,0,0,odam,roi_shared,0.13670124113559723,-0.0,global_ddp_mean,2,0.0,3.5432465076446533,3.5432465076446533,0.0,0.0,0.0,0.0,0.0,0.0,0.0,0.0,0.0,0.0,0.0,0.0,0.0,1.000000010619983,1.000000010619983,0.0,0,0,0,0,0,0,0,1.0,1.0,0.2,0.2
8,0,0,odam,roi_cls,0.13670124113559723,-0.0,global_ddp_mean,2,0.0,3.433460235595703,3.433460235595703,0.0,0.0,0.0,0.0,0.0,0.0,0.0,0.0,0.0,0.0,0.0,0.0,0.0,0.9999999504548645,0.9999999504548645,0.018035913447234393,0,0,0,0,0,0,0,1.0,1.0,0.2,0.2
8,0,0,odam,roi_reg,0.13670124113559723,-0.0,global_ddp_mean,2,0.0,1.4676978588104248,1.4676978588104248,0.0,0.0,0.0,0.0,0.0,0.0,0.0,0.0,0.0,0.0,0.0,0.0,0.0,1.0000000602539654,1.0000000602539654,0.0,0,0,0,0,0,0,0,1.0,1.0,0.2,0.2
8,100,0,odam,backbone,0.09766577929258347,-0.0,global_ddp_mean,2,0.0,6.142715930938721,6.142715930938721,0.0,0.0,0.0,0.0,0.0,0.0,0.0,0.0,0.0,0.0,0.0,0.0,0.0,1.0000000195878118,1.0000000195878118,0.0,0,0,0,0,0,0,0,1.0,1.0,0.2,0.2
8,100,0,odam,fpn,0.09766577929258347,-0.0,global_ddp_mean,2,0.0,1.4134162664413452,1.4134162664413452,0.0,0.0,0.0,0.0,0.0,0.0,0.0,0.0,0.0,0.0,0.0,0.0,0.0,0.9999999858215296,0.9999999858215296,0.00964833382146203,0,0,0,0,0,0,0,1.0,1.0,0.2,0.2
8,100,0,odam,rpn,0.09766577929258347,-0.0,global_ddp_mean,2,0.0,1.2611889839172363,1.2611889839172363,0.0,0.0,0.0,0.0,0.0,0.0,0.0,0.0,0.0,0.0,0.0,0.0,0.0,0.9999999102121387,0.9999999102121387,0.024279875020263082,0,0,0,0,0,0,0,1.0,1.0,0.2,0.2
8,100,0,odam,roi_shared,0.09766577929258347,-0.0,global_ddp_mean,2,0.0,2.9695563316345215,2.9695563316345215,0.0,0.0,0.0,0.0,0.0,0.0,0.0,0.0,0.0,0.0,0.0,0.0,0.0,1.0000000175195465,1.0000000175195465,0.0,0,0,0,0,0,0,0,1.0,1.0,0.2,0.2
8,100,0,odam,roi_cls,0.09766577929258347,-0.0,global_ddp_mean,2,0.0,2.8272223472595215,2.8272223472595215,0.0,0.0,0.0,0.0,0.0,0.0,0.0,0.0,0.0,0.0,0.0,0.0,0.0,0.999999974498985,0.999999974498985,0.012939466311951493,0,0,0,0,0,0,0,1.0,1.0,0.2,0.2
8,100,0,odam,roi_reg,0.09766577929258347,-0.0,global_ddp_mean,2,0.0,0.17478615045547485,0.17478615045547485,0.0,0.0,0.0,0.0,0.0,0.0,0.0,0.0,0.0,0.0,0.0,0.0,0.0,0.9999999468353514,0.9999999468353514,0.018683107208177268,0,0,0,0,0,0,0,1.0,1.0,0.2,0.2
8,200,0,odam,backbone,0.23519697785377502,0.0,global_ddp_mean,2,0.0,8.789375305175781,8.789375305175781,0.0,0.0,0.0,0.0,0.0,0.0,0.0,0.0,0.0,0.0,0.0,0.0,0.0,1.000000028052323,1.000000028052323,0.0,0,0,0,0,0,0,0,1.0,1.0,0.2,0.2
8,200,0,odam,fpn,0.23519697785377502,0.0,global_ddp_mean,2,0.0,1.6926144361495972,1.6926144361495972,0.0,0.0,0.0,0.0,0.0,0.0,0.0,0.0,0.0,0.0,0.0,0.0,0.0,1.000000039543555,1.000000039543555,0.0,0,0,0,0,0,0,0,1.0,1.0,0.2,0.2
8,200,0,odam,rpn,0.23519697785377502,0.0,global_ddp_mean,2,0.0,2.2858879566192627,2.2858879566192627,0.0,0.0,0.0,0.0,0.0,0.0,0.0,0.0,0.0,0.0,0.0,0.0,0.0,1.0000000668598847,1.0000000668598847,0.0,0,0,0,0,0,0,0,1.0,1.0,0.2,0.2
8,200,0,odam,roi_shared,0.23519697785377502,0.0,global_ddp_mean,2,0.0,3.1651175022125244,3.1651175022125244,0.0,0.0,0.0,0.0,0.0,0.0,0.0,0.0,0.0,0.0,0.0,0.0,0.0,0.9999999376104426,0.9999999376104426,0.020239211317001765,0,0,0,0,0,0,0,1.0,1.0,0.2,0.2
8,200,0,odam,roi_cls,0.23519697785377502,0.0,global_ddp_mean,2,0.0,2.1053948402404785,2.1053948402404785,0.0,0.0,0.0,0.0,0.0,0.0,0.0,0.0,0.0,0.0,0.0,0.0,0.0,0.9999999659915172,0.9999999659915172,0.014942775106923389,0,0,0,0,0,0,0,1.0,1.0,0.2,0.2
8,200,0,odam,roi_reg,0.23519697785377502,0.0,global_ddp_mean,2,0.0,2.950438976287842,2.950438976287842,0.0,0.0,0.0,0.0,0.0,0.0,0.0,0.0,0.0,0.0,0.0,0.0,0.0,0.9999999329465128,0.9999999329465128,0.02098206929995529,0,0,0,0,0,0,0,1.0,1.0,0.2,0.2
8,300,0,odam,backbone,0.360283762216568,0.0,global_ddp_mean,2,0.0,8.934948921203613,8.934948921203613,0.0,0.0,0.0,0.0,0.0,0.0,0.0,0.0,0.0,0.0,0.0,0.0,0.0,1.000000105133533,1.000000105133533,0.0,0,0,0,0,0,0,0,1.0,1.0,0.2,0.2
8,300,0,odam,fpn,0.360283762216568,0.0,global_ddp_mean,2,0.0,1.8487211465835571,1.8487211465835571,0.0,0.0,0.0,0.0,0.0,0.0,0.0,0.0,0.0,0.0,0.0,0.0,0.0,1.0000000090935928,1.0000000090935928,0.0,0,0,0,0,0,0,0,1.0,1.0,0.2,0.2
8,300,0,odam,rpn,0.360283762216568,0.0,global_ddp_mean,2,0.0,1.75978422164917,1.75978422164917,0.0,0.0,0.0,0.0,0.0,0.0,0.0,0.0,0.0,0.0,0.0,0.0,0.0,1.0000000365777697,1.0000000365777697,0.0,0,0,0,0,0,0,0,1.0,1.0,0.2,0.2
8,300,0,odam,roi_shared,0.360283762216568,0.0,global_ddp_mean,2,0.0,3.7557966709136963,3.7557966709136963,0.0,0.0,0.0,0.0,0.0,0.0,0.0,0.0,0.0,0.0,0.0,0.0,0.0,0.9999999926567946,0.9999999926567946,0.006943532425340583,0,0,0,0,0,0,0,1.0,1.0,0.2,0.2
8,300,0,odam,roi_cls,0.360283762216568,0.0,global_ddp_mean,2,0.0,1.995189905166626,1.995189905166626,0.0,0.0,0.0,0.0,0.0,0.0,0.0,0.0,0.0,0.0,0.0,0.0,0.0,0.999999997384903,0.999999997384903,0.004143635392392951,0,0,0,0,0,0,0,1.0,1.0,0.2,0.2
8,300,0,odam,roi_reg,0.360283762216568,0.0,global_ddp_mean,2,0.0,3.736802816390991,3.736802816390991,0.0,0.0,0.0,0.0,0.0,0.0,0.0,0.0,0.0,0.0,0.0,0.0,0.0,0.9999999487142265,0.9999999487142265,0.0183500007850434,0,0,0,0,0,0,0,1.0,1.0,0.2,0.2
8,400,0,odam,backbone,0.08902057260274887,-0.0,global_ddp_mean,2,0.0,7.593610763549805,7.593610763549805,0.0,0.0,0.0,0.0,0.0,0.0,0.0,0.0,0.0,0.0,0.0,0.0,0.0,0.9999999562494983,0.9999999562494983,0.016948417373455312,0,0,0,0,0,0,0,1.0,1.0,0.2,0.2
8,400,0,odam,fpn,0.08902057260274887,-0.0,global_ddp_mean,2,0.0,1.313394546508789,1.313394546508789,0.0,0.0,0.0,0.0,0.0,0.0,0.0,0.0,0.0,0.0,0.0,0.0,0.0,1.0000000889625473,1.0000000889625473,0.0,0,0,0,0,0,0,0,1.0,1.0,0.2,0.2
8,400,0,odam,rpn,0.08902057260274887,-0.0,global_ddp_mean,2,0.0,2.1793501377105713,2.1793501377105713,0.0,0.0,0.0,0.0,0.0,0.0,0.0,0.0,0.0,0.0,0.0,0.0,0.0,0.9999999015245199,0.9999999015245199,0.02542738432126126,0,0,0,0,0,0,0,1.0,1.0,0.2,0.2
8,400,0,odam,roi_shared,0.08902057260274887,-0.0,global_ddp_mean,2,0.0,2.1315715312957764,2.1315715312957764,0.0,0.0,0.0,0.0,0.0,0.0,0.0,0.0,0.0,0.0,0.0,0.0,0.0,1.000000006238205,1.000000006238205,0.0,0,0,0,0,0,0,0,1.0,1.0,0.2,0.2
8,400,0,odam,roi_cls,0.08902057260274887,-0.0,global_ddp_mean,2,0.0,1.3138383626937866,1.3138383626937866,0.0,0.0,0.0,0.0,0.0,0.0,0.0,0.0,0.0,0.0,0.0,0.0,0.0,0.999999937790943,0.999999937790943,0.020209912890482053,0,0,0,0,0,0,0,1.0,1.0,0.2,0.2
8,400,0,odam,roi_reg,0.08902057260274887,-0.0,global_ddp_mean,2,0.0,0.7166572213172913,0.7166572213172913,0.0,0.0,0.0,0.0,0.0,0.0,0.0,0.0,0.0,0.0,0.0,0.0,0.0,0.9999999515997403,0.9999999515997403,0.017826310954931993,0,0,0,0,0,0,0,1.0,1.0,0.2,0.2
8,500,0,odam,backbone,0.39543068408966064,0.0,global_ddp_mean,2,0.0,9.795735359191895,9.795735359191895,0.0,0.0,0.0,0.0,0.0,0.0,0.0,0.0,0.0,0.0,0.0,0.0,0.0,1.0000000513764855,1.0000000513764855,0.0,0,0,0,0,0,0,0,1.0,1.0,0.2,0.2
8,500,0,odam,fpn,0.39543068408966064,0.0,global_ddp_mean,2,0.0,1.5086207389831543,1.5086207389831543,0.0,0.0,0.0,0.0,0.0,0.0,0.0,0.0,0.0,0.0,0.0,0.0,0.0,0.9999999257613239,0.9999999257613239,0.022077644816334587,0,0,0,0,0,0,0,1.0,1.0,0.2,0.2
8,500,0,odam,rpn,0.39543068408966064,0.0,global_ddp_mean,2,0.0,2.711407423019409,2.711407423019409,0.0,0.0,0.0,0.0,0.0,0.0,0.0,0.0,0.0,0.0,0.0,0.0,0.0,1.0000000829617075,1.0000000829617075,0.0,0,0,0,0,0,0,0,1.0,1.0,0.2,0.2
8,500,0,odam,roi_shared,0.39543068408966064,0.0,global_ddp_mean,2,0.0,3.2525546550750732,3.2525546550750732,0.0,0.0,0.0,0.0,0.0,0.0,0.0,0.0,0.0,0.0,0.0,0.0,0.0,1.0000000253959838,1.0000000253959838,0.0,0,0,0,0,0,0,0,1.0,1.0,0.2,0.2
8,500,0,odam,roi_cls,0.39543068408966064,0.0,global_ddp_mean,2,0.0,2.9132442474365234,2.9132442474365234,0.0,0.0,0.0,0.0,0.0,0.0,0.0,0.0,0.0,0.0,0.0,0.0,0.0,0.9999999808061825,0.9999999808061825,0.011225826142210224,0,0,0,0,0,0,0,1.0,1.0,0.2,0.2
8,500,0,odam,roi_reg,0.39543068408966064,0.0,global_ddp_mean,2,0.0,1.4528483152389526,1.4528483152389526,0.0,0.0,0.0,0.0,0.0,0.0,0.0,0.0,0.0,0.0,0.0,0.0,0.0,0.9999999301984127,0.9999999301984127,0.02140771340688445,0,0,0,0,0,0,0,1.0,1.0,0.2,0.2
8,600,0,odam,backbone,0.05940429866313934,0.0,global_ddp_mean,2,0.0,10.185785293579102,10.185785293579102,0.0,0.0,0.0,0.0,0.0,0.0,0.0,0.0,0.0,0.0,0.0,0.0,0.0,1.0000000658788337,1.0000000658788337,0.0,0,0,0,0,0,0,0,1.0,1.0,0.2,0.2
8,600,0,odam,fpn,0.05940429866313934,0.0,global_ddp_mean,2,0.0,1.4204024076461792,1.4204024076461792,0.0,0.0,0.0,0.0,0.0,0.0,0.0,0.0,0.0,0.0,0.0,0.0,0.0,1.0000000385725654,1.0000000385725654,0.0,0,0,0,0,0,0,0,1.0,1.0,0.2,0.2
8,600,0,odam,rpn,0.05940429866313934,0.0,global_ddp_mean,2,0.0,1.6175036430358887,1.6175036430358887,0.0,0.0,0.0,0.0,0.0,0.0,0.0,0.0,0.0,0.0,0.0,0.0,0.0,1.0000000728604939,1.0000000728604939,0.0,0,0,0,0,0,0,0,1.0,1.0,0.2,0.2
8,600,0,odam,roi_shared,0.05940429866313934,0.0,global_ddp_mean,2,0.0,2.254744291305542,2.254744291305542,0.0,0.0,0.0,0.0,0.0,0.0,0.0,0.0,0.0,0.0,0.0,0.0,0.0,1.0000000043777133,1.0000000043777133,0.0,0,0,0,0,0,0,0,1.0,1.0,0.2,0.2
8,600,0,odam,roi_cls,0.05940429866313934,0.0,global_ddp_mean,2,0.0,2.109776735305786,2.109776735305786,0.0,0.0,0.0,0.0,0.0,0.0,0.0,0.0,0.0,0.0,0.0,0.0,0.0,0.9999999319385436,0.9999999319385436,0.021139185588064307,0,0,0,0,0,0,0,1.0,1.0,0.2,0.2
8,600,0,odam,roi_reg,0.05940429866313934,0.0,global_ddp_mean,2,0.0,0.03222530707716942,0.03222530707716942,0.0,0.0,0.0,0.0,0.0,0.0,0.0,0.0,0.0,0.0,0.0,0.0,0.0,0.999999893386033,0.999999893386033,0.026457249065140166,0,0,0,0,0,0,0,1.0,1.0,0.2,0.2
8,700,0,odam,backbone,0.09777241945266724,-0.0,global_ddp_mean,2,0.0,9.714200973510742,9.714200973510742,0.0,0.0,0.0,0.0,0.0,0.0,0.0,0.0,0.0,0.0,0.0,0.0,0.0,0.9999999108247475,0.9999999108247475,0.024196904329814698,0,0,0,0,0,0,0,1.0,1.0,0.2,0.2
8,700,0,odam,fpn,0.09777241945266724,-0.0,global_ddp_mean,2,0.0,1.6901692152023315,1.6901692152023315,0.0,0.0,0.0,0.0,0.0,0.0,0.0,0.0,0.0,0.0,0.0,0.0,0.0,1.0000000253970567,1.0000000253970567,0.0,0,0,0,0,0,0,0,1.0,1.0,0.2,0.2
8,700,0,odam,rpn,0.09777241945266724,-0.0,global_ddp_mean,2,0.0,1.242113709449768,1.242113709449768,0.0,0.0,0.0,0.0,0.0,0.0,0.0,0.0,0.0,0.0,0.0,0.0,0.0,0.9999999831907176,0.9999999831907176,0.010505390919971543,0,0,0,0,0,0,0,1.0,1.0,0.2,0.2
8,700,0,odam,roi_shared,0.09777241945266724,-0.0,global_ddp_mean,2,0.0,3.296081066131592,3.296081066131592,0.0,0.0,0.0,0.0,0.0,0.0,0.0,0.0,0.0,0.0,0.0,0.0,0.0,1.0000000558226247,1.0000000558226247,0.0,0,0,0,0,0,0,0,1.0,1.0,0.2,0.2
8,700,0,odam,roi_cls,0.09777241945266724,-0.0,global_ddp_mean,2,0.0,3.057896852493286,3.057896852493286,0.0,0.0,0.0,0.0,0.0,0.0,0.0,0.0,0.0,0.0,0.0,0.0,0.0,0.9999999618058164,0.9999999618058164,0.01583566286789699,0,0,0,0,0,0,0,1.0,1.0,0.2,0.2
8,700,0,odam,roi_reg,0.09777241945266724,-0.0,global_ddp_mean,2,0.0,0.6319338083267212,0.6319338083267212,0.0,0.0,0.0,0.0,0.0,0.0,0.0,0.0,0.0,0.0,0.0,0.0,0.0,0.9999999089643112,0.9999999089643112,0.024448007758923643,0,0,0,0,0,0,0,1.0,1.0,0.2,0.2
8,800,0,odam,backbone,0.10189972817897797,0.0,global_ddp_mean,2,0.0,7.636986255645752,7.636986255645752,0.0,0.0,0.0,0.0,0.0,0.0,0.0,0.0,0.0,0.0,0.0,0.0,0.0,1.0000000609213198,1.0000000609213198,0.0,0,0,0,0,0,0,0,1.0,1.0,0.2,0.2
8,800,0,odam,fpn,0.10189972817897797,0.0,global_ddp_mean,2,0.0,1.3229739665985107,1.3229739665985107,0.0,0.0,0.0,0.0,0.0,0.0,0.0,0.0,0.0,0.0,0.0,0.0,0.0,1.0000000671795528,1.0000000671795528,0.0,0,0,0,0,0,0,0,1.0,1.0,0.2,0.2
8,800,0,odam,rpn,0.10189972817897797,0.0,global_ddp_mean,2,0.0,1.5413132905960083,1.5413132905960083,0.0,0.0,0.0,0.0,0.0,0.0,0.0,0.0,0.0,0.0,0.0,0.0,0.0,0.9999999711314932,0.9999999711314932,0.013767332197507715,0,0,0,0,0,0,0,1.0,1.0,0.2,0.2
8,800,0,odam,roi_shared,0.10189972817897797,0.0,global_ddp_mean,2,0.0,2.7254085540771484,2.7254085540771484,0.0,0.0,0.0,0.0,0.0,0.0,0.0,0.0,0.0,0.0,0.0,0.0,0.0,0.999999921035967,0.999999921035967,0.022769437072428077,0,0,0,0,0,0,0,1.0,1.0,0.2,0.2
8,800,0,odam,roi_cls,0.10189972817897797,0.0,global_ddp_mean,2,0.0,2.3150386810302734,2.3150386810302734,0.0,0.0,0.0,0.0,0.0,0.0,0.0,0.0,0.0,0.0,0.0,0.0,0.0,1.0000000875540287,1.0000000875540287,0.0,0,0,0,0,0,0,0,1.0,1.0,0.2,0.2
8,800,0,odam,roi_reg,0.10189972817897797,0.0,global_ddp_mean,2,0.0,1.0500082969665527,1.0500082969665527,0.0,0.0,0.0,0.0,0.0,0.0,0.0,0.0,0.0,0.0,0.0,0.0,0.0,1.0000000561623694,1.0000000561623694,0.0,0,0,0,0,0,0,0,1.0,1.0,0.2,0.2
8,900,0,odam,backbone,0.2284589558839798,0.0,global_ddp_mean,2,0.0,42.065616607666016,42.065616607666016,0.0,0.0,0.0,0.0,0.0,0.0,0.0,0.0,0.0,0.0,0.0,0.0,0.0,1.0000000071760313,1.0000000071760313,0.0,0,0,0,0,0,0,0,1.0,1.0,0.2,0.2
8,900,0,odam,fpn,0.2284589558839798,0.0,global_ddp_mean,2,0.0,9.945055961608887,9.945055961608887,0.0,0.0,0.0,0.0,0.0,0.0,0.0,0.0,0.0,0.0,0.0,0.0,0.0,0.9999999856242858,0.9999999856242858,0.009715213419319756,0,0,0,0,0,0,0,1.0,1.0,0.2,0.2
8,900,0,odam,rpn,0.2284589558839798,0.0,global_ddp_mean,2,0.0,1.362498164176941,1.362498164176941,0.0,0.0,0.0,0.0,0.0,0.0,0.0,0.0,0.0,0.0,0.0,0.0,0.0,1.0000000414170276,1.0000000414170276,0.0,0,0,0,0,0,0,0,1.0,1.0,0.2,0.2
8,900,0,odam,roi_shared,0.2284589558839798,0.0,global_ddp_mean,2,0.0,22.1560115814209,22.1560115814209,0.0,0.0,0.0,0.0,0.0,0.0,0.0,0.0,0.0,0.0,0.0,0.0,0.0,1.0000000117835468,1.0000000117835468,0.0,0,0,0,0,0,0,0,1.0,1.0,0.2,0.2
8,900,0,odam,roi_cls,0.2284589558839798,0.0,global_ddp_mean,2,0.0,16.650405883789062,16.650405883789062,0.0,0.0,0.0,0.0,0.0,0.0,0.0,0.0,0.0,0.0,0.0,0.0,0.0,1.0000000247237044,1.0000000247237044,0.0,0,0,0,0,0,0,0,1.0,1.0,0.2,0.2
8,900,0,odam,roi_reg,0.2284589558839798,0.0,global_ddp_mean,2,0.0,11.824317932128906,11.824317932128906,0.0,0.0,0.0,0.0,0.0,0.0,0.0,0.0,0.0,0.0,0.0,0.0,0.0,1.0000000310504429,1.0000000310504429,0.0,0,0,0,0,0,0,0,1.0,1.0,0.2,0.2
8,1000,0,odam,backbone,0.6005049347877502,0.0,global_ddp_mean,2,0.0,35.53994369506836,35.53994369506836,0.0,0.0,0.0,0.0,0.0,0.0,0.0,0.0,0.0,0.0,0.0,0.0,0.0,1.0000000385054417,1.0000000385054417,0.0,0,0,0,0,0,0,0,1.0,1.0,0.2,0.2
8,1000,0,odam,fpn,0.6005049347877502,0.0,global_ddp_mean,2,0.0,3.8935112953186035,3.8935112953186035,0.0,0.0,0.0,0.0,0.0,0.0,0.0,0.0,0.0,0.0,0.0,0.0,0.0,0.9999999566868515,0.9999999566868515,0.016863491927916183,0,0,0,0,0,0,0,1.0,1.0,0.2,0.2
8,1000,0,odam,rpn,0.6005049347877502,0.0,global_ddp_mean,2,0.0,5.500185966491699,5.500185966491699,0.0,0.0,0.0,0.0,0.0,0.0,0.0,0.0,0.0,0.0,0.0,0.0,0.0,1.0000000303811118,1.0000000303811118,0.0,0,0,0,0,0,0,0,1.0,1.0,0.2,0.2
8,1000,0,odam,roi_shared,0.6005049347877502,0.0,global_ddp_mean,2,0.0,7.360326766967773,7.360326766967773,0.0,0.0,0.0,0.0,0.0,0.0,0.0,0.0,0.0,0.0,0.0,0.0,0.0,0.9999999601738552,0.9999999601738552,0.016170437347244295,0,0,0,0,0,0,0,1.0,1.0,0.2,0.2
8,1000,0,odam,roi_cls,0.6005049347877502,0.0,global_ddp_mean,2,0.0,7.7654852867126465,7.7654852867126465,0.0,0.0,0.0,0.0,0.0,0.0,0.0,0.0,0.0,0.0,0.0,0.0,0.0,1.0000000523098354,1.0000000523098354,0.0,0,0,0,0,0,0,0,1.0,1.0,0.2,0.2
8,1000,0,odam,roi_reg,0.6005049347877502,0.0,global_ddp_mean,2,0.0,3.405231237411499,3.405231237411499,0.0,0.0,0.0,0.0,0.0,0.0,0.0,0.0,0.0,0.0,0.0,0.0,0.0,0.9999999477609137,0.9999999477609137,0.018519762722475467,0,0,0,0,0,0,0,1.0,1.0,0.2,0.2
8,1100,0,odam,backbone,0.3613526523113251,-0.0,global_ddp_mean,2,0.0,9.64123821258545,9.64123821258545,0.0,0.0,0.0,0.0,0.0,0.0,0.0,0.0,0.0,0.0,0.0,0.0,0.0,0.9999999359995524,0.9999999359995524,0.02049883304254208,0,0,0,0,0,0,0,1.0,1.0,0.2,0.2
8,1100,0,odam,fpn,0.3613526523113251,-0.0,global_ddp_mean,2,0.0,1.4280436038970947,1.4280436038970947,0.0,0.0,0.0,0.0,0.0,0.0,0.0,0.0,0.0,0.0,0.0,0.0,0.0,1.0000000065425267,1.0000000065425267,0.0,0,0,0,0,0,0,0,1.0,1.0,0.2,0.2
8,1100,0,odam,rpn,0.3613526523113251,-0.0,global_ddp_mean,2,0.0,1.068933129310608,1.068933129310608,0.0,0.0,0.0,0.0,0.0,0.0,0.0,0.0,0.0,0.0,0.0,0.0,0.0,0.9999999177021052,0.9999999177021052,0.023245130907512405,0,0,0,0,0,0,0,1.0,1.0,0.2,0.2
8,1100,0,odam,roi_shared,0.3613526523113251,-0.0,global_ddp_mean,2,0.0,3.0608766078948975,3.0608766078948975,0.0,0.0,0.0,0.0,0.0,0.0,0.0,0.0,0.0,0.0,0.0,0.0,0.0,1.0000000527103998,1.0000000527103998,0.0,0,0,0,0,0,0,0,1.0,1.0,0.2,0.2
8,1100,0,odam,roi_cls,0.3613526523113251,-0.0,global_ddp_mean,2,0.0,2.0869140625,2.0869140625,0.0,0.0,0.0,0.0,0.0,0.0,0.0,0.0,0.0,0.0,0.0,0.0,0.0,0.9999998905134023,0.9999998905134023,0.02681131494924346,0,0,0,0,0,0,0,1.0,1.0,0.2,0.2
8,1100,0,odam,roi_reg,0.3613526523113251,-0.0,global_ddp_mean,2,0.0,1.473221778869629,1.473221778869629,0.0,0.0,0.0,0.0,0.0,0.0,0.0,0.0,0.0,0.0,0.0,0.0,0.0,0.9999999315975158,0.9999999315975158,0.021192079282340546,0,0,0,0,0,0,0,1.0,1.0,0.2,0.2
8,1200,0,odam,backbone,0.12701700627803802,0.0,global_ddp_mean,2,0.0,4.926816463470459,4.926816463470459,0.0,0.0,0.0,0.0,0.0,0.0,0.0,0.0,0.0,0.0,0.0,0.0,0.0,1.0000000394922641,1.0000000394922641,0.0,0,0,0,0,0,0,0,1.0,1.0,0.2,0.2
8,1200,0,odam,fpn,0.12701700627803802,0.0,global_ddp_mean,2,0.0,1.5636029243469238,1.5636029243469238,0.0,0.0,0.0,0.0,0.0,0.0,0.0,0.0,0.0,0.0,0.0,0.0,0.0,0.9999999656609921,0.9999999656609921,0.015015213198566444,0,0,0,0,0,0,0,1.0,1.0,0.2,0.2
8,1200,0,odam,rpn,0.12701700627803802,0.0,global_ddp_mean,2,0.0,1.5989781618118286,1.5989781618118286,0.0,0.0,0.0,0.0,0.0,0.0,0.0,0.0,0.0,0.0,0.0,0.0,0.0,1.000000024292317,1.000000024292317,0.0,0,0,0,0,0,0,0,1.0,1.0,0.2,0.2
8,1200,0,odam,roi_shared,0.12701700627803802,0.0,global_ddp_mean,2,0.0,3.345433235168457,3.345433235168457,0.0,0.0,0.0,0.0,0.0,0.0,0.0,0.0,0.0,0.0,0.0,0.0,0.0,0.9999999651989941,0.9999999651989941,0.015115883280160782,0,0,0,0,0,0,0,1.0,1.0,0.2,0.2
8,1200,0,odam,roi_cls,0.12701700627803802,0.0,global_ddp_mean,2,0.0,2.0518088340759277,2.0518088340759277,0.0,0.0,0.0,0.0,0.0,0.0,0.0,0.0,0.0,0.0,0.0,0.0,0.0,1.0000001040191808,1.0000001040191808,0.0,0,0,0,0,0,0,0,1.0,1.0,0.2,0.2
8,1200,0,odam,roi_reg,0.12701700627803802,0.0,global_ddp_mean,2,0.0,1.6452343463897705,1.6452343463897705,0.0,0.0,0.0,0.0,0.0,0.0,0.0,0.0,0.0,0.0,0.0,0.0,0.0,1.0000000423897584,1.0000000423897584,0.0,0,0,0,0,0,0,0,1.0,1.0,0.2,0.2
8,1300,0,odam,backbone,0.28347256779670715,0.0,global_ddp_mean,2,0.0,8.004173278808594,8.004173278808594,0.0,0.0,0.0,0.0,0.0,0.0,0.0,0.0,0.0,0.0,0.0,0.0,0.0,1.0000000854097355,1.0000000854097355,0.0,0,0,0,0,0,0,0,1.0,1.0,0.2,0.2
8,1300,0,odam,fpn,0.28347256779670715,0.0,global_ddp_mean,2,0.0,1.2144367694854736,1.2144367694854736,0.0,0.0,0.0,0.0,0.0,0.0,0.0,0.0,0.0,0.0,0.0,0.0,0.0,1.0000000455620577,1.0000000455620577,0.0,0,0,0,0,0,0,0,1.0,1.0,0.2,0.2
8,1300,0,odam,rpn,0.28347256779670715,0.0,global_ddp_mean,2,0.0,1.435746669769287,1.435746669769287,0.0,0.0,0.0,0.0,0.0,0.0,0.0,0.0,0.0,0.0,0.0,0.0,0.0,0.999999983346008,0.999999983346008,0.010456751954771405,0,0,0,0,0,0,0,1.0,1.0,0.2,0.2
8,1300,0,odam,roi_shared,0.28347256779670715,0.0,global_ddp_mean,2,0.0,2.309480905532837,2.309480905532837,0.0,0.0,0.0,0.0,0.0,0.0,0.0,0.0,0.0,0.0,0.0,0.0,0.0,1.000000006446099,1.000000006446099,0.0,0,0,0,0,0,0,0,1.0,1.0,0.2,0.2
8,1300,0,odam,roi_cls,0.28347256779670715,0.0,global_ddp_mean,2,0.0,1.399454951286316,1.399454951286316,0.0,0.0,0.0,0.0,0.0,0.0,0.0,0.0,0.0,0.0,0.0,0.0,0.0,1.000000060133664,1.000000060133664,0.0,0,0,0,0,0,0,0,1.0,1.0,0.2,0.2
8,1300,0,odam,roi_reg,0.28347256779670715,0.0,global_ddp_mean,2,0.0,1.6965335607528687,1.6965335607528687,0.0,0.0,0.0,0.0,0.0,0.0,0.0,0.0,0.0,0.0,0.0,0.0,0.0,0.9999999718691371,0.9999999718691371,0.013590303577590277,0,0,0,0,0,0,0,1.0,1.0,0.2,0.2
8,1400,0,odam,backbone,0.06193383410573006,0.0,global_ddp_mean,2,0.0,7.007251739501953,7.007251739501953,0.0,0.0,0.0,0.0,0.0,0.0,0.0,0.0,0.0,0.0,0.0,0.0,0.0,1.0000000166600742,1.0000000166600742,0.0,0,0,0,0,0,0,0,1.0,1.0,0.2,0.2
8,1400,0,odam,fpn,0.06193383410573006,0.0,global_ddp_mean,2,0.0,1.1772128343582153,1.1772128343582153,0.0,0.0,0.0,0.0,0.0,0.0,0.0,0.0,0.0,0.0,0.0,0.0,0.0,0.9999999908853875,0.9999999908853875,0.00773582676493064,0,0,0,0,0,0,0,1.0,1.0,0.2,0.2
8,1400,0,odam,rpn,0.06193383410573006,0.0,global_ddp_mean,2,0.0,1.308678388595581,1.308678388595581,0.0,0.0,0.0,0.0,0.0,0.0,0.0,0.0,0.0,0.0,0.0,0.0,0.0,1.0000000512841318,1.0000000512841318,0.0,0,0,0,0,0,0,0,1.0,1.0,0.2,0.2
8,1400,0,odam,roi_shared,0.06193383410573006,0.0,global_ddp_mean,2,0.0,2.3466899394989014,2.3466899394989014,0.0,0.0,0.0,0.0,0.0,0.0,0.0,0.0,0.0,0.0,0.0,0.0,0.0,0.9999999214258072,0.9999999214258072,0.02271316193359209,0,0,0,0,0,0,0,1.0,1.0,0.2,0.2
8,1400,0,odam,roi_cls,0.06193383410573006,0.0,global_ddp_mean,2,0.0,1.5519709587097168,1.5519709587097168,0.0,0.0,0.0,0.0,0.0,0.0,0.0,0.0,0.0,0.0,0.0,0.0,0.0,0.9999999273917884,0.9999999273917884,0.021833859065127748,0,0,0,0,0,0,0,1.0,1.0,0.2,0.2
8,1400,0,odam,roi_reg,0.06193383410573006,0.0,global_ddp_mean,2,0.0,1.8526462316513062,1.8526462316513062,0.0,0.0,0.0,0.0,0.0,0.0,0.0,0.0,0.0,0.0,0.0,0.0,0.0,0.9999999666027832,0.9999999666027832,0.014807876005363416,0,0,0,0,0,0,0,1.0,1.0,0.2,0.2
9,0,0,odam,backbone,0.03588244318962097,0.0,global_ddp_mean,2,0.0,3.6460161209106445,3.6460161209106445,0.0,0.0,0.0,0.0,0.0,0.0,0.0,0.0,0.0,0.0,0.0,0.0,0.0,1.0000000443170758,1.0000000443170758,0.0,0,0,0,0,0,0,0,1.0,1.0,0.2,0.2
9,0,0,odam,fpn,0.03588244318962097,0.0,global_ddp_mean,2,0.0,0.36042460799217224,0.36042460799217224,0.0,0.0,0.0,0.0,0.0,0.0,0.0,0.0,0.0,0.0,0.0,0.0,0.0,0.9999999719210458,0.9999999719210458,0.013577758979698791,0,0,0,0,0,0,0,1.0,1.0,0.2,0.2
9,0,0,odam,rpn,0.03588244318962097,0.0,global_ddp_mean,2,0.0,0.7230519652366638,0.7230519652366638,0.0,0.0,0.0,0.0,0.0,0.0,0.0,0.0,0.0,0.0,0.0,0.0,0.0,0.9999999935195903,0.9999999935195903,0.006522872064305171,0,0,0,0,0,0,0,1.0,1.0,0.2,0.2
9,0,0,odam,roi_shared,0.03588244318962097,0.0,global_ddp_mean,2,0.0,0.47147849202156067,0.47147849202156067,0.0,0.0,0.0,0.0,0.0,0.0,0.0,0.0,0.0,0.0,0.0,0.0,0.0,1.0000000349744096,1.0000000349744096,0.0,0,0,0,0,0,0,0,1.0,1.0,0.2,0.2
9,0,0,odam,roi_cls,0.03588244318962097,0.0,global_ddp_mean,2,0.0,0.46881103515625,0.46881103515625,0.0,0.0,0.0,0.0,0.0,0.0,0.0,0.0,0.0,0.0,0.0,0.0,0.0,0.9999999830502042,0.9999999830502042,0.010549208255143818,0,0,0,0,0,0,0,1.0,1.0,0.2,0.2
9,0,0,odam,roi_reg,0.03588244318962097,0.0,global_ddp_mean,2,0.0,0.03130768984556198,0.03130768984556198,0.0,0.0,0.0,0.0,0.0,0.0,0.0,0.0,0.0,0.0,0.0,0.0,0.0,1.0000000488955807,1.0000000488955807,0.0,0,0,0,0,0,0,0,1.0,1.0,0.2,0.2
9,100,0,odam,backbone,0.009596203453838825,0.0,global_ddp_mean,2,0.0,7.130322456359863,7.130322456359863,0.0,0.0,0.0,0.0,0.0,0.0,0.0,0.0,0.0,0.0,0.0,0.0,0.0,0.999999944577681,0.999999944577681,0.019075677827170637,0,0,0,0,0,0,0,1.0,1.0,0.2,0.2
9,100,0,odam,fpn,0.009596203453838825,0.0,global_ddp_mean,2,0.0,1.0610144138336182,1.0610144138336182,0.0,0.0,0.0,0.0,0.0,0.0,0.0,0.0,0.0,0.0,0.0,0.0,0.0,1.0000000250569678,1.0000000250569678,0.0,0,0,0,0,0,0,0,1.0,1.0,0.2,0.2
9,100,0,odam,rpn,0.009596203453838825,0.0,global_ddp_mean,2,0.0,1.106211543083191,1.106211543083191,0.0,0.0,0.0,0.0,0.0,0.0,0.0,0.0,0.0,0.0,0.0,0.0,0.0,1.0000000993742435,1.0000000993742435,0.0,0,0,0,0,0,0,0,1.0,1.0,0.2,0.2
9,100,0,odam,roi_shared,0.009596203453838825,0.0,global_ddp_mean,2,0.0,1.8271020650863647,1.8271020650863647,0.0,0.0,0.0,0.0,0.0,0.0,0.0,0.0,0.0,0.0,0.0,0.0,0.0,0.9999999822682581,0.9999999822682581,0.010789798415402575,0,0,0,0,0,0,0,1.0,1.0,0.2,0.2
9,100,0,odam,roi_cls,0.009596203453838825,0.0,global_ddp_mean,2,0.0,1.6039451360702515,1.6039451360702515,0.0,0.0,0.0,0.0,0.0,0.0,0.0,0.0,0.0,0.0,0.0,0.0,0.0,0.9999999777060808,0.9999999777060808,0.012098480866727428,0,0,0,0,0,0,0,1.0,1.0,0.2,0.2
9,100,0,odam,roi_reg,0.009596203453838825,0.0,global_ddp_mean,2,0.0,0.03641333803534508,0.03641333803534508,0.0,0.0,0.0,0.0,0.0,0.0,0.0,0.0,0.0,0.0,0.0,0.0,0.0,0.999999985183018,0.999999985183018,0.009863192448154279,0,0,0,0,0,0,0,1.0,1.0,0.2,0.2
9,200,0,odam,backbone,0.34749913215637207,-0.0,global_ddp_mean,2,0.0,12.093055725097656,12.093055725097656,0.0,0.0,0.0,0.0,0.0,0.0,0.0,0.0,0.0,0.0,0.0,0.0,0.0,0.9999999477949209,0.9999999477949209,0.018513733649519866,0,0,0,0,0,0,0,1.0,1.0,0.2,0.2
9,200,0,odam,fpn,0.34749913215637207,-0.0,global_ddp_mean,2,0.0,2.215986490249634,2.215986490249634,0.0,0.0,0.0,0.0,0.0,0.0,0.0,0.0,0.0,0.0,0.0,0.0,0.0,0.9999999529366657,0.9999999529366657,0.017578385252266734,0,0,0,0,0,0,0,1.0,1.0,0.2,0.2
9,200,0,odam,rpn,0.34749913215637207,-0.0,global_ddp_mean,2,0.0,4.976335048675537,4.976335048675537,0.0,0.0,0.0,0.0,0.0,0.0,0.0,0.0,0.0,0.0,0.0,0.0,0.0,0.9999999139697225,0.9999999139697225,0.0237663941387868,0,0,0,0,0,0,0,1.0,1.0,0.2,0.2
9,200,0,odam,roi_shared,0.34749913215637207,-0.0,global_ddp_mean,2,0.0,1.8932595252990723,1.8932595252990723,0.0,0.0,0.0,0.0,0.0,0.0,0.0,0.0,0.0,0.0,0.0,0.0,0.0,1.0000000050548394,1.0000000050548394,0.0,0,0,0,0,0,0,0,1.0,1.0,0.2,0.2
9,200,0,odam,roi_cls,0.34749913215637207,-0.0,global_ddp_mean,2,0.0,1.4518465995788574,1.4518465995788574,0.0,0.0,0.0,0.0,0.0,0.0,0.0,0.0,0.0,0.0,0.0,0.0,0.0,0.9999999386626981,0.9999999386626981,0.020067809359389607,0,0,0,0,0,0,0,1.0,1.0,0.2,0.2
9,200,0,odam,roi_reg,0.34749913215637207,-0.0,global_ddp_mean,2,0.0,0.9169840812683105,0.9169840812683105,0.0,0.0,0.0,0.0,0.0,0.0,0.0,0.0,0.0,0.0,0.0,0.0,0.0,0.9999999589412575,0.9999999589412575,0.016418763752534808,0,0,0,0,0,0,0,1.0,1.0,0.2,0.2
9,300,0,odam,backbone,0.9378393292427063,0.07584301382303238,global_ddp_mean,2,0.46353844073637157,27.176345825195312,27.176345825195312,3.608733654022217,3.608733654022217,3.608733654022217,3.608733654022217,0.7217467308044434,3.608733654022217,0.13278951030555933,0.13278951030555933,0.13278951030555933,0.026557902061111863,0.026557902061111863,0.012310610318418827,0.012310610318418827,1.012310765969425,0.9997300751022419,1.3312783594480728,0,0,0,0,0,0,0,1.0,1.0,0.2,0.2
9,300,0,odam,fpn,0.9378393292427063,0.07584301382303238,global_ddp_mean,2,0.14354316110668985,3.634881019592285,3.634881019592285,0.7871879935264587,0.7871879935264587,0.7871879935264587,0.7871879935264587,0.15743759870529175,0.7871879935264587,0.2165649960159509,0.2165649960159509,0.2165649960159509,0.04331299920319018,0.04331299920319018,0.006217284258727559,0.006217284258727559,1.0062171470666497,0.9990937739591152,2.4394319182595927,0,0,0,0,0,0,0,1.0,1.0,0.2,0.2
9,300,0,odam,rpn,0.9378393292427063,0.07584301382303238,global_ddp_mean,2,0.0,3.7025980949401855,3.7025980949401855,0.0,0.0,0.0,0.0,0.0,0.0,0.0,0.0,0.0,0.0,0.0,0.0,0.0,0.9999999764879309,0.9999999764879309,0.012424618299622315,0,0,0,0,0,0,0,1.0,1.0,0.2,0.2
9,300,0,odam,roi_shared,0.9378393292427063,0.07584301382303238,global_ddp_mean,2,0.03744026449928874,7.389780044555664,7.389780044555664,0.6260256171226501,0.6260256171226501,0.6260256171226501,0.6260256171226501,0.12520512342453002,0.6260256171226501,0.08471505421651451,0.08471505421651451,0.08471505421651451,0.0169430108433029,0.0169430108433029,0.0006343508346746595,0.0006343508346746595,1.0006344825187594,0.9998569840361262,0.9690251860855467,0,0,0,0,0,0,0,1.0,1.0,0.2,0.2
9,300,0,odam,roi_cls,0.9378393292427063,0.07584301382303238,global_ddp_mean,2,0.0,6.211703300476074,6.211703300476074,0.0,0.0,0.0,0.0,0.0,0.0,0.0,0.0,0.0,0.0,0.0,0.0,0.0,1.0000000153100277,1.0000000153100277,0.0,0,0,0,0,0,0,0,1.0,1.0,0.2,0.2
9,300,0,odam,roi_reg,0.9378393292427063,0.07584301382303238,global_ddp_mean,2,-0.187365938167653,2.6606955528259277,2.6606955528259277,1.7431840896606445,1.7431840896606445,1.7431840896606445,1.7431840896606445,0.3486368179321289,1.7431840896606445,0.6551610490757602,0.6551610490757602,0.6551610490757602,0.13103220981515204,0.13103220981515204,-0.0245509741851317,-0.0245509741851317,0.9754490905014558,0.9914065397620184,7.5168029406341725,1,0,0,1,1,0,0,1.0,1.0,0.2,0.2
9,400,0,odam,backbone,0.15280500054359436,0.003316155169159174,global_ddp_mean,2,0.009797604905851817,13.722516059875488,13.722516059875488,0.4236704707145691,0.4236704707145691,0.4236704707145691,0.4236704707145691,0.08473409414291383,0.4236704707145691,0.030874110029528598,0.030874110029528598,0.030874110029528598,0.00617482200590572,0.00617482200590572,6.049844362734876e-05,6.049844362734876e-05,1.0000604616763744,0.9999810280609545,0.3529345517352082,0,0,0,0,0,0,0,1.0,1.0,0.2,0.2
9,400,0,odam,fpn,0.15280500054359436,0.003316155169159174,global_ddp_mean,2,-0.015704290196751458,2.303541421890259,2.303541421890259,0.12079917639493942,0.12079917639493942,0.12079917639493942,0.12079917639493942,0.024159835278987886,0.12079917639493942,0.05244063564344897,0.05244063564344897,0.05244063564344897,0.010488127128689795,0.010488127128689795,-0.0001647085744981151,-0.0001647085744981151,0.9998350915422803,0.999944899932003,0.6014723838061249,1,0,0,1,1,0,0,1.0,1.0,0.2,0.2
9,400,0,odam,rpn,0.15280500054359436,0.003316155169159174,global_ddp_mean,2,0.0,3.222559690475464,3.222559690475464,0.0,0.0,0.0,0.0,0.0,0.0,0.0,0.0,0.0,0.0,0.0,0.0,0.0,0.9999999612569963,0.9999999612569963,0.01594903002485149,0,0,0,0,0,0,0,1.0,1.0,0.2,0.2
9,400,0,odam,roi_shared,0.15280500054359436,0.003316155169159174,global_ddp_mean,2,-0.05305509316602651,4.447903156280518,4.447903156280518,0.004109483677893877,0.004109483677893877,0.004109483677893877,0.004109483677893877,0.0008218967355787754,0.004109483677893877,0.0009239148276174165,0.0009239148276174165,0.0009239148276174165,0.0001847829655234833,0.0001847829655234833,-9.803677745561247e-06,-9.803677745561247e-06,0.9999901459780188,0.9999999016259282,0.025414288611035687,1,0,0,1,1,0,0,1.0,1.0,0.2,0.2
9,400,0,odam,roi_cls,0.15280500054359436,0.003316155169159174,global_ddp_mean,2,0.0,3.3207786083221436,3.3207786083221436,0.0,0.0,0.0,0.0,0.0,0.0,0.0,0.0,0.0,0.0,0.0,0.0,0.0,1.0000000144181669,1.0000000144181669,0.0,0,0,0,0,0,0,0,1.0,1.0,0.2,0.2
9,400,0,odam,roi_reg,0.15280500054359436,0.003316155169159174,global_ddp_mean,2,-0.4620141299288206,2.642719030380249,2.642719030380249,0.004260364919900894,0.004260364919900894,0.004260364919900894,0.004260364919900894,0.0008520729839801789,0.004260364919900894,0.0016121142168064265,0.0016121142168064265,0.0016121142168064265,0.0003224228433612853,0.0003224228433612853,-0.00014896390944474066,-0.00014896390944474066,0.9998511033239624,0.9999999616157048,0.01587502496287577,1,0,0,1,1,0,0,1.0,1.0,0.2,0.2
9,500,0,odam,backbone,0.03451920673251152,-0.0,global_ddp_mean,2,0.0,9.96263313293457,9.96263313293457,0.0,0.0,0.0,0.0,0.0,0.0,0.0,0.0,0.0,0.0,0.0,0.0,0.0,0.9999999989566667,0.9999999989566667,0.0026172738532172324,0,0,0,0,0,0,0,1.0,1.0,0.2,0.2
9,500,0,odam,fpn,0.03451920673251152,-0.0,global_ddp_mean,2,0.0,2.3998682498931885,2.3998682498931885,0.0,0.0,0.0,0.0,0.0,0.0,0.0,0.0,0.0,0.0,0.0,0.0,0.0,1.000000056597301,1.000000056597301,0.0,0,0,0,0,0,0,0,1.0,1.0,0.2,0.2
9,500,0,odam,rpn,0.03451920673251152,-0.0,global_ddp_mean,2,0.0,3.20931077003479,3.20931077003479,0.0,0.0,0.0,0.0,0.0,0.0,0.0,0.0,0.0,0.0,0.0,0.0,0.0,0.9999999387487187,0.9999999387487187,0.02005373267746569,0,0,0,0,0,0,0,1.0,1.0,0.2,0.2
9,500,0,odam,roi_shared,0.03451920673251152,-0.0,global_ddp_mean,2,0.0,4.832838535308838,4.832838535308838,0.0,0.0,0.0,0.0,0.0,0.0,0.0,0.0,0.0,0.0,0.0,0.0,0.0,1.0000000280809258,1.0000000280809258,0.0,0,0,0,0,0,0,0,1.0,1.0,0.2,0.2
9,500,0,odam,roi_cls,0.03451920673251152,-0.0,global_ddp_mean,2,0.0,3.7614002227783203,3.7614002227783203,0.0,0.0,0.0,0.0,0.0,0.0,0.0,0.0,0.0,0.0,0.0,0.0,0.0,0.9999999812432927,0.9999999812432927,0.011097264349122726,0,0,0,0,0,0,0,1.0,1.0,0.2,0.2
9,500,0,odam,roi_reg,0.03451920673251152,-0.0,global_ddp_mean,2,0.0,2.0562117099761963,2.0562117099761963,0.0,0.0,0.0,0.0,0.0,0.0,0.0,0.0,0.0,0.0,0.0,0.0,0.0,1.0000000575942725,1.0000000575942725,0.0,0,0,0,0,0,0,0,1.0,1.0,0.2,0.2
9,600,0,odam,backbone,0.04157911613583565,-0.0,global_ddp_mean,2,0.0,15.9288330078125,15.9288330078125,0.0,0.0,0.0,0.0,0.0,0.0,0.0,0.0,0.0,0.0,0.0,0.0,0.0,1.0000000046395865,1.0000000046395865,0.0,0,0,0,0,0,0,0,1.0,1.0,0.2,0.2
9,600,0,odam,fpn,0.04157911613583565,-0.0,global_ddp_mean,2,0.0,1.777614951133728,1.777614951133728,0.0,0.0,0.0,0.0,0.0,0.0,0.0,0.0,0.0,0.0,0.0,0.0,0.0,1.000000017691547,1.000000017691547,0.0,0,0,0,0,0,0,0,1.0,1.0,0.2,0.2
9,600,0,odam,rpn,0.04157911613583565,-0.0,global_ddp_mean,2,0.0,3.0930676460266113,3.0930676460266113,0.0,0.0,0.0,0.0,0.0,0.0,0.0,0.0,0.0,0.0,0.0,0.0,0.0,1.0000000665908322,1.0000000665908322,0.0,0,0,0,0,0,0,0,1.0,1.0,0.2,0.2
9,600,0,odam,roi_shared,0.04157911613583565,-0.0,global_ddp_mean,2,0.0,3.471729040145874,3.471729040145874,0.0,0.0,0.0,0.0,0.0,0.0,0.0,0.0,0.0,0.0,0.0,0.0,0.0,0.9999999745694033,0.9999999745694033,0.012921588510317824,0,0,0,0,0,0,0,1.0,1.0,0.2,0.2
9,600,0,odam,roi_cls,0.04157911613583565,-0.0,global_ddp_mean,2,0.0,3.6713404655456543,3.6713404655456543,0.0,0.0,0.0,0.0,0.0,0.0,0.0,0.0,0.0,0.0,0.0,0.0,0.0,1.000000061716448,1.000000061716448,0.0,0,0,0,0,0,0,0,1.0,1.0,0.2,0.2
9,600,0,odam,roi_reg,0.04157911613583565,-0.0,global_ddp_mean,2,0.0,3.219740390777588,3.219740390777588,0.0,0.0,0.0,0.0,0.0,0.0,0.0,0.0,0.0,0.0,0.0,0.0,0.0,1.000000057747168,1.000000057747168,0.0,0,0,0,0,0,0,0,1.0,1.0,0.2,0.2
9,700,0,odam,backbone,1.5546760559082031,0.0,global_ddp_mean,2,0.0,35.11905288696289,35.11905288696289,0.0,0.0,0.0,0.0,0.0,0.0,0.0,0.0,0.0,0.0,0.0,0.0,0.0,0.9999999210628356,0.9999999210628356,0.02276556293281916,0,0,0,0,0,0,0,1.0,1.0,0.2,0.2
9,700,0,odam,fpn,1.5546760559082031,0.0,global_ddp_mean,2,0.0,10.487199783325195,10.487199783325195,0.0,0.0,0.0,0.0,0.0,0.0,0.0,0.0,0.0,0.0,0.0,0.0,0.0,1.0000000884075149,1.0000000884075149,0.0,0,0,0,0,0,0,0,1.0,1.0,0.2,0.2
9,700,0,odam,rpn,1.5546760559082031,0.0,global_ddp_mean,2,0.0,3.040879249572754,3.040879249572754,0.0,0.0,0.0,0.0,0.0,0.0,0.0,0.0,0.0,0.0,0.0,0.0,0.0,0.9999999701908858,0.9999999701908858,0.013989821285121141,0,0,0,0,0,0,0,1.0,1.0,0.2,0.2
9,700,0,odam,roi_shared,1.5546760559082031,0.0,global_ddp_mean,2,0.0,23.315326690673828,23.315326690673828,0.0,0.0,0.0,0.0,0.0,0.0,0.0,0.0,0.0,0.0,0.0,0.0,0.0,1.0000000616158533,1.0000000616158533,0.0,0,0,0,0,0,0,0,1.0,1.0,0.2,0.2
9,700,0,odam,roi_cls,1.5546760559082031,0.0,global_ddp_mean,2,0.0,19.537212371826172,19.537212371826172,0.0,0.0,0.0,0.0,0.0,0.0,0.0,0.0,0.0,0.0,0.0,0.0,0.0,1.0000000798843478,1.0000000798843478,0.0,0,0,0,0,0,0,0,1.0,1.0,0.2,0.2
9,700,0,odam,roi_reg,1.5546760559082031,0.0,global_ddp_mean,2,0.0,9.523378372192383,9.523378372192383,0.0,0.0,0.0,0.0,0.0,0.0,0.0,0.0,0.0,0.0,0.0,0.0,0.0,1.0000000515517078,1.0000000515517078,0.0,0,0,0,0,0,0,0,1.0,1.0,0.2,0.2
9,800,0,odam,backbone,0.11107499152421951,0.0,global_ddp_mean,2,0.0,21.99201202392578,21.99201202392578,0.0,0.0,0.0,0.0,0.0,0.0,0.0,0.0,0.0,0.0,0.0,0.0,0.0,0.999999931168654,0.999999931168654,0.02125840926208909,0,0,0,0,0,0,0,1.0,1.0,0.2,0.2
9,800,0,odam,fpn,0.11107499152421951,0.0,global_ddp_mean,2,0.0,6.547782897949219,6.547782897949219,0.0,0.0,0.0,0.0,0.0,0.0,0.0,0.0,0.0,0.0,0.0,0.0,0.0,1.000000041944962,1.000000041944962,0.0,0,0,0,0,0,0,0,1.0,1.0,0.2,0.2
9,800,0,odam,rpn,0.11107499152421951,0.0,global_ddp_mean,2,0.0,3.6587984561920166,3.6587984561920166,0.0,0.0,0.0,0.0,0.0,0.0,0.0,0.0,0.0,0.0,0.0,0.0,0.0,1.0000000257719446,1.0000000257719446,0.0,0,0,0,0,0,0,0,1.0,1.0,0.2,0.2
9,800,0,odam,roi_shared,0.11107499152421951,0.0,global_ddp_mean,2,0.0,14.092645645141602,14.092645645141602,0.0,0.0,0.0,0.0,0.0,0.0,0.0,0.0,0.0,0.0,0.0,0.0,0.0,0.9999999992612584,0.9999999992612584,0.0022023377092130147,0,0,0,0,0,0,0,1.0,1.0,0.2,0.2
9,800,0,odam,roi_cls,0.11107499152421951,0.0,global_ddp_mean,2,0.0,10.937227249145508,10.937227249145508,0.0,0.0,0.0,0.0,0.0,0.0,0.0,0.0,0.0,0.0,0.0,0.0,0.0,1.0000000651498793,1.0000000651498793,0.0,0,0,0,0,0,0,0,1.0,1.0,0.2,0.2
9,800,0,odam,roi_reg,0.11107499152421951,0.0,global_ddp_mean,2,0.0,5.256618976593018,5.256618976593018,0.0,0.0,0.0,0.0,0.0,0.0,0.0,0.0,0.0,0.0,0.0,0.0,0.0,1.000000027990082,1.000000027990082,0.0,0,0,0,0,0,0,0,1.0,1.0,0.2,0.2
9,900,0,odam,backbone,0.09856963157653809,0.0,global_ddp_mean,2,0.0,7.35771369934082,7.35771369934082,0.0,0.0,0.0,0.0,0.0,0.0,0.0,0.0,0.0,0.0,0.0,0.0,0.0,0.9999999501197413,0.9999999501197413,0.018096808081311817,0,0,0,0,0,0,0,1.0,1.0,0.2,0.2
9,900,0,odam,fpn,0.09856963157653809,0.0,global_ddp_mean,2,0.0,1.3855257034301758,1.3855257034301758,0.0,0.0,0.0,0.0,0.0,0.0,0.0,0.0,0.0,0.0,0.0,0.0,0.0,0.9999999765572009,0.9999999765572009,0.012406302446769268,0,0,0,0,0,0,0,1.0,1.0,0.2,0.2
9,900,0,odam,rpn,0.09856963157653809,0.0,global_ddp_mean,2,0.0,4.266417980194092,4.266417980194092,0.0,0.0,0.0,0.0,0.0,0.0,0.0,0.0,0.0,0.0,0.0,0.0,0.0,0.9999999793708825,0.9999999793708825,0.011637989365873137,0,0,0,0,0,0,0,1.0,1.0,0.2,0.2
9,900,0,odam,roi_shared,0.09856963157653809,0.0,global_ddp_mean,2,0.0,2.0643625259399414,2.0643625259399414,0.0,0.0,0.0,0.0,0.0,0.0,0.0,0.0,0.0,0.0,0.0,0.0,0.0,1.0000000531456472,1.0000000531456472,0.0,0,0,0,0,0,0,0,1.0,1.0,0.2,0.2
9,900,0,odam,roi_cls,0.09856963157653809,0.0,global_ddp_mean,2,0.0,1.1993941068649292,1.1993941068649292,0.0,0.0,0.0,0.0,0.0,0.0,0.0,0.0,0.0,0.0,0.0,0.0,0.0,1.0000000530758517,1.0000000530758517,0.0,0,0,0,0,0,0,0,1.0,1.0,0.2,0.2
9,900,0,odam,roi_reg,0.09856963157653809,0.0,global_ddp_mean,2,0.0,1.9235771894454956,1.9235771894454956,0.0,0.0,0.0,0.0,0.0,0.0,0.0,0.0,0.0,0.0,0.0,0.0,0.0,1.0000000253933548,1.0000000253933548,0.0,0,0,0,0,0,0,0,1.0,1.0,0.2,0.2
9,1000,0,odam,backbone,0.09492498636245728,0.0,global_ddp_mean,2,0.0,7.750541687011719,7.750541687011719,0.0,0.0,0.0,0.0,0.0,0.0,0.0,0.0,0.0,0.0,0.0,0.0,0.0,1.00000005861861,1.00000005861861,0.0,0,0,0,0,0,0,0,1.0,1.0,0.2,0.2
9,1000,0,odam,fpn,0.09492498636245728,0.0,global_ddp_mean,2,0.0,1.7705706357955933,1.7705706357955933,0.0,0.0,0.0,0.0,0.0,0.0,0.0,0.0,0.0,0.0,0.0,0.0,0.0,0.9999999943590994,0.9999999943590994,0.00608571843636592,0,0,0,0,0,0,0,1.0,1.0,0.2,0.2
9,1000,0,odam,rpn,0.09492498636245728,0.0,global_ddp_mean,2,0.0,1.1330658197402954,1.1330658197402954,0.0,0.0,0.0,0.0,0.0,0.0,0.0,0.0,0.0,0.0,0.0,0.0,0.0,1.0000000007958085,1.0000000007958085,0.0,0,0,0,0,0,0,0,1.0,1.0,0.2,0.2
9,1000,0,odam,roi_shared,0.09492498636245728,0.0,global_ddp_mean,2,0.0,3.531048059463501,3.531048059463501,0.0,0.0,0.0,0.0,0.0,0.0,0.0,0.0,0.0,0.0,0.0,0.0,0.0,0.9999999572902254,0.9999999572902254,0.01674562153410305,0,0,0,0,0,0,0,1.0,1.0,0.2,0.2
9,1000,0,odam,roi_cls,0.09492498636245728,0.0,global_ddp_mean,2,0.0,3.299225330352783,3.299225330352783,0.0,0.0,0.0,0.0,0.0,0.0,0.0,0.0,0.0,0.0,0.0,0.0,0.0,0.9999999921791631,0.9999999921791631,0.0071657927632465335,0,0,0,0,0,0,0,1.0,1.0,0.2,0.2
9,1000,0,odam,roi_reg,0.09492498636245728,0.0,global_ddp_mean,2,0.0,0.06247100606560707,0.06247100606560707,0.0,0.0,0.0,0.0,0.0,0.0,0.0,0.0,0.0,0.0,0.0,0.0,0.0,1.0000000232341837,1.0000000232341837,0.0,0,0,0,0,0,0,0,1.0,1.0,0.2,0.2
9,1100,0,odam,backbone,0.007024215534329414,0.0,global_ddp_mean,2,0.0,5.882480144500732,5.882480144500732,0.0,0.0,0.0,0.0,0.0,0.0,0.0,0.0,0.0,0.0,0.0,0.0,0.0,1.0000000056356502,1.0000000056356502,0.0,0,0,0,0,0,0,0,1.0,1.0,0.2,0.2
9,1100,0,odam,fpn,0.007024215534329414,0.0,global_ddp_mean,2,0.0,1.2825911045074463,1.2825911045074463,0.0,0.0,0.0,0.0,0.0,0.0,0.0,0.0,0.0,0.0,0.0,0.0,0.0,1.000000057072275,1.000000057072275,0.0,0,0,0,0,0,0,0,1.0,1.0,0.2,0.2
9,1100,0,odam,rpn,0.007024215534329414,0.0,global_ddp_mean,2,0.0,0.8771262764930725,0.8771262764930725,0.0,0.0,0.0,0.0,0.0,0.0,0.0,0.0,0.0,0.0,0.0,0.0,0.0,0.9999999534643762,0.9999999534643762,0.017479556201088764,0,0,0,0,0,0,0,1.0,1.0,0.2,0.2
9,1100,0,odam,roi_shared,0.007024215534329414,0.0,global_ddp_mean,2,0.0,3.166996479034424,3.166996479034424,0.0,0.0,0.0,0.0,0.0,0.0,0.0,0.0,0.0,0.0,0.0,0.0,0.0,0.9999999521778746,0.9999999521778746,0.01771952471651495,0,0,0,0,0,0,0,1.0,1.0,0.2,0.2
9,1100,0,odam,roi_cls,0.007024215534329414,0.0,global_ddp_mean,2,0.0,3.116823196411133,3.116823196411133,0.0,0.0,0.0,0.0,0.0,0.0,0.0,0.0,0.0,0.0,0.0,0.0,0.0,1.000000038490816,1.000000038490816,0.0,0,0,0,0,0,0,0,1.0,1.0,0.2,0.2
9,1100,0,odam,roi_reg,0.007024215534329414,0.0,global_ddp_mean,2,0.0,1.7620326280593872,1.7620326280593872,0.0,0.0,0.0,0.0,0.0,0.0,0.0,0.0,0.0,0.0,0.0,0.0,0.0,0.9999999985648302,0.9999999985648302,0.003069652881112389,0,0,0,0,0,0,0,1.0,1.0,0.2,0.2
9,1200,0,odam,backbone,0.5889074206352234,-0.0,global_ddp_mean,2,0.0,12.612313270568848,12.612313270568848,0.0,0.0,0.0,0.0,0.0,0.0,0.0,0.0,0.0,0.0,0.0,0.0,0.0,1.0000000238519133,1.0000000238519133,0.0,0,0,0,0,0,0,0,1.0,1.0,0.2,0.2
9,1200,0,odam,fpn,0.5889074206352234,-0.0,global_ddp_mean,2,0.0,3.2006609439849854,3.2006609439849854,0.0,0.0,0.0,0.0,0.0,0.0,0.0,0.0,0.0,0.0,0.0,0.0,0.0,1.0000000727930909,1.0000000727930909,0.0,0,0,0,0,0,0,0,1.0,1.0,0.2,0.2
9,1200,0,odam,rpn,0.5889074206352234,-0.0,global_ddp_mean,2,0.0,3.1614744663238525,3.1614744663238525,0.0,0.0,0.0,0.0,0.0,0.0,0.0,0.0,0.0,0.0,0.0,0.0,0.0,0.9999999929337241,0.9999999929337241,0.00681134574300635,0,0,0,0,0,0,0,1.0,1.0,0.2,0.2
9,1200,0,odam,roi_shared,0.5889074206352234,-0.0,global_ddp_mean,2,0.0,6.023303031921387,6.023303031921387,0.0,0.0,0.0,0.0,0.0,0.0,0.0,0.0,0.0,0.0,0.0,0.0,0.0,0.9999999629471235,0.9999999629471235,0.01559727022004292,0,0,0,0,0,0,0,1.0,1.0,0.2,0.2
9,1200,0,odam,roi_cls,0.5889074206352234,-0.0,global_ddp_mean,2,0.0,4.393822193145752,4.393822193145752,0.0,0.0,0.0,0.0,0.0,0.0,0.0,0.0,0.0,0.0,0.0,0.0,0.0,1.0000001057519001,1.0000001057519001,0.0,0,0,0,0,0,0,0,1.0,1.0,0.2,0.2
9,1200,0,odam,roi_reg,0.5889074206352234,-0.0,global_ddp_mean,2,0.0,1.6261272430419922,1.6261272430419922,0.0,0.0,0.0,0.0,0.0,0.0,0.0,0.0,0.0,0.0,0.0,0.0,0.0,1.0000000604451895,1.0000000604451895,0.0,0,0,0,0,0,0,0,1.0,1.0,0.2,0.2
9,1300,0,odam,backbone,0.5556279420852661,0.0,global_ddp_mean,2,0.0,11.33665657043457,11.33665657043457,0.0,0.0,0.0,0.0,0.0,0.0,0.0,0.0,0.0,0.0,0.0,0.0,0.0,0.9999999470482116,0.9999999470482116,0.018645668061676793,0,0,0,0,0,0,0,1.0,1.0,0.2,0.2
9,1300,0,odam,fpn,0.5556279420852661,0.0,global_ddp_mean,2,0.0,2.7442033290863037,2.7442033290863037,0.0,0.0,0.0,0.0,0.0,0.0,0.0,0.0,0.0,0.0,0.0,0.0,0.0,0.9999999545853532,0.9999999545853532,0.017267744038861572,0,0,0,0,0,0,0,1.0,1.0,0.2,0.2
9,1300,0,odam,rpn,0.5556279420852661,0.0,global_ddp_mean,2,0.0,2.799550771713257,2.799550771713257,0.0,0.0,0.0,0.0,0.0,0.0,0.0,0.0,0.0,0.0,0.0,0.0,0.0,1.0000000399590043,1.0000000399590043,0.0,0,0,0,0,0,0,0,1.0,1.0,0.2,0.2
9,1300,0,odam,roi_shared,0.5556279420852661,0.0,global_ddp_mean,2,0.0,5.590000629425049,5.590000629425049,0.0,0.0,0.0,0.0,0.0,0.0,0.0,0.0,0.0,0.0,0.0,0.0,0.0,1.0000000279435746,1.0000000279435746,0.0,0,0,0,0,0,0,0,1.0,1.0,0.2,0.2
9,1300,0,odam,roi_cls,0.5556279420852661,0.0,global_ddp_mean,2,0.0,4.09176778793335,4.09176778793335,0.0,0.0,0.0,0.0,0.0,0.0,0.0,0.0,0.0,0.0,0.0,0.0,0.0,1.000000091064926,1.000000091064926,0.0,0,0,0,0,0,0,0,1.0,1.0,0.2,0.2
9,1300,0,odam,roi_reg,0.5556279420852661,0.0,global_ddp_mean,2,0.0,3.9582152366638184,3.9582152366638184,0.0,0.0,0.0,0.0,0.0,0.0,0.0,0.0,0.0,0.0,0.0,0.0,0.0,0.9999999526121232,0.9999999526121232,0.017638890228596993,0,0,0,0,0,0,0,1.0,1.0,0.2,0.2
9,1400,0,odam,backbone,0.13531340658664703,0.0,global_ddp_mean,2,0.0,4.474595069885254,4.474595069885254,0.0,0.0,0.0,0.0,0.0,0.0,0.0,0.0,0.0,0.0,0.0,0.0,0.0,0.9999999160767918,0.9999999160767918,0.02347354444972617,0,0,0,0,0,0,0,1.0,1.0,0.2,0.2
9,1400,0,odam,fpn,0.13531340658664703,0.0,global_ddp_mean,2,0.0,0.9250086545944214,0.9250086545944214,0.0,0.0,0.0,0.0,0.0,0.0,0.0,0.0,0.0,0.0,0.0,0.0,0.0,0.9999999957328124,0.9999999957328124,0.0052930804963960115,0,0,0,0,0,0,0,1.0,1.0,0.2,0.2
9,1400,0,odam,rpn,0.13531340658664703,0.0,global_ddp_mean,2,0.0,2.1318836212158203,2.1318836212158203,0.0,0.0,0.0,0.0,0.0,0.0,0.0,0.0,0.0,0.0,0.0,0.0,0.0,0.9999999609757537,0.9999999609757537,0.01600681381924408,0,0,0,0,0,0,0,1.0,1.0,0.2,0.2
9,1400,0,odam,roi_shared,0.13531340658664703,0.0,global_ddp_mean,2,0.0,1.3790837526321411,1.3790837526321411,0.0,0.0,0.0,0.0,0.0,0.0,0.0,0.0,0.0,0.0,0.0,0.0,0.0,0.9999999594389156,0.9999999594389156,0.01631895745852221,0,0,0,0,0,0,0,1.0,1.0,0.2,0.2
9,1400,0,odam,roi_cls,0.13531340658664703,0.0,global_ddp_mean,2,0.0,0.9945328831672668,0.9945328831672668,0.0,0.0,0.0,0.0,0.0,0.0,0.0,0.0,0.0,0.0,0.0,0.0,0.0,1.0000000325198217,1.0000000325198217,0.0,0,0,0,0,0,0,0,1.0,1.0,0.2,0.2
9,1400,0,odam,roi_reg,0.13531340658664703,0.0,global_ddp_mean,2,0.0,0.4130098223686218,0.4130098223686218,0.0,0.0,0.0,0.0,0.0,0.0,0.0,0.0,0.0,0.0,0.0,0.0,0.0,0.9999999735430821,0.9999999735430821,0.013179752531591492,0,0,0,0,0,0,0,1.0,1.0,0.2,0.2
10,0,0,odam,backbone,0.1593438684940338,-0.0,global_ddp_mean,2,0.0,14.7925443649292,14.7925443649292,0.0,0.0,0.0,0.0,0.0,0.0,0.0,0.0,0.0,0.0,0.0,0.0,0.0,1.0000000590691247,1.0000000590691247,0.0,0,0,0,0,0,0,0,1.0,1.0,0.2,0.2
10,0,0,odam,fpn,0.1593438684940338,-0.0,global_ddp_mean,2,0.0,2.4095730781555176,2.4095730781555176,0.0,0.0,0.0,0.0,0.0,0.0,0.0,0.0,0.0,0.0,0.0,0.0,0.0,1.0000000434429752,1.0000000434429752,0.0,0,0,0,0,0,0,0,1.0,1.0,0.2,0.2
10,0,0,odam,rpn,0.1593438684940338,-0.0,global_ddp_mean,2,0.0,4.980942726135254,4.980942726135254,0.0,0.0,0.0,0.0,0.0,0.0,0.0,0.0,0.0,0.0,0.0,0.0,0.0,0.9999999684218646,0.9999999684218646,0.014398951634691173,0,0,0,0,0,0,0,1.0,1.0,0.2,0.2
10,0,0,odam,roi_shared,0.1593438684940338,-0.0,global_ddp_mean,2,0.0,3.0566234588623047,3.0566234588623047,0.0,0.0,0.0,0.0,0.0,0.0,0.0,0.0,0.0,0.0,0.0,0.0,0.0,1.0000000039557355,1.0000000039557355,0.0,0,0,0,0,0,0,0,1.0,1.0,0.2,0.2
10,0,0,odam,roi_cls,0.1593438684940338,-0.0,global_ddp_mean,2,0.0,2.909647226333618,2.909647226333618,0.0,0.0,0.0,0.0,0.0,0.0,0.0,0.0,0.0,0.0,0.0,0.0,0.0,1.0000000360589054,1.0000000360589054,0.0,0,0,0,0,0,0,0,1.0,1.0,0.2,0.2
10,0,0,odam,roi_reg,0.1593438684940338,-0.0,global_ddp_mean,2,0.0,2.040667772293091,2.040667772293091,0.0,0.0,0.0,0.0,0.0,0.0,0.0,0.0,0.0,0.0,0.0,0.0,0.0,0.9999999528282167,0.9999999528282167,0.017598626698463096,0,0,0,0,0,0,0,1.0,1.0,0.2,0.2
10,100,0,odam,backbone,0.06958013772964478,-0.0,global_ddp_mean,2,0.0,7.954105377197266,7.954105377197266,0.0,0.0,0.0,0.0,0.0,0.0,0.0,0.0,0.0,0.0,0.0,0.0,0.0,0.9999999904609983,0.9999999904609983,0.00791387331237327,0,0,0,0,0,0,0,1.0,1.0,0.2,0.2
10,100,0,odam,fpn,0.06958013772964478,-0.0,global_ddp_mean,2,0.0,1.4007235765457153,1.4007235765457153,0.0,0.0,0.0,0.0,0.0,0.0,0.0,0.0,0.0,0.0,0.0,0.0,0.0,0.99999996889391,0.99999996889391,0.01429092512241271,0,0,0,0,0,0,0,1.0,1.0,0.2,0.2
10,100,0,odam,rpn,0.06958013772964478,-0.0,global_ddp_mean,2,0.0,1.3870121240615845,1.3870121240615845,0.0,0.0,0.0,0.0,0.0,0.0,0.0,0.0,0.0,0.0,0.0,0.0,0.0,0.999999990601015,0.999999990601015,0.007855577356752293,0,0,0,0,0,0,0,1.0,1.0,0.2,0.2
10,100,0,odam,roi_shared,0.06958013772964478,-0.0,global_ddp_mean,2,0.0,2.8390283584594727,2.8390283584594727,0.0,0.0,0.0,0.0,0.0,0.0,0.0,0.0,0.0,0.0,0.0,0.0,0.0,0.9999999332260524,0.9999999332260524,0.020938287495147714,0,0,0,0,0,0,0,1.0,1.0,0.2,0.2
10,100,0,odam,roi_cls,0.06958013772964478,-0.0,global_ddp_mean,2,0.0,2.4744937419891357,2.4744937419891357,0.0,0.0,0.0,0.0,0.0,0.0,0.0,0.0,0.0,0.0,0.0,0.0,0.0,1.0000000901406267,1.0000000901406267,0.0,0,0,0,0,0,0,0,1.0,1.0,0.2,0.2
10,100,0,odam,roi_reg,0.06958013772964478,-0.0,global_ddp_mean,2,0.0,0.4979492723941803,0.4979492723941803,0.0,0.0,0.0,0.0,0.0,0.0,0.0,0.0,0.0,0.0,0.0,0.0,0.0,1.000000046560769,1.000000046560769,0.0,0,0,0,0,0,0,0,1.0,1.0,0.2,0.2
10,200,0,odam,backbone,0.1268962025642395,-0.0,global_ddp_mean,2,0.0,4.05277156829834,4.05277156829834,0.0,0.0,0.0,0.0,0.0,0.0,0.0,0.0,0.0,0.0,0.0,0.0,0.0,0.999999993338384,0.999999993338384,0.006613440171421445,0,0,0,0,0,0,0,1.0,1.0,0.2,0.2
10,200,0,odam,fpn,0.1268962025642395,-0.0,global_ddp_mean,2,0.0,0.7750231623649597,0.7750231623649597,0.0,0.0,0.0,0.0,0.0,0.0,0.0,0.0,0.0,0.0,0.0,0.0,0.0,1.0000000298686742,1.0000000298686742,0.0,0,0,0,0,0,0,0,1.0,1.0,0.2,0.2
10,200,0,odam,rpn,0.1268962025642395,-0.0,global_ddp_mean,2,0.0,1.4572445154190063,1.4572445154190063,0.0,0.0,0.0,0.0,0.0,0.0,0.0,0.0,0.0,0.0,0.0,0.0,0.0,1.0000000202459425,1.0000000202459425,0.0,0,0,0,0,0,0,0,1.0,1.0,0.2,0.2
10,200,0,odam,roi_shared,0.1268962025642395,-0.0,global_ddp_mean,2,0.0,1.2284996509552002,1.2284996509552002,0.0,0.0,0.0,0.0,0.0,0.0,0.0,0.0,0.0,0.0,0.0,0.0,0.0,0.9999999399729818,0.9999999399729818,0.01985230861326532,0,0,0,0,0,0,0,1.0,1.0,0.2,0.2
10,200,0,odam,roi_cls,0.1268962025642395,-0.0,global_ddp_mean,2,0.0,0.9981959462165833,0.9981959462165833,0.0,0.0,0.0,0.0,0.0,0.0,0.0,0.0,0.0,0.0,0.0,0.0,0.0,0.9999999639106677,0.9999999639106677,0.01539313418092306,0,0,0,0,0,0,0,1.0,1.0,0.2,0.2
10,200,0,odam,roi_reg,0.1268962025642395,-0.0,global_ddp_mean,2,0.0,0.06822642683982849,0.06822642683982849,0.0,0.0,0.0,0.0,0.0,0.0,0.0,0.0,0.0,0.0,0.0,0.0,0.0,1.000000079306951,1.000000079306951,0.0,0,0,0,0,0,0,0,1.0,1.0,0.2,0.2
10,300,0,odam,backbone,0.05530986934900284,0.0,global_ddp_mean,2,0.0,12.270829200744629,12.270829200744629,0.0,0.0,0.0,0.0,0.0,0.0,0.0,0.0,0.0,0.0,0.0,0.0,0.0,0.999999952937543,0.999999952937543,0.01757822141391418,0,0,0,0,0,0,0,1.0,1.0,0.2,0.2
10,300,0,odam,fpn,0.05530986934900284,0.0,global_ddp_mean,2,0.0,2.1171250343322754,2.1171250343322754,0.0,0.0,0.0,0.0,0.0,0.0,0.0,0.0,0.0,0.0,0.0,0.0,0.0,0.9999999675466527,0.9999999675466527,0.014597126793472952,0,0,0,0,0,0,0,1.0,1.0,0.2,0.2
10,300,0,odam,rpn,0.05530986934900284,0.0,global_ddp_mean,2,0.0,1.6895300149917603,1.6895300149917603,0.0,0.0,0.0,0.0,0.0,0.0,0.0,0.0,0.0,0.0,0.0,0.0,0.0,0.9999999396908578,0.9999999396908578,0.019898906356146582,0,0,0,0,0,0,0,1.0,1.0,0.2,0.2
10,300,0,odam,roi_shared,0.05530986934900284,0.0,global_ddp_mean,2,0.0,4.1279473304748535,4.1279473304748535,0.0,0.0,0.0,0.0,0.0,0.0,0.0,0.0,0.0,0.0,0.0,0.0,0.0,1.0000000149026143,1.0000000149026143,0.0,0,0,0,0,0,0,0,1.0,1.0,0.2,0.2
10,300,0,odam,roi_cls,0.05530986934900284,0.0,global_ddp_mean,2,0.0,3.7394752502441406,3.7394752502441406,0.0,0.0,0.0,0.0,0.0,0.0,0.0,0.0,0.0,0.0,0.0,0.0,0.0,0.9999999896925008,0.9999999896925008,0.008226484527869093,0,0,0,0,0,0,0,1.0,1.0,0.2,0.2
10,300,0,odam,roi_reg,0.05530986934900284,0.0,global_ddp_mean,2,0.0,1.0773102045059204,1.0773102045059204,0.0,0.0,0.0,0.0,0.0,0.0,0.0,0.0,0.0,0.0,0.0,0.0,0.0,0.9999999383330108,0.9999999383330108,0.020121669202758215,0,0,0,0,0,0,0,1.0,1.0,0.2,0.2
10,400,0,odam,backbone,0.19513845443725586,0.0,global_ddp_mean,2,0.0,35.66742706298828,35.66742706298828,0.0,0.0,0.0,0.0,0.0,0.0,0.0,0.0,0.0,0.0,0.0,0.0,0.0,0.9999999449045962,0.9999999449045962,0.019019334535929203,0,0,0,0,0,0,0,1.0,1.0,0.2,0.2
10,400,0,odam,fpn,0.19513845443725586,0.0,global_ddp_mean,2,0.0,5.908355712890625,5.908355712890625,0.0,0.0,0.0,0.0,0.0,0.0,0.0,0.0,0.0,0.0,0.0,0.0,0.0,0.9999999276203205,0.9999999276203205,0.021799471289430286,0,0,0,0,0,0,0,1.0,1.0,0.2,0.2
10,400,0,odam,rpn,0.19513845443725586,0.0,global_ddp_mean,2,0.0,2.9771535396575928,2.9771535396575928,0.0,0.0,0.0,0.0,0.0,0.0,0.0,0.0,0.0,0.0,0.0,0.0,0.0,1.0000000198498542,1.0000000198498542,0.0,0,0,0,0,0,0,0,1.0,1.0,0.2,0.2
10,400,0,odam,roi_shared,0.19513845443725586,0.0,global_ddp_mean,2,0.0,11.62469482421875,11.62469482421875,0.0,0.0,0.0,0.0,0.0,0.0,0.0,0.0,0.0,0.0,0.0,0.0,0.0,0.9999999993108131,0.9999999993108131,0.0021271893331720445,0,0,0,0,0,0,0,1.0,1.0,0.2,0.2
10,400,0,odam,roi_cls,0.19513845443725586,0.0,global_ddp_mean,2,0.0,9.1419038772583,9.1419038772583,0.0,0.0,0.0,0.0,0.0,0.0,0.0,0.0,0.0,0.0,0.0,0.0,0.0,0.9999999444140641,0.9999999444140641,0.019103814534486865,0,0,0,0,0,0,0,1.0,1.0,0.2,0.2
10,400,0,odam,roi_reg,0.19513845443725586,0.0,global_ddp_mean,2,0.0,3.9983880519866943,3.9983880519866943,0.0,0.0,0.0,0.0,0.0,0.0,0.0,0.0,0.0,0.0,0.0,0.0,0.0,1.0000000164286478,1.0000000164286478,0.0,0,0,0,0,0,0,0,1.0,1.0,0.2,0.2
10,500,0,odam,backbone,0.16955715417861938,0.0,global_ddp_mean,2,0.0,6.035106182098389,6.035106182098389,0.0,0.0,0.0,0.0,0.0,0.0,0.0,0.0,0.0,0.0,0.0,0.0,0.0,0.9999999394837543,0.9999999394837543,0.019933043801940897,0,0,0,0,0,0,0,1.0,1.0,0.2,0.2
10,500,0,odam,fpn,0.16955715417861938,0.0,global_ddp_mean,2,0.0,1.2347253561019897,1.2347253561019897,0.0,0.0,0.0,0.0,0.0,0.0,0.0,0.0,0.0,0.0,0.0,0.0,0.0,1.000000024556863,1.000000024556863,0.0,0,0,0,0,0,0,0,1.0,1.0,0.2,0.2
10,500,0,odam,rpn,0.16955715417861938,0.0,global_ddp_mean,2,0.0,1.6033333539962769,1.6033333539962769,0.0,0.0,0.0,0.0,0.0,0.0,0.0,0.0,0.0,0.0,0.0,0.0,0.0,1.0000000589902047,1.0000000589902047,0.0,0,0,0,0,0,0,0,1.0,1.0,0.2,0.2
10,500,0,odam,roi_shared,0.16955715417861938,0.0,global_ddp_mean,2,0.0,2.4166548252105713,2.4166548252105713,0.0,0.0,0.0,0.0,0.0,0.0,0.0,0.0,0.0,0.0,0.0,0.0,0.0,0.9999999841001627,0.9999999841001627,0.01021724885748429,0,0,0,0,0,0,0,1.0,1.0,0.2,0.2
10,500,0,odam,roi_cls,0.16955715417861938,0.0,global_ddp_mean,2,0.0,1.6152819395065308,1.6152819395065308,0.0,0.0,0.0,0.0,0.0,0.0,0.0,0.0,0.0,0.0,0.0,0.0,0.0,0.9999999554069205,0.9999999554069205,0.01711084132806897,0,0,0,0,0,0,0,1.0,1.0,0.2,0.2
10,500,0,odam,roi_reg,0.16955715417861938,0.0,global_ddp_mean,2,0.0,1.1920669078826904,1.1920669078826904,0.0,0.0,0.0,0.0,0.0,0.0,0.0,0.0,0.0,0.0,0.0,0.0,0.0,1.0000000664204558,1.0000000664204558,0.0,0,0,0,0,0,0,0,1.0,1.0,0.2,0.2
10,600,0,odam,backbone,0.4029368758201599,-0.0,global_ddp_mean,2,0.0,11.038617134094238,11.038617134094238,0.0,0.0,0.0,0.0,0.0,0.0,0.0,0.0,0.0,0.0,0.0,0.0,0.0,0.9999999865100614,0.9999999865100614,0.009411148307379933,0,0,0,0,0,0,0,1.0,1.0,0.2,0.2
10,600,0,odam,fpn,0.4029368758201599,-0.0,global_ddp_mean,2,0.0,2.0266363620758057,2.0266363620758057,0.0,0.0,0.0,0.0,0.0,0.0,0.0,0.0,0.0,0.0,0.0,0.0,0.0,1.0000000092292232,1.0000000092292232,0.0,0,0,0,0,0,0,0,1.0,1.0,0.2,0.2
10,600,0,odam,rpn,0.4029368758201599,-0.0,global_ddp_mean,2,0.0,2.476928949356079,2.476928949356079,0.0,0.0,0.0,0.0,0.0,0.0,0.0,0.0,0.0,0.0,0.0,0.0,0.0,0.9999999410729572,0.9999999410729572,0.019669574077439793,0,0,0,0,0,0,0,1.0,1.0,0.2,0.2
10,600,0,odam,roi_shared,0.4029368758201599,-0.0,global_ddp_mean,2,0.0,4.217942714691162,4.217942714691162,0.0,0.0,0.0,0.0,0.0,0.0,0.0,0.0,0.0,0.0,0.0,0.0,0.0,0.9999999817951053,0.9999999817951053,0.010932807883895812,0,0,0,0,0,0,0,1.0,1.0,0.2,0.2
10,600,0,odam,roi_cls,0.4029368758201599,-0.0,global_ddp_mean,2,0.0,2.056702136993408,2.056702136993408,0.0,0.0,0.0,0.0,0.0,0.0,0.0,0.0,0.0,0.0,0.0,0.0,0.0,0.9999999299722564,0.9999999299722564,0.02144236573062186,0,0,0,0,0,0,0,1.0,1.0,0.2,0.2
10,600,0,odam,roi_reg,0.4029368758201599,-0.0,global_ddp_mean,2,0.0,5.012029647827148,5.012029647827148,0.0,0.0,0.0,0.0,0.0,0.0,0.0,0.0,0.0,0.0,0.0,0.0,0.0,1.0000000097955783,1.0000000097955783,0.0,0,0,0,0,0,0,0,1.0,1.0,0.2,0.2
10,700,0,odam,backbone,0.014585861936211586,0.0,global_ddp_mean,2,0.0,12.498998641967773,12.498998641967773,0.0,0.0,0.0,0.0,0.0,0.0,0.0,0.0,0.0,0.0,0.0,0.0,0.0,1.0000000546265133,1.0000000546265133,0.0,0,0,0,0,0,0,0,1.0,1.0,0.2,0.2
10,700,0,odam,fpn,0.014585861936211586,0.0,global_ddp_mean,2,0.0,1.524438738822937,1.524438738822937,0.0,0.0,0.0,0.0,0.0,0.0,0.0,0.0,0.0,0.0,0.0,0.0,0.0,1.0000000455243643,1.0000000455243643,0.0,0,0,0,0,0,0,0,1.0,1.0,0.2,0.2
10,700,0,odam,rpn,0.014585861936211586,0.0,global_ddp_mean,2,0.0,1.1767839193344116,1.1767839193344116,0.0,0.0,0.0,0.0,0.0,0.0,0.0,0.0,0.0,0.0,0.0,0.0,0.0,1.0000000494426098,1.0000000494426098,0.0,0,0,0,0,0,0,0,1.0,1.0,0.2,0.2
10,700,0,odam,roi_shared,0.014585861936211586,0.0,global_ddp_mean,2,0.0,2.9455554485321045,2.9455554485321045,0.0,0.0,0.0,0.0,0.0,0.0,0.0,0.0,0.0,0.0,0.0,0.0,0.0,0.9999999232107527,0.9999999232107527,0.022453695992245372,0,0,0,0,0,0,0,1.0,1.0,0.2,0.2
10,700,0,odam,roi_cls,0.014585861936211586,0.0,global_ddp_mean,2,0.0,2.073032855987549,2.073032855987549,0.0,0.0,0.0,0.0,0.0,0.0,0.0,0.0,0.0,0.0,0.0,0.0,0.0,1.0000000238275255,1.0000000238275255,0.0,0,0,0,0,0,0,0,1.0,1.0,0.2,0.2
10,700,0,odam,roi_reg,0.014585861936211586,0.0,global_ddp_mean,2,0.0,1.5517125129699707,1.5517125129699707,0.0,0.0,0.0,0.0,0.0,0.0,0.0,0.0,0.0,0.0,0.0,0.0,0.0,1.000000065289205,1.000000065289205,0.0,0,0,0,0,0,0,0,1.0,1.0,0.2,0.2
10,800,0,odam,backbone,1.039771556854248,0.0,global_ddp_mean,2,0.0,28.646224975585938,28.646224975585938,0.0,0.0,0.0,0.0,0.0,0.0,0.0,0.0,0.0,0.0,0.0,0.0,0.0,0.9999999949061943,0.9999999949061943,0.005783074916783729,0,0,0,0,0,0,0,1.0,1.0,0.2,0.2
10,800,0,odam,fpn,1.039771556854248,0.0,global_ddp_mean,2,0.0,5.783855438232422,5.783855438232422,0.0,0.0,0.0,0.0,0.0,0.0,0.0,0.0,0.0,0.0,0.0,0.0,0.0,1.0000000037614107,1.0000000037614107,0.0,0,0,0,0,0,0,0,1.0,1.0,0.2,0.2
10,800,0,odam,rpn,1.039771556854248,0.0,global_ddp_mean,2,0.0,2.8729186058044434,2.8729186058044434,0.0,0.0,0.0,0.0,0.0,0.0,0.0,0.0,0.0,0.0,0.0,0.0,0.0,0.999999980629607,0.999999980629607,0.011277344475047886,0,0,0,0,0,0,0,1.0,1.0,0.2,0.2
10,800,0,odam,roi_shared,1.039771556854248,0.0,global_ddp_mean,2,0.0,11.36757755279541,11.36757755279541,0.0,0.0,0.0,0.0,0.0,0.0,0.0,0.0,0.0,0.0,0.0,0.0,0.0,0.9999999814101324,0.9999999814101324,0.011047799395424798,0,0,0,0,0,0,0,1.0,1.0,0.2,0.2
10,800,0,odam,roi_cls,1.039771556854248,0.0,global_ddp_mean,2,0.0,8.755953788757324,8.755953788757324,0.0,0.0,0.0,0.0,0.0,0.0,0.0,0.0,0.0,0.0,0.0,0.0,0.0,0.9999999792326815,0.9999999792326815,0.01167690758582355,0,0,0,0,0,0,0,1.0,1.0,0.2,0.2
10,800,0,odam,roi_reg,1.039771556854248,0.0,global_ddp_mean,2,0.0,6.255415916442871,6.255415916442871,0.0,0.0,0.0,0.0,0.0,0.0,0.0,0.0,0.0,0.0,0.0,0.0,0.0,1.0000000424803135,1.0000000424803135,0.0,0,0,0,0,0,0,0,1.0,1.0,0.2,0.2
10,900,0,odam,backbone,0.13908499479293823,0.0,global_ddp_mean,2,0.0,11.430455207824707,11.430455207824707,0.0,0.0,0.0,0.0,0.0,0.0,0.0,0.0,0.0,0.0,0.0,0.0,0.0,0.9999999823733998,0.9999999823733998,0.010757761399866091,0,0,0,0,0,0,0,1.0,1.0,0.2,0.2
10,900,0,odam,fpn,0.13908499479293823,0.0,global_ddp_mean,2,0.0,2.9596471786499023,2.9596471786499023,0.0,0.0,0.0,0.0,0.0,0.0,0.0,0.0,0.0,0.0,0.0,0.0,0.0,1.0000000599966692,1.0000000599966692,0.0,0,0,0,0,0,0,0,1.0,1.0,0.2,0.2
10,900,0,odam,rpn,0.13908499479293823,0.0,global_ddp_mean,2,0.0,3.5477962493896484,3.5477962493896484,0.0,0.0,0.0,0.0,0.0,0.0,0.0,0.0,0.0,0.0,0.0,0.0,0.0,1.000000041488224,1.000000041488224,0.0,0,0,0,0,0,0,0,1.0,1.0,0.2,0.2
10,900,0,odam,roi_shared,0.13908499479293823,0.0,global_ddp_mean,2,0.0,5.70449161529541,5.70449161529541,0.0,0.0,0.0,0.0,0.0,0.0,0.0,0.0,0.0,0.0,0.0,0.0,0.0,1.0000000259478241,1.0000000259478241,0.0,0,0,0,0,0,0,0,1.0,1.0,0.2,0.2
10,900,0,odam,roi_cls,0.13908499479293823,0.0,global_ddp_mean,2,0.0,4.521092891693115,4.521092891693115,0.0,0.0,0.0,0.0,0.0,0.0,0.0,0.0,0.0,0.0,0.0,0.0,0.0,0.9999999989720604,0.9999999989720604,0.0025978940394596355,0,0,0,0,0,0,0,1.0,1.0,0.2,0.2
10,900,0,odam,roi_reg,0.13908499479293823,0.0,global_ddp_mean,2,0.0,2.624936580657959,2.624936580657959,0.0,0.0,0.0,0.0,0.0,0.0,0.0,0.0,0.0,0.0,0.0,0.0,0.0,0.9999999475131274,0.9999999475131274,0.018563633278857863,0,0,0,0,0,0,0,1.0,1.0,0.2,0.2
10,1000,0,odam,backbone,0.00011850445298478007,0.0,global_ddp_mean,2,0.0,9.058967590332031,9.058967590332031,0.0,0.0,0.0,0.0,0.0,0.0,0.0,0.0,0.0,0.0,0.0,0.0,0.0,0.9999999292974429,0.9999999292974429,0.021545431361831954,0,0,0,0,0,0,0,1.0,1.0,0.2,0.2
10,1000,0,odam,fpn,0.00011850445298478007,0.0,global_ddp_mean,2,0.0,1.9806383848190308,1.9806383848190308,0.0,0.0,0.0,0.0,0.0,0.0,0.0,0.0,0.0,0.0,0.0,0.0,0.0,1.000000040857873,1.000000040857873,0.0,0,0,0,0,0,0,0,1.0,1.0,0.2,0.2
10,1000,0,odam,rpn,0.00011850445298478007,0.0,global_ddp_mean,2,0.0,1.2405098676681519,1.2405098676681519,0.0,0.0,0.0,0.0,0.0,0.0,0.0,0.0,0.0,0.0,0.0,0.0,0.0,1.000000077470012,1.000000077470012,0.0,0,0,0,0,0,0,0,1.0,1.0,0.2,0.2
10,1000,0,odam,roi_shared,0.00011850445298478007,0.0,global_ddp_mean,2,0.0,3.728938102722168,3.728938102722168,0.0,0.0,0.0,0.0,0.0,0.0,0.0,0.0,0.0,0.0,0.0,0.0,0.0,1.000000023867518,1.000000023867518,0.0,0,0,0,0,0,0,0,1.0,1.0,0.2,0.2
10,1000,0,odam,roi_cls,0.00011850445298478007,0.0,global_ddp_mean,2,0.0,2.5700740814208984,2.5700740814208984,0.0,0.0,0.0,0.0,0.0,0.0,0.0,0.0,0.0,0.0,0.0,0.0,0.0,1.0000000861440066,1.0000000861440066,0.0,0,0,0,0,0,0,0,1.0,1.0,0.2,0.2
10,1000,0,odam,roi_reg,0.00011850445298478007,0.0,global_ddp_mean,2,0.0,1.3252263069152832,1.3252263069152832,0.0,0.0,0.0,0.0,0.0,0.0,0.0,0.0,0.0,0.0,0.0,0.0,0.0,0.999999992559126,0.999999992559126,0.006989556286229644,0,0,0,0,0,0,0,1.0,1.0,0.2,0.2
10,1100,0,odam,backbone,1.23262619972229,0.00010002159251598641,global_ddp_mean,2,0.0,37.314659118652344,37.314659118652344,0.0,0.0,0.0,0.0,0.0,0.0,0.0,0.0,0.0,0.0,0.0,0.0,0.0,1.0000000904862505,1.0000000904862505,0.0,0,0,0,0,0,0,0,1.0,1.0,0.2,0.2
10,1100,0,odam,fpn,1.23262619972229,0.00010002159251598641,global_ddp_mean,2,0.0,5.7703657150268555,5.7703657150268555,0.0,0.0,0.0,0.0,0.0,0.0,0.0,0.0,0.0,0.0,0.0,0.0,0.0,0.9999999596201602,0.9999999596201602,0.01628245653561542,0,0,0,0,0,0,0,1.0,1.0,0.2,0.2
10,1100,0,odam,rpn,1.23262619972229,0.00010002159251598641,global_ddp_mean,2,0.0,7.851722240447998,7.851722240447998,0.0,0.0,0.0,0.0,0.0,0.0,0.0,0.0,0.0,0.0,0.0,0.0,0.0,1.0000000262947826,1.0000000262947826,0.0,0,0,0,0,0,0,0,1.0,1.0,0.2,0.2
10,1100,0,odam,roi_shared,1.23262619972229,0.00010002159251598641,global_ddp_mean,2,0.0,9.993810653686523,9.993810653686523,0.0,0.0,0.0,0.0,0.0,0.0,0.0,0.0,0.0,0.0,0.0,0.0,0.0,1.0000000747761284,1.0000000747761284,0.0,0,0,0,0,0,0,0,1.0,1.0,0.2,0.2
10,1100,0,odam,roi_cls,1.23262619972229,0.00010002159251598641,global_ddp_mean,2,0.0,10.63644790649414,10.63644790649414,0.0,0.0,0.0,0.0,0.0,0.0,0.0,0.0,0.0,0.0,0.0,0.0,0.0,0.9999999458763382,0.9999999458763382,0.01885086216395914,0,0,0,0,0,0,0,1.0,1.0,0.2,0.2
10,1100,0,odam,roi_reg,1.23262619972229,0.00010002159251598641,global_ddp_mean,2,0.0,7.760473728179932,7.760473728179932,0.0,0.0,0.0,0.0,0.0,0.0,0.0,0.0,0.0,0.0,0.0,0.0,0.0,1.000000003519853,1.000000003519853,0.0,0,0,0,0,0,0,0,1.0,1.0,0.2,0.2
10,1200,0,odam,backbone,0.15635862946510315,-0.0,global_ddp_mean,2,0.0,17.32904624938965,17.32904624938965,0.0,0.0,0.0,0.0,0.0,0.0,0.0,0.0,0.0,0.0,0.0,0.0,0.0,0.9999999783175764,0.9999999783175764,0.011931403793988705,0,0,0,0,0,0,0,1.0,1.0,0.2,0.2
10,1200,0,odam,fpn,0.15635862946510315,-0.0,global_ddp_mean,2,0.0,3.643512010574341,3.643512010574341,0.0,0.0,0.0,0.0,0.0,0.0,0.0,0.0,0.0,0.0,0.0,0.0,0.0,1.0000000069133979,1.0000000069133979,0.0,0,0,0,0,0,0,0,1.0,1.0,0.2,0.2
10,1200,0,odam,rpn,0.15635862946510315,-0.0,global_ddp_mean,2,0.0,2.849072217941284,2.849072217941284,0.0,0.0,0.0,0.0,0.0,0.0,0.0,0.0,0.0,0.0,0.0,0.0,0.0,0.9999999744354799,0.9999999744354799,0.01295556784813355,0,0,0,0,0,0,0,1.0,1.0,0.2,0.2
10,1200,0,odam,roi_shared,0.15635862946510315,-0.0,global_ddp_mean,2,0.0,7.07473087310791,7.07473087310791,0.0,0.0,0.0,0.0,0.0,0.0,0.0,0.0,0.0,0.0,0.0,0.0,0.0,1.000000038375231,1.000000038375231,0.0,0,0,0,0,0,0,0,1.0,1.0,0.2,0.2
10,1200,0,odam,roi_cls,0.15635862946510315,-0.0,global_ddp_mean,2,0.0,5.580872058868408,5.580872058868408,0.0,0.0,0.0,0.0,0.0,0.0,0.0,0.0,0.0,0.0,0.0,0.0,0.0,0.999999954345691,0.999999954345691,0.01731324675679357,0,0,0,0,0,0,0,1.0,1.0,0.2,0.2
10,1200,0,odam,roi_reg,0.15635862946510315,-0.0,global_ddp_mean,2,0.0,3.023263931274414,3.023263931274414,0.0,0.0,0.0,0.0,0.0,0.0,0.0,0.0,0.0,0.0,0.0,0.0,0.0,1.0000000521342312,1.0000000521342312,0.0,0,0,0,0,0,0,0,1.0,1.0,0.2,0.2
10,1300,0,odam,backbone,0.153493732213974,-0.0,global_ddp_mean,2,0.0,15.628040313720703,15.628040313720703,0.0,0.0,0.0,0.0,0.0,0.0,0.0,0.0,0.0,0.0,0.0,0.0,0.0,0.9999999894864351,0.9999999894864351,0.00830830881711309,0,0,0,0,0,0,0,1.0,1.0,0.2,0.2
10,1300,0,odam,fpn,0.153493732213974,-0.0,global_ddp_mean,2,0.0,0.6815697550773621,0.6815697550773621,0.0,0.0,0.0,0.0,0.0,0.0,0.0,0.0,0.0,0.0,0.0,0.0,0.0,0.9999999816699219,0.9999999816699219,0.010970332450660761,0,0,0,0,0,0,0,1.0,1.0,0.2,0.2
10,1300,0,odam,rpn,0.153493732213974,-0.0,global_ddp_mean,2,0.0,1.281845211982727,1.281845211982727,0.0,0.0,0.0,0.0,0.0,0.0,0.0,0.0,0.0,0.0,0.0,0.0,0.0,1.0000000337798742,1.0000000337798742,0.0,0,0,0,0,0,0,0,1.0,1.0,0.2,0.2
10,1300,0,odam,roi_shared,0.153493732213974,-0.0,global_ddp_mean,2,0.0,1.1473941802978516,1.1473941802978516,0.0,0.0,0.0,0.0,0.0,0.0,0.0,0.0,0.0,0.0,0.0,0.0,0.0,1.000000010763223,1.000000010763223,0.0,0,0,0,0,0,0,0,1.0,1.0,0.2,0.2
10,1300,0,odam,roi_cls,0.153493732213974,-0.0,global_ddp_mean,2,0.0,0.536275327205658,0.536275327205658,0.0,0.0,0.0,0.0,0.0,0.0,0.0,0.0,0.0,0.0,0.0,0.0,0.0,1.0000000771273567,1.0000000771273567,0.0,0,0,0,0,0,0,0,1.0,1.0,0.2,0.2
10,1300,0,odam,roi_reg,0.153493732213974,-0.0,global_ddp_mean,2,0.0,1.2311928272247314,1.2311928272247314,0.0,0.0,0.0,0.0,0.0,0.0,0.0,0.0,0.0,0.0,0.0,0.0,0.0,1.000000068228755,1.000000068228755,0.0,0,0,0,0,0,0,0,1.0,1.0,0.2,0.2
10,1400,0,odam,backbone,0.07109668105840683,-0.0,global_ddp_mean,2,0.0,6.607148170471191,6.607148170471191,0.0,0.0,0.0,0.0,0.0,0.0,0.0,0.0,0.0,0.0,0.0,0.0,0.0,1.000000012705702,1.000000012705702,0.0,0,0,0,0,0,0,0,1.0,1.0,0.2,0.2
10,1400,0,odam,fpn,0.07109668105840683,-0.0,global_ddp_mean,2,0.0,0.8666526675224304,0.8666526675224304,0.0,0.0,0.0,0.0,0.0,0.0,0.0,0.0,0.0,0.0,0.0,0.0,0.0,1.000000059345647,1.000000059345647,0.0,0,0,0,0,0,0,0,1.0,1.0,0.2,0.2
10,1400,0,odam,rpn,0.07109668105840683,-0.0,global_ddp_mean,2,0.0,0.6590325832366943,0.6590325832366943,0.0,0.0,0.0,0.0,0.0,0.0,0.0,0.0,0.0,0.0,0.0,0.0,0.0,1.0000000477420439,1.0000000477420439,0.0,0,0,0,0,0,0,0,1.0,1.0,0.2,0.2
10,1400,0,odam,roi_shared,0.07109668105840683,-0.0,global_ddp_mean,2,0.0,1.8219960927963257,1.8219960927963257,0.0,0.0,0.0,0.0,0.0,0.0,0.0,0.0,0.0,0.0,0.0,0.0,0.0,0.9999999883559698,0.9999999883559698,0.008743580079530779,0,0,0,0,0,0,0,1.0,1.0,0.2,0.2
10,1400,0,odam,roi_cls,0.07109668105840683,-0.0,global_ddp_mean,2,0.0,1.7116223573684692,1.7116223573684692,0.0,0.0,0.0,0.0,0.0,0.0,0.0,0.0,0.0,0.0,0.0,0.0,0.0,1.000000056707224,1.000000056707224,0.0,0,0,0,0,0,0,0,1.0,1.0,0.2,0.2
10,1400,0,odam,roi_reg,0.07109668105840683,-0.0,global_ddp_mean,2,0.0,0.36938270926475525,0.36938270926475525,0.0,0.0,0.0,0.0,0.0,0.0,0.0,0.0,0.0,0.0,0.0,0.0,0.0,0.9999999945297811,0.9999999945297811,0.0059929407644776665,0,0,0,0,0,0,0,1.0,1.0,0.2,0.2
11,0,0,odam,backbone,0.0077902465127408504,0.0,global_ddp_mean,2,0.0,2.978858470916748,2.978858470916748,0.0,0.0,0.0,0.0,0.0,0.0,0.0,0.0,0.0,0.0,0.0,0.0,0.0,0.9999999273494342,0.9999999273494342,0.021840226261673177,0,0,0,0,0,0,0,1.0,1.0,0.2,0.2
11,0,0,odam,fpn,0.0077902465127408504,0.0,global_ddp_mean,2,0.0,0.455432653427124,0.455432653427124,0.0,0.0,0.0,0.0,0.0,0.0,0.0,0.0,0.0,0.0,0.0,0.0,0.0,0.9999999373230983,0.9999999373230983,0.020285765104945213,0,0,0,0,0,0,0,1.0,1.0,0.2,0.2
11,0,0,odam,rpn,0.0077902465127408504,0.0,global_ddp_mean,2,0.0,0.7440145611763,0.7440145611763,0.0,0.0,0.0,0.0,0.0,0.0,0.0,0.0,0.0,0.0,0.0,0.0,0.0,0.9999999405866333,0.9999999405866333,0.019750573627833775,0,0,0,0,0,0,0,1.0,1.0,0.2,0.2
11,0,0,odam,roi_shared,0.0077902465127408504,0.0,global_ddp_mean,2,0.0,0.7902301549911499,0.7902301549911499,0.0,0.0,0.0,0.0,0.0,0.0,0.0,0.0,0.0,0.0,0.0,0.0,0.0,0.9999999672502567,0.9999999672502567,0.014663632953073866,0,0,0,0,0,0,0,1.0,1.0,0.2,0.2
11,0,0,odam,roi_cls,0.0077902465127408504,0.0,global_ddp_mean,2,0.0,0.4856693148612976,0.4856693148612976,0.0,0.0,0.0,0.0,0.0,0.0,0.0,0.0,0.0,0.0,0.0,0.0,0.0,1.0000000600665997,1.0000000600665997,0.0,0,0,0,0,0,0,0,1.0,1.0,0.2,0.2
11,0,0,odam,roi_reg,0.0077902465127408504,0.0,global_ddp_mean,2,0.0,0.5111396908760071,0.5111396908760071,0.0,0.0,0.0,0.0,0.0,0.0,0.0,0.0,0.0,0.0,0.0,0.0,0.0,0.9999999018435978,0.9999999018435978,0.025386156298316285,0,0,0,0,0,0,0,1.0,1.0,0.2,0.2
11,100,0,odam,backbone,0.16224133968353271,-0.0,global_ddp_mean,2,0.0,8.851892471313477,8.851892471313477,0.0,0.0,0.0,0.0,0.0,0.0,0.0,0.0,0.0,0.0,0.0,0.0,0.0,1.0000000317004565,1.0000000317004565,0.0,0,0,0,0,0,0,0,1.0,1.0,0.2,0.2
11,100,0,odam,fpn,0.16224133968353271,-0.0,global_ddp_mean,2,0.0,1.356001377105713,1.356001377105713,0.0,0.0,0.0,0.0,0.0,0.0,0.0,0.0,0.0,0.0,0.0,0.0,0.0,1.0000000746523108,1.0000000746523108,0.0,0,0,0,0,0,0,0,1.0,1.0,0.2,0.2
11,100,0,odam,rpn,0.16224133968353271,-0.0,global_ddp_mean,2,0.0,2.9816348552703857,2.9816348552703857,0.0,0.0,0.0,0.0,0.0,0.0,0.0,0.0,0.0,0.0,0.0,0.0,0.0,0.9999999826020761,0.9999999826020761,0.010687751414934539,0,0,0,0,0,0,0,1.0,1.0,0.2,0.2
11,100,0,odam,roi_shared,0.16224133968353271,-0.0,global_ddp_mean,2,0.0,2.6369142532348633,2.6369142532348633,0.0,0.0,0.0,0.0,0.0,0.0,0.0,0.0,0.0,0.0,0.0,0.0,0.0,0.9999999870025225,0.9999999870025225,0.009237770498402294,0,0,0,0,0,0,0,1.0,1.0,0.2,0.2
11,100,0,odam,roi_cls,0.16224133968353271,-0.0,global_ddp_mean,2,0.0,1.3130316734313965,1.3130316734313965,0.0,0.0,0.0,0.0,0.0,0.0,0.0,0.0,0.0,0.0,0.0,0.0,0.0,1.0000000780462899,1.0000000780462899,0.0,0,0,0,0,0,0,0,1.0,1.0,0.2,0.2
11,100,0,odam,roi_reg,0.16224133968353271,-0.0,global_ddp_mean,2,0.0,1.9209895133972168,1.9209895133972168,0.0,0.0,0.0,0.0,0.0,0.0,0.0,0.0,0.0,0.0,0.0,0.0,0.0,0.9999999611575078,0.9999999611575078,0.01596949472865255,0,0,0,0,0,0,0,1.0,1.0,0.2,0.2
11,200,0,odam,backbone,0.39314374327659607,0.00010002159251598641,global_ddp_mean,2,0.3702053902472797,9.94157886505127,9.94157886505127,1.2462028631254896e-10,1.2462028631254896e-10,1.2462028631254896e-10,1.2462028631254896e-10,2.4924057262509792e-11,1.2462028631254896e-10,1.2535261048990961e-11,1.2535261048990961e-11,1.2535261048990961e-11,2.5070522097981926e-12,2.5070522097981926e-12,9.28124452319212e-13,9.28124452319212e-13,1.0000000885763083,1.0000000885763083,0.0,0,0,0,0,0,0,0,1.0,1.0,0.2,0.2
11,200,0,odam,fpn,0.39314374327659607,0.00010002159251598641,global_ddp_mean,2,0.11903551402819972,1.6828807592391968,1.6828807592391968,2.468237420005792e-11,2.468237420005792e-11,2.468237420005792e-11,2.468237420005792e-11,4.936474840011584e-12,2.468237420005792e-11,1.4666739793980666e-11,1.4666739793980666e-11,1.4666739793980666e-11,2.933347958796133e-12,2.933347958796133e-12,3.491725820988681e-13,3.491725820988681e-13,1.0000000372113313,1.0000000372113313,0.0,0,0,0,0,0,0,0,1.0,1.0,0.2,0.2
11,200,0,odam,rpn,0.39314374327659607,0.00010002159251598641,global_ddp_mean,2,0.0,2.025028944015503,2.025028944015503,0.0,0.0,0.0,0.0,0.0,0.0,0.0,0.0,0.0,0.0,0.0,0.0,0.0,0.9999999120037811,0.9999999120037811,0.024036411974779775,0,0,0,0,0,0,0,1.0,1.0,0.2,0.2
11,200,0,odam,roi_shared,0.39314374327659607,0.00010002159251598641,global_ddp_mean,2,0.13438821633443315,3.5933403968811035,3.5933403968811035,7.201052254490747e-11,7.201052254490747e-11,7.201052254490747e-11,7.201052254490747e-11,1.4402104508981495e-11,7.201052254490747e-11,2.003999471005033e-11,2.003999471005033e-11,2.003999471005033e-11,4.007998942010066e-12,4.007998942010066e-12,5.386278691916442e-13,5.386278691916442e-13,1.000000063173475,1.000000063173475,0.0,0,0,0,0,0,0,0,1.0,1.0,0.2,0.2
11,200,0,odam,roi_cls,0.39314374327659607,0.00010002159251598641,global_ddp_mean,2,0.0,2.487001895904541,2.487001895904541,0.0,0.0,0.0,0.0,0.0,0.0,0.0,0.0,0.0,0.0,0.0,0.0,0.0,0.9999999756909078,0.9999999756909078,0.01263345103341327,0,0,0,0,0,0,0,1.0,1.0,0.2,0.2
11,200,0,odam,roi_reg,0.39314374327659607,0.00010002159251598641,global_ddp_mean,2,0.3544673311445591,4.821424961090088,4.821424961090088,2.4731766634644714e-10,2.4731766634644714e-10,2.4731766634644714e-10,2.4731766634644714e-10,4.946353326928943e-11,2.4731766634644714e-10,5.129555439363936e-11,5.129555439363936e-11,5.129555439363936e-11,1.0259110878727872e-11,1.0259110878727872e-11,3.6365195933994563e-12,3.6365195933994563e-12,1.0000000374662066,1.0000000374662066,0.0,0,0,0,0,0,0,0,1.0,1.0,0.2,0.2
11,300,0,odam,backbone,0.4496753215789795,0.0,global_ddp_mean,2,0.0,13.117072105407715,13.117072105407715,0.0,0.0,0.0,0.0,0.0,0.0,0.0,0.0,0.0,0.0,0.0,0.0,0.0,0.9999999464869125,0.9999999464869125,0.018744231383314186,0,0,0,0,0,0,0,1.0,1.0,0.2,0.2
11,300,0,odam,fpn,0.4496753215789795,0.0,global_ddp_mean,2,0.0,2.7104332447052,2.7104332447052,0.0,0.0,0.0,0.0,0.0,0.0,0.0,0.0,0.0,0.0,0.0,0.0,0.0,1.0000000713694894,1.0000000713694894,0.0,0,0,0,0,0,0,0,1.0,1.0,0.2,0.2
11,300,0,odam,rpn,0.4496753215789795,0.0,global_ddp_mean,2,0.0,2.8210320472717285,2.8210320472717285,0.0,0.0,0.0,0.0,0.0,0.0,0.0,0.0,0.0,0.0,0.0,0.0,0.0,1.0000000126472868,1.0000000126472868,0.0,0,0,0,0,0,0,0,1.0,1.0,0.2,0.2
11,300,0,odam,roi_shared,0.4496753215789795,0.0,global_ddp_mean,2,0.0,5.622405052185059,5.622405052185059,0.0,0.0,0.0,0.0,0.0,0.0,0.0,0.0,0.0,0.0,0.0,0.0,0.0,1.0000000057063088,1.0000000057063088,0.0,0,0,0,0,0,0,0,1.0,1.0,0.2,0.2
11,300,0,odam,roi_cls,0.4496753215789795,0.0,global_ddp_mean,2,0.0,5.245819091796875,5.245819091796875,0.0,0.0,0.0,0.0,0.0,0.0,0.0,0.0,0.0,0.0,0.0,0.0,0.0,1.000000057905994,1.000000057905994,0.0,0,0,0,0,0,0,0,1.0,1.0,0.2,0.2
11,300,0,odam,roi_reg,0.4496753215789795,0.0,global_ddp_mean,2,0.0,5.3770575523376465,5.3770575523376465,0.0,0.0,0.0,0.0,0.0,0.0,0.0,0.0,0.0,0.0,0.0,0.0,0.0,1.0000000803448121,1.0000000803448121,0.0,0,0,0,0,0,0,0,1.0,1.0,0.2,0.2
11,400,0,odam,backbone,0.38115543127059937,0.0,global_ddp_mean,2,0.0,17.25475311279297,17.25475311279297,0.0,0.0,0.0,0.0,0.0,0.0,0.0,0.0,0.0,0.0,0.0,0.0,0.0,1.0000000906838415,1.0000000906838415,0.0,0,0,0,0,0,0,0,1.0,1.0,0.2,0.2
11,400,0,odam,fpn,0.38115543127059937,0.0,global_ddp_mean,2,0.0,2.855815887451172,2.855815887451172,0.0,0.0,0.0,0.0,0.0,0.0,0.0,0.0,0.0,0.0,0.0,0.0,0.0,1.0000000108037344,1.0000000108037344,0.0,0,0,0,0,0,0,0,1.0,1.0,0.2,0.2
11,400,0,odam,rpn,0.38115543127059937,0.0,global_ddp_mean,2,0.0,3.616241693496704,3.616241693496704,0.0,0.0,0.0,0.0,0.0,0.0,0.0,0.0,0.0,0.0,0.0,0.0,0.0,0.999999982016526,0.999999982016526,0.010866118254592395,0,0,0,0,0,0,0,1.0,1.0,0.2,0.2
11,400,0,odam,roi_shared,0.38115543127059937,0.0,global_ddp_mean,2,0.0,7.408471584320068,7.408471584320068,0.0,0.0,0.0,0.0,0.0,0.0,0.0,0.0,0.0,0.0,0.0,0.0,0.0,0.9999999497158665,0.9999999497158665,0.018169924282719442,0,0,0,0,0,0,0,1.0,1.0,0.2,0.2
11,400,0,odam,roi_cls,0.38115543127059937,0.0,global_ddp_mean,2,0.0,7.398819446563721,7.398819446563721,0.0,0.0,0.0,0.0,0.0,0.0,0.0,0.0,0.0,0.0,0.0,0.0,0.0,0.9999999599069888,0.9999999599069888,0.016224524201552296,0,0,0,0,0,0,0,1.0,1.0,0.2,0.2
11,400,0,odam,roi_reg,0.38115543127059937,0.0,global_ddp_mean,2,0.0,3.582862615585327,3.582862615585327,0.0,0.0,0.0,0.0,0.0,0.0,0.0,0.0,0.0,0.0,0.0,0.0,0.0,1.0000000002802782,1.0000000002802782,0.0,0,0,0,0,0,0,0,1.0,1.0,0.2,0.2
11,500,0,odam,backbone,0.03975256159901619,-0.0,global_ddp_mean,2,0.0,6.400208950042725,6.400208950042725,0.0,0.0,0.0,0.0,0.0,0.0,0.0,0.0,0.0,0.0,0.0,0.0,0.0,1.0000000585349016,1.0000000585349016,0.0,0,0,0,0,0,0,0,1.0,1.0,0.2,0.2
11,500,0,odam,fpn,0.03975256159901619,-0.0,global_ddp_mean,2,0.0,1.1469804048538208,1.1469804048538208,0.0,0.0,0.0,0.0,0.0,0.0,0.0,0.0,0.0,0.0,0.0,0.0,0.0,0.9999998996942789,0.9999998996942789,0.02566259003106204,0,0,0,0,0,0,0,1.0,1.0,0.2,0.2
11,500,0,odam,rpn,0.03975256159901619,-0.0,global_ddp_mean,2,0.0,3.047668933868408,3.047668933868408,0.0,0.0,0.0,0.0,0.0,0.0,0.0,0.0,0.0,0.0,0.0,0.0,0.0,0.9999999273241074,0.9999999273241074,0.021844032811375664,0,0,0,0,0,0,0,1.0,1.0,0.2,0.2
11,500,0,odam,roi_shared,0.03975256159901619,-0.0,global_ddp_mean,2,0.0,1.4753834009170532,1.4753834009170532,0.0,0.0,0.0,0.0,0.0,0.0,0.0,0.0,0.0,0.0,0.0,0.0,0.0,0.9999999834011617,0.9999999834011617,0.010439422583404004,0,0,0,0,0,0,0,1.0,1.0,0.2,0.2
11,500,0,odam,roi_cls,0.03975256159901619,-0.0,global_ddp_mean,2,0.0,0.7452966570854187,0.7452966570854187,0.0,0.0,0.0,0.0,0.0,0.0,0.0,0.0,0.0,0.0,0.0,0.0,0.0,0.9999999317445041,0.9999999317445041,0.02116929748407891,0,0,0,0,0,0,0,1.0,1.0,0.2,0.2
11,500,0,odam,roi_reg,0.03975256159901619,-0.0,global_ddp_mean,2,0.0,1.2174723148345947,1.2174723148345947,0.0,0.0,0.0,0.0,0.0,0.0,0.0,0.0,0.0,0.0,0.0,0.0,0.0,0.9999999542196205,0.9999999542196205,0.01733713480559277,0,0,0,0,0,0,0,1.0,1.0,0.2,0.2
11,600,0,odam,backbone,0.033748190850019455,0.0,global_ddp_mean,2,0.0,7.283723831176758,7.283723831176758,0.0,0.0,0.0,0.0,0.0,0.0,0.0,0.0,0.0,0.0,0.0,0.0,0.0,1.0000000441828942,1.0000000441828942,0.0,0,0,0,0,0,0,0,1.0,1.0,0.2,0.2
11,600,0,odam,fpn,0.033748190850019455,0.0,global_ddp_mean,2,0.0,1.5725191831588745,1.5725191831588745,0.0,0.0,0.0,0.0,0.0,0.0,0.0,0.0,0.0,0.0,0.0,0.0,0.0,0.9999999538512082,0.9999999538512082,0.01740675431504843,0,0,0,0,0,0,0,1.0,1.0,0.2,0.2
11,600,0,odam,rpn,0.033748190850019455,0.0,global_ddp_mean,2,0.0,0.6881673336029053,0.6881673336029053,0.0,0.0,0.0,0.0,0.0,0.0,0.0,0.0,0.0,0.0,0.0,0.0,0.0,1.0000000035911965,1.0000000035911965,0.0,0,0,0,0,0,0,0,1.0,1.0,0.2,0.2
11,600,0,odam,roi_shared,0.033748190850019455,0.0,global_ddp_mean,2,0.0,3.266289472579956,3.266289472579956,0.0,0.0,0.0,0.0,0.0,0.0,0.0,0.0,0.0,0.0,0.0,0.0,0.0,0.9999999900411286,0.9999999900411286,0.00808616674403032,0,0,0,0,0,0,0,1.0,1.0,0.2,0.2
11,600,0,odam,roi_cls,0.033748190850019455,0.0,global_ddp_mean,2,0.0,2.5668575763702393,2.5668575763702393,0.0,0.0,0.0,0.0,0.0,0.0,0.0,0.0,0.0,0.0,0.0,0.0,0.0,1.0000000264725883,1.0000000264725883,0.0,0,0,0,0,0,0,0,1.0,1.0,0.2,0.2
11,600,0,odam,roi_reg,0.033748190850019455,0.0,global_ddp_mean,2,0.0,1.0057733058929443,1.0057733058929443,0.0,0.0,0.0,0.0,0.0,0.0,0.0,0.0,0.0,0.0,0.0,0.0,0.0,0.9999999291512753,0.9999999291512753,0.021567690927225075,0,0,0,0,0,0,0,1.0,1.0,0.2,0.2
11,700,0,odam,backbone,0.004365862812846899,0.0,global_ddp_mean,2,0.0,5.148477077484131,5.148477077484131,0.0,0.0,0.0,0.0,0.0,0.0,0.0,0.0,0.0,0.0,0.0,0.0,0.0,1.0000000243950133,1.0000000243950133,0.0,0,0,0,0,0,0,0,1.0,1.0,0.2,0.2
11,700,0,odam,fpn,0.004365862812846899,0.0,global_ddp_mean,2,0.0,1.0150957107543945,1.0150957107543945,0.0,0.0,0.0,0.0,0.0,0.0,0.0,0.0,0.0,0.0,0.0,0.0,0.0,1.000000046270912,1.000000046270912,0.0,0,0,0,0,0,0,0,1.0,1.0,0.2,0.2
11,700,0,odam,rpn,0.004365862812846899,0.0,global_ddp_mean,2,0.0,1.0962517261505127,1.0962517261505127,0.0,0.0,0.0,0.0,0.0,0.0,0.0,0.0,0.0,0.0,0.0,0.0,0.0,1.0000000618753242,1.0000000618753242,0.0,0,0,0,0,0,0,0,1.0,1.0,0.2,0.2
11,700,0,odam,roi_shared,0.004365862812846899,0.0,global_ddp_mean,2,0.0,1.9131418466567993,1.9131418466567993,0.0,0.0,0.0,0.0,0.0,0.0,0.0,0.0,0.0,0.0,0.0,0.0,0.0,1.0000000488277168,1.0000000488277168,0.0,0,0,0,0,0,0,0,1.0,1.0,0.2,0.2
11,700,0,odam,roi_cls,0.004365862812846899,0.0,global_ddp_mean,2,0.0,1.6819229125976562,1.6819229125976562,0.0,0.0,0.0,0.0,0.0,0.0,0.0,0.0,0.0,0.0,0.0,0.0,0.0,1.000000045576577,1.000000045576577,0.0,0,0,0,0,0,0,0,1.0,1.0,0.2,0.2
11,700,0,odam,roi_reg,0.004365862812846899,0.0,global_ddp_mean,2,0.0,0.48668476939201355,0.48668476939201355,0.0,0.0,0.0,0.0,0.0,0.0,0.0,0.0,0.0,0.0,0.0,0.0,0.0,0.9999999942993849,0.9999999942993849,0.0061178452804515945,0,0,0,0,0,0,0,1.0,1.0,0.2,0.2
11,800,0,odam,backbone,0.021150963380932808,0.0,global_ddp_mean,2,0.0,9.334739685058594,9.334739685058594,0.0,0.0,0.0,0.0,0.0,0.0,0.0,0.0,0.0,0.0,0.0,0.0,0.0,0.9999999383884607,0.9999999383884607,0.020112620643448775,0,0,0,0,0,0,0,1.0,1.0,0.2,0.2
11,800,0,odam,fpn,0.021150963380932808,0.0,global_ddp_mean,2,0.0,1.495459794998169,1.495459794998169,0.0,0.0,0.0,0.0,0.0,0.0,0.0,0.0,0.0,0.0,0.0,0.0,0.0,1.000000057661833,1.000000057661833,0.0,0,0,0,0,0,0,0,1.0,1.0,0.2,0.2
11,800,0,odam,rpn,0.021150963380932808,0.0,global_ddp_mean,2,0.0,0.6915330290794373,0.6915330290794373,0.0,0.0,0.0,0.0,0.0,0.0,0.0,0.0,0.0,0.0,0.0,0.0,0.0,0.9999999362039084,0.9999999362039084,0.02046608008100827,0,0,0,0,0,0,0,1.0,1.0,0.2,0.2
11,800,0,odam,roi_shared,0.021150963380932808,0.0,global_ddp_mean,2,0.0,3.0577027797698975,3.0577027797698975,0.0,0.0,0.0,0.0,0.0,0.0,0.0,0.0,0.0,0.0,0.0,0.0,0.0,1.00000001530369,1.00000001530369,0.0,0,0,0,0,0,0,0,1.0,1.0,0.2,0.2
11,800,0,odam,roi_cls,0.021150963380932808,0.0,global_ddp_mean,2,0.0,3.206343412399292,3.206343412399292,0.0,0.0,0.0,0.0,0.0,0.0,0.0,0.0,0.0,0.0,0.0,0.0,0.0,0.9999999672055891,0.9999999672055891,0.01467362946127794,0,0,0,0,0,0,0,1.0,1.0,0.2,0.2
11,800,0,odam,roi_reg,0.021150963380932808,0.0,global_ddp_mean,2,0.0,0.0,0.0,0.0,0.0,0.0,0.0,0.0,0.0,0.0,0.0,0.0,0.0,0.0,0.0,0.0,0.0,0.0,90.0,0,0,0,0,0,0,0,1.0,1.0,0.2,0.2
11,900,0,odam,backbone,0.3852663040161133,0.0,global_ddp_mean,2,0.0,9.7776517868042,9.7776517868042,0.0,0.0,0.0,0.0,0.0,0.0,0.0,0.0,0.0,0.0,0.0,0.0,0.0,0.9999999574692375,0.9999999574692375,0.016710491200951548,0,0,0,0,0,0,0,1.0,1.0,0.2,0.2
11,900,0,odam,fpn,0.3852663040161133,0.0,global_ddp_mean,2,0.0,1.736199975013733,1.736199975013733,0.0,0.0,0.0,0.0,0.0,0.0,0.0,0.0,0.0,0.0,0.0,0.0,0.0,1.0000000382696703,1.0000000382696703,0.0,0,0,0,0,0,0,0,1.0,1.0,0.2,0.2
11,900,0,odam,rpn,0.3852663040161133,0.0,global_ddp_mean,2,0.0,3.0562856197357178,3.0562856197357178,0.0,0.0,0.0,0.0,0.0,0.0,0.0,0.0,0.0,0.0,0.0,0.0,0.0,0.9999999527082024,0.9999999527082024,0.017620999668161656,0,0,0,0,0,0,0,1.0,1.0,0.2,0.2
11,900,0,odam,roi_shared,0.3852663040161133,0.0,global_ddp_mean,2,0.0,3.3157284259796143,3.3157284259796143,0.0,0.0,0.0,0.0,0.0,0.0,0.0,0.0,0.0,0.0,0.0,0.0,0.0,1.000000068503986,1.000000068503986,0.0,0,0,0,0,0,0,0,1.0,1.0,0.2,0.2
11,900,0,odam,roi_cls,0.3852663040161133,0.0,global_ddp_mean,2,0.0,2.458369493484497,2.458369493484497,0.0,0.0,0.0,0.0,0.0,0.0,0.0,0.0,0.0,0.0,0.0,0.0,0.0,0.9999999154047173,0.9999999154047173,0.023567347540119136,0,0,0,0,0,0,0,1.0,1.0,0.2,0.2
11,900,0,odam,roi_reg,0.3852663040161133,0.0,global_ddp_mean,2,0.0,4.519948482513428,4.519948482513428,0.0,0.0,0.0,0.0,0.0,0.0,0.0,0.0,0.0,0.0,0.0,0.0,0.0,0.9999999639449744,0.9999999639449744,0.015385816052781404,0,0,0,0,0,0,0,1.0,1.0,0.2,0.2
11,1000,0,odam,backbone,0.39370760321617126,0.0,global_ddp_mean,2,0.0,14.373581886291504,14.373581886291504,0.0,0.0,0.0,0.0,0.0,0.0,0.0,0.0,0.0,0.0,0.0,0.0,0.0,1.0000000606606756,1.0000000606606756,0.0,0,0,0,0,0,0,0,1.0,1.0,0.2,0.2
11,1000,0,odam,fpn,0.39370760321617126,0.0,global_ddp_mean,2,0.0,1.8845504522323608,1.8845504522323608,0.0,0.0,0.0,0.0,0.0,0.0,0.0,0.0,0.0,0.0,0.0,0.0,0.0,0.9999999870946737,0.9999999870946737,0.009204964645282771,0,0,0,0,0,0,0,1.0,1.0,0.2,0.2
11,1000,0,odam,rpn,0.39370760321617126,0.0,global_ddp_mean,2,0.0,1.6273577213287354,1.6273577213287354,0.0,0.0,0.0,0.0,0.0,0.0,0.0,0.0,0.0,0.0,0.0,0.0,0.0,0.9999999490890239,0.9999999490890239,0.018282826753518763,0,0,0,0,0,0,0,1.0,1.0,0.2,0.2
11,1000,0,odam,roi_shared,0.39370760321617126,0.0,global_ddp_mean,2,0.0,3.9237658977508545,3.9237658977508545,0.0,0.0,0.0,0.0,0.0,0.0,0.0,0.0,0.0,0.0,0.0,0.0,0.0,0.9999999414952293,0.9999999414952293,0.01959897112683438,0,0,0,0,0,0,0,1.0,1.0,0.2,0.2
11,1000,0,odam,roi_cls,0.39370760321617126,0.0,global_ddp_mean,2,0.0,2.9028050899505615,2.9028050899505615,0.0,0.0,0.0,0.0,0.0,0.0,0.0,0.0,0.0,0.0,0.0,0.0,0.0,0.9999999727521008,0.9999999727521008,0.013375318821659455,0,0,0,0,0,0,0,1.0,1.0,0.2,0.2
11,1000,0,odam,roi_reg,0.39370760321617126,0.0,global_ddp_mean,2,0.0,1.5888035297393799,1.5888035297393799,0.0,0.0,0.0,0.0,0.0,0.0,0.0,0.0,0.0,0.0,0.0,0.0,0.0,1.0000000413765828,1.0000000413765828,0.0,0,0,0,0,0,0,0,1.0,1.0,0.2,0.2
11,1100,0,odam,backbone,0.01083469670265913,0.0,global_ddp_mean,2,0.0,3.0540060997009277,3.0540060997009277,0.0,0.0,0.0,0.0,0.0,0.0,0.0,0.0,0.0,0.0,0.0,0.0,0.0,0.9999999653964883,0.9999999653964883,0.015072931279023358,0,0,0,0,0,0,0,1.0,1.0,0.2,0.2
11,1100,0,odam,fpn,0.01083469670265913,0.0,global_ddp_mean,2,0.0,0.5121041536331177,0.5121041536331177,0.0,0.0,0.0,0.0,0.0,0.0,0.0,0.0,0.0,0.0,0.0,0.0,0.0,0.9999999911599224,0.9999999911599224,0.007618433275624702,0,0,0,0,0,0,0,1.0,1.0,0.2,0.2
11,1100,0,odam,rpn,0.01083469670265913,0.0,global_ddp_mean,2,0.0,0.9195533990859985,0.9195533990859985,0.0,0.0,0.0,0.0,0.0,0.0,0.0,0.0,0.0,0.0,0.0,0.0,0.0,1.000000044841683,1.000000044841683,0.0,0,0,0,0,0,0,0,1.0,1.0,0.2,0.2
11,1100,0,odam,roi_shared,0.01083469670265913,0.0,global_ddp_mean,2,0.0,0.0,0.0,0.0,0.0,0.0,0.0,0.0,0.0,0.0,0.0,0.0,0.0,0.0,0.0,0.0,0.0,0.0,90.0,0,0,0,0,0,0,0,1.0,1.0,0.2,0.2
11,1100,0,odam,roi_cls,0.01083469670265913,0.0,global_ddp_mean,2,0.0,0.0,0.0,0.0,0.0,0.0,0.0,0.0,0.0,0.0,0.0,0.0,0.0,0.0,0.0,0.0,0.0,0.0,90.0,0,0,0,0,0,0,0,1.0,1.0,0.2,0.2
11,1100,0,odam,roi_reg,0.01083469670265913,0.0,global_ddp_mean,2,0.0,0.0,0.0,0.0,0.0,0.0,0.0,0.0,0.0,0.0,0.0,0.0,0.0,0.0,0.0,0.0,0.0,0.0,90.0,0,0,0,0,0,0,0,1.0,1.0,0.2,0.2
11,1200,0,odam,backbone,0.11356452107429504,-0.0,global_ddp_mean,2,0.0,7.736005783081055,7.736005783081055,0.0,0.0,0.0,0.0,0.0,0.0,0.0,0.0,0.0,0.0,0.0,0.0,0.0,0.9999999625333525,0.9999999625333525,0.015684116100976607,0,0,0,0,0,0,0,1.0,1.0,0.2,0.2
11,1200,0,odam,fpn,0.11356452107429504,-0.0,global_ddp_mean,2,0.0,1.1693345308303833,1.1693345308303833,0.0,0.0,0.0,0.0,0.0,0.0,0.0,0.0,0.0,0.0,0.0,0.0,0.0,1.0000000450136646,1.0000000450136646,0.0,0,0,0,0,0,0,0,1.0,1.0,0.2,0.2
11,1200,0,odam,rpn,0.11356452107429504,-0.0,global_ddp_mean,2,0.0,1.262956142425537,1.262956142425537,0.0,0.0,0.0,0.0,0.0,0.0,0.0,0.0,0.0,0.0,0.0,0.0,0.0,0.9999999158926293,0.9999999158926293,0.023499285716854834,0,0,0,0,0,0,0,1.0,1.0,0.2,0.2
11,1200,0,odam,roi_shared,0.11356452107429504,-0.0,global_ddp_mean,2,0.0,2.3413033485412598,2.3413033485412598,0.0,0.0,0.0,0.0,0.0,0.0,0.0,0.0,0.0,0.0,0.0,0.0,0.0,0.9999999137724427,0.9999999137724427,0.023793628423294615,0,0,0,0,0,0,0,1.0,1.0,0.2,0.2
11,1200,0,odam,roi_cls,0.11356452107429504,-0.0,global_ddp_mean,2,0.0,2.1691720485687256,2.1691720485687256,0.0,0.0,0.0,0.0,0.0,0.0,0.0,0.0,0.0,0.0,0.0,0.0,0.0,0.9999999214810268,0.9999999214810268,0.022705179463313532,0,0,0,0,0,0,0,1.0,1.0,0.2,0.2
11,1200,0,odam,roi_reg,0.11356452107429504,-0.0,global_ddp_mean,2,0.0,0.29611891508102417,0.29611891508102417,0.0,0.0,0.0,0.0,0.0,0.0,0.0,0.0,0.0,0.0,0.0,0.0,0.0,1.0000000019119966,1.0000000019119966,0.0,0,0,0,0,0,0,0,1.0,1.0,0.2,0.2
11,1300,0,odam,backbone,0.4127841591835022,-0.0,global_ddp_mean,2,0.0,27.132858276367188,27.132858276367188,0.0,0.0,0.0,0.0,0.0,0.0,0.0,0.0,0.0,0.0,0.0,0.0,0.0,1.0000000249338965,1.0000000249338965,0.0,0,0,0,0,0,0,0,1.0,1.0,0.2,0.2
11,1300,0,odam,fpn,0.4127841591835022,-0.0,global_ddp_mean,2,0.0,7.912764549255371,7.912764549255371,0.0,0.0,0.0,0.0,0.0,0.0,0.0,0.0,0.0,0.0,0.0,0.0,0.0,1.0000000047463593,1.0000000047463593,0.0,0,0,0,0,0,0,0,1.0,1.0,0.2,0.2
11,1300,0,odam,rpn,0.4127841591835022,-0.0,global_ddp_mean,2,0.0,5.366713047027588,5.366713047027588,0.0,0.0,0.0,0.0,0.0,0.0,0.0,0.0,0.0,0.0,0.0,0.0,0.0,0.9999999376014675,0.9999999376014675,0.020240667019427235,0,0,0,0,0,0,0,1.0,1.0,0.2,0.2
11,1300,0,odam,roi_shared,0.4127841591835022,-0.0,global_ddp_mean,2,0.0,17.49179458618164,17.49179458618164,0.0,0.0,0.0,0.0,0.0,0.0,0.0,0.0,0.0,0.0,0.0,0.0,0.0,1.0000000417692065,1.0000000417692065,0.0,0,0,0,0,0,0,0,1.0,1.0,0.2,0.2
11,1300,0,odam,roi_cls,0.4127841591835022,-0.0,global_ddp_mean,2,0.0,13.94923210144043,13.94923210144043,0.0,0.0,0.0,0.0,0.0,0.0,0.0,0.0,0.0,0.0,0.0,0.0,0.0,1.0000000461772651,1.0000000461772651,0.0,0,0,0,0,0,0,0,1.0,1.0,0.2,0.2
11,1300,0,odam,roi_reg,0.4127841591835022,-0.0,global_ddp_mean,2,0.0,5.514881610870361,5.514881610870361,0.0,0.0,0.0,0.0,0.0,0.0,0.0,0.0,0.0,0.0,0.0,0.0,0.0,1.0000000087767862,1.0000000087767862,0.0,0,0,0,0,0,0,0,1.0,1.0,0.2,0.2
11,1400,0,odam,backbone,0.00779492873698473,0.0,global_ddp_mean,2,0.0,3.366941452026367,3.366941452026367,0.0,0.0,0.0,0.0,0.0,0.0,0.0,0.0,0.0,0.0,0.0,0.0,0.0,0.99999994996786,0.99999994996786,0.018124338786401895,0,0,0,0,0,0,0,1.0,1.0,0.2,0.2
11,1400,0,odam,fpn,0.00779492873698473,0.0,global_ddp_mean,2,0.0,0.7083995342254639,0.7083995342254639,0.0,0.0,0.0,0.0,0.0,0.0,0.0,0.0,0.0,0.0,0.0,0.0,0.0,0.9999999252809575,0.9999999252809575,0.02214895709821212,0,0,0,0,0,0,0,1.0,1.0,0.2,0.2
11,1400,0,odam,rpn,0.00779492873698473,0.0,global_ddp_mean,2,0.0,0.758845329284668,0.758845329284668,0.0,0.0,0.0,0.0,0.0,0.0,0.0,0.0,0.0,0.0,0.0,0.0,0.0,0.9999999330442632,0.9999999330442632,0.020966769924494533,0,0,0,0,0,0,0,1.0,1.0,0.2,0.2
11,1400,0,odam,roi_shared,0.00779492873698473,0.0,global_ddp_mean,2,0.0,1.7431433200836182,1.7431433200836182,0.0,0.0,0.0,0.0,0.0,0.0,0.0,0.0,0.0,0.0,0.0,0.0,0.0,0.9999999457607226,0.9999999457607226,0.01887098544790416,0,0,0,0,0,0,0,1.0,1.0,0.2,0.2
11,1400,0,odam,roi_cls,0.00779492873698473,0.0,global_ddp_mean,2,0.0,1.325968861579895,1.325968861579895,0.0,0.0,0.0,0.0,0.0,0.0,0.0,0.0,0.0,0.0,0.0,0.0,0.0,0.9999999725858558,0.9999999725858558,0.013416059555281112,0,0,0,0,0,0,0,1.0,1.0,0.2,0.2
11,1400,0,odam,roi_reg,0.00779492873698473,0.0,global_ddp_mean,2,0.0,2.0708365440368652,2.0708365440368652,0.0,0.0,0.0,0.0,0.0,0.0,0.0,0.0,0.0,0.0,0.0,0.0,0.0,0.9999999863455352,0.9999999863455352,0.00946836456747838,0,0,0,0,0,0,0,1.0,1.0,0.2,0.2
12,0,0,odam,backbone,0.2174503654241562,0.05770527571439743,global_ddp_mean,2,-0.31775436641958266,9.452757835388184,9.452757835388184,3.1985902786254883,3.1985902786254883,3.1985902786254883,3.1985902786254883,0.6397180557250977,3.1985902786254883,0.3383764118711432,0.3383764118711432,0.3383764118711432,0.06767528237422865,0.06767528237422865,-0.021504118607672235,-0.021504118607672235,0.9784957721538932,0.997856653780791,3.7519876105983947,1,0,0,1,1,0,0,1.0,1.0,0.2,0.2
12,0,0,odam,fpn,0.2174503654241562,0.05770527571439743,global_ddp_mean,2,-0.16357128189715442,2.23410701751709,2.23410701751709,0.8200938701629639,0.8200938701629639,0.8200938701629639,0.8200938701629639,0.1640187740325928,0.8200938701629639,0.36707904488585696,0.36707904488585696,0.36707904488585696,0.0734158089771714,0.0734158089771714,-0.012008717836639229,-0.012008717836639229,0.9879913834620313,0.997323875866442,4.192640809205737,1,0,0,1,1,0,0,1.0,1.0,0.2,0.2
12,0,0,odam,rpn,0.2174503654241562,0.05770527571439743,global_ddp_mean,2,0.0,0.7047252058982849,0.7047252058982849,0.0,0.0,0.0,0.0,0.0,0.0,0.0,0.0,0.0,0.0,0.0,0.0,0.0,0.9999999934617779,0.9999999934617779,0.00655190307750699,0,0,0,0,0,0,0,1.0,1.0,0.2,0.2
12,0,0,odam,roi_shared,0.2174503654241562,0.05770527571439743,global_ddp_mean,2,0.010251884095758206,4.71599006652832,4.71599006652832,0.2535099983215332,0.2535099983215332,0.2535099983215332,0.2535099983215332,0.05070199966430664,0.2535099983215332,0.0537554139735826,0.0537554139735826,0.0537554139735826,0.01075108279471652,0.01075108279471652,0.00011021883168410801,0.00011021883168410801,1.000110035871985,0.9999421006874718,0.6165615379383501,0,0,0,0,0,0,0,1.0,1.0,0.2,0.2
12,0,0,odam,roi_cls,0.2174503654241562,0.05770527571439743,global_ddp_mean,2,0.0,4.2490458488464355,4.2490458488464355,0.0,0.0,0.0,0.0,0.0,0.0,0.0,0.0,0.0,0.0,0.0,0.0,0.0,1.0000000684245076,1.0000000684245076,0.0,0,0,0,0,0,0,0,1.0,1.0,0.2,0.2
12,0,0,odam,roi_reg,0.2174503654241562,0.05770527571439743,global_ddp_mean,2,0.08580740437317196,0.7753768563270569,0.7753768563270569,0.7986012101173401,0.7986012101173401,0.7986012101173401,0.7986012101173401,0.15972024202346802,0.7986012101173401,1.0299523433034827,1.0299523433034827,1.0299523433034827,0.20599046866069654,0.20599046866069654,0.017675506511938274,0.017675506511938274,1.0176754221589042,0.9802653072412074,11.401700677533762,0,1,0,0,0,0,0,1.0,1.0,0.2,0.2
12,100,0,odam,backbone,0.06671824306249619,-0.0,global_ddp_mean,2,0.0,8.495156288146973,8.495156288146973,0.0,0.0,0.0,0.0,0.0,0.0,0.0,0.0,0.0,0.0,0.0,0.0,0.0,1.0000000845580634,1.0000000845580634,0.0,0,0,0,0,0,0,0,1.0,1.0,0.2,0.2
12,100,0,odam,fpn,0.06671824306249619,-0.0,global_ddp_mean,2,0.0,1.478524923324585,1.478524923324585,0.0,0.0,0.0,0.0,0.0,0.0,0.0,0.0,0.0,0.0,0.0,0.0,0.0,1.000000073664089,1.000000073664089,0.0,0,0,0,0,0,0,0,1.0,1.0,0.2,0.2
12,100,0,odam,rpn,0.06671824306249619,-0.0,global_ddp_mean,2,0.0,2.2729549407958984,2.2729549407958984,0.0,0.0,0.0,0.0,0.0,0.0,0.0,0.0,0.0,0.0,0.0,0.0,0.0,0.9999999030095149,0.9999999030095149,0.025234935525338675,0,0,0,0,0,0,0,1.0,1.0,0.2,0.2
12,100,0,odam,roi_shared,0.06671824306249619,-0.0,global_ddp_mean,2,0.0,2.8026883602142334,2.8026883602142334,0.0,0.0,0.0,0.0,0.0,0.0,0.0,0.0,0.0,0.0,0.0,0.0,0.0,1.000000056048044,1.000000056048044,0.0,0,0,0,0,0,0,0,1.0,1.0,0.2,0.2
12,100,0,odam,roi_cls,0.06671824306249619,-0.0,global_ddp_mean,2,0.0,2.1702375411987305,2.1702375411987305,0.0,0.0,0.0,0.0,0.0,0.0,0.0,0.0,0.0,0.0,0.0,0.0,0.0,0.9999999812164385,0.9999999812164385,0.01110520554591658,0,0,0,0,0,0,0,1.0,1.0,0.2,0.2
12,100,0,odam,roi_reg,0.06671824306249619,-0.0,global_ddp_mean,2,0.0,1.7387657165527344,1.7387657165527344,0.0,0.0,0.0,0.0,0.0,0.0,0.0,0.0,0.0,0.0,0.0,0.0,0.0,1.0000000505150122,1.0000000505150122,0.0,0,0,0,0,0,0,0,1.0,1.0,0.2,0.2
12,200,0,odam,backbone,0.30988603830337524,0.0,global_ddp_mean,2,0.0,8.988377571105957,8.988377571105957,0.0,0.0,0.0,0.0,0.0,0.0,0.0,0.0,0.0,0.0,0.0,0.0,0.0,1.0000000986533257,1.0000000986533257,0.0,0,0,0,0,0,0,0,1.0,1.0,0.2,0.2
12,200,0,odam,fpn,0.30988603830337524,0.0,global_ddp_mean,2,0.0,1.1778372526168823,1.1778372526168823,0.0,0.0,0.0,0.0,0.0,0.0,0.0,0.0,0.0,0.0,0.0,0.0,0.0,1.0000000121748753,1.0000000121748753,0.0,0,0,0,0,0,0,0,1.0,1.0,0.2,0.2
12,200,0,odam,rpn,0.30988603830337524,0.0,global_ddp_mean,2,0.0,1.2718744277954102,1.2718744277954102,0.0,0.0,0.0,0.0,0.0,0.0,0.0,0.0,0.0,0.0,0.0,0.0,0.0,1.0000000095797859,1.0000000095797859,0.0,0,0,0,0,0,0,0,1.0,1.0,0.2,0.2
12,200,0,odam,roi_shared,0.30988603830337524,0.0,global_ddp_mean,2,0.0,2.2334189414978027,2.2334189414978027,0.0,0.0,0.0,0.0,0.0,0.0,0.0,0.0,0.0,0.0,0.0,0.0,0.0,0.9999999930075724,0.9999999930075724,0.006775660244610139,0,0,0,0,0,0,0,1.0,1.0,0.2,0.2
12,200,0,odam,roi_cls,0.30988603830337524,0.0,global_ddp_mean,2,0.0,1.8076848983764648,1.8076848983764648,0.0,0.0,0.0,0.0,0.0,0.0,0.0,0.0,0.0,0.0,0.0,0.0,0.0,0.9999999455857581,0.9999999455857581,0.018901397854549383,0,0,0,0,0,0,0,1.0,1.0,0.2,0.2
12,200,0,odam,roi_reg,0.30988603830337524,0.0,global_ddp_mean,2,0.0,1.8810440301895142,1.8810440301895142,0.0,0.0,0.0,0.0,0.0,0.0,0.0,0.0,0.0,0.0,0.0,0.0,0.0,1.0000000273443614,1.0000000273443614,0.0,0,0,0,0,0,0,0,1.0,1.0,0.2,0.2
12,300,0,odam,backbone,0.2663651406764984,0.0,global_ddp_mean,2,0.0,6.983640670776367,6.983640670776367,0.0,0.0,0.0,0.0,0.0,0.0,0.0,0.0,0.0,0.0,0.0,0.0,0.0,1.0000000659374952,1.0000000659374952,0.0,0,0,0,0,0,0,0,1.0,1.0,0.2,0.2
12,300,0,odam,fpn,0.2663651406764984,0.0,global_ddp_mean,2,0.0,1.964483618736267,1.964483618736267,0.0,0.0,0.0,0.0,0.0,0.0,0.0,0.0,0.0,0.0,0.0,0.0,0.0,0.9999999536031264,0.9999999536031264,0.01745347829739244,0,0,0,0,0,0,0,1.0,1.0,0.2,0.2
12,300,0,odam,rpn,0.2663651406764984,0.0,global_ddp_mean,2,0.0,1.6287271976470947,1.6287271976470947,0.0,0.0,0.0,0.0,0.0,0.0,0.0,0.0,0.0,0.0,0.0,0.0,0.0,1.0000000433848355,1.0000000433848355,0.0,0,0,0,0,0,0,0,1.0,1.0,0.2,0.2
12,300,0,odam,roi_shared,0.2663651406764984,0.0,global_ddp_mean,2,0.0,4.7003254890441895,4.7003254890441895,0.0,0.0,0.0,0.0,0.0,0.0,0.0,0.0,0.0,0.0,0.0,0.0,0.0,1.0000000789471934,1.0000000789471934,0.0,0,0,0,0,0,0,0,1.0,1.0,0.2,0.2
12,300,0,odam,roi_cls,0.2663651406764984,0.0,global_ddp_mean,2,0.0,3.0489425659179688,3.0489425659179688,0.0,0.0,0.0,0.0,0.0,0.0,0.0,0.0,0.0,0.0,0.0,0.0,0.0,0.9999999248551718,0.9999999248551718,0.0222119752581866,0,0,0,0,0,0,0,1.0,1.0,0.2,0.2
12,300,0,odam,roi_reg,0.2663651406764984,0.0,global_ddp_mean,2,0.0,2.040172576904297,2.040172576904297,0.0,0.0,0.0,0.0,0.0,0.0,0.0,0.0,0.0,0.0,0.0,0.0,0.0,0.9999999473868885,0.9999999473868885,0.018585944052037166,0,0,0,0,0,0,0,1.0,1.0,0.2,0.2
12,400,0,odam,backbone,0.010773813351988792,0.0,global_ddp_mean,2,0.0,10.439862251281738,10.439862251281738,0.0,0.0,0.0,0.0,0.0,0.0,0.0,0.0,0.0,0.0,0.0,0.0,0.0,1.000000059270247,1.000000059270247,0.0,0,0,0,0,0,0,0,1.0,1.0,0.2,0.2
12,400,0,odam,fpn,0.010773813351988792,0.0,global_ddp_mean,2,0.0,1.7759085893630981,1.7759085893630981,0.0,0.0,0.0,0.0,0.0,0.0,0.0,0.0,0.0,0.0,0.0,0.0,0.0,0.9999999850665218,0.9999999850665218,0.00990189045476395,0,0,0,0,0,0,0,1.0,1.0,0.2,0.2
12,400,0,odam,rpn,0.010773813351988792,0.0,global_ddp_mean,2,0.0,1.391830325126648,1.391830325126648,0.0,0.0,0.0,0.0,0.0,0.0,0.0,0.0,0.0,0.0,0.0,0.0,0.0,0.9999999750286874,0.9999999750286874,0.012804372989325472,0,0,0,0,0,0,0,1.0,1.0,0.2,0.2
12,400,0,odam,roi_shared,0.010773813351988792,0.0,global_ddp_mean,2,0.0,3.5464491844177246,3.5464491844177246,0.0,0.0,0.0,0.0,0.0,0.0,0.0,0.0,0.0,0.0,0.0,0.0,0.0,0.9999999370082288,0.9999999370082288,0.020336656008691542,0,0,0,0,0,0,0,1.0,1.0,0.2,0.2
12,400,0,odam,roi_cls,0.010773813351988792,0.0,global_ddp_mean,2,0.0,1.7366386651992798,1.7366386651992798,0.0,0.0,0.0,0.0,0.0,0.0,0.0,0.0,0.0,0.0,0.0,0.0,0.0,0.9999999573708499,0.9999999573708499,0.016729808464783183,0,0,0,0,0,0,0,1.0,1.0,0.2,0.2
12,400,0,odam,roi_reg,0.010773813351988792,0.0,global_ddp_mean,2,0.0,3.3906896114349365,3.3906896114349365,0.0,0.0,0.0,0.0,0.0,0.0,0.0,0.0,0.0,0.0,0.0,0.0,0.0,1.0000000469451387,1.0000000469451387,0.0,0,0,0,0,0,0,0,1.0,1.0,0.2,0.2
12,500,0,odam,backbone,0.05411422997713089,0.0,global_ddp_mean,2,0.0,9.447403907775879,9.447403907775879,0.0,0.0,0.0,0.0,0.0,0.0,0.0,0.0,0.0,0.0,0.0,0.0,0.0,1.0000000029161302,1.0000000029161302,0.0,0,0,0,0,0,0,0,1.0,1.0,0.2,0.2
12,500,0,odam,fpn,0.05411422997713089,0.0,global_ddp_mean,2,0.0,1.7079463005065918,1.7079463005065918,0.0,0.0,0.0,0.0,0.0,0.0,0.0,0.0,0.0,0.0,0.0,0.0,0.0,1.0000000258404564,1.0000000258404564,0.0,0,0,0,0,0,0,0,1.0,1.0,0.2,0.2
12,500,0,odam,rpn,0.05411422997713089,0.0,global_ddp_mean,2,0.0,2.0159924030303955,2.0159924030303955,0.0,0.0,0.0,0.0,0.0,0.0,0.0,0.0,0.0,0.0,0.0,0.0,0.0,1.0000000749464513,1.0000000749464513,0.0,0,0,0,0,0,0,0,1.0,1.0,0.2,0.2
12,500,0,odam,roi_shared,0.05411422997713089,0.0,global_ddp_mean,2,0.0,2.757760763168335,2.757760763168335,0.0,0.0,0.0,0.0,0.0,0.0,0.0,0.0,0.0,0.0,0.0,0.0,0.0,0.9999999648699902,0.9999999648699902,0.015187166943836865,0,0,0,0,0,0,0,1.0,1.0,0.2,0.2
12,500,0,odam,roi_cls,0.05411422997713089,0.0,global_ddp_mean,2,0.0,2.8271164894104004,2.8271164894104004,0.0,0.0,0.0,0.0,0.0,0.0,0.0,0.0,0.0,0.0,0.0,0.0,0.0,0.9999999305409416,0.9999999305409416,0.02135512306688094,0,0,0,0,0,0,0,1.0,1.0,0.2,0.2
12,500,0,odam,roi_reg,0.05411422997713089,0.0,global_ddp_mean,2,0.0,0.0,0.0,0.0,0.0,0.0,0.0,0.0,0.0,0.0,0.0,0.0,0.0,0.0,0.0,0.0,0.0,0.0,90.0,0,0,0,0,0,0,0,1.0,1.0,0.2,0.2
12,600,0,odam,backbone,0.4260525405406952,0.00010002159251598641,global_ddp_mean,2,0.0,71.425048828125,71.425048828125,0.0,0.0,0.0,0.0,0.0,0.0,0.0,0.0,0.0,0.0,0.0,0.0,0.0,0.9999999038084046,0.9999999038084046,0.025130793266982802,0,0,0,0,0,0,0,1.0,1.0,0.2,0.2
12,600,0,odam,fpn,0.4260525405406952,0.00010002159251598641,global_ddp_mean,2,0.0,8.169473648071289,8.169473648071289,0.0,0.0,0.0,0.0,0.0,0.0,0.0,0.0,0.0,0.0,0.0,0.0,0.0,1.0000000502398039,1.0000000502398039,0.0,0,0,0,0,0,0,0,1.0,1.0,0.2,0.2
12,600,0,odam,rpn,0.4260525405406952,0.00010002159251598641,global_ddp_mean,2,0.0,9.059989929199219,9.059989929199219,0.0,0.0,0.0,0.0,0.0,0.0,0.0,0.0,0.0,0.0,0.0,0.0,0.0,0.9999999348616168,0.9999999348616168,0.020680265978009624,0,0,0,0,0,0,0,1.0,1.0,0.2,0.2
12,600,0,odam,roi_shared,0.4260525405406952,0.00010002159251598641,global_ddp_mean,2,0.0,15.224371910095215,15.224371910095215,0.0,0.0,0.0,0.0,0.0,0.0,0.0,0.0,0.0,0.0,0.0,0.0,0.0,0.999999974474791,0.999999974474791,0.012945602988769301,0,0,0,0,0,0,0,1.0,1.0,0.2,0.2
12,600,0,odam,roi_cls,0.4260525405406952,0.00010002159251598641,global_ddp_mean,2,0.0,11.736077308654785,11.736077308654785,0.0,0.0,0.0,0.0,0.0,0.0,0.0,0.0,0.0,0.0,0.0,0.0,0.0,1.0000000639955369,1.0000000639955369,0.0,0,0,0,0,0,0,0,1.0,1.0,0.2,0.2
12,600,0,odam,roi_reg,0.4260525405406952,0.00010002159251598641,global_ddp_mean,2,0.0,6.319700241088867,6.319700241088867,0.0,0.0,0.0,0.0,0.0,0.0,0.0,0.0,0.0,0.0,0.0,0.0,0.0,0.9999999734513956,0.9999999734513956,0.013202570020958516,0,0,0,0,0,0,0,1.0,1.0,0.2,0.2
12,700,0,odam,backbone,0.08895045518875122,0.0,global_ddp_mean,2,0.0,6.3192338943481445,6.3192338943481445,0.0,0.0,0.0,0.0,0.0,0.0,0.0,0.0,0.0,0.0,0.0,0.0,0.0,0.9999999839267258,0.9999999839267258,0.01027282304008503,0,0,0,0,0,0,0,1.0,1.0,0.2,0.2
12,700,0,odam,fpn,0.08895045518875122,0.0,global_ddp_mean,2,0.0,1.4217089414596558,1.4217089414596558,0.0,0.0,0.0,0.0,0.0,0.0,0.0,0.0,0.0,0.0,0.0,0.0,0.0,1.0000000656087222,1.0000000656087222,0.0,0,0,0,0,0,0,0,1.0,1.0,0.2,0.2
12,700,0,odam,rpn,0.08895045518875122,0.0,global_ddp_mean,2,0.0,1.3207213878631592,1.3207213878631592,0.0,0.0,0.0,0.0,0.0,0.0,0.0,0.0,0.0,0.0,0.0,0.0,0.0,0.999999949000783,0.999999949000783,0.018298664142880873,0,0,0,0,0,0,0,1.0,1.0,0.2,0.2
12,700,0,odam,roi_shared,0.08895045518875122,0.0,global_ddp_mean,2,0.0,2.9673562049865723,2.9673562049865723,0.0,0.0,0.0,0.0,0.0,0.0,0.0,0.0,0.0,0.0,0.0,0.0,0.0,1.0000000670663554,1.0000000670663554,0.0,0,0,0,0,0,0,0,1.0,1.0,0.2,0.2
12,700,0,odam,roi_cls,0.08895045518875122,0.0,global_ddp_mean,2,0.0,2.8187758922576904,2.8187758922576904,0.0,0.0,0.0,0.0,0.0,0.0,0.0,0.0,0.0,0.0,0.0,0.0,0.0,0.9999999377266292,0.9999999377266292,0.0202203570294291,0,0,0,0,0,0,0,1.0,1.0,0.2,0.2
12,700,0,odam,roi_reg,0.08895045518875122,0.0,global_ddp_mean,2,0.0,0.2649230360984802,0.2649230360984802,0.0,0.0,0.0,0.0,0.0,0.0,0.0,0.0,0.0,0.0,0.0,0.0,0.0,1.000000012077438,1.000000012077438,0.0,0,0,0,0,0,0,0,1.0,1.0,0.2,0.2
12,800,0,odam,backbone,0.018335776403546333,0.0,global_ddp_mean,2,0.0,4.770602703094482,4.770602703094482,0.0,0.0,0.0,0.0,0.0,0.0,0.0,0.0,0.0,0.0,0.0,0.0,0.0,0.9999999019242707,0.9999999019242707,0.02537572195001414,0,0,0,0,0,0,0,1.0,1.0,0.2,0.2
12,800,0,odam,fpn,0.018335776403546333,0.0,global_ddp_mean,2,0.0,0.924699604511261,0.924699604511261,0.0,0.0,0.0,0.0,0.0,0.0,0.0,0.0,0.0,0.0,0.0,0.0,0.0,1.0000000471268464,1.0000000471268464,0.0,0,0,0,0,0,0,0,1.0,1.0,0.2,0.2
12,800,0,odam,rpn,0.018335776403546333,0.0,global_ddp_mean,2,0.0,0.6606835722923279,0.6606835722923279,0.0,0.0,0.0,0.0,0.0,0.0,0.0,0.0,0.0,0.0,0.0,0.0,0.0,1.0000000041091002,1.0000000041091002,0.0,0,0,0,0,0,0,0,1.0,1.0,0.2,0.2
12,800,0,odam,roi_shared,0.018335776403546333,0.0,global_ddp_mean,2,0.0,2.0031578540802,2.0031578540802,0.0,0.0,0.0,0.0,0.0,0.0,0.0,0.0,0.0,0.0,0.0,0.0,0.0,1.0000000103517674,1.0000000103517674,0.0,0,0,0,0,0,0,0,1.0,1.0,0.2,0.2
12,800,0,odam,roi_cls,0.018335776403546333,0.0,global_ddp_mean,2,0.0,1.8629060983657837,1.8629060983657837,0.0,0.0,0.0,0.0,0.0,0.0,0.0,0.0,0.0,0.0,0.0,0.0,0.0,0.9999999420027644,0.9999999420027644,0.019513774368458945,0,0,0,0,0,0,0,1.0,1.0,0.2,0.2
12,800,0,odam,roi_reg,0.018335776403546333,0.0,global_ddp_mean,2,0.0,0.4480000138282776,0.4480000138282776,0.0,0.0,0.0,0.0,0.0,0.0,0.0,0.0,0.0,0.0,0.0,0.0,0.0,0.9999999798245123,0.9999999798245123,0.011509319653279781,0,0,0,0,0,0,0,1.0,1.0,0.2,0.2
12,900,0,odam,backbone,0.3839767575263977,0.0,global_ddp_mean,2,0.0,68.4956283569336,68.4956283569336,0.0,0.0,0.0,0.0,0.0,0.0,0.0,0.0,0.0,0.0,0.0,0.0,0.0,0.9999999520201075,0.9999999520201075,0.01774872936538748,0,0,0,0,0,0,0,1.0,1.0,0.2,0.2
12,900,0,odam,fpn,0.3839767575263977,0.0,global_ddp_mean,2,0.0,5.653987884521484,5.653987884521484,0.0,0.0,0.0,0.0,0.0,0.0,0.0,0.0,0.0,0.0,0.0,0.0,0.0,1.000000056212338,1.000000056212338,0.0,0,0,0,0,0,0,0,1.0,1.0,0.2,0.2
12,900,0,odam,rpn,0.3839767575263977,0.0,global_ddp_mean,2,0.0,7.289651393890381,7.289651393890381,0.0,0.0,0.0,0.0,0.0,0.0,0.0,0.0,0.0,0.0,0.0,0.0,0.0,1.0000000295075686,1.0000000295075686,0.0,0,0,0,0,0,0,0,1.0,1.0,0.2,0.2
12,900,0,odam,roi_shared,0.3839767575263977,0.0,global_ddp_mean,2,0.0,10.229507446289062,10.229507446289062,0.0,0.0,0.0,0.0,0.0,0.0,0.0,0.0,0.0,0.0,0.0,0.0,0.0,0.9999999239560563,0.9999999239560563,0.022344464388931153,0,0,0,0,0,0,0,1.0,1.0,0.2,0.2
12,900,0,odam,roi_cls,0.3839767575263977,0.0,global_ddp_mean,2,0.0,10.379372596740723,10.379372596740723,0.0,0.0,0.0,0.0,0.0,0.0,0.0,0.0,0.0,0.0,0.0,0.0,0.0,0.9999999398186691,0.9999999398186691,0.019877809601341286,0,0,0,0,0,0,0,1.0,1.0,0.2,0.2
12,900,0,odam,roi_reg,0.3839767575263977,0.0,global_ddp_mean,2,0.0,5.9518141746521,5.9518141746521,0.0,0.0,0.0,0.0,0.0,0.0,0.0,0.0,0.0,0.0,0.0,0.0,0.0,0.9999999822019905,0.9999999822019905,0.010809941610607684,0,0,0,0,0,0,0,1.0,1.0,0.2,0.2
12,1000,0,odam,backbone,1.0635966062545776,0.0,global_ddp_mean,2,0.0,45.208953857421875,45.208953857421875,0.0,0.0,0.0,0.0,0.0,0.0,0.0,0.0,0.0,0.0,0.0,0.0,0.0,0.9999999894425629,0.9999999894425629,0.00832562571415722,0,0,0,0,0,0,0,1.0,1.0,0.2,0.2
12,1000,0,odam,fpn,1.0635966062545776,0.0,global_ddp_mean,2,0.0,8.323851585388184,8.323851585388184,0.0,0.0,0.0,0.0,0.0,0.0,0.0,0.0,0.0,0.0,0.0,0.0,0.0,0.9999999106300447,0.9999999106300447,0.024223305357084814,0,0,0,0,0,0,0,1.0,1.0,0.2,0.2
12,1000,0,odam,rpn,1.0635966062545776,0.0,global_ddp_mean,2,0.0,3.6245009899139404,3.6245009899139404,0.0,0.0,0.0,0.0,0.0,0.0,0.0,0.0,0.0,0.0,0.0,0.0,0.0,1.0000000218794682,1.0000000218794682,0.0,0,0,0,0,0,0,0,1.0,1.0,0.2,0.2
12,1000,0,odam,roi_shared,1.0635966062545776,0.0,global_ddp_mean,2,0.0,17.333894729614258,17.333894729614258,0.0,0.0,0.0,0.0,0.0,0.0,0.0,0.0,0.0,0.0,0.0,0.0,0.0,1.0000000723058804,1.0000000723058804,0.0,0,0,0,0,0,0,0,1.0,1.0,0.2,0.2
12,1000,0,odam,roi_cls,1.0635966062545776,0.0,global_ddp_mean,2,0.0,13.36444091796875,13.36444091796875,0.0,0.0,0.0,0.0,0.0,0.0,0.0,0.0,0.0,0.0,0.0,0.0,0.0,0.9999999737823472,0.9999999737823472,0.013120021155268918,0,0,0,0,0,0,0,1.0,1.0,0.2,0.2
12,1000,0,odam,roi_reg,1.0635966062545776,0.0,global_ddp_mean,2,0.0,6.8881354331970215,6.8881354331970215,0.0,0.0,0.0,0.0,0.0,0.0,0.0,0.0,0.0,0.0,0.0,0.0,0.0,0.9999999488275488,0.9999999488275488,0.01832971625880133,0,0,0,0,0,0,0,1.0,1.0,0.2,0.2
12,1100,0,odam,backbone,0.051082707941532135,-0.0,global_ddp_mean,2,0.0,8.298913955688477,8.298913955688477,0.0,0.0,0.0,0.0,0.0,0.0,0.0,0.0,0.0,0.0,0.0,0.0,0.0,1.0000000858962568,1.0000000858962568,0.0,0,0,0,0,0,0,0,1.0,1.0,0.2,0.2
12,1100,0,odam,fpn,0.051082707941532135,-0.0,global_ddp_mean,2,0.0,1.462638020515442,1.462638020515442,0.0,0.0,0.0,0.0,0.0,0.0,0.0,0.0,0.0,0.0,0.0,0.0,0.0,1.0000000666004114,1.0000000666004114,0.0,0,0,0,0,0,0,0,1.0,1.0,0.2,0.2
12,1100,0,odam,rpn,0.051082707941532135,-0.0,global_ddp_mean,2,0.0,1.786468267440796,1.786468267440796,0.0,0.0,0.0,0.0,0.0,0.0,0.0,0.0,0.0,0.0,0.0,0.0,0.0,0.9999999514627275,0.9999999514627275,0.01785152474034172,0,0,0,0,0,0,0,1.0,1.0,0.2,0.2
12,1100,0,odam,roi_shared,0.051082707941532135,-0.0,global_ddp_mean,2,0.0,3.8827943801879883,3.8827943801879883,0.0,0.0,0.0,0.0,0.0,0.0,0.0,0.0,0.0,0.0,0.0,0.0,0.0,0.999999971314715,0.999999971314715,0.013723573610317922,0,0,0,0,0,0,0,1.0,1.0,0.2,0.2
12,1100,0,odam,roi_cls,0.051082707941532135,-0.0,global_ddp_mean,2,0.0,2.9843223094940186,2.9843223094940186,0.0,0.0,0.0,0.0,0.0,0.0,0.0,0.0,0.0,0.0,0.0,0.0,0.0,0.999999975427946,0.999999975427946,0.012701597935756365,0,0,0,0,0,0,0,1.0,1.0,0.2,0.2
12,1100,0,odam,roi_reg,0.051082707941532135,-0.0,global_ddp_mean,2,0.0,1.0913408994674683,1.0913408994674683,0.0,0.0,0.0,0.0,0.0,0.0,0.0,0.0,0.0,0.0,0.0,0.0,0.0,1.0000000502437447,1.0000000502437447,0.0,0,0,0,0,0,0,0,1.0,1.0,0.2,0.2
12,1200,0,odam,backbone,0.6090055704116821,-0.0,global_ddp_mean,2,0.0,10.41838550567627,10.41838550567627,0.0,0.0,0.0,0.0,0.0,0.0,0.0,0.0,0.0,0.0,0.0,0.0,0.0,0.9999999869366478,0.9999999869366478,0.009261150638552602,0,0,0,0,0,0,0,1.0,1.0,0.2,0.2
12,1200,0,odam,fpn,0.6090055704116821,-0.0,global_ddp_mean,2,0.0,2.107020139694214,2.107020139694214,0.0,0.0,0.0,0.0,0.0,0.0,0.0,0.0,0.0,0.0,0.0,0.0,0.0,0.9999999642761396,0.9999999642761396,0.015314993734875456,0,0,0,0,0,0,0,1.0,1.0,0.2,0.2
12,1200,0,odam,rpn,0.6090055704116821,-0.0,global_ddp_mean,2,0.0,4.3565778732299805,4.3565778732299805,0.0,0.0,0.0,0.0,0.0,0.0,0.0,0.0,0.0,0.0,0.0,0.0,0.0,0.9999998939678816,0.9999998939678816,0.0263849547205072,0,0,0,0,0,0,0,1.0,1.0,0.2,0.2
12,1200,0,odam,roi_shared,0.6090055704116821,-0.0,global_ddp_mean,2,0.0,4.024159908294678,4.024159908294678,0.0,0.0,0.0,0.0,0.0,0.0,0.0,0.0,0.0,0.0,0.0,0.0,0.0,1.000000114541013,1.000000114541013,0.0,0,0,0,0,0,0,0,1.0,1.0,0.2,0.2
12,1200,0,odam,roi_cls,0.6090055704116821,-0.0,global_ddp_mean,2,0.0,2.8180763721466064,2.8180763721466064,0.0,0.0,0.0,0.0,0.0,0.0,0.0,0.0,0.0,0.0,0.0,0.0,0.0,1.0000000134866824,1.0000000134866824,0.0,0,0,0,0,0,0,0,1.0,1.0,0.2,0.2
12,1200,0,odam,roi_reg,0.6090055704116821,-0.0,global_ddp_mean,2,0.0,2.4484124183654785,2.4484124183654785,0.0,0.0,0.0,0.0,0.0,0.0,0.0,0.0,0.0,0.0,0.0,0.0,0.0,0.9999999120499659,0.9999999120499659,0.02403010340407327,0,0,0,0,0,0,0,1.0,1.0,0.2,0.2
12,1300,0,odam,backbone,1.1681396961212158,0.00010002159251598641,global_ddp_mean,2,-0.2812934064232423,18.32889175415039,18.32889175415039,6.06772201927619e-11,6.06772201927619e-11,6.06772201927619e-11,6.06772201927619e-11,1.2135444038552379e-11,6.06772201927619e-11,3.3104685764223663e-12,3.3104685764223663e-12,3.3104685764223663e-12,6.620937152844733e-13,6.620937152844733e-13,-1.8624262546029945e-13,-1.8624262546029945e-13,0.9999999993145252,0.9999999993145252,0.002121452798068298,1,0,0,0,0,0,0,1.0,1.0,0.2,0.2
12,1300,0,odam,fpn,1.1681396961212158,0.00010002159251598641,global_ddp_mean,2,-0.23655489617976752,3.555192470550537,3.555192470550537,1.6846869385633845e-11,1.6846869385633845e-11,1.6846869385633845e-11,1.6846869385633845e-11,3.369373877126769e-12,1.6846869385633845e-11,4.738665916173318e-12,4.738665916173318e-12,4.738665916173318e-12,9.477331832346636e-13,9.477331832346636e-13,-2.2419094878448563e-13,-2.2419094878448563e-13,0.9999999485832901,0.9999999485832901,0.018373410307787767,1,0,0,0,0,0,0,1.0,1.0,0.2,0.2
12,1300,0,odam,rpn,1.1681396961212158,0.00010002159251598641,global_ddp_mean,2,0.0,6.480900287628174,6.480900287628174,0.0,0.0,0.0,0.0,0.0,0.0,0.0,0.0,0.0,0.0,0.0,0.0,0.0,1.0000000676737215,1.0000000676737215,0.0,0,0,0,0,0,0,0,1.0,1.0,0.2,0.2
12,1300,0,odam,roi_shared,1.1681396961212158,0.00010002159251598641,global_ddp_mean,2,-0.24284354049851886,6.5949554443359375,6.5949554443359375,3.406664880745147e-11,3.406664880745147e-11,3.406664880745147e-11,3.406664880745147e-11,6.813329761490295e-12,3.406664880745147e-11,5.1655616319151235e-12,5.1655616319151235e-12,5.1655616319151235e-12,1.0331123263830247e-12,1.0331123263830247e-12,-2.5088468697928937e-13,-2.5088468697928937e-13,1.0000000323710194,1.0000000323710194,0.0,1,0,0,0,0,0,0,1.0,1.0,0.2,0.2
12,1300,0,odam,roi_cls,1.1681396961212158,0.00010002159251598641,global_ddp_mean,2,0.0,5.4570841789245605,5.4570841789245605,0.0,0.0,0.0,0.0,0.0,0.0,0.0,0.0,0.0,0.0,0.0,0.0,0.0,0.999999944488987,0.999999944488987,0.01909093542421844,0,0,0,0,0,0,0,1.0,1.0,0.2,0.2
12,1300,0,odam,roi_reg,1.1681396961212158,0.00010002159251598641,global_ddp_mean,2,-0.5426671680974845,4.039234161376953,4.039234161376953,6.646764388884563e-11,6.646764388884563e-11,6.646764388884563e-11,6.646764388884563e-11,1.3293528777769127e-11,6.646764388884563e-11,1.6455506473085276e-11,1.6455506473085276e-11,1.6455506473085276e-11,3.2911012946170554e-12,3.2911012946170554e-12,-1.785972321763994e-12,-1.785972321763994e-12,0.9999999945406055,0.9999999945406055,0.005987008421905033,1,0,0,0,0,0,0,1.0,1.0,0.2,0.2
12,1400,0,odam,backbone,0.8376436829566956,0.00010002159251598641,global_ddp_mean,2,0.0,18.66822624206543,18.66822624206543,0.0,0.0,0.0,0.0,0.0,0.0,0.0,0.0,0.0,0.0,0.0,0.0,0.0,0.9999999541018052,0.9999999541018052,0.01735942893631026,0,0,0,0,0,0,0,1.0,1.0,0.2,0.2
12,1400,0,odam,fpn,0.8376436829566956,0.00010002159251598641,global_ddp_mean,2,0.0,4.150712490081787,4.150712490081787,0.0,0.0,0.0,0.0,0.0,0.0,0.0,0.0,0.0,0.0,0.0,0.0,0.0,0.9999999101979378,0.9999999101979378,0.024281795013875354,0,0,0,0,0,0,0,1.0,1.0,0.2,0.2
12,1400,0,odam,rpn,0.8376436829566956,0.00010002159251598641,global_ddp_mean,2,0.0,2.601820230484009,2.601820230484009,0.0,0.0,0.0,0.0,0.0,0.0,0.0,0.0,0.0,0.0,0.0,0.0,0.0,1.0000000402655562,1.0000000402655562,0.0,0,0,0,0,0,0,0,1.0,1.0,0.2,0.2
12,1400,0,odam,roi_shared,0.8376436829566956,0.00010002159251598641,global_ddp_mean,2,0.0,8.99476432800293,8.99476432800293,0.0,0.0,0.0,0.0,0.0,0.0,0.0,0.0,0.0,0.0,0.0,0.0,0.0,0.9999999912320189,0.9999999912320189,0.007587303096102775,0,0,0,0,0,0,0,1.0,1.0,0.2,0.2
12,1400,0,odam,roi_cls,0.8376436829566956,0.00010002159251598641,global_ddp_mean,2,0.0,8.178987503051758,8.178987503051758,0.0,0.0,0.0,0.0,0.0,0.0,0.0,0.0,0.0,0.0,0.0,0.0,0.0,0.9999999895567195,0.9999999895567195,0.008280491226651712,0,0,0,0,0,0,0,1.0,1.0,0.2,0.2
12,1400,0,odam,roi_reg,0.8376436829566956,0.00010002159251598641,global_ddp_mean,2,0.0,2.7592999935150146,2.7592999935150146,0.0,0.0,0.0,0.0,0.0,0.0,0.0,0.0,0.0,0.0,0.0,0.0,0.0,0.9999999603922416,0.9999999603922416,0.01612604115488731,0,0,0,0,0,0,0,1.0,1.0,0.2,0.2
13,0,0,odam,backbone,0.07557636499404907,-0.0,global_ddp_mean,2,0.0,6.560399055480957,6.560399055480957,0.0,0.0,0.0,0.0,0.0,0.0,0.0,0.0,0.0,0.0,0.0,0.0,0.0,1.000000038702392,1.000000038702392,0.0,0,0,0,0,0,0,0,1.0,1.0,0.2,0.2
13,0,0,odam,fpn,0.07557636499404907,-0.0,global_ddp_mean,2,0.0,1.4586236476898193,1.4586236476898193,0.0,0.0,0.0,0.0,0.0,0.0,0.0,0.0,0.0,0.0,0.0,0.0,0.0,0.999999926145043,0.999999926145043,0.022020514296066128,0,0,0,0,0,0,0,1.0,1.0,0.2,0.2
13,0,0,odam,rpn,0.07557636499404907,-0.0,global_ddp_mean,2,0.0,3.290330648422241,3.290330648422241,0.0,0.0,0.0,0.0,0.0,0.0,0.0,0.0,0.0,0.0,0.0,0.0,0.0,1.0000000045771753,1.0000000045771753,0.0,0,0,0,0,0,0,0,1.0,1.0,0.2,0.2
13,0,0,odam,roi_shared,0.07557636499404907,-0.0,global_ddp_mean,2,0.0,2.669966459274292,2.669966459274292,0.0,0.0,0.0,0.0,0.0,0.0,0.0,0.0,0.0,0.0,0.0,0.0,0.0,1.00000004818998,1.00000004818998,0.0,0,0,0,0,0,0,0,1.0,1.0,0.2,0.2
13,0,0,odam,roi_cls,0.07557636499404907,-0.0,global_ddp_mean,2,0.0,1.7242720127105713,1.7242720127105713,0.0,0.0,0.0,0.0,0.0,0.0,0.0,0.0,0.0,0.0,0.0,0.0,0.0,1.0000000134051068,1.0000000134051068,0.0,0,0,0,0,0,0,0,1.0,1.0,0.2,0.2
13,0,0,odam,roi_reg,0.07557636499404907,-0.0,global_ddp_mean,2,0.0,2.5030763149261475,2.5030763149261475,0.0,0.0,0.0,0.0,0.0,0.0,0.0,0.0,0.0,0.0,0.0,0.0,0.0,0.9999999736027745,0.9999999736027745,0.013164875991038412,0,0,0,0,0,0,0,1.0,1.0,0.2,0.2
13,100,0,odam,backbone,0.1920427680015564,0.0,global_ddp_mean,2,0.0,10.897842407226562,10.897842407226562,0.0,0.0,0.0,0.0,0.0,0.0,0.0,0.0,0.0,0.0,0.0,0.0,0.0,1.0000000070557136,1.0000000070557136,0.0,0,0,0,0,0,0,0,1.0,1.0,0.2,0.2
13,100,0,odam,fpn,0.1920427680015564,0.0,global_ddp_mean,2,0.0,2.1053292751312256,2.1053292751312256,0.0,0.0,0.0,0.0,0.0,0.0,0.0,0.0,0.0,0.0,0.0,0.0,0.0,1.0000000708328305,1.0000000708328305,0.0,0,0,0,0,0,0,0,1.0,1.0,0.2,0.2
13,100,0,odam,rpn,0.1920427680015564,0.0,global_ddp_mean,2,0.0,2.21932315826416,2.21932315826416,0.0,0.0,0.0,0.0,0.0,0.0,0.0,0.0,0.0,0.0,0.0,0.0,0.0,0.9999999454042293,0.9999999454042293,0.018932899635813346,0,0,0,0,0,0,0,1.0,1.0,0.2,0.2
13,100,0,odam,roi_shared,0.1920427680015564,0.0,global_ddp_mean,2,0.0,4.7737627029418945,4.7737627029418945,0.0,0.0,0.0,0.0,0.0,0.0,0.0,0.0,0.0,0.0,0.0,0.0,0.0,0.9999999332406017,0.9999999332406017,0.020936006268679964,0,0,0,0,0,0,0,1.0,1.0,0.2,0.2
13,100,0,odam,roi_cls,0.1920427680015564,0.0,global_ddp_mean,2,0.0,3.508913516998291,3.508913516998291,0.0,0.0,0.0,0.0,0.0,0.0,0.0,0.0,0.0,0.0,0.0,0.0,0.0,0.9999999372462293,0.9999999372462293,0.02029820086667571,0,0,0,0,0,0,0,1.0,1.0,0.2,0.2
13,100,0,odam,roi_reg,0.1920427680015564,0.0,global_ddp_mean,2,0.0,3.4859914779663086,3.4859914779663086,0.0,0.0,0.0,0.0,0.0,0.0,0.0,0.0,0.0,0.0,0.0,0.0,0.0,1.000000017957304,1.000000017957304,0.0,0,0,0,0,0,0,0,1.0,1.0,0.2,0.2
13,200,0,odam,backbone,0.04187996685504913,-0.0,global_ddp_mean,2,0.0,10.657065391540527,10.657065391540527,0.0,0.0,0.0,0.0,0.0,0.0,0.0,0.0,0.0,0.0,0.0,0.0,0.0,0.9999999421894225,0.9999999421894225,0.019482347543281958,0,0,0,0,0,0,0,1.0,1.0,0.2,0.2
13,200,0,odam,fpn,0.04187996685504913,-0.0,global_ddp_mean,2,0.0,2.8083667755126953,2.8083667755126953,0.0,0.0,0.0,0.0,0.0,0.0,0.0,0.0,0.0,0.0,0.0,0.0,0.0,0.999999919783339,0.999999919783339,0.022949325374122784,0,0,0,0,0,0,0,1.0,1.0,0.2,0.2
13,200,0,odam,rpn,0.04187996685504913,-0.0,global_ddp_mean,2,0.0,4.154329299926758,4.154329299926758,0.0,0.0,0.0,0.0,0.0,0.0,0.0,0.0,0.0,0.0,0.0,0.0,0.0,0.9999999727415904,0.9999999727415904,0.013377898240443373,0,0,0,0,0,0,0,1.0,1.0,0.2,0.2
13,200,0,odam,roi_shared,0.04187996685504913,-0.0,global_ddp_mean,2,0.0,6.013388633728027,6.013388633728027,0.0,0.0,0.0,0.0,0.0,0.0,0.0,0.0,0.0,0.0,0.0,0.0,0.0,1.0000000009750432,1.0000000009750432,0.0,0,0,0,0,0,0,0,1.0,1.0,0.2,0.2
13,200,0,odam,roi_cls,0.04187996685504913,-0.0,global_ddp_mean,2,0.0,3.51656174659729,3.51656174659729,0.0,0.0,0.0,0.0,0.0,0.0,0.0,0.0,0.0,0.0,0.0,0.0,0.0,0.9999999718181186,0.9999999718181186,0.01360262177651955,0,0,0,0,0,0,0,1.0,1.0,0.2,0.2
13,200,0,odam,roi_reg,0.04187996685504913,-0.0,global_ddp_mean,2,0.0,4.259119033813477,4.259119033813477,0.0,0.0,0.0,0.0,0.0,0.0,0.0,0.0,0.0,0.0,0.0,0.0,0.0,0.9999999896851607,0.9999999896851607,0.008229413109594602,0,0,0,0,0,0,0,1.0,1.0,0.2,0.2
13,300,0,odam,backbone,0.012695607729256153,0.0,global_ddp_mean,2,0.0,10.610411643981934,10.610411643981934,0.0,0.0,0.0,0.0,0.0,0.0,0.0,0.0,0.0,0.0,0.0,0.0,0.0,1.000000051604749,1.000000051604749,0.0,0,0,0,0,0,0,0,1.0,1.0,0.2,0.2
13,300,0,odam,fpn,0.012695607729256153,0.0,global_ddp_mean,2,0.0,2.8209097385406494,2.8209097385406494,0.0,0.0,0.0,0.0,0.0,0.0,0.0,0.0,0.0,0.0,0.0,0.0,0.0,1.0000000221202558,1.0000000221202558,0.0,0,0,0,0,0,0,0,1.0,1.0,0.2,0.2
13,300,0,odam,rpn,0.012695607729256153,0.0,global_ddp_mean,2,0.0,4.032596588134766,4.032596588134766,0.0,0.0,0.0,0.0,0.0,0.0,0.0,0.0,0.0,0.0,0.0,0.0,0.0,0.9999999911221858,0.9999999911221858,0.007634676772538204,0,0,0,0,0,0,0,1.0,1.0,0.2,0.2
13,300,0,odam,roi_shared,0.012695607729256153,0.0,global_ddp_mean,2,0.0,7.095883846282959,7.095883846282959,0.0,0.0,0.0,0.0,0.0,0.0,0.0,0.0,0.0,0.0,0.0,0.0,0.0,1.00000005103029,1.00000005103029,0.0,0,0,0,0,0,0,0,1.0,1.0,0.2,0.2
13,300,0,odam,roi_cls,0.012695607729256153,0.0,global_ddp_mean,2,0.0,5.742462158203125,5.742462158203125,0.0,0.0,0.0,0.0,0.0,0.0,0.0,0.0,0.0,0.0,0.0,0.0,0.0,1.0000000121725374,1.0000000121725374,0.0,0,0,0,0,0,0,0,1.0,1.0,0.2,0.2
13,300,0,odam,roi_reg,0.012695607729256153,0.0,global_ddp_mean,2,0.0,2.582559585571289,2.582559585571289,0.0,0.0,0.0,0.0,0.0,0.0,0.0,0.0,0.0,0.0,0.0,0.0,0.0,0.9999999737870366,0.9999999737870366,0.013118847733846884,0,0,0,0,0,0,0,1.0,1.0,0.2,0.2
13,400,0,odam,backbone,0.017846673727035522,0.0,global_ddp_mean,2,0.0,5.9554595947265625,5.9554595947265625,0.0,0.0,0.0,0.0,0.0,0.0,0.0,0.0,0.0,0.0,0.0,0.0,0.0,0.99999999421657,0.99999999421657,0.006162123109208628,0,0,0,0,0,0,0,1.0,1.0,0.2,0.2
13,400,0,odam,fpn,0.017846673727035522,0.0,global_ddp_mean,2,0.0,1.2541025876998901,1.2541025876998901,0.0,0.0,0.0,0.0,0.0,0.0,0.0,0.0,0.0,0.0,0.0,0.0,0.0,0.9999999476589199,0.9999999476589199,0.018537833300485414,0,0,0,0,0,0,0,1.0,1.0,0.2,0.2
13,400,0,odam,rpn,0.017846673727035522,0.0,global_ddp_mean,2,0.0,1.7207218408584595,1.7207218408584595,0.0,0.0,0.0,0.0,0.0,0.0,0.0,0.0,0.0,0.0,0.0,0.0,0.0,1.000000068294604,1.000000068294604,0.0,0,0,0,0,0,0,0,1.0,1.0,0.2,0.2
13,400,0,odam,roi_shared,0.017846673727035522,0.0,global_ddp_mean,2,0.0,2.8384768962860107,2.8384768962860107,0.0,0.0,0.0,0.0,0.0,0.0,0.0,0.0,0.0,0.0,0.0,0.0,0.0,1.0000000536279392,1.0000000536279392,0.0,0,0,0,0,0,0,0,1.0,1.0,0.2,0.2
13,400,0,odam,roi_cls,0.017846673727035522,0.0,global_ddp_mean,2,0.0,2.3646445274353027,2.3646445274353027,0.0,0.0,0.0,0.0,0.0,0.0,0.0,0.0,0.0,0.0,0.0,0.0,0.0,1.0000000733565622,1.0000000733565622,0.0,0,0,0,0,0,0,0,1.0,1.0,0.2,0.2
13,400,0,odam,roi_reg,0.017846673727035522,0.0,global_ddp_mean,2,0.0,1.486575722694397,1.486575722694397,0.0,0.0,0.0,0.0,0.0,0.0,0.0,0.0,0.0,0.0,0.0,0.0,0.0,1.000000068977512,1.000000068977512,0.0,0,0,0,0,0,0,0,1.0,1.0,0.2,0.2
13,500,0,odam,backbone,0.013320527970790863,0.0,global_ddp_mean,2,0.0,8.693527221679688,8.693527221679688,0.0,0.0,0.0,0.0,0.0,0.0,0.0,0.0,0.0,0.0,0.0,0.0,0.0,1.0000000997866536,1.0000000997866536,0.0,0,0,0,0,0,0,0,1.0,1.0,0.2,0.2
13,500,0,odam,fpn,0.013320527970790863,0.0,global_ddp_mean,2,0.0,1.1723740100860596,1.1723740100860596,0.0,0.0,0.0,0.0,0.0,0.0,0.0,0.0,0.0,0.0,0.0,0.0,0.0,0.9999999977140809,0.9999999977140809,0.0038740753239379314,0,0,0,0,0,0,0,1.0,1.0,0.2,0.2
13,500,0,odam,rpn,0.013320527970790863,0.0,global_ddp_mean,2,0.0,1.0946623086929321,1.0946623086929321,0.0,0.0,0.0,0.0,0.0,0.0,0.0,0.0,0.0,0.0,0.0,0.0,0.0,0.9999999085352974,0.9999999085352974,0.02450554676150817,0,0,0,0,0,0,0,1.0,1.0,0.2,0.2
13,500,0,odam,roi_shared,0.013320527970790863,0.0,global_ddp_mean,2,0.0,2.194371461868286,2.194371461868286,0.0,0.0,0.0,0.0,0.0,0.0,0.0,0.0,0.0,0.0,0.0,0.0,0.0,1.000000103115783,1.000000103115783,0.0,0,0,0,0,0,0,0,1.0,1.0,0.2,0.2
13,500,0,odam,roi_cls,0.013320527970790863,0.0,global_ddp_mean,2,0.0,1.8819689750671387,1.8819689750671387,0.0,0.0,0.0,0.0,0.0,0.0,0.0,0.0,0.0,0.0,0.0,0.0,0.0,0.9999999863254445,0.9999999863254445,0.009475327719055309,0,0,0,0,0,0,0,1.0,1.0,0.2,0.2
13,500,0,odam,roi_reg,0.013320527970790863,0.0,global_ddp_mean,2,0.0,0.09741934388875961,0.09741934388875961,0.0,0.0,0.0,0.0,0.0,0.0,0.0,0.0,0.0,0.0,0.0,0.0,0.0,0.9999999557691601,0.9999999557691601,0.017041202017079805,0,0,0,0,0,0,0,1.0,1.0,0.2,0.2
13,600,0,odam,backbone,0.6735084652900696,-0.0,global_ddp_mean,2,0.0,40.209415435791016,40.209415435791016,0.0,0.0,0.0,0.0,0.0,0.0,0.0,0.0,0.0,0.0,0.0,0.0,0.0,1.000000018216631,1.000000018216631,0.0,0,0,0,0,0,0,0,1.0,1.0,0.2,0.2
13,600,0,odam,fpn,0.6735084652900696,-0.0,global_ddp_mean,2,0.0,8.274765014648438,8.274765014648438,0.0,0.0,0.0,0.0,0.0,0.0,0.0,0.0,0.0,0.0,0.0,0.0,0.0,1.0000000682764416,1.0000000682764416,0.0,0,0,0,0,0,0,0,1.0,1.0,0.2,0.2
13,600,0,odam,rpn,0.6735084652900696,-0.0,global_ddp_mean,2,0.0,10.765310287475586,10.765310287475586,0.0,0.0,0.0,0.0,0.0,0.0,0.0,0.0,0.0,0.0,0.0,0.0,0.0,1.0000000757779248,1.0000000757779248,0.0,0,0,0,0,0,0,0,1.0,1.0,0.2,0.2
13,600,0,odam,roi_shared,0.6735084652900696,-0.0,global_ddp_mean,2,0.0,18.732667922973633,18.732667922973633,0.0,0.0,0.0,0.0,0.0,0.0,0.0,0.0,0.0,0.0,0.0,0.0,0.0,0.9999999837123937,0.9999999837123937,0.010341088667460903,0,0,0,0,0,0,0,1.0,1.0,0.2,0.2
13,600,0,odam,roi_cls,0.6735084652900696,-0.0,global_ddp_mean,2,0.0,20.620893478393555,20.620893478393555,0.0,0.0,0.0,0.0,0.0,0.0,0.0,0.0,0.0,0.0,0.0,0.0,0.0,1.0000000825728506,1.0000000825728506,0.0,0,0,0,0,0,0,0,1.0,1.0,0.2,0.2
13,600,0,odam,roi_reg,0.6735084652900696,-0.0,global_ddp_mean,2,0.0,7.276544570922852,7.276544570922852,0.0,0.0,0.0,0.0,0.0,0.0,0.0,0.0,0.0,0.0,0.0,0.0,0.0,1.0000000028532534,1.0000000028532534,0.0,0,0,0,0,0,0,0,1.0,1.0,0.2,0.2
13,700,0,odam,backbone,0.02769622951745987,-0.0,global_ddp_mean,2,0.0,4.61182165145874,4.61182165145874,0.0,0.0,0.0,0.0,0.0,0.0,0.0,0.0,0.0,0.0,0.0,0.0,0.0,1.0000000457352738,1.0000000457352738,0.0,0,0,0,0,0,0,0,1.0,1.0,0.2,0.2
13,700,0,odam,fpn,0.02769622951745987,-0.0,global_ddp_mean,2,0.0,0.8639033436775208,0.8639033436775208,0.0,0.0,0.0,0.0,0.0,0.0,0.0,0.0,0.0,0.0,0.0,0.0,0.0,1.0000000299006582,1.0000000299006582,0.0,0,0,0,0,0,0,0,1.0,1.0,0.2,0.2
13,700,0,odam,rpn,0.02769622951745987,-0.0,global_ddp_mean,2,0.0,1.0999699831008911,1.0999699831008911,0.0,0.0,0.0,0.0,0.0,0.0,0.0,0.0,0.0,0.0,0.0,0.0,0.0,1.0000000268424458,1.0000000268424458,0.0,0,0,0,0,0,0,0,1.0,1.0,0.2,0.2
13,700,0,odam,roi_shared,0.02769622951745987,-0.0,global_ddp_mean,2,0.0,1.5564451217651367,1.5564451217651367,0.0,0.0,0.0,0.0,0.0,0.0,0.0,0.0,0.0,0.0,0.0,0.0,0.0,0.9999999734580068,0.9999999734580068,0.013200926033379759,0,0,0,0,0,0,0,1.0,1.0,0.2,0.2
13,700,0,odam,roi_cls,0.02769622951745987,-0.0,global_ddp_mean,2,0.0,1.3607509136199951,1.3607509136199951,0.0,0.0,0.0,0.0,0.0,0.0,0.0,0.0,0.0,0.0,0.0,0.0,0.0,1.0000000197457524,1.0000000197457524,0.0,0,0,0,0,0,0,0,1.0,1.0,0.2,0.2
13,700,0,odam,roi_reg,0.02769622951745987,-0.0,global_ddp_mean,2,0.0,0.0,0.0,0.0,0.0,0.0,0.0,0.0,0.0,0.0,0.0,0.0,0.0,0.0,0.0,0.0,0.0,0.0,90.0,0,0,0,0,0,0,0,1.0,1.0,0.2,0.2
13,800,0,odam,backbone,0.013196859508752823,0.0,global_ddp_mean,2,0.0,9.130176544189453,9.130176544189453,0.0,0.0,0.0,0.0,0.0,0.0,0.0,0.0,0.0,0.0,0.0,0.0,0.0,0.9999999874352009,0.9999999874352009,0.009082709103110612,0,0,0,0,0,0,0,1.0,1.0,0.2,0.2
13,800,0,odam,fpn,0.013196859508752823,0.0,global_ddp_mean,2,0.0,1.6557103395462036,1.6557103395462036,0.0,0.0,0.0,0.0,0.0,0.0,0.0,0.0,0.0,0.0,0.0,0.0,0.0,0.9999999671450741,0.9999999671450741,0.014687161736342892,0,0,0,0,0,0,0,1.0,1.0,0.2,0.2
13,800,0,odam,rpn,0.013196859508752823,0.0,global_ddp_mean,2,0.0,4.342932224273682,4.342932224273682,0.0,0.0,0.0,0.0,0.0,0.0,0.0,0.0,0.0,0.0,0.0,0.0,0.0,0.9999999408415032,0.9999999408415032,0.019708165351541067,0,0,0,0,0,0,0,1.0,1.0,0.2,0.2
13,800,0,odam,roi_shared,0.013196859508752823,0.0,global_ddp_mean,2,0.0,2.6235861778259277,2.6235861778259277,0.0,0.0,0.0,0.0,0.0,0.0,0.0,0.0,0.0,0.0,0.0,0.0,0.0,1.0000000732946328,1.0000000732946328,0.0,0,0,0,0,0,0,0,1.0,1.0,0.2,0.2
13,800,0,odam,roi_cls,0.013196859508752823,0.0,global_ddp_mean,2,0.0,1.2388614416122437,1.2388614416122437,0.0,0.0,0.0,0.0,0.0,0.0,0.0,0.0,0.0,0.0,0.0,0.0,0.0,0.9999999803116891,0.9999999803116891,0.01136951293229513,0,0,0,0,0,0,0,1.0,1.0,0.2,0.2
13,800,0,odam,roi_reg,0.013196859508752823,0.0,global_ddp_mean,2,0.0,2.3149821758270264,2.3149821758270264,0.0,0.0,0.0,0.0,0.0,0.0,0.0,0.0,0.0,0.0,0.0,0.0,0.0,1.0000000570813565,1.0000000570813565,0.0,0,0,0,0,0,0,0,1.0,1.0,0.2,0.2
13,900,0,odam,backbone,0.0020727477967739105,0.0,global_ddp_mean,2,0.0,4.892785549163818,4.892785549163818,0.0,0.0,0.0,0.0,0.0,0.0,0.0,0.0,0.0,0.0,0.0,0.0,0.0,1.00000006706181,1.00000006706181,0.0,0,0,0,0,0,0,0,1.0,1.0,0.2,0.2
13,900,0,odam,fpn,0.0020727477967739105,0.0,global_ddp_mean,2,0.0,0.5883674025535583,0.5883674025535583,0.0,0.0,0.0,0.0,0.0,0.0,0.0,0.0,0.0,0.0,0.0,0.0,0.0,1.0000000192906424,1.0000000192906424,0.0,0,0,0,0,0,0,0,1.0,1.0,0.2,0.2
13,900,0,odam,rpn,0.0020727477967739105,0.0,global_ddp_mean,2,0.0,0.7642418742179871,0.7642418742179871,0.0,0.0,0.0,0.0,0.0,0.0,0.0,0.0,0.0,0.0,0.0,0.0,0.0,0.9999999551807351,0.9999999551807351,0.017154181319312164,0,0,0,0,0,0,0,1.0,1.0,0.2,0.2
13,900,0,odam,roi_shared,0.0020727477967739105,0.0,global_ddp_mean,2,0.0,0.8904293179512024,0.8904293179512024,0.0,0.0,0.0,0.0,0.0,0.0,0.0,0.0,0.0,0.0,0.0,0.0,0.0,0.999999939958596,0.999999939958596,0.019854687313334386,0,0,0,0,0,0,0,1.0,1.0,0.2,0.2
13,900,0,odam,roi_cls,0.0020727477967739105,0.0,global_ddp_mean,2,0.0,0.5032215118408203,0.5032215118408203,0.0,0.0,0.0,0.0,0.0,0.0,0.0,0.0,0.0,0.0,0.0,0.0,0.0,0.9999999726323978,0.9999999726323978,0.013404666250643241,0,0,0,0,0,0,0,1.0,1.0,0.2,0.2
13,900,0,odam,roi_reg,0.0020727477967739105,0.0,global_ddp_mean,2,0.0,0.24755319952964783,0.24755319952964783,0.0,0.0,0.0,0.0,0.0,0.0,0.0,0.0,0.0,0.0,0.0,0.0,0.0,1.0000000560397073,1.0000000560397073,0.0,0,0,0,0,0,0,0,1.0,1.0,0.2,0.2
13,1000,0,odam,backbone,0.01783810555934906,0.0,global_ddp_mean,2,0.0,4.190110683441162,4.190110683441162,0.0,0.0,0.0,0.0,0.0,0.0,0.0,0.0,0.0,0.0,0.0,0.0,0.0,1.0000000157933737,1.0000000157933737,0.0,0,0,0,0,0,0,0,1.0,1.0,0.2,0.2
13,1000,0,odam,fpn,0.01783810555934906,0.0,global_ddp_mean,2,0.0,0.8300489187240601,0.8300489187240601,0.0,0.0,0.0,0.0,0.0,0.0,0.0,0.0,0.0,0.0,0.0,0.0,0.0,0.9999999534786835,0.9999999534786835,0.01747686895807384,0,0,0,0,0,0,0,1.0,1.0,0.2,0.2
13,1000,0,odam,rpn,0.01783810555934906,0.0,global_ddp_mean,2,0.0,1.6043918132781982,1.6043918132781982,0.0,0.0,0.0,0.0,0.0,0.0,0.0,0.0,0.0,0.0,0.0,0.0,0.0,0.9999999944578357,0.9999999944578357,0.006032222164017537,0,0,0,0,0,0,0,1.0,1.0,0.2,0.2
13,1000,0,odam,roi_shared,0.01783810555934906,0.0,global_ddp_mean,2,0.0,1.2564568519592285,1.2564568519592285,0.0,0.0,0.0,0.0,0.0,0.0,0.0,0.0,0.0,0.0,0.0,0.0,0.0,0.9999999449572048,0.9999999449572048,0.01901025193402197,0,0,0,0,0,0,0,1.0,1.0,0.2,0.2
13,1000,0,odam,roi_cls,0.01783810555934906,0.0,global_ddp_mean,2,0.0,0.6836848855018616,0.6836848855018616,0.0,0.0,0.0,0.0,0.0,0.0,0.0,0.0,0.0,0.0,0.0,0.0,0.0,0.999999927438522,0.999999927438522,0.021826831368025667,0,0,0,0,0,0,0,1.0,1.0,0.2,0.2
13,1000,0,odam,roi_reg,0.01783810555934906,0.0,global_ddp_mean,2,0.0,0.8798364996910095,0.8798364996910095,0.0,0.0,0.0,0.0,0.0,0.0,0.0,0.0,0.0,0.0,0.0,0.0,0.0,0.9999999462485324,0.9999999462485324,0.018785934140950755,0,0,0,0,0,0,0,1.0,1.0,0.2,0.2
13,1100,0,odam,backbone,0.09636950492858887,-0.0,global_ddp_mean,2,0.0,9.931884765625,9.931884765625,0.0,0.0,0.0,0.0,0.0,0.0,0.0,0.0,0.0,0.0,0.0,0.0,0.0,0.9999999123837296,0.9999999123837296,0.023984463840977185,0,0,0,0,0,0,0,1.0,1.0,0.2,0.2
13,1100,0,odam,fpn,0.09636950492858887,-0.0,global_ddp_mean,2,0.0,2.062387228012085,2.062387228012085,0.0,0.0,0.0,0.0,0.0,0.0,0.0,0.0,0.0,0.0,0.0,0.0,0.0,0.999999947963596,0.999999947963596,0.01848380041251703,0,0,0,0,0,0,0,1.0,1.0,0.2,0.2
13,1100,0,odam,rpn,0.09636950492858887,-0.0,global_ddp_mean,2,0.0,1.5423786640167236,1.5423786640167236,0.0,0.0,0.0,0.0,0.0,0.0,0.0,0.0,0.0,0.0,0.0,0.0,0.0,0.9999999233159864,0.9999999233159864,0.02243830519240459,0,0,0,0,0,0,0,1.0,1.0,0.2,0.2
13,1100,0,odam,roi_shared,0.09636950492858887,-0.0,global_ddp_mean,2,0.0,4.2263007164001465,4.2263007164001465,0.0,0.0,0.0,0.0,0.0,0.0,0.0,0.0,0.0,0.0,0.0,0.0,0.0,0.9999999098177522,0.9999999098177522,0.024333140369551014,0,0,0,0,0,0,0,1.0,1.0,0.2,0.2
13,1100,0,odam,roi_cls,0.09636950492858887,-0.0,global_ddp_mean,2,0.0,3.921818971633911,3.921818971633911,0.0,0.0,0.0,0.0,0.0,0.0,0.0,0.0,0.0,0.0,0.0,0.0,0.0,0.9999999886544215,0.9999999886544215,0.00863079800925944,0,0,0,0,0,0,0,1.0,1.0,0.2,0.2
13,1100,0,odam,roi_reg,0.09636950492858887,-0.0,global_ddp_mean,2,0.0,0.5309846997261047,0.5309846997261047,0.0,0.0,0.0,0.0,0.0,0.0,0.0,0.0,0.0,0.0,0.0,0.0,0.0,1.0000000014055248,1.0000000014055248,0.0,0,0,0,0,0,0,0,1.0,1.0,0.2,0.2
13,1200,0,odam,backbone,0.16156591475009918,-0.0,global_ddp_mean,2,0.0,19.006298065185547,19.006298065185547,0.0,0.0,0.0,0.0,0.0,0.0,0.0,0.0,0.0,0.0,0.0,0.0,0.0,1.0000000380361,1.0000000380361,0.0,0,0,0,0,0,0,0,1.0,1.0,0.2,0.2
13,1200,0,odam,fpn,0.16156591475009918,-0.0,global_ddp_mean,2,0.0,4.105149745941162,4.105149745941162,0.0,0.0,0.0,0.0,0.0,0.0,0.0,0.0,0.0,0.0,0.0,0.0,0.0,1.0000000255724197,1.0000000255724197,0.0,0,0,0,0,0,0,0,1.0,1.0,0.2,0.2
13,1200,0,odam,rpn,0.16156591475009918,-0.0,global_ddp_mean,2,0.0,2.5529186725616455,2.5529186725616455,0.0,0.0,0.0,0.0,0.0,0.0,0.0,0.0,0.0,0.0,0.0,0.0,0.0,1.0000000486610188,1.0000000486610188,0.0,0,0,0,0,0,0,0,1.0,1.0,0.2,0.2
13,1200,0,odam,roi_shared,0.16156591475009918,-0.0,global_ddp_mean,2,0.0,8.002300262451172,8.002300262451172,0.0,0.0,0.0,0.0,0.0,0.0,0.0,0.0,0.0,0.0,0.0,0.0,0.0,0.9999999173724083,0.9999999173724083,0.023291645983718474,0,0,0,0,0,0,0,1.0,1.0,0.2,0.2
13,1200,0,odam,roi_cls,0.16156591475009918,-0.0,global_ddp_mean,2,0.0,6.177457809448242,6.177457809448242,0.0,0.0,0.0,0.0,0.0,0.0,0.0,0.0,0.0,0.0,0.0,0.0,0.0,0.9999999751524644,0.9999999751524644,0.012772599417280426,0,0,0,0,0,0,0,1.0,1.0,0.2,0.2
13,1200,0,odam,roi_reg,0.16156591475009918,-0.0,global_ddp_mean,2,0.0,2.748311758041382,2.748311758041382,0.0,0.0,0.0,0.0,0.0,0.0,0.0,0.0,0.0,0.0,0.0,0.0,0.0,0.999999922525148,0.999999922525148,0.02255371097290359,0,0,0,0,0,0,0,1.0,1.0,0.2,0.2
13,1300,0,odam,backbone,0.08277802169322968,0.0,global_ddp_mean,2,0.0,15.09703540802002,15.09703540802002,0.0,0.0,0.0,0.0,0.0,0.0,0.0,0.0,0.0,0.0,0.0,0.0,0.0,0.999999969640271,0.999999969640271,0.014118435571690688,0,0,0,0,0,0,0,1.0,1.0,0.2,0.2
13,1300,0,odam,fpn,0.08277802169322968,0.0,global_ddp_mean,2,0.0,3.1890623569488525,3.1890623569488525,0.0,0.0,0.0,0.0,0.0,0.0,0.0,0.0,0.0,0.0,0.0,0.0,0.0,0.9999999621834316,0.9999999621834316,0.015757187043857868,0,0,0,0,0,0,0,1.0,1.0,0.2,0.2
13,1300,0,odam,rpn,0.08277802169322968,0.0,global_ddp_mean,2,0.0,2.0716021060943604,2.0716021060943604,0.0,0.0,0.0,0.0,0.0,0.0,0.0,0.0,0.0,0.0,0.0,0.0,0.0,0.9999999102164422,0.9999999102164422,0.024279293157664902,0,0,0,0,0,0,0,1.0,1.0,0.2,0.2
13,1300,0,odam,roi_shared,0.08277802169322968,0.0,global_ddp_mean,2,0.0,7.0786519050598145,7.0786519050598145,0.0,0.0,0.0,0.0,0.0,0.0,0.0,0.0,0.0,0.0,0.0,0.0,0.0,1.000000045312141,1.000000045312141,0.0,0,0,0,0,0,0,0,1.0,1.0,0.2,0.2
13,1300,0,odam,roi_cls,0.08277802169322968,0.0,global_ddp_mean,2,0.0,4.837765216827393,4.837765216827393,0.0,0.0,0.0,0.0,0.0,0.0,0.0,0.0,0.0,0.0,0.0,0.0,0.0,1.0000000957075166,1.0000000957075166,0.0,0,0,0,0,0,0,0,1.0,1.0,0.2,0.2
13,1300,0,odam,roi_reg,0.08277802169322968,0.0,global_ddp_mean,2,0.0,4.962453842163086,4.962453842163086,0.0,0.0,0.0,0.0,0.0,0.0,0.0,0.0,0.0,0.0,0.0,0.0,0.0,0.9999999925554677,0.9999999925554677,0.0069912742781539855,0,0,0,0,0,0,0,1.0,1.0,0.2,0.2
13,1400,0,odam,backbone,0.15500950813293457,-0.0,global_ddp_mean,2,0.0,22.107860565185547,22.107860565185547,0.0,0.0,0.0,0.0,0.0,0.0,0.0,0.0,0.0,0.0,0.0,0.0,0.0,1.0000000799417108,1.0000000799417108,0.0,0,0,0,0,0,0,0,1.0,1.0,0.2,0.2
13,1400,0,odam,fpn,0.15500950813293457,-0.0,global_ddp_mean,2,0.0,2.113293170928955,2.113293170928955,0.0,0.0,0.0,0.0,0.0,0.0,0.0,0.0,0.0,0.0,0.0,0.0,0.0,0.9999999290660065,0.9999999290660065,0.021580665740643535,0,0,0,0,0,0,0,1.0,1.0,0.2,0.2
13,1400,0,odam,rpn,0.15500950813293457,-0.0,global_ddp_mean,2,0.0,3.2217860221862793,3.2217860221862793,0.0,0.0,0.0,0.0,0.0,0.0,0.0,0.0,0.0,0.0,0.0,0.0,0.0,0.9999999589836704,0.9999999589836704,0.01641028141366208,0,0,0,0,0,0,0,1.0,1.0,0.2,0.2
13,1400,0,odam,roi_shared,0.15500950813293457,-0.0,global_ddp_mean,2,0.0,4.230767250061035,4.230767250061035,0.0,0.0,0.0,0.0,0.0,0.0,0.0,0.0,0.0,0.0,0.0,0.0,0.0,1.0000000870127916,1.0000000870127916,0.0,0,0,0,0,0,0,0,1.0,1.0,0.2,0.2
13,1400,0,odam,roi_cls,0.15500950813293457,-0.0,global_ddp_mean,2,0.0,4.046865940093994,4.046865940093994,0.0,0.0,0.0,0.0,0.0,0.0,0.0,0.0,0.0,0.0,0.0,0.0,0.0,1.000000051857952,1.000000051857952,0.0,0,0,0,0,0,0,0,1.0,1.0,0.2,0.2
13,1400,0,odam,roi_reg,0.15500950813293457,-0.0,global_ddp_mean,2,0.0,2.9764435291290283,2.9764435291290283,0.0,0.0,0.0,0.0,0.0,0.0,0.0,0.0,0.0,0.0,0.0,0.0,0.0,0.9999999609779351,0.9999999609779351,0.01600636644083031,0,0,0,0,0,0,0,1.0,1.0,0.2,0.2
14,0,0,odam,backbone,0.21113663911819458,0.0,global_ddp_mean,2,0.0,15.202038764953613,15.202038764953613,0.0,0.0,0.0,0.0,0.0,0.0,0.0,0.0,0.0,0.0,0.0,0.0,0.0,1.000000030873562,1.000000030873562,0.0,0,0,0,0,0,0,0,1.0,1.0,0.2,0.2
14,0,0,odam,fpn,0.21113663911819458,0.0,global_ddp_mean,2,0.0,3.7560527324676514,3.7560527324676514,0.0,0.0,0.0,0.0,0.0,0.0,0.0,0.0,0.0,0.0,0.0,0.0,0.0,0.9999999972839086,0.9999999972839086,0.00422289046531675,0,0,0,0,0,0,0,1.0,1.0,0.2,0.2
14,0,0,odam,rpn,0.21113663911819458,0.0,global_ddp_mean,2,0.0,1.472952127456665,1.472952127456665,0.0,0.0,0.0,0.0,0.0,0.0,0.0,0.0,0.0,0.0,0.0,0.0,0.0,1.0000000549459822,1.0000000549459822,0.0,0,0,0,0,0,0,0,1.0,1.0,0.2,0.2
14,0,0,odam,roi_shared,0.21113663911819458,0.0,global_ddp_mean,2,0.0,7.799806594848633,7.799806594848633,0.0,0.0,0.0,0.0,0.0,0.0,0.0,0.0,0.0,0.0,0.0,0.0,0.0,1.000000059580598,1.000000059580598,0.0,0,0,0,0,0,0,0,1.0,1.0,0.2,0.2
14,0,0,odam,roi_cls,0.21113663911819458,0.0,global_ddp_mean,2,0.0,6.405528545379639,6.405528545379639,0.0,0.0,0.0,0.0,0.0,0.0,0.0,0.0,0.0,0.0,0.0,0.0,0.0,1.0000000025676323,1.0000000025676323,0.0,0,0,0,0,0,0,0,1.0,1.0,0.2,0.2
14,0,0,odam,roi_reg,0.21113663911819458,0.0,global_ddp_mean,2,0.0,1.45831298828125,1.45831298828125,0.0,0.0,0.0,0.0,0.0,0.0,0.0,0.0,0.0,0.0,0.0,0.0,0.0,1.000000012261869,1.000000012261869,0.0,0,0,0,0,0,0,0,1.0,1.0,0.2,0.2
14,100,0,odam,backbone,0.25135982036590576,-0.0,global_ddp_mean,2,0.0,16.022302627563477,16.022302627563477,0.0,0.0,0.0,0.0,0.0,0.0,0.0,0.0,0.0,0.0,0.0,0.0,0.0,1.0000000833285942,1.0000000833285942,0.0,0,0,0,0,0,0,0,1.0,1.0,0.2,0.2
14,100,0,odam,fpn,0.25135982036590576,-0.0,global_ddp_mean,2,0.0,2.2952873706817627,2.2952873706817627,0.0,0.0,0.0,0.0,0.0,0.0,0.0,0.0,0.0,0.0,0.0,0.0,0.0,0.9999999642135895,0.9999999642135895,0.01532839563291117,0,0,0,0,0,0,0,1.0,1.0,0.2,0.2
14,100,0,odam,rpn,0.25135982036590576,-0.0,global_ddp_mean,2,0.0,2.8496668338775635,2.8496668338775635,0.0,0.0,0.0,0.0,0.0,0.0,0.0,0.0,0.0,0.0,0.0,0.0,0.0,1.000000072648681,1.000000072648681,0.0,0,0,0,0,0,0,0,1.0,1.0,0.2,0.2
14,100,0,odam,roi_shared,0.25135982036590576,-0.0,global_ddp_mean,2,0.0,3.7010910511016846,3.7010910511016846,0.0,0.0,0.0,0.0,0.0,0.0,0.0,0.0,0.0,0.0,0.0,0.0,0.0,0.9999999541742426,0.9999999541742426,0.017345725039432696,0,0,0,0,0,0,0,1.0,1.0,0.2,0.2
14,100,0,odam,roi_cls,0.25135982036590576,-0.0,global_ddp_mean,2,0.0,2.3661372661590576,2.3661372661590576,0.0,0.0,0.0,0.0,0.0,0.0,0.0,0.0,0.0,0.0,0.0,0.0,0.0,1.0000000977587142,1.0000000977587142,0.0,0,0,0,0,0,0,0,1.0,1.0,0.2,0.2
14,100,0,odam,roi_reg,0.25135982036590576,-0.0,global_ddp_mean,2,0.0,2.3102784156799316,2.3102784156799316,0.0,0.0,0.0,0.0,0.0,0.0,0.0,0.0,0.0,0.0,0.0,0.0,0.0,0.9999999575316572,0.9999999575316572,0.01669822424955669,0,0,0,0,0,0,0,1.0,1.0,0.2,0.2
14,200,0,odam,backbone,0.7795517444610596,-0.0,global_ddp_mean,2,0.0,22.333515167236328,22.333515167236328,0.0,0.0,0.0,0.0,0.0,0.0,0.0,0.0,0.0,0.0,0.0,0.0,0.0,0.9999999166558673,0.9999999166558673,0.02339241979297041,0,0,0,0,0,0,0,1.0,1.0,0.2,0.2
14,200,0,odam,fpn,0.7795517444610596,-0.0,global_ddp_mean,2,0.0,5.044826507568359,5.044826507568359,0.0,0.0,0.0,0.0,0.0,0.0,0.0,0.0,0.0,0.0,0.0,0.0,0.0,0.9999999615850734,0.9999999615850734,0.01588135798329352,0,0,0,0,0,0,0,1.0,1.0,0.2,0.2
14,200,0,odam,rpn,0.7795517444610596,-0.0,global_ddp_mean,2,0.0,1.5015027523040771,1.5015027523040771,0.0,0.0,0.0,0.0,0.0,0.0,0.0,0.0,0.0,0.0,0.0,0.0,0.0,0.9999999501012417,0.9999999501012417,0.01810016365247228,0,0,0,0,0,0,0,1.0,1.0,0.2,0.2
14,200,0,odam,roi_shared,0.7795517444610596,-0.0,global_ddp_mean,2,0.0,11.243377685546875,11.243377685546875,0.0,0.0,0.0,0.0,0.0,0.0,0.0,0.0,0.0,0.0,0.0,0.0,0.0,0.999999954846008,0.999999954846008,0.01721811910449938,0,0,0,0,0,0,0,1.0,1.0,0.2,0.2
14,200,0,odam,roi_cls,0.7795517444610596,-0.0,global_ddp_mean,2,0.0,7.893664360046387,7.893664360046387,0.0,0.0,0.0,0.0,0.0,0.0,0.0,0.0,0.0,0.0,0.0,0.0,0.0,0.9999999918852585,0.9999999918852585,0.007299195176171071,0,0,0,0,0,0,0,1.0,1.0,0.2,0.2
14,200,0,odam,roi_reg,0.7795517444610596,-0.0,global_ddp_mean,2,0.0,3.20493745803833,3.20493745803833,0.0,0.0,0.0,0.0,0.0,0.0,0.0,0.0,0.0,0.0,0.0,0.0,0.0,1.0000000443150288,1.0000000443150288,0.0,0,0,0,0,0,0,0,1.0,1.0,0.2,0.2
14,300,0,odam,backbone,0.19226494431495667,-0.0,global_ddp_mean,2,0.0,19.58090591430664,19.58090591430664,0.0,0.0,0.0,0.0,0.0,0.0,0.0,0.0,0.0,0.0,0.0,0.0,0.0,0.9999999708132312,0.9999999708132312,0.013843013425704239,0,0,0,0,0,0,0,1.0,1.0,0.2,0.2
14,300,0,odam,fpn,0.19226494431495667,-0.0,global_ddp_mean,2,0.0,4.066892623901367,4.066892623901367,0.0,0.0,0.0,0.0,0.0,0.0,0.0,0.0,0.0,0.0,0.0,0.0,0.0,0.9999998856933251,0.9999998856933251,0.027395134070480883,0,0,0,0,0,0,0,1.0,1.0,0.2,0.2
14,300,0,odam,rpn,0.19226494431495667,-0.0,global_ddp_mean,2,0.0,6.874592304229736,6.874592304229736,0.0,0.0,0.0,0.0,0.0,0.0,0.0,0.0,0.0,0.0,0.0,0.0,0.0,1.000000039363972,1.000000039363972,0.0,0,0,0,0,0,0,0,1.0,1.0,0.2,0.2
14,300,0,odam,roi_shared,0.19226494431495667,-0.0,global_ddp_mean,2,0.0,6.744146347045898,6.744146347045898,0.0,0.0,0.0,0.0,0.0,0.0,0.0,0.0,0.0,0.0,0.0,0.0,0.0,0.9999999805060815,0.9999999805060815,0.011313245297335097,0,0,0,0,0,0,0,1.0,1.0,0.2,0.2
14,300,0,odam,roi_cls,0.19226494431495667,-0.0,global_ddp_mean,2,0.0,5.387553691864014,5.387553691864014,0.0,0.0,0.0,0.0,0.0,0.0,0.0,0.0,0.0,0.0,0.0,0.0,0.0,0.9999999712336771,0.9999999712336771,0.013742944944034607,0,0,0,0,0,0,0,1.0,1.0,0.2,0.2
14,300,0,odam,roi_reg,0.19226494431495667,-0.0,global_ddp_mean,2,0.0,3.054917573928833,3.054917573928833,0.0,0.0,0.0,0.0,0.0,0.0,0.0,0.0,0.0,0.0,0.0,0.0,0.0,1.0000000059040215,1.0000000059040215,0.0,0,0,0,0,0,0,0,1.0,1.0,0.2,0.2
14,400,0,odam,backbone,0.4657919406890869,-0.0,global_ddp_mean,2,0.0,40.107826232910156,40.107826232910156,0.0,0.0,0.0,0.0,0.0,0.0,0.0,0.0,0.0,0.0,0.0,0.0,0.0,1.000000057348833,1.000000057348833,0.0,0,0,0,0,0,0,0,1.0,1.0,0.2,0.2
14,400,0,odam,fpn,0.4657919406890869,-0.0,global_ddp_mean,2,0.0,2.7001969814300537,2.7001969814300537,0.0,0.0,0.0,0.0,0.0,0.0,0.0,0.0,0.0,0.0,0.0,0.0,0.0,0.9999999410500073,0.9999999410500073,0.019673403983828323,0,0,0,0,0,0,0,1.0,1.0,0.2,0.2
14,400,0,odam,rpn,0.4657919406890869,-0.0,global_ddp_mean,2,0.0,5.596762180328369,5.596762180328369,0.0,0.0,0.0,0.0,0.0,0.0,0.0,0.0,0.0,0.0,0.0,0.0,0.0,0.999999962468893,0.999999962468893,0.015697602183343377,0,0,0,0,0,0,0,1.0,1.0,0.2,0.2
14,400,0,odam,roi_shared,0.4657919406890869,-0.0,global_ddp_mean,2,0.0,4.14465856552124,4.14465856552124,0.0,0.0,0.0,0.0,0.0,0.0,0.0,0.0,0.0,0.0,0.0,0.0,0.0,1.0000000773434337,1.0000000773434337,0.0,0,0,0,0,0,0,0,1.0,1.0,0.2,0.2
14,400,0,odam,roi_cls,0.4657919406890869,-0.0,global_ddp_mean,2,0.0,2.8925294876098633,2.8925294876098633,0.0,0.0,0.0,0.0,0.0,0.0,0.0,0.0,0.0,0.0,0.0,0.0,0.0,1.0000000046150184,1.0000000046150184,0.0,0,0,0,0,0,0,0,1.0,1.0,0.2,0.2
14,400,0,odam,roi_reg,0.4657919406890869,-0.0,global_ddp_mean,2,0.0,1.9673267602920532,1.9673267602920532,0.0,0.0,0.0,0.0,0.0,0.0,0.0,0.0,0.0,0.0,0.0,0.0,0.0,1.0000000252699581,1.0000000252699581,0.0,0,0,0,0,0,0,0,1.0,1.0,0.2,0.2
14,500,0,odam,backbone,0.17356827855110168,0.0,global_ddp_mean,2,0.0,13.792410850524902,13.792410850524902,0.0,0.0,0.0,0.0,0.0,0.0,0.0,0.0,0.0,0.0,0.0,0.0,0.0,0.9999999671484785,0.9999999671484785,0.01468640078361378,0,0,0,0,0,0,0,1.0,1.0,0.2,0.2
14,500,0,odam,fpn,0.17356827855110168,0.0,global_ddp_mean,2,0.0,3.7154035568237305,3.7154035568237305,0.0,0.0,0.0,0.0,0.0,0.0,0.0,0.0,0.0,0.0,0.0,0.0,0.0,1.0000000307314494,1.0000000307314494,0.0,0,0,0,0,0,0,0,1.0,1.0,0.2,0.2
14,500,0,odam,rpn,0.17356827855110168,0.0,global_ddp_mean,2,0.0,2.6690940856933594,2.6690940856933594,0.0,0.0,0.0,0.0,0.0,0.0,0.0,0.0,0.0,0.0,0.0,0.0,0.0,1.0000000355889624,1.0000000355889624,0.0,0,0,0,0,0,0,0,1.0,1.0,0.2,0.2
14,500,0,odam,roi_shared,0.17356827855110168,0.0,global_ddp_mean,2,0.0,8.166756629943848,8.166756629943848,0.0,0.0,0.0,0.0,0.0,0.0,0.0,0.0,0.0,0.0,0.0,0.0,0.0,0.999999906141801,0.999999906141801,0.024824113134897997,0,0,0,0,0,0,0,1.0,1.0,0.2,0.2
14,500,0,odam,roi_cls,0.17356827855110168,0.0,global_ddp_mean,2,0.0,6.555881500244141,6.555881500244141,0.0,0.0,0.0,0.0,0.0,0.0,0.0,0.0,0.0,0.0,0.0,0.0,0.0,1.0000000347837492,1.0000000347837492,0.0,0,0,0,0,0,0,0,1.0,1.0,0.2,0.2
14,500,0,odam,roi_reg,0.17356827855110168,0.0,global_ddp_mean,2,0.0,0.8304066061973572,0.8304066061973572,0.0,0.0,0.0,0.0,0.0,0.0,0.0,0.0,0.0,0.0,0.0,0.0,0.0,1.0000000059335703,1.0000000059335703,0.0,0,0,0,0,0,0,0,1.0,1.0,0.2,0.2
14,600,0,odam,backbone,0.08967536687850952,-0.0,global_ddp_mean,2,0.0,5.962025165557861,5.962025165557861,0.0,0.0,0.0,0.0,0.0,0.0,0.0,0.0,0.0,0.0,0.0,0.0,0.0,1.0000000499318322,1.0000000499318322,0.0,0,0,0,0,0,0,0,1.0,1.0,0.2,0.2
14,600,0,odam,fpn,0.08967536687850952,-0.0,global_ddp_mean,2,0.0,1.1133568286895752,1.1133568286895752,0.0,0.0,0.0,0.0,0.0,0.0,0.0,0.0,0.0,0.0,0.0,0.0,0.0,1.0000000299530458,1.0000000299530458,0.0,0,0,0,0,0,0,0,1.0,1.0,0.2,0.2
14,600,0,odam,rpn,0.08967536687850952,-0.0,global_ddp_mean,2,0.0,1.2381354570388794,1.2381354570388794,0.0,0.0,0.0,0.0,0.0,0.0,0.0,0.0,0.0,0.0,0.0,0.0,0.0,1.0000000511395832,1.0000000511395832,0.0,0,0,0,0,0,0,0,1.0,1.0,0.2,0.2
14,600,0,odam,roi_shared,0.08967536687850952,-0.0,global_ddp_mean,2,0.0,2.1349494457244873,2.1349494457244873,0.0,0.0,0.0,0.0,0.0,0.0,0.0,0.0,0.0,0.0,0.0,0.0,0.0,1.0000000025986668,1.0000000025986668,0.0,0,0,0,0,0,0,0,1.0,1.0,0.2,0.2
14,600,0,odam,roi_cls,0.08967536687850952,-0.0,global_ddp_mean,2,0.0,1.7240793704986572,1.7240793704986572,0.0,0.0,0.0,0.0,0.0,0.0,0.0,0.0,0.0,0.0,0.0,0.0,0.0,0.9999999546881724,0.9999999546881724,0.01724818579305834,0,0,0,0,0,0,0,1.0,1.0,0.2,0.2
14,600,0,odam,roi_reg,0.08967536687850952,-0.0,global_ddp_mean,2,0.0,1.1838921308517456,1.1838921308517456,0.0,0.0,0.0,0.0,0.0,0.0,0.0,0.0,0.0,0.0,0.0,0.0,0.0,1.0000001006032286,1.0000001006032286,0.0,0,0,0,0,0,0,0,1.0,1.0,0.2,0.2
14,700,0,odam,backbone,0.17422372102737427,0.0,global_ddp_mean,2,0.0,17.579851150512695,17.579851150512695,0.0,0.0,0.0,0.0,0.0,0.0,0.0,0.0,0.0,0.0,0.0,0.0,0.0,0.9999999384786498,0.9999999384786498,0.02009789448117392,0,0,0,0,0,0,0,1.0,1.0,0.2,0.2
14,700,0,odam,fpn,0.17422372102737427,0.0,global_ddp_mean,2,0.0,3.649827241897583,3.649827241897583,0.0,0.0,0.0,0.0,0.0,0.0,0.0,0.0,0.0,0.0,0.0,0.0,0.0,1.0000000432195408,1.0000000432195408,0.0,0,0,0,0,0,0,0,1.0,1.0,0.2,0.2
14,700,0,odam,rpn,0.17422372102737427,0.0,global_ddp_mean,2,0.0,2.864311695098877,2.864311695098877,0.0,0.0,0.0,0.0,0.0,0.0,0.0,0.0,0.0,0.0,0.0,0.0,0.0,0.9999999227953456,0.9999999227953456,0.022514348008822824,0,0,0,0,0,0,0,1.0,1.0,0.2,0.2
14,700,0,odam,roi_shared,0.17422372102737427,0.0,global_ddp_mean,2,0.0,7.4036545753479,7.4036545753479,0.0,0.0,0.0,0.0,0.0,0.0,0.0,0.0,0.0,0.0,0.0,0.0,0.0,1.0000000201003325,1.0000000201003325,0.0,0,0,0,0,0,0,0,1.0,1.0,0.2,0.2
14,700,0,odam,roi_cls,0.17422372102737427,0.0,global_ddp_mean,2,0.0,5.019160747528076,5.019160747528076,0.0,0.0,0.0,0.0,0.0,0.0,0.0,0.0,0.0,0.0,0.0,0.0,0.0,0.9999999254928333,0.9999999254928333,0.022117531637390178,0,0,0,0,0,0,0,1.0,1.0,0.2,0.2
14,700,0,odam,roi_reg,0.17422372102737427,0.0,global_ddp_mean,2,0.0,5.522123336791992,5.522123336791992,0.0,0.0,0.0,0.0,0.0,0.0,0.0,0.0,0.0,0.0,0.0,0.0,0.0,0.9999999619339323,0.9999999619339323,0.015809081548112964,0,0,0,0,0,0,0,1.0,1.0,0.2,0.2
14,800,0,odam,backbone,0.02630896121263504,0.0,global_ddp_mean,2,0.0,8.86802864074707,8.86802864074707,0.0,0.0,0.0,0.0,0.0,0.0,0.0,0.0,0.0,0.0,0.0,0.0,0.0,0.9999999701603784,0.9999999701603784,0.013996978216617117,0,0,0,0,0,0,0,1.0,1.0,0.2,0.2
14,800,0,odam,fpn,0.02630896121263504,0.0,global_ddp_mean,2,0.0,0.8876136541366577,0.8876136541366577,0.0,0.0,0.0,0.0,0.0,0.0,0.0,0.0,0.0,0.0,0.0,0.0,0.0,1.0000000131096578,1.0000000131096578,0.0,0,0,0,0,0,0,0,1.0,1.0,0.2,0.2
14,800,0,odam,rpn,0.02630896121263504,0.0,global_ddp_mean,2,0.0,1.111113429069519,1.111113429069519,0.0,0.0,0.0,0.0,0.0,0.0,0.0,0.0,0.0,0.0,0.0,0.0,0.0,0.9999999630409224,0.9999999630409224,0.015577515546774534,0,0,0,0,0,0,0,1.0,1.0,0.2,0.2
14,800,0,odam,roi_shared,0.02630896121263504,0.0,global_ddp_mean,2,0.0,1.200738787651062,1.200738787651062,0.0,0.0,0.0,0.0,0.0,0.0,0.0,0.0,0.0,0.0,0.0,0.0,0.0,1.0000000943767728,1.0000000943767728,0.0,0,0,0,0,0,0,0,1.0,1.0,0.2,0.2
14,800,0,odam,roi_cls,0.02630896121263504,0.0,global_ddp_mean,2,0.0,1.2107272148132324,1.2107272148132324,0.0,0.0,0.0,0.0,0.0,0.0,0.0,0.0,0.0,0.0,0.0,0.0,0.0,0.9999999037579509,0.9999999037579509,0.02513738311828089,0,0,0,0,0,0,0,1.0,1.0,0.2,0.2
14,800,0,odam,roi_reg,0.02630896121263504,0.0,global_ddp_mean,2,0.0,0.0,0.0,0.0,0.0,0.0,0.0,0.0,0.0,0.0,0.0,0.0,0.0,0.0,0.0,0.0,0.0,0.0,90.0,0,0,0,0,0,0,0,1.0,1.0,0.2,0.2
14,900,0,odam,backbone,0.2151854932308197,-0.0,global_ddp_mean,2,0.0,8.148085594177246,8.148085594177246,0.0,0.0,0.0,0.0,0.0,0.0,0.0,0.0,0.0,0.0,0.0,0.0,0.0,1.0000000778125238,1.0000000778125238,0.0,0,0,0,0,0,0,0,1.0,1.0,0.2,0.2
14,900,0,odam,fpn,0.2151854932308197,-0.0,global_ddp_mean,2,0.0,0.8535299301147461,0.8535299301147461,0.0,0.0,0.0,0.0,0.0,0.0,0.0,0.0,0.0,0.0,0.0,0.0,0.0,0.9999999434700406,0.9999999434700406,0.019265352909703694,0,0,0,0,0,0,0,1.0,1.0,0.2,0.2
14,900,0,odam,rpn,0.2151854932308197,-0.0,global_ddp_mean,2,0.0,1.159219741821289,1.159219741821289,0.0,0.0,0.0,0.0,0.0,0.0,0.0,0.0,0.0,0.0,0.0,0.0,0.0,1.0000000902895498,1.0000000902895498,0.0,0,0,0,0,0,0,0,1.0,1.0,0.2,0.2
14,900,0,odam,roi_shared,0.2151854932308197,-0.0,global_ddp_mean,2,0.0,1.4541144371032715,1.4541144371032715,0.0,0.0,0.0,0.0,0.0,0.0,0.0,0.0,0.0,0.0,0.0,0.0,0.0,0.9999999950765874,0.9999999950765874,0.005685527249144687,0,0,0,0,0,0,0,1.0,1.0,0.2,0.2
14,900,0,odam,roi_cls,0.2151854932308197,-0.0,global_ddp_mean,2,0.0,0.8492864370346069,0.8492864370346069,0.0,0.0,0.0,0.0,0.0,0.0,0.0,0.0,0.0,0.0,0.0,0.0,0.0,1.0000000510288103,1.0000000510288103,0.0,0,0,0,0,0,0,0,1.0,1.0,0.2,0.2
14,900,0,odam,roi_reg,0.2151854932308197,-0.0,global_ddp_mean,2,0.0,0.6693670153617859,0.6693670153617859,0.0,0.0,0.0,0.0,0.0,0.0,0.0,0.0,0.0,0.0,0.0,0.0,0.0,0.999999992055464,0.999999992055464,0.007222239729966135,0,0,0,0,0,0,0,1.0,1.0,0.2,0.2
14,1000,0,odam,backbone,0.4241563081741333,0.0,global_ddp_mean,2,0.0,12.65307331085205,12.65307331085205,0.0,0.0,0.0,0.0,0.0,0.0,0.0,0.0,0.0,0.0,0.0,0.0,0.0,1.000000008077021,1.000000008077021,0.0,0,0,0,0,0,0,0,1.0,1.0,0.2,0.2
14,1000,0,odam,fpn,0.4241563081741333,0.0,global_ddp_mean,2,0.0,1.8371416330337524,1.8371416330337524,0.0,0.0,0.0,0.0,0.0,0.0,0.0,0.0,0.0,0.0,0.0,0.0,0.0,1.000000008041636,1.000000008041636,0.0,0,0,0,0,0,0,0,1.0,1.0,0.2,0.2
14,1000,0,odam,rpn,0.4241563081741333,0.0,global_ddp_mean,2,0.0,2.6030471324920654,2.6030471324920654,0.0,0.0,0.0,0.0,0.0,0.0,0.0,0.0,0.0,0.0,0.0,0.0,0.0,0.99999996114772,0.99999996114772,0.015971506638656197,0,0,0,0,0,0,0,1.0,1.0,0.2,0.2
14,1000,0,odam,roi_shared,0.4241563081741333,0.0,global_ddp_mean,2,0.0,3.8646819591522217,3.8646819591522217,0.0,0.0,0.0,0.0,0.0,0.0,0.0,0.0,0.0,0.0,0.0,0.0,0.0,1.0000000353761844,1.0000000353761844,0.0,0,0,0,0,0,0,0,1.0,1.0,0.2,0.2
14,1000,0,odam,roi_cls,0.4241563081741333,0.0,global_ddp_mean,2,0.0,2.5270392894744873,2.5270392894744873,0.0,0.0,0.0,0.0,0.0,0.0,0.0,0.0,0.0,0.0,0.0,0.0,0.0,0.999999942024031,0.999999942024031,0.019510196365196342,0,0,0,0,0,0,0,1.0,1.0,0.2,0.2
14,1000,0,odam,roi_reg,0.4241563081741333,0.0,global_ddp_mean,2,0.0,1.1486021280288696,1.1486021280288696,0.0,0.0,0.0,0.0,0.0,0.0,0.0,0.0,0.0,0.0,0.0,0.0,0.0,1.0000000712275325,1.0000000712275325,0.0,0,0,0,0,0,0,0,1.0,1.0,0.2,0.2
14,1100,0,odam,backbone,0.3669768273830414,0.0,global_ddp_mean,2,0.0,10.971305847167969,10.971305847167969,0.0,0.0,0.0,0.0,0.0,0.0,0.0,0.0,0.0,0.0,0.0,0.0,0.0,1.0000000051524875,1.0000000051524875,0.0,0,0,0,0,0,0,0,1.0,1.0,0.2,0.2
14,1100,0,odam,fpn,0.3669768273830414,0.0,global_ddp_mean,2,0.0,1.5421873331069946,1.5421873331069946,0.0,0.0,0.0,0.0,0.0,0.0,0.0,0.0,0.0,0.0,0.0,0.0,0.0,0.9999999598077206,0.9999999598077206,0.0162445973110121,0,0,0,0,0,0,0,1.0,1.0,0.2,0.2
14,1100,0,odam,rpn,0.3669768273830414,0.0,global_ddp_mean,2,0.0,2.1266775131225586,2.1266775131225586,0.0,0.0,0.0,0.0,0.0,0.0,0.0,0.0,0.0,0.0,0.0,0.0,0.0,0.9999999576705324,0.9999999576705324,0.016670899555983366,0,0,0,0,0,0,0,1.0,1.0,0.2,0.2
14,1100,0,odam,roi_shared,0.3669768273830414,0.0,global_ddp_mean,2,0.0,3.5429983139038086,3.5429983139038086,0.0,0.0,0.0,0.0,0.0,0.0,0.0,0.0,0.0,0.0,0.0,0.0,0.0,0.9999999494796776,0.9999999494796776,0.018212547129778725,0,0,0,0,0,0,0,1.0,1.0,0.2,0.2
14,1100,0,odam,roi_cls,0.3669768273830414,0.0,global_ddp_mean,2,0.0,2.330764055252075,2.330764055252075,0.0,0.0,0.0,0.0,0.0,0.0,0.0,0.0,0.0,0.0,0.0,0.0,0.0,1.0000000332251195,1.0000000332251195,0.0,0,0,0,0,0,0,0,1.0,1.0,0.2,0.2
14,1100,0,odam,roi_reg,0.3669768273830414,0.0,global_ddp_mean,2,0.0,1.6687138080596924,1.6687138080596924,0.0,0.0,0.0,0.0,0.0,0.0,0.0,0.0,0.0,0.0,0.0,0.0,0.0,0.999999988613029,0.999999988613029,0.008646527729056951,0,0,0,0,0,0,0,1.0,1.0,0.2,0.2
14,1200,0,odam,backbone,0.005498914979398251,0.0,global_ddp_mean,2,0.0,5.02128267288208,5.02128267288208,0.0,0.0,0.0,0.0,0.0,0.0,0.0,0.0,0.0,0.0,0.0,0.0,0.0,1.0000000017108162,1.0000000017108162,0.0,0,0,0,0,0,0,0,1.0,1.0,0.2,0.2
14,1200,0,odam,fpn,0.005498914979398251,0.0,global_ddp_mean,2,0.0,0.6619132161140442,0.6619132161140442,0.0,0.0,0.0,0.0,0.0,0.0,0.0,0.0,0.0,0.0,0.0,0.0,0.0,0.9999999127072878,0.9999999127072878,0.0239401367577501,0,0,0,0,0,0,0,1.0,1.0,0.2,0.2
14,1200,0,odam,rpn,0.005498914979398251,0.0,global_ddp_mean,2,0.0,1.0760953426361084,1.0760953426361084,0.0,0.0,0.0,0.0,0.0,0.0,0.0,0.0,0.0,0.0,0.0,0.0,0.0,1.0000000777810758,1.0000000777810758,0.0,0,0,0,0,0,0,0,1.0,1.0,0.2,0.2
14,1200,0,odam,roi_shared,0.005498914979398251,0.0,global_ddp_mean,2,0.0,1.4086105823516846,1.4086105823516846,0.0,0.0,0.0,0.0,0.0,0.0,0.0,0.0,0.0,0.0,0.0,0.0,0.0,0.9999999477755628,0.9999999477755628,0.01851716585340276,0,0,0,0,0,0,0,1.0,1.0,0.2,0.2
14,1200,0,odam,roi_cls,0.005498914979398251,0.0,global_ddp_mean,2,0.0,0.8347187638282776,0.8347187638282776,0.0,0.0,0.0,0.0,0.0,0.0,0.0,0.0,0.0,0.0,0.0,0.0,0.0,0.9999999921833616,0.9999999921833616,0.007163869117317683,0,0,0,0,0,0,0,1.0,1.0,0.2,0.2
14,1200,0,odam,roi_reg,0.005498914979398251,0.0,global_ddp_mean,2,0.0,1.0481626987457275,1.0481626987457275,0.0,0.0,0.0,0.0,0.0,0.0,0.0,0.0,0.0,0.0,0.0,0.0,0.0,0.9999999351980031,0.9999999351980031,0.020626798546914467,0,0,0,0,0,0,0,1.0,1.0,0.2,0.2
14,1300,0,odam,backbone,0.3226465582847595,-0.0,global_ddp_mean,2,0.0,12.137284278869629,12.137284278869629,0.0,0.0,0.0,0.0,0.0,0.0,0.0,0.0,0.0,0.0,0.0,0.0,0.0,0.9999999321303507,0.9999999321303507,0.02110937793319181,0,0,0,0,0,0,0,1.0,1.0,0.2,0.2
14,1300,0,odam,fpn,0.3226465582847595,-0.0,global_ddp_mean,2,0.0,1.5730839967727661,1.5730839967727661,0.0,0.0,0.0,0.0,0.0,0.0,0.0,0.0,0.0,0.0,0.0,0.0,0.0,1.0000000565962182,1.0000000565962182,0.0,0,0,0,0,0,0,0,1.0,1.0,0.2,0.2
14,1300,0,odam,rpn,0.3226465582847595,-0.0,global_ddp_mean,2,0.0,1.9696576595306396,1.9696576595306396,0.0,0.0,0.0,0.0,0.0,0.0,0.0,0.0,0.0,0.0,0.0,0.0,0.0,0.9999999681686778,0.9999999681686778,0.014456560265055369,0,0,0,0,0,0,0,1.0,1.0,0.2,0.2
14,1300,0,odam,roi_shared,0.3226465582847595,-0.0,global_ddp_mean,2,0.0,3.2971301078796387,3.2971301078796387,0.0,0.0,0.0,0.0,0.0,0.0,0.0,0.0,0.0,0.0,0.0,0.0,0.0,1.0000000090913563,1.0000000090913563,0.0,0,0,0,0,0,0,0,1.0,1.0,0.2,0.2
14,1300,0,odam,roi_cls,0.3226465582847595,-0.0,global_ddp_mean,2,0.0,2.4373419284820557,2.4373419284820557,0.0,0.0,0.0,0.0,0.0,0.0,0.0,0.0,0.0,0.0,0.0,0.0,0.0,1.0000000810776661,1.0000000810776661,0.0,0,0,0,0,0,0,0,1.0,1.0,0.2,0.2
14,1300,0,odam,roi_reg,0.3226465582847595,-0.0,global_ddp_mean,2,0.0,2.115546226501465,2.115546226501465,0.0,0.0,0.0,0.0,0.0,0.0,0.0,0.0,0.0,0.0,0.0,0.0,0.0,0.9999999008602829,0.9999999008602829,0.025512996618184562,0,0,0,0,0,0,0,1.0,1.0,0.2,0.2
14,1400,0,odam,backbone,0.15713615715503693,-0.0,global_ddp_mean,2,0.0,10.090523719787598,10.090523719787598,0.0,0.0,0.0,0.0,0.0,0.0,0.0,0.0,0.0,0.0,0.0,0.0,0.0,1.0000000318269693,1.0000000318269693,0.0,0,0,0,0,0,0,0,1.0,1.0,0.2,0.2
14,1400,0,odam,fpn,0.15713615715503693,-0.0,global_ddp_mean,2,0.0,2.0375804901123047,2.0375804901123047,0.0,0.0,0.0,0.0,0.0,0.0,0.0,0.0,0.0,0.0,0.0,0.0,0.0,1.000000023707085,1.000000023707085,0.0,0,0,0,0,0,0,0,1.0,1.0,0.2,0.2
14,1400,0,odam,rpn,0.15713615715503693,-0.0,global_ddp_mean,2,0.0,0.7383025288581848,0.7383025288581848,0.0,0.0,0.0,0.0,0.0,0.0,0.0,0.0,0.0,0.0,0.0,0.0,0.0,0.9999999846465316,0.9999999846465316,0.010040165699803759,0,0,0,0,0,0,0,1.0,1.0,0.2,0.2
14,1400,0,odam,roi_shared,0.15713615715503693,-0.0,global_ddp_mean,2,0.0,4.464954376220703,4.464954376220703,0.0,0.0,0.0,0.0,0.0,0.0,0.0,0.0,0.0,0.0,0.0,0.0,0.0,1.000000102535152,1.000000102535152,0.0,0,0,0,0,0,0,0,1.0,1.0,0.2,0.2
14,1400,0,odam,roi_cls,0.15713615715503693,-0.0,global_ddp_mean,2,0.0,4.08439826965332,4.08439826965332,0.0,0.0,0.0,0.0,0.0,0.0,0.0,0.0,0.0,0.0,0.0,0.0,0.0,1.0000000527039195,1.0000000527039195,0.0,0,0,0,0,0,0,0,1.0,1.0,0.2,0.2
14,1400,0,odam,roi_reg,0.15713615715503693,-0.0,global_ddp_mean,2,0.0,0.8739968538284302,0.8739968538284302,0.0,0.0,0.0,0.0,0.0,0.0,0.0,0.0,0.0,0.0,0.0,0.0,0.0,0.9999999701184916,0.9999999701184916,0.014006798773621987,0,0,0,0,0,0,0,1.0,1.0,0.2,0.2
15,0,0,odam,backbone,0.4007806181907654,-0.0,global_ddp_mean,2,0.0,12.32891845703125,12.32891845703125,0.0,0.0,0.0,0.0,0.0,0.0,0.0,0.0,0.0,0.0,0.0,0.0,0.0,0.999999983309964,0.999999983309964,0.010468061556987984,0,0,0,0,0,0,0,1.0,1.0,0.2,0.2
15,0,0,odam,fpn,0.4007806181907654,-0.0,global_ddp_mean,2,0.0,2.7355740070343018,2.7355740070343018,0.0,0.0,0.0,0.0,0.0,0.0,0.0,0.0,0.0,0.0,0.0,0.0,0.0,0.9999999243789489,0.9999999243789489,0.022282247186229946,0,0,0,0,0,0,0,1.0,1.0,0.2,0.2
15,0,0,odam,rpn,0.4007806181907654,-0.0,global_ddp_mean,2,0.0,2.867831230163574,2.867831230163574,0.0,0.0,0.0,0.0,0.0,0.0,0.0,0.0,0.0,0.0,0.0,0.0,0.0,0.9999999840394962,0.9999999840394962,0.010236722462580368,0,0,0,0,0,0,0,1.0,1.0,0.2,0.2
15,0,0,odam,roi_shared,0.4007806181907654,-0.0,global_ddp_mean,2,0.0,4.704693794250488,4.704693794250488,0.0,0.0,0.0,0.0,0.0,0.0,0.0,0.0,0.0,0.0,0.0,0.0,0.0,1.0000000921217151,1.0000000921217151,0.0,0,0,0,0,0,0,0,1.0,1.0,0.2,0.2
15,0,0,odam,roi_cls,0.4007806181907654,-0.0,global_ddp_mean,2,0.0,2.6925017833709717,2.6925017833709717,0.0,0.0,0.0,0.0,0.0,0.0,0.0,0.0,0.0,0.0,0.0,0.0,0.0,0.9999999652245402,0.9999999652245402,0.015110334282584107,0,0,0,0,0,0,0,1.0,1.0,0.2,0.2
15,0,0,odam,roi_reg,0.4007806181907654,-0.0,global_ddp_mean,2,0.0,3.9099183082580566,3.9099183082580566,0.0,0.0,0.0,0.0,0.0,0.0,0.0,0.0,0.0,0.0,0.0,0.0,0.0,1.0000000067749124,1.0000000067749124,0.0,0,0,0,0,0,0,0,1.0,1.0,0.2,0.2
15,100,0,odam,backbone,0.28572914004325867,0.0,global_ddp_mean,2,0.0,7.03740119934082,7.03740119934082,0.0,0.0,0.0,0.0,0.0,0.0,0.0,0.0,0.0,0.0,0.0,0.0,0.0,0.9999999460774948,0.9999999460774948,0.018815798903957914,0,0,0,0,0,0,0,1.0,1.0,0.2,0.2
15,100,0,odam,fpn,0.28572914004325867,0.0,global_ddp_mean,2,0.0,1.5596911907196045,1.5596911907196045,0.0,0.0,0.0,0.0,0.0,0.0,0.0,0.0,0.0,0.0,0.0,0.0,0.0,0.9999999543690866,0.9999999543690866,0.017308810088724414,0,0,0,0,0,0,0,1.0,1.0,0.2,0.2
15,100,0,odam,rpn,0.28572914004325867,0.0,global_ddp_mean,2,0.0,1.911236047744751,1.911236047744751,0.0,0.0,0.0,0.0,0.0,0.0,0.0,0.0,0.0,0.0,0.0,0.0,0.0,1.0000000596749863,1.0000000596749863,0.0,0,0,0,0,0,0,0,1.0,1.0,0.2,0.2
15,100,0,odam,roi_shared,0.28572914004325867,0.0,global_ddp_mean,2,0.0,4.026991844177246,4.026991844177246,0.0,0.0,0.0,0.0,0.0,0.0,0.0,0.0,0.0,0.0,0.0,0.0,0.0,0.9999998853140778,0.9999998853140778,0.027440542300134995,0,0,0,0,0,0,0,1.0,1.0,0.2,0.2
15,100,0,odam,roi_cls,0.28572914004325867,0.0,global_ddp_mean,2,0.0,3.540219306945801,3.540219306945801,0.0,0.0,0.0,0.0,0.0,0.0,0.0,0.0,0.0,0.0,0.0,0.0,0.0,0.9999999871532265,0.9999999871532265,0.009184058996371222,0,0,0,0,0,0,0,1.0,1.0,0.2,0.2
15,100,0,odam,roi_reg,0.28572914004325867,0.0,global_ddp_mean,2,0.0,1.5964024066925049,1.5964024066925049,0.0,0.0,0.0,0.0,0.0,0.0,0.0,0.0,0.0,0.0,0.0,0.0,0.0,0.9999999583200783,0.9999999583200783,0.016542497555937175,0,0,0,0,0,0,0,1.0,1.0,0.2,0.2
15,200,0,odam,backbone,0.08801703155040741,0.0,global_ddp_mean,2,0.0,6.392772197723389,6.392772197723389,0.0,0.0,0.0,0.0,0.0,0.0,0.0,0.0,0.0,0.0,0.0,0.0,0.0,0.9999999575571686,0.9999999575571686,0.016693208037315818,0,0,0,0,0,0,0,1.0,1.0,0.2,0.2
15,200,0,odam,fpn,0.08801703155040741,0.0,global_ddp_mean,2,0.0,0.7880588173866272,0.7880588173866272,0.0,0.0,0.0,0.0,0.0,0.0,0.0,0.0,0.0,0.0,0.0,0.0,0.0,1.000000013999399,1.000000013999399,0.0,0,0,0,0,0,0,0,1.0,1.0,0.2,0.2
15,200,0,odam,rpn,0.08801703155040741,0.0,global_ddp_mean,2,0.0,0.8627927899360657,0.8627927899360657,0.0,0.0,0.0,0.0,0.0,0.0,0.0,0.0,0.0,0.0,0.0,0.0,0.0,0.9999999340833708,0.9999999340833708,0.02080343871280515,0,0,0,0,0,0,0,1.0,1.0,0.2,0.2
15,200,0,odam,roi_shared,0.08801703155040741,0.0,global_ddp_mean,2,0.0,1.2908616065979004,1.2908616065979004,0.0,0.0,0.0,0.0,0.0,0.0,0.0,0.0,0.0,0.0,0.0,0.0,0.0,1.0000000561865483,1.0000000561865483,0.0,0,0,0,0,0,0,0,1.0,1.0,0.2,0.2
15,200,0,odam,roi_cls,0.08801703155040741,0.0,global_ddp_mean,2,0.0,1.0891612768173218,1.0891612768173218,0.0,0.0,0.0,0.0,0.0,0.0,0.0,0.0,0.0,0.0,0.0,0.0,0.0,0.9999999802815741,0.9999999802815741,0.011378204950128189,0,0,0,0,0,0,0,1.0,1.0,0.2,0.2
15,200,0,odam,roi_reg,0.08801703155040741,0.0,global_ddp_mean,2,0.0,0.5465016961097717,0.5465016961097717,0.0,0.0,0.0,0.0,0.0,0.0,0.0,0.0,0.0,0.0,0.0,0.0,0.0,0.9999999637275487,0.9999999637275487,0.015432137509914828,0,0,0,0,0,0,0,1.0,1.0,0.2,0.2
15,300,0,odam,backbone,0.9686634540557861,-0.0,global_ddp_mean,2,0.0,67.57440185546875,67.57440185546875,0.0,0.0,0.0,0.0,0.0,0.0,0.0,0.0,0.0,0.0,0.0,0.0,0.0,1.000000110996736,1.000000110996736,0.0,0,0,0,0,0,0,0,1.0,1.0,0.2,0.2
15,300,0,odam,fpn,0.9686634540557861,-0.0,global_ddp_mean,2,0.0,9.80918025970459,9.80918025970459,0.0,0.0,0.0,0.0,0.0,0.0,0.0,0.0,0.0,0.0,0.0,0.0,0.0,0.9999999114811993,0.9999999114811993,0.024107678670143216,0,0,0,0,0,0,0,1.0,1.0,0.2,0.2
15,300,0,odam,rpn,0.9686634540557861,-0.0,global_ddp_mean,2,0.0,2.4211959838867188,2.4211959838867188,0.0,0.0,0.0,0.0,0.0,0.0,0.0,0.0,0.0,0.0,0.0,0.0,0.0,0.9999999620202854,0.9999999620202854,0.015791139859744754,0,0,0,0,0,0,0,1.0,1.0,0.2,0.2
15,300,0,odam,roi_shared,0.9686634540557861,-0.0,global_ddp_mean,2,0.0,20.72568130493164,20.72568130493164,0.0,0.0,0.0,0.0,0.0,0.0,0.0,0.0,0.0,0.0,0.0,0.0,0.0,1.000000066323174,1.000000066323174,0.0,0,0,0,0,0,0,0,1.0,1.0,0.2,0.2
15,300,0,odam,roi_cls,0.9686634540557861,-0.0,global_ddp_mean,2,0.0,17.09126853942871,17.09126853942871,0.0,0.0,0.0,0.0,0.0,0.0,0.0,0.0,0.0,0.0,0.0,0.0,0.0,1.000000069925449,1.000000069925449,0.0,0,0,0,0,0,0,0,1.0,1.0,0.2,0.2
15,300,0,odam,roi_reg,0.9686634540557861,-0.0,global_ddp_mean,2,0.0,6.662133693695068,6.662133693695068,0.0,0.0,0.0,0.0,0.0,0.0,0.0,0.0,0.0,0.0,0.0,0.0,0.0,1.0000000049806967,1.0000000049806967,0.0,0,0,0,0,0,0,0,1.0,1.0,0.2,0.2
15,400,0,odam,backbone,0.36410266160964966,-0.0,global_ddp_mean,2,0.0,11.312666893005371,11.312666893005371,0.0,0.0,0.0,0.0,0.0,0.0,0.0,0.0,0.0,0.0,0.0,0.0,0.0,0.9999999448242053,0.9999999448242053,0.01903320524292495,0,0,0,0,0,0,0,1.0,1.0,0.2,0.2
15,400,0,odam,fpn,0.36410266160964966,-0.0,global_ddp_mean,2,0.0,1.7326949834823608,1.7326949834823608,0.0,0.0,0.0,0.0,0.0,0.0,0.0,0.0,0.0,0.0,0.0,0.0,0.0,0.999999976861891,0.999999976861891,0.012325415319089698,0,0,0,0,0,0,0,1.0,1.0,0.2,0.2
15,400,0,odam,rpn,0.36410266160964966,-0.0,global_ddp_mean,2,0.0,2.2319109439849854,2.2319109439849854,0.0,0.0,0.0,0.0,0.0,0.0,0.0,0.0,0.0,0.0,0.0,0.0,0.0,0.9999999552605507,0.9999999552605507,0.017138900152003728,0,0,0,0,0,0,0,1.0,1.0,0.2,0.2
15,400,0,odam,roi_shared,0.36410266160964966,-0.0,global_ddp_mean,2,0.0,2.4925754070281982,2.4925754070281982,0.0,0.0,0.0,0.0,0.0,0.0,0.0,0.0,0.0,0.0,0.0,0.0,0.0,0.9999999919701321,0.9999999919701321,0.007260922986395306,0,0,0,0,0,0,0,1.0,1.0,0.2,0.2
15,400,0,odam,roi_cls,0.36410266160964966,-0.0,global_ddp_mean,2,0.0,1.4570577144622803,1.4570577144622803,0.0,0.0,0.0,0.0,0.0,0.0,0.0,0.0,0.0,0.0,0.0,0.0,0.0,0.9999999479060121,0.9999999479060121,0.018494024752023823,0,0,0,0,0,0,0,1.0,1.0,0.2,0.2
15,400,0,odam,roi_reg,0.36410266160964966,-0.0,global_ddp_mean,2,0.0,2.75504469871521,2.75504469871521,0.0,0.0,0.0,0.0,0.0,0.0,0.0,0.0,0.0,0.0,0.0,0.0,0.0,0.999999961025763,0.999999961025763,0.0159965542148126,0,0,0,0,0,0,0,1.0,1.0,0.2,0.2
15,500,0,odam,backbone,0.2535112202167511,0.0,global_ddp_mean,2,0.0,6.350113868713379,6.350113868713379,0.0,0.0,0.0,0.0,0.0,0.0,0.0,0.0,0.0,0.0,0.0,0.0,0.0,1.0000000436680512,1.0000000436680512,0.0,0,0,0,0,0,0,0,1.0,1.0,0.2,0.2
15,500,0,odam,fpn,0.2535112202167511,0.0,global_ddp_mean,2,0.0,1.1735649108886719,1.1735649108886719,0.0,0.0,0.0,0.0,0.0,0.0,0.0,0.0,0.0,0.0,0.0,0.0,0.0,1.000000090348892,1.000000090348892,0.0,0,0,0,0,0,0,0,1.0,1.0,0.2,0.2
15,500,0,odam,rpn,0.2535112202167511,0.0,global_ddp_mean,2,0.0,1.644756555557251,1.644756555557251,0.0,0.0,0.0,0.0,0.0,0.0,0.0,0.0,0.0,0.0,0.0,0.0,0.0,0.9999999667760828,0.9999999667760828,0.01476940668216908,0,0,0,0,0,0,0,1.0,1.0,0.2,0.2
15,500,0,odam,roi_shared,0.2535112202167511,0.0,global_ddp_mean,2,0.0,2.61037540435791,2.61037540435791,0.0,0.0,0.0,0.0,0.0,0.0,0.0,0.0,0.0,0.0,0.0,0.0,0.0,0.999999927477977,0.999999927477977,0.021820896437746342,0,0,0,0,0,0,0,1.0,1.0,0.2,0.2
15,500,0,odam,roi_cls,0.2535112202167511,0.0,global_ddp_mean,2,0.0,1.477634310722351,1.477634310722351,0.0,0.0,0.0,0.0,0.0,0.0,0.0,0.0,0.0,0.0,0.0,0.0,0.0,1.0000000445778325,1.0000000445778325,0.0,0,0,0,0,0,0,0,1.0,1.0,0.2,0.2
15,500,0,odam,roi_reg,0.2535112202167511,0.0,global_ddp_mean,2,0.0,2.8074944019317627,2.8074944019317627,0.0,0.0,0.0,0.0,0.0,0.0,0.0,0.0,0.0,0.0,0.0,0.0,0.0,1.0000000539168084,1.0000000539168084,0.0,0,0,0,0,0,0,0,1.0,1.0,0.2,0.2
15,600,0,odam,backbone,0.014856874011456966,0.0,global_ddp_mean,2,0.0,16.052227020263672,16.052227020263672,0.0,0.0,0.0,0.0,0.0,0.0,0.0,0.0,0.0,0.0,0.0,0.0,0.0,1.0000000734276109,1.0000000734276109,0.0,0,0,0,0,0,0,0,1.0,1.0,0.2,0.2
15,600,0,odam,fpn,0.014856874011456966,0.0,global_ddp_mean,2,0.0,3.0598995685577393,3.0598995685577393,0.0,0.0,0.0,0.0,0.0,0.0,0.0,0.0,0.0,0.0,0.0,0.0,0.0,0.9999999239161215,0.9999999239161215,0.022350330768984388,0,0,0,0,0,0,0,1.0,1.0,0.2,0.2
15,600,0,odam,rpn,0.014856874011456966,0.0,global_ddp_mean,2,0.0,1.3247817754745483,1.3247817754745483,0.0,0.0,0.0,0.0,0.0,0.0,0.0,0.0,0.0,0.0,0.0,0.0,0.0,0.9999999164890316,0.9999999164890316,0.02341582119220889,0,0,0,0,0,0,0,1.0,1.0,0.2,0.2
15,600,0,odam,roi_shared,0.014856874011456966,0.0,global_ddp_mean,2,0.0,6.569596290588379,6.569596290588379,0.0,0.0,0.0,0.0,0.0,0.0,0.0,0.0,0.0,0.0,0.0,0.0,0.0,1.0000000015799353,1.0000000015799353,0.0,0,0,0,0,0,0,0,1.0,1.0,0.2,0.2
15,600,0,odam,roi_cls,0.014856874011456966,0.0,global_ddp_mean,2,0.0,4.1216206550598145,4.1216206550598145,0.0,0.0,0.0,0.0,0.0,0.0,0.0,0.0,0.0,0.0,0.0,0.0,0.0,1.0000001066802953,1.0000001066802953,0.0,0,0,0,0,0,0,0,1.0,1.0,0.2,0.2
15,600,0,odam,roi_reg,0.014856874011456966,0.0,global_ddp_mean,2,0.0,3.591616153717041,3.591616153717041,0.0,0.0,0.0,0.0,0.0,0.0,0.0,0.0,0.0,0.0,0.0,0.0,0.0,1.0000000189829081,1.0000000189829081,0.0,0,0,0,0,0,0,0,1.0,1.0,0.2,0.2
15,700,0,odam,backbone,0.056729093194007874,0.0,global_ddp_mean,2,0.0,4.383831024169922,4.383831024169922,0.0,0.0,0.0,0.0,0.0,0.0,0.0,0.0,0.0,0.0,0.0,0.0,0.0,0.9999999615272535,0.9999999615272535,0.015893305349565165,0,0,0,0,0,0,0,1.0,1.0,0.2,0.2
15,700,0,odam,fpn,0.056729093194007874,0.0,global_ddp_mean,2,0.0,0.9249585866928101,0.9249585866928101,0.0,0.0,0.0,0.0,0.0,0.0,0.0,0.0,0.0,0.0,0.0,0.0,0.0,0.9999999938152643,0.9999999938152643,0.006372329201692032,0,0,0,0,0,0,0,1.0,1.0,0.2,0.2
15,700,0,odam,rpn,0.056729093194007874,0.0,global_ddp_mean,2,0.0,0.983819305896759,0.983819305896759,0.0,0.0,0.0,0.0,0.0,0.0,0.0,0.0,0.0,0.0,0.0,0.0,0.0,0.9999999677014202,0.9999999677014202,0.014562278906108722,0,0,0,0,0,0,0,1.0,1.0,0.2,0.2
15,700,0,odam,roi_shared,0.056729093194007874,0.0,global_ddp_mean,2,0.0,1.8539683818817139,1.8539683818817139,0.0,0.0,0.0,0.0,0.0,0.0,0.0,0.0,0.0,0.0,0.0,0.0,0.0,1.0000000338407822,1.0000000338407822,0.0,0,0,0,0,0,0,0,1.0,1.0,0.2,0.2
15,700,0,odam,roi_cls,0.056729093194007874,0.0,global_ddp_mean,2,0.0,1.1833254098892212,1.1833254098892212,0.0,0.0,0.0,0.0,0.0,0.0,0.0,0.0,0.0,0.0,0.0,0.0,0.0,0.9999999093350268,0.9999999093350268,0.024398178383978567,0,0,0,0,0,0,0,1.0,1.0,0.2,0.2
15,700,0,odam,roi_reg,0.056729093194007874,0.0,global_ddp_mean,2,0.0,1.9992766380310059,1.9992766380310059,0.0,0.0,0.0,0.0,0.0,0.0,0.0,0.0,0.0,0.0,0.0,0.0,0.0,1.0000000480355407,1.0000000480355407,0.0,0,0,0,0,0,0,0,1.0,1.0,0.2,0.2
15,800,0,odam,backbone,0.16878868639469147,0.0,global_ddp_mean,2,0.0,4.1758928298950195,4.1758928298950195,0.0,0.0,0.0,0.0,0.0,0.0,0.0,0.0,0.0,0.0,0.0,0.0,0.0,0.9999999373334564,0.9999999373334564,0.020284088812705357,0,0,0,0,0,0,0,1.0,1.0,0.2,0.2
15,800,0,odam,fpn,0.16878868639469147,0.0,global_ddp_mean,2,0.0,0.7984462976455688,0.7984462976455688,0.0,0.0,0.0,0.0,0.0,0.0,0.0,0.0,0.0,0.0,0.0,0.0,0.0,1.0000000130847713,1.0000000130847713,0.0,0,0,0,0,0,0,0,1.0,1.0,0.2,0.2
15,800,0,odam,rpn,0.16878868639469147,0.0,global_ddp_mean,2,0.0,1.5086067914962769,1.5086067914962769,0.0,0.0,0.0,0.0,0.0,0.0,0.0,0.0,0.0,0.0,0.0,0.0,0.0,0.9999999789572626,0.9999999789572626,0.011754082893749544,0,0,0,0,0,0,0,1.0,1.0,0.2,0.2
15,800,0,odam,roi_shared,0.16878868639469147,0.0,global_ddp_mean,2,0.0,1.2819024324417114,1.2819024324417114,0.0,0.0,0.0,0.0,0.0,0.0,0.0,0.0,0.0,0.0,0.0,0.0,0.0,0.9999999903326167,0.9999999903326167,0.007966950164534962,0,0,0,0,0,0,0,1.0,1.0,0.2,0.2
15,800,0,odam,roi_cls,0.16878868639469147,0.0,global_ddp_mean,2,0.0,0.7991341948509216,0.7991341948509216,0.0,0.0,0.0,0.0,0.0,0.0,0.0,0.0,0.0,0.0,0.0,0.0,0.0,0.9999999499250566,0.9999999499250566,0.0181320899836714,0,0,0,0,0,0,0,1.0,1.0,0.2,0.2
15,800,0,odam,roi_reg,0.16878868639469147,0.0,global_ddp_mean,2,0.0,1.390505075454712,1.390505075454712,0.0,0.0,0.0,0.0,0.0,0.0,0.0,0.0,0.0,0.0,0.0,0.0,0.0,0.9999999887083383,0.9999999887083383,0.008610265832798556,0,0,0,0,0,0,0,1.0,1.0,0.2,0.2
15,900,0,odam,backbone,0.008490558713674545,0.0,global_ddp_mean,2,0.0,20.202455520629883,20.202455520629883,0.0,0.0,0.0,0.0,0.0,0.0,0.0,0.0,0.0,0.0,0.0,0.0,0.0,0.9999999549438028,0.9999999549438028,0.0171994634476833,0,0,0,0,0,0,0,1.0,1.0,0.2,0.2
15,900,0,odam,fpn,0.008490558713674545,0.0,global_ddp_mean,2,0.0,1.1779980659484863,1.1779980659484863,0.0,0.0,0.0,0.0,0.0,0.0,0.0,0.0,0.0,0.0,0.0,0.0,0.0,1.000000010294968,1.000000010294968,0.0,0,0,0,0,0,0,0,1.0,1.0,0.2,0.2
15,900,0,odam,rpn,0.008490558713674545,0.0,global_ddp_mean,2,0.0,2.5393733978271484,2.5393733978271484,0.0,0.0,0.0,0.0,0.0,0.0,0.0,0.0,0.0,0.0,0.0,0.0,0.0,0.9999999896323185,0.9999999896323185,0.008250465525372853,0,0,0,0,0,0,0,1.0,1.0,0.2,0.2
15,900,0,odam,roi_shared,0.008490558713674545,0.0,global_ddp_mean,2,0.0,2.4157893657684326,2.4157893657684326,0.0,0.0,0.0,0.0,0.0,0.0,0.0,0.0,0.0,0.0,0.0,0.0,0.0,0.9999999747912096,0.9999999747912096,0.012865113875212893,0,0,0,0,0,0,0,1.0,1.0,0.2,0.2
15,900,0,odam,roi_cls,0.008490558713674545,0.0,global_ddp_mean,2,0.0,2.0666115283966064,2.0666115283966064,0.0,0.0,0.0,0.0,0.0,0.0,0.0,0.0,0.0,0.0,0.0,0.0,0.0,1.0000000821560528,1.0000000821560528,0.0,0,0,0,0,0,0,0,1.0,1.0,0.2,0.2
15,900,0,odam,roi_reg,0.008490558713674545,0.0,global_ddp_mean,2,0.0,1.69960618019104,1.69960618019104,0.0,0.0,0.0,0.0,0.0,0.0,0.0,0.0,0.0,0.0,0.0,0.0,0.0,0.9999999925295365,0.9999999925295365,0.007003439861602834,0,0,0,0,0,0,0,1.0,1.0,0.2,0.2
15,1000,0,odam,backbone,0.15484824776649475,0.0,global_ddp_mean,2,0.0,6.4390387535095215,6.4390387535095215,0.0,0.0,0.0,0.0,0.0,0.0,0.0,0.0,0.0,0.0,0.0,0.0,0.0,0.9999999932081161,0.9999999932081161,0.006677790018505335,0,0,0,0,0,0,0,1.0,1.0,0.2,0.2
15,1000,0,odam,fpn,0.15484824776649475,0.0,global_ddp_mean,2,0.0,1.064896583557129,1.064896583557129,0.0,0.0,0.0,0.0,0.0,0.0,0.0,0.0,0.0,0.0,0.0,0.0,0.0,1.0000000861040865,1.0000000861040865,0.0,0,0,0,0,0,0,0,1.0,1.0,0.2,0.2
15,1000,0,odam,rpn,0.15484824776649475,0.0,global_ddp_mean,2,0.0,1.2295074462890625,1.2295074462890625,0.0,0.0,0.0,0.0,0.0,0.0,0.0,0.0,0.0,0.0,0.0,0.0,0.0,0.9999999407022053,0.9999999407022053,0.019731354683498663,0,0,0,0,0,0,0,1.0,1.0,0.2,0.2
15,1000,0,odam,roi_shared,0.15484824776649475,0.0,global_ddp_mean,2,0.0,2.043840169906616,2.043840169906616,0.0,0.0,0.0,0.0,0.0,0.0,0.0,0.0,0.0,0.0,0.0,0.0,0.0,1.0000000407172056,1.0000000407172056,0.0,0,0,0,0,0,0,0,1.0,1.0,0.2,0.2
15,1000,0,odam,roi_cls,0.15484824776649475,0.0,global_ddp_mean,2,0.0,1.5141578912734985,1.5141578912734985,0.0,0.0,0.0,0.0,0.0,0.0,0.0,0.0,0.0,0.0,0.0,0.0,0.0,0.9999999759801985,0.9999999759801985,0.012558053761948584,0,0,0,0,0,0,0,1.0,1.0,0.2,0.2
15,1000,0,odam,roi_reg,0.15484824776649475,0.0,global_ddp_mean,2,0.0,0.9688915610313416,0.9688915610313416,0.0,0.0,0.0,0.0,0.0,0.0,0.0,0.0,0.0,0.0,0.0,0.0,0.0,1.0000000064314258,1.0000000064314258,0.0,0,0,0,0,0,0,0,1.0,1.0,0.2,0.2
15,1100,0,odam,backbone,0.2178584486246109,-0.0,global_ddp_mean,2,0.0,10.053754806518555,10.053754806518555,0.0,0.0,0.0,0.0,0.0,0.0,0.0,0.0,0.0,0.0,0.0,0.0,0.0,1.000000019403864,1.000000019403864,0.0,0,0,0,0,0,0,0,1.0,1.0,0.2,0.2
15,1100,0,odam,fpn,0.2178584486246109,-0.0,global_ddp_mean,2,0.0,1.8470032215118408,1.8470032215118408,0.0,0.0,0.0,0.0,0.0,0.0,0.0,0.0,0.0,0.0,0.0,0.0,0.0,0.9999999770970613,0.9999999770970613,0.012262619030463115,0,0,0,0,0,0,0,1.0,1.0,0.2,0.2
15,1100,0,odam,rpn,0.2178584486246109,-0.0,global_ddp_mean,2,0.0,3.0144765377044678,3.0144765377044678,0.0,0.0,0.0,0.0,0.0,0.0,0.0,0.0,0.0,0.0,0.0,0.0,0.0,1.0000000786879548,1.0000000786879548,0.0,0,0,0,0,0,0,0,1.0,1.0,0.2,0.2
15,1100,0,odam,roi_shared,0.2178584486246109,-0.0,global_ddp_mean,2,0.0,3.6506123542785645,3.6506123542785645,0.0,0.0,0.0,0.0,0.0,0.0,0.0,0.0,0.0,0.0,0.0,0.0,0.0,0.9999999654228657,0.9999999654228657,0.015067185310519418,0,0,0,0,0,0,0,1.0,1.0,0.2,0.2
15,1100,0,odam,roi_cls,0.2178584486246109,-0.0,global_ddp_mean,2,0.0,1.905107021331787,1.905107021331787,0.0,0.0,0.0,0.0,0.0,0.0,0.0,0.0,0.0,0.0,0.0,0.0,0.0,0.9999999767167423,0.9999999767167423,0.0123640144270466,0,0,0,0,0,0,0,1.0,1.0,0.2,0.2
15,1100,0,odam,roi_reg,0.2178584486246109,-0.0,global_ddp_mean,2,0.0,3.9225611686706543,3.9225611686706543,0.0,0.0,0.0,0.0,0.0,0.0,0.0,0.0,0.0,0.0,0.0,0.0,0.0,0.9999999955482953,0.9999999955482953,0.005406308236683557,0,0,0,0,0,0,0,1.0,1.0,0.2,0.2
15,1200,0,odam,backbone,0.08516113460063934,0.0,global_ddp_mean,2,0.0,23.48645782470703,23.48645782470703,0.0,0.0,0.0,0.0,0.0,0.0,0.0,0.0,0.0,0.0,0.0,0.0,0.0,1.0000000133143023,1.0000000133143023,0.0,0,0,0,0,0,0,0,1.0,1.0,0.2,0.2
15,1200,0,odam,fpn,0.08516113460063934,0.0,global_ddp_mean,2,0.0,4.00721549987793,4.00721549987793,0.0,0.0,0.0,0.0,0.0,0.0,0.0,0.0,0.0,0.0,0.0,0.0,0.0,0.9999999648129728,0.9999999648129728,0.015199486632435146,0,0,0,0,0,0,0,1.0,1.0,0.2,0.2
15,1200,0,odam,rpn,0.08516113460063934,0.0,global_ddp_mean,2,0.0,6.450954437255859,6.450954437255859,0.0,0.0,0.0,0.0,0.0,0.0,0.0,0.0,0.0,0.0,0.0,0.0,0.0,1.000000038610043,1.000000038610043,0.0,0,0,0,0,0,0,0,1.0,1.0,0.2,0.2
15,1200,0,odam,roi_shared,0.08516113460063934,0.0,global_ddp_mean,2,0.0,4.702108860015869,4.702108860015869,0.0,0.0,0.0,0.0,0.0,0.0,0.0,0.0,0.0,0.0,0.0,0.0,0.0,1.0000000550675874,1.0000000550675874,0.0,0,0,0,0,0,0,0,1.0,1.0,0.2,0.2
15,1200,0,odam,roi_cls,0.08516113460063934,0.0,global_ddp_mean,2,0.0,3.024266242980957,3.024266242980957,0.0,0.0,0.0,0.0,0.0,0.0,0.0,0.0,0.0,0.0,0.0,0.0,0.0,0.9999999526037221,0.9999999526037221,0.01764045369563996,0,0,0,0,0,0,0,1.0,1.0,0.2,0.2
15,1200,0,odam,roi_reg,0.08516113460063934,0.0,global_ddp_mean,2,0.0,2.005547285079956,2.005547285079956,0.0,0.0,0.0,0.0,0.0,0.0,0.0,0.0,0.0,0.0,0.0,0.0,0.0,1.000000055204223,1.000000055204223,0.0,0,0,0,0,0,0,0,1.0,1.0,0.2,0.2
15,1300,0,odam,backbone,0.1859717071056366,-0.0,global_ddp_mean,2,0.0,8.48009204864502,8.48009204864502,0.0,0.0,0.0,0.0,0.0,0.0,0.0,0.0,0.0,0.0,0.0,0.0,0.0,0.999999939281546,0.999999939281546,0.019966318063705305,0,0,0,0,0,0,0,1.0,1.0,0.2,0.2
15,1300,0,odam,fpn,0.1859717071056366,-0.0,global_ddp_mean,2,0.0,1.6918940544128418,1.6918940544128418,0.0,0.0,0.0,0.0,0.0,0.0,0.0,0.0,0.0,0.0,0.0,0.0,0.0,0.9999999806414622,0.9999999806414622,0.011273892933012616,0,0,0,0,0,0,0,1.0,1.0,0.2,0.2
15,1300,0,odam,rpn,0.1859717071056366,-0.0,global_ddp_mean,2,0.0,1.0166383981704712,1.0166383981704712,0.0,0.0,0.0,0.0,0.0,0.0,0.0,0.0,0.0,0.0,0.0,0.0,0.0,0.9999999687260136,0.9999999687260136,0.014329441139214453,0,0,0,0,0,0,0,1.0,1.0,0.2,0.2
15,1300,0,odam,roi_shared,0.1859717071056366,-0.0,global_ddp_mean,2,0.0,3.704897880554199,3.704897880554199,0.0,0.0,0.0,0.0,0.0,0.0,0.0,0.0,0.0,0.0,0.0,0.0,0.0,0.9999999642511165,0.9999999642511165,0.01532035655752295,0,0,0,0,0,0,0,1.0,1.0,0.2,0.2
15,1300,0,odam,roi_cls,0.1859717071056366,-0.0,global_ddp_mean,2,0.0,3.6149239540100098,3.6149239540100098,0.0,0.0,0.0,0.0,0.0,0.0,0.0,0.0,0.0,0.0,0.0,0.0,0.0,0.9999999574190103,0.9999999574190103,0.016720355527394804,0,0,0,0,0,0,0,1.0,1.0,0.2,0.2
15,1300,0,odam,roi_reg,0.1859717071056366,-0.0,global_ddp_mean,2,0.0,0.7903988361358643,0.7903988361358643,0.0,0.0,0.0,0.0,0.0,0.0,0.0,0.0,0.0,0.0,0.0,0.0,0.0,0.999999950086403,0.999999950086403,0.01810285472824862,0,0,0,0,0,0,0,1.0,1.0,0.2,0.2
15,1400,0,odam,backbone,0.25209808349609375,0.0,global_ddp_mean,2,0.0,4.09498929977417,4.09498929977417,0.0,0.0,0.0,0.0,0.0,0.0,0.0,0.0,0.0,0.0,0.0,0.0,0.0,0.9999999279597533,0.9999999279597533,0.021748295658346364,0,0,0,0,0,0,0,1.0,1.0,0.2,0.2
15,1400,0,odam,fpn,0.25209808349609375,0.0,global_ddp_mean,2,0.0,0.7359265685081482,0.7359265685081482,0.0,0.0,0.0,0.0,0.0,0.0,0.0,0.0,0.0,0.0,0.0,0.0,0.0,1.000000063817811,1.000000063817811,0.0,0,0,0,0,0,0,0,1.0,1.0,0.2,0.2
15,1400,0,odam,rpn,0.25209808349609375,0.0,global_ddp_mean,2,0.0,1.1601746082305908,1.1601746082305908,0.0,0.0,0.0,0.0,0.0,0.0,0.0,0.0,0.0,0.0,0.0,0.0,0.0,1.0000000592543932,1.0000000592543932,0.0,0,0,0,0,0,0,0,1.0,1.0,0.2,0.2
15,1400,0,odam,roi_shared,0.25209808349609375,0.0,global_ddp_mean,2,0.0,1.2065826654434204,1.2065826654434204,0.0,0.0,0.0,0.0,0.0,0.0,0.0,0.0,0.0,0.0,0.0,0.0,0.0,0.9999999532579847,0.9999999532579847,0.017518275354486693,0,0,0,0,0,0,0,1.0,1.0,0.2,0.2
15,1400,0,odam,roi_cls,0.25209808349609375,0.0,global_ddp_mean,2,0.0,0.6933353543281555,0.6933353543281555,0.0,0.0,0.0,0.0,0.0,0.0,0.0,0.0,0.0,0.0,0.0,0.0,0.0,0.999999917914358,0.999999917914358,0.02321513602484263,0,0,0,0,0,0,0,1.0,1.0,0.2,0.2
15,1400,0,odam,roi_reg,0.25209808349609375,0.0,global_ddp_mean,2,0.0,1.9909776449203491,1.9909776449203491,0.0,0.0,0.0,0.0,0.0,0.0,0.0,0.0,0.0,0.0,0.0,0.0,0.0,0.9999999742290827,0.9999999742290827,0.01300776162800678,0,0,0,0,0,0,0,1.0,1.0,0.2,0.2
16,0,0,odam,backbone,0.566518247127533,-0.0,global_ddp_mean,2,0.0,32.41408920288086,32.41408920288086,0.0,0.0,0.0,0.0,0.0,0.0,0.0,0.0,0.0,0.0,0.0,0.0,0.0,1.0000000370439837,1.0000000370439837,0.0,0,0,0,0,0,0,0,1.0,1.0,0.2,0.2
16,0,0,odam,fpn,0.566518247127533,-0.0,global_ddp_mean,2,0.0,6.674576759338379,6.674576759338379,0.0,0.0,0.0,0.0,0.0,0.0,0.0,0.0,0.0,0.0,0.0,0.0,0.0,1.0000000321566271,1.0000000321566271,0.0,0,0,0,0,0,0,0,1.0,1.0,0.2,0.2
16,0,0,odam,rpn,0.566518247127533,-0.0,global_ddp_mean,2,0.0,5.995019435882568,5.995019435882568,0.0,0.0,0.0,0.0,0.0,0.0,0.0,0.0,0.0,0.0,0.0,0.0,0.0,0.9999999997082185,0.9999999997082185,0.0013840969049956965,0,0,0,0,0,0,0,1.0,1.0,0.2,0.2
16,0,0,odam,roi_shared,0.566518247127533,-0.0,global_ddp_mean,2,0.0,12.499241828918457,12.499241828918457,0.0,0.0,0.0,0.0,0.0,0.0,0.0,0.0,0.0,0.0,0.0,0.0,0.0,1.0000000146334522,1.0000000146334522,0.0,0,0,0,0,0,0,0,1.0,1.0,0.2,0.2
16,0,0,odam,roi_cls,0.566518247127533,-0.0,global_ddp_mean,2,0.0,10.550747871398926,10.550747871398926,0.0,0.0,0.0,0.0,0.0,0.0,0.0,0.0,0.0,0.0,0.0,0.0,0.0,1.0000000218762426,1.0000000218762426,0.0,0,0,0,0,0,0,0,1.0,1.0,0.2,0.2
16,0,0,odam,roi_reg,0.566518247127533,-0.0,global_ddp_mean,2,0.0,8.486248016357422,8.486248016357422,0.0,0.0,0.0,0.0,0.0,0.0,0.0,0.0,0.0,0.0,0.0,0.0,0.0,1.0000000754342904,1.0000000754342904,0.0,0,0,0,0,0,0,0,1.0,1.0,0.2,0.2
16,100,0,odam,backbone,0.10264049470424652,-0.0,global_ddp_mean,2,0.0,5.361804485321045,5.361804485321045,0.0,0.0,0.0,0.0,0.0,0.0,0.0,0.0,0.0,0.0,0.0,0.0,0.0,0.9999999932083014,0.9999999932083014,0.006677698926128145,0,0,0,0,0,0,0,1.0,1.0,0.2,0.2
16,100,0,odam,fpn,0.10264049470424652,-0.0,global_ddp_mean,2,0.0,0.6191144585609436,0.6191144585609436,0.0,0.0,0.0,0.0,0.0,0.0,0.0,0.0,0.0,0.0,0.0,0.0,0.0,0.9999999368630152,0.9999999368630152,0.02036008333203665,0,0,0,0,0,0,0,1.0,1.0,0.2,0.2
16,100,0,odam,rpn,0.10264049470424652,-0.0,global_ddp_mean,2,0.0,1.057645559310913,1.057645559310913,0.0,0.0,0.0,0.0,0.0,0.0,0.0,0.0,0.0,0.0,0.0,0.0,0.0,0.9999999539054276,0.9999999539054276,0.017396525864479106,0,0,0,0,0,0,0,1.0,1.0,0.2,0.2
16,100,0,odam,roi_shared,0.10264049470424652,-0.0,global_ddp_mean,2,0.0,0.9732803702354431,0.9732803702354431,0.0,0.0,0.0,0.0,0.0,0.0,0.0,0.0,0.0,0.0,0.0,0.0,0.0,1.0000000061443262,1.0000000061443262,0.0,0,0,0,0,0,0,0,1.0,1.0,0.2,0.2
16,100,0,odam,roi_cls,0.10264049470424652,-0.0,global_ddp_mean,2,0.0,0.7600195407867432,0.7600195407867432,0.0,0.0,0.0,0.0,0.0,0.0,0.0,0.0,0.0,0.0,0.0,0.0,0.0,0.9999999706113183,0.9999999706113183,0.013890813612602302,0,0,0,0,0,0,0,1.0,1.0,0.2,0.2
16,100,0,odam,roi_reg,0.10264049470424652,-0.0,global_ddp_mean,2,0.0,0.18608221411705017,0.18608221411705017,0.0,0.0,0.0,0.0,0.0,0.0,0.0,0.0,0.0,0.0,0.0,0.0,0.0,1.0000000444730843,1.0000000444730843,0.0,0,0,0,0,0,0,0,1.0,1.0,0.2,0.2
16,200,0,odam,backbone,0.22455549240112305,-0.0,global_ddp_mean,2,0.0,8.416779518127441,8.416779518127441,0.0,0.0,0.0,0.0,0.0,0.0,0.0,0.0,0.0,0.0,0.0,0.0,0.0,0.9999999048386453,0.9999999048386453,0.02499585183148291,0,0,0,0,0,0,0,1.0,1.0,0.2,0.2
16,200,0,odam,fpn,0.22455549240112305,-0.0,global_ddp_mean,2,0.0,2.0550451278686523,2.0550451278686523,0.0,0.0,0.0,0.0,0.0,0.0,0.0,0.0,0.0,0.0,0.0,0.0,0.0,1.0000000790958221,1.0000000790958221,0.0,0,0,0,0,0,0,0,1.0,1.0,0.2,0.2
16,200,0,odam,rpn,0.22455549240112305,-0.0,global_ddp_mean,2,0.0,3.0154759883880615,3.0154759883880615,0.0,0.0,0.0,0.0,0.0,0.0,0.0,0.0,0.0,0.0,0.0,0.0,0.0,1.0000000377070704,1.0000000377070704,0.0,0,0,0,0,0,0,0,1.0,1.0,0.2,0.2
16,200,0,odam,roi_shared,0.22455549240112305,-0.0,global_ddp_mean,2,0.0,3.79064679145813,3.79064679145813,0.0,0.0,0.0,0.0,0.0,0.0,0.0,0.0,0.0,0.0,0.0,0.0,0.0,1.0000000138010008,1.0000000138010008,0.0,0,0,0,0,0,0,0,1.0,1.0,0.2,0.2
16,200,0,odam,roi_cls,0.22455549240112305,-0.0,global_ddp_mean,2,0.0,3.0394537448883057,3.0394537448883057,0.0,0.0,0.0,0.0,0.0,0.0,0.0,0.0,0.0,0.0,0.0,0.0,0.0,1.0000000298038,1.0000000298038,0.0,0,0,0,0,0,0,0,1.0,1.0,0.2,0.2
16,200,0,odam,roi_reg,0.22455549240112305,-0.0,global_ddp_mean,2,0.0,3.686438798904419,3.686438798904419,0.0,0.0,0.0,0.0,0.0,0.0,0.0,0.0,0.0,0.0,0.0,0.0,0.0,1.0000000245894178,1.0000000245894178,0.0,0,0,0,0,0,0,0,1.0,1.0,0.2,0.2
16,300,0,odam,backbone,0.007027551531791687,0.0,global_ddp_mean,2,0.0,6.605001449584961,6.605001449584961,0.0,0.0,0.0,0.0,0.0,0.0,0.0,0.0,0.0,0.0,0.0,0.0,0.0,0.9999999372699044,0.9999999372699044,0.020294371544952502,0,0,0,0,0,0,0,1.0,1.0,0.2,0.2
16,300,0,odam,fpn,0.007027551531791687,0.0,global_ddp_mean,2,0.0,0.49535417556762695,0.49535417556762695,0.0,0.0,0.0,0.0,0.0,0.0,0.0,0.0,0.0,0.0,0.0,0.0,0.0,0.9999999722741653,0.9999999722741653,0.013492112270643043,0,0,0,0,0,0,0,1.0,1.0,0.2,0.2
16,300,0,odam,rpn,0.007027551531791687,0.0,global_ddp_mean,2,0.0,1.1973791122436523,1.1973791122436523,0.0,0.0,0.0,0.0,0.0,0.0,0.0,0.0,0.0,0.0,0.0,0.0,0.0,0.9999999416482573,0.9999999416482573,0.01957332231387686,0,0,0,0,0,0,0,1.0,1.0,0.2,0.2
16,300,0,odam,roi_shared,0.007027551531791687,0.0,global_ddp_mean,2,0.0,0.0,0.0,0.0,0.0,0.0,0.0,0.0,0.0,0.0,0.0,0.0,0.0,0.0,0.0,0.0,0.0,0.0,90.0,0,0,0,0,0,0,0,1.0,1.0,0.2,0.2
16,300,0,odam,roi_cls,0.007027551531791687,0.0,global_ddp_mean,2,0.0,0.0,0.0,0.0,0.0,0.0,0.0,0.0,0.0,0.0,0.0,0.0,0.0,0.0,0.0,0.0,0.0,0.0,90.0,0,0,0,0,0,0,0,1.0,1.0,0.2,0.2
16,300,0,odam,roi_reg,0.007027551531791687,0.0,global_ddp_mean,2,0.0,0.0,0.0,0.0,0.0,0.0,0.0,0.0,0.0,0.0,0.0,0.0,0.0,0.0,0.0,0.0,0.0,0.0,90.0,0,0,0,0,0,0,0,1.0,1.0,0.2,0.2
16,400,0,odam,backbone,0.011200210079550743,0.0,global_ddp_mean,2,0.0,3.3620972633361816,3.3620972633361816,0.0,0.0,0.0,0.0,0.0,0.0,0.0,0.0,0.0,0.0,0.0,0.0,0.0,0.9999999626606203,0.9999999626606203,0.015657455319762724,0,0,0,0,0,0,0,1.0,1.0,0.2,0.2
16,400,0,odam,fpn,0.011200210079550743,0.0,global_ddp_mean,2,0.0,0.5098518133163452,0.5098518133163452,0.0,0.0,0.0,0.0,0.0,0.0,0.0,0.0,0.0,0.0,0.0,0.0,0.0,0.999999915891438,0.999999915891438,0.023499452134368534,0,0,0,0,0,0,0,1.0,1.0,0.2,0.2
16,400,0,odam,rpn,0.011200210079550743,0.0,global_ddp_mean,2,0.0,0.7540600299835205,0.7540600299835205,0.0,0.0,0.0,0.0,0.0,0.0,0.0,0.0,0.0,0.0,0.0,0.0,0.0,0.9999999420310752,0.9999999420310752,0.019509011055500725,0,0,0,0,0,0,0,1.0,1.0,0.2,0.2
16,400,0,odam,roi_shared,0.011200210079550743,0.0,global_ddp_mean,2,0.0,0.535011351108551,0.535011351108551,0.0,0.0,0.0,0.0,0.0,0.0,0.0,0.0,0.0,0.0,0.0,0.0,0.0,1.0000000161253777,1.0000000161253777,0.0,0,0,0,0,0,0,0,1.0,1.0,0.2,0.2
16,400,0,odam,roi_cls,0.011200210079550743,0.0,global_ddp_mean,2,0.0,0.49275442957878113,0.49275442957878113,0.0,0.0,0.0,0.0,0.0,0.0,0.0,0.0,0.0,0.0,0.0,0.0,0.0,1.000000055193311,1.000000055193311,0.0,0,0,0,0,0,0,0,1.0,1.0,0.2,0.2
16,400,0,odam,roi_reg,0.011200210079550743,0.0,global_ddp_mean,2,0.0,0.0,0.0,0.0,0.0,0.0,0.0,0.0,0.0,0.0,0.0,0.0,0.0,0.0,0.0,0.0,0.0,0.0,90.0,0,0,0,0,0,0,0,1.0,1.0,0.2,0.2
16,500,0,odam,backbone,0.3096548616886139,0.0,global_ddp_mean,2,0.0,20.373044967651367,20.373044967651367,0.0,0.0,0.0,0.0,0.0,0.0,0.0,0.0,0.0,0.0,0.0,0.0,0.0,1.0000000310006245,1.0000000310006245,0.0,0,0,0,0,0,0,0,1.0,1.0,0.2,0.2
16,500,0,odam,fpn,0.3096548616886139,0.0,global_ddp_mean,2,0.0,2.769899368286133,2.769899368286133,0.0,0.0,0.0,0.0,0.0,0.0,0.0,0.0,0.0,0.0,0.0,0.0,0.0,0.9999999726267592,0.9999999726267592,0.013406047074354966,0,0,0,0,0,0,0,1.0,1.0,0.2,0.2
16,500,0,odam,rpn,0.3096548616886139,0.0,global_ddp_mean,2,0.0,5.121342182159424,5.121342182159424,0.0,0.0,0.0,0.0,0.0,0.0,0.0,0.0,0.0,0.0,0.0,0.0,0.0,1.000000067101519,1.000000067101519,0.0,0,0,0,0,0,0,0,1.0,1.0,0.2,0.2
16,500,0,odam,roi_shared,0.3096548616886139,0.0,global_ddp_mean,2,0.0,4.687272548675537,4.687272548675537,0.0,0.0,0.0,0.0,0.0,0.0,0.0,0.0,0.0,0.0,0.0,0.0,0.0,0.9999999081183777,0.9999999081183777,0.024561334564290178,0,0,0,0,0,0,0,1.0,1.0,0.2,0.2
16,500,0,odam,roi_cls,0.3096548616886139,0.0,global_ddp_mean,2,0.0,3.17203950881958,3.17203950881958,0.0,0.0,0.0,0.0,0.0,0.0,0.0,0.0,0.0,0.0,0.0,0.0,0.0,1.0000000639534563,1.0000000639534563,0.0,0,0,0,0,0,0,0,1.0,1.0,0.2,0.2
16,500,0,odam,roi_reg,0.3096548616886139,0.0,global_ddp_mean,2,0.0,2.176058053970337,2.176058053970337,0.0,0.0,0.0,0.0,0.0,0.0,0.0,0.0,0.0,0.0,0.0,0.0,0.0,0.9999999755585222,0.9999999755585222,0.012667804781339326,0,0,0,0,0,0,0,1.0,1.0,0.2,0.2
16,600,0,odam,backbone,0.07563024759292603,0.0,global_ddp_mean,2,0.0,4.356723308563232,4.356723308563232,0.0,0.0,0.0,0.0,0.0,0.0,0.0,0.0,0.0,0.0,0.0,0.0,0.0,1.0000000558379922,1.0000000558379922,0.0,0,0,0,0,0,0,0,1.0,1.0,0.2,0.2
16,600,0,odam,fpn,0.07563024759292603,0.0,global_ddp_mean,2,0.0,1.1185765266418457,1.1185765266418457,0.0,0.0,0.0,0.0,0.0,0.0,0.0,0.0,0.0,0.0,0.0,0.0,0.0,1.0000000836096283,1.0000000836096283,0.0,0,0,0,0,0,0,0,1.0,1.0,0.2,0.2
16,600,0,odam,rpn,0.07563024759292603,0.0,global_ddp_mean,2,0.0,1.460477352142334,1.460477352142334,0.0,0.0,0.0,0.0,0.0,0.0,0.0,0.0,0.0,0.0,0.0,0.0,0.0,0.9999999251840467,0.9999999251840467,0.022163316074472788,0,0,0,0,0,0,0,1.0,1.0,0.2,0.2
16,600,0,odam,roi_shared,0.07563024759292603,0.0,global_ddp_mean,2,0.0,2.474649429321289,2.474649429321289,0.0,0.0,0.0,0.0,0.0,0.0,0.0,0.0,0.0,0.0,0.0,0.0,0.0,0.9999999425558512,0.9999999425558512,0.01942050556304516,0,0,0,0,0,0,0,1.0,1.0,0.2,0.2
16,600,0,odam,roi_cls,0.07563024759292603,0.0,global_ddp_mean,2,0.0,1.5319874286651611,1.5319874286651611,0.0,0.0,0.0,0.0,0.0,0.0,0.0,0.0,0.0,0.0,0.0,0.0,0.0,1.0000000413078376,1.0000000413078376,0.0,0,0,0,0,0,0,0,1.0,1.0,0.2,0.2
16,600,0,odam,roi_reg,0.07563024759292603,0.0,global_ddp_mean,2,0.0,1.2686687707901,1.2686687707901,0.0,0.0,0.0,0.0,0.0,0.0,0.0,0.0,0.0,0.0,0.0,0.0,0.0,0.9999999909011336,0.9999999909011336,0.007729141810849646,0,0,0,0,0,0,0,1.0,1.0,0.2,0.2
16,700,0,odam,backbone,0.444318950176239,-0.0,global_ddp_mean,2,0.0,18.15492820739746,18.15492820739746,0.0,0.0,0.0,0.0,0.0,0.0,0.0,0.0,0.0,0.0,0.0,0.0,0.0,0.9999999748070059,0.9999999748070059,0.012861082494904476,0,0,0,0,0,0,0,1.0,1.0,0.2,0.2
16,700,0,odam,fpn,0.444318950176239,-0.0,global_ddp_mean,2,0.0,2.798022985458374,2.798022985458374,0.0,0.0,0.0,0.0,0.0,0.0,0.0,0.0,0.0,0.0,0.0,0.0,0.0,0.9999999563357393,0.9999999563357393,0.01693170476820469,0,0,0,0,0,0,0,1.0,1.0,0.2,0.2
16,700,0,odam,rpn,0.444318950176239,-0.0,global_ddp_mean,2,0.0,7.589784145355225,7.589784145355225,0.0,0.0,0.0,0.0,0.0,0.0,0.0,0.0,0.0,0.0,0.0,0.0,0.0,1.000000012031572,1.000000012031572,0.0,0,0,0,0,0,0,0,1.0,1.0,0.2,0.2
16,700,0,odam,roi_shared,0.444318950176239,-0.0,global_ddp_mean,2,0.0,2.526712417602539,2.526712417602539,0.0,0.0,0.0,0.0,0.0,0.0,0.0,0.0,0.0,0.0,0.0,0.0,0.0,1.0000000426002373,1.0000000426002373,0.0,0,0,0,0,0,0,0,1.0,1.0,0.2,0.2
16,700,0,odam,roi_cls,0.444318950176239,-0.0,global_ddp_mean,2,0.0,1.6969071626663208,1.6969071626663208,0.0,0.0,0.0,0.0,0.0,0.0,0.0,0.0,0.0,0.0,0.0,0.0,0.0,1.0000000114913326,1.0000000114913326,0.0,0,0,0,0,0,0,0,1.0,1.0,0.2,0.2
16,700,0,odam,roi_reg,0.444318950176239,-0.0,global_ddp_mean,2,0.0,1.481147050857544,1.481147050857544,0.0,0.0,0.0,0.0,0.0,0.0,0.0,0.0,0.0,0.0,0.0,0.0,0.0,1.0000000220668008,1.0000000220668008,0.0,0,0,0,0,0,0,0,1.0,1.0,0.2,0.2
16,800,0,odam,backbone,0.3333926498889923,-0.0,global_ddp_mean,2,0.0,12.325024604797363,12.325024604797363,0.0,0.0,0.0,0.0,0.0,0.0,0.0,0.0,0.0,0.0,0.0,0.0,0.0,1.0000000212785907,1.0000000212785907,0.0,0,0,0,0,0,0,0,1.0,1.0,0.2,0.2
16,800,0,odam,fpn,0.3333926498889923,-0.0,global_ddp_mean,2,0.0,3.179211378097534,3.179211378097534,0.0,0.0,0.0,0.0,0.0,0.0,0.0,0.0,0.0,0.0,0.0,0.0,0.0,0.9999999698316466,0.9999999698316466,0.014073866740428357,0,0,0,0,0,0,0,1.0,1.0,0.2,0.2
16,800,0,odam,rpn,0.3333926498889923,-0.0,global_ddp_mean,2,0.0,2.8438005447387695,2.8438005447387695,0.0,0.0,0.0,0.0,0.0,0.0,0.0,0.0,0.0,0.0,0.0,0.0,0.0,0.9999999480923923,0.9999999480923923,0.018460911434879608,0,0,0,0,0,0,0,1.0,1.0,0.2,0.2
16,800,0,odam,roi_shared,0.3333926498889923,-0.0,global_ddp_mean,2,0.0,6.7183613777160645,6.7183613777160645,0.0,0.0,0.0,0.0,0.0,0.0,0.0,0.0,0.0,0.0,0.0,0.0,0.0,0.9999999920320695,0.9999999920320695,0.007232865683805585,0,0,0,0,0,0,0,1.0,1.0,0.2,0.2
16,800,0,odam,roi_cls,0.3333926498889923,-0.0,global_ddp_mean,2,0.0,5.131383895874023,5.131383895874023,0.0,0.0,0.0,0.0,0.0,0.0,0.0,0.0,0.0,0.0,0.0,0.0,0.0,0.9999999190950374,0.9999999190950374,0.023047573781723854,0,0,0,0,0,0,0,1.0,1.0,0.2,0.2
16,800,0,odam,roi_reg,0.3333926498889923,-0.0,global_ddp_mean,2,0.0,2.0995213985443115,2.0995213985443115,0.0,0.0,0.0,0.0,0.0,0.0,0.0,0.0,0.0,0.0,0.0,0.0,0.0,1.000000080009703,1.000000080009703,0.0,0,0,0,0,0,0,0,1.0,1.0,0.2,0.2
16,900,0,odam,backbone,0.07979362457990646,0.0,global_ddp_mean,2,0.0,10.897685050964355,10.897685050964355,0.0,0.0,0.0,0.0,0.0,0.0,0.0,0.0,0.0,0.0,0.0,0.0,0.0,0.9999999770389146,0.9999999770389146,0.012278175526708538,0,0,0,0,0,0,0,1.0,1.0,0.2,0.2
16,900,0,odam,fpn,0.07979362457990646,0.0,global_ddp_mean,2,0.0,2.0739622116088867,2.0739622116088867,0.0,0.0,0.0,0.0,0.0,0.0,0.0,0.0,0.0,0.0,0.0,0.0,0.0,1.0000000799684856,1.0000000799684856,0.0,0,0,0,0,0,0,0,1.0,1.0,0.2,0.2
16,900,0,odam,rpn,0.07979362457990646,0.0,global_ddp_mean,2,0.0,0.931360125541687,0.931360125541687,0.0,0.0,0.0,0.0,0.0,0.0,0.0,0.0,0.0,0.0,0.0,0.0,0.0,1.000000019345175,1.000000019345175,0.0,0,0,0,0,0,0,0,1.0,1.0,0.2,0.2
16,900,0,odam,roi_shared,0.07979362457990646,0.0,global_ddp_mean,2,0.0,4.319136619567871,4.319136619567871,0.0,0.0,0.0,0.0,0.0,0.0,0.0,0.0,0.0,0.0,0.0,0.0,0.0,0.9999999202890586,0.9999999202890586,0.022876869894268972,0,0,0,0,0,0,0,1.0,1.0,0.2,0.2
16,900,0,odam,roi_cls,0.07979362457990646,0.0,global_ddp_mean,2,0.0,4.204341888427734,4.204341888427734,0.0,0.0,0.0,0.0,0.0,0.0,0.0,0.0,0.0,0.0,0.0,0.0,0.0,1.000000111801148,1.000000111801148,0.0,0,0,0,0,0,0,0,1.0,1.0,0.2,0.2
16,900,0,odam,roi_reg,0.07979362457990646,0.0,global_ddp_mean,2,0.0,0.4870243966579437,0.4870243966579437,0.0,0.0,0.0,0.0,0.0,0.0,0.0,0.0,0.0,0.0,0.0,0.0,0.0,0.9999999453485758,0.9999999453485758,0.018942547026033537,0,0,0,0,0,0,0,1.0,1.0,0.2,0.2
16,1000,0,odam,backbone,0.629899263381958,0.0,global_ddp_mean,2,0.0,26.079099655151367,26.079099655151367,0.0,0.0,0.0,0.0,0.0,0.0,0.0,0.0,0.0,0.0,0.0,0.0,0.0,1.0000000102591762,1.0000000102591762,0.0,0,0,0,0,0,0,0,1.0,1.0,0.2,0.2
16,1000,0,odam,fpn,0.629899263381958,0.0,global_ddp_mean,2,0.0,5.041963577270508,5.041963577270508,0.0,0.0,0.0,0.0,0.0,0.0,0.0,0.0,0.0,0.0,0.0,0.0,0.0,0.9999999819431931,0.9999999819431931,0.010888250608544356,0,0,0,0,0,0,0,1.0,1.0,0.2,0.2
16,1000,0,odam,rpn,0.629899263381958,0.0,global_ddp_mean,2,0.0,2.2625460624694824,2.2625460624694824,0.0,0.0,0.0,0.0,0.0,0.0,0.0,0.0,0.0,0.0,0.0,0.0,0.0,0.9999999441622472,0.9999999441622472,0.019147037944284257,0,0,0,0,0,0,0,1.0,1.0,0.2,0.2
16,1000,0,odam,roi_shared,0.629899263381958,0.0,global_ddp_mean,2,0.0,10.43347454071045,10.43347454071045,0.0,0.0,0.0,0.0,0.0,0.0,0.0,0.0,0.0,0.0,0.0,0.0,0.0,0.9999999332739311,0.9999999332739311,0.020930779493728683,0,0,0,0,0,0,0,1.0,1.0,0.2,0.2
16,1000,0,odam,roi_cls,0.629899263381958,0.0,global_ddp_mean,2,0.0,8.404393196105957,8.404393196105957,0.0,0.0,0.0,0.0,0.0,0.0,0.0,0.0,0.0,0.0,0.0,0.0,0.0,1.000000031354957,1.000000031354957,0.0,0,0,0,0,0,0,0,1.0,1.0,0.2,0.2
16,1000,0,odam,roi_reg,0.629899263381958,0.0,global_ddp_mean,2,0.0,1.6252467632293701,1.6252467632293701,0.0,0.0,0.0,0.0,0.0,0.0,0.0,0.0,0.0,0.0,0.0,0.0,0.0,0.9999999995125943,0.9999999995125943,0.0017888870468334022,0,0,0,0,0,0,0,1.0,1.0,0.2,0.2
16,1100,0,odam,backbone,0.32631462812423706,0.0,global_ddp_mean,2,0.0,13.827799797058105,13.827799797058105,0.0,0.0,0.0,0.0,0.0,0.0,0.0,0.0,0.0,0.0,0.0,0.0,0.0,1.0000000332692431,1.0000000332692431,0.0,0,0,0,0,0,0,0,1.0,1.0,0.2,0.2
16,1100,0,odam,fpn,0.32631462812423706,0.0,global_ddp_mean,2,0.0,2.2805979251861572,2.2805979251861572,0.0,0.0,0.0,0.0,0.0,0.0,0.0,0.0,0.0,0.0,0.0,0.0,0.0,0.9999999383030945,0.9999999383030945,0.020126549388650005,0,0,0,0,0,0,0,1.0,1.0,0.2,0.2
16,1100,0,odam,rpn,0.32631462812423706,0.0,global_ddp_mean,2,0.0,2.680084466934204,2.680084466934204,0.0,0.0,0.0,0.0,0.0,0.0,0.0,0.0,0.0,0.0,0.0,0.0,0.0,0.9999999329398751,0.9999999329398751,0.020983107792066264,0,0,0,0,0,0,0,1.0,1.0,0.2,0.2
16,1100,0,odam,roi_shared,0.32631462812423706,0.0,global_ddp_mean,2,0.0,5.990612506866455,5.990612506866455,0.0,0.0,0.0,0.0,0.0,0.0,0.0,0.0,0.0,0.0,0.0,0.0,0.0,1.0000000423646402,1.0000000423646402,0.0,0,0,0,0,0,0,0,1.0,1.0,0.2,0.2
16,1100,0,odam,roi_cls,0.32631462812423706,0.0,global_ddp_mean,2,0.0,5.043447017669678,5.043447017669678,0.0,0.0,0.0,0.0,0.0,0.0,0.0,0.0,0.0,0.0,0.0,0.0,0.0,0.9999999873459784,0.9999999873459784,0.009114900172422233,0,0,0,0,0,0,0,1.0,1.0,0.2,0.2
16,1100,0,odam,roi_reg,0.32631462812423706,0.0,global_ddp_mean,2,0.0,2.9304120540618896,2.9304120540618896,0.0,0.0,0.0,0.0,0.0,0.0,0.0,0.0,0.0,0.0,0.0,0.0,0.0,0.9999999766075499,0.9999999766075499,0.01239297252404818,0,0,0,0,0,0,0,1.0,1.0,0.2,0.2
16,1200,0,odam,backbone,0.22446420788764954,-0.0,global_ddp_mean,2,0.0,4.946889877319336,4.946889877319336,0.0,0.0,0.0,0.0,0.0,0.0,0.0,0.0,0.0,0.0,0.0,0.0,0.0,1.0000000115846692,1.0000000115846692,0.0,0,0,0,0,0,0,0,1.0,1.0,0.2,0.2
16,1200,0,odam,fpn,0.22446420788764954,-0.0,global_ddp_mean,2,0.0,0.9173358082771301,0.9173358082771301,0.0,0.0,0.0,0.0,0.0,0.0,0.0,0.0,0.0,0.0,0.0,0.0,0.0,1.0000000070196604,1.0000000070196604,0.0,0,0,0,0,0,0,0,1.0,1.0,0.2,0.2
16,1200,0,odam,rpn,0.22446420788764954,-0.0,global_ddp_mean,2,0.0,1.2302709817886353,1.2302709817886353,0.0,0.0,0.0,0.0,0.0,0.0,0.0,0.0,0.0,0.0,0.0,0.0,0.0,0.9999999501615314,0.9999999501615314,0.018089225658918268,0,0,0,0,0,0,0,1.0,1.0,0.2,0.2
16,1200,0,odam,roi_shared,0.22446420788764954,-0.0,global_ddp_mean,2,0.0,1.8610914945602417,1.8610914945602417,0.0,0.0,0.0,0.0,0.0,0.0,0.0,0.0,0.0,0.0,0.0,0.0,0.0,0.9999999656842226,0.9999999656842226,0.015010133426185988,0,0,0,0,0,0,0,1.0,1.0,0.2,0.2
16,1200,0,odam,roi_cls,0.22446420788764954,-0.0,global_ddp_mean,2,0.0,0.9836657643318176,0.9836657643318176,0.0,0.0,0.0,0.0,0.0,0.0,0.0,0.0,0.0,0.0,0.0,0.0,0.0,0.999999982570403,0.999999982570403,0.010697475574759988,0,0,0,0,0,0,0,1.0,1.0,0.2,0.2
16,1200,0,odam,roi_reg,0.22446420788764954,-0.0,global_ddp_mean,2,0.0,1.3184670209884644,1.3184670209884644,0.0,0.0,0.0,0.0,0.0,0.0,0.0,0.0,0.0,0.0,0.0,0.0,0.0,0.9999999277048396,0.9999999277048396,0.021786739753390526,0,0,0,0,0,0,0,1.0,1.0,0.2,0.2
16,1300,0,odam,backbone,0.04385024309158325,0.0,global_ddp_mean,2,0.0,17.561023712158203,17.561023712158203,0.0,0.0,0.0,0.0,0.0,0.0,0.0,0.0,0.0,0.0,0.0,0.0,0.0,0.9999999109833818,0.9999999109833818,0.024175372749088694,0,0,0,0,0,0,0,1.0,1.0,0.2,0.2
16,1300,0,odam,fpn,0.04385024309158325,0.0,global_ddp_mean,2,0.0,1.5706448554992676,1.5706448554992676,0.0,0.0,0.0,0.0,0.0,0.0,0.0,0.0,0.0,0.0,0.0,0.0,0.0,1.0000000488494007,1.0000000488494007,0.0,0,0,0,0,0,0,0,1.0,1.0,0.2,0.2
16,1300,0,odam,rpn,0.04385024309158325,0.0,global_ddp_mean,2,0.0,2.897096872329712,2.897096872329712,0.0,0.0,0.0,0.0,0.0,0.0,0.0,0.0,0.0,0.0,0.0,0.0,0.0,1.0000000082314413,1.0000000082314413,0.0,0,0,0,0,0,0,0,1.0,1.0,0.2,0.2
16,1300,0,odam,roi_shared,0.04385024309158325,0.0,global_ddp_mean,2,0.0,3.0145905017852783,3.0145905017852783,0.0,0.0,0.0,0.0,0.0,0.0,0.0,0.0,0.0,0.0,0.0,0.0,0.0,0.9999999240508929,0.9999999240508929,0.022330526830741434,0,0,0,0,0,0,0,1.0,1.0,0.2,0.2
16,1300,0,odam,roi_cls,0.04385024309158325,0.0,global_ddp_mean,2,0.0,2.2715485095977783,2.2715485095977783,0.0,0.0,0.0,0.0,0.0,0.0,0.0,0.0,0.0,0.0,0.0,0.0,0.0,0.9999999040839719,0.9999999040839719,0.02509477041990019,0,0,0,0,0,0,0,1.0,1.0,0.2,0.2
16,1300,0,odam,roi_reg,0.04385024309158325,0.0,global_ddp_mean,2,0.0,2.3469810485839844,2.3469810485839844,0.0,0.0,0.0,0.0,0.0,0.0,0.0,0.0,0.0,0.0,0.0,0.0,0.0,1.0000000524953352,1.0000000524953352,0.0,0,0,0,0,0,0,0,1.0,1.0,0.2,0.2
16,1400,0,odam,backbone,0.02848023548722267,0.0,global_ddp_mean,2,0.0,5.890068531036377,5.890068531036377,0.0,0.0,0.0,0.0,0.0,0.0,0.0,0.0,0.0,0.0,0.0,0.0,0.0,0.999999945975135,0.999999945975135,0.018833649224880133,0,0,0,0,0,0,0,1.0,1.0,0.2,0.2
16,1400,0,odam,fpn,0.02848023548722267,0.0,global_ddp_mean,2,0.0,1.2730450630187988,1.2730450630187988,0.0,0.0,0.0,0.0,0.0,0.0,0.0,0.0,0.0,0.0,0.0,0.0,0.0,1.0000000750718343,1.0000000750718343,0.0,0,0,0,0,0,0,0,1.0,1.0,0.2,0.2
16,1400,0,odam,rpn,0.02848023548722267,0.0,global_ddp_mean,2,0.0,1.3791943788528442,1.3791943788528442,0.0,0.0,0.0,0.0,0.0,0.0,0.0,0.0,0.0,0.0,0.0,0.0,0.0,0.9999999793678127,0.9999999793678127,0.01163885524350673,0,0,0,0,0,0,0,1.0,1.0,0.2,0.2
16,1400,0,odam,roi_shared,0.02848023548722267,0.0,global_ddp_mean,2,0.0,2.4874227046966553,2.4874227046966553,0.0,0.0,0.0,0.0,0.0,0.0,0.0,0.0,0.0,0.0,0.0,0.0,0.0,1.0000000581836344,1.0000000581836344,0.0,0,0,0,0,0,0,0,1.0,1.0,0.2,0.2
16,1400,0,odam,roi_cls,0.02848023548722267,0.0,global_ddp_mean,2,0.0,1.7349852323532104,1.7349852323532104,0.0,0.0,0.0,0.0,0.0,0.0,0.0,0.0,0.0,0.0,0.0,0.0,0.0,1.0000000136615697,1.0000000136615697,0.0,0,0,0,0,0,0,0,1.0,1.0,0.2,0.2
16,1400,0,odam,roi_reg,0.02848023548722267,0.0,global_ddp_mean,2,0.0,0.7918726801872253,0.7918726801872253,0.0,0.0,0.0,0.0,0.0,0.0,0.0,0.0,0.0,0.0,0.0,0.0,0.0,0.9999999666417998,0.9999999666417998,0.014799223767299682,0,0,0,0,0,0,0,1.0,1.0,0.2,0.2
17,0,0,odam,backbone,0.8936080932617188,0.055607449263334274,global_ddp_mean,2,0.6579032249724731,25.304410934448242,25.304410934448242,3.813298463821411,3.813298463821411,3.813298463821411,3.813298463821411,0.7626596927642822,3.813298463821411,0.1506969861381031,0.1506969861381031,0.1506969861381031,0.03013939722762062,0.03013939722762062,0.019828804847513357,0.019828804847513357,1.019828659838608,0.9997523015979932,1.2752877780087672,0,0,0,0,0,0,0,1.0,1.0,0.2,0.2
17,0,0,odam,fpn,0.8936080932617188,0.055607449263334274,global_ddp_mean,2,0.23056217855182548,2.979524850845337,2.979524850845337,0.5536971092224121,0.5536971092224121,0.5536971092224121,0.5536971092224121,0.11073942184448243,0.5536971092224121,0.1858340295652576,0.1858340295652576,0.1858340295652576,0.03716680591305153,0.03716680591305153,0.008569260748237027,0.008569260748237027,1.008569188294409,0.9993577205936213,2.053633198912742,0,0,0,0,0,0,0,1.0,1.0,0.2,0.2
17,0,0,odam,rpn,0.8936080932617188,0.055607449263334274,global_ddp_mean,2,0.0,3.33979868888855,3.33979868888855,0.0,0.0,0.0,0.0,0.0,0.0,0.0,0.0,0.0,0.0,0.0,0.0,0.0,1.0000000524197001,1.0000000524197001,0.0,0,0,0,0,0,0,0,1.0,1.0,0.2,0.2
17,0,0,odam,roi_shared,0.8936080932617188,0.055607449263334274,global_ddp_mean,2,0.0017386748160380149,5.822707653045654,5.822707653045654,0.40784120559692383,0.40784120559692383,0.40784120559692383,0.40784120559692383,0.08156824111938477,0.40784120559692383,0.07004322213971989,0.07004322213971989,0.07004322213971989,0.014008644427943978,0.014008644427943978,2.4356466629280804e-05,2.4356466629280804e-05,1.0000242625729958,0.9999018450273969,0.8027814631586767,0,0,0,0,0,0,0,1.0,1.0,0.2,0.2
17,0,0,odam,roi_cls,0.8936080932617188,0.055607449263334274,global_ddp_mean,2,0.0,4.290846824645996,4.290846824645996,0.0,0.0,0.0,0.0,0.0,0.0,0.0,0.0,0.0,0.0,0.0,0.0,0.0,1.0000000512622031,1.0000000512622031,0.0,0,0,0,0,0,0,0,1.0,1.0,0.2,0.2
17,0,0,odam,roi_reg,0.8936080932617188,0.055607449263334274,global_ddp_mean,2,-0.4572955556986602,3.818159580230713,3.818159580230713,1.1381932497024536,1.1381932497024536,1.1381932497024536,1.1381932497024536,0.22763864994049074,1.1381932497024536,0.2980999682663023,0.2980999682663023,0.2980999682663023,0.05961999365326046,0.05961999365326046,-0.027263958128418336,-0.027263958128418336,0.9727359993975769,0.9985177297971783,3.120002766753048,1,0,0,1,1,0,0,1.0,1.0,0.2,0.2
17,100,0,odam,backbone,0.8802039623260498,0.0,global_ddp_mean,2,0.0,35.218711853027344,35.218711853027344,0.0,0.0,0.0,0.0,0.0,0.0,0.0,0.0,0.0,0.0,0.0,0.0,0.0,1.000000099567546,1.000000099567546,0.0,0,0,0,0,0,0,0,1.0,1.0,0.2,0.2
17,100,0,odam,fpn,0.8802039623260498,0.0,global_ddp_mean,2,0.0,6.5142974853515625,6.5142974853515625,0.0,0.0,0.0,0.0,0.0,0.0,0.0,0.0,0.0,0.0,0.0,0.0,0.0,1.0000000371279645,1.0000000371279645,0.0,0,0,0,0,0,0,0,1.0,1.0,0.2,0.2
17,100,0,odam,rpn,0.8802039623260498,0.0,global_ddp_mean,2,0.0,4.55380916595459,4.55380916595459,0.0,0.0,0.0,0.0,0.0,0.0,0.0,0.0,0.0,0.0,0.0,0.0,0.0,0.9999999505819722,0.9999999505819722,0.018012763071820974,0,0,0,0,0,0,0,1.0,1.0,0.2,0.2
17,100,0,odam,roi_shared,0.8802039623260498,0.0,global_ddp_mean,2,0.0,13.189760208129883,13.189760208129883,0.0,0.0,0.0,0.0,0.0,0.0,0.0,0.0,0.0,0.0,0.0,0.0,0.0,0.9999999884514464,0.9999999884514464,0.008707659275175646,0,0,0,0,0,0,0,1.0,1.0,0.2,0.2
17,100,0,odam,roi_cls,0.8802039623260498,0.0,global_ddp_mean,2,0.0,9.806853294372559,9.806853294372559,0.0,0.0,0.0,0.0,0.0,0.0,0.0,0.0,0.0,0.0,0.0,0.0,0.0,0.9999999820603539,0.9999999820603539,0.01085286914291351,0,0,0,0,0,0,0,1.0,1.0,0.2,0.2
17,100,0,odam,roi_reg,0.8802039623260498,0.0,global_ddp_mean,2,0.0,2.411973714828491,2.411973714828491,0.0,0.0,0.0,0.0,0.0,0.0,0.0,0.0,0.0,0.0,0.0,0.0,0.0,0.9999999550539568,0.9999999550539568,0.01717842584160301,0,0,0,0,0,0,0,1.0,1.0,0.2,0.2
17,200,0,odam,backbone,0.18610495328903198,0.0,global_ddp_mean,2,0.0,18.223098754882812,18.223098754882812,0.0,0.0,0.0,0.0,0.0,0.0,0.0,0.0,0.0,0.0,0.0,0.0,0.0,1.0000000033590917,1.0000000033590917,0.0,0,0,0,0,0,0,0,1.0,1.0,0.2,0.2
17,200,0,odam,fpn,0.18610495328903198,0.0,global_ddp_mean,2,0.0,2.7233214378356934,2.7233214378356934,0.0,0.0,0.0,0.0,0.0,0.0,0.0,0.0,0.0,0.0,0.0,0.0,0.0,1.000000055365435,1.000000055365435,0.0,0,0,0,0,0,0,0,1.0,1.0,0.2,0.2
17,200,0,odam,rpn,0.18610495328903198,0.0,global_ddp_mean,2,0.0,4.549168586730957,4.549168586730957,0.0,0.0,0.0,0.0,0.0,0.0,0.0,0.0,0.0,0.0,0.0,0.0,0.0,0.9999999085342535,0.9999999085342535,0.02450568660952367,0,0,0,0,0,0,0,1.0,1.0,0.2,0.2
17,200,0,odam,roi_shared,0.18610495328903198,0.0,global_ddp_mean,2,0.0,6.080587387084961,6.080587387084961,0.0,0.0,0.0,0.0,0.0,0.0,0.0,0.0,0.0,0.0,0.0,0.0,0.0,0.9999999536909111,0.9999999536909111,0.017436959153899975,0,0,0,0,0,0,0,1.0,1.0,0.2,0.2
17,200,0,odam,roi_cls,0.18610495328903198,0.0,global_ddp_mean,2,0.0,4.216310024261475,4.216310024261475,0.0,0.0,0.0,0.0,0.0,0.0,0.0,0.0,0.0,0.0,0.0,0.0,0.0,1.000000059067795,1.000000059067795,0.0,0,0,0,0,0,0,0,1.0,1.0,0.2,0.2
17,200,0,odam,roi_reg,0.18610495328903198,0.0,global_ddp_mean,2,0.0,2.9963796138763428,2.9963796138763428,0.0,0.0,0.0,0.0,0.0,0.0,0.0,0.0,0.0,0.0,0.0,0.0,0.0,0.9999999740939096,0.9999999740939096,0.013041831035844838,0,0,0,0,0,0,0,1.0,1.0,0.2,0.2
17,300,0,odam,backbone,0.2520850896835327,0.0,global_ddp_mean,2,0.0,8.472345352172852,8.472345352172852,0.0,0.0,0.0,0.0,0.0,0.0,0.0,0.0,0.0,0.0,0.0,0.0,0.0,0.9999999477931352,0.9999999477931352,0.01851405027935988,0,0,0,0,0,0,0,1.0,1.0,0.2,0.2
17,300,0,odam,fpn,0.2520850896835327,0.0,global_ddp_mean,2,0.0,1.5251398086547852,1.5251398086547852,0.0,0.0,0.0,0.0,0.0,0.0,0.0,0.0,0.0,0.0,0.0,0.0,0.0,1.0000000161965459,1.0000000161965459,0.0,0,0,0,0,0,0,0,1.0,1.0,0.2,0.2
17,300,0,odam,rpn,0.2520850896835327,0.0,global_ddp_mean,2,0.0,2.477306842803955,2.477306842803955,0.0,0.0,0.0,0.0,0.0,0.0,0.0,0.0,0.0,0.0,0.0,0.0,0.0,1.0000000007735534,1.0000000007735534,0.0,0,0,0,0,0,0,0,1.0,1.0,0.2,0.2
17,300,0,odam,roi_shared,0.2520850896835327,0.0,global_ddp_mean,2,0.0,3.11624813079834,3.11624813079834,0.0,0.0,0.0,0.0,0.0,0.0,0.0,0.0,0.0,0.0,0.0,0.0,0.0,0.9999999935278946,0.9999999935278946,0.006518691394980611,0,0,0,0,0,0,0,1.0,1.0,0.2,0.2
17,300,0,odam,roi_cls,0.2520850896835327,0.0,global_ddp_mean,2,0.0,1.3870552778244019,1.3870552778244019,0.0,0.0,0.0,0.0,0.0,0.0,0.0,0.0,0.0,0.0,0.0,0.0,0.0,0.9999999154793988,0.9999999154793988,0.023556942508913478,0,0,0,0,0,0,0,1.0,1.0,0.2,0.2
17,300,0,odam,roi_reg,0.2520850896835327,0.0,global_ddp_mean,2,0.0,3.566082239151001,3.566082239151001,0.0,0.0,0.0,0.0,0.0,0.0,0.0,0.0,0.0,0.0,0.0,0.0,0.0,0.9999999447278998,0.9999999447278998,0.019049808570437893,0,0,0,0,0,0,0,1.0,1.0,0.2,0.2
17,400,0,odam,backbone,0.3556131422519684,-0.0,global_ddp_mean,2,0.0,14.395617485046387,14.395617485046387,0.0,0.0,0.0,0.0,0.0,0.0,0.0,0.0,0.0,0.0,0.0,0.0,0.0,1.0000000369101534,1.0000000369101534,0.0,0,0,0,0,0,0,0,1.0,1.0,0.2,0.2
17,400,0,odam,fpn,0.3556131422519684,-0.0,global_ddp_mean,2,0.0,2.870809316635132,2.870809316635132,0.0,0.0,0.0,0.0,0.0,0.0,0.0,0.0,0.0,0.0,0.0,0.0,0.0,0.9999999447562379,0.9999999447562379,0.01904492450797264,0,0,0,0,0,0,0,1.0,1.0,0.2,0.2
17,400,0,odam,rpn,0.3556131422519684,-0.0,global_ddp_mean,2,0.0,3.7367336750030518,3.7367336750030518,0.0,0.0,0.0,0.0,0.0,0.0,0.0,0.0,0.0,0.0,0.0,0.0,0.0,0.99999993719678,0.99999993719678,0.02030619666195333,0,0,0,0,0,0,0,1.0,1.0,0.2,0.2
17,400,0,odam,roi_shared,0.3556131422519684,-0.0,global_ddp_mean,2,0.0,3.932110071182251,3.932110071182251,0.0,0.0,0.0,0.0,0.0,0.0,0.0,0.0,0.0,0.0,0.0,0.0,0.0,1.0000000042386803,1.0000000042386803,0.0,0,0,0,0,0,0,0,1.0,1.0,0.2,0.2
17,400,0,odam,roi_cls,0.3556131422519684,-0.0,global_ddp_mean,2,0.0,2.1421139240264893,2.1421139240264893,0.0,0.0,0.0,0.0,0.0,0.0,0.0,0.0,0.0,0.0,0.0,0.0,0.0,0.9999999114328857,0.9999999114328857,0.024114256760187004,0,0,0,0,0,0,0,1.0,1.0,0.2,0.2
17,400,0,odam,roi_reg,0.3556131422519684,-0.0,global_ddp_mean,2,0.0,2.5787055492401123,2.5787055492401123,0.0,0.0,0.0,0.0,0.0,0.0,0.0,0.0,0.0,0.0,0.0,0.0,0.0,1.0000000400707874,1.0000000400707874,0.0,0,0,0,0,0,0,0,1.0,1.0,0.2,0.2
17,500,0,odam,backbone,0.21843379735946655,0.047794755548238754,global_ddp_mean,2,-0.29608697439928083,17.141767501831055,17.141767501831055,2.8860392570495605,2.8860392570495605,2.8860392570495605,2.8860392570495605,0.5772078514099122,2.8860392570495605,0.16836299154922493,0.16836299154922493,0.16836299154922493,0.03367259830984499,0.03367259830984499,-0.009970020025612385,-0.009970020025612385,0.990029922183342,0.9994727985113915,1.8605657673012426,1,0,0,1,1,0,0,1.0,1.0,0.2,0.2
17,500,0,odam,fpn,0.21843379735946655,0.047794755548238754,global_ddp_mean,2,-0.04221129062175468,2.5749733448028564,2.5749733448028564,0.6862192749977112,0.6862192749977112,0.6862192749977112,0.6862192749977112,0.13724385499954225,0.6862192749977112,0.2664956809680098,0.2664956809680098,0.2664956809680098,0.05329913619360197,0.05329913619360197,-0.002249825271572359,-0.002249825271572359,0.9977501416635858,0.9985787601565335,3.0550812661017304,1,0,0,1,1,0,0,1.0,1.0,0.2,0.2
17,500,0,odam,rpn,0.21843379735946655,0.047794755548238754,global_ddp_mean,2,0.0,5.480684280395508,5.480684280395508,0.0,0.0,0.0,0.0,0.0,0.0,0.0,0.0,0.0,0.0,0.0,0.0,0.0,0.9999999612476094,0.9999999612476094,0.015950962031127794,0,0,0,0,0,0,0,1.0,1.0,0.2,0.2
17,500,0,odam,roi_shared,0.21843379735946655,0.047794755548238754,global_ddp_mean,2,-0.137038613089539,4.864154815673828,4.864154815673828,0.40152305364608765,0.40152305364608765,0.40152305364608765,0.40152305364608765,0.08030461072921753,0.40152305364608765,0.08254734252130602,0.08254734252130602,0.08254734252130602,0.016509468504261205,0.016509468504261205,-0.002262434414747828,-0.002262434414747828,0.9977376101678637,0.9998656717295537,0.9391310580532216,1,0,0,1,1,0,0,1.0,1.0,0.2,0.2
17,500,0,odam,roi_cls,0.21843379735946655,0.047794755548238754,global_ddp_mean,2,0.0,3.9839751720428467,3.9839751720428467,0.0,0.0,0.0,0.0,0.0,0.0,0.0,0.0,0.0,0.0,0.0,0.0,0.0,1.0000000439107748,1.0000000439107748,0.0,0,0,0,0,0,0,0,1.0,1.0,0.2,0.2
17,500,0,odam,roi_reg,0.21843379735946655,0.047794755548238754,global_ddp_mean,2,-0.4291852825399992,4.009389400482178,4.009389400482178,0.9008487462997437,0.9008487462997437,0.9008487462997437,0.9008487462997437,0.18016974925994875,0.9008487462997437,0.2246847727465448,0.2246847727465448,0.2246847727465448,0.04493695454930897,0.04493695454930897,-0.01928628027630478,-0.01928628027630478,0.9807137490399879,0.9991446868826208,2.3699061948625104,1,0,0,1,1,0,0,1.0,1.0,0.2,0.2
17,600,0,odam,backbone,0.3484415113925934,0.0,global_ddp_mean,2,0.0,9.749286651611328,9.749286651611328,0.0,0.0,0.0,0.0,0.0,0.0,0.0,0.0,0.0,0.0,0.0,0.0,0.0,0.9999999344449844,0.9999999344449844,0.020746297210015658,0,0,0,0,0,0,0,1.0,1.0,0.2,0.2
17,600,0,odam,fpn,0.3484415113925934,0.0,global_ddp_mean,2,0.0,2.41996169090271,2.41996169090271,0.0,0.0,0.0,0.0,0.0,0.0,0.0,0.0,0.0,0.0,0.0,0.0,0.0,0.9999999079681211,0.9999999079681211,0.024581409279202403,0,0,0,0,0,0,0,1.0,1.0,0.2,0.2
17,600,0,odam,rpn,0.3484415113925934,0.0,global_ddp_mean,2,0.0,3.115967273712158,3.115967273712158,0.0,0.0,0.0,0.0,0.0,0.0,0.0,0.0,0.0,0.0,0.0,0.0,0.0,0.999999933358761,0.999999933358761,0.020917470444509687,0,0,0,0,0,0,0,1.0,1.0,0.2,0.2
17,600,0,odam,roi_shared,0.3484415113925934,0.0,global_ddp_mean,2,0.0,5.303991317749023,5.303991317749023,0.0,0.0,0.0,0.0,0.0,0.0,0.0,0.0,0.0,0.0,0.0,0.0,0.0,0.9999999435753811,0.9999999435753811,0.019247394569272897,0,0,0,0,0,0,0,1.0,1.0,0.2,0.2
17,600,0,odam,roi_cls,0.3484415113925934,0.0,global_ddp_mean,2,0.0,3.0767147541046143,3.0767147541046143,0.0,0.0,0.0,0.0,0.0,0.0,0.0,0.0,0.0,0.0,0.0,0.0,0.0,0.999999946532996,0.999999946532996,0.018736158729245524,0,0,0,0,0,0,0,1.0,1.0,0.2,0.2
17,600,0,odam,roi_reg,0.3484415113925934,0.0,global_ddp_mean,2,0.0,3.8425118923187256,3.8425118923187256,0.0,0.0,0.0,0.0,0.0,0.0,0.0,0.0,0.0,0.0,0.0,0.0,0.0,0.9999999799447136,0.9999999799447136,0.01147498338725664,0,0,0,0,0,0,0,1.0,1.0,0.2,0.2
17,700,0,odam,backbone,0.33578920364379883,0.0,global_ddp_mean,2,0.0,10.564560890197754,10.564560890197754,0.0,0.0,0.0,0.0,0.0,0.0,0.0,0.0,0.0,0.0,0.0,0.0,0.0,1.0000000036008787,1.0000000036008787,0.0,0,0,0,0,0,0,0,1.0,1.0,0.2,0.2
17,700,0,odam,fpn,0.33578920364379883,0.0,global_ddp_mean,2,0.0,1.803490161895752,1.803490161895752,0.0,0.0,0.0,0.0,0.0,0.0,0.0,0.0,0.0,0.0,0.0,0.0,0.0,0.9999999463593244,0.9999999463593244,0.0187665634546057,0,0,0,0,0,0,0,1.0,1.0,0.2,0.2
17,700,0,odam,rpn,0.33578920364379883,0.0,global_ddp_mean,2,0.0,4.1551995277404785,4.1551995277404785,0.0,0.0,0.0,0.0,0.0,0.0,0.0,0.0,0.0,0.0,0.0,0.0,0.0,0.999999948170269,0.999999948170269,0.018447057833532392,0,0,0,0,0,0,0,1.0,1.0,0.2,0.2
17,700,0,odam,roi_shared,0.33578920364379883,0.0,global_ddp_mean,2,0.0,3.415520191192627,3.415520191192627,0.0,0.0,0.0,0.0,0.0,0.0,0.0,0.0,0.0,0.0,0.0,0.0,0.0,0.9999999985985244,0.9999999985985244,0.003033405019934637,0,0,0,0,0,0,0,1.0,1.0,0.2,0.2
17,700,0,odam,roi_cls,0.33578920364379883,0.0,global_ddp_mean,2,0.0,2.92035174369812,2.92035174369812,0.0,0.0,0.0,0.0,0.0,0.0,0.0,0.0,0.0,0.0,0.0,0.0,0.0,1.0000000555385473,1.0000000555385473,0.0,0,0,0,0,0,0,0,1.0,1.0,0.2,0.2
17,700,0,odam,roi_reg,0.33578920364379883,0.0,global_ddp_mean,2,0.0,1.57339608669281,1.57339608669281,0.0,0.0,0.0,0.0,0.0,0.0,0.0,0.0,0.0,0.0,0.0,0.0,0.0,0.999999985071628,0.999999985071628,0.009900197418551264,0,0,0,0,0,0,0,1.0,1.0,0.2,0.2
17,800,0,odam,backbone,0.00826641358435154,0.0,global_ddp_mean,2,0.0,3.124847173690796,3.124847173690796,0.0,0.0,0.0,0.0,0.0,0.0,0.0,0.0,0.0,0.0,0.0,0.0,0.0,1.0000000525451378,1.0000000525451378,0.0,0,0,0,0,0,0,0,1.0,1.0,0.2,0.2
17,800,0,odam,fpn,0.00826641358435154,0.0,global_ddp_mean,2,0.0,0.4626729488372803,0.4626729488372803,0.0,0.0,0.0,0.0,0.0,0.0,0.0,0.0,0.0,0.0,0.0,0.0,0.0,1.000000044041342,1.000000044041342,0.0,0,0,0,0,0,0,0,1.0,1.0,0.2,0.2
17,800,0,odam,rpn,0.00826641358435154,0.0,global_ddp_mean,2,0.0,0.8257232904434204,0.8257232904434204,0.0,0.0,0.0,0.0,0.0,0.0,0.0,0.0,0.0,0.0,0.0,0.0,0.0,1.00000001425079,1.00000001425079,0.0,0,0,0,0,0,0,0,1.0,1.0,0.2,0.2
17,800,0,odam,roi_shared,0.00826641358435154,0.0,global_ddp_mean,2,0.0,0.0,0.0,0.0,0.0,0.0,0.0,0.0,0.0,0.0,0.0,0.0,0.0,0.0,0.0,0.0,0.0,0.0,90.0,0,0,0,0,0,0,0,1.0,1.0,0.2,0.2
17,800,0,odam,roi_cls,0.00826641358435154,0.0,global_ddp_mean,2,0.0,0.0,0.0,0.0,0.0,0.0,0.0,0.0,0.0,0.0,0.0,0.0,0.0,0.0,0.0,0.0,0.0,0.0,90.0,0,0,0,0,0,0,0,1.0,1.0,0.2,0.2
17,800,0,odam,roi_reg,0.00826641358435154,0.0,global_ddp_mean,2,0.0,0.0,0.0,0.0,0.0,0.0,0.0,0.0,0.0,0.0,0.0,0.0,0.0,0.0,0.0,0.0,0.0,0.0,90.0,0,0,0,0,0,0,0,1.0,1.0,0.2,0.2
17,900,0,odam,backbone,0.2979251742362976,0.0,global_ddp_mean,2,0.0,11.902666091918945,11.902666091918945,0.0,0.0,0.0,0.0,0.0,0.0,0.0,0.0,0.0,0.0,0.0,0.0,0.0,1.0000000128347644,1.0000000128347644,0.0,0,0,0,0,0,0,0,1.0,1.0,0.2,0.2
17,900,0,odam,fpn,0.2979251742362976,0.0,global_ddp_mean,2,0.0,2.8054566383361816,2.8054566383361816,0.0,0.0,0.0,0.0,0.0,0.0,0.0,0.0,0.0,0.0,0.0,0.0,0.0,0.9999999901552807,0.9999999901552807,0.008039689914476717,0,0,0,0,0,0,0,1.0,1.0,0.2,0.2
17,900,0,odam,rpn,0.2979251742362976,0.0,global_ddp_mean,2,0.0,4.306519985198975,4.306519985198975,0.0,0.0,0.0,0.0,0.0,0.0,0.0,0.0,0.0,0.0,0.0,0.0,0.0,1.0000000804656939,1.0000000804656939,0.0,0,0,0,0,0,0,0,1.0,1.0,0.2,0.2
17,900,0,odam,roi_shared,0.2979251742362976,0.0,global_ddp_mean,2,0.0,6.941743850708008,6.941743850708008,0.0,0.0,0.0,0.0,0.0,0.0,0.0,0.0,0.0,0.0,0.0,0.0,0.0,0.9999999478486092,0.9999999478486092,0.0185042113175149,0,0,0,0,0,0,0,1.0,1.0,0.2,0.2
17,900,0,odam,roi_cls,0.2979251742362976,0.0,global_ddp_mean,2,0.0,6.887974739074707,6.887974739074707,0.0,0.0,0.0,0.0,0.0,0.0,0.0,0.0,0.0,0.0,0.0,0.0,0.0,0.9999999744451332,0.9999999744451332,0.012953121576718768,0,0,0,0,0,0,0,1.0,1.0,0.2,0.2
17,900,0,odam,roi_reg,0.2979251742362976,0.0,global_ddp_mean,2,0.0,2.302342653274536,2.302342653274536,0.0,0.0,0.0,0.0,0.0,0.0,0.0,0.0,0.0,0.0,0.0,0.0,0.0,0.9999999164109642,0.9999999164109642,0.02342676338516462,0,0,0,0,0,0,0,1.0,1.0,0.2,0.2
17,1000,0,odam,backbone,0.8837486505508423,0.0,global_ddp_mean,2,0.0,33.11088943481445,33.11088943481445,0.0,0.0,0.0,0.0,0.0,0.0,0.0,0.0,0.0,0.0,0.0,0.0,0.0,1.0000000506443698,1.0000000506443698,0.0,0,0,0,0,0,0,0,1.0,1.0,0.2,0.2
17,1000,0,odam,fpn,0.8837486505508423,0.0,global_ddp_mean,2,0.0,6.525402545928955,6.525402545928955,0.0,0.0,0.0,0.0,0.0,0.0,0.0,0.0,0.0,0.0,0.0,0.0,0.0,1.0000000193751215,1.0000000193751215,0.0,0,0,0,0,0,0,0,1.0,1.0,0.2,0.2
17,1000,0,odam,rpn,0.8837486505508423,0.0,global_ddp_mean,2,0.0,6.207767009735107,6.207767009735107,0.0,0.0,0.0,0.0,0.0,0.0,0.0,0.0,0.0,0.0,0.0,0.0,0.0,0.999999950088059,0.999999950088059,0.018102554421969844,0,0,0,0,0,0,0,1.0,1.0,0.2,0.2
17,1000,0,odam,roi_shared,0.8837486505508423,0.0,global_ddp_mean,2,0.0,12.022911071777344,12.022911071777344,0.0,0.0,0.0,0.0,0.0,0.0,0.0,0.0,0.0,0.0,0.0,0.0,0.0,1.000000063233362,1.000000063233362,0.0,0,0,0,0,0,0,0,1.0,1.0,0.2,0.2
17,1000,0,odam,roi_cls,0.8837486505508423,0.0,global_ddp_mean,2,0.0,11.476380348205566,11.476380348205566,0.0,0.0,0.0,0.0,0.0,0.0,0.0,0.0,0.0,0.0,0.0,0.0,0.0,1.0000000000874987,1.0000000000874987,0.0,0,0,0,0,0,0,0,1.0,1.0,0.2,0.2
17,1000,0,odam,roi_reg,0.8837486505508423,0.0,global_ddp_mean,2,0.0,3.7984399795532227,3.7984399795532227,0.0,0.0,0.0,0.0,0.0,0.0,0.0,0.0,0.0,0.0,0.0,0.0,0.0,0.9999999397262892,0.9999999397262892,0.019893060224176203,0,0,0,0,0,0,0,1.0,1.0,0.2,0.2
17,1100,0,odam,backbone,0.1813546121120453,-0.0,global_ddp_mean,2,0.0,28.63141632080078,28.63141632080078,0.0,0.0,0.0,0.0,0.0,0.0,0.0,0.0,0.0,0.0,0.0,0.0,0.0,0.9999999939865807,0.9999999939865807,0.006283453054231936,0,0,0,0,0,0,0,1.0,1.0,0.2,0.2
17,1100,0,odam,fpn,0.1813546121120453,-0.0,global_ddp_mean,2,0.0,8.060478210449219,8.060478210449219,0.0,0.0,0.0,0.0,0.0,0.0,0.0,0.0,0.0,0.0,0.0,0.0,0.0,0.9999999517639598,0.9999999517639598,0.017796043392658393,0,0,0,0,0,0,0,1.0,1.0,0.2,0.2
17,1100,0,odam,rpn,0.1813546121120453,-0.0,global_ddp_mean,2,0.0,7.949694633483887,7.949694633483887,0.0,0.0,0.0,0.0,0.0,0.0,0.0,0.0,0.0,0.0,0.0,0.0,0.0,0.9999999764925858,0.9999999764925858,0.01242338834885555,0,0,0,0,0,0,0,1.0,1.0,0.2,0.2
17,1100,0,odam,roi_shared,0.1813546121120453,-0.0,global_ddp_mean,2,0.0,16.64983558654785,16.64983558654785,0.0,0.0,0.0,0.0,0.0,0.0,0.0,0.0,0.0,0.0,0.0,0.0,0.0,1.0000000575597756,1.0000000575597756,0.0,0,0,0,0,0,0,0,1.0,1.0,0.2,0.2
17,1100,0,odam,roi_cls,0.1813546121120453,-0.0,global_ddp_mean,2,0.0,12.95860767364502,12.95860767364502,0.0,0.0,0.0,0.0,0.0,0.0,0.0,0.0,0.0,0.0,0.0,0.0,0.0,0.9999999627950833,0.9999999627950833,0.01562923782924982,0,0,0,0,0,0,0,1.0,1.0,0.2,0.2
17,1100,0,odam,roi_reg,0.1813546121120453,-0.0,global_ddp_mean,2,0.0,3.8628857135772705,3.8628857135772705,0.0,0.0,0.0,0.0,0.0,0.0,0.0,0.0,0.0,0.0,0.0,0.0,0.0,1.000000027337859,1.000000027337859,0.0,0,0,0,0,0,0,0,1.0,1.0,0.2,0.2
17,1200,0,odam,backbone,0.040138449519872665,-0.0,global_ddp_mean,2,0.0,8.40321159362793,8.40321159362793,0.0,0.0,0.0,0.0,0.0,0.0,0.0,0.0,0.0,0.0,0.0,0.0,0.0,0.9999999317249844,0.9999999317249844,0.02117232426750681,0,0,0,0,0,0,0,1.0,1.0,0.2,0.2
17,1200,0,odam,fpn,0.040138449519872665,-0.0,global_ddp_mean,2,0.0,1.8086035251617432,1.8086035251617432,0.0,0.0,0.0,0.0,0.0,0.0,0.0,0.0,0.0,0.0,0.0,0.0,0.0,0.9999999777628628,0.9999999777628628,0.012083063818168248,0,0,0,0,0,0,0,1.0,1.0,0.2,0.2
17,1200,0,odam,rpn,0.040138449519872665,-0.0,global_ddp_mean,2,0.0,1.571100115776062,1.571100115776062,0.0,0.0,0.0,0.0,0.0,0.0,0.0,0.0,0.0,0.0,0.0,0.0,0.0,0.9999999365812728,0.9999999365812728,0.020405460172542647,0,0,0,0,0,0,0,1.0,1.0,0.2,0.2
17,1200,0,odam,roi_shared,0.040138449519872665,-0.0,global_ddp_mean,2,0.0,3.8503122329711914,3.8503122329711914,0.0,0.0,0.0,0.0,0.0,0.0,0.0,0.0,0.0,0.0,0.0,0.0,0.0,1.0000000101495357,1.0000000101495357,0.0,0,0,0,0,0,0,0,1.0,1.0,0.2,0.2
17,1200,0,odam,roi_cls,0.040138449519872665,-0.0,global_ddp_mean,2,0.0,2.904078722000122,2.904078722000122,0.0,0.0,0.0,0.0,0.0,0.0,0.0,0.0,0.0,0.0,0.0,0.0,0.0,1.0000000753015559,1.0000000753015559,0.0,0,0,0,0,0,0,0,1.0,1.0,0.2,0.2
17,1200,0,odam,roi_reg,0.040138449519872665,-0.0,global_ddp_mean,2,0.0,1.3629602193832397,1.3629602193832397,0.0,0.0,0.0,0.0,0.0,0.0,0.0,0.0,0.0,0.0,0.0,0.0,0.0,0.9999999209582089,0.9999999209582089,0.022780645170758562,0,0,0,0,0,0,0,1.0,1.0,0.2,0.2
17,1300,0,odam,backbone,0.5577038526535034,0.0,global_ddp_mean,2,0.0,15.350314140319824,15.350314140319824,0.0,0.0,0.0,0.0,0.0,0.0,0.0,0.0,0.0,0.0,0.0,0.0,0.0,0.9999999868726676,0.9999999868726676,0.009283802065733177,0,0,0,0,0,0,0,1.0,1.0,0.2,0.2
17,1300,0,odam,fpn,0.5577038526535034,0.0,global_ddp_mean,2,0.0,2.195769786834717,2.195769786834717,0.0,0.0,0.0,0.0,0.0,0.0,0.0,0.0,0.0,0.0,0.0,0.0,0.0,0.9999998963613518,0.9999998963613518,0.026085460254959024,0,0,0,0,0,0,0,1.0,1.0,0.2,0.2
17,1300,0,odam,rpn,0.5577038526535034,0.0,global_ddp_mean,2,0.0,3.1851162910461426,3.1851162910461426,0.0,0.0,0.0,0.0,0.0,0.0,0.0,0.0,0.0,0.0,0.0,0.0,0.0,1.0000000333170906,1.0000000333170906,0.0,0,0,0,0,0,0,0,1.0,1.0,0.2,0.2
17,1300,0,odam,roi_shared,0.5577038526535034,0.0,global_ddp_mean,2,0.0,5.489526748657227,5.489526748657227,0.0,0.0,0.0,0.0,0.0,0.0,0.0,0.0,0.0,0.0,0.0,0.0,0.0,1.0000000311010453,1.0000000311010453,0.0,0,0,0,0,0,0,0,1.0,1.0,0.2,0.2
17,1300,0,odam,roi_cls,0.5577038526535034,0.0,global_ddp_mean,2,0.0,4.858274459838867,4.858274459838867,0.0,0.0,0.0,0.0,0.0,0.0,0.0,0.0,0.0,0.0,0.0,0.0,0.0,0.9999999259567435,0.9999999259567435,0.022048568012406834,0,0,0,0,0,0,0,1.0,1.0,0.2,0.2
17,1300,0,odam,roi_reg,0.5577038526535034,0.0,global_ddp_mean,2,0.0,3.6047098636627197,3.6047098636627197,0.0,0.0,0.0,0.0,0.0,0.0,0.0,0.0,0.0,0.0,0.0,0.0,0.0,1.000000036669885,1.000000036669885,0.0,0,0,0,0,0,0,0,1.0,1.0,0.2,0.2
17,1400,0,odam,backbone,0.029192162677645683,-0.0,global_ddp_mean,2,0.0,4.9852118492126465,4.9852118492126465,0.0,0.0,0.0,0.0,0.0,0.0,0.0,0.0,0.0,0.0,0.0,0.0,0.0,0.9999999112625155,0.9999999112625155,0.024137439044591792,0,0,0,0,0,0,0,1.0,1.0,0.2,0.2
17,1400,0,odam,fpn,0.029192162677645683,-0.0,global_ddp_mean,2,0.0,0.885262131690979,0.885262131690979,0.0,0.0,0.0,0.0,0.0,0.0,0.0,0.0,0.0,0.0,0.0,0.0,0.0,0.9999999748090809,0.9999999748090809,0.012860552836072344,0,0,0,0,0,0,0,1.0,1.0,0.2,0.2
17,1400,0,odam,rpn,0.029192162677645683,-0.0,global_ddp_mean,2,0.0,0.8164058327674866,0.8164058327674866,0.0,0.0,0.0,0.0,0.0,0.0,0.0,0.0,0.0,0.0,0.0,0.0,0.0,0.9999999489984915,0.9999999489984915,0.018299075236684274,0,0,0,0,0,0,0,1.0,1.0,0.2,0.2
17,1400,0,odam,roi_shared,0.029192162677645683,-0.0,global_ddp_mean,2,0.0,1.7236589193344116,1.7236589193344116,0.0,0.0,0.0,0.0,0.0,0.0,0.0,0.0,0.0,0.0,0.0,0.0,0.0,1.0000000418540849,1.0000000418540849,0.0,0,0,0,0,0,0,0,1.0,1.0,0.2,0.2
17,1400,0,odam,roi_cls,0.029192162677645683,-0.0,global_ddp_mean,2,0.0,1.1334154605865479,1.1334154605865479,0.0,0.0,0.0,0.0,0.0,0.0,0.0,0.0,0.0,0.0,0.0,0.0,0.0,1.0000000388794676,1.0000000388794676,0.0,0,0,0,0,0,0,0,1.0,1.0,0.2,0.2
17,1400,0,odam,roi_reg,0.029192162677645683,-0.0,global_ddp_mean,2,0.0,1.2828232049942017,1.2828232049942017,0.0,0.0,0.0,0.0,0.0,0.0,0.0,0.0,0.0,0.0,0.0,0.0,0.0,0.999999994633212,0.999999994633212,0.005936013104309212,0,0,0,0,0,0,0,1.0,1.0,0.2,0.2
18,0,0,odam,backbone,0.16592390835285187,0.0,global_ddp_mean,2,0.0,9.704974174499512,9.704974174499512,0.0,0.0,0.0,0.0,0.0,0.0,0.0,0.0,0.0,0.0,0.0,0.0,0.0,0.9999999159158158,0.9999999159158158,0.023496046373815443,0,0,0,0,0,0,0,1.0,1.0,0.2,0.2
18,0,0,odam,fpn,0.16592390835285187,0.0,global_ddp_mean,2,0.0,2.3062331676483154,2.3062331676483154,0.0,0.0,0.0,0.0,0.0,0.0,0.0,0.0,0.0,0.0,0.0,0.0,0.0,0.999999973162968,0.999999973162968,0.01327409353545709,0,0,0,0,0,0,0,1.0,1.0,0.2,0.2
18,0,0,odam,rpn,0.16592390835285187,0.0,global_ddp_mean,2,0.0,1.841091275215149,1.841091275215149,0.0,0.0,0.0,0.0,0.0,0.0,0.0,0.0,0.0,0.0,0.0,0.0,0.0,0.9999999653572124,0.9999999653572124,0.01508148294422886,0,0,0,0,0,0,0,1.0,1.0,0.2,0.2
18,0,0,odam,roi_shared,0.16592390835285187,0.0,global_ddp_mean,2,0.0,4.79974365234375,4.79974365234375,0.0,0.0,0.0,0.0,0.0,0.0,0.0,0.0,0.0,0.0,0.0,0.0,0.0,1.0000000567585317,1.0000000567585317,0.0,0,0,0,0,0,0,0,1.0,1.0,0.2,0.2
18,0,0,odam,roi_cls,0.16592390835285187,0.0,global_ddp_mean,2,0.0,4.909633159637451,4.909633159637451,0.0,0.0,0.0,0.0,0.0,0.0,0.0,0.0,0.0,0.0,0.0,0.0,0.0,1.0000000852406439,1.0000000852406439,0.0,0,0,0,0,0,0,0,1.0,1.0,0.2,0.2
18,0,0,odam,roi_reg,0.16592390835285187,0.0,global_ddp_mean,2,0.0,0.9364409446716309,0.9364409446716309,0.0,0.0,0.0,0.0,0.0,0.0,0.0,0.0,0.0,0.0,0.0,0.0,0.0,0.9999999444481922,0.9999999444481922,0.01909794906036303,0,0,0,0,0,0,0,1.0,1.0,0.2,0.2
18,100,0,odam,backbone,0.24974031746387482,0.0,global_ddp_mean,2,0.0,7.221428394317627,7.221428394317627,0.0,0.0,0.0,0.0,0.0,0.0,0.0,0.0,0.0,0.0,0.0,0.0,0.0,0.999999940729903,0.999999940729903,0.01972674595020273,0,0,0,0,0,0,0,1.0,1.0,0.2,0.2
18,100,0,odam,fpn,0.24974031746387482,0.0,global_ddp_mean,2,0.0,1.3177932500839233,1.3177932500839233,0.0,0.0,0.0,0.0,0.0,0.0,0.0,0.0,0.0,0.0,0.0,0.0,0.0,1.0000000747429518,1.0000000747429518,0.0,0,0,0,0,0,0,0,1.0,1.0,0.2,0.2
18,100,0,odam,rpn,0.24974031746387482,0.0,global_ddp_mean,2,0.0,1.743330478668213,1.743330478668213,0.0,0.0,0.0,0.0,0.0,0.0,0.0,0.0,0.0,0.0,0.0,0.0,0.0,0.9999999550345386,0.9999999550345386,0.017182136256677742,0,0,0,0,0,0,0,1.0,1.0,0.2,0.2
18,100,0,odam,roi_shared,0.24974031746387482,0.0,global_ddp_mean,2,0.0,2.186145067214966,2.186145067214966,0.0,0.0,0.0,0.0,0.0,0.0,0.0,0.0,0.0,0.0,0.0,0.0,0.0,1.0000000710839747,1.0000000710839747,0.0,0,0,0,0,0,0,0,1.0,1.0,0.2,0.2
18,100,0,odam,roi_cls,0.24974031746387482,0.0,global_ddp_mean,2,0.0,1.287934422492981,1.287934422492981,0.0,0.0,0.0,0.0,0.0,0.0,0.0,0.0,0.0,0.0,0.0,0.0,0.0,1.0000000087588345,1.0000000087588345,0.0,0,0,0,0,0,0,0,1.0,1.0,0.2,0.2
18,100,0,odam,roi_reg,0.24974031746387482,0.0,global_ddp_mean,2,0.0,1.4145557880401611,1.4145557880401611,0.0,0.0,0.0,0.0,0.0,0.0,0.0,0.0,0.0,0.0,0.0,0.0,0.0,1.000000070151949,1.000000070151949,0.0,0,0,0,0,0,0,0,1.0,1.0,0.2,0.2
18,200,0,odam,backbone,0.0072255320847034454,0.0,global_ddp_mean,2,0.0,8.389700889587402,8.389700889587402,0.0,0.0,0.0,0.0,0.0,0.0,0.0,0.0,0.0,0.0,0.0,0.0,0.0,0.9999999476437916,0.9999999476437916,0.018540512117804896,0,0,0,0,0,0,0,1.0,1.0,0.2,0.2
18,200,0,odam,fpn,0.0072255320847034454,0.0,global_ddp_mean,2,0.0,0.9809215664863586,0.9809215664863586,0.0,0.0,0.0,0.0,0.0,0.0,0.0,0.0,0.0,0.0,0.0,0.0,0.0,1.0000000196842327,1.0000000196842327,0.0,0,0,0,0,0,0,0,1.0,1.0,0.2,0.2
18,200,0,odam,rpn,0.0072255320847034454,0.0,global_ddp_mean,2,0.0,0.8025317192077637,0.8025317192077637,0.0,0.0,0.0,0.0,0.0,0.0,0.0,0.0,0.0,0.0,0.0,0.0,0.0,0.9999999911822853,0.9999999911822853,0.00760879093579245,0,0,0,0,0,0,0,1.0,1.0,0.2,0.2
18,200,0,odam,roi_shared,0.0072255320847034454,0.0,global_ddp_mean,2,0.0,1.928444266319275,1.928444266319275,0.0,0.0,0.0,0.0,0.0,0.0,0.0,0.0,0.0,0.0,0.0,0.0,0.0,1.0000000146232053,1.0000000146232053,0.0,0,0,0,0,0,0,0,1.0,1.0,0.2,0.2
18,200,0,odam,roi_cls,0.0072255320847034454,0.0,global_ddp_mean,2,0.0,1.593670129776001,1.593670129776001,0.0,0.0,0.0,0.0,0.0,0.0,0.0,0.0,0.0,0.0,0.0,0.0,0.0,1.0000000737605275,1.0000000737605275,0.0,0,0,0,0,0,0,0,1.0,1.0,0.2,0.2
18,200,0,odam,roi_reg,0.0072255320847034454,0.0,global_ddp_mean,2,0.0,0.30173739790916443,0.30173739790916443,0.0,0.0,0.0,0.0,0.0,0.0,0.0,0.0,0.0,0.0,0.0,0.0,0.0,1.0000000472079018,1.0000000472079018,0.0,0,0,0,0,0,0,0,1.0,1.0,0.2,0.2
18,300,0,odam,backbone,1.1442153453826904,0.0,global_ddp_mean,2,0.0,63.281795501708984,63.281795501708984,0.0,0.0,0.0,0.0,0.0,0.0,0.0,0.0,0.0,0.0,0.0,0.0,0.0,0.9999999518798242,0.9999999518798242,0.01777465724514837,0,0,0,0,0,0,0,1.0,1.0,0.2,0.2
18,300,0,odam,fpn,1.1442153453826904,0.0,global_ddp_mean,2,0.0,6.812785625457764,6.812785625457764,0.0,0.0,0.0,0.0,0.0,0.0,0.0,0.0,0.0,0.0,0.0,0.0,0.0,1.0000000663045867,1.0000000663045867,0.0,0,0,0,0,0,0,0,1.0,1.0,0.2,0.2
18,300,0,odam,rpn,1.1442153453826904,0.0,global_ddp_mean,2,0.0,7.79802131652832,7.79802131652832,0.0,0.0,0.0,0.0,0.0,0.0,0.0,0.0,0.0,0.0,0.0,0.0,0.0,0.9999999832916825,0.9999999832916825,0.010473793101242563,0,0,0,0,0,0,0,1.0,1.0,0.2,0.2
18,300,0,odam,roi_shared,1.1442153453826904,0.0,global_ddp_mean,2,0.0,10.795881271362305,10.795881271362305,0.0,0.0,0.0,0.0,0.0,0.0,0.0,0.0,0.0,0.0,0.0,0.0,0.0,1.0000000298826281,1.0000000298826281,0.0,0,0,0,0,0,0,0,1.0,1.0,0.2,0.2
18,300,0,odam,roi_cls,1.1442153453826904,0.0,global_ddp_mean,2,0.0,9.737296104431152,9.737296104431152,0.0,0.0,0.0,0.0,0.0,0.0,0.0,0.0,0.0,0.0,0.0,0.0,0.0,0.9999999826133444,0.9999999826133444,0.01068428972298403,0,0,0,0,0,0,0,1.0,1.0,0.2,0.2
18,300,0,odam,roi_reg,1.1442153453826904,0.0,global_ddp_mean,2,0.0,3.208165407180786,3.208165407180786,0.0,0.0,0.0,0.0,0.0,0.0,0.0,0.0,0.0,0.0,0.0,0.0,0.0,1.0000000673977225,1.0000000673977225,0.0,0,0,0,0,0,0,0,1.0,1.0,0.2,0.2
18,400,0,odam,backbone,0.015076194889843464,0.0,global_ddp_mean,2,0.0,10.808710098266602,10.808710098266602,0.0,0.0,0.0,0.0,0.0,0.0,0.0,0.0,0.0,0.0,0.0,0.0,0.0,0.9999999566454849,0.9999999566454849,0.016871542814129746,0,0,0,0,0,0,0,1.0,1.0,0.2,0.2
18,400,0,odam,fpn,0.015076194889843464,0.0,global_ddp_mean,2,0.0,1.591915488243103,1.591915488243103,0.0,0.0,0.0,0.0,0.0,0.0,0.0,0.0,0.0,0.0,0.0,0.0,0.0,1.0000000096996426,1.0000000096996426,0.0,0,0,0,0,0,0,0,1.0,1.0,0.2,0.2
18,400,0,odam,rpn,0.015076194889843464,0.0,global_ddp_mean,2,0.0,1.0811909437179565,1.0811909437179565,0.0,0.0,0.0,0.0,0.0,0.0,0.0,0.0,0.0,0.0,0.0,0.0,0.0,1.000000056418513,1.000000056418513,0.0,0,0,0,0,0,0,0,1.0,1.0,0.2,0.2
18,400,0,odam,roi_shared,0.015076194889843464,0.0,global_ddp_mean,2,0.0,3.420158863067627,3.420158863067627,0.0,0.0,0.0,0.0,0.0,0.0,0.0,0.0,0.0,0.0,0.0,0.0,0.0,1.0000000195615837,1.0000000195615837,0.0,0,0,0,0,0,0,0,1.0,1.0,0.2,0.2
18,400,0,odam,roi_cls,0.015076194889843464,0.0,global_ddp_mean,2,0.0,2.2209208011627197,2.2209208011627197,0.0,0.0,0.0,0.0,0.0,0.0,0.0,0.0,0.0,0.0,0.0,0.0,0.0,0.999999941868537,0.999999941868537,0.01953634242349516,0,0,0,0,0,0,0,1.0,1.0,0.2,0.2
18,400,0,odam,roi_reg,0.015076194889843464,0.0,global_ddp_mean,2,0.0,0.9775626063346863,0.9775626063346863,0.0,0.0,0.0,0.0,0.0,0.0,0.0,0.0,0.0,0.0,0.0,0.0,0.0,0.9999999834614426,0.9999999834614426,0.010420449265104792,0,0,0,0,0,0,0,1.0,1.0,0.2,0.2
18,500,0,odam,backbone,1.339994192123413,0.0,global_ddp_mean,2,0.0,25.046838760375977,25.046838760375977,0.0,0.0,0.0,0.0,0.0,0.0,0.0,0.0,0.0,0.0,0.0,0.0,0.0,0.9999999750099919,0.9999999750099919,0.012809165273145101,0,0,0,0,0,0,0,1.0,1.0,0.2,0.2
18,500,0,odam,fpn,1.339994192123413,0.0,global_ddp_mean,2,0.0,6.336681365966797,6.336681365966797,0.0,0.0,0.0,0.0,0.0,0.0,0.0,0.0,0.0,0.0,0.0,0.0,0.0,0.9999999847350604,0.9999999847350604,0.010011177845667412,0,0,0,0,0,0,0,1.0,1.0,0.2,0.2
18,500,0,odam,rpn,1.339994192123413,0.0,global_ddp_mean,2,0.0,6.732332706451416,6.732332706451416,0.0,0.0,0.0,0.0,0.0,0.0,0.0,0.0,0.0,0.0,0.0,0.0,0.0,0.9999999780026272,0.9999999780026272,0.012017746495587562,0,0,0,0,0,0,0,1.0,1.0,0.2,0.2
18,500,0,odam,roi_shared,1.339994192123413,0.0,global_ddp_mean,2,0.0,11.846646308898926,11.846646308898926,0.0,0.0,0.0,0.0,0.0,0.0,0.0,0.0,0.0,0.0,0.0,0.0,0.0,0.9999999202666235,0.9999999202666235,0.02288008907407215,0,0,0,0,0,0,0,1.0,1.0,0.2,0.2
18,500,0,odam,roi_cls,1.339994192123413,0.0,global_ddp_mean,2,0.0,12.078536987304688,12.078536987304688,0.0,0.0,0.0,0.0,0.0,0.0,0.0,0.0,0.0,0.0,0.0,0.0,0.0,0.9999999759574456,0.9999999759574456,0.012564000202500127,0,0,0,0,0,0,0,1.0,1.0,0.2,0.2
18,500,0,odam,roi_reg,1.339994192123413,0.0,global_ddp_mean,2,0.0,7.529272079467773,7.529272079467773,0.0,0.0,0.0,0.0,0.0,0.0,0.0,0.0,0.0,0.0,0.0,0.0,0.0,1.000000059262669,1.000000059262669,0.0,0,0,0,0,0,0,0,1.0,1.0,0.2,0.2
18,600,0,odam,backbone,0.005172718316316605,0.0,global_ddp_mean,2,0.0,2.2317824363708496,2.2317824363708496,0.0,0.0,0.0,0.0,0.0,0.0,0.0,0.0,0.0,0.0,0.0,0.0,0.0,1.0000000476737847,1.0000000476737847,0.0,0,0,0,0,0,0,0,1.0,1.0,0.2,0.2
18,600,0,odam,fpn,0.005172718316316605,0.0,global_ddp_mean,2,0.0,0.39389538764953613,0.39389538764953613,0.0,0.0,0.0,0.0,0.0,0.0,0.0,0.0,0.0,0.0,0.0,0.0,0.0,0.9999999751715575,0.9999999751715575,0.01276769118646737,0,0,0,0,0,0,0,1.0,1.0,0.2,0.2
18,600,0,odam,rpn,0.005172718316316605,0.0,global_ddp_mean,2,0.0,0.7075061798095703,0.7075061798095703,0.0,0.0,0.0,0.0,0.0,0.0,0.0,0.0,0.0,0.0,0.0,0.0,0.0,0.999999995922795,0.999999995922795,0.005173910423006447,0,0,0,0,0,0,0,1.0,1.0,0.2,0.2
18,600,0,odam,roi_shared,0.005172718316316605,0.0,global_ddp_mean,2,0.0,0.0,0.0,0.0,0.0,0.0,0.0,0.0,0.0,0.0,0.0,0.0,0.0,0.0,0.0,0.0,0.0,0.0,90.0,0,0,0,0,0,0,0,1.0,1.0,0.2,0.2
18,600,0,odam,roi_cls,0.005172718316316605,0.0,global_ddp_mean,2,0.0,0.0,0.0,0.0,0.0,0.0,0.0,0.0,0.0,0.0,0.0,0.0,0.0,0.0,0.0,0.0,0.0,0.0,90.0,0,0,0,0,0,0,0,1.0,1.0,0.2,0.2
18,600,0,odam,roi_reg,0.005172718316316605,0.0,global_ddp_mean,2,0.0,0.0,0.0,0.0,0.0,0.0,0.0,0.0,0.0,0.0,0.0,0.0,0.0,0.0,0.0,0.0,0.0,0.0,90.0,0,0,0,0,0,0,0,1.0,1.0,0.2,0.2
18,700,0,odam,backbone,0.14404383301734924,0.0,global_ddp_mean,2,0.0,10.237947463989258,10.237947463989258,0.0,0.0,0.0,0.0,0.0,0.0,0.0,0.0,0.0,0.0,0.0,0.0,0.0,1.000000060779063,1.000000060779063,0.0,0,0,0,0,0,0,0,1.0,1.0,0.2,0.2
18,700,0,odam,fpn,0.14404383301734924,0.0,global_ddp_mean,2,0.0,1.6639426946640015,1.6639426946640015,0.0,0.0,0.0,0.0,0.0,0.0,0.0,0.0,0.0,0.0,0.0,0.0,0.0,0.9999999416686616,0.9999999416686616,0.019569899849088437,0,0,0,0,0,0,0,1.0,1.0,0.2,0.2
18,700,0,odam,rpn,0.14404383301734924,0.0,global_ddp_mean,2,0.0,1.2378413677215576,1.2378413677215576,0.0,0.0,0.0,0.0,0.0,0.0,0.0,0.0,0.0,0.0,0.0,0.0,0.0,0.9999999138332379,0.9999999138332379,0.023785239023776425,0,0,0,0,0,0,0,1.0,1.0,0.2,0.2
18,700,0,odam,roi_shared,0.14404383301734924,0.0,global_ddp_mean,2,0.0,3.0671441555023193,3.0671441555023193,0.0,0.0,0.0,0.0,0.0,0.0,0.0,0.0,0.0,0.0,0.0,0.0,0.0,1.0000000167647958,1.0000000167647958,0.0,0,0,0,0,0,0,0,1.0,1.0,0.2,0.2
18,700,0,odam,roi_cls,0.14404383301734924,0.0,global_ddp_mean,2,0.0,2.448566198348999,2.448566198348999,0.0,0.0,0.0,0.0,0.0,0.0,0.0,0.0,0.0,0.0,0.0,0.0,0.0,0.9999999696742795,0.9999999696742795,0.014110525737726018,0,0,0,0,0,0,0,1.0,1.0,0.2,0.2
18,700,0,odam,roi_reg,0.14404383301734924,0.0,global_ddp_mean,2,0.0,1.0397231578826904,1.0397231578826904,0.0,0.0,0.0,0.0,0.0,0.0,0.0,0.0,0.0,0.0,0.0,0.0,0.0,0.9999999305143438,0.9999999305143438,0.021359211415434856,0,0,0,0,0,0,0,1.0,1.0,0.2,0.2
18,800,0,odam,backbone,0.009507743641734123,0.0,global_ddp_mean,2,0.0,4.177954196929932,4.177954196929932,0.0,0.0,0.0,0.0,0.0,0.0,0.0,0.0,0.0,0.0,0.0,0.0,0.0,1.0000001100235516,1.0000001100235516,0.0,0,0,0,0,0,0,0,1.0,1.0,0.2,0.2
18,800,0,odam,fpn,0.009507743641734123,0.0,global_ddp_mean,2,0.0,0.2646509110927582,0.2646509110927582,0.0,0.0,0.0,0.0,0.0,0.0,0.0,0.0,0.0,0.0,0.0,0.0,0.0,0.999999922623886,0.999999922623886,0.022539334574231507,0,0,0,0,0,0,0,1.0,1.0,0.2,0.2
18,800,0,odam,rpn,0.009507743641734123,0.0,global_ddp_mean,2,0.0,0.596973717212677,0.596973717212677,0.0,0.0,0.0,0.0,0.0,0.0,0.0,0.0,0.0,0.0,0.0,0.0,0.0,1.0000000347472333,1.0000000347472333,0.0,0,0,0,0,0,0,0,1.0,1.0,0.2,0.2
18,800,0,odam,roi_shared,0.009507743641734123,0.0,global_ddp_mean,2,0.0,0.0,0.0,0.0,0.0,0.0,0.0,0.0,0.0,0.0,0.0,0.0,0.0,0.0,0.0,0.0,0.0,0.0,90.0,0,0,0,0,0,0,0,1.0,1.0,0.2,0.2
18,800,0,odam,roi_cls,0.009507743641734123,0.0,global_ddp_mean,2,0.0,0.0,0.0,0.0,0.0,0.0,0.0,0.0,0.0,0.0,0.0,0.0,0.0,0.0,0.0,0.0,0.0,0.0,90.0,0,0,0,0,0,0,0,1.0,1.0,0.2,0.2
18,800,0,odam,roi_reg,0.009507743641734123,0.0,global_ddp_mean,2,0.0,0.0,0.0,0.0,0.0,0.0,0.0,0.0,0.0,0.0,0.0,0.0,0.0,0.0,0.0,0.0,0.0,0.0,90.0,0,0,0,0,0,0,0,1.0,1.0,0.2,0.2
18,900,0,odam,backbone,0.2676756680011749,0.0,global_ddp_mean,2,0.0,22.66448402404785,22.66448402404785,0.0,0.0,0.0,0.0,0.0,0.0,0.0,0.0,0.0,0.0,0.0,0.0,0.0,0.9999999940264079,0.9999999940264079,0.006262610635245559,0,0,0,0,0,0,0,1.0,1.0,0.2,0.2
18,900,0,odam,fpn,0.2676756680011749,0.0,global_ddp_mean,2,0.0,2.021623373031616,2.021623373031616,0.0,0.0,0.0,0.0,0.0,0.0,0.0,0.0,0.0,0.0,0.0,0.0,0.0,1.0000000506466613,1.0000000506466613,0.0,0,0,0,0,0,0,0,1.0,1.0,0.2,0.2
18,900,0,odam,rpn,0.2676756680011749,0.0,global_ddp_mean,2,0.0,1.6283600330352783,1.6283600330352783,0.0,0.0,0.0,0.0,0.0,0.0,0.0,0.0,0.0,0.0,0.0,0.0,0.0,0.9999999457852659,0.9999999457852659,0.01886671540721194,0,0,0,0,0,0,0,1.0,1.0,0.2,0.2
18,900,0,odam,roi_shared,0.2676756680011749,0.0,global_ddp_mean,2,0.0,3.774183511734009,3.774183511734009,0.0,0.0,0.0,0.0,0.0,0.0,0.0,0.0,0.0,0.0,0.0,0.0,0.0,1.0000000584788546,1.0000000584788546,0.0,0,0,0,0,0,0,0,1.0,1.0,0.2,0.2
18,900,0,odam,roi_cls,0.2676756680011749,0.0,global_ddp_mean,2,0.0,2.09475040435791,2.09475040435791,0.0,0.0,0.0,0.0,0.0,0.0,0.0,0.0,0.0,0.0,0.0,0.0,0.0,1.0000000571763552,1.0000000571763552,0.0,0,0,0,0,0,0,0,1.0,1.0,0.2,0.2
18,900,0,odam,roi_reg,0.2676756680011749,0.0,global_ddp_mean,2,0.0,1.8005021810531616,1.8005021810531616,0.0,0.0,0.0,0.0,0.0,0.0,0.0,0.0,0.0,0.0,0.0,0.0,0.0,1.0000000222294025,1.0000000222294025,0.0,0,0,0,0,0,0,0,1.0,1.0,0.2,0.2
18,1000,0,odam,backbone,0.12842555344104767,0.0,global_ddp_mean,2,0.0,17.09144401550293,17.09144401550293,0.0,0.0,0.0,0.0,0.0,0.0,0.0,0.0,0.0,0.0,0.0,0.0,0.0,0.9999999079327677,0.9999999079327677,0.0245861302120667,0,0,0,0,0,0,0,1.0,1.0,0.2,0.2
18,1000,0,odam,fpn,0.12842555344104767,0.0,global_ddp_mean,2,0.0,4.97664737701416,4.97664737701416,0.0,0.0,0.0,0.0,0.0,0.0,0.0,0.0,0.0,0.0,0.0,0.0,0.0,0.9999999293156775,0.9999999293156775,0.02154265283122614,0,0,0,0,0,0,0,1.0,1.0,0.2,0.2
18,1000,0,odam,rpn,0.12842555344104767,0.0,global_ddp_mean,2,0.0,4.931402683258057,4.931402683258057,0.0,0.0,0.0,0.0,0.0,0.0,0.0,0.0,0.0,0.0,0.0,0.0,0.0,0.9999999540904788,0.9999999540904788,0.01736157071374548,0,0,0,0,0,0,0,1.0,1.0,0.2,0.2
18,1000,0,odam,roi_shared,0.12842555344104767,0.0,global_ddp_mean,2,0.0,10.141692161560059,10.141692161560059,0.0,0.0,0.0,0.0,0.0,0.0,0.0,0.0,0.0,0.0,0.0,0.0,0.0,1.0000000749845603,1.0000000749845603,0.0,0,0,0,0,0,0,0,1.0,1.0,0.2,0.2
18,1000,0,odam,roi_cls,0.12842555344104767,0.0,global_ddp_mean,2,0.0,8.061675071716309,8.061675071716309,0.0,0.0,0.0,0.0,0.0,0.0,0.0,0.0,0.0,0.0,0.0,0.0,0.0,0.9999999326672732,0.9999999326672732,0.02102571310133323,0,0,0,0,0,0,0,1.0,1.0,0.2,0.2
18,1000,0,odam,roi_reg,0.12842555344104767,0.0,global_ddp_mean,2,0.0,5.405820846557617,5.405820846557617,0.0,0.0,0.0,0.0,0.0,0.0,0.0,0.0,0.0,0.0,0.0,0.0,0.0,0.9999999161907525,0.9999999161907525,0.023457601491345747,0,0,0,0,0,0,0,1.0,1.0,0.2,0.2
18,1100,0,odam,backbone,0.2238704264163971,-0.0,global_ddp_mean,2,0.0,15.17095947265625,15.17095947265625,0.0,0.0,0.0,0.0,0.0,0.0,0.0,0.0,0.0,0.0,0.0,0.0,0.0,0.9999999714968157,0.9999999714968157,0.013679944058357317,0,0,0,0,0,0,0,1.0,1.0,0.2,0.2
18,1100,0,odam,fpn,0.2238704264163971,-0.0,global_ddp_mean,2,0.0,1.9772849082946777,1.9772849082946777,0.0,0.0,0.0,0.0,0.0,0.0,0.0,0.0,0.0,0.0,0.0,0.0,0.0,0.9999999903863641,0.9999999903863641,0.007944772493696801,0,0,0,0,0,0,0,1.0,1.0,0.2,0.2
18,1100,0,odam,rpn,0.2238704264163971,-0.0,global_ddp_mean,2,0.0,3.429384469985962,3.429384469985962,0.0,0.0,0.0,0.0,0.0,0.0,0.0,0.0,0.0,0.0,0.0,0.0,0.0,1.000000038121944,1.000000038121944,0.0,0,0,0,0,0,0,0,1.0,1.0,0.2,0.2
18,1100,0,odam,roi_shared,0.2238704264163971,-0.0,global_ddp_mean,2,0.0,3.553476572036743,3.553476572036743,0.0,0.0,0.0,0.0,0.0,0.0,0.0,0.0,0.0,0.0,0.0,0.0,0.0,1.0000000446604846,1.0000000446604846,0.0,0,0,0,0,0,0,0,1.0,1.0,0.2,0.2
18,1100,0,odam,roi_cls,0.2238704264163971,-0.0,global_ddp_mean,2,0.0,1.8931642770767212,1.8931642770767212,0.0,0.0,0.0,0.0,0.0,0.0,0.0,0.0,0.0,0.0,0.0,0.0,0.0,1.0000000500445916,1.0000000500445916,0.0,0,0,0,0,0,0,0,1.0,1.0,0.2,0.2
18,1100,0,odam,roi_reg,0.2238704264163971,-0.0,global_ddp_mean,2,0.0,2.399186134338379,2.399186134338379,0.0,0.0,0.0,0.0,0.0,0.0,0.0,0.0,0.0,0.0,0.0,0.0,0.0,1.0000000605475612,1.0000000605475612,0.0,0,0,0,0,0,0,0,1.0,1.0,0.2,0.2
18,1200,0,odam,backbone,0.9154921770095825,0.0,global_ddp_mean,2,0.0,39.329551696777344,39.329551696777344,0.0,0.0,0.0,0.0,0.0,0.0,0.0,0.0,0.0,0.0,0.0,0.0,0.0,0.9999999754096627,0.9999999754096627,0.012706322508124564,0,0,0,0,0,0,0,1.0,1.0,0.2,0.2
18,1200,0,odam,fpn,0.9154921770095825,0.0,global_ddp_mean,2,0.0,4.330843448638916,4.330843448638916,0.0,0.0,0.0,0.0,0.0,0.0,0.0,0.0,0.0,0.0,0.0,0.0,0.0,1.0000000818839714,1.0000000818839714,0.0,0,0,0,0,0,0,0,1.0,1.0,0.2,0.2
18,1200,0,odam,rpn,0.9154921770095825,0.0,global_ddp_mean,2,0.0,3.2341885566711426,3.2341885566711426,0.0,0.0,0.0,0.0,0.0,0.0,0.0,0.0,0.0,0.0,0.0,0.0,0.0,1.0000000550848793,1.0000000550848793,0.0,0,0,0,0,0,0,0,1.0,1.0,0.2,0.2
18,1200,0,odam,roi_shared,0.9154921770095825,0.0,global_ddp_mean,2,0.0,7.967625617980957,7.967625617980957,0.0,0.0,0.0,0.0,0.0,0.0,0.0,0.0,0.0,0.0,0.0,0.0,0.0,1.0000000148250094,1.0000000148250094,0.0,0,0,0,0,0,0,0,1.0,1.0,0.2,0.2
18,1200,0,odam,roi_cls,0.9154921770095825,0.0,global_ddp_mean,2,0.0,5.605668067932129,5.605668067932129,0.0,0.0,0.0,0.0,0.0,0.0,0.0,0.0,0.0,0.0,0.0,0.0,0.0,0.9999999657785464,0.9999999657785464,0.014989490030918508,0,0,0,0,0,0,0,1.0,1.0,0.2,0.2
18,1200,0,odam,roi_reg,0.9154921770095825,0.0,global_ddp_mean,2,0.0,2.673213481903076,2.673213481903076,0.0,0.0,0.0,0.0,0.0,0.0,0.0,0.0,0.0,0.0,0.0,0.0,0.0,0.9999999557352737,0.9999999557352737,0.017047728631446685,0,0,0,0,0,0,0,1.0,1.0,0.2,0.2
18,1300,0,odam,backbone,0.014747192151844501,0.0,global_ddp_mean,2,0.0,18.88239860534668,18.88239860534668,0.0,0.0,0.0,0.0,0.0,0.0,0.0,0.0,0.0,0.0,0.0,0.0,0.0,1.000000016320404,1.000000016320404,0.0,0,0,0,0,0,0,0,1.0,1.0,0.2,0.2
18,1300,0,odam,fpn,0.014747192151844501,0.0,global_ddp_mean,2,0.0,3.8714840412139893,3.8714840412139893,0.0,0.0,0.0,0.0,0.0,0.0,0.0,0.0,0.0,0.0,0.0,0.0,0.0,0.9999999586445764,0.9999999586445764,0.016477976105840043,0,0,0,0,0,0,0,1.0,1.0,0.2,0.2
18,1300,0,odam,rpn,0.014747192151844501,0.0,global_ddp_mean,2,0.0,1.65634286403656,1.65634286403656,0.0,0.0,0.0,0.0,0.0,0.0,0.0,0.0,0.0,0.0,0.0,0.0,0.0,0.999999977846393,0.999999977846393,0.012060348405917036,0,0,0,0,0,0,0,1.0,1.0,0.2,0.2
18,1300,0,odam,roi_shared,0.014747192151844501,0.0,global_ddp_mean,2,0.0,8.072906494140625,8.072906494140625,0.0,0.0,0.0,0.0,0.0,0.0,0.0,0.0,0.0,0.0,0.0,0.0,0.0,1.0000000357685335,1.0000000357685335,0.0,0,0,0,0,0,0,0,1.0,1.0,0.2,0.2
18,1300,0,odam,roi_cls,0.014747192151844501,0.0,global_ddp_mean,2,0.0,5.907171726226807,5.907171726226807,0.0,0.0,0.0,0.0,0.0,0.0,0.0,0.0,0.0,0.0,0.0,0.0,0.0,0.999999954301418,0.999999954301418,0.017321639438345002,0,0,0,0,0,0,0,1.0,1.0,0.2,0.2
18,1300,0,odam,roi_reg,0.014747192151844501,0.0,global_ddp_mean,2,0.0,2.727236032485962,2.727236032485962,0.0,0.0,0.0,0.0,0.0,0.0,0.0,0.0,0.0,0.0,0.0,0.0,0.0,1.0000000326686307,1.0000000326686307,0.0,0,0,0,0,0,0,0,1.0,1.0,0.2,0.2
18,1400,0,odam,backbone,0.10222266614437103,0.0,global_ddp_mean,2,0.0,11.079895973205566,11.079895973205566,0.0,0.0,0.0,0.0,0.0,0.0,0.0,0.0,0.0,0.0,0.0,0.0,0.0,0.999999973238448,0.999999973238448,0.013255413471465064,0,0,0,0,0,0,0,1.0,1.0,0.2,0.2
18,1400,0,odam,fpn,0.10222266614437103,0.0,global_ddp_mean,2,0.0,1.1052360534667969,1.1052360534667969,0.0,0.0,0.0,0.0,0.0,0.0,0.0,0.0,0.0,0.0,0.0,0.0,0.0,1.000000028864463,1.000000028864463,0.0,0,0,0,0,0,0,0,1.0,1.0,0.2,0.2
18,1400,0,odam,rpn,0.10222266614437103,0.0,global_ddp_mean,2,0.0,0.8467091917991638,0.8467091917991638,0.0,0.0,0.0,0.0,0.0,0.0,0.0,0.0,0.0,0.0,0.0,0.0,0.0,1.0000000642262716,1.0000000642262716,0.0,0,0,0,0,0,0,0,1.0,1.0,0.2,0.2
18,1400,0,odam,roi_shared,0.10222266614437103,0.0,global_ddp_mean,2,0.0,2.5094237327575684,2.5094237327575684,0.0,0.0,0.0,0.0,0.0,0.0,0.0,0.0,0.0,0.0,0.0,0.0,0.0,1.0000000574555468,1.0000000574555468,0.0,0,0,0,0,0,0,0,1.0,1.0,0.2,0.2
18,1400,0,odam,roi_cls,0.10222266614437103,0.0,global_ddp_mean,2,0.0,1.6371736526489258,1.6371736526489258,0.0,0.0,0.0,0.0,0.0,0.0,0.0,0.0,0.0,0.0,0.0,0.0,0.0,0.9999999478120979,0.9999999478120979,0.018510687611954964,0,0,0,0,0,0,0,1.0,1.0,0.2,0.2
18,1400,0,odam,roi_reg,0.10222266614437103,0.0,global_ddp_mean,2,0.0,1.1856513023376465,1.1856513023376465,0.0,0.0,0.0,0.0,0.0,0.0,0.0,0.0,0.0,0.0,0.0,0.0,0.0,0.9999999856176268,0.9999999856176268,0.009717463261672978,0,0,0,0,0,0,0,1.0,1.0,0.2,0.2
19,0,0,odam,backbone,0.26161038875579834,-0.0,global_ddp_mean,2,0.0,8.917924880981445,8.917924880981445,0.0,0.0,0.0,0.0,0.0,0.0,0.0,0.0,0.0,0.0,0.0,0.0,0.0,0.9999999574435523,0.9999999574435523,0.016715536349846807,0,0,0,0,0,0,0,1.0,1.0,0.2,0.2
19,0,0,odam,fpn,0.26161038875579834,-0.0,global_ddp_mean,2,0.0,1.4218549728393555,1.4218549728393555,0.0,0.0,0.0,0.0,0.0,0.0,0.0,0.0,0.0,0.0,0.0,0.0,0.0,0.9999999850601798,0.9999999850601798,0.009903992791531034,0,0,0,0,0,0,0,1.0,1.0,0.2,0.2
19,0,0,odam,rpn,0.26161038875579834,-0.0,global_ddp_mean,2,0.0,2.9389030933380127,2.9389030933380127,0.0,0.0,0.0,0.0,0.0,0.0,0.0,0.0,0.0,0.0,0.0,0.0,0.0,1.000000037756419,1.000000037756419,0.0,0,0,0,0,0,0,0,1.0,1.0,0.2,0.2
19,0,0,odam,roi_shared,0.26161038875579834,-0.0,global_ddp_mean,2,0.0,1.7748136520385742,1.7748136520385742,0.0,0.0,0.0,0.0,0.0,0.0,0.0,0.0,0.0,0.0,0.0,0.0,0.0,0.9999999617277308,0.9999999617277308,0.01585184212012501,0,0,0,0,0,0,0,1.0,1.0,0.2,0.2
19,0,0,odam,roi_cls,0.26161038875579834,-0.0,global_ddp_mean,2,0.0,1.0199006795883179,1.0199006795883179,0.0,0.0,0.0,0.0,0.0,0.0,0.0,0.0,0.0,0.0,0.0,0.0,0.0,0.9999999771310818,0.9999999771310818,0.012253508084034487,0,0,0,0,0,0,0,1.0,1.0,0.2,0.2
19,0,0,odam,roi_reg,0.26161038875579834,-0.0,global_ddp_mean,2,0.0,0.7827867865562439,0.7827867865562439,0.0,0.0,0.0,0.0,0.0,0.0,0.0,0.0,0.0,0.0,0.0,0.0,0.0,1.0000000427546984,1.0000000427546984,0.0,0,0,0,0,0,0,0,1.0,1.0,0.2,0.2
19,100,0,odam,backbone,0.10790859162807465,-0.0,global_ddp_mean,2,0.0,8.011999130249023,8.011999130249023,0.0,0.0,0.0,0.0,0.0,0.0,0.0,0.0,0.0,0.0,0.0,0.0,0.0,1.0000000152568447,1.0000000152568447,0.0,0,0,0,0,0,0,0,1.0,1.0,0.2,0.2
19,100,0,odam,fpn,0.10790859162807465,-0.0,global_ddp_mean,2,0.0,1.4767749309539795,1.4767749309539795,0.0,0.0,0.0,0.0,0.0,0.0,0.0,0.0,0.0,0.0,0.0,0.0,0.0,1.000000063008194,1.000000063008194,0.0,0,0,0,0,0,0,0,1.0,1.0,0.2,0.2
19,100,0,odam,rpn,0.10790859162807465,-0.0,global_ddp_mean,2,0.0,2.3223259449005127,2.3223259449005127,0.0,0.0,0.0,0.0,0.0,0.0,0.0,0.0,0.0,0.0,0.0,0.0,0.0,0.9999999521824411,0.9999999521824411,0.01771867869176337,0,0,0,0,0,0,0,1.0,1.0,0.2,0.2
19,100,0,odam,roi_shared,0.10790859162807465,-0.0,global_ddp_mean,2,0.0,3.101870059967041,3.101870059967041,0.0,0.0,0.0,0.0,0.0,0.0,0.0,0.0,0.0,0.0,0.0,0.0,0.0,1.0000000389533474,1.0000000389533474,0.0,0,0,0,0,0,0,0,1.0,1.0,0.2,0.2
19,100,0,odam,roi_cls,0.10790859162807465,-0.0,global_ddp_mean,2,0.0,2.3863024711608887,2.3863024711608887,0.0,0.0,0.0,0.0,0.0,0.0,0.0,0.0,0.0,0.0,0.0,0.0,0.0,0.9999999034949105,0.9999999034949105,0.025171711329717922,0,0,0,0,0,0,0,1.0,1.0,0.2,0.2
19,100,0,odam,roi_reg,0.10790859162807465,-0.0,global_ddp_mean,2,0.0,2.168971538543701,2.168971538543701,0.0,0.0,0.0,0.0,0.0,0.0,0.0,0.0,0.0,0.0,0.0,0.0,0.0,1.0000000420207307,1.0000000420207307,0.0,0,0,0,0,0,0,0,1.0,1.0,0.2,0.2
19,200,0,odam,backbone,0.517816424369812,0.0,global_ddp_mean,2,-0.16704777446448693,16.890399932861328,16.890399932861328,1.0902737740403623e-10,1.0902737740403623e-10,1.0902737740403623e-10,1.0902737740403623e-10,2.1805475480807247e-11,1.0902737740403623e-10,6.454990872768895e-12,6.454990872768895e-12,6.454990872768895e-12,1.290998174553779e-12,1.290998174553779e-12,-2.1565842054216695e-13,-2.1565842054216695e-13,0.9999999074755007,0.9999999074755007,0.024647110113215395,1,0,0,0,0,0,0,1.0,1.0,0.2,0.2
19,200,0,odam,fpn,0.517816424369812,0.0,global_ddp_mean,2,-0.0018982164373050833,3.547121047973633,3.547121047973633,2.4278577412384372e-11,2.4278577412384372e-11,2.4278577412384372e-11,2.4278577412384372e-11,4.855715482476875e-12,2.4278577412384372e-11,6.84458666169682e-12,6.84458666169682e-12,6.84458666169682e-12,1.3689173323393642e-12,1.3689173323393642e-12,-2.5985002505715272e-15,-2.5985002505715272e-15,0.9999999809766134,0.9999999809766134,0.011175875327753758,1,0,0,0,0,0,0,1.0,1.0,0.2,0.2
19,200,0,odam,rpn,0.517816424369812,0.0,global_ddp_mean,2,0.0,2.830138921737671,2.830138921737671,0.0,0.0,0.0,0.0,0.0,0.0,0.0,0.0,0.0,0.0,0.0,0.0,0.0,1.0000000191889251,1.0000000191889251,0.0,0,0,0,0,0,0,0,1.0,1.0,0.2,0.2
19,200,0,odam,roi_shared,0.517816424369812,0.0,global_ddp_mean,2,-0.02480608183265164,7.964148044586182,7.964148044586182,6.690026310707253e-11,6.690026310707253e-11,6.690026310707253e-11,6.690026310707253e-11,1.3380052621414507e-11,6.690026310707253e-11,8.40017824035172e-12,8.40017824035172e-12,8.40017824035172e-12,1.6800356480703438e-12,1.6800356480703438e-12,-4.167510381902784e-14,-4.167510381902784e-14,0.9999999428573262,0.9999999428573262,0.019369477754598588,1,0,0,0,0,0,0,1.0,1.0,0.2,0.2
19,200,0,odam,roi_cls,0.517816424369812,0.0,global_ddp_mean,2,0.0,5.378599166870117,5.378599166870117,0.0,0.0,0.0,0.0,0.0,0.0,0.0,0.0,0.0,0.0,0.0,0.0,0.0,1.0000000631867316,1.0000000631867316,0.0,0,0,0,0,0,0,0,1.0,1.0,0.2,0.2
19,200,0,odam,roi_reg,0.517816424369812,0.0,global_ddp_mean,2,0.05172704961498042,3.7277212142944336,3.7277212142944336,2.1711933639867453e-10,2.1711933639867453e-10,2.1711933639867453e-10,2.1711933639867453e-10,4.342386727973491e-11,2.1711933639867453e-10,5.824452095991033e-11,5.824452095991033e-11,5.824452095991033e-11,1.1648904191982068e-11,1.1648904191982068e-11,6.025634700662145e-13,6.025634700662145e-13,1.0000000031080505,1.0000000031080505,0.0,0,0,0,0,0,0,0,1.0,1.0,0.2,0.2
19,300,0,odam,backbone,0.26325127482414246,0.0,global_ddp_mean,2,0.0,14.837928771972656,14.837928771972656,0.0,0.0,0.0,0.0,0.0,0.0,0.0,0.0,0.0,0.0,0.0,0.0,0.0,0.9999999695364649,0.9999999695364649,0.014142551898832647,0,0,0,0,0,0,0,1.0,1.0,0.2,0.2
19,300,0,odam,fpn,0.26325127482414246,0.0,global_ddp_mean,2,0.0,1.9127192497253418,1.9127192497253418,0.0,0.0,0.0,0.0,0.0,0.0,0.0,0.0,0.0,0.0,0.0,0.0,0.0,1.0000000057594574,1.0000000057594574,0.0,0,0,0,0,0,0,0,1.0,1.0,0.2,0.2
19,300,0,odam,rpn,0.26325127482414246,0.0,global_ddp_mean,2,0.0,3.1911351680755615,3.1911351680755615,0.0,0.0,0.0,0.0,0.0,0.0,0.0,0.0,0.0,0.0,0.0,0.0,0.0,0.9999999285820177,0.9999999285820177,0.02165416396951011,0,0,0,0,0,0,0,1.0,1.0,0.2,0.2
19,300,0,odam,roi_shared,0.26325127482414246,0.0,global_ddp_mean,2,0.0,3.2789993286132812,3.2789993286132812,0.0,0.0,0.0,0.0,0.0,0.0,0.0,0.0,0.0,0.0,0.0,0.0,0.0,1.0000000167122192,1.0000000167122192,0.0,0,0,0,0,0,0,0,1.0,1.0,0.2,0.2
19,300,0,odam,roi_cls,0.26325127482414246,0.0,global_ddp_mean,2,0.0,1.6217117309570312,1.6217117309570312,0.0,0.0,0.0,0.0,0.0,0.0,0.0,0.0,0.0,0.0,0.0,0.0,0.0,1.0000000587621065,1.0000000587621065,0.0,0,0,0,0,0,0,0,1.0,1.0,0.2,0.2
19,300,0,odam,roi_reg,0.26325127482414246,0.0,global_ddp_mean,2,0.0,4.24453592300415,4.24453592300415,0.0,0.0,0.0,0.0,0.0,0.0,0.0,0.0,0.0,0.0,0.0,0.0,0.0,1.0000000764148498,1.0000000764148498,0.0,0,0,0,0,0,0,0,1.0,1.0,0.2,0.2
19,400,0,odam,backbone,0.9337575435638428,-0.0,global_ddp_mean,2,0.0,79.45368957519531,79.45368957519531,0.0,0.0,0.0,0.0,0.0,0.0,0.0,0.0,0.0,0.0,0.0,0.0,0.0,0.9999999043991158,0.9999999043991158,0.025053510522425215,0,0,0,0,0,0,0,1.0,1.0,0.2,0.2
19,400,0,odam,fpn,0.9337575435638428,-0.0,global_ddp_mean,2,0.0,16.62460708618164,16.62460708618164,0.0,0.0,0.0,0.0,0.0,0.0,0.0,0.0,0.0,0.0,0.0,0.0,0.0,0.9999998993733921,0.9999998993733921,0.025703605702296385,0,0,0,0,0,0,0,1.0,1.0,0.2,0.2
19,400,0,odam,rpn,0.9337575435638428,-0.0,global_ddp_mean,2,0.0,3.259261131286621,3.259261131286621,0.0,0.0,0.0,0.0,0.0,0.0,0.0,0.0,0.0,0.0,0.0,0.0,0.0,1.00000005073745,1.00000005073745,0.0,0,0,0,0,0,0,0,1.0,1.0,0.2,0.2
19,400,0,odam,roi_shared,0.9337575435638428,-0.0,global_ddp_mean,2,0.0,35.441810607910156,35.441810607910156,0.0,0.0,0.0,0.0,0.0,0.0,0.0,0.0,0.0,0.0,0.0,0.0,0.0,1.0000001044050923,1.0000001044050923,0.0,0,0,0,0,0,0,0,1.0,1.0,0.2,0.2
19,400,0,odam,roi_cls,0.9337575435638428,-0.0,global_ddp_mean,2,0.0,28.210926055908203,28.210926055908203,0.0,0.0,0.0,0.0,0.0,0.0,0.0,0.0,0.0,0.0,0.0,0.0,0.0,0.9999999677206409,0.9999999677206409,0.014557945288700877,0,0,0,0,0,0,0,1.0,1.0,0.2,0.2
19,400,0,odam,roi_reg,0.9337575435638428,-0.0,global_ddp_mean,2,0.0,7.816833019256592,7.816833019256592,0.0,0.0,0.0,0.0,0.0,0.0,0.0,0.0,0.0,0.0,0.0,0.0,0.0,1.000000001957625,1.000000001957625,0.0,0,0,0,0,0,0,0,1.0,1.0,0.2,0.2
19,500,0,odam,backbone,0.24786372482776642,-0.0,global_ddp_mean,2,0.0,7.272397994995117,7.272397994995117,0.0,0.0,0.0,0.0,0.0,0.0,0.0,0.0,0.0,0.0,0.0,0.0,0.0,1.000000053387266,1.000000053387266,0.0,0,0,0,0,0,0,0,1.0,1.0,0.2,0.2
19,500,0,odam,fpn,0.24786372482776642,-0.0,global_ddp_mean,2,0.0,1.1566153764724731,1.1566153764724731,0.0,0.0,0.0,0.0,0.0,0.0,0.0,0.0,0.0,0.0,0.0,0.0,0.0,1.0000000060257968,1.0000000060257968,0.0,0,0,0,0,0,0,0,1.0,1.0,0.2,0.2
19,500,0,odam,rpn,0.24786372482776642,-0.0,global_ddp_mean,2,0.0,2.536062240600586,2.536062240600586,0.0,0.0,0.0,0.0,0.0,0.0,0.0,0.0,0.0,0.0,0.0,0.0,0.0,0.9999999766362271,0.9999999766362271,0.012385373824689913,0,0,0,0,0,0,0,1.0,1.0,0.2,0.2
19,500,0,odam,roi_shared,0.24786372482776642,-0.0,global_ddp_mean,2,0.0,1.6086324453353882,1.6086324453353882,0.0,0.0,0.0,0.0,0.0,0.0,0.0,0.0,0.0,0.0,0.0,0.0,0.0,1.0000000446108928,1.0000000446108928,0.0,0,0,0,0,0,0,0,1.0,1.0,0.2,0.2
19,500,0,odam,roi_cls,0.24786372482776642,-0.0,global_ddp_mean,2,0.0,1.0156574249267578,1.0156574249267578,0.0,0.0,0.0,0.0,0.0,0.0,0.0,0.0,0.0,0.0,0.0,0.0,0.0,1.000000056761864,1.000000056761864,0.0,0,0,0,0,0,0,0,1.0,1.0,0.2,0.2
19,500,0,odam,roi_reg,0.24786372482776642,-0.0,global_ddp_mean,2,0.0,1.2366863489151,1.2366863489151,0.0,0.0,0.0,0.0,0.0,0.0,0.0,0.0,0.0,0.0,0.0,0.0,0.0,1.0000000461052134,1.0000000461052134,0.0,0,0,0,0,0,0,0,1.0,1.0,0.2,0.2
19,600,0,odam,backbone,0.129145547747612,-0.0,global_ddp_mean,2,0.0,8.767983436584473,8.767983436584473,0.0,0.0,0.0,0.0,0.0,0.0,0.0,0.0,0.0,0.0,0.0,0.0,0.0,1.00000009162832,1.00000009162832,0.0,0,0,0,0,0,0,0,1.0,1.0,0.2,0.2
19,600,0,odam,fpn,0.129145547747612,-0.0,global_ddp_mean,2,0.0,1.3814005851745605,1.3814005851745605,0.0,0.0,0.0,0.0,0.0,0.0,0.0,0.0,0.0,0.0,0.0,0.0,0.0,1.000000021226074,1.000000021226074,0.0,0,0,0,0,0,0,0,1.0,1.0,0.2,0.2
19,600,0,odam,rpn,0.129145547747612,-0.0,global_ddp_mean,2,0.0,1.580971121788025,1.580971121788025,0.0,0.0,0.0,0.0,0.0,0.0,0.0,0.0,0.0,0.0,0.0,0.0,0.0,0.99999993227916,0.99999993227916,0.02108622328644914,0,0,0,0,0,0,0,1.0,1.0,0.2,0.2
19,600,0,odam,roi_shared,0.129145547747612,-0.0,global_ddp_mean,2,0.0,2.675367832183838,2.675367832183838,0.0,0.0,0.0,0.0,0.0,0.0,0.0,0.0,0.0,0.0,0.0,0.0,0.0,0.999999963109589,0.999999963109589,0.015563038010619507,0,0,0,0,0,0,0,1.0,1.0,0.2,0.2
19,600,0,odam,roi_cls,0.129145547747612,-0.0,global_ddp_mean,2,0.0,2.4321088790893555,2.4321088790893555,0.0,0.0,0.0,0.0,0.0,0.0,0.0,0.0,0.0,0.0,0.0,0.0,0.0,1.0000000643279738,1.0000000643279738,0.0,0,0,0,0,0,0,0,1.0,1.0,0.2,0.2
19,600,0,odam,roi_reg,0.129145547747612,-0.0,global_ddp_mean,2,0.0,0.5629462599754333,0.5629462599754333,0.0,0.0,0.0,0.0,0.0,0.0,0.0,0.0,0.0,0.0,0.0,0.0,0.0,0.999999959346464,0.999999959346464,0.01633754491816443,0,0,0,0,0,0,0,1.0,1.0,0.2,0.2
19,700,0,odam,backbone,0.17873328924179077,-0.0,global_ddp_mean,2,0.0,14.495830535888672,14.495830535888672,0.0,0.0,0.0,0.0,0.0,0.0,0.0,0.0,0.0,0.0,0.0,0.0,0.0,1.000000008038179,1.000000008038179,0.0,0,0,0,0,0,0,0,1.0,1.0,0.2,0.2
19,700,0,odam,fpn,0.17873328924179077,-0.0,global_ddp_mean,2,0.0,1.6307963132858276,1.6307963132858276,0.0,0.0,0.0,0.0,0.0,0.0,0.0,0.0,0.0,0.0,0.0,0.0,0.0,1.0000000634644755,1.0000000634644755,0.0,0,0,0,0,0,0,0,1.0,1.0,0.2,0.2
19,700,0,odam,rpn,0.17873328924179077,-0.0,global_ddp_mean,2,0.0,2.279125213623047,2.279125213623047,0.0,0.0,0.0,0.0,0.0,0.0,0.0,0.0,0.0,0.0,0.0,0.0,0.0,1.00000009473123,1.00000009473123,0.0,0,0,0,0,0,0,0,1.0,1.0,0.2,0.2
19,700,0,odam,roi_shared,0.17873328924179077,-0.0,global_ddp_mean,2,0.0,2.291419506072998,2.291419506072998,0.0,0.0,0.0,0.0,0.0,0.0,0.0,0.0,0.0,0.0,0.0,0.0,0.0,0.9999999707068531,0.9999999707068531,0.01386821756040425,0,0,0,0,0,0,0,1.0,1.0,0.2,0.2
19,700,0,odam,roi_cls,0.17873328924179077,-0.0,global_ddp_mean,2,0.0,1.3625434637069702,1.3625434637069702,0.0,0.0,0.0,0.0,0.0,0.0,0.0,0.0,0.0,0.0,0.0,0.0,0.0,1.0000000082930507,1.0000000082930507,0.0,0,0,0,0,0,0,0,1.0,1.0,0.2,0.2
19,700,0,odam,roi_reg,0.17873328924179077,-0.0,global_ddp_mean,2,0.0,1.156959056854248,1.156959056854248,0.0,0.0,0.0,0.0,0.0,0.0,0.0,0.0,0.0,0.0,0.0,0.0,0.0,1.0000000028970495,1.0000000028970495,0.0,0,0,0,0,0,0,0,1.0,1.0,0.2,0.2
19,800,0,odam,backbone,0.006254932843148708,0.0,global_ddp_mean,2,0.0,2.3683276176452637,2.3683276176452637,0.0,0.0,0.0,0.0,0.0,0.0,0.0,0.0,0.0,0.0,0.0,0.0,0.0,0.9999999475769054,0.9999999475769054,0.018552351305700328,0,0,0,0,0,0,0,1.0,1.0,0.2,0.2
19,800,0,odam,fpn,0.006254932843148708,0.0,global_ddp_mean,2,0.0,0.1833065301179886,0.1833065301179886,0.0,0.0,0.0,0.0,0.0,0.0,0.0,0.0,0.0,0.0,0.0,0.0,0.0,1.000000001285741,1.000000001285741,0.0,0,0,0,0,0,0,0,1.0,1.0,0.2,0.2
19,800,0,odam,rpn,0.006254932843148708,0.0,global_ddp_mean,2,0.0,0.33148548007011414,0.33148548007011414,0.0,0.0,0.0,0.0,0.0,0.0,0.0,0.0,0.0,0.0,0.0,0.0,0.0,1.0000000628897996,1.0000000628897996,0.0,0,0,0,0,0,0,0,1.0,1.0,0.2,0.2
19,800,0,odam,roi_shared,0.006254932843148708,0.0,global_ddp_mean,2,0.0,0.0,0.0,0.0,0.0,0.0,0.0,0.0,0.0,0.0,0.0,0.0,0.0,0.0,0.0,0.0,0.0,0.0,90.0,0,0,0,0,0,0,0,1.0,1.0,0.2,0.2
19,800,0,odam,roi_cls,0.006254932843148708,0.0,global_ddp_mean,2,0.0,0.0,0.0,0.0,0.0,0.0,0.0,0.0,0.0,0.0,0.0,0.0,0.0,0.0,0.0,0.0,0.0,0.0,90.0,0,0,0,0,0,0,0,1.0,1.0,0.2,0.2
19,800,0,odam,roi_reg,0.006254932843148708,0.0,global_ddp_mean,2,0.0,0.0,0.0,0.0,0.0,0.0,0.0,0.0,0.0,0.0,0.0,0.0,0.0,0.0,0.0,0.0,0.0,0.0,90.0,0,0,0,0,0,0,0,1.0,1.0,0.2,0.2
19,900,0,odam,backbone,0.0008506692247465253,0.0,global_ddp_mean,2,0.0,32.938053131103516,32.938053131103516,0.0,0.0,0.0,0.0,0.0,0.0,0.0,0.0,0.0,0.0,0.0,0.0,0.0,0.9999999438995186,0.9999999438995186,0.019192030544320077,0,0,0,0,0,0,0,1.0,1.0,0.2,0.2
19,900,0,odam,fpn,0.0008506692247465253,0.0,global_ddp_mean,2,0.0,7.062111854553223,7.062111854553223,0.0,0.0,0.0,0.0,0.0,0.0,0.0,0.0,0.0,0.0,0.0,0.0,0.0,1.0000000137108722,1.0000000137108722,0.0,0,0,0,0,0,0,0,1.0,1.0,0.2,0.2
19,900,0,odam,rpn,0.0008506692247465253,0.0,global_ddp_mean,2,0.0,3.0304694175720215,3.0304694175720215,0.0,0.0,0.0,0.0,0.0,0.0,0.0,0.0,0.0,0.0,0.0,0.0,0.0,1.0000000537228557,1.0000000537228557,0.0,0,0,0,0,0,0,0,1.0,1.0,0.2,0.2
19,900,0,odam,roi_shared,0.0008506692247465253,0.0,global_ddp_mean,2,0.0,13.862645149230957,13.862645149230957,0.0,0.0,0.0,0.0,0.0,0.0,0.0,0.0,0.0,0.0,0.0,0.0,0.0,0.9999999860695715,0.9999999860695715,0.009563566193655938,0,0,0,0,0,0,0,1.0,1.0,0.2,0.2
19,900,0,odam,roi_cls,0.0008506692247465253,0.0,global_ddp_mean,2,0.0,11.298834800720215,11.298834800720215,0.0,0.0,0.0,0.0,0.0,0.0,0.0,0.0,0.0,0.0,0.0,0.0,0.0,1.000000043449423,1.000000043449423,0.0,0,0,0,0,0,0,0,1.0,1.0,0.2,0.2
19,900,0,odam,roi_reg,0.0008506692247465253,0.0,global_ddp_mean,2,0.0,3.861253499984741,3.861253499984741,0.0,0.0,0.0,0.0,0.0,0.0,0.0,0.0,0.0,0.0,0.0,0.0,0.0,1.0000000186786027,1.0000000186786027,0.0,0,0,0,0,0,0,0,1.0,1.0,0.2,0.2
19,1000,0,odam,backbone,0.48841285705566406,0.0,global_ddp_mean,2,0.0,11.12646770477295,11.12646770477295,0.0,0.0,0.0,0.0,0.0,0.0,0.0,0.0,0.0,0.0,0.0,0.0,0.0,1.000000023042588,1.000000023042588,0.0,0,0,0,0,0,0,0,1.0,1.0,0.2,0.2
19,1000,0,odam,fpn,0.48841285705566406,0.0,global_ddp_mean,2,0.0,2.121281623840332,2.121281623840332,0.0,0.0,0.0,0.0,0.0,0.0,0.0,0.0,0.0,0.0,0.0,0.0,0.0,0.9999999474509137,0.9999999474509137,0.018574631932766542,0,0,0,0,0,0,0,1.0,1.0,0.2,0.2
19,1000,0,odam,rpn,0.48841285705566406,0.0,global_ddp_mean,2,0.0,1.9112390279769897,1.9112390279769897,0.0,0.0,0.0,0.0,0.0,0.0,0.0,0.0,0.0,0.0,0.0,0.0,0.0,0.9999999434338921,0.9999999434338921,0.019271511616333142,0,0,0,0,0,0,0,1.0,1.0,0.2,0.2
19,1000,0,odam,roi_shared,0.48841285705566406,0.0,global_ddp_mean,2,0.0,4.497892379760742,4.497892379760742,0.0,0.0,0.0,0.0,0.0,0.0,0.0,0.0,0.0,0.0,0.0,0.0,0.0,1.0000000632682793,1.0000000632682793,0.0,0,0,0,0,0,0,0,1.0,1.0,0.2,0.2
19,1000,0,odam,roi_cls,0.48841285705566406,0.0,global_ddp_mean,2,0.0,2.667201519012451,2.667201519012451,0.0,0.0,0.0,0.0,0.0,0.0,0.0,0.0,0.0,0.0,0.0,0.0,0.0,1.000000086397033,1.000000086397033,0.0,0,0,0,0,0,0,0,1.0,1.0,0.2,0.2
19,1000,0,odam,roi_reg,0.48841285705566406,0.0,global_ddp_mean,2,0.0,2.9013209342956543,2.9013209342956543,0.0,0.0,0.0,0.0,0.0,0.0,0.0,0.0,0.0,0.0,0.0,0.0,0.0,0.9999999354645388,0.9999999354645388,0.02058433501951919,0,0,0,0,0,0,0,1.0,1.0,0.2,0.2
19,1100,0,odam,backbone,0.3324490785598755,0.0,global_ddp_mean,2,0.0,31.999465942382812,31.999465942382812,0.0,0.0,0.0,0.0,0.0,0.0,0.0,0.0,0.0,0.0,0.0,0.0,0.0,0.9999999997214579,0.9999999997214579,0.0013523311010272706,0,0,0,0,0,0,0,1.0,1.0,0.2,0.2
19,1100,0,odam,fpn,0.3324490785598755,0.0,global_ddp_mean,2,0.0,3.4601569175720215,3.4601569175720215,0.0,0.0,0.0,0.0,0.0,0.0,0.0,0.0,0.0,0.0,0.0,0.0,0.0,0.9999999932915884,0.9999999932915884,0.006636628095156452,0,0,0,0,0,0,0,1.0,1.0,0.2,0.2
19,1100,0,odam,rpn,0.3324490785598755,0.0,global_ddp_mean,2,0.0,1.6054320335388184,1.6054320335388184,0.0,0.0,0.0,0.0,0.0,0.0,0.0,0.0,0.0,0.0,0.0,0.0,0.0,0.9999999517800501,0.9999999517800501,0.01779307500534806,0,0,0,0,0,0,0,1.0,1.0,0.2,0.2
19,1100,0,odam,roi_shared,0.3324490785598755,0.0,global_ddp_mean,2,0.0,7.663258075714111,7.663258075714111,0.0,0.0,0.0,0.0,0.0,0.0,0.0,0.0,0.0,0.0,0.0,0.0,0.0,0.9999999447029022,0.9999999447029022,0.019054115851122228,0,0,0,0,0,0,0,1.0,1.0,0.2,0.2
19,1100,0,odam,roi_cls,0.3324490785598755,0.0,global_ddp_mean,2,0.0,3.826512098312378,3.826512098312378,0.0,0.0,0.0,0.0,0.0,0.0,0.0,0.0,0.0,0.0,0.0,0.0,0.0,0.9999999938119801,0.9999999938119801,0.0063740208594353955,0,0,0,0,0,0,0,1.0,1.0,0.2,0.2
19,1100,0,odam,roi_reg,0.3324490785598755,0.0,global_ddp_mean,2,0.0,7.992983818054199,7.992983818054199,0.0,0.0,0.0,0.0,0.0,0.0,0.0,0.0,0.0,0.0,0.0,0.0,0.0,0.9999999459921545,0.9999999459921545,0.018830682401301105,0,0,0,0,0,0,0,1.0,1.0,0.2,0.2
19,1200,0,odam,backbone,0.5798779129981995,0.0,global_ddp_mean,2,0.0,18.74209213256836,18.74209213256836,0.0,0.0,0.0,0.0,0.0,0.0,0.0,0.0,0.0,0.0,0.0,0.0,0.0,0.9999999251429345,0.9999999251429345,0.022169404736450824,0,0,0,0,0,0,0,1.0,1.0,0.2,0.2
19,1200,0,odam,fpn,0.5798779129981995,0.0,global_ddp_mean,2,0.0,3.974048137664795,3.974048137664795,0.0,0.0,0.0,0.0,0.0,0.0,0.0,0.0,0.0,0.0,0.0,0.0,0.0,1.000000047399497,1.000000047399497,0.0,0,0,0,0,0,0,0,1.0,1.0,0.2,0.2
19,1200,0,odam,rpn,0.5798779129981995,0.0,global_ddp_mean,2,0.0,2.5732860565185547,2.5732860565185547,0.0,0.0,0.0,0.0,0.0,0.0,0.0,0.0,0.0,0.0,0.0,0.0,0.0,0.9999999653920143,0.9999999653920143,0.015073905656499038,0,0,0,0,0,0,0,1.0,1.0,0.2,0.2
19,1200,0,odam,roi_shared,0.5798779129981995,0.0,global_ddp_mean,2,0.0,8.20843505859375,8.20843505859375,0.0,0.0,0.0,0.0,0.0,0.0,0.0,0.0,0.0,0.0,0.0,0.0,0.0,0.9999999495210671,0.9999999495210671,0.018205085165089913,0,0,0,0,0,0,0,1.0,1.0,0.2,0.2
19,1200,0,odam,roi_cls,0.5798779129981995,0.0,global_ddp_mean,2,0.0,7.442702293395996,7.442702293395996,0.0,0.0,0.0,0.0,0.0,0.0,0.0,0.0,0.0,0.0,0.0,0.0,0.0,0.9999999396826557,0.9999999396826557,0.019900259446069303,0,0,0,0,0,0,0,1.0,1.0,0.2,0.2
19,1200,0,odam,roi_reg,0.5798779129981995,0.0,global_ddp_mean,2,0.0,2.529439687728882,2.529439687728882,0.0,0.0,0.0,0.0,0.0,0.0,0.0,0.0,0.0,0.0,0.0,0.0,0.0,0.9999999931731642,0.9999999931731642,0.006694950308994689,0,0,0,0,0,0,0,1.0,1.0,0.2,0.2
19,1300,0,odam,backbone,0.2645852267742157,0.0,global_ddp_mean,2,0.0,5.886478424072266,5.886478424072266,0.0,0.0,0.0,0.0,0.0,0.0,0.0,0.0,0.0,0.0,0.0,0.0,0.0,1.0000000783206415,1.0000000783206415,0.0,0,0,0,0,0,0,0,1.0,1.0,0.2,0.2
19,1300,0,odam,fpn,0.2645852267742157,0.0,global_ddp_mean,2,0.0,1.20707368850708,1.20707368850708,0.0,0.0,0.0,0.0,0.0,0.0,0.0,0.0,0.0,0.0,0.0,0.0,0.0,0.9999999655258245,0.9999999655258245,0.01504473615188634,0,0,0,0,0,0,0,1.0,1.0,0.2,0.2
19,1300,0,odam,rpn,0.2645852267742157,0.0,global_ddp_mean,2,0.0,1.8338496685028076,1.8338496685028076,0.0,0.0,0.0,0.0,0.0,0.0,0.0,0.0,0.0,0.0,0.0,0.0,0.0,1.0000000231282422,1.0000000231282422,0.0,0,0,0,0,0,0,0,1.0,1.0,0.2,0.2
19,1300,0,odam,roi_shared,0.2645852267742157,0.0,global_ddp_mean,2,0.0,2.0312652587890625,2.0312652587890625,0.0,0.0,0.0,0.0,0.0,0.0,0.0,0.0,0.0,0.0,0.0,0.0,0.0,0.9999999999435704,0.9999999999435704,0.0006086831300187984,0,0,0,0,0,0,0,1.0,1.0,0.2,0.2
19,1300,0,odam,roi_cls,0.2645852267742157,0.0,global_ddp_mean,2,0.0,1.8659790754318237,1.8659790754318237,0.0,0.0,0.0,0.0,0.0,0.0,0.0,0.0,0.0,0.0,0.0,0.0,0.0,1.0000000379885996,1.0000000379885996,0.0,0,0,0,0,0,0,0,1.0,1.0,0.2,0.2
19,1300,0,odam,roi_reg,0.2645852267742157,0.0,global_ddp_mean,2,0.0,1.3242160081863403,1.3242160081863403,0.0,0.0,0.0,0.0,0.0,0.0,0.0,0.0,0.0,0.0,0.0,0.0,0.0,0.99999999415353,0.99999999415353,0.006195615994745055,0,0,0,0,0,0,0,1.0,1.0,0.2,0.2
19,1400,0,odam,backbone,0.40326982736587524,0.026893995702266693,global_ddp_mean,2,0.35682776936952576,12.716794967651367,12.716794967651367,2.4965274333953857,2.4965274333953857,2.4965274333953857,2.4965274333953857,0.49930548667907715,2.4965274333953857,0.1963173456634304,0.1963173456634304,0.1963173456634304,0.03926346913268608,0.03926346913268608,0.014010296108325604,0.014010296108325604,1.0140104781378165,0.9993465047907414,2.0714883153915244,0,0,0,0,0,0,0,1.0,1.0,0.2,0.2
19,1400,0,odam,fpn,0.40326982736587524,0.026893995702266693,global_ddp_mean,2,0.04247240155286732,2.2689688205718994,2.2689688205718994,0.5431995391845703,0.5431995391845703,0.5431995391845703,0.5431995391845703,0.10863990783691407,0.5431995391845703,0.23940370368229894,0.23940370368229894,0.23940370368229894,0.047880740736459794,0.047880740736459794,0.0020336099024861505,0.0020336099024861505,1.0020335256649153,0.9988623126174475,2.733318771225661,0,0,0,0,0,0,0,1.0,1.0,0.2,0.2
19,1400,0,odam,rpn,0.40326982736587524,0.026893995702266693,global_ddp_mean,2,0.0,3.6928939819335938,3.6928939819335938,0.0,0.0,0.0,0.0,0.0,0.0,0.0,0.0,0.0,0.0,0.0,0.0,0.0,1.000000034380486,1.000000034380486,0.0,0,0,0,0,0,0,0,1.0,1.0,0.2,0.2
19,1400,0,odam,roi_shared,0.40326982736587524,0.026893995702266693,global_ddp_mean,2,-0.04283729566738008,3.8472325801849365,3.8472325801849365,0.11362643539905548,0.11362643539905548,0.11362643539905548,0.11362643539905548,0.0227252870798111,0.11362643539905548,0.02953458961235805,0.02953458961235805,0.02953458961235805,0.005906917922471611,0.005906917922471611,-0.00025303641784281026,-0.00025303641784281026,0.9997471327493399,0.9999826821491588,0.33719820521740407,1,0,0,1,1,0,0,1.0,1.0,0.2,0.2
19,1400,0,odam,roi_cls,0.40326982736587524,0.026893995702266693,global_ddp_mean,2,0.0,1.842596173286438,1.842596173286438,0.0,0.0,0.0,0.0,0.0,0.0,0.0,0.0,0.0,0.0,0.0,0.0,0.0,1.000000005077522,1.000000005077522,0.0,0,0,0,0,0,0,0,1.0,1.0,0.2,0.2
19,1400,0,odam,roi_reg,0.40326982736587524,0.026893995702266693,global_ddp_mean,2,-0.006961061024884249,2.8735156059265137,2.8735156059265137,0.12790444493293762,0.12790444493293762,0.12790444493293762,0.12790444493293762,0.025580888986587526,0.12790444493293762,0.044511484353570135,0.044511484353570135,0.044511484353570135,0.008902296870714027,0.008902296870714027,-6.19694472873876e-05,-6.19694472873876e-05,0.9999380429909358,0.9999603613160686,0.510150924720597,1,0,0,1,1,0,0,1.0,1.0,0.2,0.2
20,0,0,odam,backbone,0.6662667989730835,0.0,global_ddp_mean,2,0.0,25.233963012695312,25.233963012695312,0.0,0.0,0.0,0.0,0.0,0.0,0.0,0.0,0.0,0.0,0.0,0.0,0.0,0.9999999675325677,0.9999999675325677,0.01460029407196783,0,0,0,0,0,0,0,1.0,1.0,0.2,0.2
20,0,0,odam,fpn,0.6662667989730835,0.0,global_ddp_mean,2,0.0,5.7978973388671875,5.7978973388671875,0.0,0.0,0.0,0.0,0.0,0.0,0.0,0.0,0.0,0.0,0.0,0.0,0.0,1.0000000682029302,1.0000000682029302,0.0,0,0,0,0,0,0,0,1.0,1.0,0.2,0.2
20,0,0,odam,rpn,0.6662667989730835,0.0,global_ddp_mean,2,0.0,2.8444156646728516,2.8444156646728516,0.0,0.0,0.0,0.0,0.0,0.0,0.0,0.0,0.0,0.0,0.0,0.0,0.0,1.0000000778392615,1.0000000778392615,0.0,0,0,0,0,0,0,0,1.0,1.0,0.2,0.2
20,0,0,odam,roi_shared,0.6662667989730835,0.0,global_ddp_mean,2,0.0,12.203386306762695,12.203386306762695,0.0,0.0,0.0,0.0,0.0,0.0,0.0,0.0,0.0,0.0,0.0,0.0,0.0,1.0000000039441275,1.0000000039441275,0.0,0,0,0,0,0,0,0,1.0,1.0,0.2,0.2
20,0,0,odam,roi_cls,0.6662667989730835,0.0,global_ddp_mean,2,0.0,10.003392219543457,10.003392219543457,0.0,0.0,0.0,0.0,0.0,0.0,0.0,0.0,0.0,0.0,0.0,0.0,0.0,1.0000000756120218,1.0000000756120218,0.0,0,0,0,0,0,0,0,1.0,1.0,0.2,0.2
20,0,0,odam,roi_reg,0.6662667989730835,0.0,global_ddp_mean,2,0.0,2.9550583362579346,2.9550583362579346,0.0,0.0,0.0,0.0,0.0,0.0,0.0,0.0,0.0,0.0,0.0,0.0,0.0,1.0000000693854496,1.0000000693854496,0.0,0,0,0,0,0,0,0,1.0,1.0,0.2,0.2
20,100,0,odam,backbone,0.05582986772060394,-0.0,global_ddp_mean,2,0.0,15.341728210449219,15.341728210449219,0.0,0.0,0.0,0.0,0.0,0.0,0.0,0.0,0.0,0.0,0.0,0.0,0.0,0.9999999887108083,0.9999999887108083,0.008609324043688771,0,0,0,0,0,0,0,1.0,1.0,0.2,0.2
20,100,0,odam,fpn,0.05582986772060394,-0.0,global_ddp_mean,2,0.0,1.9829492568969727,1.9829492568969727,0.0,0.0,0.0,0.0,0.0,0.0,0.0,0.0,0.0,0.0,0.0,0.0,0.0,1.0000000363232326,1.0000000363232326,0.0,0,0,0,0,0,0,0,1.0,1.0,0.2,0.2
20,100,0,odam,rpn,0.05582986772060394,-0.0,global_ddp_mean,2,0.0,3.3616604804992676,3.3616604804992676,0.0,0.0,0.0,0.0,0.0,0.0,0.0,0.0,0.0,0.0,0.0,0.0,0.0,1.0000000032465768,1.0000000032465768,0.0,0,0,0,0,0,0,0,1.0,1.0,0.2,0.2
20,100,0,odam,roi_shared,0.05582986772060394,-0.0,global_ddp_mean,2,0.0,4.764161586761475,4.764161586761475,0.0,0.0,0.0,0.0,0.0,0.0,0.0,0.0,0.0,0.0,0.0,0.0,0.0,0.9999999772063989,0.9999999772063989,0.012233313432836275,0,0,0,0,0,0,0,1.0,1.0,0.2,0.2
20,100,0,odam,roi_cls,0.05582986772060394,-0.0,global_ddp_mean,2,0.0,4.143440246582031,4.143440246582031,0.0,0.0,0.0,0.0,0.0,0.0,0.0,0.0,0.0,0.0,0.0,0.0,0.0,1.0000000799571007,1.0000000799571007,0.0,0,0,0,0,0,0,0,1.0,1.0,0.2,0.2
20,100,0,odam,roi_reg,0.05582986772060394,-0.0,global_ddp_mean,2,0.0,1.8314136266708374,1.8314136266708374,0.0,0.0,0.0,0.0,0.0,0.0,0.0,0.0,0.0,0.0,0.0,0.0,0.0,0.9999999398602395,0.9999999398602395,0.01987094309047904,0,0,0,0,0,0,0,1.0,1.0,0.2,0.2
20,200,0,odam,backbone,0.002878489438444376,0.0,global_ddp_mean,2,0.0,4.560091018676758,4.560091018676758,0.0,0.0,0.0,0.0,0.0,0.0,0.0,0.0,0.0,0.0,0.0,0.0,0.0,1.0000000763562613,1.0000000763562613,0.0,0,0,0,0,0,0,0,1.0,1.0,0.2,0.2
20,200,0,odam,fpn,0.002878489438444376,0.0,global_ddp_mean,2,0.0,0.5668646097183228,0.5668646097183228,0.0,0.0,0.0,0.0,0.0,0.0,0.0,0.0,0.0,0.0,0.0,0.0,0.0,1.0000000272835528,1.0000000272835528,0.0,0,0,0,0,0,0,0,1.0,1.0,0.2,0.2
20,200,0,odam,rpn,0.002878489438444376,0.0,global_ddp_mean,2,0.0,0.7072127461433411,0.7072127461433411,0.0,0.0,0.0,0.0,0.0,0.0,0.0,0.0,0.0,0.0,0.0,0.0,0.0,0.9999999555520418,0.9999999555520418,0.017082976351590267,0,0,0,0,0,0,0,1.0,1.0,0.2,0.2
20,200,0,odam,roi_shared,0.002878489438444376,0.0,global_ddp_mean,2,0.0,1.0810142755508423,1.0810142755508423,0.0,0.0,0.0,0.0,0.0,0.0,0.0,0.0,0.0,0.0,0.0,0.0,0.0,0.9999999940199563,0.9999999940199563,0.0062659916044794425,0,0,0,0,0,0,0,1.0,1.0,0.2,0.2
20,200,0,odam,roi_cls,0.002878489438444376,0.0,global_ddp_mean,2,0.0,0.7709701657295227,0.7709701657295227,0.0,0.0,0.0,0.0,0.0,0.0,0.0,0.0,0.0,0.0,0.0,0.0,0.0,0.999999975464307,0.999999975464307,0.012692196753875134,0,0,0,0,0,0,0,1.0,1.0,0.2,0.2
20,200,0,odam,roi_reg,0.002878489438444376,0.0,global_ddp_mean,2,0.0,0.931021511554718,0.931021511554718,0.0,0.0,0.0,0.0,0.0,0.0,0.0,0.0,0.0,0.0,0.0,0.0,0.0,0.9999999636659931,0.9999999636659931,0.015445226404417206,0,0,0,0,0,0,0,1.0,1.0,0.2,0.2
20,300,0,odam,backbone,0.0031696362420916557,0.0,global_ddp_mean,2,0.0,4.373928546905518,4.373928546905518,0.0,0.0,0.0,0.0,0.0,0.0,0.0,0.0,0.0,0.0,0.0,0.0,0.0,1.0000000708465615,1.0000000708465615,0.0,0,0,0,0,0,0,0,1.0,1.0,0.2,0.2
20,300,0,odam,fpn,0.0031696362420916557,0.0,global_ddp_mean,2,0.0,0.4694662094116211,0.4694662094116211,0.0,0.0,0.0,0.0,0.0,0.0,0.0,0.0,0.0,0.0,0.0,0.0,0.0,1.0000000389508987,1.0000000389508987,0.0,0,0,0,0,0,0,0,1.0,1.0,0.2,0.2
20,300,0,odam,rpn,0.0031696362420916557,0.0,global_ddp_mean,2,0.0,0.7785670757293701,0.7785670757293701,0.0,0.0,0.0,0.0,0.0,0.0,0.0,0.0,0.0,0.0,0.0,0.0,0.0,0.9999999494790656,0.9999999494790656,0.018212657454157438,0,0,0,0,0,0,0,1.0,1.0,0.2,0.2
20,300,0,odam,roi_shared,0.0031696362420916557,0.0,global_ddp_mean,2,0.0,0.0,0.0,0.0,0.0,0.0,0.0,0.0,0.0,0.0,0.0,0.0,0.0,0.0,0.0,0.0,0.0,0.0,90.0,0,0,0,0,0,0,0,1.0,1.0,0.2,0.2
20,300,0,odam,roi_cls,0.0031696362420916557,0.0,global_ddp_mean,2,0.0,0.0,0.0,0.0,0.0,0.0,0.0,0.0,0.0,0.0,0.0,0.0,0.0,0.0,0.0,0.0,0.0,0.0,90.0,0,0,0,0,0,0,0,1.0,1.0,0.2,0.2
20,300,0,odam,roi_reg,0.0031696362420916557,0.0,global_ddp_mean,2,0.0,0.0,0.0,0.0,0.0,0.0,0.0,0.0,0.0,0.0,0.0,0.0,0.0,0.0,0.0,0.0,0.0,0.0,90.0,0,0,0,0,0,0,0,1.0,1.0,0.2,0.2
20,400,0,odam,backbone,0.3994395434856415,0.0,global_ddp_mean,2,0.0,25.231626510620117,25.231626510620117,0.0,0.0,0.0,0.0,0.0,0.0,0.0,0.0,0.0,0.0,0.0,0.0,0.0,1.0000000524542294,1.0000000524542294,0.0,0,0,0,0,0,0,0,1.0,1.0,0.2,0.2
20,400,0,odam,fpn,0.3994395434856415,0.0,global_ddp_mean,2,0.0,3.2506203651428223,3.2506203651428223,0.0,0.0,0.0,0.0,0.0,0.0,0.0,0.0,0.0,0.0,0.0,0.0,0.0,1.0000000312688027,1.0000000312688027,0.0,0,0,0,0,0,0,0,1.0,1.0,0.2,0.2
20,400,0,odam,rpn,0.3994395434856415,0.0,global_ddp_mean,2,0.0,3.7551324367523193,3.7551324367523193,0.0,0.0,0.0,0.0,0.0,0.0,0.0,0.0,0.0,0.0,0.0,0.0,0.0,1.0000000171451824,1.0000000171451824,0.0,0,0,0,0,0,0,0,1.0,1.0,0.2,0.2
20,400,0,odam,roi_shared,0.3994395434856415,0.0,global_ddp_mean,2,0.0,8.417466163635254,8.417466163635254,0.0,0.0,0.0,0.0,0.0,0.0,0.0,0.0,0.0,0.0,0.0,0.0,0.0,0.9999998960125764,0.9999998960125764,0.026129316114410436,0,0,0,0,0,0,0,1.0,1.0,0.2,0.2
20,400,0,odam,roi_cls,0.3994395434856415,0.0,global_ddp_mean,2,0.0,8.78996753692627,8.78996753692627,0.0,0.0,0.0,0.0,0.0,0.0,0.0,0.0,0.0,0.0,0.0,0.0,0.0,0.9999999691482672,0.9999999691482672,0.014232376117907408,0,0,0,0,0,0,0,1.0,1.0,0.2,0.2
20,400,0,odam,roi_reg,0.3994395434856415,0.0,global_ddp_mean,2,0.0,5.207094669342041,5.207094669342041,0.0,0.0,0.0,0.0,0.0,0.0,0.0,0.0,0.0,0.0,0.0,0.0,0.0,0.9999999106826671,0.9999999106826671,0.02421617277167971,0,0,0,0,0,0,0,1.0,1.0,0.2,0.2
20,500,0,odam,backbone,0.006593804806470871,0.0,global_ddp_mean,2,-0.23615723631635535,7.900728225708008,7.900728225708008,3.0809059143066406,3.0809059143066406,3.0809059143066406,3.0809059143066406,0.6161811828613282,3.0809059143066406,0.3899521444468559,0.3899521444468559,0.3899521444468559,0.07799042888937119,0.07799042888937119,-0.018417999944197568,-0.018417999944197568,0.9815821303605474,0.9970329559000778,4.4147597086400765,1,0,0,1,1,0,0,1.0,1.0,0.2,0.2
20,500,0,odam,fpn,0.006593804806470871,0.0,global_ddp_mean,2,-0.03739759979346211,1.182175636291504,1.182175636291504,0.609020471572876,0.609020471572876,0.609020471572876,0.609020471572876,0.1218040943145752,0.609020471572876,0.515169195571801,0.515169195571801,0.515169195571801,0.10303383911436019,0.10303383911436019,-0.0038532188135041953,-0.0038532188135041953,0.9961467856215815,0.9947007954735877,5.901126741576937,1,0,0,1,1,0,0,1.0,1.0,0.2,0.2
20,500,0,odam,rpn,0.006593804806470871,0.0,global_ddp_mean,2,0.0,3.546788454055786,3.546788454055786,0.0,0.0,0.0,0.0,0.0,0.0,0.0,0.0,0.0,0.0,0.0,0.0,0.0,0.9999999810442188,0.9999999810442188,0.011155999191547035,0,0,0,0,0,0,0,1.0,1.0,0.2,0.2
20,500,0,odam,roi_shared,0.006593804806470871,0.0,global_ddp_mean,2,-0.025031823346229158,2.110588312149048,2.110588312149048,0.3238571286201477,0.3238571286201477,0.3238571286201477,0.3238571286201477,0.06477142572402954,0.3238571286201477,0.15344400741534914,0.15344400741534914,0.15344400741534914,0.030688801483069825,0.030688801483069825,-0.0007681967096993622,-0.0007681967096993622,0.9992318834827663,0.9995290623190436,1.7584757999290863,1,0,0,1,1,0,0,1.0,1.0,0.2,0.2
20,500,0,odam,roi_cls,0.006593804806470871,0.0,global_ddp_mean,2,0.0,1.4164026975631714,1.4164026975631714,0.0,0.0,0.0,0.0,0.0,0.0,0.0,0.0,0.0,0.0,0.0,0.0,0.0,1.000000067603145,1.000000067603145,0.0,0,0,0,0,0,0,0,1.0,1.0,0.2,0.2
20,500,0,odam,roi_reg,0.006593804806470871,0.0,global_ddp_mean,2,0.06005677298018594,1.124820351600647,1.124820351600647,0.7194178104400635,0.7194178104400635,0.7194178104400635,0.7194178104400635,0.1438835620880127,0.7194178104400635,0.6395846318181515,0.6395846318181515,0.6395846318181515,0.1279169263636303,0.1279169263636303,0.007682277806943707,0.007682277806943707,1.0076823789070308,0.9920674016016117,7.22159074626752,0,0,0,0,0,0,0,1.0,1.0,0.2,0.2
20,600,0,odam,backbone,0.12720973789691925,-0.0,global_ddp_mean,2,0.0,6.662055969238281,6.662055969238281,0.0,0.0,0.0,0.0,0.0,0.0,0.0,0.0,0.0,0.0,0.0,0.0,0.0,0.9999999603183741,0.9999999603183741,0.01614107147991005,0,0,0,0,0,0,0,1.0,1.0,0.2,0.2
20,600,0,odam,fpn,0.12720973789691925,-0.0,global_ddp_mean,2,0.0,1.6757904291152954,1.6757904291152954,0.0,0.0,0.0,0.0,0.0,0.0,0.0,0.0,0.0,0.0,0.0,0.0,0.0,0.9999999969852797,0.9999999969852797,0.00444898702834063,0,0,0,0,0,0,0,1.0,1.0,0.2,0.2
20,600,0,odam,rpn,0.12720973789691925,-0.0,global_ddp_mean,2,0.0,1.3580677509307861,1.3580677509307861,0.0,0.0,0.0,0.0,0.0,0.0,0.0,0.0,0.0,0.0,0.0,0.0,0.0,0.9999999662092964,0.9999999662092964,0.014894853934899224,0,0,0,0,0,0,0,1.0,1.0,0.2,0.2
20,600,0,odam,roi_shared,0.12720973789691925,-0.0,global_ddp_mean,2,0.0,3.342085361480713,3.342085361480713,0.0,0.0,0.0,0.0,0.0,0.0,0.0,0.0,0.0,0.0,0.0,0.0,0.0,1.0000000107259501,1.0000000107259501,0.0,0,0,0,0,0,0,0,1.0,1.0,0.2,0.2
20,600,0,odam,roi_cls,0.12720973789691925,-0.0,global_ddp_mean,2,0.0,2.58364200592041,2.58364200592041,0.0,0.0,0.0,0.0,0.0,0.0,0.0,0.0,0.0,0.0,0.0,0.0,0.0,1.0000000254120647,1.0000000254120647,0.0,0,0,0,0,0,0,0,1.0,1.0,0.2,0.2
20,600,0,odam,roi_reg,0.12720973789691925,-0.0,global_ddp_mean,2,0.0,1.4216201305389404,1.4216201305389404,0.0,0.0,0.0,0.0,0.0,0.0,0.0,0.0,0.0,0.0,0.0,0.0,0.0,0.9999999641717532,0.9999999641717532,0.015337352891062422,0,0,0,0,0,0,0,1.0,1.0,0.2,0.2
20,700,0,odam,backbone,0.002809348748996854,0.0,global_ddp_mean,2,0.0,1.6517220735549927,1.6517220735549927,0.0,0.0,0.0,0.0,0.0,0.0,0.0,0.0,0.0,0.0,0.0,0.0,0.0,0.9999999433388002,0.9999999433388002,0.019287703253677742,0,0,0,0,0,0,0,1.0,1.0,0.2,0.2
20,700,0,odam,fpn,0.002809348748996854,0.0,global_ddp_mean,2,0.0,0.13888564705848694,0.13888564705848694,0.0,0.0,0.0,0.0,0.0,0.0,0.0,0.0,0.0,0.0,0.0,0.0,0.0,1.0000000268745806,1.0000000268745806,0.0,0,0,0,0,0,0,0,1.0,1.0,0.2,0.2
20,700,0,odam,rpn,0.002809348748996854,0.0,global_ddp_mean,2,0.0,0.33075645565986633,0.33075645565986633,0.0,0.0,0.0,0.0,0.0,0.0,0.0,0.0,0.0,0.0,0.0,0.0,0.0,0.9999999983953579,0.9999999983953579,0.003245837097085526,0,0,0,0,0,0,0,1.0,1.0,0.2,0.2
20,700,0,odam,roi_shared,0.002809348748996854,0.0,global_ddp_mean,2,0.0,0.0,0.0,0.0,0.0,0.0,0.0,0.0,0.0,0.0,0.0,0.0,0.0,0.0,0.0,0.0,0.0,0.0,90.0,0,0,0,0,0,0,0,1.0,1.0,0.2,0.2
20,700,0,odam,roi_cls,0.002809348748996854,0.0,global_ddp_mean,2,0.0,0.0,0.0,0.0,0.0,0.0,0.0,0.0,0.0,0.0,0.0,0.0,0.0,0.0,0.0,0.0,0.0,0.0,90.0,0,0,0,0,0,0,0,1.0,1.0,0.2,0.2
20,700,0,odam,roi_reg,0.002809348748996854,0.0,global_ddp_mean,2,0.0,0.0,0.0,0.0,0.0,0.0,0.0,0.0,0.0,0.0,0.0,0.0,0.0,0.0,0.0,0.0,0.0,0.0,90.0,0,0,0,0,0,0,0,1.0,1.0,0.2,0.2
20,800,0,odam,backbone,0.08016646653413773,-0.0,global_ddp_mean,2,0.0,7.5906195640563965,7.5906195640563965,0.0,0.0,0.0,0.0,0.0,0.0,0.0,0.0,0.0,0.0,0.0,0.0,0.0,1.0000000445755952,1.0000000445755952,0.0,0,0,0,0,0,0,0,1.0,1.0,0.2,0.2
20,800,0,odam,fpn,0.08016646653413773,-0.0,global_ddp_mean,2,0.0,1.2918500900268555,1.2918500900268555,0.0,0.0,0.0,0.0,0.0,0.0,0.0,0.0,0.0,0.0,0.0,0.0,0.0,0.9999999242829211,0.9999999242829211,0.022296390321552315,0,0,0,0,0,0,0,1.0,1.0,0.2,0.2
20,800,0,odam,rpn,0.08016646653413773,-0.0,global_ddp_mean,2,0.0,1.0436255931854248,1.0436255931854248,0.0,0.0,0.0,0.0,0.0,0.0,0.0,0.0,0.0,0.0,0.0,0.0,0.0,1.000000094693819,1.000000094693819,0.0,0,0,0,0,0,0,0,1.0,1.0,0.2,0.2
20,800,0,odam,roi_shared,0.08016646653413773,-0.0,global_ddp_mean,2,0.0,2.6684789657592773,2.6684789657592773,0.0,0.0,0.0,0.0,0.0,0.0,0.0,0.0,0.0,0.0,0.0,0.0,0.0,1.0000000670273985,1.0000000670273985,0.0,0,0,0,0,0,0,0,1.0,1.0,0.2,0.2
20,800,0,odam,roi_cls,0.08016646653413773,-0.0,global_ddp_mean,2,0.0,2.2873599529266357,2.2873599529266357,0.0,0.0,0.0,0.0,0.0,0.0,0.0,0.0,0.0,0.0,0.0,0.0,0.0,1.000000010605601,1.000000010605601,0.0,0,0,0,0,0,0,0,1.0,1.0,0.2,0.2
20,800,0,odam,roi_reg,0.08016646653413773,-0.0,global_ddp_mean,2,0.0,0.9416098594665527,0.9416098594665527,0.0,0.0,0.0,0.0,0.0,0.0,0.0,0.0,0.0,0.0,0.0,0.0,0.0,0.9999999742503797,0.9999999742503797,0.013002385740750536,0,0,0,0,0,0,0,1.0,1.0,0.2,0.2
20,900,0,odam,backbone,1.0517854690551758,-0.0,global_ddp_mean,2,0.0,36.95748519897461,36.95748519897461,0.0,0.0,0.0,0.0,0.0,0.0,0.0,0.0,0.0,0.0,0.0,0.0,0.0,1.000000000481894,1.000000000481894,0.0,0,0,0,0,0,0,0,1.0,1.0,0.2,0.2
20,900,0,odam,fpn,1.0517854690551758,-0.0,global_ddp_mean,2,0.0,8.214488983154297,8.214488983154297,0.0,0.0,0.0,0.0,0.0,0.0,0.0,0.0,0.0,0.0,0.0,0.0,0.0,0.9999999959264972,0.9999999959264972,0.005171560833564493,0,0,0,0,0,0,0,1.0,1.0,0.2,0.2
20,900,0,odam,rpn,1.0517854690551758,-0.0,global_ddp_mean,2,0.0,3.287161350250244,3.287161350250244,0.0,0.0,0.0,0.0,0.0,0.0,0.0,0.0,0.0,0.0,0.0,0.0,0.0,0.9999999737205414,0.9999999737205414,0.013135476692917399,0,0,0,0,0,0,0,1.0,1.0,0.2,0.2
20,900,0,odam,roi_shared,1.0517854690551758,-0.0,global_ddp_mean,2,0.0,17.29791259765625,17.29791259765625,0.0,0.0,0.0,0.0,0.0,0.0,0.0,0.0,0.0,0.0,0.0,0.0,0.0,0.9999999772785735,0.9999999772785735,0.012213930042147237,0,0,0,0,0,0,0,1.0,1.0,0.2,0.2
20,900,0,odam,roi_cls,1.0517854690551758,-0.0,global_ddp_mean,2,0.0,15.236122131347656,15.236122131347656,0.0,0.0,0.0,0.0,0.0,0.0,0.0,0.0,0.0,0.0,0.0,0.0,0.0,1.0000000084187435,1.0000000084187435,0.0,0,0,0,0,0,0,0,1.0,1.0,0.2,0.2
20,900,0,odam,roi_reg,1.0517854690551758,-0.0,global_ddp_mean,2,0.0,2.514230728149414,2.514230728149414,0.0,0.0,0.0,0.0,0.0,0.0,0.0,0.0,0.0,0.0,0.0,0.0,0.0,1.0000000224902015,1.0000000224902015,0.0,0,0,0,0,0,0,0,1.0,1.0,0.2,0.2
20,1000,0,odam,backbone,0.02602308616042137,0.0,global_ddp_mean,2,0.0,9.987120628356934,9.987120628356934,0.0,0.0,0.0,0.0,0.0,0.0,0.0,0.0,0.0,0.0,0.0,0.0,0.0,0.9999999814900363,0.9999999814900363,0.011024030703096224,0,0,0,0,0,0,0,1.0,1.0,0.2,0.2
20,1000,0,odam,fpn,0.02602308616042137,0.0,global_ddp_mean,2,0.0,0.8270865082740784,0.8270865082740784,0.0,0.0,0.0,0.0,0.0,0.0,0.0,0.0,0.0,0.0,0.0,0.0,0.0,0.9999999782264403,0.9999999782264403,0.011956452685741923,0,0,0,0,0,0,0,1.0,1.0,0.2,0.2
20,1000,0,odam,rpn,0.02602308616042137,0.0,global_ddp_mean,2,0.0,2.032674551010132,2.032674551010132,0.0,0.0,0.0,0.0,0.0,0.0,0.0,0.0,0.0,0.0,0.0,0.0,0.0,1.0000000029317981,1.0000000029317981,0.0,0,0,0,0,0,0,0,1.0,1.0,0.2,0.2
20,1000,0,odam,roi_shared,0.02602308616042137,0.0,global_ddp_mean,2,0.0,1.1664776802062988,1.1664776802062988,0.0,0.0,0.0,0.0,0.0,0.0,0.0,0.0,0.0,0.0,0.0,0.0,0.0,0.9999999348131604,0.9999999348131604,0.020687956558233963,0,0,0,0,0,0,0,1.0,1.0,0.2,0.2
20,1000,0,odam,roi_cls,0.02602308616042137,0.0,global_ddp_mean,2,0.0,0.8190281391143799,0.8190281391143799,0.0,0.0,0.0,0.0,0.0,0.0,0.0,0.0,0.0,0.0,0.0,0.0,0.0,1.000000045501964,1.000000045501964,0.0,0,0,0,0,0,0,0,1.0,1.0,0.2,0.2
20,1000,0,odam,roi_reg,0.02602308616042137,0.0,global_ddp_mean,2,0.0,0.5578503608703613,0.5578503608703613,0.0,0.0,0.0,0.0,0.0,0.0,0.0,0.0,0.0,0.0,0.0,0.0,0.0,0.9999999599600774,0.9999999599600774,0.016213778895832514,0,0,0,0,0,0,0,1.0,1.0,0.2,0.2
20,1100,0,odam,backbone,0.41409677267074585,0.0,global_ddp_mean,2,0.0,9.301018714904785,9.301018714904785,0.0,0.0,0.0,0.0,0.0,0.0,0.0,0.0,0.0,0.0,0.0,0.0,0.0,0.9999999134815702,0.9999999134815702,0.0238337263005363,0,0,0,0,0,0,0,1.0,1.0,0.2,0.2
20,1100,0,odam,fpn,0.41409677267074585,0.0,global_ddp_mean,2,0.0,1.906949520111084,1.906949520111084,0.0,0.0,0.0,0.0,0.0,0.0,0.0,0.0,0.0,0.0,0.0,0.0,0.0,1.0000000047604296,1.0000000047604296,0.0,0,0,0,0,0,0,0,1.0,1.0,0.2,0.2
20,1100,0,odam,rpn,0.41409677267074585,0.0,global_ddp_mean,2,0.0,3.1566147804260254,3.1566147804260254,0.0,0.0,0.0,0.0,0.0,0.0,0.0,0.0,0.0,0.0,0.0,0.0,0.0,0.9999999357998478,0.9999999357998478,0.02053079002623733,0,0,0,0,0,0,0,1.0,1.0,0.2,0.2
20,1100,0,odam,roi_shared,0.41409677267074585,0.0,global_ddp_mean,2,0.0,3.625236749649048,3.625236749649048,0.0,0.0,0.0,0.0,0.0,0.0,0.0,0.0,0.0,0.0,0.0,0.0,0.0,0.9999999367760471,0.9999999367760471,0.020374101014703574,0,0,0,0,0,0,0,1.0,1.0,0.2,0.2
20,1100,0,odam,roi_cls,0.41409677267074585,0.0,global_ddp_mean,2,0.0,2.2305619716644287,2.2305619716644287,0.0,0.0,0.0,0.0,0.0,0.0,0.0,0.0,0.0,0.0,0.0,0.0,0.0,1.0000000832354408,1.0000000832354408,0.0,0,0,0,0,0,0,0,1.0,1.0,0.2,0.2
20,1100,0,odam,roi_reg,0.41409677267074585,0.0,global_ddp_mean,2,0.0,3.1929571628570557,3.1929571628570557,0.0,0.0,0.0,0.0,0.0,0.0,0.0,0.0,0.0,0.0,0.0,0.0,0.0,0.9999999465866113,0.9999999465866113,0.01872676230427451,0,0,0,0,0,0,0,1.0,1.0,0.2,0.2
20,1200,0,odam,backbone,0.19371946156024933,0.0,global_ddp_mean,2,0.0,10.821501731872559,10.821501731872559,0.0,0.0,0.0,0.0,0.0,0.0,0.0,0.0,0.0,0.0,0.0,0.0,0.0,0.9999999727807236,0.9999999727807236,0.013368291871130169,0,0,0,0,0,0,0,1.0,1.0,0.2,0.2
20,1200,0,odam,fpn,0.19371946156024933,0.0,global_ddp_mean,2,0.0,2.2325754165649414,2.2325754165649414,0.0,0.0,0.0,0.0,0.0,0.0,0.0,0.0,0.0,0.0,0.0,0.0,0.0,1.0000000259132638,1.0000000259132638,0.0,0,0,0,0,0,0,0,1.0,1.0,0.2,0.2
20,1200,0,odam,rpn,0.19371946156024933,0.0,global_ddp_mean,2,0.0,2.5445761680603027,2.5445761680603027,0.0,0.0,0.0,0.0,0.0,0.0,0.0,0.0,0.0,0.0,0.0,0.0,0.0,1.0000000652548373,1.0000000652548373,0.0,0,0,0,0,0,0,0,1.0,1.0,0.2,0.2
20,1200,0,odam,roi_shared,0.19371946156024933,0.0,global_ddp_mean,2,0.0,4.419419288635254,4.419419288635254,0.0,0.0,0.0,0.0,0.0,0.0,0.0,0.0,0.0,0.0,0.0,0.0,0.0,0.9999999185934899,0.9999999185934899,0.02311890187169883,0,0,0,0,0,0,0,1.0,1.0,0.2,0.2
20,1200,0,odam,roi_cls,0.19371946156024933,0.0,global_ddp_mean,2,0.0,3.673274278640747,3.673274278640747,0.0,0.0,0.0,0.0,0.0,0.0,0.0,0.0,0.0,0.0,0.0,0.0,0.0,1.0000000586442461,1.0000000586442461,0.0,0,0,0,0,0,0,0,1.0,1.0,0.2,0.2
20,1200,0,odam,roi_reg,0.19371946156024933,0.0,global_ddp_mean,2,0.0,1.545699119567871,1.545699119567871,0.0,0.0,0.0,0.0,0.0,0.0,0.0,0.0,0.0,0.0,0.0,0.0,0.0,1.0000000574353207,1.0000000574353207,0.0,0,0,0,0,0,0,0,1.0,1.0,0.2,0.2
20,1300,0,odam,backbone,0.01998743787407875,0.0,global_ddp_mean,2,0.0,11.920660018920898,11.920660018920898,0.0,0.0,0.0,0.0,0.0,0.0,0.0,0.0,0.0,0.0,0.0,0.0,0.0,0.9999999422140712,0.9999999422140712,0.019478193750853034,0,0,0,0,0,0,0,1.0,1.0,0.2,0.2
20,1300,0,odam,fpn,0.01998743787407875,0.0,global_ddp_mean,2,0.0,1.62149178981781,1.62149178981781,0.0,0.0,0.0,0.0,0.0,0.0,0.0,0.0,0.0,0.0,0.0,0.0,0.0,0.9999999549721506,0.9999999549721506,0.01719405194874126,0,0,0,0,0,0,0,1.0,1.0,0.2,0.2
20,1300,0,odam,rpn,0.01998743787407875,0.0,global_ddp_mean,2,0.0,1.7543591260910034,1.7543591260910034,0.0,0.0,0.0,0.0,0.0,0.0,0.0,0.0,0.0,0.0,0.0,0.0,0.0,1.0000000038668853,1.0000000038668853,0.0,0,0,0,0,0,0,0,1.0,1.0,0.2,0.2
20,1300,0,odam,roi_shared,0.01998743787407875,0.0,global_ddp_mean,2,0.0,2.616483449935913,2.616483449935913,0.0,0.0,0.0,0.0,0.0,0.0,0.0,0.0,0.0,0.0,0.0,0.0,0.0,0.9999999662297157,0.9999999662297157,0.014890352884940176,0,0,0,0,0,0,0,1.0,1.0,0.2,0.2
20,1300,0,odam,roi_cls,0.01998743787407875,0.0,global_ddp_mean,2,0.0,1.6182597875595093,1.6182597875595093,0.0,0.0,0.0,0.0,0.0,0.0,0.0,0.0,0.0,0.0,0.0,0.0,0.0,1.0000000524244068,1.0000000524244068,0.0,0,0,0,0,0,0,0,1.0,1.0,0.2,0.2
20,1300,0,odam,roi_reg,0.01998743787407875,0.0,global_ddp_mean,2,0.0,1.1727784872055054,1.1727784872055054,0.0,0.0,0.0,0.0,0.0,0.0,0.0,0.0,0.0,0.0,0.0,0.0,0.0,1.0000000755102987,1.0000000755102987,0.0,0,0,0,0,0,0,0,1.0,1.0,0.2,0.2
20,1400,0,odam,backbone,0.8351702690124512,0.0,global_ddp_mean,2,0.0,46.55397415161133,46.55397415161133,0.0,0.0,0.0,0.0,0.0,0.0,0.0,0.0,0.0,0.0,0.0,0.0,0.0,0.9999999776809813,0.9999999776809813,0.012105289482890668,0,0,0,0,0,0,0,1.0,1.0,0.2,0.2
20,1400,0,odam,fpn,0.8351702690124512,0.0,global_ddp_mean,2,0.0,7.3620524406433105,7.3620524406433105,0.0,0.0,0.0,0.0,0.0,0.0,0.0,0.0,0.0,0.0,0.0,0.0,0.0,0.9999999576380724,0.9999999576380724,0.016677290308215624,0,0,0,0,0,0,0,1.0,1.0,0.2,0.2
20,1400,0,odam,rpn,0.8351702690124512,0.0,global_ddp_mean,2,0.0,3.8120954036712646,3.8120954036712646,0.0,0.0,0.0,0.0,0.0,0.0,0.0,0.0,0.0,0.0,0.0,0.0,0.0,1.000000048208486,1.000000048208486,0.0,0,0,0,0,0,0,0,1.0,1.0,0.2,0.2
20,1400,0,odam,roi_shared,0.8351702690124512,0.0,global_ddp_mean,2,0.0,14.35944938659668,14.35944938659668,0.0,0.0,0.0,0.0,0.0,0.0,0.0,0.0,0.0,0.0,0.0,0.0,0.0,0.9999999996840933,0.9999999996840933,0.001440181008924288,0,0,0,0,0,0,0,1.0,1.0,0.2,0.2
20,1400,0,odam,roi_cls,0.8351702690124512,0.0,global_ddp_mean,2,0.0,12.10416030883789,12.10416030883789,0.0,0.0,0.0,0.0,0.0,0.0,0.0,0.0,0.0,0.0,0.0,0.0,0.0,0.9999999974683502,0.9999999974683502,0.004076988097367755,0,0,0,0,0,0,0,1.0,1.0,0.2,0.2
20,1400,0,odam,roi_reg,0.8351702690124512,0.0,global_ddp_mean,2,0.0,3.7758772373199463,3.7758772373199463,0.0,0.0,0.0,0.0,0.0,0.0,0.0,0.0,0.0,0.0,0.0,0.0,0.0,0.9999999976971781,0.9999999976971781,0.0038883720161443183,0,0,0,0,0,0,0,1.0,1.0,0.2,0.2
21,0,0,odam,backbone,0.007188159041106701,0.0,global_ddp_mean,2,0.0,11.672871589660645,11.672871589660645,0.0,0.0,0.0,0.0,0.0,0.0,0.0,0.0,0.0,0.0,0.0,0.0,0.0,1.0000000331746197,1.0000000331746197,0.0,0,0,0,0,0,0,0,1.0,1.0,0.2,0.2
21,0,0,odam,fpn,0.007188159041106701,0.0,global_ddp_mean,2,0.0,1.033828854560852,1.033828854560852,0.0,0.0,0.0,0.0,0.0,0.0,0.0,0.0,0.0,0.0,0.0,0.0,0.0,0.9999999050988941,0.9999999050988941,0.024961648898924913,0,0,0,0,0,0,0,1.0,1.0,0.2,0.2
21,0,0,odam,rpn,0.007188159041106701,0.0,global_ddp_mean,2,0.0,1.378197431564331,1.378197431564331,0.0,0.0,0.0,0.0,0.0,0.0,0.0,0.0,0.0,0.0,0.0,0.0,0.0,1.000000046348127,1.000000046348127,0.0,0,0,0,0,0,0,0,1.0,1.0,0.2,0.2
21,0,0,odam,roi_shared,0.007188159041106701,0.0,global_ddp_mean,2,0.0,1.7351058721542358,1.7351058721542358,0.0,0.0,0.0,0.0,0.0,0.0,0.0,0.0,0.0,0.0,0.0,0.0,0.0,1.000000024263734,1.000000024263734,0.0,0,0,0,0,0,0,0,1.0,1.0,0.2,0.2
21,0,0,odam,roi_cls,0.007188159041106701,0.0,global_ddp_mean,2,0.0,1.2695406675338745,1.2695406675338745,0.0,0.0,0.0,0.0,0.0,0.0,0.0,0.0,0.0,0.0,0.0,0.0,0.0,1.0000000305704426,1.0000000305704426,0.0,0,0,0,0,0,0,0,1.0,1.0,0.2,0.2
21,0,0,odam,roi_reg,0.007188159041106701,0.0,global_ddp_mean,2,0.0,0.4692724645137787,0.4692724645137787,0.0,0.0,0.0,0.0,0.0,0.0,0.0,0.0,0.0,0.0,0.0,0.0,0.0,1.0000000038129215,1.0000000038129215,0.0,0,0,0,0,0,0,0,1.0,1.0,0.2,0.2
21,100,0,odam,backbone,0.1902250349521637,-0.0,global_ddp_mean,2,0.0,14.328269004821777,14.328269004821777,0.0,0.0,0.0,0.0,0.0,0.0,0.0,0.0,0.0,0.0,0.0,0.0,0.0,0.9999999669464785,0.9999999669464785,0.01473148402487227,0,0,0,0,0,0,0,1.0,1.0,0.2,0.2
21,100,0,odam,fpn,0.1902250349521637,-0.0,global_ddp_mean,2,0.0,1.6152023077011108,1.6152023077011108,0.0,0.0,0.0,0.0,0.0,0.0,0.0,0.0,0.0,0.0,0.0,0.0,0.0,1.0000000451210422,1.0000000451210422,0.0,0,0,0,0,0,0,0,1.0,1.0,0.2,0.2
21,100,0,odam,rpn,0.1902250349521637,-0.0,global_ddp_mean,2,0.0,3.4559876918792725,3.4559876918792725,0.0,0.0,0.0,0.0,0.0,0.0,0.0,0.0,0.0,0.0,0.0,0.0,0.0,1.0000000455905091,1.0000000455905091,0.0,0,0,0,0,0,0,0,1.0,1.0,0.2,0.2
21,100,0,odam,roi_shared,0.1902250349521637,-0.0,global_ddp_mean,2,0.0,2.1726324558258057,2.1726324558258057,0.0,0.0,0.0,0.0,0.0,0.0,0.0,0.0,0.0,0.0,0.0,0.0,0.0,1.0000000757538374,1.0000000757538374,0.0,0,0,0,0,0,0,0,1.0,1.0,0.2,0.2
21,100,0,odam,roi_cls,0.1902250349521637,-0.0,global_ddp_mean,2,0.0,1.7159769535064697,1.7159769535064697,0.0,0.0,0.0,0.0,0.0,0.0,0.0,0.0,0.0,0.0,0.0,0.0,0.0,1.0000000250352186,1.0000000250352186,0.0,0,0,0,0,0,0,0,1.0,1.0,0.2,0.2
21,100,0,odam,roi_reg,0.1902250349521637,-0.0,global_ddp_mean,2,0.0,1.2258960008621216,1.2258960008621216,0.0,0.0,0.0,0.0,0.0,0.0,0.0,0.0,0.0,0.0,0.0,0.0,0.0,1.0000000551678982,1.0000000551678982,0.0,0,0,0,0,0,0,0,1.0,1.0,0.2,0.2
21,200,0,odam,backbone,0.435043066740036,0.0,global_ddp_mean,2,0.0,20.25956153869629,20.25956153869629,0.0,0.0,0.0,0.0,0.0,0.0,0.0,0.0,0.0,0.0,0.0,0.0,0.0,1.000000063050138,1.000000063050138,0.0,0,0,0,0,0,0,0,1.0,1.0,0.2,0.2
21,200,0,odam,fpn,0.435043066740036,0.0,global_ddp_mean,2,0.0,4.548028945922852,4.548028945922852,0.0,0.0,0.0,0.0,0.0,0.0,0.0,0.0,0.0,0.0,0.0,0.0,0.0,0.9999999615583262,0.9999999615583262,0.015886885900589943,0,0,0,0,0,0,0,1.0,1.0,0.2,0.2
21,200,0,odam,rpn,0.435043066740036,0.0,global_ddp_mean,2,0.0,2.6734249591827393,2.6734249591827393,0.0,0.0,0.0,0.0,0.0,0.0,0.0,0.0,0.0,0.0,0.0,0.0,0.0,0.9999999401206697,0.9999999401206697,0.019827871676658303,0,0,0,0,0,0,0,1.0,1.0,0.2,0.2
21,200,0,odam,roi_shared,0.435043066740036,0.0,global_ddp_mean,2,0.0,9.090685844421387,9.090685844421387,0.0,0.0,0.0,0.0,0.0,0.0,0.0,0.0,0.0,0.0,0.0,0.0,0.0,0.9999999375957875,0.9999999375957875,0.020241588231933172,0,0,0,0,0,0,0,1.0,1.0,0.2,0.2
21,200,0,odam,roi_cls,0.435043066740036,0.0,global_ddp_mean,2,0.0,6.368587017059326,6.368587017059326,0.0,0.0,0.0,0.0,0.0,0.0,0.0,0.0,0.0,0.0,0.0,0.0,0.0,1.000000052926038,1.000000052926038,0.0,0,0,0,0,0,0,0,1.0,1.0,0.2,0.2
21,200,0,odam,roi_reg,0.435043066740036,0.0,global_ddp_mean,2,0.0,6.426482200622559,6.426482200622559,0.0,0.0,0.0,0.0,0.0,0.0,0.0,0.0,0.0,0.0,0.0,0.0,0.0,1.000000036631631,1.000000036631631,0.0,0,0,0,0,0,0,0,1.0,1.0,0.2,0.2
21,300,0,odam,backbone,0.01034669578075409,0.0,global_ddp_mean,2,0.0,3.5509419441223145,3.5509419441223145,0.0,0.0,0.0,0.0,0.0,0.0,0.0,0.0,0.0,0.0,0.0,0.0,0.0,0.9999999515676073,0.9999999515676073,0.017832227422703364,0,0,0,0,0,0,0,1.0,1.0,0.2,0.2
21,300,0,odam,fpn,0.01034669578075409,0.0,global_ddp_mean,2,0.0,0.5487264394760132,0.5487264394760132,0.0,0.0,0.0,0.0,0.0,0.0,0.0,0.0,0.0,0.0,0.0,0.0,0.0,1.0000000847423234,1.0000000847423234,0.0,0,0,0,0,0,0,0,1.0,1.0,0.2,0.2
21,300,0,odam,rpn,0.01034669578075409,0.0,global_ddp_mean,2,0.0,0.6535373330116272,0.6535373330116272,0.0,0.0,0.0,0.0,0.0,0.0,0.0,0.0,0.0,0.0,0.0,0.0,0.0,0.9999999625038695,0.9999999625038695,0.015690285923881754,0,0,0,0,0,0,0,1.0,1.0,0.2,0.2
21,300,0,odam,roi_shared,0.01034669578075409,0.0,global_ddp_mean,2,0.0,0.8007203936576843,0.8007203936576843,0.0,0.0,0.0,0.0,0.0,0.0,0.0,0.0,0.0,0.0,0.0,0.0,0.0,1.0000000123808763,1.0000000123808763,0.0,0,0,0,0,0,0,0,1.0,1.0,0.2,0.2
21,300,0,odam,roi_cls,0.01034669578075409,0.0,global_ddp_mean,2,0.0,0.7525503039360046,0.7525503039360046,0.0,0.0,0.0,0.0,0.0,0.0,0.0,0.0,0.0,0.0,0.0,0.0,0.0,1.0000000400091087,1.0000000400091087,0.0,0,0,0,0,0,0,0,1.0,1.0,0.2,0.2
21,300,0,odam,roi_reg,0.01034669578075409,0.0,global_ddp_mean,2,0.0,0.0,0.0,0.0,0.0,0.0,0.0,0.0,0.0,0.0,0.0,0.0,0.0,0.0,0.0,0.0,0.0,0.0,90.0,0,0,0,0,0,0,0,1.0,1.0,0.2,0.2
21,400,0,odam,backbone,0.003461147891357541,0.0,global_ddp_mean,2,0.0,8.561258316040039,8.561258316040039,0.0,0.0,0.0,0.0,0.0,0.0,0.0,0.0,0.0,0.0,0.0,0.0,0.0,1.0000000928147603,1.0000000928147603,0.0,0,0,0,0,0,0,0,1.0,1.0,0.2,0.2
21,400,0,odam,fpn,0.003461147891357541,0.0,global_ddp_mean,2,0.0,1.8095757961273193,1.8095757961273193,0.0,0.0,0.0,0.0,0.0,0.0,0.0,0.0,0.0,0.0,0.0,0.0,0.0,1.00000005530878,1.00000005530878,0.0,0,0,0,0,0,0,0,1.0,1.0,0.2,0.2
21,400,0,odam,rpn,0.003461147891357541,0.0,global_ddp_mean,2,0.0,3.2914183139801025,3.2914183139801025,0.0,0.0,0.0,0.0,0.0,0.0,0.0,0.0,0.0,0.0,0.0,0.0,0.0,0.9999999619064308,0.9999999619064308,0.015814791280236683,0,0,0,0,0,0,0,1.0,1.0,0.2,0.2
21,400,0,odam,roi_shared,0.003461147891357541,0.0,global_ddp_mean,2,0.0,3.4342150688171387,3.4342150688171387,0.0,0.0,0.0,0.0,0.0,0.0,0.0,0.0,0.0,0.0,0.0,0.0,0.0,1.0000000503410782,1.0000000503410782,0.0,0,0,0,0,0,0,0,1.0,1.0,0.2,0.2
21,400,0,odam,roi_cls,0.003461147891357541,0.0,global_ddp_mean,2,0.0,2.277757167816162,2.277757167816162,0.0,0.0,0.0,0.0,0.0,0.0,0.0,0.0,0.0,0.0,0.0,0.0,0.0,1.0000000668637583,1.0000000668637583,0.0,0,0,0,0,0,0,0,1.0,1.0,0.2,0.2
21,400,0,odam,roi_reg,0.003461147891357541,0.0,global_ddp_mean,2,0.0,1.4499131441116333,1.4499131441116333,0.0,0.0,0.0,0.0,0.0,0.0,0.0,0.0,0.0,0.0,0.0,0.0,0.0,1.000000031568973,1.000000031568973,0.0,0,0,0,0,0,0,0,1.0,1.0,0.2,0.2
21,500,0,odam,backbone,0.9970682263374329,0.0,global_ddp_mean,2,0.0,39.99424743652344,39.99424743652344,0.0,0.0,0.0,0.0,0.0,0.0,0.0,0.0,0.0,0.0,0.0,0.0,0.0,1.0000000556274526,1.0000000556274526,0.0,0,0,0,0,0,0,0,1.0,1.0,0.2,0.2
21,500,0,odam,fpn,0.9970682263374329,0.0,global_ddp_mean,2,0.0,7.778085708618164,7.778085708618164,0.0,0.0,0.0,0.0,0.0,0.0,0.0,0.0,0.0,0.0,0.0,0.0,0.0,0.9999999665163001,0.9999999665163001,0.014827036342121793,0,0,0,0,0,0,0,1.0,1.0,0.2,0.2
21,500,0,odam,rpn,0.9970682263374329,0.0,global_ddp_mean,2,0.0,5.755658149719238,5.755658149719238,0.0,0.0,0.0,0.0,0.0,0.0,0.0,0.0,0.0,0.0,0.0,0.0,0.0,1.0000000267784461,1.0000000267784461,0.0,0,0,0,0,0,0,0,1.0,1.0,0.2,0.2
21,500,0,odam,roi_shared,0.9970682263374329,0.0,global_ddp_mean,2,0.0,16.15911293029785,16.15911293029785,0.0,0.0,0.0,0.0,0.0,0.0,0.0,0.0,0.0,0.0,0.0,0.0,0.0,1.0000000485041538,1.0000000485041538,0.0,0,0,0,0,0,0,0,1.0,1.0,0.2,0.2
21,500,0,odam,roi_cls,0.9970682263374329,0.0,global_ddp_mean,2,0.0,11.742963790893555,11.742963790893555,0.0,0.0,0.0,0.0,0.0,0.0,0.0,0.0,0.0,0.0,0.0,0.0,0.0,1.0000000213481408,1.0000000213481408,0.0,0,0,0,0,0,0,0,1.0,1.0,0.2,0.2
21,500,0,odam,roi_reg,0.9970682263374329,0.0,global_ddp_mean,2,0.0,8.93550968170166,8.93550968170166,0.0,0.0,0.0,0.0,0.0,0.0,0.0,0.0,0.0,0.0,0.0,0.0,0.0,0.9999999638231121,0.9999999638231121,0.015411795361711117,0,0,0,0,0,0,0,1.0,1.0,0.2,0.2
21,600,0,odam,backbone,0.007529726251959801,0.0,global_ddp_mean,2,0.0,7.454717636108398,7.454717636108398,0.0,0.0,0.0,0.0,0.0,0.0,0.0,0.0,0.0,0.0,0.0,0.0,0.0,0.9999999983319301,0.9999999983319301,0.0033093656419425454,0,0,0,0,0,0,0,1.0,1.0,0.2,0.2
21,600,0,odam,fpn,0.007529726251959801,0.0,global_ddp_mean,2,0.0,1.2262859344482422,1.2262859344482422,0.0,0.0,0.0,0.0,0.0,0.0,0.0,0.0,0.0,0.0,0.0,0.0,0.0,0.9999999689540563,0.9999999689540563,0.014277102063329222,0,0,0,0,0,0,0,1.0,1.0,0.2,0.2
21,600,0,odam,rpn,0.007529726251959801,0.0,global_ddp_mean,2,0.0,0.8807616829872131,0.8807616829872131,0.0,0.0,0.0,0.0,0.0,0.0,0.0,0.0,0.0,0.0,0.0,0.0,0.0,1.0000000228136101,1.0000000228136101,0.0,0,0,0,0,0,0,0,1.0,1.0,0.2,0.2
21,600,0,odam,roi_shared,0.007529726251959801,0.0,global_ddp_mean,2,0.0,2.4672117233276367,2.4672117233276367,0.0,0.0,0.0,0.0,0.0,0.0,0.0,0.0,0.0,0.0,0.0,0.0,0.0,1.000000032314816,1.000000032314816,0.0,0,0,0,0,0,0,0,1.0,1.0,0.2,0.2
21,600,0,odam,roi_cls,0.007529726251959801,0.0,global_ddp_mean,2,0.0,2.466071605682373,2.466071605682373,0.0,0.0,0.0,0.0,0.0,0.0,0.0,0.0,0.0,0.0,0.0,0.0,0.0,0.9999999916071705,0.9999999916071705,0.007423211455305406,0,0,0,0,0,0,0,1.0,1.0,0.2,0.2
21,600,0,odam,roi_reg,0.007529726251959801,0.0,global_ddp_mean,2,0.0,0.5737937092781067,0.5737937092781067,0.0,0.0,0.0,0.0,0.0,0.0,0.0,0.0,0.0,0.0,0.0,0.0,0.0,1.000000086327208,1.000000086327208,0.0,0,0,0,0,0,0,0,1.0,1.0,0.2,0.2
21,700,0,odam,backbone,0.0166366808116436,0.0,global_ddp_mean,2,0.0,6.380819320678711,6.380819320678711,0.0,0.0,0.0,0.0,0.0,0.0,0.0,0.0,0.0,0.0,0.0,0.0,0.0,0.9999999997776013,0.9999999997776013,0.0012083805005471935,0,0,0,0,0,0,0,1.0,1.0,0.2,0.2
21,700,0,odam,fpn,0.0166366808116436,0.0,global_ddp_mean,2,0.0,1.0252209901809692,1.0252209901809692,0.0,0.0,0.0,0.0,0.0,0.0,0.0,0.0,0.0,0.0,0.0,0.0,0.0,1.000000115721778,1.000000115721778,0.0,0,0,0,0,0,0,0,1.0,1.0,0.2,0.2
21,700,0,odam,rpn,0.0166366808116436,0.0,global_ddp_mean,2,0.0,1.3662172555923462,1.3662172555923462,0.0,0.0,0.0,0.0,0.0,0.0,0.0,0.0,0.0,0.0,0.0,0.0,0.0,0.9999999477131717,0.9999999477131717,0.018528223525138204,0,0,0,0,0,0,0,1.0,1.0,0.2,0.2
21,700,0,odam,roi_shared,0.0166366808116436,0.0,global_ddp_mean,2,0.0,1.4283339977264404,1.4283339977264404,0.0,0.0,0.0,0.0,0.0,0.0,0.0,0.0,0.0,0.0,0.0,0.0,0.0,0.9999999986026102,0.9999999986026102,0.0030289800187087434,0,0,0,0,0,0,0,1.0,1.0,0.2,0.2
21,700,0,odam,roi_cls,0.0166366808116436,0.0,global_ddp_mean,2,0.0,1.2519410848617554,1.2519410848617554,0.0,0.0,0.0,0.0,0.0,0.0,0.0,0.0,0.0,0.0,0.0,0.0,0.0,1.0000000679433627,1.0000000679433627,0.0,0,0,0,0,0,0,0,1.0,1.0,0.2,0.2
21,700,0,odam,roi_reg,0.0166366808116436,0.0,global_ddp_mean,2,0.0,0.0,0.0,0.0,0.0,0.0,0.0,0.0,0.0,0.0,0.0,0.0,0.0,0.0,0.0,0.0,0.0,0.0,90.0,0,0,0,0,0,0,0,1.0,1.0,0.2,0.2
21,800,0,odam,backbone,0.2678723633289337,-0.0,global_ddp_mean,2,0.0,7.045408248901367,7.045408248901367,0.0,0.0,0.0,0.0,0.0,0.0,0.0,0.0,0.0,0.0,0.0,0.0,0.0,1.0000000371119038,1.0000000371119038,0.0,0,0,0,0,0,0,0,1.0,1.0,0.2,0.2
21,800,0,odam,fpn,0.2678723633289337,-0.0,global_ddp_mean,2,0.0,1.5115729570388794,1.5115729570388794,0.0,0.0,0.0,0.0,0.0,0.0,0.0,0.0,0.0,0.0,0.0,0.0,0.0,0.9999999731700624,0.9999999731700624,0.013272338899665101,0,0,0,0,0,0,0,1.0,1.0,0.2,0.2
21,800,0,odam,rpn,0.2678723633289337,-0.0,global_ddp_mean,2,0.0,2.7920312881469727,2.7920312881469727,0.0,0.0,0.0,0.0,0.0,0.0,0.0,0.0,0.0,0.0,0.0,0.0,0.0,1.0000000679018881,1.0000000679018881,0.0,0,0,0,0,0,0,0,1.0,1.0,0.2,0.2
21,800,0,odam,roi_shared,0.2678723633289337,-0.0,global_ddp_mean,2,0.0,1.8356517553329468,1.8356517553329468,0.0,0.0,0.0,0.0,0.0,0.0,0.0,0.0,0.0,0.0,0.0,0.0,0.0,0.9999999575271347,0.9999999575271347,0.016699113330641314,0,0,0,0,0,0,0,1.0,1.0,0.2,0.2
21,800,0,odam,roi_cls,0.2678723633289337,-0.0,global_ddp_mean,2,0.0,1.0099090337753296,1.0099090337753296,0.0,0.0,0.0,0.0,0.0,0.0,0.0,0.0,0.0,0.0,0.0,0.0,0.0,1.0000000387328165,1.0000000387328165,0.0,0,0,0,0,0,0,0,1.0,1.0,0.2,0.2
21,800,0,odam,roi_reg,0.2678723633289337,-0.0,global_ddp_mean,2,0.0,0.5580244064331055,0.5580244064331055,0.0,0.0,0.0,0.0,0.0,0.0,0.0,0.0,0.0,0.0,0.0,0.0,0.0,1.0000000835771456,1.0000000835771456,0.0,0,0,0,0,0,0,0,1.0,1.0,0.2,0.2
21,900,0,odam,backbone,0.8179820775985718,0.0,global_ddp_mean,2,0.0,22.466211318969727,22.466211318969727,0.0,0.0,0.0,0.0,0.0,0.0,0.0,0.0,0.0,0.0,0.0,0.0,0.0,1.0000000621013274,1.0000000621013274,0.0,0,0,0,0,0,0,0,1.0,1.0,0.2,0.2
21,900,0,odam,fpn,0.8179820775985718,0.0,global_ddp_mean,2,0.0,3.900920867919922,3.900920867919922,0.0,0.0,0.0,0.0,0.0,0.0,0.0,0.0,0.0,0.0,0.0,0.0,0.0,1.0000000295060738,1.0000000295060738,0.0,0,0,0,0,0,0,0,1.0,1.0,0.2,0.2
21,900,0,odam,rpn,0.8179820775985718,0.0,global_ddp_mean,2,0.0,5.136343002319336,5.136343002319336,0.0,0.0,0.0,0.0,0.0,0.0,0.0,0.0,0.0,0.0,0.0,0.0,0.0,0.999999985046404,0.999999985046404,0.009908557929275254,0,0,0,0,0,0,0,1.0,1.0,0.2,0.2
21,900,0,odam,roi_shared,0.8179820775985718,0.0,global_ddp_mean,2,0.0,6.727051734924316,6.727051734924316,0.0,0.0,0.0,0.0,0.0,0.0,0.0,0.0,0.0,0.0,0.0,0.0,0.0,0.9999999640874478,0.9999999640874478,0.015355387000195618,0,0,0,0,0,0,0,1.0,1.0,0.2,0.2
21,900,0,odam,roi_cls,0.8179820775985718,0.0,global_ddp_mean,2,0.0,5.014993667602539,5.014993667602539,0.0,0.0,0.0,0.0,0.0,0.0,0.0,0.0,0.0,0.0,0.0,0.0,0.0,1.0000000102214253,1.0000000102214253,0.0,0,0,0,0,0,0,0,1.0,1.0,0.2,0.2
21,900,0,odam,roi_reg,0.8179820775985718,0.0,global_ddp_mean,2,0.0,4.752017021179199,4.752017021179199,0.0,0.0,0.0,0.0,0.0,0.0,0.0,0.0,0.0,0.0,0.0,0.0,0.0,1.0000000521145922,1.0000000521145922,0.0,0,0,0,0,0,0,0,1.0,1.0,0.2,0.2
21,1000,0,odam,backbone,0.9725483655929565,0.0,global_ddp_mean,2,0.0,23.43859100341797,23.43859100341797,0.0,0.0,0.0,0.0,0.0,0.0,0.0,0.0,0.0,0.0,0.0,0.0,0.0,1.0000000099849942,1.0000000099849942,0.0,0,0,0,0,0,0,0,1.0,1.0,0.2,0.2
21,1000,0,odam,fpn,0.9725483655929565,0.0,global_ddp_mean,2,0.0,5.1277852058410645,5.1277852058410645,0.0,0.0,0.0,0.0,0.0,0.0,0.0,0.0,0.0,0.0,0.0,0.0,0.0,1.0000000268686056,1.0000000268686056,0.0,0,0,0,0,0,0,0,1.0,1.0,0.2,0.2
21,1000,0,odam,rpn,0.9725483655929565,0.0,global_ddp_mean,2,0.0,4.048554420471191,4.048554420471191,0.0,0.0,0.0,0.0,0.0,0.0,0.0,0.0,0.0,0.0,0.0,0.0,0.0,1.0000001133875285,1.0000001133875285,0.0,0,0,0,0,0,0,0,1.0,1.0,0.2,0.2
21,1000,0,odam,roi_shared,0.9725483655929565,0.0,global_ddp_mean,2,0.0,10.525978088378906,10.525978088378906,0.0,0.0,0.0,0.0,0.0,0.0,0.0,0.0,0.0,0.0,0.0,0.0,0.0,0.9999999686419154,0.9999999686419154,0.014348694693240203,0,0,0,0,0,0,0,1.0,1.0,0.2,0.2
21,1000,0,odam,roi_cls,0.9725483655929565,0.0,global_ddp_mean,2,0.0,4.678308010101318,4.678308010101318,0.0,0.0,0.0,0.0,0.0,0.0,0.0,0.0,0.0,0.0,0.0,0.0,0.0,1.000000014837011,1.000000014837011,0.0,0,0,0,0,0,0,0,1.0,1.0,0.2,0.2
21,1000,0,odam,roi_reg,0.9725483655929565,0.0,global_ddp_mean,2,0.0,15.20193099975586,15.20193099975586,0.0,0.0,0.0,0.0,0.0,0.0,0.0,0.0,0.0,0.0,0.0,0.0,0.0,1.0000000129170223,1.0000000129170223,0.0,0,0,0,0,0,0,0,1.0,1.0,0.2,0.2
21,1100,0,odam,backbone,0.0041571445763111115,0.0,global_ddp_mean,2,0.0,11.345316886901855,11.345316886901855,0.0,0.0,0.0,0.0,0.0,0.0,0.0,0.0,0.0,0.0,0.0,0.0,0.0,1.0000000138039735,1.0000000138039735,0.0,0,0,0,0,0,0,0,1.0,1.0,0.2,0.2
21,1100,0,odam,fpn,0.0041571445763111115,0.0,global_ddp_mean,2,0.0,1.897460699081421,1.897460699081421,0.0,0.0,0.0,0.0,0.0,0.0,0.0,0.0,0.0,0.0,0.0,0.0,0.0,1.000000052640358,1.000000052640358,0.0,0,0,0,0,0,0,0,1.0,1.0,0.2,0.2
21,1100,0,odam,rpn,0.0041571445763111115,0.0,global_ddp_mean,2,0.0,2.7617266178131104,2.7617266178131104,0.0,0.0,0.0,0.0,0.0,0.0,0.0,0.0,0.0,0.0,0.0,0.0,0.0,0.9999999914444294,0.9999999914444294,0.007494835753439716,0,0,0,0,0,0,0,1.0,1.0,0.2,0.2
21,1100,0,odam,roi_shared,0.0041571445763111115,0.0,global_ddp_mean,2,0.0,3.473464250564575,3.473464250564575,0.0,0.0,0.0,0.0,0.0,0.0,0.0,0.0,0.0,0.0,0.0,0.0,0.0,0.9999999920485388,0.9999999920485388,0.0072253868007125365,0,0,0,0,0,0,0,1.0,1.0,0.2,0.2
21,1100,0,odam,roi_cls,0.0041571445763111115,0.0,global_ddp_mean,2,0.0,2.6409072875976562,2.6409072875976562,0.0,0.0,0.0,0.0,0.0,0.0,0.0,0.0,0.0,0.0,0.0,0.0,0.0,1.000000022759304,1.000000022759304,0.0,0,0,0,0,0,0,0,1.0,1.0,0.2,0.2
21,1100,0,odam,roi_reg,0.0041571445763111115,0.0,global_ddp_mean,2,0.0,2.5282554626464844,2.5282554626464844,0.0,0.0,0.0,0.0,0.0,0.0,0.0,0.0,0.0,0.0,0.0,0.0,0.0,0.9999999771957433,0.9999999771957433,0.012236172522783185,0,0,0,0,0,0,0,1.0,1.0,0.2,0.2
21,1200,0,odam,backbone,0.1424490511417389,-0.0,global_ddp_mean,2,0.0,24.331287384033203,24.331287384033203,0.0,0.0,0.0,0.0,0.0,0.0,0.0,0.0,0.0,0.0,0.0,0.0,0.0,0.9999999829059381,0.9999999829059381,0.010594007292448417,0,0,0,0,0,0,0,1.0,1.0,0.2,0.2
21,1200,0,odam,fpn,0.1424490511417389,-0.0,global_ddp_mean,2,0.0,2.682420253753662,2.682420253753662,0.0,0.0,0.0,0.0,0.0,0.0,0.0,0.0,0.0,0.0,0.0,0.0,0.0,1.0000000503958386,1.0000000503958386,0.0,0,0,0,0,0,0,0,1.0,1.0,0.2,0.2
21,1200,0,odam,rpn,0.1424490511417389,-0.0,global_ddp_mean,2,0.0,4.866340160369873,4.866340160369873,0.0,0.0,0.0,0.0,0.0,0.0,0.0,0.0,0.0,0.0,0.0,0.0,0.0,0.9999999290954585,0.9999999290954585,0.021576185098465102,0,0,0,0,0,0,0,1.0,1.0,0.2,0.2
21,1200,0,odam,roi_shared,0.1424490511417389,-0.0,global_ddp_mean,2,0.0,4.04335880279541,4.04335880279541,0.0,0.0,0.0,0.0,0.0,0.0,0.0,0.0,0.0,0.0,0.0,0.0,0.0,1.0000000403683513,1.0000000403683513,0.0,0,0,0,0,0,0,0,1.0,1.0,0.2,0.2
21,1200,0,odam,roi_cls,0.1424490511417389,-0.0,global_ddp_mean,2,0.0,3.107703447341919,3.107703447341919,0.0,0.0,0.0,0.0,0.0,0.0,0.0,0.0,0.0,0.0,0.0,0.0,0.0,0.999999998444605,0.999999998444605,0.003195640999539622,0,0,0,0,0,0,0,1.0,1.0,0.2,0.2
21,1200,0,odam,roi_reg,0.1424490511417389,-0.0,global_ddp_mean,2,0.0,1.3439984321594238,1.3439984321594238,0.0,0.0,0.0,0.0,0.0,0.0,0.0,0.0,0.0,0.0,0.0,0.0,0.0,0.9999999163356886,0.9999999163356886,0.02343730942139859,0,0,0,0,0,0,0,1.0,1.0,0.2,0.2
21,1300,0,odam,backbone,0.14662635326385498,-0.0,global_ddp_mean,2,0.0,16.958486557006836,16.958486557006836,0.0,0.0,0.0,0.0,0.0,0.0,0.0,0.0,0.0,0.0,0.0,0.0,0.0,1.0000000163145724,1.0000000163145724,0.0,0,0,0,0,0,0,0,1.0,1.0,0.2,0.2
21,1300,0,odam,fpn,0.14662635326385498,-0.0,global_ddp_mean,2,0.0,4.4240007400512695,4.4240007400512695,0.0,0.0,0.0,0.0,0.0,0.0,0.0,0.0,0.0,0.0,0.0,0.0,0.0,1.0000000264575655,1.0000000264575655,0.0,0,0,0,0,0,0,0,1.0,1.0,0.2,0.2
21,1300,0,odam,rpn,0.14662635326385498,-0.0,global_ddp_mean,2,0.0,5.5422139167785645,5.5422139167785645,0.0,0.0,0.0,0.0,0.0,0.0,0.0,0.0,0.0,0.0,0.0,0.0,0.0,0.99999993548478,0.99999993548478,0.020581106692628047,0,0,0,0,0,0,0,1.0,1.0,0.2,0.2
21,1300,0,odam,roi_shared,0.14662635326385498,-0.0,global_ddp_mean,2,0.0,8.427940368652344,8.427940368652344,0.0,0.0,0.0,0.0,0.0,0.0,0.0,0.0,0.0,0.0,0.0,0.0,0.0,0.9999999352079808,0.9999999352079808,0.020625210512282353,0,0,0,0,0,0,0,1.0,1.0,0.2,0.2
21,1300,0,odam,roi_cls,0.14662635326385498,-0.0,global_ddp_mean,2,0.0,6.821279048919678,6.821279048919678,0.0,0.0,0.0,0.0,0.0,0.0,0.0,0.0,0.0,0.0,0.0,0.0,0.0,1.0000000460537284,1.0000000460537284,0.0,0,0,0,0,0,0,0,1.0,1.0,0.2,0.2
21,1300,0,odam,roi_reg,0.14662635326385498,-0.0,global_ddp_mean,2,0.0,4.3495659828186035,4.3495659828186035,0.0,0.0,0.0,0.0,0.0,0.0,0.0,0.0,0.0,0.0,0.0,0.0,0.0,1.000000091365276,1.000000091365276,0.0,0,0,0,0,0,0,0,1.0,1.0,0.2,0.2
21,1400,0,odam,backbone,0.8760809898376465,0.0,global_ddp_mean,2,0.0,52.31685256958008,52.31685256958008,0.0,0.0,0.0,0.0,0.0,0.0,0.0,0.0,0.0,0.0,0.0,0.0,0.0,0.9999999692108444,0.9999999692108444,0.014217934863923332,0,0,0,0,0,0,0,1.0,1.0,0.2,0.2
21,1400,0,odam,fpn,0.8760809898376465,0.0,global_ddp_mean,2,0.0,5.505317211151123,5.505317211151123,0.0,0.0,0.0,0.0,0.0,0.0,0.0,0.0,0.0,0.0,0.0,0.0,0.0,0.9999999324714343,0.9999999324714343,0.021056267803714758,0,0,0,0,0,0,0,1.0,1.0,0.2,0.2
21,1400,0,odam,rpn,0.8760809898376465,0.0,global_ddp_mean,2,0.0,6.708151340484619,6.708151340484619,0.0,0.0,0.0,0.0,0.0,0.0,0.0,0.0,0.0,0.0,0.0,0.0,0.0,0.9999999972035176,0.9999999972035176,0.004284929431331806,0,0,0,0,0,0,0,1.0,1.0,0.2,0.2
21,1400,0,odam,roi_shared,0.8760809898376465,0.0,global_ddp_mean,2,0.0,12.445572853088379,12.445572853088379,0.0,0.0,0.0,0.0,0.0,0.0,0.0,0.0,0.0,0.0,0.0,0.0,0.0,0.9999999309693717,0.9999999309693717,0.021289160980022148,0,0,0,0,0,0,0,1.0,1.0,0.2,0.2
21,1400,0,odam,roi_cls,0.8760809898376465,0.0,global_ddp_mean,2,0.0,13.444154739379883,13.444154739379883,0.0,0.0,0.0,0.0,0.0,0.0,0.0,0.0,0.0,0.0,0.0,0.0,0.0,0.999999935698405,0.999999935698405,0.020547004005621518,0,0,0,0,0,0,0,1.0,1.0,0.2,0.2
21,1400,0,odam,roi_reg,0.8760809898376465,0.0,global_ddp_mean,2,0.0,2.8679707050323486,2.8679707050323486,0.0,0.0,0.0,0.0,0.0,0.0,0.0,0.0,0.0,0.0,0.0,0.0,0.0,1.0000000001535243,1.0000000001535243,0.0,0,0,0,0,0,0,0,1.0,1.0,0.2,0.2
22,0,0,odam,backbone,1.0333302021026611,0.0,global_ddp_mean,2,0.0,26.510751724243164,26.510751724243164,0.0,0.0,0.0,0.0,0.0,0.0,0.0,0.0,0.0,0.0,0.0,0.0,0.0,0.9999999847821632,0.9999999847821632,0.009995720214549784,0,0,0,0,0,0,0,1.0,1.0,0.2,0.2
22,0,0,odam,fpn,1.0333302021026611,0.0,global_ddp_mean,2,0.0,7.769191265106201,7.769191265106201,0.0,0.0,0.0,0.0,0.0,0.0,0.0,0.0,0.0,0.0,0.0,0.0,0.0,1.0000000561611952,1.0000000561611952,0.0,0,0,0,0,0,0,0,1.0,1.0,0.2,0.2
22,0,0,odam,rpn,1.0333302021026611,0.0,global_ddp_mean,2,0.0,6.9601216316223145,6.9601216316223145,0.0,0.0,0.0,0.0,0.0,0.0,0.0,0.0,0.0,0.0,0.0,0.0,0.0,1.0000000288619852,1.0000000288619852,0.0,0,0,0,0,0,0,0,1.0,1.0,0.2,0.2
22,0,0,odam,roi_shared,1.0333302021026611,0.0,global_ddp_mean,2,0.0,15.617234230041504,15.617234230041504,0.0,0.0,0.0,0.0,0.0,0.0,0.0,0.0,0.0,0.0,0.0,0.0,0.0,0.9999999589957168,0.9999999589957168,0.0164078714132775,0,0,0,0,0,0,0,1.0,1.0,0.2,0.2
22,0,0,odam,roi_cls,1.0333302021026611,0.0,global_ddp_mean,2,0.0,12.902320861816406,12.902320861816406,0.0,0.0,0.0,0.0,0.0,0.0,0.0,0.0,0.0,0.0,0.0,0.0,0.0,1.000000064804015,1.000000064804015,0.0,0,0,0,0,0,0,0,1.0,1.0,0.2,0.2
22,0,0,odam,roi_reg,1.0333302021026611,0.0,global_ddp_mean,2,0.0,5.153903007507324,5.153903007507324,0.0,0.0,0.0,0.0,0.0,0.0,0.0,0.0,0.0,0.0,0.0,0.0,0.0,1.0000000461907241,1.0000000461907241,0.0,0,0,0,0,0,0,0,1.0,1.0,0.2,0.2
22,100,0,odam,backbone,0.041413165628910065,-0.0,global_ddp_mean,2,0.0,4.8536248207092285,4.8536248207092285,0.0,0.0,0.0,0.0,0.0,0.0,0.0,0.0,0.0,0.0,0.0,0.0,0.0,1.0000000215536684,1.0000000215536684,0.0,0,0,0,0,0,0,0,1.0,1.0,0.2,0.2
22,100,0,odam,fpn,0.041413165628910065,-0.0,global_ddp_mean,2,0.0,0.8787329196929932,0.8787329196929932,0.0,0.0,0.0,0.0,0.0,0.0,0.0,0.0,0.0,0.0,0.0,0.0,0.0,0.9999999393823794,0.9999999393823794,0.019949732419509574,0,0,0,0,0,0,0,1.0,1.0,0.2,0.2
22,100,0,odam,rpn,0.041413165628910065,-0.0,global_ddp_mean,2,0.0,1.1034454107284546,1.1034454107284546,0.0,0.0,0.0,0.0,0.0,0.0,0.0,0.0,0.0,0.0,0.0,0.0,0.0,1.0000000881201143,1.0000000881201143,0.0,0,0,0,0,0,0,0,1.0,1.0,0.2,0.2
22,100,0,odam,roi_shared,0.041413165628910065,-0.0,global_ddp_mean,2,0.0,1.7266372442245483,1.7266372442245483,0.0,0.0,0.0,0.0,0.0,0.0,0.0,0.0,0.0,0.0,0.0,0.0,0.0,0.9999999537666098,0.9999999537666098,0.01742270175319849,0,0,0,0,0,0,0,1.0,1.0,0.2,0.2
22,100,0,odam,roi_cls,0.041413165628910065,-0.0,global_ddp_mean,2,0.0,1.548919916152954,1.548919916152954,0.0,0.0,0.0,0.0,0.0,0.0,0.0,0.0,0.0,0.0,0.0,0.0,0.0,0.9999999370953101,0.9999999370953101,0.020322594205415358,0,0,0,0,0,0,0,1.0,1.0,0.2,0.2
22,100,0,odam,roi_reg,0.041413165628910065,-0.0,global_ddp_mean,2,0.0,0.4357379376888275,0.4357379376888275,0.0,0.0,0.0,0.0,0.0,0.0,0.0,0.0,0.0,0.0,0.0,0.0,0.0,0.9999999518224656,0.9999999518224656,0.0177852476590553,0,0,0,0,0,0,0,1.0,1.0,0.2,0.2
22,200,0,odam,backbone,0.13243967294692993,-0.0,global_ddp_mean,2,0.0,34.63166809082031,34.63166809082031,0.0,0.0,0.0,0.0,0.0,0.0,0.0,0.0,0.0,0.0,0.0,0.0,0.0,1.0000000869717316,1.0000000869717316,0.0,0,0,0,0,0,0,0,1.0,1.0,0.2,0.2
22,200,0,odam,fpn,0.13243967294692993,-0.0,global_ddp_mean,2,0.0,5.314493179321289,5.314493179321289,0.0,0.0,0.0,0.0,0.0,0.0,0.0,0.0,0.0,0.0,0.0,0.0,0.0,1.000000053493563,1.000000053493563,0.0,0,0,0,0,0,0,0,1.0,1.0,0.2,0.2
22,200,0,odam,rpn,0.13243967294692993,-0.0,global_ddp_mean,2,0.0,3.78055739402771,3.78055739402771,0.0,0.0,0.0,0.0,0.0,0.0,0.0,0.0,0.0,0.0,0.0,0.0,0.0,1.000000050885794,1.000000050885794,0.0,0,0,0,0,0,0,0,1.0,1.0,0.2,0.2
22,200,0,odam,roi_shared,0.13243967294692993,-0.0,global_ddp_mean,2,0.0,10.675348281860352,10.675348281860352,0.0,0.0,0.0,0.0,0.0,0.0,0.0,0.0,0.0,0.0,0.0,0.0,0.0,0.9999999783496595,0.9999999783496595,0.011922573178358948,0,0,0,0,0,0,0,1.0,1.0,0.2,0.2
22,200,0,odam,roi_cls,0.13243967294692993,-0.0,global_ddp_mean,2,0.0,8.5328950881958,8.5328950881958,0.0,0.0,0.0,0.0,0.0,0.0,0.0,0.0,0.0,0.0,0.0,0.0,0.0,0.9999999521884181,0.9999999521884181,0.017717571276448813,0,0,0,0,0,0,0,1.0,1.0,0.2,0.2
22,200,0,odam,roi_reg,0.13243967294692993,-0.0,global_ddp_mean,2,0.0,4.269322872161865,4.269322872161865,0.0,0.0,0.0,0.0,0.0,0.0,0.0,0.0,0.0,0.0,0.0,0.0,0.0,1.000000091020224,1.000000091020224,0.0,0,0,0,0,0,0,0,1.0,1.0,0.2,0.2
22,300,0,odam,backbone,0.08753844350576401,-0.0,global_ddp_mean,2,0.0,6.126433849334717,6.126433849334717,0.0,0.0,0.0,0.0,0.0,0.0,0.0,0.0,0.0,0.0,0.0,0.0,0.0,0.9999999992175994,0.9999999992175994,0.0022664816881561444,0,0,0,0,0,0,0,1.0,1.0,0.2,0.2
22,300,0,odam,fpn,0.08753844350576401,-0.0,global_ddp_mean,2,0.0,0.9655060768127441,0.9655060768127441,0.0,0.0,0.0,0.0,0.0,0.0,0.0,0.0,0.0,0.0,0.0,0.0,0.0,1.000000060916844,1.000000060916844,0.0,0,0,0,0,0,0,0,1.0,1.0,0.2,0.2
22,300,0,odam,rpn,0.08753844350576401,-0.0,global_ddp_mean,2,0.0,0.8340251445770264,0.8340251445770264,0.0,0.0,0.0,0.0,0.0,0.0,0.0,0.0,0.0,0.0,0.0,0.0,0.0,1.0000000069826251,1.0000000069826251,0.0,0,0,0,0,0,0,0,1.0,1.0,0.2,0.2
22,300,0,odam,roi_shared,0.08753844350576401,-0.0,global_ddp_mean,2,0.0,1.7121250629425049,1.7121250629425049,0.0,0.0,0.0,0.0,0.0,0.0,0.0,0.0,0.0,0.0,0.0,0.0,0.0,0.9999999776637222,0.9999999776637222,0.012109969030526097,0,0,0,0,0,0,0,1.0,1.0,0.2,0.2
22,300,0,odam,roi_cls,0.08753844350576401,-0.0,global_ddp_mean,2,0.0,1.518412470817566,1.518412470817566,0.0,0.0,0.0,0.0,0.0,0.0,0.0,0.0,0.0,0.0,0.0,0.0,0.0,1.0000000569693386,1.0000000569693386,0.0,0,0,0,0,0,0,0,1.0,1.0,0.2,0.2
22,300,0,odam,roi_reg,0.08753844350576401,-0.0,global_ddp_mean,2,0.0,1.2322684526443481,1.2322684526443481,0.0,0.0,0.0,0.0,0.0,0.0,0.0,0.0,0.0,0.0,0.0,0.0,0.0,0.9999999259263772,0.9999999259263772,0.02205308877545658,0,0,0,0,0,0,0,1.0,1.0,0.2,0.2
22,400,0,odam,backbone,0.0009222814114764333,0.0,global_ddp_mean,2,0.0,2.064202070236206,2.064202070236206,0.0,0.0,0.0,0.0,0.0,0.0,0.0,0.0,0.0,0.0,0.0,0.0,0.0,0.9999999705634447,0.9999999705634447,0.013902122942189675,0,0,0,0,0,0,0,1.0,1.0,0.2,0.2
22,400,0,odam,fpn,0.0009222814114764333,0.0,global_ddp_mean,2,0.0,0.30276474356651306,0.30276474356651306,0.0,0.0,0.0,0.0,0.0,0.0,0.0,0.0,0.0,0.0,0.0,0.0,0.0,1.0000000801082056,1.0000000801082056,0.0,0,0,0,0,0,0,0,1.0,1.0,0.2,0.2
22,400,0,odam,rpn,0.0009222814114764333,0.0,global_ddp_mean,2,0.0,0.5998849272727966,0.5998849272727966,0.0,0.0,0.0,0.0,0.0,0.0,0.0,0.0,0.0,0.0,0.0,0.0,0.0,0.9999999565780172,0.9999999565780172,0.016884665341986297,0,0,0,0,0,0,0,1.0,1.0,0.2,0.2
22,400,0,odam,roi_shared,0.0009222814114764333,0.0,global_ddp_mean,2,0.0,0.0,0.0,0.0,0.0,0.0,0.0,0.0,0.0,0.0,0.0,0.0,0.0,0.0,0.0,0.0,0.0,0.0,90.0,0,0,0,0,0,0,0,1.0,1.0,0.2,0.2
22,400,0,odam,roi_cls,0.0009222814114764333,0.0,global_ddp_mean,2,0.0,0.0,0.0,0.0,0.0,0.0,0.0,0.0,0.0,0.0,0.0,0.0,0.0,0.0,0.0,0.0,0.0,0.0,90.0,0,0,0,0,0,0,0,1.0,1.0,0.2,0.2
22,400,0,odam,roi_reg,0.0009222814114764333,0.0,global_ddp_mean,2,0.0,0.0,0.0,0.0,0.0,0.0,0.0,0.0,0.0,0.0,0.0,0.0,0.0,0.0,0.0,0.0,0.0,0.0,90.0,0,0,0,0,0,0,0,1.0,1.0,0.2,0.2
22,500,0,odam,backbone,0.14125031232833862,0.0,global_ddp_mean,2,0.0,5.531960487365723,5.531960487365723,0.0,0.0,0.0,0.0,0.0,0.0,0.0,0.0,0.0,0.0,0.0,0.0,0.0,1.0000000594651968,1.0000000594651968,0.0,0,0,0,0,0,0,0,1.0,1.0,0.2,0.2
22,500,0,odam,fpn,0.14125031232833862,0.0,global_ddp_mean,2,0.0,1.0080249309539795,1.0080249309539795,0.0,0.0,0.0,0.0,0.0,0.0,0.0,0.0,0.0,0.0,0.0,0.0,0.0,0.9999999739198043,0.9999999739198043,0.013085582319967733,0,0,0,0,0,0,0,1.0,1.0,0.2,0.2
22,500,0,odam,rpn,0.14125031232833862,0.0,global_ddp_mean,2,0.0,1.0817334651947021,1.0817334651947021,0.0,0.0,0.0,0.0,0.0,0.0,0.0,0.0,0.0,0.0,0.0,0.0,0.0,0.9999999067084222,0.9999999067084222,0.024749068214946244,0,0,0,0,0,0,0,1.0,1.0,0.2,0.2
22,500,0,odam,roi_shared,0.14125031232833862,0.0,global_ddp_mean,2,0.0,2.130570888519287,2.130570888519287,0.0,0.0,0.0,0.0,0.0,0.0,0.0,0.0,0.0,0.0,0.0,0.0,0.0,1.000000017365038,1.000000017365038,0.0,0,0,0,0,0,0,0,1.0,1.0,0.2,0.2
22,500,0,odam,roi_cls,0.14125031232833862,0.0,global_ddp_mean,2,0.0,1.958968997001648,1.958968997001648,0.0,0.0,0.0,0.0,0.0,0.0,0.0,0.0,0.0,0.0,0.0,0.0,0.0,1.0000000439859142,1.0000000439859142,0.0,0,0,0,0,0,0,0,1.0,1.0,0.2,0.2
22,500,0,odam,roi_reg,0.14125031232833862,0.0,global_ddp_mean,2,0.0,0.8671982288360596,0.8671982288360596,0.0,0.0,0.0,0.0,0.0,0.0,0.0,0.0,0.0,0.0,0.0,0.0,0.0,0.9999999849860547,0.9999999849860547,0.009928532129493945,0,0,0,0,0,0,0,1.0,1.0,0.2,0.2
22,600,0,odam,backbone,0.25975409150123596,0.0,global_ddp_mean,2,0.0,147.16244506835938,147.16244506835938,0.0,0.0,0.0,0.0,0.0,0.0,0.0,0.0,0.0,0.0,0.0,0.0,0.0,0.9999999060168502,0.9999999060168502,0.024840631467407694,0,0,0,0,0,0,0,1.0,1.0,0.2,0.2
22,600,0,odam,fpn,0.25975409150123596,0.0,global_ddp_mean,2,0.0,24.92441749572754,24.92441749572754,0.0,0.0,0.0,0.0,0.0,0.0,0.0,0.0,0.0,0.0,0.0,0.0,0.0,1.0000000580043222,1.0000000580043222,0.0,0,0,0,0,0,0,0,1.0,1.0,0.2,0.2
22,600,0,odam,rpn,0.25975409150123596,0.0,global_ddp_mean,2,0.0,39.59511947631836,39.59511947631836,0.0,0.0,0.0,0.0,0.0,0.0,0.0,0.0,0.0,0.0,0.0,0.0,0.0,0.9999999688450367,0.9999999688450367,0.014302147517594095,0,0,0,0,0,0,0,1.0,1.0,0.2,0.2
22,600,0,odam,roi_shared,0.25975409150123596,0.0,global_ddp_mean,2,0.0,19.897724151611328,19.897724151611328,0.0,0.0,0.0,0.0,0.0,0.0,0.0,0.0,0.0,0.0,0.0,0.0,0.0,0.999999941055065,0.999999941055065,0.019672560024807766,0,0,0,0,0,0,0,1.0,1.0,0.2,0.2
22,600,0,odam,roi_cls,0.25975409150123596,0.0,global_ddp_mean,2,0.0,17.91634178161621,17.91634178161621,0.0,0.0,0.0,0.0,0.0,0.0,0.0,0.0,0.0,0.0,0.0,0.0,0.0,0.9999999920786442,0.9999999920786442,0.007211695658307584,0,0,0,0,0,0,0,1.0,1.0,0.2,0.2
22,600,0,odam,roi_reg,0.25975409150123596,0.0,global_ddp_mean,2,0.0,1.2585222721099854,1.2585222721099854,0.0,0.0,0.0,0.0,0.0,0.0,0.0,0.0,0.0,0.0,0.0,0.0,0.0,0.9999999806395605,0.9999999806395605,0.01127444666923719,0,0,0,0,0,0,0,1.0,1.0,0.2,0.2
22,700,0,odam,backbone,0.004619097337126732,0.0,global_ddp_mean,2,0.0,9.960972785949707,9.960972785949707,0.0,0.0,0.0,0.0,0.0,0.0,0.0,0.0,0.0,0.0,0.0,0.0,0.0,1.0000000662175184,1.0000000662175184,0.0,0,0,0,0,0,0,0,1.0,1.0,0.2,0.2
22,700,0,odam,fpn,0.004619097337126732,0.0,global_ddp_mean,2,0.0,1.134340763092041,1.134340763092041,0.0,0.0,0.0,0.0,0.0,0.0,0.0,0.0,0.0,0.0,0.0,0.0,0.0,1.0000000088167826,1.0000000088167826,0.0,0,0,0,0,0,0,0,1.0,1.0,0.2,0.2
22,700,0,odam,rpn,0.004619097337126732,0.0,global_ddp_mean,2,0.0,0.7390643954277039,0.7390643954277039,0.0,0.0,0.0,0.0,0.0,0.0,0.0,0.0,0.0,0.0,0.0,0.0,0.0,1.00000001697566,1.00000001697566,0.0,0,0,0,0,0,0,0,1.0,1.0,0.2,0.2
22,700,0,odam,roi_shared,0.004619097337126732,0.0,global_ddp_mean,2,0.0,2.0375454425811768,2.0375454425811768,0.0,0.0,0.0,0.0,0.0,0.0,0.0,0.0,0.0,0.0,0.0,0.0,0.0,1.0000000836349616,1.0000000836349616,0.0,0,0,0,0,0,0,0,1.0,1.0,0.2,0.2
22,700,0,odam,roi_cls,0.004619097337126732,0.0,global_ddp_mean,2,0.0,1.8160676956176758,1.8160676956176758,0.0,0.0,0.0,0.0,0.0,0.0,0.0,0.0,0.0,0.0,0.0,0.0,0.0,0.9999999358792949,0.9999999358792949,0.020518082758860186,0,0,0,0,0,0,0,1.0,1.0,0.2,0.2
22,700,0,odam,roi_reg,0.004619097337126732,0.0,global_ddp_mean,2,0.0,0.0,0.0,0.0,0.0,0.0,0.0,0.0,0.0,0.0,0.0,0.0,0.0,0.0,0.0,0.0,0.0,0.0,90.0,0,0,0,0,0,0,0,1.0,1.0,0.2,0.2
22,800,0,odam,backbone,0.06287775933742523,0.0,global_ddp_mean,2,0.0,7.11684513092041,7.11684513092041,0.0,0.0,0.0,0.0,0.0,0.0,0.0,0.0,0.0,0.0,0.0,0.0,0.0,0.9999999626757353,0.9999999626757353,0.015654285921739876,0,0,0,0,0,0,0,1.0,1.0,0.2,0.2
22,800,0,odam,fpn,0.06287775933742523,0.0,global_ddp_mean,2,0.0,1.401241421699524,1.401241421699524,0.0,0.0,0.0,0.0,0.0,0.0,0.0,0.0,0.0,0.0,0.0,0.0,0.0,0.9999999242347659,0.9999999242347659,0.02230347931199679,0,0,0,0,0,0,0,1.0,1.0,0.2,0.2
22,800,0,odam,rpn,0.06287775933742523,0.0,global_ddp_mean,2,0.0,1.0989067554473877,1.0989067554473877,0.0,0.0,0.0,0.0,0.0,0.0,0.0,0.0,0.0,0.0,0.0,0.0,0.0,1.0000000053378668,1.0000000053378668,0.0,0,0,0,0,0,0,0,1.0,1.0,0.2,0.2
22,800,0,odam,roi_shared,0.06287775933742523,0.0,global_ddp_mean,2,0.0,2.6171178817749023,2.6171178817749023,0.0,0.0,0.0,0.0,0.0,0.0,0.0,0.0,0.0,0.0,0.0,0.0,0.0,0.999999944903071,0.999999944903071,0.019019597793392126,0,0,0,0,0,0,0,1.0,1.0,0.2,0.2
22,800,0,odam,roi_cls,0.06287775933742523,0.0,global_ddp_mean,2,0.0,2.448288917541504,2.448288917541504,0.0,0.0,0.0,0.0,0.0,0.0,0.0,0.0,0.0,0.0,0.0,0.0,0.0,1.0000000111332754,1.0000000111332754,0.0,0,0,0,0,0,0,0,1.0,1.0,0.2,0.2
22,800,0,odam,roi_reg,0.06287775933742523,0.0,global_ddp_mean,2,0.0,0.7216878533363342,0.7216878533363342,0.0,0.0,0.0,0.0,0.0,0.0,0.0,0.0,0.0,0.0,0.0,0.0,0.0,1.000000029599788,1.000000029599788,0.0,0,0,0,0,0,0,0,1.0,1.0,0.2,0.2
22,900,0,odam,backbone,0.3024115562438965,0.05341542512178421,global_ddp_mean,2,-0.46695845089849347,20.747875213623047,20.747875213623047,2.9712510108947754,2.9712510108947754,2.9712510108947754,2.9712510108947754,0.5942502021789551,2.9712510108947754,0.14320748415451492,0.14320748415451492,0.14320748415451492,0.028641496830902984,0.028641496830902984,-0.013374389656193609,-0.013374389656193609,0.9866260728446745,0.9996711286693843,1.4694761472933302,1,0,0,1,1,0,0,1.0,1.0,0.2,0.2
22,900,0,odam,fpn,0.3024115562438965,0.05341542512178421,global_ddp_mean,2,-0.009385896419427806,1.8697841167449951,1.8697841167449951,0.5549948811531067,0.5549948811531067,0.5549948811531067,0.5549948811531067,0.11099897623062134,0.5549948811531067,0.29682297340254815,0.29682297340254815,0.29682297340254815,0.059364594680509634,0.059364594680509634,-0.0005571899899304899,-0.0005571899899304899,0.9994428847012369,0.9982407865809865,3.3990737169759253,1,0,0,1,1,0,0,1.0,1.0,0.2,0.2
22,900,0,odam,rpn,0.3024115562438965,0.05341542512178421,global_ddp_mean,2,0.0,2.6195192337036133,2.6195192337036133,0.0,0.0,0.0,0.0,0.0,0.0,0.0,0.0,0.0,0.0,0.0,0.0,0.0,1.0000000350283471,1.0000000350283471,0.0,0,0,0,0,0,0,0,1.0,1.0,0.2,0.2
22,900,0,odam,roi_shared,0.3024115562438965,0.05341542512178421,global_ddp_mean,2,-0.12787970523922246,4.2432074546813965,4.2432074546813965,0.7074227929115295,0.7074227929115295,0.7074227929115295,0.7074227929115295,0.1414845585823059,0.7074227929115295,0.16671887963692475,0.16671887963692475,0.16671887963692475,0.033343775927384946,0.033343775927384946,-0.0042639910784870545,-0.0042639910784870545,0.9957359300377479,0.9994489403038551,1.9022031651235984,1,0,0,1,1,0,0,1.0,1.0,0.2,0.2
22,900,0,odam,roi_cls,0.3024115562438965,0.05341542512178421,global_ddp_mean,2,0.0,2.333173990249634,2.333173990249634,0.0,0.0,0.0,0.0,0.0,0.0,0.0,0.0,0.0,0.0,0.0,0.0,0.0,1.000000073197452,1.000000073197452,0.0,0,0,0,0,0,0,0,1.0,1.0,0.2,0.2
22,900,0,odam,roi_reg,0.3024115562438965,0.05341542512178421,global_ddp_mean,2,-0.19009697824408125,5.561003684997559,5.561003684997559,2.890970468521118,2.890970468521118,2.890970468521118,2.890970468521118,0.5781940937042237,2.890970468521118,0.5198648719331657,0.5198648719331657,0.5198648719331657,0.10397297438663315,0.10397297438663315,-0.019764948249948216,-0.019764948249948216,0.9802351142684488,0.9946216568044536,5.945066636730834,1,0,0,1,1,0,0,1.0,1.0,0.2,0.2
22,1000,0,odam,backbone,0.6646915674209595,0.0,global_ddp_mean,2,0.0,18.200895309448242,18.200895309448242,0.0,0.0,0.0,0.0,0.0,0.0,0.0,0.0,0.0,0.0,0.0,0.0,0.0,0.9999999786952415,0.9999999786952415,0.011827036550211324,0,0,0,0,0,0,0,1.0,1.0,0.2,0.2
22,1000,0,odam,fpn,0.6646915674209595,0.0,global_ddp_mean,2,0.0,2.4578213691711426,2.4578213691711426,0.0,0.0,0.0,0.0,0.0,0.0,0.0,0.0,0.0,0.0,0.0,0.0,0.0,1.0000000859767635,1.0000000859767635,0.0,0,0,0,0,0,0,0,1.0,1.0,0.2,0.2
22,1000,0,odam,rpn,0.6646915674209595,0.0,global_ddp_mean,2,0.0,3.128429412841797,3.128429412841797,0.0,0.0,0.0,0.0,0.0,0.0,0.0,0.0,0.0,0.0,0.0,0.0,0.0,0.9999999676327416,0.9999999676327416,0.014577753055701146,0,0,0,0,0,0,0,1.0,1.0,0.2,0.2
22,1000,0,odam,roi_shared,0.6646915674209595,0.0,global_ddp_mean,2,0.0,5.302217483520508,5.302217483520508,0.0,0.0,0.0,0.0,0.0,0.0,0.0,0.0,0.0,0.0,0.0,0.0,0.0,0.9999999960618717,0.9999999960618717,0.005084901669376986,0,0,0,0,0,0,0,1.0,1.0,0.2,0.2
22,1000,0,odam,roi_cls,0.6646915674209595,0.0,global_ddp_mean,2,0.0,4.818657875061035,4.818657875061035,0.0,0.0,0.0,0.0,0.0,0.0,0.0,0.0,0.0,0.0,0.0,0.0,0.0,0.9999999841297343,0.9999999841297343,0.010207743042769727,0,0,0,0,0,0,0,1.0,1.0,0.2,0.2
22,1000,0,odam,roi_reg,0.6646915674209595,0.0,global_ddp_mean,2,0.0,2.362957239151001,2.362957239151001,0.0,0.0,0.0,0.0,0.0,0.0,0.0,0.0,0.0,0.0,0.0,0.0,0.0,1.000000040911205,1.000000040911205,0.0,0,0,0,0,0,0,0,1.0,1.0,0.2,0.2
22,1100,0,odam,backbone,0.008317463099956512,0.0,global_ddp_mean,2,0.0,11.770882606506348,11.770882606506348,0.0,0.0,0.0,0.0,0.0,0.0,0.0,0.0,0.0,0.0,0.0,0.0,0.0,1.0000000222568486,1.0000000222568486,0.0,0,0,0,0,0,0,0,1.0,1.0,0.2,0.2
22,1100,0,odam,fpn,0.008317463099956512,0.0,global_ddp_mean,2,0.0,2.23753023147583,2.23753023147583,0.0,0.0,0.0,0.0,0.0,0.0,0.0,0.0,0.0,0.0,0.0,0.0,0.0,1.0000000383907943,1.0000000383907943,0.0,0,0,0,0,0,0,0,1.0,1.0,0.2,0.2
22,1100,0,odam,rpn,0.008317463099956512,0.0,global_ddp_mean,2,0.0,1.3468108177185059,1.3468108177185059,0.0,0.0,0.0,0.0,0.0,0.0,0.0,0.0,0.0,0.0,0.0,0.0,0.0,0.999999944824479,0.999999944824479,0.019033158040856105,0,0,0,0,0,0,0,1.0,1.0,0.2,0.2
22,1100,0,odam,roi_shared,0.008317463099956512,0.0,global_ddp_mean,2,0.0,4.681458950042725,4.681458950042725,0.0,0.0,0.0,0.0,0.0,0.0,0.0,0.0,0.0,0.0,0.0,0.0,0.0,0.9999999856605047,0.9999999856605047,0.009702967195758583,0,0,0,0,0,0,0,1.0,1.0,0.2,0.2
22,1100,0,odam,roi_cls,0.008317463099956512,0.0,global_ddp_mean,2,0.0,4.672772407531738,4.672772407531738,0.0,0.0,0.0,0.0,0.0,0.0,0.0,0.0,0.0,0.0,0.0,0.0,0.0,1.0000000299967693,1.0000000299967693,0.0,0,0,0,0,0,0,0,1.0,1.0,0.2,0.2
22,1100,0,odam,roi_reg,0.008317463099956512,0.0,global_ddp_mean,2,0.0,1.718407392501831,1.718407392501831,0.0,0.0,0.0,0.0,0.0,0.0,0.0,0.0,0.0,0.0,0.0,0.0,0.0,1.000000015758237,1.000000015758237,0.0,0,0,0,0,0,0,0,1.0,1.0,0.2,0.2
22,1200,0,odam,backbone,0.11740094423294067,0.0,global_ddp_mean,2,0.0,6.068990707397461,6.068990707397461,0.0,0.0,0.0,0.0,0.0,0.0,0.0,0.0,0.0,0.0,0.0,0.0,0.0,1.000000027814462,1.000000027814462,0.0,0,0,0,0,0,0,0,1.0,1.0,0.2,0.2
22,1200,0,odam,fpn,0.11740094423294067,0.0,global_ddp_mean,2,0.0,1.1108283996582031,1.1108283996582031,0.0,0.0,0.0,0.0,0.0,0.0,0.0,0.0,0.0,0.0,0.0,0.0,0.0,0.9999999304563734,0.9999999304563734,0.021368119326079748,0,0,0,0,0,0,0,1.0,1.0,0.2,0.2
22,1200,0,odam,rpn,0.11740094423294067,0.0,global_ddp_mean,2,0.0,1.7524319887161255,1.7524319887161255,0.0,0.0,0.0,0.0,0.0,0.0,0.0,0.0,0.0,0.0,0.0,0.0,0.0,1.000000034353433,1.000000034353433,0.0,0,0,0,0,0,0,0,1.0,1.0,0.2,0.2
22,1200,0,odam,roi_shared,0.11740094423294067,0.0,global_ddp_mean,2,0.0,1.8144584894180298,1.8144584894180298,0.0,0.0,0.0,0.0,0.0,0.0,0.0,0.0,0.0,0.0,0.0,0.0,0.0,1.0000000253092414,1.0000000253092414,0.0,0,0,0,0,0,0,0,1.0,1.0,0.2,0.2
22,1200,0,odam,roi_cls,0.11740094423294067,0.0,global_ddp_mean,2,0.0,1.5445449352264404,1.5445449352264404,0.0,0.0,0.0,0.0,0.0,0.0,0.0,0.0,0.0,0.0,0.0,0.0,0.0,1.0000000446758397,1.0000000446758397,0.0,0,0,0,0,0,0,0,1.0,1.0,0.2,0.2
22,1200,0,odam,roi_reg,0.11740094423294067,0.0,global_ddp_mean,2,0.0,0.13717003166675568,0.13717003166675568,0.0,0.0,0.0,0.0,0.0,0.0,0.0,0.0,0.0,0.0,0.0,0.0,0.0,1.0000000223705872,1.0000000223705872,0.0,0,0,0,0,0,0,0,1.0,1.0,0.2,0.2
22,1300,0,odam,backbone,0.37311822175979614,-0.0,global_ddp_mean,2,0.0,12.21561050415039,12.21561050415039,0.0,0.0,0.0,0.0,0.0,0.0,0.0,0.0,0.0,0.0,0.0,0.0,0.0,1.0000000378014364,1.0000000378014364,0.0,0,0,0,0,0,0,0,1.0,1.0,0.2,0.2
22,1300,0,odam,fpn,0.37311822175979614,-0.0,global_ddp_mean,2,0.0,2.006871461868286,2.006871461868286,0.0,0.0,0.0,0.0,0.0,0.0,0.0,0.0,0.0,0.0,0.0,0.0,0.0,0.9999999974898914,0.9999999974898914,0.004059605976276704,0,0,0,0,0,0,0,1.0,1.0,0.2,0.2
22,1300,0,odam,rpn,0.37311822175979614,-0.0,global_ddp_mean,2,0.0,1.412434458732605,1.412434458732605,0.0,0.0,0.0,0.0,0.0,0.0,0.0,0.0,0.0,0.0,0.0,0.0,0.0,1.000000028022979,1.000000028022979,0.0,0,0,0,0,0,0,0,1.0,1.0,0.2,0.2
22,1300,0,odam,roi_shared,0.37311822175979614,-0.0,global_ddp_mean,2,0.0,4.09576416015625,4.09576416015625,0.0,0.0,0.0,0.0,0.0,0.0,0.0,0.0,0.0,0.0,0.0,0.0,0.0,1.000000099265369,1.000000099265369,0.0,0,0,0,0,0,0,0,1.0,1.0,0.2,0.2
22,1300,0,odam,roi_cls,0.37311822175979614,-0.0,global_ddp_mean,2,0.0,3.0063066482543945,3.0063066482543945,0.0,0.0,0.0,0.0,0.0,0.0,0.0,0.0,0.0,0.0,0.0,0.0,0.0,0.9999999255173495,0.9999999255173495,0.022113892512861052,0,0,0,0,0,0,0,1.0,1.0,0.2,0.2
22,1300,0,odam,roi_reg,0.37311822175979614,-0.0,global_ddp_mean,2,0.0,1.323537826538086,1.323537826538086,0.0,0.0,0.0,0.0,0.0,0.0,0.0,0.0,0.0,0.0,0.0,0.0,0.0,0.9999999309662398,0.9999999309662398,0.021289643905061363,0,0,0,0,0,0,0,1.0,1.0,0.2,0.2
22,1400,0,odam,backbone,0.5498470067977905,-0.0,global_ddp_mean,2,0.0,17.876113891601562,17.876113891601562,0.0,0.0,0.0,0.0,0.0,0.0,0.0,0.0,0.0,0.0,0.0,0.0,0.0,1.000000008054761,1.000000008054761,0.0,0,0,0,0,0,0,0,1.0,1.0,0.2,0.2
22,1400,0,odam,fpn,0.5498470067977905,-0.0,global_ddp_mean,2,0.0,3.390892505645752,3.390892505645752,0.0,0.0,0.0,0.0,0.0,0.0,0.0,0.0,0.0,0.0,0.0,0.0,0.0,1.000000065054332,1.000000065054332,0.0,0,0,0,0,0,0,0,1.0,1.0,0.2,0.2
22,1400,0,odam,rpn,0.5498470067977905,-0.0,global_ddp_mean,2,0.0,4.256234645843506,4.256234645843506,0.0,0.0,0.0,0.0,0.0,0.0,0.0,0.0,0.0,0.0,0.0,0.0,0.0,0.9999999205603365,0.9999999205603365,0.02283790862926247,0,0,0,0,0,0,0,1.0,1.0,0.2,0.2
22,1400,0,odam,roi_shared,0.5498470067977905,-0.0,global_ddp_mean,2,0.0,6.921173572540283,6.921173572540283,0.0,0.0,0.0,0.0,0.0,0.0,0.0,0.0,0.0,0.0,0.0,0.0,0.0,0.9999999514673277,0.9999999514673277,0.01785067876477635,0,0,0,0,0,0,0,1.0,1.0,0.2,0.2
22,1400,0,odam,roi_cls,0.5498470067977905,-0.0,global_ddp_mean,2,0.0,4.892833232879639,4.892833232879639,0.0,0.0,0.0,0.0,0.0,0.0,0.0,0.0,0.0,0.0,0.0,0.0,0.0,1.0000000957052462,1.0000000957052462,0.0,0,0,0,0,0,0,0,1.0,1.0,0.2,0.2
22,1400,0,odam,roi_reg,0.5498470067977905,-0.0,global_ddp_mean,2,0.0,3.677799701690674,3.677799701690674,0.0,0.0,0.0,0.0,0.0,0.0,0.0,0.0,0.0,0.0,0.0,0.0,0.0,0.9999999397822319,0.9999999397822319,0.019883826266769655,0,0,0,0,0,0,0,1.0,1.0,0.2,0.2
23,0,0,odam,backbone,0.12224136292934418,0.0,global_ddp_mean,2,0.0,10.05302906036377,10.05302906036377,0.0,0.0,0.0,0.0,0.0,0.0,0.0,0.0,0.0,0.0,0.0,0.0,0.0,0.9999999935747428,0.9999999935747428,0.00649505584410285,0,0,0,0,0,0,0,1.0,1.0,0.2,0.2
23,0,0,odam,fpn,0.12224136292934418,0.0,global_ddp_mean,2,0.0,2.2851476669311523,2.2851476669311523,0.0,0.0,0.0,0.0,0.0,0.0,0.0,0.0,0.0,0.0,0.0,0.0,0.0,0.9999999329265274,0.9999999329265274,0.020985195928492992,0,0,0,0,0,0,0,1.0,1.0,0.2,0.2
23,0,0,odam,rpn,0.12224136292934418,0.0,global_ddp_mean,2,0.0,1.769848108291626,1.769848108291626,0.0,0.0,0.0,0.0,0.0,0.0,0.0,0.0,0.0,0.0,0.0,0.0,0.0,1.0000000125461888,1.0000000125461888,0.0,0,0,0,0,0,0,0,1.0,1.0,0.2,0.2
23,0,0,odam,roi_shared,0.12224136292934418,0.0,global_ddp_mean,2,0.0,4.56052827835083,4.56052827835083,0.0,0.0,0.0,0.0,0.0,0.0,0.0,0.0,0.0,0.0,0.0,0.0,0.0,0.9999999019183932,0.9999999019183932,0.025376482301733498,0,0,0,0,0,0,0,1.0,1.0,0.2,0.2
23,0,0,odam,roi_cls,0.12224136292934418,0.0,global_ddp_mean,2,0.0,2.6778671741485596,2.6778671741485596,0.0,0.0,0.0,0.0,0.0,0.0,0.0,0.0,0.0,0.0,0.0,0.0,0.0,1.0000000309183008,1.0000000309183008,0.0,0,0,0,0,0,0,0,1.0,1.0,0.2,0.2
23,0,0,odam,roi_reg,0.12224136292934418,0.0,global_ddp_mean,2,0.0,2.6145312786102295,2.6145312786102295,0.0,0.0,0.0,0.0,0.0,0.0,0.0,0.0,0.0,0.0,0.0,0.0,0.0,0.9999999504352144,0.9999999504352144,0.01803948969781393,0,0,0,0,0,0,0,1.0,1.0,0.2,0.2
23,100,0,odam,backbone,0.08728721737861633,-0.0,global_ddp_mean,2,0.0,47.18925857543945,47.18925857543945,0.0,0.0,0.0,0.0,0.0,0.0,0.0,0.0,0.0,0.0,0.0,0.0,0.0,1.0000000210951872,1.0000000210951872,0.0,0,0,0,0,0,0,0,1.0,1.0,0.2,0.2
23,100,0,odam,fpn,0.08728721737861633,-0.0,global_ddp_mean,2,0.0,5.6559247970581055,5.6559247970581055,0.0,0.0,0.0,0.0,0.0,0.0,0.0,0.0,0.0,0.0,0.0,0.0,0.0,1.0000000432754435,1.0000000432754435,0.0,0,0,0,0,0,0,0,1.0,1.0,0.2,0.2
23,100,0,odam,rpn,0.08728721737861633,-0.0,global_ddp_mean,2,0.0,7.784671783447266,7.784671783447266,0.0,0.0,0.0,0.0,0.0,0.0,0.0,0.0,0.0,0.0,0.0,0.0,0.0,1.0000000231748194,1.0000000231748194,0.0,0,0,0,0,0,0,0,1.0,1.0,0.2,0.2
23,100,0,odam,roi_shared,0.08728721737861633,-0.0,global_ddp_mean,2,0.0,10.889579772949219,10.889579772949219,0.0,0.0,0.0,0.0,0.0,0.0,0.0,0.0,0.0,0.0,0.0,0.0,0.0,1.0000000571356478,1.0000000571356478,0.0,0,0,0,0,0,0,0,1.0,1.0,0.2,0.2
23,100,0,odam,roi_cls,0.08728721737861633,-0.0,global_ddp_mean,2,0.0,7.449790954589844,7.449790954589844,0.0,0.0,0.0,0.0,0.0,0.0,0.0,0.0,0.0,0.0,0.0,0.0,0.0,1.0000000102100515,1.0000000102100515,0.0,0,0,0,0,0,0,0,1.0,1.0,0.2,0.2
23,100,0,odam,roi_reg,0.08728721737861633,-0.0,global_ddp_mean,2,0.0,4.850371360778809,4.850371360778809,0.0,0.0,0.0,0.0,0.0,0.0,0.0,0.0,0.0,0.0,0.0,0.0,0.0,1.0000000695366098,1.0000000695366098,0.0,0,0,0,0,0,0,0,1.0,1.0,0.2,0.2
23,200,0,odam,backbone,0.517102837562561,0.0,global_ddp_mean,2,0.0,18.798139572143555,18.798139572143555,0.0,0.0,0.0,0.0,0.0,0.0,0.0,0.0,0.0,0.0,0.0,0.0,0.0,0.9999999271612754,0.9999999271612754,0.021868490143158895,0,0,0,0,0,0,0,1.0,1.0,0.2,0.2
23,200,0,odam,fpn,0.517102837562561,0.0,global_ddp_mean,2,0.0,2.3047871589660645,2.3047871589660645,0.0,0.0,0.0,0.0,0.0,0.0,0.0,0.0,0.0,0.0,0.0,0.0,0.0,1.0000000556361928,1.0000000556361928,0.0,0,0,0,0,0,0,0,1.0,1.0,0.2,0.2
23,200,0,odam,rpn,0.517102837562561,0.0,global_ddp_mean,2,0.0,1.8241084814071655,1.8241084814071655,0.0,0.0,0.0,0.0,0.0,0.0,0.0,0.0,0.0,0.0,0.0,0.0,0.0,1.000000025175144,1.000000025175144,0.0,0,0,0,0,0,0,0,1.0,1.0,0.2,0.2
23,200,0,odam,roi_shared,0.517102837562561,0.0,global_ddp_mean,2,0.0,5.1475629806518555,5.1475629806518555,0.0,0.0,0.0,0.0,0.0,0.0,0.0,0.0,0.0,0.0,0.0,0.0,0.0,0.999999907590372,0.999999907590372,0.02463180537873671,0,0,0,0,0,0,0,1.0,1.0,0.2,0.2
23,200,0,odam,roi_cls,0.517102837562561,0.0,global_ddp_mean,2,0.0,4.651702404022217,4.651702404022217,0.0,0.0,0.0,0.0,0.0,0.0,0.0,0.0,0.0,0.0,0.0,0.0,0.0,1.0000000427969409,1.0000000427969409,0.0,0,0,0,0,0,0,0,1.0,1.0,0.2,0.2
23,200,0,odam,roi_reg,0.517102837562561,0.0,global_ddp_mean,2,0.0,3.1365854740142822,3.1365854740142822,0.0,0.0,0.0,0.0,0.0,0.0,0.0,0.0,0.0,0.0,0.0,0.0,0.0,0.9999999703632513,0.9999999703632513,0.01394931592431805,0,0,0,0,0,0,0,1.0,1.0,0.2,0.2
23,300,0,odam,backbone,0.48218798637390137,0.0,global_ddp_mean,2,0.0,14.329634666442871,14.329634666442871,0.0,0.0,0.0,0.0,0.0,0.0,0.0,0.0,0.0,0.0,0.0,0.0,0.0,1.000000050003718,1.000000050003718,0.0,0,0,0,0,0,0,0,1.0,1.0,0.2,0.2
23,300,0,odam,fpn,0.48218798637390137,0.0,global_ddp_mean,2,0.0,2.4738545417785645,2.4738545417785645,0.0,0.0,0.0,0.0,0.0,0.0,0.0,0.0,0.0,0.0,0.0,0.0,0.0,0.9999999546830254,0.9999999546830254,0.01724916538042243,0,0,0,0,0,0,0,1.0,1.0,0.2,0.2
23,300,0,odam,rpn,0.48218798637390137,0.0,global_ddp_mean,2,0.0,2.565906047821045,2.565906047821045,0.0,0.0,0.0,0.0,0.0,0.0,0.0,0.0,0.0,0.0,0.0,0.0,0.0,0.999999985196357,0.999999985196357,0.009858751776142032,0,0,0,0,0,0,0,1.0,1.0,0.2,0.2
23,300,0,odam,roi_shared,0.48218798637390137,0.0,global_ddp_mean,2,0.0,4.546504020690918,4.546504020690918,0.0,0.0,0.0,0.0,0.0,0.0,0.0,0.0,0.0,0.0,0.0,0.0,0.0,0.9999999688319618,0.9999999688319618,0.014305148310244488,0,0,0,0,0,0,0,1.0,1.0,0.2,0.2
23,300,0,odam,roi_cls,0.48218798637390137,0.0,global_ddp_mean,2,0.0,2.911592483520508,2.911592483520508,0.0,0.0,0.0,0.0,0.0,0.0,0.0,0.0,0.0,0.0,0.0,0.0,0.0,0.9999999377227756,0.9999999377227756,0.02022098265512675,0,0,0,0,0,0,0,1.0,1.0,0.2,0.2
23,300,0,odam,roi_reg,0.48218798637390137,0.0,global_ddp_mean,2,0.0,5.01699686050415,5.01699686050415,0.0,0.0,0.0,0.0,0.0,0.0,0.0,0.0,0.0,0.0,0.0,0.0,0.0,1.0000000785609566,1.0000000785609566,0.0,0,0,0,0,0,0,0,1.0,1.0,0.2,0.2
23,400,0,odam,backbone,0.018834341317415237,0.0,global_ddp_mean,2,0.0,6.555075168609619,6.555075168609619,0.0,0.0,0.0,0.0,0.0,0.0,0.0,0.0,0.0,0.0,0.0,0.0,0.0,1.0000000639528086,1.0000000639528086,0.0,0,0,0,0,0,0,0,1.0,1.0,0.2,0.2
23,400,0,odam,fpn,0.018834341317415237,0.0,global_ddp_mean,2,0.0,1.2539328336715698,1.2539328336715698,0.0,0.0,0.0,0.0,0.0,0.0,0.0,0.0,0.0,0.0,0.0,0.0,0.0,0.9999999053727143,0.9999999053727143,0.02492561169535587,0,0,0,0,0,0,0,1.0,1.0,0.2,0.2
23,400,0,odam,rpn,0.018834341317415237,0.0,global_ddp_mean,2,0.0,2.725184679031372,2.725184679031372,0.0,0.0,0.0,0.0,0.0,0.0,0.0,0.0,0.0,0.0,0.0,0.0,0.0,0.9999999886658917,0.9999999886658917,0.00862643412194678,0,0,0,0,0,0,0,1.0,1.0,0.2,0.2
23,400,0,odam,roi_shared,0.018834341317415237,0.0,global_ddp_mean,2,0.0,1.8784438371658325,1.8784438371658325,0.0,0.0,0.0,0.0,0.0,0.0,0.0,0.0,0.0,0.0,0.0,0.0,0.0,1.0000000257093766,1.0000000257093766,0.0,0,0,0,0,0,0,0,1.0,1.0,0.2,0.2
23,400,0,odam,roi_cls,0.018834341317415237,0.0,global_ddp_mean,2,0.0,0.9098048806190491,0.9098048806190491,0.0,0.0,0.0,0.0,0.0,0.0,0.0,0.0,0.0,0.0,0.0,0.0,0.0,0.9999999762994923,0.9999999762994923,0.012474307786552119,0,0,0,0,0,0,0,1.0,1.0,0.2,0.2
23,400,0,odam,roi_reg,0.018834341317415237,0.0,global_ddp_mean,2,0.0,1.4428966045379639,1.4428966045379639,0.0,0.0,0.0,0.0,0.0,0.0,0.0,0.0,0.0,0.0,0.0,0.0,0.0,1.000000025520816,1.000000025520816,0.0,0,0,0,0,0,0,0,1.0,1.0,0.2,0.2
23,500,0,odam,backbone,0.11381801962852478,-0.0,global_ddp_mean,2,0.0,13.3631010055542,13.3631010055542,0.0,0.0,0.0,0.0,0.0,0.0,0.0,0.0,0.0,0.0,0.0,0.0,0.0,0.9999999748259859,0.9999999748259859,0.012856236904692732,0,0,0,0,0,0,0,1.0,1.0,0.2,0.2
23,500,0,odam,fpn,0.11381801962852478,-0.0,global_ddp_mean,2,0.0,2.424201011657715,2.424201011657715,0.0,0.0,0.0,0.0,0.0,0.0,0.0,0.0,0.0,0.0,0.0,0.0,0.0,0.9999999059766654,0.9999999059766654,0.024845941503113738,0,0,0,0,0,0,0,1.0,1.0,0.2,0.2
23,500,0,odam,rpn,0.11381801962852478,-0.0,global_ddp_mean,2,0.0,1.7006556987762451,1.7006556987762451,0.0,0.0,0.0,0.0,0.0,0.0,0.0,0.0,0.0,0.0,0.0,0.0,0.0,0.9999999964303715,0.9999999964303715,0.00484115669109224,0,0,0,0,0,0,0,1.0,1.0,0.2,0.2
23,500,0,odam,roi_shared,0.11381801962852478,-0.0,global_ddp_mean,2,0.0,5.24069356918335,5.24069356918335,0.0,0.0,0.0,0.0,0.0,0.0,0.0,0.0,0.0,0.0,0.0,0.0,0.0,0.9999999803185848,0.9999999803185848,0.011367521707959977,0,0,0,0,0,0,0,1.0,1.0,0.2,0.2
23,500,0,odam,roi_cls,0.11381801962852478,-0.0,global_ddp_mean,2,0.0,2.865875244140625,2.865875244140625,0.0,0.0,0.0,0.0,0.0,0.0,0.0,0.0,0.0,0.0,0.0,0.0,0.0,1.0000000806222973,1.0000000806222973,0.0,0,0,0,0,0,0,0,1.0,1.0,0.2,0.2
23,500,0,odam,roi_reg,0.11381801962852478,-0.0,global_ddp_mean,2,0.0,2.6962814331054688,2.6962814331054688,0.0,0.0,0.0,0.0,0.0,0.0,0.0,0.0,0.0,0.0,0.0,0.0,0.0,0.9999999528489618,0.9999999528489618,0.01759475653595088,0,0,0,0,0,0,0,1.0,1.0,0.2,0.2
23,600,0,odam,backbone,0.07290630042552948,0.0,global_ddp_mean,2,0.0,22.22785758972168,22.22785758972168,0.0,0.0,0.0,0.0,0.0,0.0,0.0,0.0,0.0,0.0,0.0,0.0,0.0,0.9999999669885946,0.9999999669885946,0.01472209576273649,0,0,0,0,0,0,0,1.0,1.0,0.2,0.2
23,600,0,odam,fpn,0.07290630042552948,0.0,global_ddp_mean,2,0.0,2.1962404251098633,2.1962404251098633,0.0,0.0,0.0,0.0,0.0,0.0,0.0,0.0,0.0,0.0,0.0,0.0,0.0,1.0000001026150165,1.0000001026150165,0.0,0,0,0,0,0,0,0,1.0,1.0,0.2,0.2
23,600,0,odam,rpn,0.07290630042552948,0.0,global_ddp_mean,2,0.0,1.3311330080032349,1.3311330080032349,0.0,0.0,0.0,0.0,0.0,0.0,0.0,0.0,0.0,0.0,0.0,0.0,0.0,0.9999999288668606,0.9999999288668606,0.02161093817572072,0,0,0,0,0,0,0,1.0,1.0,0.2,0.2
23,600,0,odam,roi_shared,0.07290630042552948,0.0,global_ddp_mean,2,0.0,4.677793979644775,4.677793979644775,0.0,0.0,0.0,0.0,0.0,0.0,0.0,0.0,0.0,0.0,0.0,0.0,0.0,1.000000055763583,1.000000055763583,0.0,0,0,0,0,0,0,0,1.0,1.0,0.2,0.2
23,600,0,odam,roi_cls,0.07290630042552948,0.0,global_ddp_mean,2,0.0,2.6069371700286865,2.6069371700286865,0.0,0.0,0.0,0.0,0.0,0.0,0.0,0.0,0.0,0.0,0.0,0.0,0.0,0.9999999576193127,0.9999999576193127,0.01668098260569247,0,0,0,0,0,0,0,1.0,1.0,0.2,0.2
23,600,0,odam,roi_reg,0.07290630042552948,0.0,global_ddp_mean,2,0.0,2.510136842727661,2.510136842727661,0.0,0.0,0.0,0.0,0.0,0.0,0.0,0.0,0.0,0.0,0.0,0.0,0.0,0.9999999247697069,0.9999999247697069,0.022224602899435474,0,0,0,0,0,0,0,1.0,1.0,0.2,0.2
23,700,0,odam,backbone,0.07224693894386292,0.0,global_ddp_mean,2,0.0,8.050398826599121,8.050398826599121,0.0,0.0,0.0,0.0,0.0,0.0,0.0,0.0,0.0,0.0,0.0,0.0,0.0,0.9999998907135306,0.9999998907135306,0.02678679982187982,0,0,0,0,0,0,0,1.0,1.0,0.2,0.2
23,700,0,odam,fpn,0.07224693894386292,0.0,global_ddp_mean,2,0.0,1.5074267387390137,1.5074267387390137,0.0,0.0,0.0,0.0,0.0,0.0,0.0,0.0,0.0,0.0,0.0,0.0,0.0,0.9999999640209248,0.9999999640209248,0.015369602280015797,0,0,0,0,0,0,0,1.0,1.0,0.2,0.2
23,700,0,odam,rpn,0.07224693894386292,0.0,global_ddp_mean,2,0.0,1.9775880575180054,1.9775880575180054,0.0,0.0,0.0,0.0,0.0,0.0,0.0,0.0,0.0,0.0,0.0,0.0,0.0,0.9999999525325661,0.9999999525325661,0.017653690524526356,0,0,0,0,0,0,0,1.0,1.0,0.2,0.2
23,700,0,odam,roi_shared,0.07224693894386292,0.0,global_ddp_mean,2,0.0,2.7951982021331787,2.7951982021331787,0.0,0.0,0.0,0.0,0.0,0.0,0.0,0.0,0.0,0.0,0.0,0.0,0.0,0.9999999710359955,0.9999999710359955,0.013790084731116103,0,0,0,0,0,0,0,1.0,1.0,0.2,0.2
23,700,0,odam,roi_cls,0.07224693894386292,0.0,global_ddp_mean,2,0.0,1.865936517715454,1.865936517715454,0.0,0.0,0.0,0.0,0.0,0.0,0.0,0.0,0.0,0.0,0.0,0.0,0.0,0.9999999795746685,0.9999999795746685,0.01158036340533266,0,0,0,0,0,0,0,1.0,1.0,0.2,0.2
23,700,0,odam,roi_reg,0.07224693894386292,0.0,global_ddp_mean,2,0.0,2.2222769260406494,2.2222769260406494,0.0,0.0,0.0,0.0,0.0,0.0,0.0,0.0,0.0,0.0,0.0,0.0,0.0,1.000000091180681,1.000000091180681,0.0,0,0,0,0,0,0,0,1.0,1.0,0.2,0.2
23,800,0,odam,backbone,0.33438920974731445,0.0,global_ddp_mean,2,0.0,19.047805786132812,19.047805786132812,0.0,0.0,0.0,0.0,0.0,0.0,0.0,0.0,0.0,0.0,0.0,0.0,0.0,0.9999999253280186,0.9999999253280186,0.022141980836405874,0,0,0,0,0,0,0,1.0,1.0,0.2,0.2
23,800,0,odam,fpn,0.33438920974731445,0.0,global_ddp_mean,2,0.0,1.660203456878662,1.660203456878662,0.0,0.0,0.0,0.0,0.0,0.0,0.0,0.0,0.0,0.0,0.0,0.0,0.0,0.9999999626991835,0.9999999626991835,0.015649367922133013,0,0,0,0,0,0,0,1.0,1.0,0.2,0.2
23,800,0,odam,rpn,0.33438920974731445,0.0,global_ddp_mean,2,0.0,3.262329339981079,3.262329339981079,0.0,0.0,0.0,0.0,0.0,0.0,0.0,0.0,0.0,0.0,0.0,0.0,0.0,0.999999998047487,0.999999998047487,0.003580425172721946,0,0,0,0,0,0,0,1.0,1.0,0.2,0.2
23,800,0,odam,roi_shared,0.33438920974731445,0.0,global_ddp_mean,2,0.0,2.6599905490875244,2.6599905490875244,0.0,0.0,0.0,0.0,0.0,0.0,0.0,0.0,0.0,0.0,0.0,0.0,0.0,0.9999999158279447,0.9999999158279447,0.023508320297004736,0,0,0,0,0,0,0,1.0,1.0,0.2,0.2
23,800,0,odam,roi_cls,0.33438920974731445,0.0,global_ddp_mean,2,0.0,1.9330943822860718,1.9330943822860718,0.0,0.0,0.0,0.0,0.0,0.0,0.0,0.0,0.0,0.0,0.0,0.0,0.0,1.0000000496566186,1.0000000496566186,0.0,0,0,0,0,0,0,0,1.0,1.0,0.2,0.2
23,800,0,odam,roi_reg,0.33438920974731445,0.0,global_ddp_mean,2,0.0,1.7450101375579834,1.7450101375579834,0.0,0.0,0.0,0.0,0.0,0.0,0.0,0.0,0.0,0.0,0.0,0.0,0.0,1.000000005259116,1.000000005259116,0.0,0,0,0,0,0,0,0,1.0,1.0,0.2,0.2
23,900,0,odam,backbone,0.49561065435409546,0.08847521245479584,global_ddp_mean,2,-0.12604546152016086,22.046749114990234,22.046749114990234,4.344614505767822,4.344614505767822,4.344614505767822,4.344614505767822,0.8689229011535645,4.344614505767822,0.19706372504660066,0.19706372504660066,0.19706372504660066,0.03941274500932014,0.03941274500932014,-0.0049677977325788755,-0.0049677977325788755,0.9950322603606692,0.9992290089545789,2.250039821049473,1,0,0,1,1,0,0,1.0,1.0,0.2,0.2
23,900,0,odam,fpn,0.49561065435409546,0.08847521245479584,global_ddp_mean,2,-0.010174450757612884,4.55419397354126,4.55419397354126,0.976729154586792,0.976729154586792,0.976729154586792,0.976729154586792,0.1953458309173584,0.976729154586792,0.21446806180442615,0.21446806180442615,0.21446806180442615,0.04289361236088523,0.04289361236088523,-0.0004364191084334038,-0.0004364191084334038,0.9995635426551839,0.9990805739886569,2.4571366175758094,1,0,0,1,1,0,0,1.0,1.0,0.2,0.2
23,900,0,odam,rpn,0.49561065435409546,0.08847521245479584,global_ddp_mean,2,0.0,4.53317403793335,4.53317403793335,0.0,0.0,0.0,0.0,0.0,0.0,0.0,0.0,0.0,0.0,0.0,0.0,0.0,0.999999931524771,0.999999931524771,0.021203344985389755,0,0,0,0,0,0,0,1.0,1.0,0.2,0.2
23,900,0,odam,roi_shared,0.49561065435409546,0.08847521245479584,global_ddp_mean,2,-0.06812895849164304,9.16640567779541,9.16640567779541,1.6762350797653198,1.6762350797653198,1.6762350797653198,1.6762350797653198,0.335247015953064,1.6762350797653198,0.182867215208008,0.182867215208008,0.182867215208008,0.03657344304160161,0.03657344304160161,-0.002491710653816239,-0.002491710653816239,0.9975082546820854,0.999331587420162,2.095000501801424,1,0,0,1,1,0,0,1.0,1.0,0.2,0.2
23,900,0,odam,roi_cls,0.49561065435409546,0.08847521245479584,global_ddp_mean,2,0.0,7.628021240234375,7.628021240234375,0.0,0.0,0.0,0.0,0.0,0.0,0.0,0.0,0.0,0.0,0.0,0.0,0.0,1.000000039806329,1.000000039806329,0.0,0,0,0,0,0,0,0,1.0,1.0,0.2,0.2
23,900,0,odam,roi_reg,0.49561065435409546,0.08847521245479584,global_ddp_mean,2,-0.5231163398279755,6.576542377471924,6.576542377471924,5.337001323699951,5.337001323699951,5.337001323699951,5.337001323699951,1.0674002647399903,5.337001323699951,0.8115208596514112,0.8115208596514112,0.8115208596514112,0.16230417193028224,0.16230417193028224,-0.08490397648637488,-0.08490397648637488,0.9150960217609501,0.9887674661114777,8.595751618781968,1,0,0,1,1,0,0,1.0,1.0,0.2,0.2
23,1000,0,odam,backbone,0.21495147049427032,0.0,global_ddp_mean,2,0.0,11.867621421813965,11.867621421813965,0.0,0.0,0.0,0.0,0.0,0.0,0.0,0.0,0.0,0.0,0.0,0.0,0.0,1.000000004482205,1.000000004482205,0.0,0,0,0,0,0,0,0,1.0,1.0,0.2,0.2
23,1000,0,odam,fpn,0.21495147049427032,0.0,global_ddp_mean,2,0.0,1.384352207183838,1.384352207183838,0.0,0.0,0.0,0.0,0.0,0.0,0.0,0.0,0.0,0.0,0.0,0.0,0.0,1.0000000187010751,1.0000000187010751,0.0,0,0,0,0,0,0,0,1.0,1.0,0.2,0.2
23,1000,0,odam,rpn,0.21495147049427032,0.0,global_ddp_mean,2,0.0,1.0187782049179077,1.0187782049179077,0.0,0.0,0.0,0.0,0.0,0.0,0.0,0.0,0.0,0.0,0.0,0.0,0.0,0.999999885239714,0.999999885239714,0.027449437261476382,0,0,0,0,0,0,0,1.0,1.0,0.2,0.2
23,1000,0,odam,roi_shared,0.21495147049427032,0.0,global_ddp_mean,2,0.0,2.8114378452301025,2.8114378452301025,0.0,0.0,0.0,0.0,0.0,0.0,0.0,0.0,0.0,0.0,0.0,0.0,0.0,1.000000019398224,1.000000019398224,0.0,0,0,0,0,0,0,0,1.0,1.0,0.2,0.2
23,1000,0,odam,roi_cls,0.21495147049427032,0.0,global_ddp_mean,2,0.0,1.9910272359848022,1.9910272359848022,0.0,0.0,0.0,0.0,0.0,0.0,0.0,0.0,0.0,0.0,0.0,0.0,0.0,0.999999958772678,0.999999958772678,0.016452435405614356,0,0,0,0,0,0,0,1.0,1.0,0.2,0.2
23,1000,0,odam,roi_reg,0.21495147049427032,0.0,global_ddp_mean,2,0.0,0.9315131306648254,0.9315131306648254,0.0,0.0,0.0,0.0,0.0,0.0,0.0,0.0,0.0,0.0,0.0,0.0,0.0,0.9999999509463543,0.9999999509463543,0.017946231967456556,0,0,0,0,0,0,0,1.0,1.0,0.2,0.2
23,1100,0,odam,backbone,0.22908754646778107,0.0,global_ddp_mean,2,0.0,24.345233917236328,24.345233917236328,0.0,0.0,0.0,0.0,0.0,0.0,0.0,0.0,0.0,0.0,0.0,0.0,0.0,0.9999999226702352,0.9999999226702352,0.022532582907754076,0,0,0,0,0,0,0,1.0,1.0,0.2,0.2
23,1100,0,odam,fpn,0.22908754646778107,0.0,global_ddp_mean,2,0.0,3.8220572471618652,3.8220572471618652,0.0,0.0,0.0,0.0,0.0,0.0,0.0,0.0,0.0,0.0,0.0,0.0,0.0,1.0000000185763587,1.0000000185763587,0.0,0,0,0,0,0,0,0,1.0,1.0,0.2,0.2
23,1100,0,odam,rpn,0.22908754646778107,0.0,global_ddp_mean,2,0.0,4.607500076293945,4.607500076293945,0.0,0.0,0.0,0.0,0.0,0.0,0.0,0.0,0.0,0.0,0.0,0.0,0.0,0.9999999270629105,0.9999999270629105,0.021883251285142187,0,0,0,0,0,0,0,1.0,1.0,0.2,0.2
23,1100,0,odam,roi_shared,0.22908754646778107,0.0,global_ddp_mean,2,0.0,5.35680627822876,5.35680627822876,0.0,0.0,0.0,0.0,0.0,0.0,0.0,0.0,0.0,0.0,0.0,0.0,0.0,1.0000000011390404,1.0000000011390404,0.0,0,0,0,0,0,0,0,1.0,1.0,0.2,0.2
23,1100,0,odam,roi_cls,0.22908754646778107,0.0,global_ddp_mean,2,0.0,4.274336814880371,4.274336814880371,0.0,0.0,0.0,0.0,0.0,0.0,0.0,0.0,0.0,0.0,0.0,0.0,0.0,1.0000000756270842,1.0000000756270842,0.0,0,0,0,0,0,0,0,1.0,1.0,0.2,0.2
23,1100,0,odam,roi_reg,0.22908754646778107,0.0,global_ddp_mean,2,0.0,2.4452145099639893,2.4452145099639893,0.0,0.0,0.0,0.0,0.0,0.0,0.0,0.0,0.0,0.0,0.0,0.0,0.0,1.0000000800142266,1.0000000800142266,0.0,0,0,0,0,0,0,0,1.0,1.0,0.2,0.2
23,1200,0,odam,backbone,0.3000344932079315,-0.0,global_ddp_mean,2,0.0,7.934305667877197,7.934305667877197,0.0,0.0,0.0,0.0,0.0,0.0,0.0,0.0,0.0,0.0,0.0,0.0,0.0,0.9999999789897018,0.9999999789897018,0.01174501941103717,0,0,0,0,0,0,0,1.0,1.0,0.2,0.2
23,1200,0,odam,fpn,0.3000344932079315,-0.0,global_ddp_mean,2,0.0,2.2157185077667236,2.2157185077667236,0.0,0.0,0.0,0.0,0.0,0.0,0.0,0.0,0.0,0.0,0.0,0.0,0.0,0.9999999158429744,0.9999999158429744,0.023506221381414276,0,0,0,0,0,0,0,1.0,1.0,0.2,0.2
23,1200,0,odam,rpn,0.3000344932079315,-0.0,global_ddp_mean,2,0.0,2.6558196544647217,2.6558196544647217,0.0,0.0,0.0,0.0,0.0,0.0,0.0,0.0,0.0,0.0,0.0,0.0,0.0,1.0000000772622162,1.0000000772622162,0.0,0,0,0,0,0,0,0,1.0,1.0,0.2,0.2
23,1200,0,odam,roi_shared,0.3000344932079315,-0.0,global_ddp_mean,2,0.0,4.774273872375488,4.774273872375488,0.0,0.0,0.0,0.0,0.0,0.0,0.0,0.0,0.0,0.0,0.0,0.0,0.0,1.0000000274937744,1.0000000274937744,0.0,0,0,0,0,0,0,0,1.0,1.0,0.2,0.2
23,1200,0,odam,roi_cls,0.3000344932079315,-0.0,global_ddp_mean,2,0.0,3.2750442028045654,3.2750442028045654,0.0,0.0,0.0,0.0,0.0,0.0,0.0,0.0,0.0,0.0,0.0,0.0,0.0,0.9999999506933468,0.9999999506933468,0.01799245372753204,0,0,0,0,0,0,0,1.0,1.0,0.2,0.2
23,1200,0,odam,roi_reg,0.3000344932079315,-0.0,global_ddp_mean,2,0.0,1.7898529767990112,1.7898529767990112,0.0,0.0,0.0,0.0,0.0,0.0,0.0,0.0,0.0,0.0,0.0,0.0,0.0,0.9999999334465153,0.9999999334465153,0.020903693677839445,0,0,0,0,0,0,0,1.0,1.0,0.2,0.2
23,1300,0,odam,backbone,0.25319966673851013,0.0,global_ddp_mean,2,0.0,37.41746139526367,37.41746139526367,0.0,0.0,0.0,0.0,0.0,0.0,0.0,0.0,0.0,0.0,0.0,0.0,0.0,0.9999999049428241,0.9999999049428241,0.024982165864077525,0,0,0,0,0,0,0,1.0,1.0,0.2,0.2
23,1300,0,odam,fpn,0.25319966673851013,0.0,global_ddp_mean,2,0.0,3.855027914047241,3.855027914047241,0.0,0.0,0.0,0.0,0.0,0.0,0.0,0.0,0.0,0.0,0.0,0.0,0.0,0.9999999471918334,0.9999999471918334,0.018620364455600634,0,0,0,0,0,0,0,1.0,1.0,0.2,0.2
23,1300,0,odam,rpn,0.25319966673851013,0.0,global_ddp_mean,2,0.0,4.083933353424072,4.083933353424072,0.0,0.0,0.0,0.0,0.0,0.0,0.0,0.0,0.0,0.0,0.0,0.0,0.0,0.9999999418823421,0.9999999418823421,0.019534022539026724,0,0,0,0,0,0,0,1.0,1.0,0.2,0.2
23,1300,0,odam,roi_shared,0.25319966673851013,0.0,global_ddp_mean,2,0.0,6.87244987487793,6.87244987487793,0.0,0.0,0.0,0.0,0.0,0.0,0.0,0.0,0.0,0.0,0.0,0.0,0.0,1.0000000137499774,1.0000000137499774,0.0,0,0,0,0,0,0,0,1.0,1.0,0.2,0.2
23,1300,0,odam,roi_cls,0.25319966673851013,0.0,global_ddp_mean,2,0.0,6.426955223083496,6.426955223083496,0.0,0.0,0.0,0.0,0.0,0.0,0.0,0.0,0.0,0.0,0.0,0.0,0.0,1.000000052673392,1.000000052673392,0.0,0,0,0,0,0,0,0,1.0,1.0,0.2,0.2
23,1300,0,odam,roi_reg,0.25319966673851013,0.0,global_ddp_mean,2,0.0,2.665982961654663,2.665982961654663,0.0,0.0,0.0,0.0,0.0,0.0,0.0,0.0,0.0,0.0,0.0,0.0,0.0,1.0000000162291935,1.0000000162291935,0.0,0,0,0,0,0,0,0,1.0,1.0,0.2,0.2
23,1400,0,odam,backbone,0.023075932636857033,0.0,global_ddp_mean,2,0.0,9.934455871582031,9.934455871582031,0.0,0.0,0.0,0.0,0.0,0.0,0.0,0.0,0.0,0.0,0.0,0.0,0.0,0.9999999157690141,0.9999999157690141,0.02351654817813903,0,0,0,0,0,0,0,1.0,1.0,0.2,0.2
23,1400,0,odam,fpn,0.023075932636857033,0.0,global_ddp_mean,2,0.0,2.117837429046631,2.117837429046631,0.0,0.0,0.0,0.0,0.0,0.0,0.0,0.0,0.0,0.0,0.0,0.0,0.0,0.9999999639623273,0.9999999639623273,0.015382113093083363,0,0,0,0,0,0,0,1.0,1.0,0.2,0.2
23,1400,0,odam,rpn,0.023075932636857033,0.0,global_ddp_mean,2,0.0,2.803454875946045,2.803454875946045,0.0,0.0,0.0,0.0,0.0,0.0,0.0,0.0,0.0,0.0,0.0,0.0,0.0,1.0000000635860085,1.0000000635860085,0.0,0,0,0,0,0,0,0,1.0,1.0,0.2,0.2
23,1400,0,odam,roi_shared,0.023075932636857033,0.0,global_ddp_mean,2,0.0,4.0068039894104,4.0068039894104,0.0,0.0,0.0,0.0,0.0,0.0,0.0,0.0,0.0,0.0,0.0,0.0,0.0,1.0000000865455672,1.0000000865455672,0.0,0,0,0,0,0,0,0,1.0,1.0,0.2,0.2
23,1400,0,odam,roi_cls,0.023075932636857033,0.0,global_ddp_mean,2,0.0,2.4912760257720947,2.4912760257720947,0.0,0.0,0.0,0.0,0.0,0.0,0.0,0.0,0.0,0.0,0.0,0.0,0.0,0.9999999915894685,0.9999999915894685,0.007431035759899804,0,0,0,0,0,0,0,1.0,1.0,0.2,0.2
23,1400,0,odam,roi_reg,0.023075932636857033,0.0,global_ddp_mean,2,0.0,2.8719120025634766,2.8719120025634766,0.0,0.0,0.0,0.0,0.0,0.0,0.0,0.0,0.0,0.0,0.0,0.0,0.0,1.0000000579363713,1.0000000579363713,0.0,0,0,0,0,0,0,0,1.0,1.0,0.2,0.2
24,0,0,odam,backbone,0.1242777407169342,0.0,global_ddp_mean,2,0.0,12.100574493408203,12.100574493408203,0.0,0.0,0.0,0.0,0.0,0.0,0.0,0.0,0.0,0.0,0.0,0.0,0.0,1.0000000092090437,1.0000000092090437,0.0,0,0,0,0,0,0,0,1.0,1.0,0.2,0.2
24,0,0,odam,fpn,0.1242777407169342,0.0,global_ddp_mean,2,0.0,2.3829660415649414,2.3829660415649414,0.0,0.0,0.0,0.0,0.0,0.0,0.0,0.0,0.0,0.0,0.0,0.0,0.0,0.9999999512382798,0.9999999512382798,0.01789275194414501,0,0,0,0,0,0,0,1.0,1.0,0.2,0.2
24,0,0,odam,rpn,0.1242777407169342,0.0,global_ddp_mean,2,0.0,2.038959264755249,2.038959264755249,0.0,0.0,0.0,0.0,0.0,0.0,0.0,0.0,0.0,0.0,0.0,0.0,0.0,0.9999999875796726,0.9999999875796726,0.009030341062368876,0,0,0,0,0,0,0,1.0,1.0,0.2,0.2
24,0,0,odam,roi_shared,0.1242777407169342,0.0,global_ddp_mean,2,0.0,5.742865562438965,5.742865562438965,0.0,0.0,0.0,0.0,0.0,0.0,0.0,0.0,0.0,0.0,0.0,0.0,0.0,1.0000000615128621,1.0000000615128621,0.0,0,0,0,0,0,0,0,1.0,1.0,0.2,0.2
24,0,0,odam,roi_cls,0.1242777407169342,0.0,global_ddp_mean,2,0.0,3.6649904251098633,3.6649904251098633,0.0,0.0,0.0,0.0,0.0,0.0,0.0,0.0,0.0,0.0,0.0,0.0,0.0,1.0000000590362377,1.0000000590362377,0.0,0,0,0,0,0,0,0,1.0,1.0,0.2,0.2
24,0,0,odam,roi_reg,0.1242777407169342,0.0,global_ddp_mean,2,0.0,1.5334477424621582,1.5334477424621582,0.0,0.0,0.0,0.0,0.0,0.0,0.0,0.0,0.0,0.0,0.0,0.0,0.0,1.000000062478539,1.000000062478539,0.0,0,0,0,0,0,0,0,1.0,1.0,0.2,0.2
24,100,0,odam,backbone,0.005238829646259546,0.0,global_ddp_mean,2,0.14788503207737566,7.199671745300293,7.199671745300293,3.81315016746521,3.81315016746521,3.81315016746521,3.81315016746521,0.762630033493042,3.81315016746521,0.5296283361743969,0.5296283361743969,0.5296283361743969,0.10592566723487937,0.10592566723487937,0.015664819546961754,0.015664819546961754,1.015664508424931,0.9947223011348482,5.889129778137197,0,0,0,0,0,0,0,1.0,1.0,0.2,0.2
24,100,0,odam,fpn,0.005238829646259546,0.0,global_ddp_mean,2,-0.01525217266690984,0.8578184247016907,0.8578184247016907,1.0548076629638672,1.0548076629638672,1.0548076629638672,1.0548076629638672,0.21096153259277345,1.0548076629638672,1.2296397845857416,1.2296397845857416,1.2296397845857416,0.24592795691714836,0.24592795691714836,-0.0037509339539098657,-0.0037509339539098657,0.996249136481749,0.9708634652197465,13.864900104184777,1,1,0,1,1,0,0,1.0,1.0,0.2,0.2
24,100,0,odam,rpn,0.005238829646259546,0.0,global_ddp_mean,2,0.0,1.616373896598816,1.616373896598816,0.0,0.0,0.0,0.0,0.0,0.0,0.0,0.0,0.0,0.0,0.0,0.0,0.0,0.999999956951927,0.999999956951927,0.0168118106340858,0,0,0,0,0,0,0,1.0,1.0,0.2,0.2
24,100,0,odam,roi_shared,0.005238829646259546,0.0,global_ddp_mean,2,-0.0755197108918606,1.6792411804199219,1.6792411804199219,0.447162002325058,0.447162002325058,0.447162002325058,0.447162002325058,0.08943240046501161,0.447162002325058,0.26628813510471305,0.26628813510471305,0.26628813510471305,0.05325762702094262,0.05325762702094262,-0.004022001322010246,-0.004022001322010246,0.9959780307506614,0.9985815103206008,3.0521232739793165,1,0,0,1,1,0,0,1.0,1.0,0.2,0.2
24,100,0,odam,roi_cls,0.005238829646259546,0.0,global_ddp_mean,2,0.0,0.8514869809150696,0.8514869809150696,0.0,0.0,0.0,0.0,0.0,0.0,0.0,0.0,0.0,0.0,0.0,0.0,0.0,0.999999980573171,0.999999980573171,0.011293760925482819,0,0,0,0,0,0,0,1.0,1.0,0.2,0.2
24,100,0,odam,roi_reg,0.005238829646259546,0.0,global_ddp_mean,2,-0.019639596616883543,1.447799801826477,1.447799801826477,0.9320204854011536,0.9320204854011536,0.9320204854011536,0.9320204854011536,0.18640409708023073,0.9320204854011536,0.6437495600050226,0.6437495600050226,0.6437495600050226,0.12874991200100455,0.12874991200100455,-0.002528596602743151,-0.002528596602743151,0.9974715713956079,0.9917755495158809,7.353416715437573,1,0,0,1,1,0,0,1.0,1.0,0.2,0.2
24,200,0,odam,backbone,0.1465659737586975,0.0,global_ddp_mean,2,0.0,7.468747138977051,7.468747138977051,0.0,0.0,0.0,0.0,0.0,0.0,0.0,0.0,0.0,0.0,0.0,0.0,0.0,1.0000000138906753,1.0000000138906753,0.0,0,0,0,0,0,0,0,1.0,1.0,0.2,0.2
24,200,0,odam,fpn,0.1465659737586975,0.0,global_ddp_mean,2,0.0,0.9246895909309387,0.9246895909309387,0.0,0.0,0.0,0.0,0.0,0.0,0.0,0.0,0.0,0.0,0.0,0.0,0.0,1.0000000260328998,1.0000000260328998,0.0,0,0,0,0,0,0,0,1.0,1.0,0.2,0.2
24,200,0,odam,rpn,0.1465659737586975,0.0,global_ddp_mean,2,0.0,1.1812140941619873,1.1812140941619873,0.0,0.0,0.0,0.0,0.0,0.0,0.0,0.0,0.0,0.0,0.0,0.0,0.0,1.0000000251346952,1.0000000251346952,0.0,0,0,0,0,0,0,0,1.0,1.0,0.2,0.2
24,200,0,odam,roi_shared,0.1465659737586975,0.0,global_ddp_mean,2,0.0,1.9808155298233032,1.9808155298233032,0.0,0.0,0.0,0.0,0.0,0.0,0.0,0.0,0.0,0.0,0.0,0.0,0.0,0.999999958194733,0.999999958194733,0.016567353259516197,0,0,0,0,0,0,0,1.0,1.0,0.2,0.2
24,200,0,odam,roi_cls,0.1465659737586975,0.0,global_ddp_mean,2,0.0,1.5358455181121826,1.5358455181121826,0.0,0.0,0.0,0.0,0.0,0.0,0.0,0.0,0.0,0.0,0.0,0.0,0.0,0.9999999731026897,0.9999999731026897,0.01328899253831449,0,0,0,0,0,0,0,1.0,1.0,0.2,0.2
24,200,0,odam,roi_reg,0.1465659737586975,0.0,global_ddp_mean,2,0.0,1.1329069137573242,1.1329069137573242,0.0,0.0,0.0,0.0,0.0,0.0,0.0,0.0,0.0,0.0,0.0,0.0,0.0,1.0000000511047673,1.0000000511047673,0.0,0,0,0,0,0,0,0,1.0,1.0,0.2,0.2
24,300,0,odam,backbone,0.00755449989810586,0.0,global_ddp_mean,2,0.0,4.600342273712158,4.600342273712158,0.0,0.0,0.0,0.0,0.0,0.0,0.0,0.0,0.0,0.0,0.0,0.0,0.0,0.9999999926618545,0.9999999926618545,0.006941139789868146,0,0,0,0,0,0,0,1.0,1.0,0.2,0.2
24,300,0,odam,fpn,0.00755449989810586,0.0,global_ddp_mean,2,0.0,1.0652453899383545,1.0652453899383545,0.0,0.0,0.0,0.0,0.0,0.0,0.0,0.0,0.0,0.0,0.0,0.0,0.0,0.9999998974330286,0.9999998974330286,0.02595024125667463,0,0,0,0,0,0,0,1.0,1.0,0.2,0.2
24,300,0,odam,rpn,0.00755449989810586,0.0,global_ddp_mean,2,0.0,1.6531031131744385,1.6531031131744385,0.0,0.0,0.0,0.0,0.0,0.0,0.0,0.0,0.0,0.0,0.0,0.0,0.0,1.0000000132386149,1.0000000132386149,0.0,0,0,0,0,0,0,0,1.0,1.0,0.2,0.2
24,300,0,odam,roi_shared,0.00755449989810586,0.0,global_ddp_mean,2,0.0,1.9959498643875122,1.9959498643875122,0.0,0.0,0.0,0.0,0.0,0.0,0.0,0.0,0.0,0.0,0.0,0.0,0.0,1.0000000118688916,1.0000000118688916,0.0,0,0,0,0,0,0,0,1.0,1.0,0.2,0.2
24,300,0,odam,roi_cls,0.00755449989810586,0.0,global_ddp_mean,2,0.0,1.6631577014923096,1.6631577014923096,0.0,0.0,0.0,0.0,0.0,0.0,0.0,0.0,0.0,0.0,0.0,0.0,0.0,1.0000000690118858,1.0000000690118858,0.0,0,0,0,0,0,0,0,1.0,1.0,0.2,0.2
24,300,0,odam,roi_reg,0.00755449989810586,0.0,global_ddp_mean,2,0.0,0.5245959758758545,0.5245959758758545,0.0,0.0,0.0,0.0,0.0,0.0,0.0,0.0,0.0,0.0,0.0,0.0,0.0,0.9999999829683074,0.9999999829683074,0.010574663003252958,0,0,0,0,0,0,0,1.0,1.0,0.2,0.2
24,400,0,odam,backbone,0.02761261910200119,-0.0,global_ddp_mean,2,0.0,7.567574501037598,7.567574501037598,0.0,0.0,0.0,0.0,0.0,0.0,0.0,0.0,0.0,0.0,0.0,0.0,0.0,1.000000014547533,1.000000014547533,0.0,0,0,0,0,0,0,0,1.0,1.0,0.2,0.2
24,400,0,odam,fpn,0.02761261910200119,-0.0,global_ddp_mean,2,0.0,1.7757762670516968,1.7757762670516968,0.0,0.0,0.0,0.0,0.0,0.0,0.0,0.0,0.0,0.0,0.0,0.0,0.0,0.9999999990588486,0.9999999990588486,0.0024858068002000643,0,0,0,0,0,0,0,1.0,1.0,0.2,0.2
24,400,0,odam,rpn,0.02761261910200119,-0.0,global_ddp_mean,2,0.0,0.3739139139652252,0.3739139139652252,0.0,0.0,0.0,0.0,0.0,0.0,0.0,0.0,0.0,0.0,0.0,0.0,0.0,0.9999999296072704,0.9999999296072704,0.02149817213556799,0,0,0,0,0,0,0,1.0,1.0,0.2,0.2
24,400,0,odam,roi_shared,0.02761261910200119,-0.0,global_ddp_mean,2,0.0,3.789062023162842,3.789062023162842,0.0,0.0,0.0,0.0,0.0,0.0,0.0,0.0,0.0,0.0,0.0,0.0,0.0,0.9999999859882963,0.9999999859882963,0.009591424288702993,0,0,0,0,0,0,0,1.0,1.0,0.2,0.2
24,400,0,odam,roi_cls,0.02761261910200119,-0.0,global_ddp_mean,2,0.0,3.415224313735962,3.415224313735962,0.0,0.0,0.0,0.0,0.0,0.0,0.0,0.0,0.0,0.0,0.0,0.0,0.0,0.9999999363336504,0.9999999363336504,0.02044525857441131,0,0,0,0,0,0,0,1.0,1.0,0.2,0.2
24,400,0,odam,roi_reg,0.02761261910200119,-0.0,global_ddp_mean,2,0.0,0.05538986995816231,0.05538986995816231,0.0,0.0,0.0,0.0,0.0,0.0,0.0,0.0,0.0,0.0,0.0,0.0,0.0,1.0000000335013597,1.0000000335013597,0.0,0,0,0,0,0,0,0,1.0,1.0,0.2,0.2
24,500,0,odam,backbone,0.6542806625366211,1.2398546934127808,global_ddp_mean,2,0.6319684115769945,21.630531311035156,21.630531311035156,24.998027801513672,24.998027801513672,24.998027801513672,24.998027801513672,4.999605560302735,24.998027801513672,1.1556825600839742,1.1556825600839742,1.1556825600839742,0.23113651201679486,0.23113651201679486,0.1460709482666044,0.1460709482666044,1.146071009248935,0.9880048277966565,8.883333185161778,0,1,0,0,0,0,0,1.0,1.0,0.2,0.2
24,500,0,odam,fpn,0.6542806625366211,1.2398546934127808,global_ddp_mean,2,0.004253214783289321,2.3405544757843018,2.3405544757843018,5.293802261352539,5.293802261352539,5.293802261352539,5.293802261352539,1.0587604522705079,5.293802261352539,2.2617727192949126,2.2617727192949126,2.2617727192949126,0.45235454385898255,0.45235454385898255,0.0019239612372355585,0.0019239612372355585,1.001923981233193,0.9114154846815643,24.298300199046732,0,1,0,0,0,0,0,1.0,1.0,0.2,0.2
24,500,0,odam,rpn,0.6542806625366211,1.2398546934127808,global_ddp_mean,2,0.0,5.6132636070251465,5.6132636070251465,0.0,0.0,0.0,0.0,0.0,0.0,0.0,0.0,0.0,0.0,0.0,0.0,0.0,0.9999999906499175,0.9999999906499175,0.007835114575566694,0,0,0,0,0,0,0,1.0,1.0,0.2,0.2
24,500,0,odam,roi_shared,0.6542806625366211,1.2398546934127808,global_ddp_mean,2,0.23665189601432338,4.7515997886657715,4.7515997886657715,0.1320350170135498,0.1320350170135498,0.1320350170135498,0.1320350170135498,0.02640700340270996,0.1320350170135498,0.027787486927771048,0.027787486927771048,0.027787486927771048,0.00555749738555421,0.00555749738555421,0.001315192177886988,0.001315192177886988,1.0013153034672966,0.9999855454631755,0.30806349861374127,0,0,0,0,0,0,0,1.0,1.0,0.2,0.2
24,500,0,odam,roi_cls,0.6542806625366211,1.2398546934127808,global_ddp_mean,2,0.0,3.735002040863037,3.735002040863037,0.0,0.0,0.0,0.0,0.0,0.0,0.0,0.0,0.0,0.0,0.0,0.0,0.0,0.9999999921106605,0.9999999921106605,0.00719710690365638,0,0,0,0,0,0,0,1.0,1.0,0.2,0.2
24,500,0,odam,roi_reg,0.6542806625366211,1.2398546934127808,global_ddp_mean,2,0.31099152149432086,4.445575714111328,4.445575714111328,0.30654045939445496,0.30654045939445496,0.30654045939445496,0.30654045939445496,0.061308091878891,0.30654045939445496,0.06895405209755436,0.06895405209755436,0.06895405209755436,0.013790810419510875,0.013790810419510875,0.004288825115003419,0.004288825115003419,1.0042886376364775,0.9999146903072231,0.7484105600002011,0,0,0,0,0,0,0,1.0,1.0,0.2,0.2
24,600,0,odam,backbone,0.00456679193302989,0.0,global_ddp_mean,2,0.0,18.861967086791992,18.861967086791992,0.0,0.0,0.0,0.0,0.0,0.0,0.0,0.0,0.0,0.0,0.0,0.0,0.0,1.0000000037319023,1.0000000037319023,0.0,0,0,0,0,0,0,0,1.0,1.0,0.2,0.2
24,600,0,odam,fpn,0.00456679193302989,0.0,global_ddp_mean,2,0.0,3.4321858882904053,3.4321858882904053,0.0,0.0,0.0,0.0,0.0,0.0,0.0,0.0,0.0,0.0,0.0,0.0,0.0,1.0000000491568255,1.0000000491568255,0.0,0,0,0,0,0,0,0,1.0,1.0,0.2,0.2
24,600,0,odam,rpn,0.00456679193302989,0.0,global_ddp_mean,2,0.0,1.0984907150268555,1.0984907150268555,0.0,0.0,0.0,0.0,0.0,0.0,0.0,0.0,0.0,0.0,0.0,0.0,0.0,0.9999999971592466,0.9999999971592466,0.004318713544218558,0,0,0,0,0,0,0,1.0,1.0,0.2,0.2
24,600,0,odam,roi_shared,0.00456679193302989,0.0,global_ddp_mean,2,0.0,7.312150001525879,7.312150001525879,0.0,0.0,0.0,0.0,0.0,0.0,0.0,0.0,0.0,0.0,0.0,0.0,0.0,0.9999999865610909,0.9999999865610909,0.009393331274747266,0,0,0,0,0,0,0,1.0,1.0,0.2,0.2
24,600,0,odam,roi_cls,0.00456679193302989,0.0,global_ddp_mean,2,0.0,4.578685283660889,4.578685283660889,0.0,0.0,0.0,0.0,0.0,0.0,0.0,0.0,0.0,0.0,0.0,0.0,0.0,0.9999999260309287,0.9999999260309287,0.02203751982428201,0,0,0,0,0,0,0,1.0,1.0,0.2,0.2
24,600,0,odam,roi_reg,0.00456679193302989,0.0,global_ddp_mean,2,0.0,3.4075071811676025,3.4075071811676025,0.0,0.0,0.0,0.0,0.0,0.0,0.0,0.0,0.0,0.0,0.0,0.0,0.0,0.9999999806651636,0.9999999806651636,0.011266989297083538,0,0,0,0,0,0,0,1.0,1.0,0.2,0.2
24,700,0,odam,backbone,0.33515286445617676,0.0,global_ddp_mean,2,0.0,8.725690841674805,8.725690841674805,0.0,0.0,0.0,0.0,0.0,0.0,0.0,0.0,0.0,0.0,0.0,0.0,0.0,0.999999991977998,0.999999991977998,0.007257365773024674,0,0,0,0,0,0,0,1.0,1.0,0.2,0.2
24,700,0,odam,fpn,0.33515286445617676,0.0,global_ddp_mean,2,0.0,1.4260144233703613,1.4260144233703613,0.0,0.0,0.0,0.0,0.0,0.0,0.0,0.0,0.0,0.0,0.0,0.0,0.0,0.999999993414549,0.999999993414549,0.00657552435331881,0,0,0,0,0,0,0,1.0,1.0,0.2,0.2
24,700,0,odam,rpn,0.33515286445617676,0.0,global_ddp_mean,2,0.0,1.9757200479507446,1.9757200479507446,0.0,0.0,0.0,0.0,0.0,0.0,0.0,0.0,0.0,0.0,0.0,0.0,0.0,0.9999999627654405,0.9999999627654405,0.01563546285074288,0,0,0,0,0,0,0,1.0,1.0,0.2,0.2
24,700,0,odam,roi_shared,0.33515286445617676,0.0,global_ddp_mean,2,0.0,2.5877573490142822,2.5877573490142822,0.0,0.0,0.0,0.0,0.0,0.0,0.0,0.0,0.0,0.0,0.0,0.0,0.0,1.0000000422691266,1.0000000422691266,0.0,0,0,0,0,0,0,0,1.0,1.0,0.2,0.2
24,700,0,odam,roi_cls,0.33515286445617676,0.0,global_ddp_mean,2,0.0,1.4851642847061157,1.4851642847061157,0.0,0.0,0.0,0.0,0.0,0.0,0.0,0.0,0.0,0.0,0.0,0.0,0.0,0.9999999286810826,0.9999999286810826,0.021639140363038805,0,0,0,0,0,0,0,1.0,1.0,0.2,0.2
24,700,0,odam,roi_reg,0.33515286445617676,0.0,global_ddp_mean,2,0.0,1.4837015867233276,1.4837015867233276,0.0,0.0,0.0,0.0,0.0,0.0,0.0,0.0,0.0,0.0,0.0,0.0,0.0,1.0000000359917038,1.0000000359917038,0.0,0,0,0,0,0,0,0,1.0,1.0,0.2,0.2
24,800,0,odam,backbone,0.04693259298801422,0.0,global_ddp_mean,2,0.0,14.727218627929688,14.727218627929688,0.0,0.0,0.0,0.0,0.0,0.0,0.0,0.0,0.0,0.0,0.0,0.0,0.0,0.999999963938195,0.999999963938195,0.015387262467017864,0,0,0,0,0,0,0,1.0,1.0,0.2,0.2
24,800,0,odam,fpn,0.04693259298801422,0.0,global_ddp_mean,2,0.0,2.8145647048950195,2.8145647048950195,0.0,0.0,0.0,0.0,0.0,0.0,0.0,0.0,0.0,0.0,0.0,0.0,0.0,0.9999999283596965,0.9999999283596965,0.021687842029453577,0,0,0,0,0,0,0,1.0,1.0,0.2,0.2
24,800,0,odam,rpn,0.04693259298801422,0.0,global_ddp_mean,2,0.0,2.0038580894470215,2.0038580894470215,0.0,0.0,0.0,0.0,0.0,0.0,0.0,0.0,0.0,0.0,0.0,0.0,0.0,1.0000000931240927,1.0000000931240927,0.0,0,0,0,0,0,0,0,1.0,1.0,0.2,0.2
24,800,0,odam,roi_shared,0.04693259298801422,0.0,global_ddp_mean,2,0.0,5.892795085906982,5.892795085906982,0.0,0.0,0.0,0.0,0.0,0.0,0.0,0.0,0.0,0.0,0.0,0.0,0.0,0.999999967801529,0.999999967801529,0.014539693643851543,0,0,0,0,0,0,0,1.0,1.0,0.2,0.2
24,800,0,odam,roi_cls,0.04693259298801422,0.0,global_ddp_mean,2,0.0,5.553335666656494,5.553335666656494,0.0,0.0,0.0,0.0,0.0,0.0,0.0,0.0,0.0,0.0,0.0,0.0,0.0,0.9999999883367571,0.9999999883367571,0.008750790594790312,0,0,0,0,0,0,0,1.0,1.0,0.2,0.2
24,800,0,odam,roi_reg,0.04693259298801422,0.0,global_ddp_mean,2,0.0,0.4345519542694092,0.4345519542694092,0.0,0.0,0.0,0.0,0.0,0.0,0.0,0.0,0.0,0.0,0.0,0.0,0.0,1.0000000598643448,1.0000000598643448,0.0,0,0,0,0,0,0,0,1.0,1.0,0.2,0.2
24,900,0,odam,backbone,0.16178253293037415,0.0,global_ddp_mean,2,0.0,16.37989616394043,16.37989616394043,0.0,0.0,0.0,0.0,0.0,0.0,0.0,0.0,0.0,0.0,0.0,0.0,0.0,1.0000001008164516,1.0000001008164516,0.0,0,0,0,0,0,0,0,1.0,1.0,0.2,0.2
24,900,0,odam,fpn,0.16178253293037415,0.0,global_ddp_mean,2,0.0,1.9738324880599976,1.9738324880599976,0.0,0.0,0.0,0.0,0.0,0.0,0.0,0.0,0.0,0.0,0.0,0.0,0.0,0.9999999998660296,0.9999999998660296,0.0009378686988287743,0,0,0,0,0,0,0,1.0,1.0,0.2,0.2
24,900,0,odam,rpn,0.16178253293037415,0.0,global_ddp_mean,2,0.0,2.373784065246582,2.373784065246582,0.0,0.0,0.0,0.0,0.0,0.0,0.0,0.0,0.0,0.0,0.0,0.0,0.0,1.000000033795523,1.000000033795523,0.0,0,0,0,0,0,0,0,1.0,1.0,0.2,0.2
24,900,0,odam,roi_shared,0.16178253293037415,0.0,global_ddp_mean,2,0.0,3.578688144683838,3.578688144683838,0.0,0.0,0.0,0.0,0.0,0.0,0.0,0.0,0.0,0.0,0.0,0.0,0.0,0.9999999926903683,0.9999999926903683,0.006927641058412795,0,0,0,0,0,0,0,1.0,1.0,0.2,0.2
24,900,0,odam,roi_cls,0.16178253293037415,0.0,global_ddp_mean,2,0.0,2.4734466075897217,2.4734466075897217,0.0,0.0,0.0,0.0,0.0,0.0,0.0,0.0,0.0,0.0,0.0,0.0,0.0,0.9999999871018488,0.9999999871018488,0.009202405424553233,0,0,0,0,0,0,0,1.0,1.0,0.2,0.2
24,900,0,odam,roi_reg,0.16178253293037415,0.0,global_ddp_mean,2,0.0,4.113345146179199,4.113345146179199,0.0,0.0,0.0,0.0,0.0,0.0,0.0,0.0,0.0,0.0,0.0,0.0,0.0,0.9999999332655714,0.9999999332655714,0.02093209060617726,0,0,0,0,0,0,0,1.0,1.0,0.2,0.2
24,1000,0,odam,backbone,0.07894198596477509,0.0,global_ddp_mean,2,0.0,19.965150833129883,19.965150833129883,0.0,0.0,0.0,0.0,0.0,0.0,0.0,0.0,0.0,0.0,0.0,0.0,0.0,1.0000000539314893,1.0000000539314893,0.0,0,0,0,0,0,0,0,1.0,1.0,0.2,0.2
24,1000,0,odam,fpn,0.07894198596477509,0.0,global_ddp_mean,2,0.0,5.298928737640381,5.298928737640381,0.0,0.0,0.0,0.0,0.0,0.0,0.0,0.0,0.0,0.0,0.0,0.0,0.0,0.999999997848389,0.999999997848389,0.0037585428712888095,0,0,0,0,0,0,0,1.0,1.0,0.2,0.2
24,1000,0,odam,rpn,0.07894198596477509,0.0,global_ddp_mean,2,0.0,3.658076286315918,3.658076286315918,0.0,0.0,0.0,0.0,0.0,0.0,0.0,0.0,0.0,0.0,0.0,0.0,0.0,1.0000000046439443,1.0000000046439443,0.0,0,0,0,0,0,0,0,1.0,1.0,0.2,0.2
24,1000,0,odam,roi_shared,0.07894198596477509,0.0,global_ddp_mean,2,0.0,11.35962963104248,11.35962963104248,0.0,0.0,0.0,0.0,0.0,0.0,0.0,0.0,0.0,0.0,0.0,0.0,0.0,0.9999999854094751,0.9999999854094751,0.00978752960722714,0,0,0,0,0,0,0,1.0,1.0,0.2,0.2
24,1000,0,odam,roi_cls,0.07894198596477509,0.0,global_ddp_mean,2,0.0,8.317370414733887,8.317370414733887,0.0,0.0,0.0,0.0,0.0,0.0,0.0,0.0,0.0,0.0,0.0,0.0,0.0,0.9999999896854479,0.9999999896854479,0.00822929853559234,0,0,0,0,0,0,0,1.0,1.0,0.2,0.2
24,1000,0,odam,roi_reg,0.07894198596477509,0.0,global_ddp_mean,2,0.0,4.209892749786377,4.209892749786377,0.0,0.0,0.0,0.0,0.0,0.0,0.0,0.0,0.0,0.0,0.0,0.0,0.0,0.9999999472419779,0.9999999472419779,0.01861152177349585,0,0,0,0,0,0,0,1.0,1.0,0.2,0.2
24,1100,0,odam,backbone,0.058475010097026825,-0.0,global_ddp_mean,2,0.0,10.787321090698242,10.787321090698242,0.0,0.0,0.0,0.0,0.0,0.0,0.0,0.0,0.0,0.0,0.0,0.0,0.0,1.000000053077321,1.000000053077321,0.0,0,0,0,0,0,0,0,1.0,1.0,0.2,0.2
24,1100,0,odam,fpn,0.058475010097026825,-0.0,global_ddp_mean,2,0.0,1.9757392406463623,1.9757392406463623,0.0,0.0,0.0,0.0,0.0,0.0,0.0,0.0,0.0,0.0,0.0,0.0,0.0,0.9999999571181659,0.9999999571181659,0.016779318117014767,0,0,0,0,0,0,0,1.0,1.0,0.2,0.2
24,1100,0,odam,rpn,0.058475010097026825,-0.0,global_ddp_mean,2,0.0,0.9614206552505493,0.9614206552505493,0.0,0.0,0.0,0.0,0.0,0.0,0.0,0.0,0.0,0.0,0.0,0.0,0.0,0.9999999590392298,0.9999999590392298,0.01639916324071767,0,0,0,0,0,0,0,1.0,1.0,0.2,0.2
24,1100,0,odam,roi_shared,0.058475010097026825,-0.0,global_ddp_mean,2,0.0,4.119388580322266,4.119388580322266,0.0,0.0,0.0,0.0,0.0,0.0,0.0,0.0,0.0,0.0,0.0,0.0,0.0,1.0000001114108028,1.0000001114108028,0.0,0,0,0,0,0,0,0,1.0,1.0,0.2,0.2
24,1100,0,odam,roi_cls,0.058475010097026825,-0.0,global_ddp_mean,2,0.0,3.553980827331543,3.553980827331543,0.0,0.0,0.0,0.0,0.0,0.0,0.0,0.0,0.0,0.0,0.0,0.0,0.0,0.9999999640020025,0.9999999640020025,0.01537364338060948,0,0,0,0,0,0,0,1.0,1.0,0.2,0.2
24,1100,0,odam,roi_reg,0.058475010097026825,-0.0,global_ddp_mean,2,0.0,0.29270049929618835,0.29270049929618835,0.0,0.0,0.0,0.0,0.0,0.0,0.0,0.0,0.0,0.0,0.0,0.0,0.0,1.0000000378863323,1.0000000378863323,0.0,0,0,0,0,0,0,0,1.0,1.0,0.2,0.2
24,1200,0,odam,backbone,1.0894731283187866,0.00010002159251598641,global_ddp_mean,2,0.0,29.39171028137207,29.39171028137207,0.0,0.0,0.0,0.0,0.0,0.0,0.0,0.0,0.0,0.0,0.0,0.0,0.0,1.0000000548691417,1.0000000548691417,0.0,0,0,0,0,0,0,0,1.0,1.0,0.2,0.2
24,1200,0,odam,fpn,1.0894731283187866,0.00010002159251598641,global_ddp_mean,2,0.0,5.442507266998291,5.442507266998291,0.0,0.0,0.0,0.0,0.0,0.0,0.0,0.0,0.0,0.0,0.0,0.0,0.0,0.999999952409295,0.999999952409295,0.017676598652307453,0,0,0,0,0,0,0,1.0,1.0,0.2,0.2
24,1200,0,odam,rpn,1.0894731283187866,0.00010002159251598641,global_ddp_mean,2,0.0,5.578393459320068,5.578393459320068,0.0,0.0,0.0,0.0,0.0,0.0,0.0,0.0,0.0,0.0,0.0,0.0,0.0,1.000000044132699,1.000000044132699,0.0,0,0,0,0,0,0,0,1.0,1.0,0.2,0.2
24,1200,0,odam,roi_shared,1.0894731283187866,0.00010002159251598641,global_ddp_mean,2,0.0,11.7872314453125,11.7872314453125,0.0,0.0,0.0,0.0,0.0,0.0,0.0,0.0,0.0,0.0,0.0,0.0,0.0,1.0000000170527181,1.0000000170527181,0.0,0,0,0,0,0,0,0,1.0,1.0,0.2,0.2
24,1200,0,odam,roi_cls,1.0894731283187866,0.00010002159251598641,global_ddp_mean,2,0.0,11.648520469665527,11.648520469665527,0.0,0.0,0.0,0.0,0.0,0.0,0.0,0.0,0.0,0.0,0.0,0.0,0.0,0.9999999238445076,0.9999999238445076,0.022360846901231062,0,0,0,0,0,0,0,1.0,1.0,0.2,0.2
24,1200,0,odam,roi_reg,1.0894731283187866,0.00010002159251598641,global_ddp_mean,2,0.0,10.665143013000488,10.665143013000488,0.0,0.0,0.0,0.0,0.0,0.0,0.0,0.0,0.0,0.0,0.0,0.0,0.0,0.9999999497793426,0.9999999497793426,0.018158452270428904,0,0,0,0,0,0,0,1.0,1.0,0.2,0.2
24,1300,0,odam,backbone,0.1129290834069252,0.0,global_ddp_mean,2,0.0,18.105215072631836,18.105215072631836,0.0,0.0,0.0,0.0,0.0,0.0,0.0,0.0,0.0,0.0,0.0,0.0,0.0,0.999999953572641,0.999999953572641,0.017459211321175158,0,0,0,0,0,0,0,1.0,1.0,0.2,0.2
24,1300,0,odam,fpn,0.1129290834069252,0.0,global_ddp_mean,2,0.0,3.1663429737091064,3.1663429737091064,0.0,0.0,0.0,0.0,0.0,0.0,0.0,0.0,0.0,0.0,0.0,0.0,0.0,1.0000000397528226,1.0000000397528226,0.0,0,0,0,0,0,0,0,1.0,1.0,0.2,0.2
24,1300,0,odam,rpn,0.1129290834069252,0.0,global_ddp_mean,2,0.0,1.517842411994934,1.517842411994934,0.0,0.0,0.0,0.0,0.0,0.0,0.0,0.0,0.0,0.0,0.0,0.0,0.0,1.0000000244576257,1.0000000244576257,0.0,0,0,0,0,0,0,0,1.0,1.0,0.2,0.2
24,1300,0,odam,roi_shared,0.1129290834069252,0.0,global_ddp_mean,2,0.0,6.651517868041992,6.651517868041992,0.0,0.0,0.0,0.0,0.0,0.0,0.0,0.0,0.0,0.0,0.0,0.0,0.0,0.9999999384409018,0.9999999384409018,0.02010405931093382,0,0,0,0,0,0,0,1.0,1.0,0.2,0.2
24,1300,0,odam,roi_cls,0.1129290834069252,0.0,global_ddp_mean,2,0.0,6.0359978675842285,6.0359978675842285,0.0,0.0,0.0,0.0,0.0,0.0,0.0,0.0,0.0,0.0,0.0,0.0,0.0,0.999999979229179,0.999999979229179,0.011677892203006326,0,0,0,0,0,0,0,1.0,1.0,0.2,0.2
24,1300,0,odam,roi_reg,0.1129290834069252,0.0,global_ddp_mean,2,0.0,0.29100313782691956,0.29100313782691956,0.0,0.0,0.0,0.0,0.0,0.0,0.0,0.0,0.0,0.0,0.0,0.0,0.0,1.0000000407750382,1.0000000407750382,0.0,0,0,0,0,0,0,0,1.0,1.0,0.2,0.2
24,1400,0,odam,backbone,0.0037066200748085976,0.0,global_ddp_mean,2,0.0,11.690704345703125,11.690704345703125,0.0,0.0,0.0,0.0,0.0,0.0,0.0,0.0,0.0,0.0,0.0,0.0,0.0,1.0000000644288394,1.0000000644288394,0.0,0,0,0,0,0,0,0,1.0,1.0,0.2,0.2
24,1400,0,odam,fpn,0.0037066200748085976,0.0,global_ddp_mean,2,0.0,3.1794111728668213,3.1794111728668213,0.0,0.0,0.0,0.0,0.0,0.0,0.0,0.0,0.0,0.0,0.0,0.0,0.0,1.0000000517788996,1.0000000517788996,0.0,0,0,0,0,0,0,0,1.0,1.0,0.2,0.2
24,1400,0,odam,rpn,0.0037066200748085976,0.0,global_ddp_mean,2,0.0,1.386215090751648,1.386215090751648,0.0,0.0,0.0,0.0,0.0,0.0,0.0,0.0,0.0,0.0,0.0,0.0,0.0,1.0000000400432894,1.0000000400432894,0.0,0,0,0,0,0,0,0,1.0,1.0,0.2,0.2
24,1400,0,odam,roi_shared,0.0037066200748085976,0.0,global_ddp_mean,2,0.0,6.768484115600586,6.768484115600586,0.0,0.0,0.0,0.0,0.0,0.0,0.0,0.0,0.0,0.0,0.0,0.0,0.0,1.0000000154226891,1.0000000154226891,0.0,0,0,0,0,0,0,0,1.0,1.0,0.2,0.2
24,1400,0,odam,roi_cls,0.0037066200748085976,0.0,global_ddp_mean,2,0.0,5.272458553314209,5.272458553314209,0.0,0.0,0.0,0.0,0.0,0.0,0.0,0.0,0.0,0.0,0.0,0.0,0.0,1.0000000467354133,1.0000000467354133,0.0,0,0,0,0,0,0,0,1.0,1.0,0.2,0.2
24,1400,0,odam,roi_reg,0.0037066200748085976,0.0,global_ddp_mean,2,0.0,0.7932996153831482,0.7932996153831482,0.0,0.0,0.0,0.0,0.0,0.0,0.0,0.0,0.0,0.0,0.0,0.0,0.0,1.0000000591291405,1.0000000591291405,0.0,0,0,0,0,0,0,0,1.0,1.0,0.2,0.2
25,0,0,odam,backbone,0.003639467526227236,0.0,global_ddp_mean,2,0.0,4.272217750549316,4.272217750549316,0.0,0.0,0.0,0.0,0.0,0.0,0.0,0.0,0.0,0.0,0.0,0.0,0.0,0.9999999944125795,0.9999999944125795,0.006056801070012765,0,0,0,0,0,0,0,1.0,1.0,0.2,0.2
25,0,0,odam,fpn,0.003639467526227236,0.0,global_ddp_mean,2,0.0,0.8003792762756348,0.8003792762756348,0.0,0.0,0.0,0.0,0.0,0.0,0.0,0.0,0.0,0.0,0.0,0.0,0.0,0.9999999280387557,0.9999999280387557,0.0217363673398035,0,0,0,0,0,0,0,1.0,1.0,0.2,0.2
25,0,0,odam,rpn,0.003639467526227236,0.0,global_ddp_mean,2,0.0,1.7683932781219482,1.7683932781219482,0.0,0.0,0.0,0.0,0.0,0.0,0.0,0.0,0.0,0.0,0.0,0.0,0.0,1.0000000391699873,1.0000000391699873,0.0,0,0,0,0,0,0,0,1.0,1.0,0.2,0.2
25,0,0,odam,roi_shared,0.003639467526227236,0.0,global_ddp_mean,2,0.0,1.5578733682632446,1.5578733682632446,0.0,0.0,0.0,0.0,0.0,0.0,0.0,0.0,0.0,0.0,0.0,0.0,0.0,0.999999941587973,0.999999941587973,0.019583430496046945,0,0,0,0,0,0,0,1.0,1.0,0.2,0.2
25,0,0,odam,roi_cls,0.003639467526227236,0.0,global_ddp_mean,2,0.0,0.8920536041259766,0.8920536041259766,0.0,0.0,0.0,0.0,0.0,0.0,0.0,0.0,0.0,0.0,0.0,0.0,0.0,0.9999999819646213,0.9999999819646213,0.010881788092976777,0,0,0,0,0,0,0,1.0,1.0,0.2,0.2
25,0,0,odam,roi_reg,0.003639467526227236,0.0,global_ddp_mean,2,0.0,0.9335741996765137,0.9335741996765137,0.0,0.0,0.0,0.0,0.0,0.0,0.0,0.0,0.0,0.0,0.0,0.0,0.0,1.0000000294813824,1.0000000294813824,0.0,0,0,0,0,0,0,0,1.0,1.0,0.2,0.2
25,100,0,odam,backbone,0.05071379989385605,-0.0,global_ddp_mean,2,0.0,13.51728630065918,13.51728630065918,0.0,0.0,0.0,0.0,0.0,0.0,0.0,0.0,0.0,0.0,0.0,0.0,0.0,0.999999982611624,0.999999982611624,0.010684818312695583,0,0,0,0,0,0,0,1.0,1.0,0.2,0.2
25,100,0,odam,fpn,0.05071379989385605,-0.0,global_ddp_mean,2,0.0,1.9182908535003662,1.9182908535003662,0.0,0.0,0.0,0.0,0.0,0.0,0.0,0.0,0.0,0.0,0.0,0.0,0.0,1.0000000138182326,1.0000000138182326,0.0,0,0,0,0,0,0,0,1.0,1.0,0.2,0.2
25,100,0,odam,rpn,0.05071379989385605,-0.0,global_ddp_mean,2,0.0,0.8794119358062744,0.8794119358062744,0.0,0.0,0.0,0.0,0.0,0.0,0.0,0.0,0.0,0.0,0.0,0.0,0.0,0.999999955954373,0.999999955954373,0.017005485302139866,0,0,0,0,0,0,0,1.0,1.0,0.2,0.2
25,100,0,odam,roi_shared,0.05071379989385605,-0.0,global_ddp_mean,2,0.0,3.7121200561523438,3.7121200561523438,0.0,0.0,0.0,0.0,0.0,0.0,0.0,0.0,0.0,0.0,0.0,0.0,0.0,0.9999999590725133,0.9999999590725133,0.016392499153797934,0,0,0,0,0,0,0,1.0,1.0,0.2,0.2
25,100,0,odam,roi_cls,0.05071379989385605,-0.0,global_ddp_mean,2,0.0,3.311163902282715,3.311163902282715,0.0,0.0,0.0,0.0,0.0,0.0,0.0,0.0,0.0,0.0,0.0,0.0,0.0,0.9999999785260394,0.9999999785260394,0.011873908750004433,0,0,0,0,0,0,0,1.0,1.0,0.2,0.2
25,100,0,odam,roi_reg,0.05071379989385605,-0.0,global_ddp_mean,2,0.0,0.0,0.0,0.0,0.0,0.0,0.0,0.0,0.0,0.0,0.0,0.0,0.0,0.0,0.0,0.0,0.0,0.0,90.0,0,0,0,0,0,0,0,1.0,1.0,0.2,0.2
25,200,0,odam,backbone,0.5703122615814209,0.0,global_ddp_mean,2,0.0,20.126888275146484,20.126888275146484,0.0,0.0,0.0,0.0,0.0,0.0,0.0,0.0,0.0,0.0,0.0,0.0,0.0,0.9999999558848014,0.9999999558848014,0.017018910375118906,0,0,0,0,0,0,0,1.0,1.0,0.2,0.2
25,200,0,odam,fpn,0.5703122615814209,0.0,global_ddp_mean,2,0.0,3.26094651222229,3.26094651222229,0.0,0.0,0.0,0.0,0.0,0.0,0.0,0.0,0.0,0.0,0.0,0.0,0.0,0.999999975623663,0.999999975623663,0.012650912540302114,0,0,0,0,0,0,0,1.0,1.0,0.2,0.2
25,200,0,odam,rpn,0.5703122615814209,0.0,global_ddp_mean,2,0.0,3.361915349960327,3.361915349960327,0.0,0.0,0.0,0.0,0.0,0.0,0.0,0.0,0.0,0.0,0.0,0.0,0.0,0.9999999293617318,0.9999999293617318,0.0215356336449549,0,0,0,0,0,0,0,1.0,1.0,0.2,0.2
25,200,0,odam,roi_shared,0.5703122615814209,0.0,global_ddp_mean,2,0.0,7.569041728973389,7.569041728973389,0.0,0.0,0.0,0.0,0.0,0.0,0.0,0.0,0.0,0.0,0.0,0.0,0.0,1.0000000198009682,1.0000000198009682,0.0,0,0,0,0,0,0,0,1.0,1.0,0.2,0.2
25,200,0,odam,roi_cls,0.5703122615814209,0.0,global_ddp_mean,2,0.0,7.488053321838379,7.488053321838379,0.0,0.0,0.0,0.0,0.0,0.0,0.0,0.0,0.0,0.0,0.0,0.0,0.0,1.0000000568752934,1.0000000568752934,0.0,0,0,0,0,0,0,0,1.0,1.0,0.2,0.2
25,200,0,odam,roi_reg,0.5703122615814209,0.0,global_ddp_mean,2,0.0,6.69580602645874,6.69580602645874,0.0,0.0,0.0,0.0,0.0,0.0,0.0,0.0,0.0,0.0,0.0,0.0,0.0,1.000000044588136,1.000000044588136,0.0,0,0,0,0,0,0,0,1.0,1.0,0.2,0.2
25,300,0,odam,backbone,0.027132712304592133,0.0,global_ddp_mean,2,0.0,11.575382232666016,11.575382232666016,0.0,0.0,0.0,0.0,0.0,0.0,0.0,0.0,0.0,0.0,0.0,0.0,0.0,0.9999999821122277,0.9999999821122277,0.010837166839074467,0,0,0,0,0,0,0,1.0,1.0,0.2,0.2
25,300,0,odam,fpn,0.027132712304592133,0.0,global_ddp_mean,2,0.0,2.330902338027954,2.330902338027954,0.0,0.0,0.0,0.0,0.0,0.0,0.0,0.0,0.0,0.0,0.0,0.0,0.0,0.9999999557022823,0.9999999557022823,0.017054080455033267,0,0,0,0,0,0,0,1.0,1.0,0.2,0.2
25,300,0,odam,rpn,0.027132712304592133,0.0,global_ddp_mean,2,0.0,1.5714607238769531,1.5714607238769531,0.0,0.0,0.0,0.0,0.0,0.0,0.0,0.0,0.0,0.0,0.0,0.0,0.0,0.9999999247091866,0.9999999247091866,0.02223354057736894,0,0,0,0,0,0,0,1.0,1.0,0.2,0.2
25,300,0,odam,roi_shared,0.027132712304592133,0.0,global_ddp_mean,2,0.0,4.7071919441223145,4.7071919441223145,0.0,0.0,0.0,0.0,0.0,0.0,0.0,0.0,0.0,0.0,0.0,0.0,0.0,1.0000000733146592,1.0000000733146592,0.0,0,0,0,0,0,0,0,1.0,1.0,0.2,0.2
25,300,0,odam,roi_cls,0.027132712304592133,0.0,global_ddp_mean,2,0.0,2.89825177192688,2.89825177192688,0.0,0.0,0.0,0.0,0.0,0.0,0.0,0.0,0.0,0.0,0.0,0.0,0.0,0.9999999892409831,0.9999999892409831,0.008404733078603918,0,0,0,0,0,0,0,1.0,1.0,0.2,0.2
25,300,0,odam,roi_reg,0.027132712304592133,0.0,global_ddp_mean,2,0.0,1.0127291679382324,1.0127291679382324,0.0,0.0,0.0,0.0,0.0,0.0,0.0,0.0,0.0,0.0,0.0,0.0,0.0,0.999999974364881,0.999999974364881,0.012973444560828835,0,0,0,0,0,0,0,1.0,1.0,0.2,0.2
25,400,0,odam,backbone,0.0029780687764286995,0.0,global_ddp_mean,2,0.0,8.884564399719238,8.884564399719238,0.0,0.0,0.0,0.0,0.0,0.0,0.0,0.0,0.0,0.0,0.0,0.0,0.0,1.0000000160521632,1.0000000160521632,0.0,0,0,0,0,0,0,0,1.0,1.0,0.2,0.2
25,400,0,odam,fpn,0.0029780687764286995,0.0,global_ddp_mean,2,0.0,1.1588789224624634,1.1588789224624634,0.0,0.0,0.0,0.0,0.0,0.0,0.0,0.0,0.0,0.0,0.0,0.0,0.0,1.0000000409974161,1.0000000409974161,0.0,0,0,0,0,0,0,0,1.0,1.0,0.2,0.2
25,400,0,odam,rpn,0.0029780687764286995,0.0,global_ddp_mean,2,0.0,3.1852023601531982,3.1852023601531982,0.0,0.0,0.0,0.0,0.0,0.0,0.0,0.0,0.0,0.0,0.0,0.0,0.0,0.9999999467173766,0.9999999467173766,0.01870382506743692,0,0,0,0,0,0,0,1.0,1.0,0.2,0.2
25,400,0,odam,roi_shared,0.0029780687764286995,0.0,global_ddp_mean,2,0.0,1.2986855506896973,1.2986855506896973,0.0,0.0,0.0,0.0,0.0,0.0,0.0,0.0,0.0,0.0,0.0,0.0,0.0,1.0000000442714159,1.0000000442714159,0.0,0,0,0,0,0,0,0,1.0,1.0,0.2,0.2
25,400,0,odam,roi_cls,0.0029780687764286995,0.0,global_ddp_mean,2,0.0,0.6597052216529846,0.6597052216529846,0.0,0.0,0.0,0.0,0.0,0.0,0.0,0.0,0.0,0.0,0.0,0.0,0.0,0.9999999851753618,0.9999999851753618,0.009865740366167212,0,0,0,0,0,0,0,1.0,1.0,0.2,0.2
25,400,0,odam,roi_reg,0.0029780687764286995,0.0,global_ddp_mean,2,0.0,0.9057995676994324,0.9057995676994324,0.0,0.0,0.0,0.0,0.0,0.0,0.0,0.0,0.0,0.0,0.0,0.0,0.0,1.0000000478438886,1.0000000478438886,0.0,0,0,0,0,0,0,0,1.0,1.0,0.2,0.2
25,500,0,odam,backbone,0.07856037467718124,0.0,global_ddp_mean,2,-0.19077898545776445,42.72345733642578,42.72345733642578,2.7370223999023438,2.7370223999023438,2.7370223999023438,2.7370223999023438,0.5474044799804688,2.7370223999023438,0.06406369171740167,0.06406369171740167,0.06406369171740167,0.012812738343480335,0.012812738343480335,-0.0024444010131141132,-0.0024444010131141132,0.9975553843870157,0.9999203490607301,0.7231626102927784,1,0,0,1,1,0,0,1.0,1.0,0.2,0.2
25,500,0,odam,fpn,0.07856037467718124,0.0,global_ddp_mean,2,0.12041130195107964,5.6320271492004395,5.6320271492004395,0.6651610732078552,0.6651610732078552,0.6651610732078552,0.6651610732078552,0.13303221464157106,0.6651610732078552,0.11810331441713415,0.11810331441713415,0.11810331441713415,0.023620662883426832,0.023620662883426832,0.002844194582830651,0.002844194582830651,1.002844228457833,0.9997267735168729,1.3393957457323538,0,0,0,0,0,0,0,1.0,1.0,0.2,0.2
25,500,0,odam,rpn,0.07856037467718124,0.0,global_ddp_mean,2,0.0,1.702817440032959,1.702817440032959,0.0,0.0,0.0,0.0,0.0,0.0,0.0,0.0,0.0,0.0,0.0,0.0,0.0,1.0000000547411043,1.0000000547411043,0.0,0,0,0,0,0,0,0,1.0,1.0,0.2,0.2
25,500,0,odam,roi_shared,0.07856037467718124,0.0,global_ddp_mean,2,0.05496513768430121,11.54953384399414,11.54953384399414,0.4157557785511017,0.4157557785511017,0.4157557785511017,0.4157557785511017,0.08315115571022035,0.4157557785511017,0.03599762416102173,0.03599762416102173,0.03599762416102173,0.007199524832204348,0.007199524832204348,0.0003957229351040371,0.0003957229351040371,1.0003957293949621,0.9999741249278307,0.4121728218699021,0,0,0,0,0,0,0,1.0,1.0,0.2,0.2
25,500,0,odam,roi_cls,0.07856037467718124,0.0,global_ddp_mean,2,0.0,8.605576515197754,8.605576515197754,0.0,0.0,0.0,0.0,0.0,0.0,0.0,0.0,0.0,0.0,0.0,0.0,0.0,0.9999999890781835,0.9999999890781835,0.008468082246299824,0,0,0,0,0,0,0,1.0,1.0,0.2,0.2
25,500,0,odam,roi_reg,0.07856037467718124,0.0,global_ddp_mean,2,0.6455927337856755,3.8933346271514893,3.8933346271514893,0.7422327399253845,0.7422327399253845,0.7422327399253845,0.7422327399253845,0.14844654798507692,0.7422327399253845,0.19064190751783133,0.19064190751783133,0.19064190751783133,0.03812838150356627,0.03812838150356627,0.02461540683615241,0.02461540683615241,1.0246154311975648,0.9995964275410654,1.6278448038123683,0,0,0,0,0,0,0,1.0,1.0,0.2,0.2
25,600,0,odam,backbone,0.04639001935720444,-0.0,global_ddp_mean,2,0.0,9.15822982788086,9.15822982788086,0.0,0.0,0.0,0.0,0.0,0.0,0.0,0.0,0.0,0.0,0.0,0.0,0.0,0.9999999447382998,0.9999999447382998,0.019048016277394074,0,0,0,0,0,0,0,1.0,1.0,0.2,0.2
25,600,0,odam,fpn,0.04639001935720444,-0.0,global_ddp_mean,2,0.0,1.1088171005249023,1.1088171005249023,0.0,0.0,0.0,0.0,0.0,0.0,0.0,0.0,0.0,0.0,0.0,0.0,0.0,1.0000000134803204,1.0000000134803204,0.0,0,0,0,0,0,0,0,1.0,1.0,0.2,0.2
25,600,0,odam,rpn,0.04639001935720444,-0.0,global_ddp_mean,2,0.0,1.4311083555221558,1.4311083555221558,0.0,0.0,0.0,0.0,0.0,0.0,0.0,0.0,0.0,0.0,0.0,0.0,0.0,1.0000000101393078,1.0000000101393078,0.0,0,0,0,0,0,0,0,1.0,1.0,0.2,0.2
25,600,0,odam,roi_shared,0.04639001935720444,-0.0,global_ddp_mean,2,0.0,1.7179603576660156,1.7179603576660156,0.0,0.0,0.0,0.0,0.0,0.0,0.0,0.0,0.0,0.0,0.0,0.0,0.0,1.0000000310771502,1.0000000310771502,0.0,0,0,0,0,0,0,0,1.0,1.0,0.2,0.2
25,600,0,odam,roi_cls,0.04639001935720444,-0.0,global_ddp_mean,2,0.0,1.551184058189392,1.551184058189392,0.0,0.0,0.0,0.0,0.0,0.0,0.0,0.0,0.0,0.0,0.0,0.0,0.0,0.999999923665117,0.999999923665117,0.022387167830262174,0,0,0,0,0,0,0,1.0,1.0,0.2,0.2
25,600,0,odam,roi_reg,0.04639001935720444,-0.0,global_ddp_mean,2,0.0,0.06623515486717224,0.06623515486717224,0.0,0.0,0.0,0.0,0.0,0.0,0.0,0.0,0.0,0.0,0.0,0.0,0.0,1.000000067458584,1.000000067458584,0.0,0,0,0,0,0,0,0,1.0,1.0,0.2,0.2
25,700,0,odam,backbone,0.242909237742424,-0.0,global_ddp_mean,2,0.0,16.111209869384766,16.111209869384766,0.0,0.0,0.0,0.0,0.0,0.0,0.0,0.0,0.0,0.0,0.0,0.0,0.0,1.0000000866878924,1.0000000866878924,0.0,0,0,0,0,0,0,0,1.0,1.0,0.2,0.2
25,700,0,odam,fpn,0.242909237742424,-0.0,global_ddp_mean,2,0.0,2.5853796005249023,2.5853796005249023,0.0,0.0,0.0,0.0,0.0,0.0,0.0,0.0,0.0,0.0,0.0,0.0,0.0,1.0000000314606392,1.0000000314606392,0.0,0,0,0,0,0,0,0,1.0,1.0,0.2,0.2
25,700,0,odam,rpn,0.242909237742424,-0.0,global_ddp_mean,2,0.0,1.1930418014526367,1.1930418014526367,0.0,0.0,0.0,0.0,0.0,0.0,0.0,0.0,0.0,0.0,0.0,0.0,0.0,1.000000031217482,1.000000031217482,0.0,0,0,0,0,0,0,0,1.0,1.0,0.2,0.2
25,700,0,odam,roi_shared,0.242909237742424,-0.0,global_ddp_mean,2,0.0,5.277902126312256,5.277902126312256,0.0,0.0,0.0,0.0,0.0,0.0,0.0,0.0,0.0,0.0,0.0,0.0,0.0,0.9999999966976181,0.9999999966976181,0.004656410710948243,0,0,0,0,0,0,0,1.0,1.0,0.2,0.2
25,700,0,odam,roi_cls,0.242909237742424,-0.0,global_ddp_mean,2,0.0,5.190313816070557,5.190313816070557,0.0,0.0,0.0,0.0,0.0,0.0,0.0,0.0,0.0,0.0,0.0,0.0,0.0,1.0000000800176503,1.0000000800176503,0.0,0,0,0,0,0,0,0,1.0,1.0,0.2,0.2
25,700,0,odam,roi_reg,0.242909237742424,-0.0,global_ddp_mean,2,0.0,1.5322157144546509,1.5322157144546509,0.0,0.0,0.0,0.0,0.0,0.0,0.0,0.0,0.0,0.0,0.0,0.0,0.0,0.9999999423294503,0.9999999423294503,0.01945873831891943,0,0,0,0,0,0,0,1.0,1.0,0.2,0.2
25,800,0,odam,backbone,0.07390467822551727,-0.0,global_ddp_mean,2,0.0,5.641711711883545,5.641711711883545,0.0,0.0,0.0,0.0,0.0,0.0,0.0,0.0,0.0,0.0,0.0,0.0,0.0,0.9999999334028151,0.9999999334028151,0.020910555412838434,0,0,0,0,0,0,0,1.0,1.0,0.2,0.2
25,800,0,odam,fpn,0.07390467822551727,-0.0,global_ddp_mean,2,0.0,0.815036416053772,0.815036416053772,0.0,0.0,0.0,0.0,0.0,0.0,0.0,0.0,0.0,0.0,0.0,0.0,0.0,0.9999999834319097,0.9999999834319097,0.010429749022811664,0,0,0,0,0,0,0,1.0,1.0,0.2,0.2
25,800,0,odam,rpn,0.07390467822551727,-0.0,global_ddp_mean,2,0.0,1.3396583795547485,1.3396583795547485,0.0,0.0,0.0,0.0,0.0,0.0,0.0,0.0,0.0,0.0,0.0,0.0,0.0,1.000000041568608,1.000000041568608,0.0,0,0,0,0,0,0,0,1.0,1.0,0.2,0.2
25,800,0,odam,roi_shared,0.07390467822551727,-0.0,global_ddp_mean,2,0.0,0.9467260837554932,0.9467260837554932,0.0,0.0,0.0,0.0,0.0,0.0,0.0,0.0,0.0,0.0,0.0,0.0,0.0,1.000000027461637,1.000000027461637,0.0,0,0,0,0,0,0,0,1.0,1.0,0.2,0.2
25,800,0,odam,roi_cls,0.07390467822551727,-0.0,global_ddp_mean,2,0.0,0.7834346294403076,0.7834346294403076,0.0,0.0,0.0,0.0,0.0,0.0,0.0,0.0,0.0,0.0,0.0,0.0,0.0,1.000000017379401,1.000000017379401,0.0,0,0,0,0,0,0,0,1.0,1.0,0.2,0.2
25,800,0,odam,roi_reg,0.07390467822551727,-0.0,global_ddp_mean,2,0.0,0.23046618700027466,0.23046618700027466,0.0,0.0,0.0,0.0,0.0,0.0,0.0,0.0,0.0,0.0,0.0,0.0,0.0,0.9999999385066614,0.9999999385066614,0.02009331852386722,0,0,0,0,0,0,0,1.0,1.0,0.2,0.2
25,900,0,odam,backbone,0.9742283821105957,0.0,global_ddp_mean,2,-0.3574940654850184,43.74235916137695,43.74235916137695,4.392407965125855e-11,4.392407965125855e-11,4.392407965125855e-11,4.392407965125855e-11,8.784815930251711e-12,4.392407965125855e-11,1.004154336742817e-12,1.004154336742817e-12,1.004154336742817e-12,2.008308673485634e-13,2.008308673485634e-13,-7.179587370579136e-14,-7.179587370579136e-14,1.000000030294781,1.000000030294781,0.0,1,0,0,0,0,0,0,1.0,1.0,0.2,0.2
25,900,0,odam,fpn,0.9742283821105957,0.0,global_ddp_mean,2,-0.027489218640294858,8.282858848571777,8.282858848571777,1.0019053295340363e-11,1.0019053295340363e-11,1.0019053295340363e-11,1.0019053295340363e-11,2.0038106590680726e-12,1.0019053295340363e-11,1.2096129462676959e-12,1.2096129462676959e-12,1.2096129462676959e-12,2.4192258925353916e-13,2.4192258925353916e-13,-6.650263424117934e-15,-6.650263424117934e-15,0.999999893636312,0.999999893636312,0.026426176282732146,1,0,0,0,0,0,0,1.0,1.0,0.2,0.2
25,900,0,odam,rpn,0.9742283821105957,0.0,global_ddp_mean,2,0.0,7.3813323974609375,7.3813323974609375,0.0,0.0,0.0,0.0,0.0,0.0,0.0,0.0,0.0,0.0,0.0,0.0,0.0,1.0000000341826958,1.0000000341826958,0.0,0,0,0,0,0,0,0,1.0,1.0,0.2,0.2
25,900,0,odam,roi_shared,0.9742283821105957,0.0,global_ddp_mean,2,-0.004220962442015628,17.012693405151367,17.012693405151367,2.8793556081097016e-11,2.8793556081097016e-11,2.8793556081097016e-11,2.8793556081097016e-11,5.758711216219403e-12,2.8793556081097016e-11,1.6924748712851344e-12,1.6924748712851344e-12,1.6924748712851344e-12,3.3849497425702687e-13,3.3849497425702687e-13,-1.4287745731499572e-15,-1.4287745731499572e-15,0.9999999836923673,0.9999999836923673,0.010347444156847352,1,0,0,0,0,0,0,1.0,1.0,0.2,0.2
25,900,0,odam,roi_cls,0.9742283821105957,0.0,global_ddp_mean,2,0.0,15.075580596923828,15.075580596923828,0.0,0.0,0.0,0.0,0.0,0.0,0.0,0.0,0.0,0.0,0.0,0.0,0.0,0.9999999416168709,0.9999999416168709,0.019578585691388734,0,0,0,0,0,0,0,1.0,1.0,0.2,0.2
25,900,0,odam,roi_reg,0.9742283821105957,0.0,global_ddp_mean,2,-0.08593236151672502,6.97814416885376,6.97814416885376,1.1085887069439693e-10,1.1085887069439693e-10,1.1085887069439693e-10,1.1085887069439693e-10,2.2171774138879388e-11,1.1085887069439693e-10,1.5886583597570866e-11,1.5886583597570866e-11,1.5886583597570866e-11,3.1773167195141735e-12,3.1773167195141735e-12,-2.7303433611935304e-13,-2.7303433611935304e-13,1.0000000023303954,1.0000000023303954,0.0,1,0,0,0,0,0,0,1.0,1.0,0.2,0.2
25,1000,0,odam,backbone,0.2685028910636902,0.0,global_ddp_mean,2,0.0,12.903881072998047,12.903881072998047,0.0,0.0,0.0,0.0,0.0,0.0,0.0,0.0,0.0,0.0,0.0,0.0,0.0,1.0000000020938624,1.0000000020938624,0.0,0,0,0,0,0,0,0,1.0,1.0,0.2,0.2
25,1000,0,odam,fpn,0.2685028910636902,0.0,global_ddp_mean,2,0.0,2.6769895553588867,2.6769895553588867,0.0,0.0,0.0,0.0,0.0,0.0,0.0,0.0,0.0,0.0,0.0,0.0,0.0,1.0000000052418963,1.0000000052418963,0.0,0,0,0,0,0,0,0,1.0,1.0,0.2,0.2
25,1000,0,odam,rpn,0.2685028910636902,0.0,global_ddp_mean,2,0.0,3.179765224456787,3.179765224456787,0.0,0.0,0.0,0.0,0.0,0.0,0.0,0.0,0.0,0.0,0.0,0.0,0.0,1.0000000664590971,1.0000000664590971,0.0,0,0,0,0,0,0,0,1.0,1.0,0.2,0.2
25,1000,0,odam,roi_shared,0.2685028910636902,0.0,global_ddp_mean,2,0.0,5.307345390319824,5.307345390319824,0.0,0.0,0.0,0.0,0.0,0.0,0.0,0.0,0.0,0.0,0.0,0.0,0.0,0.9999999412359973,0.9999999412359973,0.019642344207684143,0,0,0,0,0,0,0,1.0,1.0,0.2,0.2
25,1000,0,odam,roi_cls,0.2685028910636902,0.0,global_ddp_mean,2,0.0,4.635411739349365,4.635411739349365,0.0,0.0,0.0,0.0,0.0,0.0,0.0,0.0,0.0,0.0,0.0,0.0,0.0,1.000000064570982,1.000000064570982,0.0,0,0,0,0,0,0,0,1.0,1.0,0.2,0.2
25,1000,0,odam,roi_reg,0.2685028910636902,0.0,global_ddp_mean,2,0.0,3.8884670734405518,3.8884670734405518,0.0,0.0,0.0,0.0,0.0,0.0,0.0,0.0,0.0,0.0,0.0,0.0,0.0,0.9999999457944128,0.9999999457944128,0.018865123779530844,0,0,0,0,0,0,0,1.0,1.0,0.2,0.2
25,1100,0,odam,backbone,0.06409336626529694,-0.0,global_ddp_mean,2,0.0,5.7663187980651855,5.7663187980651855,0.0,0.0,0.0,0.0,0.0,0.0,0.0,0.0,0.0,0.0,0.0,0.0,0.0,1.0000000720161566,1.0000000720161566,0.0,0,0,0,0,0,0,0,1.0,1.0,0.2,0.2
25,1100,0,odam,fpn,0.06409336626529694,-0.0,global_ddp_mean,2,0.0,1.0605229139328003,1.0605229139328003,0.0,0.0,0.0,0.0,0.0,0.0,0.0,0.0,0.0,0.0,0.0,0.0,0.0,1.0000000355099894,1.0000000355099894,0.0,0,0,0,0,0,0,0,1.0,1.0,0.2,0.2
25,1100,0,odam,rpn,0.06409336626529694,-0.0,global_ddp_mean,2,0.0,0.6383626461029053,0.6383626461029053,0.0,0.0,0.0,0.0,0.0,0.0,0.0,0.0,0.0,0.0,0.0,0.0,0.0,0.9999999641786483,0.9999999641786483,0.015335876982184608,0,0,0,0,0,0,0,1.0,1.0,0.2,0.2
25,1100,0,odam,roi_shared,0.06409336626529694,-0.0,global_ddp_mean,2,0.0,2.161895275115967,2.161895275115967,0.0,0.0,0.0,0.0,0.0,0.0,0.0,0.0,0.0,0.0,0.0,0.0,0.0,1.0000000487762648,1.0000000487762648,0.0,0,0,0,0,0,0,0,1.0,1.0,0.2,0.2
25,1100,0,odam,roi_cls,0.06409336626529694,-0.0,global_ddp_mean,2,0.0,1.9247632026672363,1.9247632026672363,0.0,0.0,0.0,0.0,0.0,0.0,0.0,0.0,0.0,0.0,0.0,0.0,0.0,1.000000053081223,1.000000053081223,0.0,0,0,0,0,0,0,0,1.0,1.0,0.2,0.2
25,1100,0,odam,roi_reg,0.06409336626529694,-0.0,global_ddp_mean,2,0.0,0.0573691725730896,0.0573691725730896,0.0,0.0,0.0,0.0,0.0,0.0,0.0,0.0,0.0,0.0,0.0,0.0,0.0,1.0000000219679126,1.0000000219679126,0.0,0,0,0,0,0,0,0,1.0,1.0,0.2,0.2
25,1200,0,odam,backbone,0.12915144860744476,0.0,global_ddp_mean,2,0.0,13.963787078857422,13.963787078857422,0.0,0.0,0.0,0.0,0.0,0.0,0.0,0.0,0.0,0.0,0.0,0.0,0.0,1.0000000045141477,1.0000000045141477,0.0,0,0,0,0,0,0,0,1.0,1.0,0.2,0.2
25,1200,0,odam,fpn,0.12915144860744476,0.0,global_ddp_mean,2,0.0,3.367772102355957,3.367772102355957,0.0,0.0,0.0,0.0,0.0,0.0,0.0,0.0,0.0,0.0,0.0,0.0,0.0,0.9999999554154788,0.9999999554154788,0.017109199300340754,0,0,0,0,0,0,0,1.0,1.0,0.2,0.2
25,1200,0,odam,rpn,0.12915144860744476,0.0,global_ddp_mean,2,0.0,1.1840455532073975,1.1840455532073975,0.0,0.0,0.0,0.0,0.0,0.0,0.0,0.0,0.0,0.0,0.0,0.0,0.0,1.0000000550180221,1.0000000550180221,0.0,0,0,0,0,0,0,0,1.0,1.0,0.2,0.2
25,1200,0,odam,roi_shared,0.12915144860744476,0.0,global_ddp_mean,2,0.0,7.286370754241943,7.286370754241943,0.0,0.0,0.0,0.0,0.0,0.0,0.0,0.0,0.0,0.0,0.0,0.0,0.0,0.9999999849175941,0.9999999849175941,0.00995114243894012,0,0,0,0,0,0,0,1.0,1.0,0.2,0.2
25,1200,0,odam,roi_cls,0.12915144860744476,0.0,global_ddp_mean,2,0.0,6.8066935539245605,6.8066935539245605,0.0,0.0,0.0,0.0,0.0,0.0,0.0,0.0,0.0,0.0,0.0,0.0,0.0,1.0000000094676285,1.0000000094676285,0.0,0,0,0,0,0,0,0,1.0,1.0,0.2,0.2
25,1200,0,odam,roi_reg,0.12915144860744476,0.0,global_ddp_mean,2,0.0,1.7880698442459106,1.7880698442459106,0.0,0.0,0.0,0.0,0.0,0.0,0.0,0.0,0.0,0.0,0.0,0.0,0.0,1.0000000291211926,1.0000000291211926,0.0,0,0,0,0,0,0,0,1.0,1.0,0.2,0.2
25,1300,0,odam,backbone,0.4092250466346741,0.0,global_ddp_mean,2,0.0,7.893111228942871,7.893111228942871,0.0,0.0,0.0,0.0,0.0,0.0,0.0,0.0,0.0,0.0,0.0,0.0,0.0,1.000000058163076,1.000000058163076,0.0,0,0,0,0,0,0,0,1.0,1.0,0.2,0.2
25,1300,0,odam,fpn,0.4092250466346741,0.0,global_ddp_mean,2,0.0,1.8153705596923828,1.8153705596923828,0.0,0.0,0.0,0.0,0.0,0.0,0.0,0.0,0.0,0.0,0.0,0.0,0.0,0.9999999593753897,0.9999999593753897,0.016331731671912545,0,0,0,0,0,0,0,1.0,1.0,0.2,0.2
25,1300,0,odam,rpn,0.4092250466346741,0.0,global_ddp_mean,2,0.0,1.65566086769104,1.65566086769104,0.0,0.0,0.0,0.0,0.0,0.0,0.0,0.0,0.0,0.0,0.0,0.0,0.0,0.9999999766691545,0.9999999766691545,0.012376643162299104,0,0,0,0,0,0,0,1.0,1.0,0.2,0.2
25,1300,0,odam,roi_shared,0.4092250466346741,0.0,global_ddp_mean,2,0.0,3.7986631393432617,3.7986631393432617,0.0,0.0,0.0,0.0,0.0,0.0,0.0,0.0,0.0,0.0,0.0,0.0,0.0,1.0000000241883495,1.0000000241883495,0.0,0,0,0,0,0,0,0,1.0,1.0,0.2,0.2
25,1300,0,odam,roi_cls,0.4092250466346741,0.0,global_ddp_mean,2,0.0,2.1766891479492188,2.1766891479492188,0.0,0.0,0.0,0.0,0.0,0.0,0.0,0.0,0.0,0.0,0.0,0.0,0.0,0.9999999895697429,0.9999999895697429,0.008275326496002565,0,0,0,0,0,0,0,1.0,1.0,0.2,0.2
25,1300,0,odam,roi_reg,0.4092250466346741,0.0,global_ddp_mean,2,0.0,2.603492259979248,2.603492259979248,0.0,0.0,0.0,0.0,0.0,0.0,0.0,0.0,0.0,0.0,0.0,0.0,0.0,0.9999999397381455,0.9999999397381455,0.019891103570402628,0,0,0,0,0,0,0,1.0,1.0,0.2,0.2
25,1400,0,odam,backbone,0.5329406261444092,0.00010002159251598641,global_ddp_mean,2,0.0,11.966980934143066,11.966980934143066,0.0,0.0,0.0,0.0,0.0,0.0,0.0,0.0,0.0,0.0,0.0,0.0,0.0,1.0000000052001607,1.0000000052001607,0.0,0,0,0,0,0,0,0,1.0,1.0,0.2,0.2
25,1400,0,odam,fpn,0.5329406261444092,0.00010002159251598641,global_ddp_mean,2,0.0,1.831084132194519,1.831084132194519,0.0,0.0,0.0,0.0,0.0,0.0,0.0,0.0,0.0,0.0,0.0,0.0,0.0,0.999999980505926,0.999999980505926,0.011313290431515731,0,0,0,0,0,0,0,1.0,1.0,0.2,0.2
25,1400,0,odam,rpn,0.5329406261444092,0.00010002159251598641,global_ddp_mean,2,0.0,2.320234775543213,2.320234775543213,0.0,0.0,0.0,0.0,0.0,0.0,0.0,0.0,0.0,0.0,0.0,0.0,0.0,0.9999999476710082,0.9999999476710082,0.018535692492594406,0,0,0,0,0,0,0,1.0,1.0,0.2,0.2
25,1400,0,odam,roi_shared,0.5329406261444092,0.00010002159251598641,global_ddp_mean,2,0.0,3.8749263286590576,3.8749263286590576,0.0,0.0,0.0,0.0,0.0,0.0,0.0,0.0,0.0,0.0,0.0,0.0,0.0,0.9999999797902366,0.9999999797902366,0.01151909196988812,0,0,0,0,0,0,0,1.0,1.0,0.2,0.2
25,1400,0,odam,roi_cls,0.5329406261444092,0.00010002159251598641,global_ddp_mean,2,0.0,2.700535297393799,2.700535297393799,0.0,0.0,0.0,0.0,0.0,0.0,0.0,0.0,0.0,0.0,0.0,0.0,0.0,1.0000000182470026,1.0000000182470026,0.0,0,0,0,0,0,0,0,1.0,1.0,0.2,0.2
25,1400,0,odam,roi_reg,0.5329406261444092,0.00010002159251598641,global_ddp_mean,2,0.0,1.996501088142395,1.996501088142395,0.0,0.0,0.0,0.0,0.0,0.0,0.0,0.0,0.0,0.0,0.0,0.0,0.0,1.0000000389817558,1.0000000389817558,0.0,0,0,0,0,0,0,0,1.0,1.0,0.2,0.2
26,0,0,odam,backbone,0.5688855051994324,0.0,global_ddp_mean,2,0.0,13.34253215789795,13.34253215789795,0.0,0.0,0.0,0.0,0.0,0.0,0.0,0.0,0.0,0.0,0.0,0.0,0.0,0.9999999913340265,0.9999999913340265,0.00754303822838067,0,0,0,0,0,0,0,1.0,1.0,0.2,0.2
26,0,0,odam,fpn,0.5688855051994324,0.0,global_ddp_mean,2,0.0,1.9204151630401611,1.9204151630401611,0.0,0.0,0.0,0.0,0.0,0.0,0.0,0.0,0.0,0.0,0.0,0.0,0.0,0.9999999575053338,0.9999999575053338,0.01670339852428018,0,0,0,0,0,0,0,1.0,1.0,0.2,0.2
26,0,0,odam,rpn,0.5688855051994324,0.0,global_ddp_mean,2,0.0,3.702929735183716,3.702929735183716,0.0,0.0,0.0,0.0,0.0,0.0,0.0,0.0,0.0,0.0,0.0,0.0,0.0,0.99999995755295,0.99999995755295,0.016694037631391684,0,0,0,0,0,0,0,1.0,1.0,0.2,0.2
26,0,0,odam,roi_shared,0.5688855051994324,0.0,global_ddp_mean,2,0.0,3.0783119201660156,3.0783119201660156,0.0,0.0,0.0,0.0,0.0,0.0,0.0,0.0,0.0,0.0,0.0,0.0,0.0,1.0000000340532476,1.0000000340532476,0.0,0,0,0,0,0,0,0,1.0,1.0,0.2,0.2
26,0,0,odam,roi_cls,0.5688855051994324,0.0,global_ddp_mean,2,0.0,1.8503196239471436,1.8503196239471436,0.0,0.0,0.0,0.0,0.0,0.0,0.0,0.0,0.0,0.0,0.0,0.0,0.0,1.0000000634759254,1.0000000634759254,0.0,0,0,0,0,0,0,0,1.0,1.0,0.2,0.2
26,0,0,odam,roi_reg,0.5688855051994324,0.0,global_ddp_mean,2,0.0,1.8679592609405518,1.8679592609405518,0.0,0.0,0.0,0.0,0.0,0.0,0.0,0.0,0.0,0.0,0.0,0.0,0.0,0.9999999542150931,0.9999999542150931,0.017337992048716146,0,0,0,0,0,0,0,1.0,1.0,0.2,0.2
26,100,0,odam,backbone,0.13279037177562714,-0.0,global_ddp_mean,2,0.0,14.472783088684082,14.472783088684082,0.0,0.0,0.0,0.0,0.0,0.0,0.0,0.0,0.0,0.0,0.0,0.0,0.0,1.0000000284860444,1.0000000284860444,0.0,0,0,0,0,0,0,0,1.0,1.0,0.2,0.2
26,100,0,odam,fpn,0.13279037177562714,-0.0,global_ddp_mean,2,0.0,2.847208023071289,2.847208023071289,0.0,0.0,0.0,0.0,0.0,0.0,0.0,0.0,0.0,0.0,0.0,0.0,0.0,1.0000000689626092,1.0000000689626092,0.0,0,0,0,0,0,0,0,1.0,1.0,0.2,0.2
26,100,0,odam,rpn,0.13279037177562714,-0.0,global_ddp_mean,2,0.0,1.6712504625320435,1.6712504625320435,0.0,0.0,0.0,0.0,0.0,0.0,0.0,0.0,0.0,0.0,0.0,0.0,0.0,0.9999999417114974,0.9999999417114974,0.019562712913179844,0,0,0,0,0,0,0,1.0,1.0,0.2,0.2
26,100,0,odam,roi_shared,0.13279037177562714,-0.0,global_ddp_mean,2,0.0,6.067046642303467,6.067046642303467,0.0,0.0,0.0,0.0,0.0,0.0,0.0,0.0,0.0,0.0,0.0,0.0,0.0,1.0000000100106718,1.0000000100106718,0.0,0,0,0,0,0,0,0,1.0,1.0,0.2,0.2
26,100,0,odam,roi_cls,0.13279037177562714,-0.0,global_ddp_mean,2,0.0,5.126275539398193,5.126275539398193,0.0,0.0,0.0,0.0,0.0,0.0,0.0,0.0,0.0,0.0,0.0,0.0,0.0,0.9999999607684447,0.9999999607684447,0.01604927411601653,0,0,0,0,0,0,0,1.0,1.0,0.2,0.2
26,100,0,odam,roi_reg,0.13279037177562714,-0.0,global_ddp_mean,2,0.0,0.7778403162956238,0.7778403162956238,0.0,0.0,0.0,0.0,0.0,0.0,0.0,0.0,0.0,0.0,0.0,0.0,0.0,0.9999999765086475,0.9999999765086475,0.012419143413085275,0,0,0,0,0,0,0,1.0,1.0,0.2,0.2
26,200,0,odam,backbone,0.21302729845046997,0.0,global_ddp_mean,2,0.0,14.150525093078613,14.150525093078613,0.0,0.0,0.0,0.0,0.0,0.0,0.0,0.0,0.0,0.0,0.0,0.0,0.0,0.9999999503290481,0.9999999503290481,0.018058799388756812,0,0,0,0,0,0,0,1.0,1.0,0.2,0.2
26,200,0,odam,fpn,0.21302729845046997,0.0,global_ddp_mean,2,0.0,3.1481456756591797,3.1481456756591797,0.0,0.0,0.0,0.0,0.0,0.0,0.0,0.0,0.0,0.0,0.0,0.0,0.0,0.9999999763719823,0.9999999763719823,0.01245521631258941,0,0,0,0,0,0,0,1.0,1.0,0.2,0.2
26,200,0,odam,rpn,0.21302729845046997,0.0,global_ddp_mean,2,0.0,2.363074541091919,2.363074541091919,0.0,0.0,0.0,0.0,0.0,0.0,0.0,0.0,0.0,0.0,0.0,0.0,0.0,0.9999999893461521,0.9999999893461521,0.008363554226461714,0,0,0,0,0,0,0,1.0,1.0,0.2,0.2
26,200,0,odam,roi_shared,0.21302729845046997,0.0,global_ddp_mean,2,0.0,6.785130500793457,6.785130500793457,0.0,0.0,0.0,0.0,0.0,0.0,0.0,0.0,0.0,0.0,0.0,0.0,0.0,1.0000000496690868,1.0000000496690868,0.0,0,0,0,0,0,0,0,1.0,1.0,0.2,0.2
26,200,0,odam,roi_cls,0.21302729845046997,0.0,global_ddp_mean,2,0.0,5.635704517364502,5.635704517364502,0.0,0.0,0.0,0.0,0.0,0.0,0.0,0.0,0.0,0.0,0.0,0.0,0.0,1.000000006670216,1.000000006670216,0.0,0,0,0,0,0,0,0,1.0,1.0,0.2,0.2
26,200,0,odam,roi_reg,0.21302729845046997,0.0,global_ddp_mean,2,0.0,1.1342695951461792,1.1342695951461792,0.0,0.0,0.0,0.0,0.0,0.0,0.0,0.0,0.0,0.0,0.0,0.0,0.0,1.000000042209922,1.000000042209922,0.0,0,0,0,0,0,0,0,1.0,1.0,0.2,0.2
26,300,0,odam,backbone,0.02500019036233425,0.0,global_ddp_mean,2,0.0,9.195405006408691,9.195405006408691,0.0,0.0,0.0,0.0,0.0,0.0,0.0,0.0,0.0,0.0,0.0,0.0,0.0,1.000000091361859,1.000000091361859,0.0,0,0,0,0,0,0,0,1.0,1.0,0.2,0.2
26,300,0,odam,fpn,0.02500019036233425,0.0,global_ddp_mean,2,0.0,1.728314757347107,1.728314757347107,0.0,0.0,0.0,0.0,0.0,0.0,0.0,0.0,0.0,0.0,0.0,0.0,0.0,0.9999999504814159,0.9999999504814159,0.018031080042032684,0,0,0,0,0,0,0,1.0,1.0,0.2,0.2
26,300,0,odam,rpn,0.02500019036233425,0.0,global_ddp_mean,2,0.0,2.4031982421875,2.4031982421875,0.0,0.0,0.0,0.0,0.0,0.0,0.0,0.0,0.0,0.0,0.0,0.0,0.0,1.0000000387018901,1.0000000387018901,0.0,0,0,0,0,0,0,0,1.0,1.0,0.2,0.2
26,300,0,odam,roi_shared,0.02500019036233425,0.0,global_ddp_mean,2,0.0,4.1668782234191895,4.1668782234191895,0.0,0.0,0.0,0.0,0.0,0.0,0.0,0.0,0.0,0.0,0.0,0.0,0.0,0.9999999394447904,0.9999999394447904,0.019939459806510858,0,0,0,0,0,0,0,1.0,1.0,0.2,0.2
26,300,0,odam,roi_cls,0.02500019036233425,0.0,global_ddp_mean,2,0.0,3.3634793758392334,3.3634793758392334,0.0,0.0,0.0,0.0,0.0,0.0,0.0,0.0,0.0,0.0,0.0,0.0,0.0,0.9999999591554352,0.9999999591554352,0.01637588457077688,0,0,0,0,0,0,0,1.0,1.0,0.2,0.2
26,300,0,odam,roi_reg,0.02500019036233425,0.0,global_ddp_mean,2,0.0,4.6083245277404785,4.6083245277404785,0.0,0.0,0.0,0.0,0.0,0.0,0.0,0.0,0.0,0.0,0.0,0.0,0.0,0.9999999683868154,0.9999999683868154,0.014406940256690695,0,0,0,0,0,0,0,1.0,1.0,0.2,0.2
26,400,0,odam,backbone,0.9155346155166626,0.00010002159251598641,global_ddp_mean,2,0.016558838025459384,33.81049728393555,33.81049728393555,5.6711857432389934e-11,5.6711857432389934e-11,5.6711857432389934e-11,5.6711857432389934e-11,1.1342371486477987e-11,5.6711857432389934e-11,1.6773446706841416e-12,1.6773446706841416e-12,1.6773446706841416e-12,3.354689341368283e-13,3.354689341368283e-13,5.554977715688152e-15,5.554977715688152e-15,0.9999999401794127,0.9999999401794127,0.01981814348930916,0,0,0,0,0,0,0,1.0,1.0,0.2,0.2
26,400,0,odam,fpn,0.9155346155166626,0.00010002159251598641,global_ddp_mean,2,-0.09675384229158891,7.043988227844238,7.043988227844238,1.5205442807642022e-11,1.5205442807642022e-11,1.5205442807642022e-11,1.5205442807642022e-11,3.0410885615284048e-12,1.5205442807642022e-11,2.1586411441655034e-12,2.1586411441655034e-12,2.1586411441655034e-12,4.317282288331007e-13,4.317282288331007e-13,-4.177136234321449e-14,-4.177136234321449e-14,1.0000000200467176,1.0000000200467176,0.0,1,0,0,0,0,0,0,1.0,1.0,0.2,0.2
26,400,0,odam,rpn,0.9155346155166626,0.00010002159251598641,global_ddp_mean,2,0.0,2.093820095062256,2.093820095062256,0.0,0.0,0.0,0.0,0.0,0.0,0.0,0.0,0.0,0.0,0.0,0.0,0.0,0.9999999376986601,0.9999999376986601,0.020224897341951216,0,0,0,0,0,0,0,1.0,1.0,0.2,0.2
26,400,0,odam,roi_shared,0.9155346155166626,0.00010002159251598641,global_ddp_mean,2,-0.08447145952910917,14.986113548278809,14.986113548278809,3.1768889602323824e-11,3.1768889602323824e-11,3.1768889602323824e-11,3.1768889602323824e-11,6.353777920464765e-12,3.1768889602323824e-11,2.119888488765158e-12,2.119888488765158e-12,2.119888488765158e-12,4.2397769775303163e-13,4.2397769775303163e-13,-3.581401570940779e-14,-3.581401570940779e-14,1.000000016133715,1.000000016133715,0.0,1,0,0,0,0,0,0,1.0,1.0,0.2,0.2
26,400,0,odam,roi_cls,0.9155346155166626,0.00010002159251598641,global_ddp_mean,2,0.0,10.725370407104492,10.725370407104492,0.0,0.0,0.0,0.0,0.0,0.0,0.0,0.0,0.0,0.0,0.0,0.0,0.0,0.9999999910143162,0.9999999910143162,0.007680919180215115,0,0,0,0,0,0,0,1.0,1.0,0.2,0.2
26,400,0,odam,roi_reg,0.9155346155166626,0.00010002159251598641,global_ddp_mean,2,-0.28279288565630034,5.362585544586182,5.362585544586182,6.49330172963758e-11,6.49330172963758e-11,6.49330172963758e-11,6.49330172963758e-11,1.298660345927516e-11,6.49330172963758e-11,1.2108528014425646e-11,1.2108528014425646e-11,1.2108528014425646e-11,2.4217056028851293e-12,2.4217056028851293e-12,-6.848411156499163e-13,-6.848411156499163e-13,1.0000000172389243,1.0000000172389243,0.0,1,0,0,0,0,0,0,1.0,1.0,0.2,0.2
26,500,0,odam,backbone,0.48367196321487427,0.0,global_ddp_mean,2,0.0,10.64979362487793,10.64979362487793,0.0,0.0,0.0,0.0,0.0,0.0,0.0,0.0,0.0,0.0,0.0,0.0,0.0,1.0000000833729814,1.0000000833729814,0.0,0,0,0,0,0,0,0,1.0,1.0,0.2,0.2
26,500,0,odam,fpn,0.48367196321487427,0.0,global_ddp_mean,2,0.0,2.5440900325775146,2.5440900325775146,0.0,0.0,0.0,0.0,0.0,0.0,0.0,0.0,0.0,0.0,0.0,0.0,0.0,0.9999999102133738,0.9999999102133738,0.024279708037541814,0,0,0,0,0,0,0,1.0,1.0,0.2,0.2
26,500,0,odam,rpn,0.48367196321487427,0.0,global_ddp_mean,2,0.0,2.811173677444458,2.811173677444458,0.0,0.0,0.0,0.0,0.0,0.0,0.0,0.0,0.0,0.0,0.0,0.0,0.0,1.0000000149840975,1.0000000149840975,0.0,0,0,0,0,0,0,0,1.0,1.0,0.2,0.2
26,500,0,odam,roi_shared,0.48367196321487427,0.0,global_ddp_mean,2,0.0,5.418948650360107,5.418948650360107,0.0,0.0,0.0,0.0,0.0,0.0,0.0,0.0,0.0,0.0,0.0,0.0,0.0,1.0000000346645421,1.0000000346645421,0.0,0,0,0,0,0,0,0,1.0,1.0,0.2,0.2
26,500,0,odam,roi_cls,0.48367196321487427,0.0,global_ddp_mean,2,0.0,3.498471736907959,3.498471736907959,0.0,0.0,0.0,0.0,0.0,0.0,0.0,0.0,0.0,0.0,0.0,0.0,0.0,1.000000003970627,1.000000003970627,0.0,0,0,0,0,0,0,0,1.0,1.0,0.2,0.2
26,500,0,odam,roi_reg,0.48367196321487427,0.0,global_ddp_mean,2,0.0,1.6339257955551147,1.6339257955551147,0.0,0.0,0.0,0.0,0.0,0.0,0.0,0.0,0.0,0.0,0.0,0.0,0.0,0.9999999969215613,0.9999999969215613,0.004495757601012923,0,0,0,0,0,0,0,1.0,1.0,0.2,0.2
26,600,0,odam,backbone,0.6778680086135864,0.0,global_ddp_mean,2,0.0,17.77606201171875,17.77606201171875,0.0,0.0,0.0,0.0,0.0,0.0,0.0,0.0,0.0,0.0,0.0,0.0,0.0,0.999999975183467,0.999999975183467,0.012764628676248087,0,0,0,0,0,0,0,1.0,1.0,0.2,0.2
26,600,0,odam,fpn,0.6778680086135864,0.0,global_ddp_mean,2,0.0,4.451834201812744,4.451834201812744,0.0,0.0,0.0,0.0,0.0,0.0,0.0,0.0,0.0,0.0,0.0,0.0,0.0,0.9999999452533376,0.9999999452533376,0.01895904494919455,0,0,0,0,0,0,0,1.0,1.0,0.2,0.2
26,600,0,odam,rpn,0.6778680086135864,0.0,global_ddp_mean,2,0.0,2.5042812824249268,2.5042812824249268,0.0,0.0,0.0,0.0,0.0,0.0,0.0,0.0,0.0,0.0,0.0,0.0,0.0,0.9999999285671458,0.9999999285671458,0.02165641845354007,0,0,0,0,0,0,0,1.0,1.0,0.2,0.2
26,600,0,odam,roi_shared,0.6778680086135864,0.0,global_ddp_mean,2,0.0,8.987176895141602,8.987176895141602,0.0,0.0,0.0,0.0,0.0,0.0,0.0,0.0,0.0,0.0,0.0,0.0,0.0,1.0000000895062158,1.0000000895062158,0.0,0,0,0,0,0,0,0,1.0,1.0,0.2,0.2
26,600,0,odam,roi_cls,0.6778680086135864,0.0,global_ddp_mean,2,0.0,7.251945972442627,7.251945972442627,0.0,0.0,0.0,0.0,0.0,0.0,0.0,0.0,0.0,0.0,0.0,0.0,0.0,0.9999999415951524,0.9999999415951524,0.019582226968388433,0,0,0,0,0,0,0,1.0,1.0,0.2,0.2
26,600,0,odam,roi_reg,0.6778680086135864,0.0,global_ddp_mean,2,0.0,2.92673397064209,2.92673397064209,0.0,0.0,0.0,0.0,0.0,0.0,0.0,0.0,0.0,0.0,0.0,0.0,0.0,1.0000000375528542,1.0000000375528542,0.0,0,0,0,0,0,0,0,1.0,1.0,0.2,0.2
26,700,0,odam,backbone,0.016899527981877327,-0.0,global_ddp_mean,2,0.0,3.986964464187622,3.986964464187622,0.0,0.0,0.0,0.0,0.0,0.0,0.0,0.0,0.0,0.0,0.0,0.0,0.0,0.9999999892320819,0.9999999892320819,0.008408209086396645,0,0,0,0,0,0,0,1.0,1.0,0.2,0.2
26,700,0,odam,fpn,0.016899527981877327,-0.0,global_ddp_mean,2,0.0,0.947237491607666,0.947237491607666,0.0,0.0,0.0,0.0,0.0,0.0,0.0,0.0,0.0,0.0,0.0,0.0,0.0,0.9999999472196728,0.9999999472196728,0.018615455668736503,0,0,0,0,0,0,0,1.0,1.0,0.2,0.2
26,700,0,odam,rpn,0.016899527981877327,-0.0,global_ddp_mean,2,0.0,0.7680830359458923,0.7680830359458923,0.0,0.0,0.0,0.0,0.0,0.0,0.0,0.0,0.0,0.0,0.0,0.0,0.0,1.0000000418585895,1.0000000418585895,0.0,0,0,0,0,0,0,0,1.0,1.0,0.2,0.2
26,700,0,odam,roi_shared,0.016899527981877327,-0.0,global_ddp_mean,2,0.0,1.9803376197814941,1.9803376197814941,0.0,0.0,0.0,0.0,0.0,0.0,0.0,0.0,0.0,0.0,0.0,0.0,0.0,0.9999999661682742,0.9999999661682742,0.014903892428761494,0,0,0,0,0,0,0,1.0,1.0,0.2,0.2
26,700,0,odam,roi_cls,0.016899527981877327,-0.0,global_ddp_mean,2,0.0,1.7059980630874634,1.7059980630874634,0.0,0.0,0.0,0.0,0.0,0.0,0.0,0.0,0.0,0.0,0.0,0.0,0.0,0.999999947779147,0.999999947779147,0.01851653041160805,0,0,0,0,0,0,0,1.0,1.0,0.2,0.2
26,700,0,odam,roi_reg,0.016899527981877327,-0.0,global_ddp_mean,2,0.0,0.5687852501869202,0.5687852501869202,0.0,0.0,0.0,0.0,0.0,0.0,0.0,0.0,0.0,0.0,0.0,0.0,0.0,1.0000000187285356,1.0000000187285356,0.0,0,0,0,0,0,0,0,1.0,1.0,0.2,0.2
26,800,0,odam,backbone,0.07853364944458008,0.0,global_ddp_mean,2,0.0,10.192964553833008,10.192964553833008,0.0,0.0,0.0,0.0,0.0,0.0,0.0,0.0,0.0,0.0,0.0,0.0,0.0,1.0000000361481869,1.0000000361481869,0.0,0,0,0,0,0,0,0,1.0,1.0,0.2,0.2
26,800,0,odam,fpn,0.07853364944458008,0.0,global_ddp_mean,2,0.0,2.1622185707092285,2.1622185707092285,0.0,0.0,0.0,0.0,0.0,0.0,0.0,0.0,0.0,0.0,0.0,0.0,0.0,1.000000074342834,1.000000074342834,0.0,0,0,0,0,0,0,0,1.0,1.0,0.2,0.2
26,800,0,odam,rpn,0.07853364944458008,0.0,global_ddp_mean,2,0.0,2.721400737762451,2.721400737762451,0.0,0.0,0.0,0.0,0.0,0.0,0.0,0.0,0.0,0.0,0.0,0.0,0.0,1.000000077393981,1.000000077393981,0.0,0,0,0,0,0,0,0,1.0,1.0,0.2,0.2
26,800,0,odam,roi_shared,0.07853364944458008,0.0,global_ddp_mean,2,0.0,3.8974404335021973,3.8974404335021973,0.0,0.0,0.0,0.0,0.0,0.0,0.0,0.0,0.0,0.0,0.0,0.0,0.0,0.9999999742828509,0.9999999742828509,0.01299418490370838,0,0,0,0,0,0,0,1.0,1.0,0.2,0.2
26,800,0,odam,roi_cls,0.07853364944458008,0.0,global_ddp_mean,2,0.0,2.4107203483581543,2.4107203483581543,0.0,0.0,0.0,0.0,0.0,0.0,0.0,0.0,0.0,0.0,0.0,0.0,0.0,0.9999999099902969,0.9999999099902969,0.024309851066926628,0,0,0,0,0,0,0,1.0,1.0,0.2,0.2
26,800,0,odam,roi_reg,0.07853364944458008,0.0,global_ddp_mean,2,0.0,1.2512394189834595,1.2512394189834595,0.0,0.0,0.0,0.0,0.0,0.0,0.0,0.0,0.0,0.0,0.0,0.0,0.0,1.0000000467335133,1.0000000467335133,0.0,0,0,0,0,0,0,0,1.0,1.0,0.2,0.2
26,900,0,odam,backbone,0.005756628233939409,0.0,global_ddp_mean,2,0.0,2.2073419094085693,2.2073419094085693,0.0,0.0,0.0,0.0,0.0,0.0,0.0,0.0,0.0,0.0,0.0,0.0,0.0,0.9999999056462922,0.9999999056462922,0.024889554280366346,0,0,0,0,0,0,0,1.0,1.0,0.2,0.2
26,900,0,odam,fpn,0.005756628233939409,0.0,global_ddp_mean,2,0.0,0.2941358983516693,0.2941358983516693,0.0,0.0,0.0,0.0,0.0,0.0,0.0,0.0,0.0,0.0,0.0,0.0,0.0,0.9999999037739954,0.9999999037739954,0.025135287706032777,0,0,0,0,0,0,0,1.0,1.0,0.2,0.2
26,900,0,odam,rpn,0.005756628233939409,0.0,global_ddp_mean,2,0.0,0.6345576643943787,0.6345576643943787,0.0,0.0,0.0,0.0,0.0,0.0,0.0,0.0,0.0,0.0,0.0,0.0,0.0,1.000000025009979,1.000000025009979,0.0,0,0,0,0,0,0,0,1.0,1.0,0.2,0.2
26,900,0,odam,roi_shared,0.005756628233939409,0.0,global_ddp_mean,2,0.0,0.0,0.0,0.0,0.0,0.0,0.0,0.0,0.0,0.0,0.0,0.0,0.0,0.0,0.0,0.0,0.0,0.0,90.0,0,0,0,0,0,0,0,1.0,1.0,0.2,0.2
26,900,0,odam,roi_cls,0.005756628233939409,0.0,global_ddp_mean,2,0.0,0.0,0.0,0.0,0.0,0.0,0.0,0.0,0.0,0.0,0.0,0.0,0.0,0.0,0.0,0.0,0.0,0.0,90.0,0,0,0,0,0,0,0,1.0,1.0,0.2,0.2
26,900,0,odam,roi_reg,0.005756628233939409,0.0,global_ddp_mean,2,0.0,0.0,0.0,0.0,0.0,0.0,0.0,0.0,0.0,0.0,0.0,0.0,0.0,0.0,0.0,0.0,0.0,0.0,90.0,0,0,0,0,0,0,0,1.0,1.0,0.2,0.2
26,1000,0,odam,backbone,0.1743045151233673,-0.0,global_ddp_mean,2,0.0,13.017595291137695,13.017595291137695,0.0,0.0,0.0,0.0,0.0,0.0,0.0,0.0,0.0,0.0,0.0,0.0,0.0,1.0000000414593093,1.0000000414593093,0.0,0,0,0,0,0,0,0,1.0,1.0,0.2,0.2
26,1000,0,odam,fpn,0.1743045151233673,-0.0,global_ddp_mean,2,0.0,1.552401065826416,1.552401065826416,0.0,0.0,0.0,0.0,0.0,0.0,0.0,0.0,0.0,0.0,0.0,0.0,0.0,0.9999999979567071,0.9999999979567071,0.003662713421786028,0,0,0,0,0,0,0,1.0,1.0,0.2,0.2
26,1000,0,odam,rpn,0.1743045151233673,-0.0,global_ddp_mean,2,0.0,2.6663458347320557,2.6663458347320557,0.0,0.0,0.0,0.0,0.0,0.0,0.0,0.0,0.0,0.0,0.0,0.0,0.0,1.0000000227834134,1.0000000227834134,0.0,0,0,0,0,0,0,0,1.0,1.0,0.2,0.2
26,1000,0,odam,roi_shared,0.1743045151233673,-0.0,global_ddp_mean,2,0.0,2.2630863189697266,2.2630863189697266,0.0,0.0,0.0,0.0,0.0,0.0,0.0,0.0,0.0,0.0,0.0,0.0,0.0,0.9999999868781413,0.9999999868781413,0.009281866320273186,0,0,0,0,0,0,0,1.0,1.0,0.2,0.2
26,1000,0,odam,roi_cls,0.1743045151233673,-0.0,global_ddp_mean,2,0.0,0.949528694152832,0.949528694152832,0.0,0.0,0.0,0.0,0.0,0.0,0.0,0.0,0.0,0.0,0.0,0.0,0.0,0.9999999678238687,0.9999999678238687,0.014534648861655373,0,0,0,0,0,0,0,1.0,1.0,0.2,0.2
26,1000,0,odam,roi_reg,0.1743045151233673,-0.0,global_ddp_mean,2,0.0,2.6096341609954834,2.6096341609954834,0.0,0.0,0.0,0.0,0.0,0.0,0.0,0.0,0.0,0.0,0.0,0.0,0.0,1.0000000328049887,1.0000000328049887,0.0,0,0,0,0,0,0,0,1.0,1.0,0.2,0.2
26,1100,0,odam,backbone,0.17678692936897278,0.0,global_ddp_mean,2,0.0,5.132199287414551,5.132199287414551,0.0,0.0,0.0,0.0,0.0,0.0,0.0,0.0,0.0,0.0,0.0,0.0,0.0,1.0000000869902932,1.0000000869902932,0.0,0,0,0,0,0,0,0,1.0,1.0,0.2,0.2
26,1100,0,odam,fpn,0.17678692936897278,0.0,global_ddp_mean,2,0.0,0.8127259612083435,0.8127259612083435,0.0,0.0,0.0,0.0,0.0,0.0,0.0,0.0,0.0,0.0,0.0,0.0,0.0,0.9999999790990556,0.9999999790990556,0.011714414479696808,0,0,0,0,0,0,0,1.0,1.0,0.2,0.2
26,1100,0,odam,rpn,0.17678692936897278,0.0,global_ddp_mean,2,0.0,0.9976919889450073,0.9976919889450073,0.0,0.0,0.0,0.0,0.0,0.0,0.0,0.0,0.0,0.0,0.0,0.0,0.0,1.0000000376767157,1.0000000376767157,0.0,0,0,0,0,0,0,0,1.0,1.0,0.2,0.2
26,1100,0,odam,roi_shared,0.17678692936897278,0.0,global_ddp_mean,2,0.0,1.4924639463424683,1.4924639463424683,0.0,0.0,0.0,0.0,0.0,0.0,0.0,0.0,0.0,0.0,0.0,0.0,0.0,1.0000000317521964,1.0000000317521964,0.0,0,0,0,0,0,0,0,1.0,1.0,0.2,0.2
26,1100,0,odam,roi_cls,0.17678692936897278,0.0,global_ddp_mean,2,0.0,1.2869067192077637,1.2869067192077637,0.0,0.0,0.0,0.0,0.0,0.0,0.0,0.0,0.0,0.0,0.0,0.0,0.0,0.9999999155925829,0.9999999155925829,0.023541164312630373,0,0,0,0,0,0,0,1.0,1.0,0.2,0.2
26,1100,0,odam,roi_reg,0.17678692936897278,0.0,global_ddp_mean,2,0.0,0.45948076248168945,0.45948076248168945,0.0,0.0,0.0,0.0,0.0,0.0,0.0,0.0,0.0,0.0,0.0,0.0,0.0,0.9999999357250707,0.9999999357250707,0.02054274315701022,0,0,0,0,0,0,0,1.0,1.0,0.2,0.2
26,1200,0,odam,backbone,0.1353226602077484,0.0,global_ddp_mean,2,0.0,4.220901966094971,4.220901966094971,0.0,0.0,0.0,0.0,0.0,0.0,0.0,0.0,0.0,0.0,0.0,0.0,0.0,1.000000103061546,1.000000103061546,0.0,0,0,0,0,0,0,0,1.0,1.0,0.2,0.2
26,1200,0,odam,fpn,0.1353226602077484,0.0,global_ddp_mean,2,0.0,0.6186195015907288,0.6186195015907288,0.0,0.0,0.0,0.0,0.0,0.0,0.0,0.0,0.0,0.0,0.0,0.0,0.0,0.999999959004085,0.999999959004085,0.016406197060451287,0,0,0,0,0,0,0,1.0,1.0,0.2,0.2
26,1200,0,odam,rpn,0.1353226602077484,0.0,global_ddp_mean,2,0.0,0.7032340168952942,0.7032340168952942,0.0,0.0,0.0,0.0,0.0,0.0,0.0,0.0,0.0,0.0,0.0,0.0,0.0,1.0000000324646259,1.0000000324646259,0.0,0,0,0,0,0,0,0,1.0,1.0,0.2,0.2
26,1200,0,odam,roi_shared,0.1353226602077484,0.0,global_ddp_mean,2,0.0,1.1955026388168335,1.1955026388168335,0.0,0.0,0.0,0.0,0.0,0.0,0.0,0.0,0.0,0.0,0.0,0.0,0.0,0.9999999707948997,0.9999999707948997,0.013847359987328077,0,0,0,0,0,0,0,1.0,1.0,0.2,0.2
26,1200,0,odam,roi_cls,0.1353226602077484,0.0,global_ddp_mean,2,0.0,0.6008304357528687,0.6008304357528687,0.0,0.0,0.0,0.0,0.0,0.0,0.0,0.0,0.0,0.0,0.0,0.0,0.0,1.0000000478883126,1.0000000478883126,0.0,0,0,0,0,0,0,0,1.0,1.0,0.2,0.2
26,1200,0,odam,roi_reg,0.1353226602077484,0.0,global_ddp_mean,2,0.0,1.0535914897918701,1.0535914897918701,0.0,0.0,0.0,0.0,0.0,0.0,0.0,0.0,0.0,0.0,0.0,0.0,0.0,1.0000000555243058,1.0000000555243058,0.0,0,0,0,0,0,0,0,1.0,1.0,0.2,0.2
26,1300,0,odam,backbone,0.020114323124289513,-0.0,global_ddp_mean,2,0.0,5.319044589996338,5.319044589996338,0.0,0.0,0.0,0.0,0.0,0.0,0.0,0.0,0.0,0.0,0.0,0.0,0.0,1.000000034559153,1.000000034559153,0.0,0,0,0,0,0,0,0,1.0,1.0,0.2,0.2
26,1300,0,odam,fpn,0.020114323124289513,-0.0,global_ddp_mean,2,0.0,0.8307080268859863,0.8307080268859863,0.0,0.0,0.0,0.0,0.0,0.0,0.0,0.0,0.0,0.0,0.0,0.0,0.0,0.9999999837570892,0.9999999837570892,0.010326890223305449,0,0,0,0,0,0,0,1.0,1.0,0.2,0.2
26,1300,0,odam,rpn,0.020114323124289513,-0.0,global_ddp_mean,2,0.0,1.0958870649337769,1.0958870649337769,0.0,0.0,0.0,0.0,0.0,0.0,0.0,0.0,0.0,0.0,0.0,0.0,0.0,1.0000000373555675,1.0000000373555675,0.0,0,0,0,0,0,0,0,1.0,1.0,0.2,0.2
26,1300,0,odam,roi_shared,0.020114323124289513,-0.0,global_ddp_mean,2,0.0,0.990615725517273,0.990615725517273,0.0,0.0,0.0,0.0,0.0,0.0,0.0,0.0,0.0,0.0,0.0,0.0,0.0,0.9999999709093385,0.9999999709093385,0.013820203248385796,0,0,0,0,0,0,0,1.0,1.0,0.2,0.2
26,1300,0,odam,roi_cls,0.020114323124289513,-0.0,global_ddp_mean,2,0.0,0.8443602919578552,0.8443602919578552,0.0,0.0,0.0,0.0,0.0,0.0,0.0,0.0,0.0,0.0,0.0,0.0,0.0,1.0000000366785848,1.0000000366785848,0.0,0,0,0,0,0,0,0,1.0,1.0,0.2,0.2
26,1300,0,odam,roi_reg,0.020114323124289513,-0.0,global_ddp_mean,2,0.0,0.0,0.0,0.0,0.0,0.0,0.0,0.0,0.0,0.0,0.0,0.0,0.0,0.0,0.0,0.0,0.0,0.0,90.0,0,0,0,0,0,0,0,1.0,1.0,0.2,0.2
26,1400,0,odam,backbone,0.2688305675983429,-0.0,global_ddp_mean,2,0.0,5.866292953491211,5.866292953491211,0.0,0.0,0.0,0.0,0.0,0.0,0.0,0.0,0.0,0.0,0.0,0.0,0.0,1.0000000555538908,1.0000000555538908,0.0,0,0,0,0,0,0,0,1.0,1.0,0.2,0.2
26,1400,0,odam,fpn,0.2688305675983429,-0.0,global_ddp_mean,2,0.0,1.0499439239501953,1.0499439239501953,0.0,0.0,0.0,0.0,0.0,0.0,0.0,0.0,0.0,0.0,0.0,0.0,0.0,1.0000000533792226,1.0000000533792226,0.0,0,0,0,0,0,0,0,1.0,1.0,0.2,0.2
26,1400,0,odam,rpn,0.2688305675983429,-0.0,global_ddp_mean,2,0.0,1.7506541013717651,1.7506541013717651,0.0,0.0,0.0,0.0,0.0,0.0,0.0,0.0,0.0,0.0,0.0,0.0,0.0,0.9999999965361112,0.9999999965361112,0.004768915242319547,0,0,0,0,0,0,0,1.0,1.0,0.2,0.2
26,1400,0,odam,roi_shared,0.2688305675983429,-0.0,global_ddp_mean,2,0.0,2.1748616695404053,2.1748616695404053,0.0,0.0,0.0,0.0,0.0,0.0,0.0,0.0,0.0,0.0,0.0,0.0,0.0,0.9999999208504955,0.9999999208504955,0.022796161932235076,0,0,0,0,0,0,0,1.0,1.0,0.2,0.2
26,1400,0,odam,roi_cls,0.2688305675983429,-0.0,global_ddp_mean,2,0.0,1.1589478254318237,1.1589478254318237,0.0,0.0,0.0,0.0,0.0,0.0,0.0,0.0,0.0,0.0,0.0,0.0,0.0,0.9999999785229321,0.9999999785229321,0.011874767799023168,0,0,0,0,0,0,0,1.0,1.0,0.2,0.2
26,1400,0,odam,roi_reg,0.2688305675983429,-0.0,global_ddp_mean,2,0.0,2.4549906253814697,2.4549906253814697,0.0,0.0,0.0,0.0,0.0,0.0,0.0,0.0,0.0,0.0,0.0,0.0,0.0,1.0000000789284706,1.0000000789284706,0.0,0,0,0,0,0,0,0,1.0,1.0,0.2,0.2
27,0,0,odam,backbone,0.011701257899403572,0.0,global_ddp_mean,2,0.0,7.704707145690918,7.704707145690918,0.0,0.0,0.0,0.0,0.0,0.0,0.0,0.0,0.0,0.0,0.0,0.0,0.0,1.000000038660576,1.000000038660576,0.0,0,0,0,0,0,0,0,1.0,1.0,0.2,0.2
27,0,0,odam,fpn,0.011701257899403572,0.0,global_ddp_mean,2,0.0,1.6157596111297607,1.6157596111297607,0.0,0.0,0.0,0.0,0.0,0.0,0.0,0.0,0.0,0.0,0.0,0.0,0.0,1.0000000109816214,1.0000000109816214,0.0,0,0,0,0,0,0,0,1.0,1.0,0.2,0.2
27,0,0,odam,rpn,0.011701257899403572,0.0,global_ddp_mean,2,0.0,0.8091167211532593,0.8091167211532593,0.0,0.0,0.0,0.0,0.0,0.0,0.0,0.0,0.0,0.0,0.0,0.0,0.0,0.9999999279217758,0.9999999279217758,0.021754027435649158,0,0,0,0,0,0,0,1.0,1.0,0.2,0.2
27,0,0,odam,roi_shared,0.011701257899403572,0.0,global_ddp_mean,2,0.0,3.189035177230835,3.189035177230835,0.0,0.0,0.0,0.0,0.0,0.0,0.0,0.0,0.0,0.0,0.0,0.0,0.0,0.9999999411568019,0.9999999411568019,0.01965557560823776,0,0,0,0,0,0,0,1.0,1.0,0.2,0.2
27,0,0,odam,roi_cls,0.011701257899403572,0.0,global_ddp_mean,2,0.0,3.022026300430298,3.022026300430298,0.0,0.0,0.0,0.0,0.0,0.0,0.0,0.0,0.0,0.0,0.0,0.0,0.0,0.9999999765105507,0.9999999765105507,0.012418640307107223,0,0,0,0,0,0,0,1.0,1.0,0.2,0.2
27,0,0,odam,roi_reg,0.011701257899403572,0.0,global_ddp_mean,2,0.0,0.0,0.0,0.0,0.0,0.0,0.0,0.0,0.0,0.0,0.0,0.0,0.0,0.0,0.0,0.0,0.0,0.0,90.0,0,0,0,0,0,0,0,1.0,1.0,0.2,0.2
27,100,0,odam,backbone,0.4205404222011566,-0.0,global_ddp_mean,2,0.0,38.14402389526367,38.14402389526367,0.0,0.0,0.0,0.0,0.0,0.0,0.0,0.0,0.0,0.0,0.0,0.0,0.0,0.9999999118478822,0.9999999118478822,0.02405769467022475,0,0,0,0,0,0,0,1.0,1.0,0.2,0.2
27,100,0,odam,fpn,0.4205404222011566,-0.0,global_ddp_mean,2,0.0,5.352578639984131,5.352578639984131,0.0,0.0,0.0,0.0,0.0,0.0,0.0,0.0,0.0,0.0,0.0,0.0,0.0,1.0000000245529634,1.0000000245529634,0.0,0,0,0,0,0,0,0,1.0,1.0,0.2,0.2
27,100,0,odam,rpn,0.4205404222011566,-0.0,global_ddp_mean,2,0.0,3.602513074874878,3.602513074874878,0.0,0.0,0.0,0.0,0.0,0.0,0.0,0.0,0.0,0.0,0.0,0.0,0.0,1.000000024813178,1.000000024813178,0.0,0,0,0,0,0,0,0,1.0,1.0,0.2,0.2
27,100,0,odam,roi_shared,0.4205404222011566,-0.0,global_ddp_mean,2,0.0,10.833373069763184,10.833373069763184,0.0,0.0,0.0,0.0,0.0,0.0,0.0,0.0,0.0,0.0,0.0,0.0,0.0,0.9999999738030172,0.9999999738030172,0.013114848217173104,0,0,0,0,0,0,0,1.0,1.0,0.2,0.2
27,100,0,odam,roi_cls,0.4205404222011566,-0.0,global_ddp_mean,2,0.0,9.049959182739258,9.049959182739258,0.0,0.0,0.0,0.0,0.0,0.0,0.0,0.0,0.0,0.0,0.0,0.0,0.0,1.000000033048972,1.000000033048972,0.0,0,0,0,0,0,0,0,1.0,1.0,0.2,0.2
27,100,0,odam,roi_reg,0.4205404222011566,-0.0,global_ddp_mean,2,0.0,3.4088387489318848,3.4088387489318848,0.0,0.0,0.0,0.0,0.0,0.0,0.0,0.0,0.0,0.0,0.0,0.0,0.0,0.9999999541710866,0.9999999541710866,0.01734632233129208,0,0,0,0,0,0,0,1.0,1.0,0.2,0.2
27,200,0,odam,backbone,0.6535150408744812,0.0,global_ddp_mean,2,0.0,40.32889175415039,40.32889175415039,0.0,0.0,0.0,0.0,0.0,0.0,0.0,0.0,0.0,0.0,0.0,0.0,0.0,1.000000028003896,1.000000028003896,0.0,0,0,0,0,0,0,0,1.0,1.0,0.2,0.2
27,200,0,odam,fpn,0.6535150408744812,0.0,global_ddp_mean,2,0.0,4.1570234298706055,4.1570234298706055,0.0,0.0,0.0,0.0,0.0,0.0,0.0,0.0,0.0,0.0,0.0,0.0,0.0,1.0000001068001478,1.0000001068001478,0.0,0,0,0,0,0,0,0,1.0,1.0,0.2,0.2
27,200,0,odam,rpn,0.6535150408744812,0.0,global_ddp_mean,2,0.0,4.380516052246094,4.380516052246094,0.0,0.0,0.0,0.0,0.0,0.0,0.0,0.0,0.0,0.0,0.0,0.0,0.0,1.0000000047290696,1.0000000047290696,0.0,0,0,0,0,0,0,0,1.0,1.0,0.2,0.2
27,200,0,odam,roi_shared,0.6535150408744812,0.0,global_ddp_mean,2,0.0,8.45341968536377,8.45341968536377,0.0,0.0,0.0,0.0,0.0,0.0,0.0,0.0,0.0,0.0,0.0,0.0,0.0,0.9999999983677401,0.9999999983677401,0.00327365028969788,0,0,0,0,0,0,0,1.0,1.0,0.2,0.2
27,200,0,odam,roi_cls,0.6535150408744812,0.0,global_ddp_mean,2,0.0,8.445832252502441,8.445832252502441,0.0,0.0,0.0,0.0,0.0,0.0,0.0,0.0,0.0,0.0,0.0,0.0,0.0,1.0000000310989274,1.0000000310989274,0.0,0,0,0,0,0,0,0,1.0,1.0,0.2,0.2
27,200,0,odam,roi_reg,0.6535150408744812,0.0,global_ddp_mean,2,0.0,5.746062755584717,5.746062755584717,0.0,0.0,0.0,0.0,0.0,0.0,0.0,0.0,0.0,0.0,0.0,0.0,0.0,0.9999999276477398,0.9999999276477398,0.021795341797316806,0,0,0,0,0,0,0,1.0,1.0,0.2,0.2
27,300,0,odam,backbone,0.6249428987503052,-0.0,global_ddp_mean,2,0.0,33.61842346191406,33.61842346191406,0.0,0.0,0.0,0.0,0.0,0.0,0.0,0.0,0.0,0.0,0.0,0.0,0.0,1.0000000798652267,1.0000000798652267,0.0,0,0,0,0,0,0,0,1.0,1.0,0.2,0.2
27,300,0,odam,fpn,0.6249428987503052,-0.0,global_ddp_mean,2,0.0,8.469502449035645,8.469502449035645,0.0,0.0,0.0,0.0,0.0,0.0,0.0,0.0,0.0,0.0,0.0,0.0,0.0,0.9999999430822124,0.9999999430822124,0.019331325682186446,0,0,0,0,0,0,0,1.0,1.0,0.2,0.2
27,300,0,odam,rpn,0.6249428987503052,-0.0,global_ddp_mean,2,0.0,5.65382194519043,5.65382194519043,0.0,0.0,0.0,0.0,0.0,0.0,0.0,0.0,0.0,0.0,0.0,0.0,0.0,0.9999999833874408,0.9999999833874408,0.01044373640408288,0,0,0,0,0,0,0,1.0,1.0,0.2,0.2
27,300,0,odam,roi_shared,0.6249428987503052,-0.0,global_ddp_mean,2,0.0,16.01372528076172,16.01372528076172,0.0,0.0,0.0,0.0,0.0,0.0,0.0,0.0,0.0,0.0,0.0,0.0,0.0,1.0000000984237023,1.0000000984237023,0.0,0,0,0,0,0,0,0,1.0,1.0,0.2,0.2
27,300,0,odam,roi_cls,0.6249428987503052,-0.0,global_ddp_mean,2,0.0,12.356183052062988,12.356183052062988,0.0,0.0,0.0,0.0,0.0,0.0,0.0,0.0,0.0,0.0,0.0,0.0,0.0,1.0000000185693692,1.0000000185693692,0.0,0,0,0,0,0,0,0,1.0,1.0,0.2,0.2
27,300,0,odam,roi_reg,0.6249428987503052,-0.0,global_ddp_mean,2,0.0,7.347546577453613,7.347546577453613,0.0,0.0,0.0,0.0,0.0,0.0,0.0,0.0,0.0,0.0,0.0,0.0,0.0,0.9999999637570179,0.9999999637570179,0.015425867390099395,0,0,0,0,0,0,0,1.0,1.0,0.2,0.2
27,400,0,odam,backbone,0.16662517189979553,0.0,global_ddp_mean,2,0.0,6.997675895690918,6.997675895690918,0.0,0.0,0.0,0.0,0.0,0.0,0.0,0.0,0.0,0.0,0.0,0.0,0.0,1.0000000065468988,1.0000000065468988,0.0,0,0,0,0,0,0,0,1.0,1.0,0.2,0.2
27,400,0,odam,fpn,0.16662517189979553,0.0,global_ddp_mean,2,0.0,1.3623263835906982,1.3623263835906982,0.0,0.0,0.0,0.0,0.0,0.0,0.0,0.0,0.0,0.0,0.0,0.0,0.0,1.0000000717558535,1.0000000717558535,0.0,0,0,0,0,0,0,0,1.0,1.0,0.2,0.2
27,400,0,odam,rpn,0.16662517189979553,0.0,global_ddp_mean,2,0.0,0.8876745700836182,0.8876745700836182,0.0,0.0,0.0,0.0,0.0,0.0,0.0,0.0,0.0,0.0,0.0,0.0,0.0,1.0000000626873506,1.0000000626873506,0.0,0,0,0,0,0,0,0,1.0,1.0,0.2,0.2
27,400,0,odam,roi_shared,0.16662517189979553,0.0,global_ddp_mean,2,0.0,2.922776937484741,2.922776937484741,0.0,0.0,0.0,0.0,0.0,0.0,0.0,0.0,0.0,0.0,0.0,0.0,0.0,1.000000046935621,1.000000046935621,0.0,0,0,0,0,0,0,0,1.0,1.0,0.2,0.2
27,400,0,odam,roi_cls,0.16662517189979553,0.0,global_ddp_mean,2,0.0,2.5829970836639404,2.5829970836639404,0.0,0.0,0.0,0.0,0.0,0.0,0.0,0.0,0.0,0.0,0.0,0.0,0.0,1.0000000882730138,1.0000000882730138,0.0,0,0,0,0,0,0,0,1.0,1.0,0.2,0.2
27,400,0,odam,roi_reg,0.16662517189979553,0.0,global_ddp_mean,2,0.0,0.4367380738258362,0.4367380738258362,0.0,0.0,0.0,0.0,0.0,0.0,0.0,0.0,0.0,0.0,0.0,0.0,0.0,1.0000000422793653,1.0000000422793653,0.0,0,0,0,0,0,0,0,1.0,1.0,0.2,0.2
27,500,0,odam,backbone,0.4439309239387512,0.0,global_ddp_mean,2,0.0,20.448802947998047,20.448802947998047,0.0,0.0,0.0,0.0,0.0,0.0,0.0,0.0,0.0,0.0,0.0,0.0,0.0,0.9999999806996571,0.9999999806996571,0.011256934606353691,0,0,0,0,0,0,0,1.0,1.0,0.2,0.2
27,500,0,odam,fpn,0.4439309239387512,0.0,global_ddp_mean,2,0.0,4.412120819091797,4.412120819091797,0.0,0.0,0.0,0.0,0.0,0.0,0.0,0.0,0.0,0.0,0.0,0.0,0.0,1.000000005351527,1.000000005351527,0.0,0,0,0,0,0,0,0,1.0,1.0,0.2,0.2
27,500,0,odam,rpn,0.4439309239387512,0.0,global_ddp_mean,2,0.0,3.278686285018921,3.278686285018921,0.0,0.0,0.0,0.0,0.0,0.0,0.0,0.0,0.0,0.0,0.0,0.0,0.0,0.9999999777073658,0.9999999777073658,0.012098132196879796,0,0,0,0,0,0,0,1.0,1.0,0.2,0.2
27,500,0,odam,roi_shared,0.4439309239387512,0.0,global_ddp_mean,2,0.0,8.483346939086914,8.483346939086914,0.0,0.0,0.0,0.0,0.0,0.0,0.0,0.0,0.0,0.0,0.0,0.0,0.0,1.0000000424611808,1.0000000424611808,0.0,0,0,0,0,0,0,0,1.0,1.0,0.2,0.2
27,500,0,odam,roi_cls,0.4439309239387512,0.0,global_ddp_mean,2,0.0,5.016044616699219,5.016044616699219,0.0,0.0,0.0,0.0,0.0,0.0,0.0,0.0,0.0,0.0,0.0,0.0,0.0,0.99999992667104,0.99999992667104,0.021941958824121876,0,0,0,0,0,0,0,1.0,1.0,0.2,0.2
27,500,0,odam,roi_reg,0.4439309239387512,0.0,global_ddp_mean,2,0.0,9.1749849319458,9.1749849319458,0.0,0.0,0.0,0.0,0.0,0.0,0.0,0.0,0.0,0.0,0.0,0.0,0.0,1.0000000327379464,1.0000000327379464,0.0,0,0,0,0,0,0,0,1.0,1.0,0.2,0.2
27,600,0,odam,backbone,0.10119704902172089,0.0,global_ddp_mean,2,0.0,14.009621620178223,14.009621620178223,0.0,0.0,0.0,0.0,0.0,0.0,0.0,0.0,0.0,0.0,0.0,0.0,0.0,1.0000000142246086,1.0000000142246086,0.0,0,0,0,0,0,0,0,1.0,1.0,0.2,0.2
27,600,0,odam,fpn,0.10119704902172089,0.0,global_ddp_mean,2,0.0,3.015955924987793,3.015955924987793,0.0,0.0,0.0,0.0,0.0,0.0,0.0,0.0,0.0,0.0,0.0,0.0,0.0,1.0000000043426018,1.0000000043426018,0.0,0,0,0,0,0,0,0,1.0,1.0,0.2,0.2
27,600,0,odam,rpn,0.10119704902172089,0.0,global_ddp_mean,2,0.0,1.4247394800186157,1.4247394800186157,0.0,0.0,0.0,0.0,0.0,0.0,0.0,0.0,0.0,0.0,0.0,0.0,0.0,0.9999999236933983,0.9999999236933983,0.02238302034165518,0,0,0,0,0,0,0,1.0,1.0,0.2,0.2
27,600,0,odam,roi_shared,0.10119704902172089,0.0,global_ddp_mean,2,0.0,6.193861484527588,6.193861484527588,0.0,0.0,0.0,0.0,0.0,0.0,0.0,0.0,0.0,0.0,0.0,0.0,0.0,0.9999999534700591,0.9999999534700591,0.017478488872761457,0,0,0,0,0,0,0,1.0,1.0,0.2,0.2
27,600,0,odam,roi_cls,0.10119704902172089,0.0,global_ddp_mean,2,0.0,4.329771041870117,4.329771041870117,0.0,0.0,0.0,0.0,0.0,0.0,0.0,0.0,0.0,0.0,0.0,0.0,0.0,0.9999999222402128,0.9999999222402128,0.022595146664211127,0,0,0,0,0,0,0,1.0,1.0,0.2,0.2
27,600,0,odam,roi_reg,0.10119704902172089,0.0,global_ddp_mean,2,0.0,2.670131206512451,2.670131206512451,0.0,0.0,0.0,0.0,0.0,0.0,0.0,0.0,0.0,0.0,0.0,0.0,0.0,1.0000000479336615,1.0000000479336615,0.0,0,0,0,0,0,0,0,1.0,1.0,0.2,0.2
27,700,0,odam,backbone,0.16464604437351227,-0.0,global_ddp_mean,2,0.0,17.912944793701172,17.912944793701172,0.0,0.0,0.0,0.0,0.0,0.0,0.0,0.0,0.0,0.0,0.0,0.0,0.0,0.9999999205034054,0.9999999205034054,0.022846090656729098,0,0,0,0,0,0,0,1.0,1.0,0.2,0.2
27,700,0,odam,fpn,0.16464604437351227,-0.0,global_ddp_mean,2,0.0,3.027242422103882,3.027242422103882,0.0,0.0,0.0,0.0,0.0,0.0,0.0,0.0,0.0,0.0,0.0,0.0,0.0,1.0000000311967592,1.0000000311967592,0.0,0,0,0,0,0,0,0,1.0,1.0,0.2,0.2
27,700,0,odam,rpn,0.16464604437351227,-0.0,global_ddp_mean,2,0.0,1.9203107357025146,1.9203107357025146,0.0,0.0,0.0,0.0,0.0,0.0,0.0,0.0,0.0,0.0,0.0,0.0,0.0,1.0000000375390297,1.0000000375390297,0.0,0,0,0,0,0,0,0,1.0,1.0,0.2,0.2
27,700,0,odam,roi_shared,0.16464604437351227,-0.0,global_ddp_mean,2,0.0,5.689311981201172,5.689311981201172,0.0,0.0,0.0,0.0,0.0,0.0,0.0,0.0,0.0,0.0,0.0,0.0,0.0,1.00000000168635,1.00000000168635,0.0,0,0,0,0,0,0,0,1.0,1.0,0.2,0.2
27,700,0,odam,roi_cls,0.16464604437351227,-0.0,global_ddp_mean,2,0.0,2.5057077407836914,2.5057077407836914,0.0,0.0,0.0,0.0,0.0,0.0,0.0,0.0,0.0,0.0,0.0,0.0,0.0,0.9999999755711787,0.9999999755711787,0.012664524468822222,0,0,0,0,0,0,0,1.0,1.0,0.2,0.2
27,700,0,odam,roi_reg,0.16464604437351227,-0.0,global_ddp_mean,2,0.0,6.81320858001709,6.81320858001709,0.0,0.0,0.0,0.0,0.0,0.0,0.0,0.0,0.0,0.0,0.0,0.0,0.0,1.000000002024153,1.000000002024153,0.0,0,0,0,0,0,0,0,1.0,1.0,0.2,0.2
27,800,0,odam,backbone,0.5281118154525757,-0.0,global_ddp_mean,2,0.0,44.53421401977539,44.53421401977539,0.0,0.0,0.0,0.0,0.0,0.0,0.0,0.0,0.0,0.0,0.0,0.0,0.0,1.0000000233395687,1.0000000233395687,0.0,0,0,0,0,0,0,0,1.0,1.0,0.2,0.2
27,800,0,odam,fpn,0.5281118154525757,-0.0,global_ddp_mean,2,0.0,6.850368499755859,6.850368499755859,0.0,0.0,0.0,0.0,0.0,0.0,0.0,0.0,0.0,0.0,0.0,0.0,0.0,0.9999999759711855,0.9999999759711855,0.012560409636559808,0,0,0,0,0,0,0,1.0,1.0,0.2,0.2
27,800,0,odam,rpn,0.5281118154525757,-0.0,global_ddp_mean,2,0.0,2.5405256748199463,2.5405256748199463,0.0,0.0,0.0,0.0,0.0,0.0,0.0,0.0,0.0,0.0,0.0,0.0,0.0,1.0000000209584978,1.0000000209584978,0.0,0,0,0,0,0,0,0,1.0,1.0,0.2,0.2
27,800,0,odam,roi_shared,0.5281118154525757,-0.0,global_ddp_mean,2,0.0,13.346736907958984,13.346736907958984,0.0,0.0,0.0,0.0,0.0,0.0,0.0,0.0,0.0,0.0,0.0,0.0,0.0,1.0000000288829587,1.0000000288829587,0.0,0,0,0,0,0,0,0,1.0,1.0,0.2,0.2
27,800,0,odam,roi_cls,0.5281118154525757,-0.0,global_ddp_mean,2,0.0,10.278422355651855,10.278422355651855,0.0,0.0,0.0,0.0,0.0,0.0,0.0,0.0,0.0,0.0,0.0,0.0,0.0,0.9999999948413367,0.9999999948413367,0.005819775351180035,0,0,0,0,0,0,0,1.0,1.0,0.2,0.2
27,800,0,odam,roi_reg,0.5281118154525757,-0.0,global_ddp_mean,2,0.0,5.090423107147217,5.090423107147217,0.0,0.0,0.0,0.0,0.0,0.0,0.0,0.0,0.0,0.0,0.0,0.0,0.0,0.9999999075446676,0.9999999075446676,0.024637895889836982,0,0,0,0,0,0,0,1.0,1.0,0.2,0.2
27,900,0,odam,backbone,0.18859611451625824,0.0,global_ddp_mean,2,0.0,14.522608757019043,14.522608757019043,0.0,0.0,0.0,0.0,0.0,0.0,0.0,0.0,0.0,0.0,0.0,0.0,0.0,0.9999999684116367,0.9999999684116367,0.014401283278740271,0,0,0,0,0,0,0,1.0,1.0,0.2,0.2
27,900,0,odam,fpn,0.18859611451625824,0.0,global_ddp_mean,2,0.0,1.399176836013794,1.399176836013794,0.0,0.0,0.0,0.0,0.0,0.0,0.0,0.0,0.0,0.0,0.0,0.0,0.0,1.0000000119281423,1.0000000119281423,0.0,0,0,0,0,0,0,0,1.0,1.0,0.2,0.2
27,900,0,odam,rpn,0.18859611451625824,0.0,global_ddp_mean,2,0.0,2.330620527267456,2.330620527267456,0.0,0.0,0.0,0.0,0.0,0.0,0.0,0.0,0.0,0.0,0.0,0.0,0.0,0.9999999521812907,0.9999999521812907,0.017718891831853285,0,0,0,0,0,0,0,1.0,1.0,0.2,0.2
27,900,0,odam,roi_shared,0.18859611451625824,0.0,global_ddp_mean,2,0.0,2.812412977218628,2.812412977218628,0.0,0.0,0.0,0.0,0.0,0.0,0.0,0.0,0.0,0.0,0.0,0.0,0.0,0.9999999726677207,0.9999999726677207,0.013396012880655821,0,0,0,0,0,0,0,1.0,1.0,0.2,0.2
27,900,0,odam,roi_cls,0.18859611451625824,0.0,global_ddp_mean,2,0.0,2.114208698272705,2.114208698272705,0.0,0.0,0.0,0.0,0.0,0.0,0.0,0.0,0.0,0.0,0.0,0.0,0.0,0.9999999500801506,0.9999999500801506,0.018103988502621328,0,0,0,0,0,0,0,1.0,1.0,0.2,0.2
27,900,0,odam,roi_reg,0.18859611451625824,0.0,global_ddp_mean,2,0.0,1.8421623706817627,1.8421623706817627,0.0,0.0,0.0,0.0,0.0,0.0,0.0,0.0,0.0,0.0,0.0,0.0,0.0,1.0000000344589763,1.0000000344589763,0.0,0,0,0,0,0,0,0,1.0,1.0,0.2,0.2
27,1000,0,odam,backbone,0.32908958196640015,0.0,global_ddp_mean,2,0.0,10.668390274047852,10.668390274047852,0.0,0.0,0.0,0.0,0.0,0.0,0.0,0.0,0.0,0.0,0.0,0.0,0.0,0.9999999441049993,0.9999999441049993,0.019156850736447302,0,0,0,0,0,0,0,1.0,1.0,0.2,0.2
27,1000,0,odam,fpn,0.32908958196640015,0.0,global_ddp_mean,2,0.0,1.8617191314697266,1.8617191314697266,0.0,0.0,0.0,0.0,0.0,0.0,0.0,0.0,0.0,0.0,0.0,0.0,0.0,1.0000000139294989,1.0000000139294989,0.0,0,0,0,0,0,0,0,1.0,1.0,0.2,0.2
27,1000,0,odam,rpn,0.32908958196640015,0.0,global_ddp_mean,2,0.0,1.6661800146102905,1.6661800146102905,0.0,0.0,0.0,0.0,0.0,0.0,0.0,0.0,0.0,0.0,0.0,0.0,0.0,1.0000000387414014,1.0000000387414014,0.0,0,0,0,0,0,0,0,1.0,1.0,0.2,0.2
27,1000,0,odam,roi_shared,0.32908958196640015,0.0,global_ddp_mean,2,0.0,3.2856357097625732,3.2856357097625732,0.0,0.0,0.0,0.0,0.0,0.0,0.0,0.0,0.0,0.0,0.0,0.0,0.0,0.9999999588634259,0.9999999588634259,0.01643431822459145,0,0,0,0,0,0,0,1.0,1.0,0.2,0.2
27,1000,0,odam,roi_cls,0.32908958196640015,0.0,global_ddp_mean,2,0.0,2.006887435913086,2.006887435913086,0.0,0.0,0.0,0.0,0.0,0.0,0.0,0.0,0.0,0.0,0.0,0.0,0.0,0.9999999429201123,0.9999999429201123,0.01935883362186817,0,0,0,0,0,0,0,1.0,1.0,0.2,0.2
27,1000,0,odam,roi_reg,0.32908958196640015,0.0,global_ddp_mean,2,0.0,0.8043963313102722,0.8043963313102722,0.0,0.0,0.0,0.0,0.0,0.0,0.0,0.0,0.0,0.0,0.0,0.0,0.0,1.0000000344992983,1.0000000344992983,0.0,0,0,0,0,0,0,0,1.0,1.0,0.2,0.2
27,1100,0,odam,backbone,0.30536895990371704,0.0,global_ddp_mean,2,0.0,15.795836448669434,15.795836448669434,0.0,0.0,0.0,0.0,0.0,0.0,0.0,0.0,0.0,0.0,0.0,0.0,0.0,1.0000000170576462,1.0000000170576462,0.0,0,0,0,0,0,0,0,1.0,1.0,0.2,0.2
27,1100,0,odam,fpn,0.30536895990371704,0.0,global_ddp_mean,2,0.0,1.418903112411499,1.418903112411499,0.0,0.0,0.0,0.0,0.0,0.0,0.0,0.0,0.0,0.0,0.0,0.0,0.0,1.0000000354286342,1.0000000354286342,0.0,0,0,0,0,0,0,0,1.0,1.0,0.2,0.2
27,1100,0,odam,rpn,0.30536895990371704,0.0,global_ddp_mean,2,0.0,1.2747465372085571,1.2747465372085571,0.0,0.0,0.0,0.0,0.0,0.0,0.0,0.0,0.0,0.0,0.0,0.0,0.0,1.0000000286903772,1.0000000286903772,0.0,0,0,0,0,0,0,0,1.0,1.0,0.2,0.2
27,1100,0,odam,roi_shared,0.30536895990371704,0.0,global_ddp_mean,2,0.0,2.7359025478363037,2.7359025478363037,0.0,0.0,0.0,0.0,0.0,0.0,0.0,0.0,0.0,0.0,0.0,0.0,0.0,0.9999999341218085,0.9999999341218085,0.020797372315685268,0,0,0,0,0,0,0,1.0,1.0,0.2,0.2
27,1100,0,odam,roi_cls,0.30536895990371704,0.0,global_ddp_mean,2,0.0,2.0884900093078613,2.0884900093078613,0.0,0.0,0.0,0.0,0.0,0.0,0.0,0.0,0.0,0.0,0.0,0.0,0.0,0.9999999223317924,0.9999999223317924,0.022581837327609385,0,0,0,0,0,0,0,1.0,1.0,0.2,0.2
27,1100,0,odam,roi_reg,0.30536895990371704,0.0,global_ddp_mean,2,0.0,1.896242380142212,1.896242380142212,0.0,0.0,0.0,0.0,0.0,0.0,0.0,0.0,0.0,0.0,0.0,0.0,0.0,1.0000000409542893,1.0000000409542893,0.0,0,0,0,0,0,0,0,1.0,1.0,0.2,0.2
27,1200,0,odam,backbone,0.1319533884525299,-0.0,global_ddp_mean,2,0.0,10.771632194519043,10.771632194519043,0.0,0.0,0.0,0.0,0.0,0.0,0.0,0.0,0.0,0.0,0.0,0.0,0.0,0.9999999409599047,0.9999999409599047,0.019688433229824078,0,0,0,0,0,0,0,1.0,1.0,0.2,0.2
27,1200,0,odam,fpn,0.1319533884525299,-0.0,global_ddp_mean,2,0.0,1.6480071544647217,1.6480071544647217,0.0,0.0,0.0,0.0,0.0,0.0,0.0,0.0,0.0,0.0,0.0,0.0,0.0,1.0000000072511825,1.0000000072511825,0.0,0,0,0,0,0,0,0,1.0,1.0,0.2,0.2
27,1200,0,odam,rpn,0.1319533884525299,-0.0,global_ddp_mean,2,0.0,0.9375616312026978,0.9375616312026978,0.0,0.0,0.0,0.0,0.0,0.0,0.0,0.0,0.0,0.0,0.0,0.0,0.0,1.0000000126308084,1.0000000126308084,0.0,0,0,0,0,0,0,0,1.0,1.0,0.2,0.2
27,1200,0,odam,roi_shared,0.1319533884525299,-0.0,global_ddp_mean,2,0.0,3.1137235164642334,3.1137235164642334,0.0,0.0,0.0,0.0,0.0,0.0,0.0,0.0,0.0,0.0,0.0,0.0,0.0,1.0000000222835321,1.0000000222835321,0.0,0,0,0,0,0,0,0,1.0,1.0,0.2,0.2
27,1200,0,odam,roi_cls,0.1319533884525299,-0.0,global_ddp_mean,2,0.0,2.5289809703826904,2.5289809703826904,0.0,0.0,0.0,0.0,0.0,0.0,0.0,0.0,0.0,0.0,0.0,0.0,0.0,0.9999999335765697,0.9999999335765697,0.02088325938307933,0,0,0,0,0,0,0,1.0,1.0,0.2,0.2
27,1200,0,odam,roi_reg,0.1319533884525299,-0.0,global_ddp_mean,2,0.0,0.6111267805099487,0.6111267805099487,0.0,0.0,0.0,0.0,0.0,0.0,0.0,0.0,0.0,0.0,0.0,0.0,0.0,0.9999999924465298,0.9999999924465298,0.007042241107984111,0,0,0,0,0,0,0,1.0,1.0,0.2,0.2
27,1300,0,odam,backbone,0.8527267575263977,0.0,global_ddp_mean,2,0.0,42.8160514831543,42.8160514831543,0.0,0.0,0.0,0.0,0.0,0.0,0.0,0.0,0.0,0.0,0.0,0.0,0.0,1.000000049563563,1.000000049563563,0.0,0,0,0,0,0,0,0,1.0,1.0,0.2,0.2
27,1300,0,odam,fpn,0.8527267575263977,0.0,global_ddp_mean,2,0.0,4.26491641998291,4.26491641998291,0.0,0.0,0.0,0.0,0.0,0.0,0.0,0.0,0.0,0.0,0.0,0.0,0.0,0.9999999052211598,0.9999999052211598,0.024945564072106442,0,0,0,0,0,0,0,1.0,1.0,0.2,0.2
27,1300,0,odam,rpn,0.8527267575263977,0.0,global_ddp_mean,2,0.0,2.6850287914276123,2.6850287914276123,0.0,0.0,0.0,0.0,0.0,0.0,0.0,0.0,0.0,0.0,0.0,0.0,0.0,1.0000000086288876,1.0000000086288876,0.0,0,0,0,0,0,0,0,1.0,1.0,0.2,0.2
27,1300,0,odam,roi_shared,0.8527267575263977,0.0,global_ddp_mean,2,0.0,9.00296688079834,9.00296688079834,0.0,0.0,0.0,0.0,0.0,0.0,0.0,0.0,0.0,0.0,0.0,0.0,0.0,1.0000001031882033,1.0000001031882033,0.0,0,0,0,0,0,0,0,1.0,1.0,0.2,0.2
27,1300,0,odam,roi_cls,0.8527267575263977,0.0,global_ddp_mean,2,0.0,7.9208550453186035,7.9208550453186035,0.0,0.0,0.0,0.0,0.0,0.0,0.0,0.0,0.0,0.0,0.0,0.0,0.0,1.0000000577583534,1.0000000577583534,0.0,0,0,0,0,0,0,0,1.0,1.0,0.2,0.2
27,1300,0,odam,roi_reg,0.8527267575263977,0.0,global_ddp_mean,2,0.0,3.7363779544830322,3.7363779544830322,0.0,0.0,0.0,0.0,0.0,0.0,0.0,0.0,0.0,0.0,0.0,0.0,0.0,1.0000000376473737,1.0000000376473737,0.0,0,0,0,0,0,0,0,1.0,1.0,0.2,0.2
27,1400,0,odam,backbone,0.01297345943748951,0.0,global_ddp_mean,2,0.0,6.544662952423096,6.544662952423096,0.0,0.0,0.0,0.0,0.0,0.0,0.0,0.0,0.0,0.0,0.0,0.0,0.0,1.0000000405733416,1.0000000405733416,0.0,0,0,0,0,0,0,0,1.0,1.0,0.2,0.2
27,1400,0,odam,fpn,0.01297345943748951,0.0,global_ddp_mean,2,0.0,1.1041252613067627,1.1041252613067627,0.0,0.0,0.0,0.0,0.0,0.0,0.0,0.0,0.0,0.0,0.0,0.0,0.0,1.0000000121749915,1.0000000121749915,0.0,0,0,0,0,0,0,0,1.0,1.0,0.2,0.2
27,1400,0,odam,rpn,0.01297345943748951,0.0,global_ddp_mean,2,0.0,1.7338359355926514,1.7338359355926514,0.0,0.0,0.0,0.0,0.0,0.0,0.0,0.0,0.0,0.0,0.0,0.0,0.0,0.9999999702530955,0.9999999702530955,0.013975215737452976,0,0,0,0,0,0,0,1.0,1.0,0.2,0.2
27,1400,0,odam,roi_shared,0.01297345943748951,0.0,global_ddp_mean,2,0.0,1.5284332036972046,1.5284332036972046,0.0,0.0,0.0,0.0,0.0,0.0,0.0,0.0,0.0,0.0,0.0,0.0,0.0,1.0000000640118234,1.0000000640118234,0.0,0,0,0,0,0,0,0,1.0,1.0,0.2,0.2
27,1400,0,odam,roi_cls,0.01297345943748951,0.0,global_ddp_mean,2,0.0,1.40630304813385,1.40630304813385,0.0,0.0,0.0,0.0,0.0,0.0,0.0,0.0,0.0,0.0,0.0,0.0,0.0,0.9999999646712118,0.9999999646712118,0.015230073605643947,0,0,0,0,0,0,0,1.0,1.0,0.2,0.2
27,1400,0,odam,roi_reg,0.01297345943748951,0.0,global_ddp_mean,2,0.0,0.0,0.0,0.0,0.0,0.0,0.0,0.0,0.0,0.0,0.0,0.0,0.0,0.0,0.0,0.0,0.0,0.0,90.0,0,0,0,0,0,0,0,1.0,1.0,0.2,0.2
28,0,0,odam,backbone,0.12683641910552979,-0.0,global_ddp_mean,2,0.0,58.34833526611328,58.34833526611328,0.0,0.0,0.0,0.0,0.0,0.0,0.0,0.0,0.0,0.0,0.0,0.0,0.0,1.0000000270186455,1.0000000270186455,0.0,0,0,0,0,0,0,0,1.0,1.0,0.2,0.2
28,0,0,odam,fpn,0.12683641910552979,-0.0,global_ddp_mean,2,0.0,4.908246994018555,4.908246994018555,0.0,0.0,0.0,0.0,0.0,0.0,0.0,0.0,0.0,0.0,0.0,0.0,0.0,1.0000000967215148,1.0000000967215148,0.0,0,0,0,0,0,0,0,1.0,1.0,0.2,0.2
28,0,0,odam,rpn,0.12683641910552979,-0.0,global_ddp_mean,2,0.0,6.8972368240356445,6.8972368240356445,0.0,0.0,0.0,0.0,0.0,0.0,0.0,0.0,0.0,0.0,0.0,0.0,0.0,0.9999999349268531,0.9999999349268531,0.020669907695980146,0,0,0,0,0,0,0,1.0,1.0,0.2,0.2
28,0,0,odam,roi_shared,0.12683641910552979,-0.0,global_ddp_mean,2,0.0,9.451658248901367,9.451658248901367,0.0,0.0,0.0,0.0,0.0,0.0,0.0,0.0,0.0,0.0,0.0,0.0,0.0,1.0000000379685128,1.0000000379685128,0.0,0,0,0,0,0,0,0,1.0,1.0,0.2,0.2
28,0,0,odam,roi_cls,0.12683641910552979,-0.0,global_ddp_mean,2,0.0,10.139917373657227,10.139917373657227,0.0,0.0,0.0,0.0,0.0,0.0,0.0,0.0,0.0,0.0,0.0,0.0,0.0,0.9999999273037408,0.9999999273037408,0.021847093368628452,0,0,0,0,0,0,0,1.0,1.0,0.2,0.2
28,0,0,odam,roi_reg,0.12683641910552979,-0.0,global_ddp_mean,2,0.0,2.79465913772583,2.79465913772583,0.0,0.0,0.0,0.0,0.0,0.0,0.0,0.0,0.0,0.0,0.0,0.0,0.0,0.9999999913998463,0.9999999913998463,0.007514338190271887,0,0,0,0,0,0,0,1.0,1.0,0.2,0.2
28,100,0,odam,backbone,0.022413693368434906,0.0,global_ddp_mean,2,0.0,14.052824974060059,14.052824974060059,0.0,0.0,0.0,0.0,0.0,0.0,0.0,0.0,0.0,0.0,0.0,0.0,0.0,1.0000000674725456,1.0000000674725456,0.0,0,0,0,0,0,0,0,1.0,1.0,0.2,0.2
28,100,0,odam,fpn,0.022413693368434906,0.0,global_ddp_mean,2,0.0,1.6785160303115845,1.6785160303115845,0.0,0.0,0.0,0.0,0.0,0.0,0.0,0.0,0.0,0.0,0.0,0.0,0.0,1.0000000451080393,1.0000000451080393,0.0,0,0,0,0,0,0,0,1.0,1.0,0.2,0.2
28,100,0,odam,rpn,0.022413693368434906,0.0,global_ddp_mean,2,0.0,2.17118501663208,2.17118501663208,0.0,0.0,0.0,0.0,0.0,0.0,0.0,0.0,0.0,0.0,0.0,0.0,0.0,1.0000000412544283,1.0000000412544283,0.0,0,0,0,0,0,0,0,1.0,1.0,0.2,0.2
28,100,0,odam,roi_shared,0.022413693368434906,0.0,global_ddp_mean,2,0.0,3.4949209690093994,3.4949209690093994,0.0,0.0,0.0,0.0,0.0,0.0,0.0,0.0,0.0,0.0,0.0,0.0,0.0,0.9999999375654582,0.9999999375654582,0.02024650647784187,0,0,0,0,0,0,0,1.0,1.0,0.2,0.2
28,100,0,odam,roi_cls,0.022413693368434906,0.0,global_ddp_mean,2,0.0,1.6625655889511108,1.6625655889511108,0.0,0.0,0.0,0.0,0.0,0.0,0.0,0.0,0.0,0.0,0.0,0.0,0.0,1.0000000202229617,1.0000000202229617,0.0,0,0,0,0,0,0,0,1.0,1.0,0.2,0.2
28,100,0,odam,roi_reg,0.022413693368434906,0.0,global_ddp_mean,2,0.0,4.63318395614624,4.63318395614624,0.0,0.0,0.0,0.0,0.0,0.0,0.0,0.0,0.0,0.0,0.0,0.0,0.0,0.9999999508813123,0.9999999508813123,0.017958125799561797,0,0,0,0,0,0,0,1.0,1.0,0.2,0.2
28,200,0,odam,backbone,0.10833626985549927,-0.0,global_ddp_mean,2,0.0,13.275819778442383,13.275819778442383,0.0,0.0,0.0,0.0,0.0,0.0,0.0,0.0,0.0,0.0,0.0,0.0,0.0,0.9999999997582282,0.9999999997582282,0.0012599127602199432,0,0,0,0,0,0,0,1.0,1.0,0.2,0.2
28,200,0,odam,fpn,0.10833626985549927,-0.0,global_ddp_mean,2,0.0,1.4686111211776733,1.4686111211776733,0.0,0.0,0.0,0.0,0.0,0.0,0.0,0.0,0.0,0.0,0.0,0.0,0.0,1.000000001420803,1.000000001420803,0.0,0,0,0,0,0,0,0,1.0,1.0,0.2,0.2
28,200,0,odam,rpn,0.10833626985549927,-0.0,global_ddp_mean,2,0.0,3.6749427318573,3.6749427318573,0.0,0.0,0.0,0.0,0.0,0.0,0.0,0.0,0.0,0.0,0.0,0.0,0.0,0.9999999381452901,0.9999999381452901,0.0201522721578843,0,0,0,0,0,0,0,1.0,1.0,0.2,0.2
28,200,0,odam,roi_shared,0.10833626985549927,-0.0,global_ddp_mean,2,0.0,2.2868053913116455,2.2868053913116455,0.0,0.0,0.0,0.0,0.0,0.0,0.0,0.0,0.0,0.0,0.0,0.0,0.0,0.9999999882067718,0.9999999882067718,0.008799418663253615,0,0,0,0,0,0,0,1.0,1.0,0.2,0.2
28,200,0,odam,roi_cls,0.10833626985549927,-0.0,global_ddp_mean,2,0.0,1.1604033708572388,1.1604033708572388,0.0,0.0,0.0,0.0,0.0,0.0,0.0,0.0,0.0,0.0,0.0,0.0,0.0,0.9999999539558976,0.9999999539558976,0.017386999336513567,0,0,0,0,0,0,0,1.0,1.0,0.2,0.2
28,200,0,odam,roi_reg,0.10833626985549927,-0.0,global_ddp_mean,2,0.0,1.9522621631622314,1.9522621631622314,0.0,0.0,0.0,0.0,0.0,0.0,0.0,0.0,0.0,0.0,0.0,0.0,0.0,1.0000000372919096,1.0000000372919096,0.0,0,0,0,0,0,0,0,1.0,1.0,0.2,0.2
28,300,0,odam,backbone,0.08594782650470734,0.0,global_ddp_mean,2,0.0,10.409682273864746,10.409682273864746,0.0,0.0,0.0,0.0,0.0,0.0,0.0,0.0,0.0,0.0,0.0,0.0,0.0,1.000000030448745,1.000000030448745,0.0,0,0,0,0,0,0,0,1.0,1.0,0.2,0.2
28,300,0,odam,fpn,0.08594782650470734,0.0,global_ddp_mean,2,0.0,1.6384578943252563,1.6384578943252563,0.0,0.0,0.0,0.0,0.0,0.0,0.0,0.0,0.0,0.0,0.0,0.0,0.0,1.000000019890946,1.000000019890946,0.0,0,0,0,0,0,0,0,1.0,1.0,0.2,0.2
28,300,0,odam,rpn,0.08594782650470734,0.0,global_ddp_mean,2,0.0,2.7395310401916504,2.7395310401916504,0.0,0.0,0.0,0.0,0.0,0.0,0.0,0.0,0.0,0.0,0.0,0.0,0.0,1.0000000415515307,1.0000000415515307,0.0,0,0,0,0,0,0,0,1.0,1.0,0.2,0.2
28,300,0,odam,roi_shared,0.08594782650470734,0.0,global_ddp_mean,2,0.0,2.702446937561035,2.702446937561035,0.0,0.0,0.0,0.0,0.0,0.0,0.0,0.0,0.0,0.0,0.0,0.0,0.0,1.0000000472249309,1.0000000472249309,0.0,0,0,0,0,0,0,0,1.0,1.0,0.2,0.2
28,300,0,odam,roi_cls,0.08594782650470734,0.0,global_ddp_mean,2,0.0,1.8738512992858887,1.8738512992858887,0.0,0.0,0.0,0.0,0.0,0.0,0.0,0.0,0.0,0.0,0.0,0.0,0.0,0.9999999976615208,0.9999999976615208,0.0039183604558423,0,0,0,0,0,0,0,1.0,1.0,0.2,0.2
28,300,0,odam,roi_reg,0.08594782650470734,0.0,global_ddp_mean,2,0.0,1.1380892992019653,1.1380892992019653,0.0,0.0,0.0,0.0,0.0,0.0,0.0,0.0,0.0,0.0,0.0,0.0,0.0,0.9999999569141441,0.9999999569141441,0.016819186799865046,0,0,0,0,0,0,0,1.0,1.0,0.2,0.2
28,400,0,odam,backbone,0.12645217776298523,0.0,global_ddp_mean,2,0.0,5.937478065490723,5.937478065490723,0.0,0.0,0.0,0.0,0.0,0.0,0.0,0.0,0.0,0.0,0.0,0.0,0.0,1.0000000304196193,1.0000000304196193,0.0,0,0,0,0,0,0,0,1.0,1.0,0.2,0.2
28,400,0,odam,fpn,0.12645217776298523,0.0,global_ddp_mean,2,0.0,1.0293712615966797,1.0293712615966797,0.0,0.0,0.0,0.0,0.0,0.0,0.0,0.0,0.0,0.0,0.0,0.0,0.0,1.0000000439981784,1.0000000439981784,0.0,0,0,0,0,0,0,0,1.0,1.0,0.2,0.2
28,400,0,odam,rpn,0.12645217776298523,0.0,global_ddp_mean,2,0.0,1.973746418952942,1.973746418952942,0.0,0.0,0.0,0.0,0.0,0.0,0.0,0.0,0.0,0.0,0.0,0.0,0.0,1.0000000045163902,1.0000000045163902,0.0,0,0,0,0,0,0,0,1.0,1.0,0.2,0.2
28,400,0,odam,roi_shared,0.12645217776298523,0.0,global_ddp_mean,2,0.0,1.9458296298980713,1.9458296298980713,0.0,0.0,0.0,0.0,0.0,0.0,0.0,0.0,0.0,0.0,0.0,0.0,0.0,0.9999999441284088,0.9999999441284088,0.019152838756897644,0,0,0,0,0,0,0,1.0,1.0,0.2,0.2
28,400,0,odam,roi_cls,0.12645217776298523,0.0,global_ddp_mean,2,0.0,1.6728646755218506,1.6728646755218506,0.0,0.0,0.0,0.0,0.0,0.0,0.0,0.0,0.0,0.0,0.0,0.0,0.0,0.9999999987737682,0.9999999987737682,0.002837421887531234,0,0,0,0,0,0,0,1.0,1.0,0.2,0.2
28,400,0,odam,roi_reg,0.12645217776298523,0.0,global_ddp_mean,2,0.0,1.3558731079101562,1.3558731079101562,0.0,0.0,0.0,0.0,0.0,0.0,0.0,0.0,0.0,0.0,0.0,0.0,0.0,1.0000000083271772,1.0000000083271772,0.0,0,0,0,0,0,0,0,1.0,1.0,0.2,0.2
28,500,0,odam,backbone,1.1049385070800781,0.0,global_ddp_mean,2,0.0,79.84991455078125,79.84991455078125,0.0,0.0,0.0,0.0,0.0,0.0,0.0,0.0,0.0,0.0,0.0,0.0,0.0,0.9999999898518699,0.9999999898518699,0.008162640018448807,0,0,0,0,0,0,0,1.0,1.0,0.2,0.2
28,500,0,odam,fpn,1.1049385070800781,0.0,global_ddp_mean,2,0.0,7.6978535652160645,7.6978535652160645,0.0,0.0,0.0,0.0,0.0,0.0,0.0,0.0,0.0,0.0,0.0,0.0,0.0,0.9999999502541221,0.9999999502541221,0.01807241461921521,0,0,0,0,0,0,0,1.0,1.0,0.2,0.2
28,500,0,odam,rpn,1.1049385070800781,0.0,global_ddp_mean,2,0.0,9.96129322052002,9.96129322052002,0.0,0.0,0.0,0.0,0.0,0.0,0.0,0.0,0.0,0.0,0.0,0.0,0.0,1.0000000865753356,1.0000000865753356,0.0,0,0,0,0,0,0,0,1.0,1.0,0.2,0.2
28,500,0,odam,roi_shared,1.1049385070800781,0.0,global_ddp_mean,2,0.0,11.695978164672852,11.695978164672852,0.0,0.0,0.0,0.0,0.0,0.0,0.0,0.0,0.0,0.0,0.0,0.0,0.0,1.0000000619008655,1.0000000619008655,0.0,0,0,0,0,0,0,0,1.0,1.0,0.2,0.2
28,500,0,odam,roi_cls,1.1049385070800781,0.0,global_ddp_mean,2,0.0,8.498749732971191,8.498749732971191,0.0,0.0,0.0,0.0,0.0,0.0,0.0,0.0,0.0,0.0,0.0,0.0,0.0,0.9999999651545671,0.9999999651545671,0.015125528682791298,0,0,0,0,0,0,0,1.0,1.0,0.2,0.2
28,500,0,odam,roi_reg,1.1049385070800781,0.0,global_ddp_mean,2,0.0,5.409046649932861,5.409046649932861,0.0,0.0,0.0,0.0,0.0,0.0,0.0,0.0,0.0,0.0,0.0,0.0,0.0,1.0000000698384317,1.0000000698384317,0.0,0,0,0,0,0,0,0,1.0,1.0,0.2,0.2
28,600,0,odam,backbone,0.273753821849823,0.0,global_ddp_mean,2,0.0,9.20258617401123,9.20258617401123,0.0,0.0,0.0,0.0,0.0,0.0,0.0,0.0,0.0,0.0,0.0,0.0,0.0,1.000000081381771,1.000000081381771,0.0,0,0,0,0,0,0,0,1.0,1.0,0.2,0.2
28,600,0,odam,fpn,0.273753821849823,0.0,global_ddp_mean,2,0.0,1.5363597869873047,1.5363597869873047,0.0,0.0,0.0,0.0,0.0,0.0,0.0,0.0,0.0,0.0,0.0,0.0,0.0,0.999999998691475,0.999999998691475,0.002931086499080842,0,0,0,0,0,0,0,1.0,1.0,0.2,0.2
28,600,0,odam,rpn,0.273753821849823,0.0,global_ddp_mean,2,0.0,1.789276361465454,1.789276361465454,0.0,0.0,0.0,0.0,0.0,0.0,0.0,0.0,0.0,0.0,0.0,0.0,0.0,1.0000000171313266,1.0000000171313266,0.0,0,0,0,0,0,0,0,1.0,1.0,0.2,0.2
28,600,0,odam,roi_shared,0.273753821849823,0.0,global_ddp_mean,2,0.0,3.0039193630218506,3.0039193630218506,0.0,0.0,0.0,0.0,0.0,0.0,0.0,0.0,0.0,0.0,0.0,0.0,0.0,1.000000041471537,1.000000041471537,0.0,0,0,0,0,0,0,0,1.0,1.0,0.2,0.2
28,600,0,odam,roi_cls,0.273753821849823,0.0,global_ddp_mean,2,0.0,1.572774887084961,1.572774887084961,0.0,0.0,0.0,0.0,0.0,0.0,0.0,0.0,0.0,0.0,0.0,0.0,0.0,1.0000000186471316,1.0000000186471316,0.0,0,0,0,0,0,0,0,1.0,1.0,0.2,0.2
28,600,0,odam,roi_reg,0.273753821849823,0.0,global_ddp_mean,2,0.0,3.364903688430786,3.364903688430786,0.0,0.0,0.0,0.0,0.0,0.0,0.0,0.0,0.0,0.0,0.0,0.0,0.0,1.0000000568851388,1.0000000568851388,0.0,0,0,0,0,0,0,0,1.0,1.0,0.2,0.2
28,700,0,odam,backbone,0.18767835199832916,0.0,global_ddp_mean,2,0.0,14.028670310974121,14.028670310974121,0.0,0.0,0.0,0.0,0.0,0.0,0.0,0.0,0.0,0.0,0.0,0.0,0.0,0.9999999907175513,0.9999999907175513,0.007806725507982476,0,0,0,0,0,0,0,1.0,1.0,0.2,0.2
28,700,0,odam,fpn,0.18767835199832916,0.0,global_ddp_mean,2,0.0,2.997034788131714,2.997034788131714,0.0,0.0,0.0,0.0,0.0,0.0,0.0,0.0,0.0,0.0,0.0,0.0,0.0,0.9999999235990742,0.9999999235990742,0.022396850117067726,0,0,0,0,0,0,0,1.0,1.0,0.2,0.2
28,700,0,odam,rpn,0.18767835199832916,0.0,global_ddp_mean,2,0.0,1.271972417831421,1.271972417831421,0.0,0.0,0.0,0.0,0.0,0.0,0.0,0.0,0.0,0.0,0.0,0.0,0.0,1.0000000801566864,1.0000000801566864,0.0,0,0,0,0,0,0,0,1.0,1.0,0.2,0.2
28,700,0,odam,roi_shared,0.18767835199832916,0.0,global_ddp_mean,2,0.0,6.448747634887695,6.448747634887695,0.0,0.0,0.0,0.0,0.0,0.0,0.0,0.0,0.0,0.0,0.0,0.0,0.0,0.9999999907214204,0.9999999907214204,0.0078050983316006566,0,0,0,0,0,0,0,1.0,1.0,0.2,0.2
28,700,0,odam,roi_cls,0.18767835199832916,0.0,global_ddp_mean,2,0.0,5.469216346740723,5.469216346740723,0.0,0.0,0.0,0.0,0.0,0.0,0.0,0.0,0.0,0.0,0.0,0.0,0.0,0.9999999787809292,0.9999999787809292,0.011803228432993425,0,0,0,0,0,0,0,1.0,1.0,0.2,0.2
28,700,0,odam,roi_reg,0.18767835199832916,0.0,global_ddp_mean,2,0.0,1.0690844058990479,1.0690844058990479,0.0,0.0,0.0,0.0,0.0,0.0,0.0,0.0,0.0,0.0,0.0,0.0,0.0,1.0000001112806944,1.0000001112806944,0.0,0,0,0,0,0,0,0,1.0,1.0,0.2,0.2
28,800,0,odam,backbone,0.2673078775405884,0.0,global_ddp_mean,2,0.0,42.00139236450195,42.00139236450195,0.0,0.0,0.0,0.0,0.0,0.0,0.0,0.0,0.0,0.0,0.0,0.0,0.0,0.9999999902515149,0.9999999902515149,0.008000298611996987,0,0,0,0,0,0,0,1.0,1.0,0.2,0.2
28,800,0,odam,fpn,0.2673078775405884,0.0,global_ddp_mean,2,0.0,10.17668342590332,10.17668342590332,0.0,0.0,0.0,0.0,0.0,0.0,0.0,0.0,0.0,0.0,0.0,0.0,0.0,0.999999949983418,0.999999949983418,0.01812152059415984,0,0,0,0,0,0,0,1.0,1.0,0.2,0.2
28,800,0,odam,rpn,0.2673078775405884,0.0,global_ddp_mean,2,0.0,4.513967990875244,4.513967990875244,0.0,0.0,0.0,0.0,0.0,0.0,0.0,0.0,0.0,0.0,0.0,0.0,0.0,1.0000000429577407,1.0000000429577407,0.0,0,0,0,0,0,0,0,1.0,1.0,0.2,0.2
28,800,0,odam,roi_shared,0.2673078775405884,0.0,global_ddp_mean,2,0.0,20.25372886657715,20.25372886657715,0.0,0.0,0.0,0.0,0.0,0.0,0.0,0.0,0.0,0.0,0.0,0.0,0.0,0.999999996327084,0.999999996327084,0.004910696871368813,0,0,0,0,0,0,0,1.0,1.0,0.2,0.2
28,800,0,odam,roi_cls,0.2673078775405884,0.0,global_ddp_mean,2,0.0,18.162559509277344,18.162559509277344,0.0,0.0,0.0,0.0,0.0,0.0,0.0,0.0,0.0,0.0,0.0,0.0,0.0,0.9999999154568345,0.9999999154568345,0.02356008677234759,0,0,0,0,0,0,0,1.0,1.0,0.2,0.2
28,800,0,odam,roi_reg,0.2673078775405884,0.0,global_ddp_mean,2,0.0,5.294848442077637,5.294848442077637,0.0,0.0,0.0,0.0,0.0,0.0,0.0,0.0,0.0,0.0,0.0,0.0,0.0,0.9999999119753056,0.9999999119753056,0.02404030074882575,0,0,0,0,0,0,0,1.0,1.0,0.2,0.2
28,900,0,odam,backbone,0.153707355260849,-0.0,global_ddp_mean,2,0.0,8.322342872619629,8.322342872619629,0.0,0.0,0.0,0.0,0.0,0.0,0.0,0.0,0.0,0.0,0.0,0.0,0.0,0.9999999970631895,0.9999999970631895,0.004391122871535628,0,0,0,0,0,0,0,1.0,1.0,0.2,0.2
28,900,0,odam,fpn,0.153707355260849,-0.0,global_ddp_mean,2,0.0,1.787336826324463,1.787336826324463,0.0,0.0,0.0,0.0,0.0,0.0,0.0,0.0,0.0,0.0,0.0,0.0,0.0,0.9999999983822638,0.9999999983822638,0.003259053409785094,0,0,0,0,0,0,0,1.0,1.0,0.2,0.2
28,900,0,odam,rpn,0.153707355260849,-0.0,global_ddp_mean,2,0.0,0.9377816915512085,0.9377816915512085,0.0,0.0,0.0,0.0,0.0,0.0,0.0,0.0,0.0,0.0,0.0,0.0,0.0,1.000000028379599,1.000000028379599,0.0,0,0,0,0,0,0,0,1.0,1.0,0.2,0.2
28,900,0,odam,roi_shared,0.153707355260849,-0.0,global_ddp_mean,2,0.0,3.806025743484497,3.806025743484497,0.0,0.0,0.0,0.0,0.0,0.0,0.0,0.0,0.0,0.0,0.0,0.0,0.0,0.9999999517193373,0.9999999517193373,0.01780427293303345,0,0,0,0,0,0,0,1.0,1.0,0.2,0.2
28,900,0,odam,roi_cls,0.153707355260849,-0.0,global_ddp_mean,2,0.0,2.362781524658203,2.362781524658203,0.0,0.0,0.0,0.0,0.0,0.0,0.0,0.0,0.0,0.0,0.0,0.0,0.0,1.000000078049178,1.000000078049178,0.0,0,0,0,0,0,0,0,1.0,1.0,0.2,0.2
28,900,0,odam,roi_reg,0.153707355260849,-0.0,global_ddp_mean,2,0.0,2.3569130897521973,2.3569130897521973,0.0,0.0,0.0,0.0,0.0,0.0,0.0,0.0,0.0,0.0,0.0,0.0,0.0,1.0000000167735095,1.0000000167735095,0.0,0,0,0,0,0,0,0,1.0,1.0,0.2,0.2
28,1000,0,odam,backbone,0.4640061855316162,0.0,global_ddp_mean,2,0.0,10.051045417785645,10.051045417785645,0.0,0.0,0.0,0.0,0.0,0.0,0.0,0.0,0.0,0.0,0.0,0.0,0.0,1.0000000735764354,1.0000000735764354,0.0,0,0,0,0,0,0,0,1.0,1.0,0.2,0.2
28,1000,0,odam,fpn,0.4640061855316162,0.0,global_ddp_mean,2,0.0,1.7259796857833862,1.7259796857833862,0.0,0.0,0.0,0.0,0.0,0.0,0.0,0.0,0.0,0.0,0.0,0.0,0.0,0.9999999791412685,0.9999999791412685,0.011702578905903255,0,0,0,0,0,0,0,1.0,1.0,0.2,0.2
28,1000,0,odam,rpn,0.4640061855316162,0.0,global_ddp_mean,2,0.0,3.0902764797210693,3.0902764797210693,0.0,0.0,0.0,0.0,0.0,0.0,0.0,0.0,0.0,0.0,0.0,0.0,0.0,0.9999999770759829,0.9999999770759829,0.012268260617250077,0,0,0,0,0,0,0,1.0,1.0,0.2,0.2
28,1000,0,odam,roi_shared,0.4640061855316162,0.0,global_ddp_mean,2,0.0,3.439281463623047,3.439281463623047,0.0,0.0,0.0,0.0,0.0,0.0,0.0,0.0,0.0,0.0,0.0,0.0,0.0,0.9999999332614979,0.9999999332614979,0.020932729434235933,0,0,0,0,0,0,0,1.0,1.0,0.2,0.2
28,1000,0,odam,roi_cls,0.4640061855316162,0.0,global_ddp_mean,2,0.0,1.7723634243011475,1.7723634243011475,0.0,0.0,0.0,0.0,0.0,0.0,0.0,0.0,0.0,0.0,0.0,0.0,0.0,1.000000063236092,1.000000063236092,0.0,0,0,0,0,0,0,0,1.0,1.0,0.2,0.2
28,1000,0,odam,roi_reg,0.4640061855316162,0.0,global_ddp_mean,2,0.0,5.330287456512451,5.330287456512451,0.0,0.0,0.0,0.0,0.0,0.0,0.0,0.0,0.0,0.0,0.0,0.0,0.0,1.0000000688019504,1.0000000688019504,0.0,0,0,0,0,0,0,0,1.0,1.0,0.2,0.2
28,1100,0,odam,backbone,0.016724081709980965,0.0,global_ddp_mean,2,0.0,59.45720291137695,59.45720291137695,0.0,0.0,0.0,0.0,0.0,0.0,0.0,0.0,0.0,0.0,0.0,0.0,0.0,0.9999999879785386,0.9999999879785386,0.008884157792386502,0,0,0,0,0,0,0,1.0,1.0,0.2,0.2
28,1100,0,odam,fpn,0.016724081709980965,0.0,global_ddp_mean,2,0.0,7.004546165466309,7.004546165466309,0.0,0.0,0.0,0.0,0.0,0.0,0.0,0.0,0.0,0.0,0.0,0.0,0.0,1.0000000063838383,1.0000000063838383,0.0,0,0,0,0,0,0,0,1.0,1.0,0.2,0.2
28,1100,0,odam,rpn,0.016724081709980965,0.0,global_ddp_mean,2,0.0,7.519397258758545,7.519397258758545,0.0,0.0,0.0,0.0,0.0,0.0,0.0,0.0,0.0,0.0,0.0,0.0,0.0,1.0000000163516618,1.0000000163516618,0.0,0,0,0,0,0,0,0,1.0,1.0,0.2,0.2
28,1100,0,odam,roi_shared,0.016724081709980965,0.0,global_ddp_mean,2,0.0,11.359594345092773,11.359594345092773,0.0,0.0,0.0,0.0,0.0,0.0,0.0,0.0,0.0,0.0,0.0,0.0,0.0,1.0000000490511927,1.0000000490511927,0.0,0,0,0,0,0,0,0,1.0,1.0,0.2,0.2
28,1100,0,odam,roi_cls,0.016724081709980965,0.0,global_ddp_mean,2,0.0,9.665201187133789,9.665201187133789,0.0,0.0,0.0,0.0,0.0,0.0,0.0,0.0,0.0,0.0,0.0,0.0,0.0,1.0000000904421162,1.0000000904421162,0.0,0,0,0,0,0,0,0,1.0,1.0,0.2,0.2
28,1100,0,odam,roi_reg,0.016724081709980965,0.0,global_ddp_mean,2,0.0,3.1345715522766113,3.1345715522766113,0.0,0.0,0.0,0.0,0.0,0.0,0.0,0.0,0.0,0.0,0.0,0.0,0.0,0.9999999815696725,0.9999999815696725,0.011000290568066812,0,0,0,0,0,0,0,1.0,1.0,0.2,0.2
28,1200,0,odam,backbone,0.01664438098669052,-0.0,global_ddp_mean,2,0.0,34.34008026123047,34.34008026123047,0.0,0.0,0.0,0.0,0.0,0.0,0.0,0.0,0.0,0.0,0.0,0.0,0.0,1.0000000836044034,1.0000000836044034,0.0,0,0,0,0,0,0,0,1.0,1.0,0.2,0.2
28,1200,0,odam,fpn,0.01664438098669052,-0.0,global_ddp_mean,2,0.0,6.825854778289795,6.825854778289795,0.0,0.0,0.0,0.0,0.0,0.0,0.0,0.0,0.0,0.0,0.0,0.0,0.0,1.0000000675227583,1.0000000675227583,0.0,0,0,0,0,0,0,0,1.0,1.0,0.2,0.2
28,1200,0,odam,rpn,0.01664438098669052,-0.0,global_ddp_mean,2,0.0,3.3402037620544434,3.3402037620544434,0.0,0.0,0.0,0.0,0.0,0.0,0.0,0.0,0.0,0.0,0.0,0.0,0.0,1.0000000241102733,1.0000000241102733,0.0,0,0,0,0,0,0,0,1.0,1.0,0.2,0.2
28,1200,0,odam,roi_shared,0.01664438098669052,-0.0,global_ddp_mean,2,0.0,13.069660186767578,13.069660186767578,0.0,0.0,0.0,0.0,0.0,0.0,0.0,0.0,0.0,0.0,0.0,0.0,0.0,1.000000043220162,1.000000043220162,0.0,0,0,0,0,0,0,0,1.0,1.0,0.2,0.2
28,1200,0,odam,roi_cls,0.01664438098669052,-0.0,global_ddp_mean,2,0.0,9.566637992858887,9.566637992858887,0.0,0.0,0.0,0.0,0.0,0.0,0.0,0.0,0.0,0.0,0.0,0.0,0.0,0.9999999861435578,0.9999999861435578,0.009538135729777178,0,0,0,0,0,0,0,1.0,1.0,0.2,0.2
28,1200,0,odam,roi_reg,0.01664438098669052,-0.0,global_ddp_mean,2,0.0,7.267290115356445,7.267290115356445,0.0,0.0,0.0,0.0,0.0,0.0,0.0,0.0,0.0,0.0,0.0,0.0,0.0,0.9999999554020016,0.9999999554020016,0.017111785029696902,0,0,0,0,0,0,0,1.0,1.0,0.2,0.2
28,1300,0,odam,backbone,0.009443764574825764,0.0,global_ddp_mean,2,0.0,36.43505096435547,36.43505096435547,0.0,0.0,0.0,0.0,0.0,0.0,0.0,0.0,0.0,0.0,0.0,0.0,0.0,0.9999999085565464,0.9999999085565464,0.024502700042141397,0,0,0,0,0,0,0,1.0,1.0,0.2,0.2
28,1300,0,odam,fpn,0.009443764574825764,0.0,global_ddp_mean,2,0.0,7.379524230957031,7.379524230957031,0.0,0.0,0.0,0.0,0.0,0.0,0.0,0.0,0.0,0.0,0.0,0.0,0.0,0.9999999393557276,0.9999999393557276,0.019954117594041674,0,0,0,0,0,0,0,1.0,1.0,0.2,0.2
28,1300,0,odam,rpn,0.009443764574825764,0.0,global_ddp_mean,2,0.0,3.1030712127685547,3.1030712127685547,0.0,0.0,0.0,0.0,0.0,0.0,0.0,0.0,0.0,0.0,0.0,0.0,0.0,1.000000026688319,1.000000026688319,0.0,0,0,0,0,0,0,0,1.0,1.0,0.2,0.2
28,1300,0,odam,roi_shared,0.009443764574825764,0.0,global_ddp_mean,2,0.0,15.008007049560547,15.008007049560547,0.0,0.0,0.0,0.0,0.0,0.0,0.0,0.0,0.0,0.0,0.0,0.0,0.0,0.9999999524637372,0.9999999524637372,0.017666485030198076,0,0,0,0,0,0,0,1.0,1.0,0.2,0.2
28,1300,0,odam,roi_cls,0.009443764574825764,0.0,global_ddp_mean,2,0.0,10.837774276733398,10.837774276733398,0.0,0.0,0.0,0.0,0.0,0.0,0.0,0.0,0.0,0.0,0.0,0.0,0.0,1.0000000035003869,1.0000000035003869,0.0,0,0,0,0,0,0,0,1.0,1.0,0.2,0.2
28,1300,0,odam,roi_reg,0.009443764574825764,0.0,global_ddp_mean,2,0.0,6.211602687835693,6.211602687835693,0.0,0.0,0.0,0.0,0.0,0.0,0.0,0.0,0.0,0.0,0.0,0.0,0.0,0.9999999821598623,0.9999999821598623,0.010822727706291875,0,0,0,0,0,0,0,1.0,1.0,0.2,0.2
28,1400,0,odam,backbone,0.1425747573375702,0.0,global_ddp_mean,2,0.0,14.59424114227295,14.59424114227295,0.0,0.0,0.0,0.0,0.0,0.0,0.0,0.0,0.0,0.0,0.0,0.0,0.0,0.9999999650062578,0.9999999650062578,0.015157683193491958,0,0,0,0,0,0,0,1.0,1.0,0.2,0.2
28,1400,0,odam,fpn,0.1425747573375702,0.0,global_ddp_mean,2,0.0,3.727114677429199,3.727114677429199,0.0,0.0,0.0,0.0,0.0,0.0,0.0,0.0,0.0,0.0,0.0,0.0,0.0,0.9999999533792581,0.9999999533792581,0.017495534793263625,0,0,0,0,0,0,0,1.0,1.0,0.2,0.2
28,1400,0,odam,rpn,0.1425747573375702,0.0,global_ddp_mean,2,0.0,2.008046865463257,2.008046865463257,0.0,0.0,0.0,0.0,0.0,0.0,0.0,0.0,0.0,0.0,0.0,0.0,0.0,1.0000000242568488,1.0000000242568488,0.0,0,0,0,0,0,0,0,1.0,1.0,0.2,0.2
28,1400,0,odam,roi_shared,0.1425747573375702,0.0,global_ddp_mean,2,0.0,8.021114349365234,8.021114349365234,0.0,0.0,0.0,0.0,0.0,0.0,0.0,0.0,0.0,0.0,0.0,0.0,0.0,0.9999999485397101,0.9999999485397101,0.018381195171469387,0,0,0,0,0,0,0,1.0,1.0,0.2,0.2
28,1400,0,odam,roi_cls,0.1425747573375702,0.0,global_ddp_mean,2,0.0,6.7400994300842285,6.7400994300842285,0.0,0.0,0.0,0.0,0.0,0.0,0.0,0.0,0.0,0.0,0.0,0.0,0.0,0.9999999888158121,0.9999999888158121,0.008569191695399958,0,0,0,0,0,0,0,1.0,1.0,0.2,0.2
28,1400,0,odam,roi_reg,0.1425747573375702,0.0,global_ddp_mean,2,0.0,3.285667896270752,3.285667896270752,0.0,0.0,0.0,0.0,0.0,0.0,0.0,0.0,0.0,0.0,0.0,0.0,0.0,0.9999999781666069,0.9999999781666069,0.011972869476476734,0,0,0,0,0,0,0,1.0,1.0,0.2,0.2
29,0,0,odam,backbone,0.8704391717910767,0.0,global_ddp_mean,2,0.0,28.7668399810791,28.7668399810791,0.0,0.0,0.0,0.0,0.0,0.0,0.0,0.0,0.0,0.0,0.0,0.0,0.0,1.0000000549014743,1.0000000549014743,0.0,0,0,0,0,0,0,0,1.0,1.0,0.2,0.2
29,0,0,odam,fpn,0.8704391717910767,0.0,global_ddp_mean,2,0.0,4.975636959075928,4.975636959075928,0.0,0.0,0.0,0.0,0.0,0.0,0.0,0.0,0.0,0.0,0.0,0.0,0.0,0.9999999464388031,0.9999999464388031,0.0187526552221173,0,0,0,0,0,0,0,1.0,1.0,0.2,0.2
29,0,0,odam,rpn,0.8704391717910767,0.0,global_ddp_mean,2,0.0,10.01496696472168,10.01496696472168,0.0,0.0,0.0,0.0,0.0,0.0,0.0,0.0,0.0,0.0,0.0,0.0,0.0,0.9999999725064449,0.9999999725064449,0.013435476744629443,0,0,0,0,0,0,0,1.0,1.0,0.2,0.2
29,0,0,odam,roi_shared,0.8704391717910767,0.0,global_ddp_mean,2,0.0,8.24694538116455,8.24694538116455,0.0,0.0,0.0,0.0,0.0,0.0,0.0,0.0,0.0,0.0,0.0,0.0,0.0,1.000000108195504,1.000000108195504,0.0,0,0,0,0,0,0,0,1.0,1.0,0.2,0.2
29,0,0,odam,roi_cls,0.8704391717910767,0.0,global_ddp_mean,2,0.0,4.09069299697876,4.09069299697876,0.0,0.0,0.0,0.0,0.0,0.0,0.0,0.0,0.0,0.0,0.0,0.0,0.0,0.9999999562324368,0.9999999562324368,0.016951721775556552,0,0,0,0,0,0,0,1.0,1.0,0.2,0.2
29,0,0,odam,roi_reg,0.8704391717910767,0.0,global_ddp_mean,2,0.0,11.649659156799316,11.649659156799316,0.0,0.0,0.0,0.0,0.0,0.0,0.0,0.0,0.0,0.0,0.0,0.0,0.0,1.0000000782686753,1.0000000782686753,0.0,0,0,0,0,0,0,0,1.0,1.0,0.2,0.2
29,100,0,odam,backbone,0.004259561654180288,0.0,global_ddp_mean,2,0.0,5.771315574645996,5.771315574645996,0.0,0.0,0.0,0.0,0.0,0.0,0.0,0.0,0.0,0.0,0.0,0.0,0.0,0.9999999735323998,0.9999999735323998,0.01318241301611264,0,0,0,0,0,0,0,1.0,1.0,0.2,0.2
29,100,0,odam,fpn,0.004259561654180288,0.0,global_ddp_mean,2,0.0,0.7318775057792664,0.7318775057792664,0.0,0.0,0.0,0.0,0.0,0.0,0.0,0.0,0.0,0.0,0.0,0.0,0.0,0.9999999383800652,0.9999999383800652,0.02011399092155989,0,0,0,0,0,0,0,1.0,1.0,0.2,0.2
29,100,0,odam,rpn,0.004259561654180288,0.0,global_ddp_mean,2,0.0,1.0018062591552734,1.0018062591552734,0.0,0.0,0.0,0.0,0.0,0.0,0.0,0.0,0.0,0.0,0.0,0.0,0.0,0.9999999562369196,0.9999999562369196,0.016950853619878838,0,0,0,0,0,0,0,1.0,1.0,0.2,0.2
29,100,0,odam,roi_shared,0.004259561654180288,0.0,global_ddp_mean,2,0.0,1.2665737867355347,1.2665737867355347,0.0,0.0,0.0,0.0,0.0,0.0,0.0,0.0,0.0,0.0,0.0,0.0,0.0,1.0000000913910156,1.0000000913910156,0.0,0,0,0,0,0,0,0,1.0,1.0,0.2,0.2
29,100,0,odam,roi_cls,0.004259561654180288,0.0,global_ddp_mean,2,0.0,1.3718316555023193,1.3718316555023193,0.0,0.0,0.0,0.0,0.0,0.0,0.0,0.0,0.0,0.0,0.0,0.0,0.0,1.0000000818245354,1.0000000818245354,0.0,0,0,0,0,0,0,0,1.0,1.0,0.2,0.2
29,100,0,odam,roi_reg,0.004259561654180288,0.0,global_ddp_mean,2,0.0,0.09821300953626633,0.09821300953626633,0.0,0.0,0.0,0.0,0.0,0.0,0.0,0.0,0.0,0.0,0.0,0.0,0.0,0.9999999249539543,0.9999999249539543,0.02219737094725321,0,0,0,0,0,0,0,1.0,1.0,0.2,0.2
29,200,0,odam,backbone,0.25967004895210266,-0.0,global_ddp_mean,2,0.0,5.498095989227295,5.498095989227295,0.0,0.0,0.0,0.0,0.0,0.0,0.0,0.0,0.0,0.0,0.0,0.0,0.0,0.9999999273961683,0.9999999273961683,0.021833200530586332,0,0,0,0,0,0,0,1.0,1.0,0.2,0.2
29,200,0,odam,fpn,0.25967004895210266,-0.0,global_ddp_mean,2,0.0,1.031689167022705,1.031689167022705,0.0,0.0,0.0,0.0,0.0,0.0,0.0,0.0,0.0,0.0,0.0,0.0,0.0,0.9999999027974408,0.9999999027974408,0.025262509132188974,0,0,0,0,0,0,0,1.0,1.0,0.2,0.2
29,200,0,odam,rpn,0.25967004895210266,-0.0,global_ddp_mean,2,0.0,1.6703088283538818,1.6703088283538818,0.0,0.0,0.0,0.0,0.0,0.0,0.0,0.0,0.0,0.0,0.0,0.0,0.0,0.9999999833845057,0.9999999833845057,0.010444658959757972,0,0,0,0,0,0,0,1.0,1.0,0.2,0.2
29,200,0,odam,roi_shared,0.25967004895210266,-0.0,global_ddp_mean,2,0.0,1.699318289756775,1.699318289756775,0.0,0.0,0.0,0.0,0.0,0.0,0.0,0.0,0.0,0.0,0.0,0.0,0.0,1.0000000091469252,1.0000000091469252,0.0,0,0,0,0,0,0,0,1.0,1.0,0.2,0.2
29,200,0,odam,roi_cls,0.25967004895210266,-0.0,global_ddp_mean,2,0.0,1.0452665090560913,1.0452665090560913,0.0,0.0,0.0,0.0,0.0,0.0,0.0,0.0,0.0,0.0,0.0,0.0,0.0,1.000000028955228,1.000000028955228,0.0,0,0,0,0,0,0,0,1.0,1.0,0.2,0.2
29,200,0,odam,roi_reg,0.25967004895210266,-0.0,global_ddp_mean,2,0.0,0.958188533782959,0.958188533782959,0.0,0.0,0.0,0.0,0.0,0.0,0.0,0.0,0.0,0.0,0.0,0.0,0.0,0.9999999410967073,0.9999999410967073,0.019665609839040643,0,0,0,0,0,0,0,1.0,1.0,0.2,0.2
29,300,0,odam,backbone,0.2999074459075928,-0.0,global_ddp_mean,2,0.0,21.80928611755371,21.80928611755371,0.0,0.0,0.0,0.0,0.0,0.0,0.0,0.0,0.0,0.0,0.0,0.0,0.0,0.999999994825495,0.999999994825495,0.0058287044941425495,0,0,0,0,0,0,0,1.0,1.0,0.2,0.2
29,300,0,odam,fpn,0.2999074459075928,-0.0,global_ddp_mean,2,0.0,1.4313615560531616,1.4313615560531616,0.0,0.0,0.0,0.0,0.0,0.0,0.0,0.0,0.0,0.0,0.0,0.0,0.0,1.0000000167634526,1.0000000167634526,0.0,0,0,0,0,0,0,0,1.0,1.0,0.2,0.2
29,300,0,odam,rpn,0.2999074459075928,-0.0,global_ddp_mean,2,0.0,1.7627694606781006,1.7627694606781006,0.0,0.0,0.0,0.0,0.0,0.0,0.0,0.0,0.0,0.0,0.0,0.0,0.0,1.0000000445366988,1.0000000445366988,0.0,0,0,0,0,0,0,0,1.0,1.0,0.2,0.2
29,300,0,odam,roi_shared,0.2999074459075928,-0.0,global_ddp_mean,2,0.0,2.163599967956543,2.163599967956543,0.0,0.0,0.0,0.0,0.0,0.0,0.0,0.0,0.0,0.0,0.0,0.0,0.0,1.0000000848104549,1.0000000848104549,0.0,0,0,0,0,0,0,0,1.0,1.0,0.2,0.2
29,300,0,odam,roi_cls,0.2999074459075928,-0.0,global_ddp_mean,2,0.0,1.1532659530639648,1.1532659530639648,0.0,0.0,0.0,0.0,0.0,0.0,0.0,0.0,0.0,0.0,0.0,0.0,0.0,0.9999999823731949,0.9999999823731949,0.01075782394075127,0,0,0,0,0,0,0,1.0,1.0,0.2,0.2
29,300,0,odam,roi_reg,0.2999074459075928,-0.0,global_ddp_mean,2,0.0,1.014981985092163,1.014981985092163,0.0,0.0,0.0,0.0,0.0,0.0,0.0,0.0,0.0,0.0,0.0,0.0,0.0,0.9999998951702775,0.9999998951702775,0.02623492651288665,0,0,0,0,0,0,0,1.0,1.0,0.2,0.2
29,400,0,odam,backbone,0.2977970242500305,0.0,global_ddp_mean,2,0.0,23.1301326751709,23.1301326751709,0.0,0.0,0.0,0.0,0.0,0.0,0.0,0.0,0.0,0.0,0.0,0.0,0.0,1.0000000265172402,1.0000000265172402,0.0,0,0,0,0,0,0,0,1.0,1.0,0.2,0.2
29,400,0,odam,fpn,0.2977970242500305,0.0,global_ddp_mean,2,0.0,3.6291098594665527,3.6291098594665527,0.0,0.0,0.0,0.0,0.0,0.0,0.0,0.0,0.0,0.0,0.0,0.0,0.0,1.0000000299460154,1.0000000299460154,0.0,0,0,0,0,0,0,0,1.0,1.0,0.2,0.2
29,400,0,odam,rpn,0.2977970242500305,0.0,global_ddp_mean,2,0.0,2.44901704788208,2.44901704788208,0.0,0.0,0.0,0.0,0.0,0.0,0.0,0.0,0.0,0.0,0.0,0.0,0.0,0.9999999168188238,0.9999999168188238,0.02336953988060046,0,0,0,0,0,0,0,1.0,1.0,0.2,0.2
29,400,0,odam,roi_shared,0.2977970242500305,0.0,global_ddp_mean,2,0.0,7.151236534118652,7.151236534118652,0.0,0.0,0.0,0.0,0.0,0.0,0.0,0.0,0.0,0.0,0.0,0.0,0.0,0.9999999712203583,0.9999999712203583,0.013746126063577285,0,0,0,0,0,0,0,1.0,1.0,0.2,0.2
29,400,0,odam,roi_cls,0.2977970242500305,0.0,global_ddp_mean,2,0.0,4.544022560119629,4.544022560119629,0.0,0.0,0.0,0.0,0.0,0.0,0.0,0.0,0.0,0.0,0.0,0.0,0.0,1.0000000403951992,1.0000000403951992,0.0,0,0,0,0,0,0,0,1.0,1.0,0.2,0.2
29,400,0,odam,roi_reg,0.2977970242500305,0.0,global_ddp_mean,2,0.0,5.736471652984619,5.736471652984619,0.0,0.0,0.0,0.0,0.0,0.0,0.0,0.0,0.0,0.0,0.0,0.0,0.0,0.9999999230163689,0.9999999230163689,0.022482097606071696,0,0,0,0,0,0,0,1.0,1.0,0.2,0.2
29,500,0,odam,backbone,0.34415745735168457,0.0,global_ddp_mean,2,0.0,34.23695755004883,34.23695755004883,0.0,0.0,0.0,0.0,0.0,0.0,0.0,0.0,0.0,0.0,0.0,0.0,0.0,1.000000042007237,1.000000042007237,0.0,0,0,0,0,0,0,0,1.0,1.0,0.2,0.2
29,500,0,odam,fpn,0.34415745735168457,0.0,global_ddp_mean,2,0.0,6.655635356903076,6.655635356903076,0.0,0.0,0.0,0.0,0.0,0.0,0.0,0.0,0.0,0.0,0.0,0.0,0.0,0.9999999894532808,0.9999999894532808,0.008321398525060164,0,0,0,0,0,0,0,1.0,1.0,0.2,0.2
29,500,0,odam,rpn,0.34415745735168457,0.0,global_ddp_mean,2,0.0,3.5675318241119385,3.5675318241119385,0.0,0.0,0.0,0.0,0.0,0.0,0.0,0.0,0.0,0.0,0.0,0.0,0.0,0.9999999377759928,0.9999999377759928,0.020212341179394317,0,0,0,0,0,0,0,1.0,1.0,0.2,0.2
29,500,0,odam,roi_shared,0.34415745735168457,0.0,global_ddp_mean,2,0.0,13.433274269104004,13.433274269104004,0.0,0.0,0.0,0.0,0.0,0.0,0.0,0.0,0.0,0.0,0.0,0.0,0.0,0.9999999598389577,0.9999999598389577,0.016238283497222172,0,0,0,0,0,0,0,1.0,1.0,0.2,0.2
29,500,0,odam,roi_cls,0.34415745735168457,0.0,global_ddp_mean,2,0.0,10.593579292297363,10.593579292297363,0.0,0.0,0.0,0.0,0.0,0.0,0.0,0.0,0.0,0.0,0.0,0.0,0.0,1.0000000725041065,1.0000000725041065,0.0,0,0,0,0,0,0,0,1.0,1.0,0.2,0.2
29,500,0,odam,roi_reg,0.34415745735168457,0.0,global_ddp_mean,2,0.0,5.929125785827637,5.929125785827637,0.0,0.0,0.0,0.0,0.0,0.0,0.0,0.0,0.0,0.0,0.0,0.0,0.0,1.0000000228153874,1.0000000228153874,0.0,0,0,0,0,0,0,0,1.0,1.0,0.2,0.2
29,600,0,odam,backbone,0.2564101815223694,0.0,global_ddp_mean,2,0.0,4.9502692222595215,4.9502692222595215,0.0,0.0,0.0,0.0,0.0,0.0,0.0,0.0,0.0,0.0,0.0,0.0,0.0,0.9999999110350478,0.9999999110350478,0.02416835593436162,0,0,0,0,0,0,0,1.0,1.0,0.2,0.2
29,600,0,odam,fpn,0.2564101815223694,0.0,global_ddp_mean,2,0.0,0.9977753758430481,0.9977753758430481,0.0,0.0,0.0,0.0,0.0,0.0,0.0,0.0,0.0,0.0,0.0,0.0,0.0,1.0000000580957162,1.0000000580957162,0.0,0,0,0,0,0,0,0,1.0,1.0,0.2,0.2
29,600,0,odam,rpn,0.2564101815223694,0.0,global_ddp_mean,2,0.0,2.1341285705566406,2.1341285705566406,0.0,0.0,0.0,0.0,0.0,0.0,0.0,0.0,0.0,0.0,0.0,0.0,0.0,1.0000000254039207,1.0000000254039207,0.0,0,0,0,0,0,0,0,1.0,1.0,0.2,0.2
29,600,0,odam,roi_shared,0.2564101815223694,0.0,global_ddp_mean,2,0.0,1.567529559135437,1.567529559135437,0.0,0.0,0.0,0.0,0.0,0.0,0.0,0.0,0.0,0.0,0.0,0.0,0.0,1.0000000447733297,1.0000000447733297,0.0,0,0,0,0,0,0,0,1.0,1.0,0.2,0.2
29,600,0,odam,roi_cls,0.2564101815223694,0.0,global_ddp_mean,2,0.0,1.0346653461456299,1.0346653461456299,0.0,0.0,0.0,0.0,0.0,0.0,0.0,0.0,0.0,0.0,0.0,0.0,0.0,0.9999999471433788,0.9999999471433788,0.018628905132330512,0,0,0,0,0,0,0,1.0,1.0,0.2,0.2
29,600,0,odam,roi_reg,0.2564101815223694,0.0,global_ddp_mean,2,0.0,0.9397581815719604,0.9397581815719604,0.0,0.0,0.0,0.0,0.0,0.0,0.0,0.0,0.0,0.0,0.0,0.0,0.0,0.9999999457729554,0.9999999457729554,0.018868857308835044,0,0,0,0,0,0,0,1.0,1.0,0.2,0.2
29,700,0,odam,backbone,0.20939216017723083,-0.0,global_ddp_mean,2,0.0,5.681499481201172,5.681499481201172,0.0,0.0,0.0,0.0,0.0,0.0,0.0,0.0,0.0,0.0,0.0,0.0,0.0,0.999999933369728,0.999999933369728,0.02091574920215602,0,0,0,0,0,0,0,1.0,1.0,0.2,0.2
29,700,0,odam,fpn,0.20939216017723083,-0.0,global_ddp_mean,2,0.0,0.8718177080154419,0.8718177080154419,0.0,0.0,0.0,0.0,0.0,0.0,0.0,0.0,0.0,0.0,0.0,0.0,0.0,0.999999968430397,0.999999968430397,0.014397006208354846,0,0,0,0,0,0,0,1.0,1.0,0.2,0.2
29,700,0,odam,rpn,0.20939216017723083,-0.0,global_ddp_mean,2,0.0,1.4319905042648315,1.4319905042648315,0.0,0.0,0.0,0.0,0.0,0.0,0.0,0.0,0.0,0.0,0.0,0.0,0.0,0.9999999559714172,0.9999999559714172,0.017002194693134253,0,0,0,0,0,0,0,1.0,1.0,0.2,0.2
29,700,0,odam,roi_shared,0.20939216017723083,-0.0,global_ddp_mean,2,0.0,1.7539302110671997,1.7539302110671997,0.0,0.0,0.0,0.0,0.0,0.0,0.0,0.0,0.0,0.0,0.0,0.0,0.0,1.0000000358399006,1.0000000358399006,0.0,0,0,0,0,0,0,0,1.0,1.0,0.2,0.2
29,700,0,odam,roi_cls,0.20939216017723083,-0.0,global_ddp_mean,2,0.0,1.053663730621338,1.053663730621338,0.0,0.0,0.0,0.0,0.0,0.0,0.0,0.0,0.0,0.0,0.0,0.0,0.0,1.000000055874944,1.000000055874944,0.0,0,0,0,0,0,0,0,1.0,1.0,0.2,0.2
29,700,0,odam,roi_reg,0.20939216017723083,-0.0,global_ddp_mean,2,0.0,0.7798453569412231,0.7798453569412231,0.0,0.0,0.0,0.0,0.0,0.0,0.0,0.0,0.0,0.0,0.0,0.0,0.0,1.000000075778268,1.000000075778268,0.0,0,0,0,0,0,0,0,1.0,1.0,0.2,0.2
29,800,0,odam,backbone,0.044764697551727295,0.0,global_ddp_mean,2,-0.15618587198788522,15.574936866760254,15.574936866760254,5.55536413192749,5.55536413192749,5.55536413192749,5.55536413192749,1.111072826385498,5.55536413192749,0.3566861412956124,0.3566861412956124,0.3566861412956124,0.07133722825912248,0.07133722825912248,-0.011141868576840686,-0.011141868576840686,0.9888581567249597,0.9974709183178138,4.075779036881058,1,0,0,1,1,0,0,1.0,1.0,0.2,0.2
29,800,0,odam,fpn,0.044764697551727295,0.0,global_ddp_mean,2,-0.06418359443721515,3.0513064861297607,3.0513064861297607,1.465480089187622,1.465480089187622,1.465480089187622,1.465480089187622,0.2930960178375244,1.465480089187622,0.48027954446700594,0.48027954446700594,0.48027954446700594,0.0960559088934012,0.0960559088934012,-0.0061652138198068215,-0.0061652138198068215,0.9938346463171904,0.9953805142413342,5.509367884291397,1,0,0,1,1,0,0,1.0,1.0,0.2,0.2
29,800,0,odam,rpn,0.044764697551727295,0.0,global_ddp_mean,2,0.0,3.3985931873321533,3.3985931873321533,0.0,0.0,0.0,0.0,0.0,0.0,0.0,0.0,0.0,0.0,0.0,0.0,0.0,0.9999999492004114,0.9999999492004114,0.018262815423664158,0,0,0,0,0,0,0,1.0,1.0,0.2,0.2
29,800,0,odam,roi_shared,0.044764697551727295,0.0,global_ddp_mean,2,-0.14689840668983598,6.695363998413086,6.695363998413086,1.951564908027649,1.951564908027649,1.951564908027649,1.951564908027649,0.3903129816055298,1.951564908027649,0.2914800313306644,0.2914800313306644,0.2914800313306644,0.058296006266132884,0.058296006266132884,-0.008563591766508411,-0.008563591766508411,0.9914363330500771,0.998312871509239,3.3286856831249754,1,0,0,1,1,0,0,1.0,1.0,0.2,0.2
29,800,0,odam,roi_cls,0.044764697551727295,0.0,global_ddp_mean,2,0.0,3.7401647567749023,3.7401647567749023,0.0,0.0,0.0,0.0,0.0,0.0,0.0,0.0,0.0,0.0,0.0,0.0,0.0,1.0000000047133182,1.0000000047133182,0.0,0,0,0,0,0,0,0,1.0,1.0,0.2,0.2
29,800,0,odam,roi_reg,0.044764697551727295,0.0,global_ddp_mean,2,-0.5355838205062655,4.865769863128662,4.865769863128662,7.823700904846191,7.823700904846191,7.823700904846191,7.823700904846191,1.5647401809692383,7.823700904846191,1.6079060713766673,1.6079060713766673,1.6079060713766673,0.3215812142753335,0.3215812142753335,-0.17223368728848806,-0.17223368728848806,0.8277662740871705,0.9501714964405418,18.163377545375322,1,1,0,1,1,0,0,1.0,1.0,0.2,0.2
29,900,0,odam,backbone,0.027437981218099594,-0.0,global_ddp_mean,2,0.0,7.498783588409424,7.498783588409424,0.0,0.0,0.0,0.0,0.0,0.0,0.0,0.0,0.0,0.0,0.0,0.0,0.0,1.0000000500051482,1.0000000500051482,0.0,0,0,0,0,0,0,0,1.0,1.0,0.2,0.2
29,900,0,odam,fpn,0.027437981218099594,-0.0,global_ddp_mean,2,0.0,1.192552924156189,1.192552924156189,0.0,0.0,0.0,0.0,0.0,0.0,0.0,0.0,0.0,0.0,0.0,0.0,0.0,0.9999999745772951,0.9999999745772951,0.012919583396465368,0,0,0,0,0,0,0,1.0,1.0,0.2,0.2
29,900,0,odam,rpn,0.027437981218099594,-0.0,global_ddp_mean,2,0.0,1.3336117267608643,1.3336117267608643,0.0,0.0,0.0,0.0,0.0,0.0,0.0,0.0,0.0,0.0,0.0,0.0,0.0,0.9999999266329367,0.9999999266329367,0.021947658839720708,0,0,0,0,0,0,0,1.0,1.0,0.2,0.2
29,900,0,odam,roi_shared,0.027437981218099594,-0.0,global_ddp_mean,2,0.0,2.682370185852051,2.682370185852051,0.0,0.0,0.0,0.0,0.0,0.0,0.0,0.0,0.0,0.0,0.0,0.0,0.0,0.9999999379332114,0.9999999379332114,0.02018679022730385,0,0,0,0,0,0,0,1.0,1.0,0.2,0.2
29,900,0,odam,roi_cls,0.027437981218099594,-0.0,global_ddp_mean,2,0.0,1.748355507850647,1.748355507850647,0.0,0.0,0.0,0.0,0.0,0.0,0.0,0.0,0.0,0.0,0.0,0.0,0.0,0.9999999927552348,0.9999999927552348,0.0068968342501815,0,0,0,0,0,0,0,1.0,1.0,0.2,0.2
29,900,0,odam,roi_reg,0.027437981218099594,-0.0,global_ddp_mean,2,0.0,1.4394333362579346,1.4394333362579346,0.0,0.0,0.0,0.0,0.0,0.0,0.0,0.0,0.0,0.0,0.0,0.0,0.0,0.9999999939676744,0.9999999939676744,0.006293322958973838,0,0,0,0,0,0,0,1.0,1.0,0.2,0.2
29,1000,0,odam,backbone,0.014193251729011536,0.0,global_ddp_mean,2,0.0,8.46780014038086,8.46780014038086,0.0,0.0,0.0,0.0,0.0,0.0,0.0,0.0,0.0,0.0,0.0,0.0,0.0,1.0000000638934659,1.0000000638934659,0.0,0,0,0,0,0,0,0,1.0,1.0,0.2,0.2
29,1000,0,odam,fpn,0.014193251729011536,0.0,global_ddp_mean,2,0.0,0.8561447858810425,0.8561447858810425,0.0,0.0,0.0,0.0,0.0,0.0,0.0,0.0,0.0,0.0,0.0,0.0,0.0,0.9999999901829918,0.9999999901829918,0.008028366824036447,0,0,0,0,0,0,0,1.0,1.0,0.2,0.2
29,1000,0,odam,rpn,0.014193251729011536,0.0,global_ddp_mean,2,0.0,0.8838342428207397,0.8838342428207397,0.0,0.0,0.0,0.0,0.0,0.0,0.0,0.0,0.0,0.0,0.0,0.0,0.0,0.9999999344969882,0.9999999344969882,0.02073806670857332,0,0,0,0,0,0,0,1.0,1.0,0.2,0.2
29,1000,0,odam,roi_shared,0.014193251729011536,0.0,global_ddp_mean,2,0.0,1.7857905626296997,1.7857905626296997,0.0,0.0,0.0,0.0,0.0,0.0,0.0,0.0,0.0,0.0,0.0,0.0,0.0,1.0000000370821667,1.0000000370821667,0.0,0,0,0,0,0,0,0,1.0,1.0,0.2,0.2
29,1000,0,odam,roi_cls,0.014193251729011536,0.0,global_ddp_mean,2,0.0,1.0445595979690552,1.0445595979690552,0.0,0.0,0.0,0.0,0.0,0.0,0.0,0.0,0.0,0.0,0.0,0.0,0.0,1.0000001020661702,1.0000001020661702,0.0,0,0,0,0,0,0,0,1.0,1.0,0.2,0.2
29,1000,0,odam,roi_reg,0.014193251729011536,0.0,global_ddp_mean,2,0.0,1.0437296628952026,1.0437296628952026,0.0,0.0,0.0,0.0,0.0,0.0,0.0,0.0,0.0,0.0,0.0,0.0,0.0,1.0000000660986985,1.0000000660986985,0.0,0,0,0,0,0,0,0,1.0,1.0,0.2,0.2
29,1100,0,odam,backbone,0.9275339841842651,0.0,global_ddp_mean,2,0.0,46.1647834777832,46.1647834777832,0.0,0.0,0.0,0.0,0.0,0.0,0.0,0.0,0.0,0.0,0.0,0.0,0.0,1.0000000104677664,1.0000000104677664,0.0,0,0,0,0,0,0,0,1.0,1.0,0.2,0.2
29,1100,0,odam,fpn,0.9275339841842651,0.0,global_ddp_mean,2,0.0,5.121702671051025,5.121702671051025,0.0,0.0,0.0,0.0,0.0,0.0,0.0,0.0,0.0,0.0,0.0,0.0,0.0,0.9999999990723926,0.9999999990723926,0.0024678555790072364,0,0,0,0,0,0,0,1.0,1.0,0.2,0.2
29,1100,0,odam,rpn,0.9275339841842651,0.0,global_ddp_mean,2,0.0,4.5269856452941895,4.5269856452941895,0.0,0.0,0.0,0.0,0.0,0.0,0.0,0.0,0.0,0.0,0.0,0.0,0.0,0.999999902308033,0.999999902308033,0.025326026719739287,0,0,0,0,0,0,0,1.0,1.0,0.2,0.2
29,1100,0,odam,roi_shared,0.9275339841842651,0.0,global_ddp_mean,2,0.0,14.044569969177246,14.044569969177246,0.0,0.0,0.0,0.0,0.0,0.0,0.0,0.0,0.0,0.0,0.0,0.0,0.0,1.0000000436224072,1.0000000436224072,0.0,0,0,0,0,0,0,0,1.0,1.0,0.2,0.2
29,1100,0,odam,roi_cls,0.9275339841842651,0.0,global_ddp_mean,2,0.0,15.088324546813965,15.088324546813965,0.0,0.0,0.0,0.0,0.0,0.0,0.0,0.0,0.0,0.0,0.0,0.0,0.0,1.0000000411454923,1.0000000411454923,0.0,0,0,0,0,0,0,0,1.0,1.0,0.2,0.2
29,1100,0,odam,roi_reg,0.9275339841842651,0.0,global_ddp_mean,2,0.0,4.730234146118164,4.730234146118164,0.0,0.0,0.0,0.0,0.0,0.0,0.0,0.0,0.0,0.0,0.0,0.0,0.0,1.000000056811523,1.000000056811523,0.0,0,0,0,0,0,0,0,1.0,1.0,0.2,0.2
29,1200,0,odam,backbone,0.7374246120452881,-0.0,global_ddp_mean,2,0.0,50.705074310302734,50.705074310302734,0.0,0.0,0.0,0.0,0.0,0.0,0.0,0.0,0.0,0.0,0.0,0.0,0.0,0.999999935324085,0.999999935324085,0.020606722524563133,0,0,0,0,0,0,0,1.0,1.0,0.2,0.2
29,1200,0,odam,fpn,0.7374246120452881,-0.0,global_ddp_mean,2,0.0,4.612990379333496,4.612990379333496,0.0,0.0,0.0,0.0,0.0,0.0,0.0,0.0,0.0,0.0,0.0,0.0,0.0,0.9999999109433596,0.9999999109433596,0.024180806807896162,0,0,0,0,0,0,0,1.0,1.0,0.2,0.2
29,1200,0,odam,rpn,0.7374246120452881,-0.0,global_ddp_mean,2,0.0,5.116809368133545,5.116809368133545,0.0,0.0,0.0,0.0,0.0,0.0,0.0,0.0,0.0,0.0,0.0,0.0,0.0,0.9999999919776551,0.9999999919776551,0.0072575209008664395,0,0,0,0,0,0,0,1.0,1.0,0.2,0.2
29,1200,0,odam,roi_shared,0.7374246120452881,-0.0,global_ddp_mean,2,0.0,7.018563270568848,7.018563270568848,0.0,0.0,0.0,0.0,0.0,0.0,0.0,0.0,0.0,0.0,0.0,0.0,0.0,1.0000000128925164,1.0000000128925164,0.0,0,0,0,0,0,0,0,1.0,1.0,0.2,0.2
29,1200,0,odam,roi_cls,0.7374246120452881,-0.0,global_ddp_mean,2,0.0,5.916070938110352,5.916070938110352,0.0,0.0,0.0,0.0,0.0,0.0,0.0,0.0,0.0,0.0,0.0,0.0,0.0,1.0000000473835684,1.0000000473835684,0.0,0,0,0,0,0,0,0,1.0,1.0,0.2,0.2
29,1200,0,odam,roi_reg,0.7374246120452881,-0.0,global_ddp_mean,2,0.0,3.912766695022583,3.912766695022583,0.0,0.0,0.0,0.0,0.0,0.0,0.0,0.0,0.0,0.0,0.0,0.0,0.0,1.0000000438640695,1.0000000438640695,0.0,0,0,0,0,0,0,0,1.0,1.0,0.2,0.2
29,1300,0,odam,backbone,0.09566666185855865,-0.0,global_ddp_mean,2,0.0,6.052148342132568,6.052148342132568,0.0,0.0,0.0,0.0,0.0,0.0,0.0,0.0,0.0,0.0,0.0,0.0,0.0,1.0000000638003705,1.0000000638003705,0.0,0,0,0,0,0,0,0,1.0,1.0,0.2,0.2
29,1300,0,odam,fpn,0.09566666185855865,-0.0,global_ddp_mean,2,0.0,1.0816259384155273,1.0816259384155273,0.0,0.0,0.0,0.0,0.0,0.0,0.0,0.0,0.0,0.0,0.0,0.0,0.0,1.000000044267636,1.000000044267636,0.0,0,0,0,0,0,0,0,1.0,1.0,0.2,0.2
29,1300,0,odam,rpn,0.09566666185855865,-0.0,global_ddp_mean,2,0.0,2.090580940246582,2.090580940246582,0.0,0.0,0.0,0.0,0.0,0.0,0.0,0.0,0.0,0.0,0.0,0.0,0.0,1.000000006920272,1.000000006920272,0.0,0,0,0,0,0,0,0,1.0,1.0,0.2,0.2
29,1300,0,odam,roi_shared,0.09566666185855865,-0.0,global_ddp_mean,2,0.0,2.291080951690674,2.291080951690674,0.0,0.0,0.0,0.0,0.0,0.0,0.0,0.0,0.0,0.0,0.0,0.0,0.0,1.0000000229621748,1.0000000229621748,0.0,0,0,0,0,0,0,0,1.0,1.0,0.2,0.2
29,1300,0,odam,roi_cls,0.09566666185855865,-0.0,global_ddp_mean,2,0.0,1.6696051359176636,1.6696051359176636,0.0,0.0,0.0,0.0,0.0,0.0,0.0,0.0,0.0,0.0,0.0,0.0,0.0,0.9999999625070675,0.9999999625070675,0.015689616807315857,0,0,0,0,0,0,0,1.0,1.0,0.2,0.2
29,1300,0,odam,roi_reg,0.09566666185855865,-0.0,global_ddp_mean,2,0.0,2.048917055130005,2.048917055130005,0.0,0.0,0.0,0.0,0.0,0.0,0.0,0.0,0.0,0.0,0.0,0.0,0.0,1.000000087520029,1.000000087520029,0.0,0,0,0,0,0,0,0,1.0,1.0,0.2,0.2
29,1400,0,odam,backbone,0.3695833683013916,0.0,global_ddp_mean,2,0.0,6.984320640563965,6.984320640563965,0.0,0.0,0.0,0.0,0.0,0.0,0.0,0.0,0.0,0.0,0.0,0.0,0.0,1.0000000042160355,1.0000000042160355,0.0,0,0,0,0,0,0,0,1.0,1.0,0.2,0.2
29,1400,0,odam,fpn,0.3695833683013916,0.0,global_ddp_mean,2,0.0,1.5128812789916992,1.5128812789916992,0.0,0.0,0.0,0.0,0.0,0.0,0.0,0.0,0.0,0.0,0.0,0.0,0.0,1.0000000052352942,1.0000000052352942,0.0,0,0,0,0,0,0,0,1.0,1.0,0.2,0.2
29,1400,0,odam,rpn,0.3695833683013916,0.0,global_ddp_mean,2,0.0,1.3695216178894043,1.3695216178894043,0.0,0.0,0.0,0.0,0.0,0.0,0.0,0.0,0.0,0.0,0.0,0.0,0.0,1.000000014966184,1.000000014966184,0.0,0,0,0,0,0,0,0,1.0,1.0,0.2,0.2
29,1400,0,odam,roi_shared,0.3695833683013916,0.0,global_ddp_mean,2,0.0,3.115382194519043,3.115382194519043,0.0,0.0,0.0,0.0,0.0,0.0,0.0,0.0,0.0,0.0,0.0,0.0,0.0,0.9999999267403499,0.9999999267403499,0.02193158669879374,0,0,0,0,0,0,0,1.0,1.0,0.2,0.2
29,1400,0,odam,roi_cls,0.3695833683013916,0.0,global_ddp_mean,2,0.0,1.629874587059021,1.629874587059021,0.0,0.0,0.0,0.0,0.0,0.0,0.0,0.0,0.0,0.0,0.0,0.0,0.0,1.0000000414310568,1.0000000414310568,0.0,0,0,0,0,0,0,0,1.0,1.0,0.2,0.2
29,1400,0,odam,roi_reg,0.3695833683013916,0.0,global_ddp_mean,2,0.0,1.5668669939041138,1.5668669939041138,0.0,0.0,0.0,0.0,0.0,0.0,0.0,0.0,0.0,0.0,0.0,0.0,0.0,0.999999995091553,0.999999995091553,0.005676879589183028,0,0,0,0,0,0,0,1.0,1.0,0.2,0.2
