epoch,step,rank,method,module,loss_det,loss_odam,gradient_scope,world_size,cosine_raw,det_norm,det_gradient_norm,odam_norm_raw,raw_odam_norm,projected_odam_norm,capped_odam_norm,final_odam_norm,odam_norm_safe,aux_to_det_raw,aux_to_det_projected,aux_to_det_capped,aux_to_det_final,aux_to_det_effective,directional_margin,aux_directional_margin,final_alignment_margin,final_cosine_to_det,final_angle_deg,conflict_raw,dominance_raw,dominance_effective,unsafe_descent,aux_unsafe,projected,cap_active,norm_scale,gate,alpha,effective_weight
0,0,0,dpga,backbone,19.16931915283203,-0.0,global_ddp_mean,2,0.0,1152.11474609375,1152.11474609375,0.0,0.0,0.0,0.0,0.0,0.0,0.0,0.0,0.0,0.0,0.0,0.0,0.0,1.0,1.0,0.0,0,0,0,0,0,0,0,0.0,0.0,0.0,0.0
0,0,0,dpga,fpn,19.16931915283203,-0.0,global_ddp_mean,2,0.0,486.54119873046875,486.54119873046875,0.0,0.0,0.0,0.0,0.0,0.0,0.0,0.0,0.0,0.0,0.0,0.0,0.0,1.0,1.0,0.0,0,0,0,0,0,0,0,0.0,0.0,0.0,0.0
0,0,0,dpga,rpn,19.16931915283203,-0.0,global_ddp_mean,2,0.0,485.7654113769531,485.7654113769531,0.0,0.0,0.0,0.0,0.0,0.0,0.0,0.0,0.0,0.0,0.0,0.0,0.0,1.0,1.0,0.0,0,0,0,0,0,0,0,0.0,0.0,0.0,0.0
0,0,0,dpga,roi_shared,19.16931915283203,-0.0,global_ddp_mean,2,0.0,1470.4986572265625,1470.4986572265625,0.0,0.0,0.0,0.0,0.0,0.0,0.0,0.0,0.0,0.0,0.0,0.0,0.0,1.0,1.0,0.0,0,0,0,0,0,0,0,0.0,0.0,0.0,0.0
0,0,0,dpga,roi_cls,19.16931915283203,-0.0,global_ddp_mean,2,0.0,1766.97607421875,1766.97607421875,0.0,0.0,0.0,0.0,0.0,0.0,0.0,0.0,0.0,0.0,0.0,0.0,0.0,1.0,1.0,0.0,0,0,0,0,0,0,0,0.0,0.0,0.0,0.0
0,0,0,dpga,roi_reg,19.16931915283203,-0.0,global_ddp_mean,2,0.0,589.949951171875,589.949951171875,0.0,0.0,0.0,0.0,0.0,0.0,0.0,0.0,0.0,0.0,0.0,0.0,0.0,1.0,1.0,0.0,0,0,0,0,0,0,0,0.0,0.0,0.0,0.0
0,100,0,dpga,backbone,0.4876789152622223,0.0,global_ddp_mean,2,0.0,4.582266330718994,4.582266330718994,0.0,0.0,0.0,0.0,0.0,0.0,0.0,0.0,0.0,0.0,0.0,0.0,0.0,1.0,1.0,0.0,0,0,0,0,0,0,0,0.0,0.0,0.0,0.0
0,100,0,dpga,fpn,0.4876789152622223,0.0,global_ddp_mean,2,0.0,1.9730435609817505,1.9730435609817505,0.0,0.0,0.0,0.0,0.0,0.0,0.0,0.0,0.0,0.0,0.0,0.0,0.0,1.0,1.0,0.0,0,0,0,0,0,0,0,0.0,0.0,0.0,0.0
0,100,0,dpga,rpn,0.4876789152622223,0.0,global_ddp_mean,2,0.0,6.569926738739014,6.569926738739014,0.0,0.0,0.0,0.0,0.0,0.0,0.0,0.0,0.0,0.0,0.0,0.0,0.0,1.0,1.0,0.0,0,0,0,0,0,0,0,0.0,0.0,0.0,0.0
0,100,0,dpga,roi_shared,0.4876789152622223,0.0,global_ddp_mean,2,0.0,3.8170061111450195,3.8170061111450195,0.0,0.0,0.0,0.0,0.0,0.0,0.0,0.0,0.0,0.0,0.0,0.0,0.0,1.0,1.0,0.0,0,0,0,0,0,0,0,0.0,0.0,0.0,0.0
0,100,0,dpga,roi_cls,0.4876789152622223,0.0,global_ddp_mean,2,0.0,4.073279857635498,4.073279857635498,0.0,0.0,0.0,0.0,0.0,0.0,0.0,0.0,0.0,0.0,0.0,0.0,0.0,1.0,1.0,0.0,0,0,0,0,0,0,0,0.0,0.0,0.0,0.0
0,100,0,dpga,roi_reg,0.4876789152622223,0.0,global_ddp_mean,2,0.0,0.0,0.0,0.0,0.0,0.0,0.0,0.0,0.0,0.0,0.0,0.0,0.0,0.0,0.0,0.0,0.0,0.0,90.0,0,0,0,0,0,0,0,0.0,0.0,0.0,0.0
0,200,0,dpga,backbone,0.2847958207130432,0.0,global_ddp_mean,2,0.0,24.89046859741211,24.89046859741211,0.0,0.0,0.0,0.0,0.0,0.0,0.0,0.0,0.0,0.0,0.0,0.0,0.0,1.0,1.0,0.0,0,0,0,0,0,0,0,0.0,0.0,0.0,0.0
0,200,0,dpga,fpn,0.2847958207130432,0.0,global_ddp_mean,2,0.0,8.816035270690918,8.816035270690918,0.0,0.0,0.0,0.0,0.0,0.0,0.0,0.0,0.0,0.0,0.0,0.0,0.0,1.0,1.0,0.0,0,0,0,0,0,0,0,0.0,0.0,0.0,0.0
0,200,0,dpga,rpn,0.2847958207130432,0.0,global_ddp_mean,2,0.0,17.935094833374023,17.935094833374023,0.0,0.0,0.0,0.0,0.0,0.0,0.0,0.0,0.0,0.0,0.0,0.0,0.0,1.0,1.0,0.0,0,0,0,0,0,0,0,0.0,0.0,0.0,0.0
0,200,0,dpga,roi_shared,0.2847958207130432,0.0,global_ddp_mean,2,0.0,24.514118194580078,24.514118194580078,0.0,0.0,0.0,0.0,0.0,0.0,0.0,0.0,0.0,0.0,0.0,0.0,0.0,1.0,1.0,0.0,0,0,0,0,0,0,0,0.0,0.0,0.0,0.0
0,200,0,dpga,roi_cls,0.2847958207130432,0.0,global_ddp_mean,2,0.0,26.13739585876465,26.13739585876465,0.0,0.0,0.0,0.0,0.0,0.0,0.0,0.0,0.0,0.0,0.0,0.0,0.0,1.0,1.0,0.0,0,0,0,0,0,0,0,0.0,0.0,0.0,0.0
0,200,0,dpga,roi_reg,0.2847958207130432,0.0,global_ddp_mean,2,0.0,2.2409377098083496,2.2409377098083496,0.0,0.0,0.0,0.0,0.0,0.0,0.0,0.0,0.0,0.0,0.0,0.0,0.0,1.0,1.0,0.0,0,0,0,0,0,0,0,0.0,0.0,0.0,0.0
0,300,0,dpga,backbone,0.46042609214782715,-0.0,global_ddp_mean,2,0.0,143.1265411376953,143.1265411376953,0.0,0.0,0.0,0.0,0.0,0.0,0.0,0.0,0.0,0.0,0.0,0.0,0.0,1.0,1.0,0.0,0,0,0,0,0,0,0,0.0,0.0,0.0,0.0
0,300,0,dpga,fpn,0.46042609214782715,-0.0,global_ddp_mean,2,0.0,53.93700408935547,53.93700408935547,0.0,0.0,0.0,0.0,0.0,0.0,0.0,0.0,0.0,0.0,0.0,0.0,0.0,1.0,1.0,0.0,0,0,0,0,0,0,0,0.0,0.0,0.0,0.0
0,300,0,dpga,rpn,0.46042609214782715,-0.0,global_ddp_mean,2,0.0,30.19257926940918,30.19257926940918,0.0,0.0,0.0,0.0,0.0,0.0,0.0,0.0,0.0,0.0,0.0,0.0,0.0,1.0,1.0,0.0,0,0,0,0,0,0,0,0.0,0.0,0.0,0.0
0,300,0,dpga,roi_shared,0.46042609214782715,-0.0,global_ddp_mean,2,0.0,168.7210235595703,168.7210235595703,0.0,0.0,0.0,0.0,0.0,0.0,0.0,0.0,0.0,0.0,0.0,0.0,0.0,1.0,1.0,0.0,0,0,0,0,0,0,0,0.0,0.0,0.0,0.0
0,300,0,dpga,roi_cls,0.46042609214782715,-0.0,global_ddp_mean,2,0.0,173.32308959960938,173.32308959960938,0.0,0.0,0.0,0.0,0.0,0.0,0.0,0.0,0.0,0.0,0.0,0.0,0.0,1.0,1.0,0.0,0,0,0,0,0,0,0,0.0,0.0,0.0,0.0
0,300,0,dpga,roi_reg,0.46042609214782715,-0.0,global_ddp_mean,2,0.0,9.276469230651855,9.276469230651855,0.0,0.0,0.0,0.0,0.0,0.0,0.0,0.0,0.0,0.0,0.0,0.0,0.0,1.0,1.0,0.0,0,0,0,0,0,0,0,0.0,0.0,0.0,0.0
0,400,0,dpga,backbone,0.2639833688735962,0.0,global_ddp_mean,2,0.0,31.02613639831543,31.02613639831543,0.0,0.0,0.0,0.0,0.0,0.0,0.0,0.0,0.0,0.0,0.0,0.0,0.0,1.0,1.0,0.0,0,0,0,0,0,0,0,0.0,0.0,0.0,0.0
0,400,0,dpga,fpn,0.2639833688735962,0.0,global_ddp_mean,2,0.0,11.567081451416016,11.567081451416016,0.0,0.0,0.0,0.0,0.0,0.0,0.0,0.0,0.0,0.0,0.0,0.0,0.0,1.0,1.0,0.0,0,0,0,0,0,0,0,0.0,0.0,0.0,0.0
0,400,0,dpga,rpn,0.2639833688735962,0.0,global_ddp_mean,2,0.0,21.823179244995117,21.823179244995117,0.0,0.0,0.0,0.0,0.0,0.0,0.0,0.0,0.0,0.0,0.0,0.0,0.0,1.0,1.0,0.0,0,0,0,0,0,0,0,0.0,0.0,0.0,0.0
0,400,0,dpga,roi_shared,0.2639833688735962,0.0,global_ddp_mean,2,0.0,32.58897018432617,32.58897018432617,0.0,0.0,0.0,0.0,0.0,0.0,0.0,0.0,0.0,0.0,0.0,0.0,0.0,1.0,1.0,0.0,0,0,0,0,0,0,0,0.0,0.0,0.0,0.0
0,400,0,dpga,roi_cls,0.2639833688735962,0.0,global_ddp_mean,2,0.0,36.93172073364258,36.93172073364258,0.0,0.0,0.0,0.0,0.0,0.0,0.0,0.0,0.0,0.0,0.0,0.0,0.0,1.0,1.0,0.0,0,0,0,0,0,0,0,0.0,0.0,0.0,0.0
0,400,0,dpga,roi_reg,0.2639833688735962,0.0,global_ddp_mean,2,0.0,9.15119743347168,9.15119743347168,0.0,0.0,0.0,0.0,0.0,0.0,0.0,0.0,0.0,0.0,0.0,0.0,0.0,1.0,1.0,0.0,0,0,0,0,0,0,0,0.0,0.0,0.0,0.0
0,500,0,dpga,backbone,0.54206383228302,0.0,global_ddp_mean,2,0.0,14.292586326599121,14.292586326599121,0.0,0.0,0.0,0.0,0.0,0.0,0.0,0.0,0.0,0.0,0.0,0.0,0.0,1.0,1.0,0.0,0,0,0,0,0,0,0,0.0,0.0,0.0,0.0
0,500,0,dpga,fpn,0.54206383228302,0.0,global_ddp_mean,2,0.0,5.213895797729492,5.213895797729492,0.0,0.0,0.0,0.0,0.0,0.0,0.0,0.0,0.0,0.0,0.0,0.0,0.0,1.0,1.0,0.0,0,0,0,0,0,0,0,0.0,0.0,0.0,0.0
0,500,0,dpga,rpn,0.54206383228302,0.0,global_ddp_mean,2,0.0,14.562359809875488,14.562359809875488,0.0,0.0,0.0,0.0,0.0,0.0,0.0,0.0,0.0,0.0,0.0,0.0,0.0,1.0,1.0,0.0,0,0,0,0,0,0,0,0.0,0.0,0.0,0.0
0,500,0,dpga,roi_shared,0.54206383228302,0.0,global_ddp_mean,2,0.0,11.799551963806152,11.799551963806152,0.0,0.0,0.0,0.0,0.0,0.0,0.0,0.0,0.0,0.0,0.0,0.0,0.0,1.0,1.0,0.0,0,0,0,0,0,0,0,0.0,0.0,0.0,0.0
0,500,0,dpga,roi_cls,0.54206383228302,0.0,global_ddp_mean,2,0.0,14.144241333007812,14.144241333007812,0.0,0.0,0.0,0.0,0.0,0.0,0.0,0.0,0.0,0.0,0.0,0.0,0.0,1.0,1.0,0.0,0,0,0,0,0,0,0,0.0,0.0,0.0,0.0
0,500,0,dpga,roi_reg,0.54206383228302,0.0,global_ddp_mean,2,0.0,11.184150695800781,11.184150695800781,0.0,0.0,0.0,0.0,0.0,0.0,0.0,0.0,0.0,0.0,0.0,0.0,0.0,1.0,1.0,0.0,0,0,0,0,0,0,0,0.0,0.0,0.0,0.0
0,600,0,dpga,backbone,0.01967613212764263,0.0,global_ddp_mean,2,0.0,3.4583683013916016,3.4583683013916016,0.0,0.0,0.0,0.0,0.0,0.0,0.0,0.0,0.0,0.0,0.0,0.0,0.0,1.0,1.0,0.0,0,0,0,0,0,0,0,0.0,0.0,0.0,0.0
0,600,0,dpga,fpn,0.01967613212764263,0.0,global_ddp_mean,2,0.0,0.8221160173416138,0.8221160173416138,0.0,0.0,0.0,0.0,0.0,0.0,0.0,0.0,0.0,0.0,0.0,0.0,0.0,1.0,1.0,0.0,0,0,0,0,0,0,0,0.0,0.0,0.0,0.0
0,600,0,dpga,rpn,0.01967613212764263,0.0,global_ddp_mean,2,0.0,3.223588705062866,3.223588705062866,0.0,0.0,0.0,0.0,0.0,0.0,0.0,0.0,0.0,0.0,0.0,0.0,0.0,1.0,1.0,0.0,0,0,0,0,0,0,0,0.0,0.0,0.0,0.0
0,600,0,dpga,roi_shared,0.01967613212764263,0.0,global_ddp_mean,2,0.0,0.0,0.0,0.0,0.0,0.0,0.0,0.0,0.0,0.0,0.0,0.0,0.0,0.0,0.0,0.0,0.0,0.0,90.0,0,0,0,0,0,0,0,0.0,0.0,0.0,0.0
0,600,0,dpga,roi_cls,0.01967613212764263,0.0,global_ddp_mean,2,0.0,0.0,0.0,0.0,0.0,0.0,0.0,0.0,0.0,0.0,0.0,0.0,0.0,0.0,0.0,0.0,0.0,0.0,90.0,0,0,0,0,0,0,0,0.0,0.0,0.0,0.0
0,600,0,dpga,roi_reg,0.01967613212764263,0.0,global_ddp_mean,2,0.0,0.0,0.0,0.0,0.0,0.0,0.0,0.0,0.0,0.0,0.0,0.0,0.0,0.0,0.0,0.0,0.0,0.0,90.0,0,0,0,0,0,0,0,0.0,0.0,0.0,0.0
0,700,0,dpga,backbone,0.3511216640472412,-0.0,global_ddp_mean,2,0.0,13.184257507324219,13.184257507324219,0.0,0.0,0.0,0.0,0.0,0.0,0.0,0.0,0.0,0.0,0.0,0.0,0.0,1.0,1.0,0.0,0,0,0,0,0,0,0,0.0,0.0,0.0,0.0
0,700,0,dpga,fpn,0.3511216640472412,-0.0,global_ddp_mean,2,0.0,3.2179064750671387,3.2179064750671387,0.0,0.0,0.0,0.0,0.0,0.0,0.0,0.0,0.0,0.0,0.0,0.0,0.0,1.0,1.0,0.0,0,0,0,0,0,0,0,0.0,0.0,0.0,0.0
0,700,0,dpga,rpn,0.3511216640472412,-0.0,global_ddp_mean,2,0.0,10.191268920898438,10.191268920898438,0.0,0.0,0.0,0.0,0.0,0.0,0.0,0.0,0.0,0.0,0.0,0.0,0.0,1.0,1.0,0.0,0,0,0,0,0,0,0,0.0,0.0,0.0,0.0
0,700,0,dpga,roi_shared,0.3511216640472412,-0.0,global_ddp_mean,2,0.0,6.127025604248047,6.127025604248047,0.0,0.0,0.0,0.0,0.0,0.0,0.0,0.0,0.0,0.0,0.0,0.0,0.0,1.0,1.0,0.0,0,0,0,0,0,0,0,0.0,0.0,0.0,0.0
0,700,0,dpga,roi_cls,0.3511216640472412,-0.0,global_ddp_mean,2,0.0,4.088726043701172,4.088726043701172,0.0,0.0,0.0,0.0,0.0,0.0,0.0,0.0,0.0,0.0,0.0,0.0,0.0,1.0,1.0,0.0,0,0,0,0,0,0,0,0.0,0.0,0.0,0.0
0,700,0,dpga,roi_reg,0.3511216640472412,-0.0,global_ddp_mean,2,0.0,2.5028131008148193,2.5028131008148193,0.0,0.0,0.0,0.0,0.0,0.0,0.0,0.0,0.0,0.0,0.0,0.0,0.0,1.0,1.0,0.0,0,0,0,0,0,0,0,0.0,0.0,0.0,0.0
0,800,0,dpga,backbone,0.3895622491836548,0.0,global_ddp_mean,2,0.0,22.033985137939453,22.033985137939453,0.0,0.0,0.0,0.0,0.0,0.0,0.0,0.0,0.0,0.0,0.0,0.0,0.0,1.0,1.0,0.0,0,0,0,0,0,0,0,0.0,0.0,0.0,0.0
0,800,0,dpga,fpn,0.3895622491836548,0.0,global_ddp_mean,2,0.0,8.51813793182373,8.51813793182373,0.0,0.0,0.0,0.0,0.0,0.0,0.0,0.0,0.0,0.0,0.0,0.0,0.0,1.0,1.0,0.0,0,0,0,0,0,0,0,0.0,0.0,0.0,0.0
0,800,0,dpga,rpn,0.3895622491836548,0.0,global_ddp_mean,2,0.0,9.857623100280762,9.857623100280762,0.0,0.0,0.0,0.0,0.0,0.0,0.0,0.0,0.0,0.0,0.0,0.0,0.0,1.0,1.0,0.0,0,0,0,0,0,0,0,0.0,0.0,0.0,0.0
0,800,0,dpga,roi_shared,0.3895622491836548,0.0,global_ddp_mean,2,0.0,26.028135299682617,26.028135299682617,0.0,0.0,0.0,0.0,0.0,0.0,0.0,0.0,0.0,0.0,0.0,0.0,0.0,1.0,1.0,0.0,0,0,0,0,0,0,0,0.0,0.0,0.0,0.0
0,800,0,dpga,roi_cls,0.3895622491836548,0.0,global_ddp_mean,2,0.0,29.85088539123535,29.85088539123535,0.0,0.0,0.0,0.0,0.0,0.0,0.0,0.0,0.0,0.0,0.0,0.0,0.0,1.0,1.0,0.0,0,0,0,0,0,0,0,0.0,0.0,0.0,0.0
0,800,0,dpga,roi_reg,0.3895622491836548,0.0,global_ddp_mean,2,0.0,3.4499127864837646,3.4499127864837646,0.0,0.0,0.0,0.0,0.0,0.0,0.0,0.0,0.0,0.0,0.0,0.0,0.0,1.0,1.0,0.0,0,0,0,0,0,0,0,0.0,0.0,0.0,0.0
0,900,0,dpga,backbone,0.9997183084487915,-0.0,global_ddp_mean,2,0.0,40.998905181884766,40.998905181884766,0.0,0.0,0.0,0.0,0.0,0.0,0.0,0.0,0.0,0.0,0.0,0.0,0.0,1.0,1.0,0.0,0,0,0,0,0,0,0,0.0,0.0,0.0,0.0
0,900,0,dpga,fpn,0.9997183084487915,-0.0,global_ddp_mean,2,0.0,16.042312622070312,16.042312622070312,0.0,0.0,0.0,0.0,0.0,0.0,0.0,0.0,0.0,0.0,0.0,0.0,0.0,1.0,1.0,0.0,0,0,0,0,0,0,0,0.0,0.0,0.0,0.0
0,900,0,dpga,rpn,0.9997183084487915,-0.0,global_ddp_mean,2,0.0,26.870174407958984,26.870174407958984,0.0,0.0,0.0,0.0,0.0,0.0,0.0,0.0,0.0,0.0,0.0,0.0,0.0,1.0,1.0,0.0,0,0,0,0,0,0,0,0.0,0.0,0.0,0.0
0,900,0,dpga,roi_shared,0.9997183084487915,-0.0,global_ddp_mean,2,0.0,47.95618438720703,47.95618438720703,0.0,0.0,0.0,0.0,0.0,0.0,0.0,0.0,0.0,0.0,0.0,0.0,0.0,1.0,1.0,0.0,0,0,0,0,0,0,0,0.0,0.0,0.0,0.0
0,900,0,dpga,roi_cls,0.9997183084487915,-0.0,global_ddp_mean,2,0.0,55.36224365234375,55.36224365234375,0.0,0.0,0.0,0.0,0.0,0.0,0.0,0.0,0.0,0.0,0.0,0.0,0.0,1.0,1.0,0.0,0,0,0,0,0,0,0,0.0,0.0,0.0,0.0
0,900,0,dpga,roi_reg,0.9997183084487915,-0.0,global_ddp_mean,2,0.0,11.604557037353516,11.604557037353516,0.0,0.0,0.0,0.0,0.0,0.0,0.0,0.0,0.0,0.0,0.0,0.0,0.0,1.0,1.0,0.0,0,0,0,0,0,0,0,0.0,0.0,0.0,0.0
0,1000,0,dpga,backbone,0.17792005836963654,-0.0,global_ddp_mean,2,0.0,11.194785118103027,11.194785118103027,0.0,0.0,0.0,0.0,0.0,0.0,0.0,0.0,0.0,0.0,0.0,0.0,0.0,1.0,1.0,0.0,0,0,0,0,0,0,0,0.0,0.0,0.0,0.0
0,1000,0,dpga,fpn,0.17792005836963654,-0.0,global_ddp_mean,2,0.0,3.552363395690918,3.552363395690918,0.0,0.0,0.0,0.0,0.0,0.0,0.0,0.0,0.0,0.0,0.0,0.0,0.0,1.0,1.0,0.0,0,0,0,0,0,0,0,0.0,0.0,0.0,0.0
0,1000,0,dpga,rpn,0.17792005836963654,-0.0,global_ddp_mean,2,0.0,5.534348964691162,5.534348964691162,0.0,0.0,0.0,0.0,0.0,0.0,0.0,0.0,0.0,0.0,0.0,0.0,0.0,1.0,1.0,0.0,0,0,0,0,0,0,0,0.0,0.0,0.0,0.0
0,1000,0,dpga,roi_shared,0.17792005836963654,-0.0,global_ddp_mean,2,0.0,10.698456764221191,10.698456764221191,0.0,0.0,0.0,0.0,0.0,0.0,0.0,0.0,0.0,0.0,0.0,0.0,0.0,1.0,1.0,0.0,0,0,0,0,0,0,0,0.0,0.0,0.0,0.0
0,1000,0,dpga,roi_cls,0.17792005836963654,-0.0,global_ddp_mean,2,0.0,10.625740051269531,10.625740051269531,0.0,0.0,0.0,0.0,0.0,0.0,0.0,0.0,0.0,0.0,0.0,0.0,0.0,1.0,1.0,0.0,0,0,0,0,0,0,0,0.0,0.0,0.0,0.0
0,1000,0,dpga,roi_reg,0.17792005836963654,-0.0,global_ddp_mean,2,0.0,5.914648056030273,5.914648056030273,0.0,0.0,0.0,0.0,0.0,0.0,0.0,0.0,0.0,0.0,0.0,0.0,0.0,1.0,1.0,0.0,0,0,0,0,0,0,0,0.0,0.0,0.0,0.0
0,1100,0,dpga,backbone,0.27590975165367126,-0.0,global_ddp_mean,2,0.0,11.559938430786133,11.559938430786133,0.0,0.0,0.0,0.0,0.0,0.0,0.0,0.0,0.0,0.0,0.0,0.0,0.0,1.0,1.0,0.0,0,0,0,0,0,0,0,0.0,0.0,0.0,0.0
0,1100,0,dpga,fpn,0.27590975165367126,-0.0,global_ddp_mean,2,0.0,4.1318678855896,4.1318678855896,0.0,0.0,0.0,0.0,0.0,0.0,0.0,0.0,0.0,0.0,0.0,0.0,0.0,1.0,1.0,0.0,0,0,0,0,0,0,0,0.0,0.0,0.0,0.0
0,1100,0,dpga,rpn,0.27590975165367126,-0.0,global_ddp_mean,2,0.0,13.733159065246582,13.733159065246582,0.0,0.0,0.0,0.0,0.0,0.0,0.0,0.0,0.0,0.0,0.0,0.0,0.0,1.0,1.0,0.0,0,0,0,0,0,0,0,0.0,0.0,0.0,0.0
0,1100,0,dpga,roi_shared,0.27590975165367126,-0.0,global_ddp_mean,2,0.0,7.691935062408447,7.691935062408447,0.0,0.0,0.0,0.0,0.0,0.0,0.0,0.0,0.0,0.0,0.0,0.0,0.0,1.0,1.0,0.0,0,0,0,0,0,0,0,0.0,0.0,0.0,0.0
0,1100,0,dpga,roi_cls,0.27590975165367126,-0.0,global_ddp_mean,2,0.0,8.084491729736328,8.084491729736328,0.0,0.0,0.0,0.0,0.0,0.0,0.0,0.0,0.0,0.0,0.0,0.0,0.0,1.0,1.0,0.0,0,0,0,0,0,0,0,0.0,0.0,0.0,0.0
0,1100,0,dpga,roi_reg,0.27590975165367126,-0.0,global_ddp_mean,2,0.0,6.136926174163818,6.136926174163818,0.0,0.0,0.0,0.0,0.0,0.0,0.0,0.0,0.0,0.0,0.0,0.0,0.0,1.0,1.0,0.0,0,0,0,0,0,0,0,0.0,0.0,0.0,0.0
0,1200,0,dpga,backbone,0.17906397581100464,0.0,global_ddp_mean,2,0.0,24.87447166442871,24.87447166442871,0.0,0.0,0.0,0.0,0.0,0.0,0.0,0.0,0.0,0.0,0.0,0.0,0.0,1.0,1.0,0.0,0,0,0,0,0,0,0,0.0,0.0,0.0,0.0
0,1200,0,dpga,fpn,0.17906397581100464,0.0,global_ddp_mean,2,0.0,4.566116809844971,4.566116809844971,0.0,0.0,0.0,0.0,0.0,0.0,0.0,0.0,0.0,0.0,0.0,0.0,0.0,1.0,1.0,0.0,0,0,0,0,0,0,0,0.0,0.0,0.0,0.0
0,1200,0,dpga,rpn,0.17906397581100464,0.0,global_ddp_mean,2,0.0,12.66816234588623,12.66816234588623,0.0,0.0,0.0,0.0,0.0,0.0,0.0,0.0,0.0,0.0,0.0,0.0,0.0,1.0,1.0,0.0,0,0,0,0,0,0,0,0.0,0.0,0.0,0.0
0,1200,0,dpga,roi_shared,0.17906397581100464,0.0,global_ddp_mean,2,0.0,4.615694522857666,4.615694522857666,0.0,0.0,0.0,0.0,0.0,0.0,0.0,0.0,0.0,0.0,0.0,0.0,0.0,1.0,1.0,0.0,0,0,0,0,0,0,0,0.0,0.0,0.0,0.0
0,1200,0,dpga,roi_cls,0.17906397581100464,0.0,global_ddp_mean,2,0.0,4.862094402313232,4.862094402313232,0.0,0.0,0.0,0.0,0.0,0.0,0.0,0.0,0.0,0.0,0.0,0.0,0.0,1.0,1.0,0.0,0,0,0,0,0,0,0,0.0,0.0,0.0,0.0
0,1200,0,dpga,roi_reg,0.17906397581100464,0.0,global_ddp_mean,2,0.0,3.860091209411621,3.860091209411621,0.0,0.0,0.0,0.0,0.0,0.0,0.0,0.0,0.0,0.0,0.0,0.0,0.0,1.0,1.0,0.0,0,0,0,0,0,0,0,0.0,0.0,0.0,0.0
0,1300,0,dpga,backbone,0.292477011680603,-0.0,global_ddp_mean,2,0.0,19.08072280883789,19.08072280883789,0.0,0.0,0.0,0.0,0.0,0.0,0.0,0.0,0.0,0.0,0.0,0.0,0.0,1.0,1.0,0.0,0,0,0,0,0,0,0,0.0,0.0,0.0,0.0
0,1300,0,dpga,fpn,0.292477011680603,-0.0,global_ddp_mean,2,0.0,6.278834342956543,6.278834342956543,0.0,0.0,0.0,0.0,0.0,0.0,0.0,0.0,0.0,0.0,0.0,0.0,0.0,1.0,1.0,0.0,0,0,0,0,0,0,0,0.0,0.0,0.0,0.0
0,1300,0,dpga,rpn,0.292477011680603,-0.0,global_ddp_mean,2,0.0,10.950603485107422,10.950603485107422,0.0,0.0,0.0,0.0,0.0,0.0,0.0,0.0,0.0,0.0,0.0,0.0,0.0,1.0,1.0,0.0,0,0,0,0,0,0,0,0.0,0.0,0.0,0.0
0,1300,0,dpga,roi_shared,0.292477011680603,-0.0,global_ddp_mean,2,0.0,17.8371524810791,17.8371524810791,0.0,0.0,0.0,0.0,0.0,0.0,0.0,0.0,0.0,0.0,0.0,0.0,0.0,1.0,1.0,0.0,0,0,0,0,0,0,0,0.0,0.0,0.0,0.0
0,1300,0,dpga,roi_cls,0.292477011680603,-0.0,global_ddp_mean,2,0.0,20.62468147277832,20.62468147277832,0.0,0.0,0.0,0.0,0.0,0.0,0.0,0.0,0.0,0.0,0.0,0.0,0.0,1.0,1.0,0.0,0,0,0,0,0,0,0,0.0,0.0,0.0,0.0
0,1300,0,dpga,roi_reg,0.292477011680603,-0.0,global_ddp_mean,2,0.0,3.905770778656006,3.905770778656006,0.0,0.0,0.0,0.0,0.0,0.0,0.0,0.0,0.0,0.0,0.0,0.0,0.0,1.0,1.0,0.0,0,0,0,0,0,0,0,0.0,0.0,0.0,0.0
0,1400,0,dpga,backbone,0.4830629229545593,0.0,global_ddp_mean,2,0.0,47.45862579345703,47.45862579345703,0.0,0.0,0.0,0.0,0.0,0.0,0.0,0.0,0.0,0.0,0.0,0.0,0.0,1.0,1.0,0.0,0,0,0,0,0,0,0,0.0,0.0,0.0,0.0
0,1400,0,dpga,fpn,0.4830629229545593,0.0,global_ddp_mean,2,0.0,14.509923934936523,14.509923934936523,0.0,0.0,0.0,0.0,0.0,0.0,0.0,0.0,0.0,0.0,0.0,0.0,0.0,1.0,1.0,0.0,0,0,0,0,0,0,0,0.0,0.0,0.0,0.0
0,1400,0,dpga,rpn,0.4830629229545593,0.0,global_ddp_mean,2,0.0,32.08865737915039,32.08865737915039,0.0,0.0,0.0,0.0,0.0,0.0,0.0,0.0,0.0,0.0,0.0,0.0,0.0,1.0,1.0,0.0,0,0,0,0,0,0,0,0.0,0.0,0.0,0.0
0,1400,0,dpga,roi_shared,0.4830629229545593,0.0,global_ddp_mean,2,0.0,36.6082649230957,36.6082649230957,0.0,0.0,0.0,0.0,0.0,0.0,0.0,0.0,0.0,0.0,0.0,0.0,0.0,1.0,1.0,0.0,0,0,0,0,0,0,0,0.0,0.0,0.0,0.0
0,1400,0,dpga,roi_cls,0.4830629229545593,0.0,global_ddp_mean,2,0.0,43.85054397583008,43.85054397583008,0.0,0.0,0.0,0.0,0.0,0.0,0.0,0.0,0.0,0.0,0.0,0.0,0.0,1.0,1.0,0.0,0,0,0,0,0,0,0,0.0,0.0,0.0,0.0
0,1400,0,dpga,roi_reg,0.4830629229545593,0.0,global_ddp_mean,2,0.0,17.616243362426758,17.616243362426758,0.0,0.0,0.0,0.0,0.0,0.0,0.0,0.0,0.0,0.0,0.0,0.0,0.0,1.0,1.0,0.0,0,0,0,0,0,0,0,0.0,0.0,0.0,0.0
1,0,0,dpga,backbone,0.0705651044845581,-0.0,global_ddp_mean,2,0.0,9.4841890335083,9.4841890335083,0.0,0.0,0.0,0.0,0.0,0.0,0.0,0.0,0.0,0.0,0.0,0.0,0.0,1.0,1.0,0.0,0,0,0,0,0,0,0,0.0,0.0,0.0,0.0
1,0,0,dpga,fpn,0.0705651044845581,-0.0,global_ddp_mean,2,0.0,1.8598995208740234,1.8598995208740234,0.0,0.0,0.0,0.0,0.0,0.0,0.0,0.0,0.0,0.0,0.0,0.0,0.0,1.0,1.0,0.0,0,0,0,0,0,0,0,0.0,0.0,0.0,0.0
1,0,0,dpga,rpn,0.0705651044845581,-0.0,global_ddp_mean,2,0.0,4.8670806884765625,4.8670806884765625,0.0,0.0,0.0,0.0,0.0,0.0,0.0,0.0,0.0,0.0,0.0,0.0,0.0,1.0,1.0,0.0,0,0,0,0,0,0,0,0.0,0.0,0.0,0.0
1,0,0,dpga,roi_shared,0.0705651044845581,-0.0,global_ddp_mean,2,0.0,1.857630968093872,1.857630968093872,0.0,0.0,0.0,0.0,0.0,0.0,0.0,0.0,0.0,0.0,0.0,0.0,0.0,1.0,1.0,0.0,0,0,0,0,0,0,0,0.0,0.0,0.0,0.0
1,0,0,dpga,roi_cls,0.0705651044845581,-0.0,global_ddp_mean,2,0.0,2.003218412399292,2.003218412399292,0.0,0.0,0.0,0.0,0.0,0.0,0.0,0.0,0.0,0.0,0.0,0.0,0.0,1.0,1.0,0.0,0,0,0,0,0,0,0,0.0,0.0,0.0,0.0
1,0,0,dpga,roi_reg,0.0705651044845581,-0.0,global_ddp_mean,2,0.0,0.32654231786727905,0.32654231786727905,0.0,0.0,0.0,0.0,0.0,0.0,0.0,0.0,0.0,0.0,0.0,0.0,0.0,1.0,1.0,0.0,0,0,0,0,0,0,0,0.0,0.0,0.0,0.0
1,100,0,dpga,backbone,0.7198888063430786,-0.0,global_ddp_mean,2,0.0,21.27775001525879,21.27775001525879,0.0,0.0,0.0,0.0,0.0,0.0,0.0,0.0,0.0,0.0,0.0,0.0,0.0,1.0,1.0,0.0,0,0,0,0,0,0,0,0.0,0.0,0.0,0.0
1,100,0,dpga,fpn,0.7198888063430786,-0.0,global_ddp_mean,2,0.0,6.20563268661499,6.20563268661499,0.0,0.0,0.0,0.0,0.0,0.0,0.0,0.0,0.0,0.0,0.0,0.0,0.0,1.0,1.0,0.0,0,0,0,0,0,0,0,0.0,0.0,0.0,0.0
1,100,0,dpga,rpn,0.7198888063430786,-0.0,global_ddp_mean,2,0.0,15.085090637207031,15.085090637207031,0.0,0.0,0.0,0.0,0.0,0.0,0.0,0.0,0.0,0.0,0.0,0.0,0.0,1.0,1.0,0.0,0,0,0,0,0,0,0,0.0,0.0,0.0,0.0
1,100,0,dpga,roi_shared,0.7198888063430786,-0.0,global_ddp_mean,2,0.0,15.448697090148926,15.448697090148926,0.0,0.0,0.0,0.0,0.0,0.0,0.0,0.0,0.0,0.0,0.0,0.0,0.0,1.0,1.0,0.0,0,0,0,0,0,0,0,0.0,0.0,0.0,0.0
1,100,0,dpga,roi_cls,0.7198888063430786,-0.0,global_ddp_mean,2,0.0,16.935861587524414,16.935861587524414,0.0,0.0,0.0,0.0,0.0,0.0,0.0,0.0,0.0,0.0,0.0,0.0,0.0,1.0,1.0,0.0,0,0,0,0,0,0,0,0.0,0.0,0.0,0.0
1,100,0,dpga,roi_reg,0.7198888063430786,-0.0,global_ddp_mean,2,0.0,14.053160667419434,14.053160667419434,0.0,0.0,0.0,0.0,0.0,0.0,0.0,0.0,0.0,0.0,0.0,0.0,0.0,1.0,1.0,0.0,0,0,0,0,0,0,0,0.0,0.0,0.0,0.0
1,200,0,dpga,backbone,0.27518272399902344,0.0,global_ddp_mean,2,0.0,18.69579315185547,18.69579315185547,0.0,0.0,0.0,0.0,0.0,0.0,0.0,0.0,0.0,0.0,0.0,0.0,0.0,1.0,1.0,0.0,0,0,0,0,0,0,0,0.0,0.0,0.0,0.0
1,200,0,dpga,fpn,0.27518272399902344,0.0,global_ddp_mean,2,0.0,3.6665730476379395,3.6665730476379395,0.0,0.0,0.0,0.0,0.0,0.0,0.0,0.0,0.0,0.0,0.0,0.0,0.0,1.0,1.0,0.0,0,0,0,0,0,0,0,0.0,0.0,0.0,0.0
1,200,0,dpga,rpn,0.27518272399902344,0.0,global_ddp_mean,2,0.0,8.690423965454102,8.690423965454102,0.0,0.0,0.0,0.0,0.0,0.0,0.0,0.0,0.0,0.0,0.0,0.0,0.0,1.0,1.0,0.0,0,0,0,0,0,0,0,0.0,0.0,0.0,0.0
1,200,0,dpga,roi_shared,0.27518272399902344,0.0,global_ddp_mean,2,0.0,8.815877914428711,8.815877914428711,0.0,0.0,0.0,0.0,0.0,0.0,0.0,0.0,0.0,0.0,0.0,0.0,0.0,1.0,1.0,0.0,0,0,0,0,0,0,0,0.0,0.0,0.0,0.0
1,200,0,dpga,roi_cls,0.27518272399902344,0.0,global_ddp_mean,2,0.0,10.538084983825684,10.538084983825684,0.0,0.0,0.0,0.0,0.0,0.0,0.0,0.0,0.0,0.0,0.0,0.0,0.0,1.0,1.0,0.0,0,0,0,0,0,0,0,0.0,0.0,0.0,0.0
1,200,0,dpga,roi_reg,0.27518272399902344,0.0,global_ddp_mean,2,0.0,10.641276359558105,10.641276359558105,0.0,0.0,0.0,0.0,0.0,0.0,0.0,0.0,0.0,0.0,0.0,0.0,0.0,1.0,1.0,0.0,0,0,0,0,0,0,0,0.0,0.0,0.0,0.0
1,300,0,dpga,backbone,0.6081463098526001,-0.0,global_ddp_mean,2,0.0,49.421600341796875,49.421600341796875,0.0,0.0,0.0,0.0,0.0,0.0,0.0,0.0,0.0,0.0,0.0,0.0,0.0,1.0,1.0,0.0,0,0,0,0,0,0,0,0.0,0.0,0.0,0.0
1,300,0,dpga,fpn,0.6081463098526001,-0.0,global_ddp_mean,2,0.0,17.364917755126953,17.364917755126953,0.0,0.0,0.0,0.0,0.0,0.0,0.0,0.0,0.0,0.0,0.0,0.0,0.0,1.0,1.0,0.0,0,0,0,0,0,0,0,0.0,0.0,0.0,0.0
1,300,0,dpga,rpn,0.6081463098526001,-0.0,global_ddp_mean,2,0.0,7.680574893951416,7.680574893951416,0.0,0.0,0.0,0.0,0.0,0.0,0.0,0.0,0.0,0.0,0.0,0.0,0.0,1.0,1.0,0.0,0,0,0,0,0,0,0,0.0,0.0,0.0,0.0
1,300,0,dpga,roi_shared,0.6081463098526001,-0.0,global_ddp_mean,2,0.0,54.974945068359375,54.974945068359375,0.0,0.0,0.0,0.0,0.0,0.0,0.0,0.0,0.0,0.0,0.0,0.0,0.0,1.0,1.0,0.0,0,0,0,0,0,0,0,0.0,0.0,0.0,0.0
1,300,0,dpga,roi_cls,0.6081463098526001,-0.0,global_ddp_mean,2,0.0,64.10824584960938,64.10824584960938,0.0,0.0,0.0,0.0,0.0,0.0,0.0,0.0,0.0,0.0,0.0,0.0,0.0,1.0,1.0,0.0,0,0,0,0,0,0,0,0.0,0.0,0.0,0.0
1,300,0,dpga,roi_reg,0.6081463098526001,-0.0,global_ddp_mean,2,0.0,6.02382230758667,6.02382230758667,0.0,0.0,0.0,0.0,0.0,0.0,0.0,0.0,0.0,0.0,0.0,0.0,0.0,1.0,1.0,0.0,0,0,0,0,0,0,0,0.0,0.0,0.0,0.0
1,400,0,dpga,backbone,0.06156141683459282,-0.0,global_ddp_mean,2,0.0,7.591800689697266,7.591800689697266,0.0,0.0,0.0,0.0,0.0,0.0,0.0,0.0,0.0,0.0,0.0,0.0,0.0,1.0,1.0,0.0,0,0,0,0,0,0,0,0.0,0.0,0.0,0.0
1,400,0,dpga,fpn,0.06156141683459282,-0.0,global_ddp_mean,2,0.0,2.176661252975464,2.176661252975464,0.0,0.0,0.0,0.0,0.0,0.0,0.0,0.0,0.0,0.0,0.0,0.0,0.0,1.0,1.0,0.0,0,0,0,0,0,0,0,0.0,0.0,0.0,0.0
1,400,0,dpga,rpn,0.06156141683459282,-0.0,global_ddp_mean,2,0.0,5.732330322265625,5.732330322265625,0.0,0.0,0.0,0.0,0.0,0.0,0.0,0.0,0.0,0.0,0.0,0.0,0.0,1.0,1.0,0.0,0,0,0,0,0,0,0,0.0,0.0,0.0,0.0
1,400,0,dpga,roi_shared,0.06156141683459282,-0.0,global_ddp_mean,2,0.0,4.80522346496582,4.80522346496582,0.0,0.0,0.0,0.0,0.0,0.0,0.0,0.0,0.0,0.0,0.0,0.0,0.0,1.0,1.0,0.0,0,0,0,0,0,0,0,0.0,0.0,0.0,0.0
1,400,0,dpga,roi_cls,0.06156141683459282,-0.0,global_ddp_mean,2,0.0,3.7920219898223877,3.7920219898223877,0.0,0.0,0.0,0.0,0.0,0.0,0.0,0.0,0.0,0.0,0.0,0.0,0.0,1.0,1.0,0.0,0,0,0,0,0,0,0,0.0,0.0,0.0,0.0
1,400,0,dpga,roi_reg,0.06156141683459282,-0.0,global_ddp_mean,2,0.0,3.0970141887664795,3.0970141887664795,0.0,0.0,0.0,0.0,0.0,0.0,0.0,0.0,0.0,0.0,0.0,0.0,0.0,1.0,1.0,0.0,0,0,0,0,0,0,0,0.0,0.0,0.0,0.0
1,500,0,dpga,backbone,0.41833004355430603,0.0,global_ddp_mean,2,0.0,10.59267807006836,10.59267807006836,0.0,0.0,0.0,0.0,0.0,0.0,0.0,0.0,0.0,0.0,0.0,0.0,0.0,1.0,1.0,0.0,0,0,0,0,0,0,0,0.0,0.0,0.0,0.0
1,500,0,dpga,fpn,0.41833004355430603,0.0,global_ddp_mean,2,0.0,3.467684268951416,3.467684268951416,0.0,0.0,0.0,0.0,0.0,0.0,0.0,0.0,0.0,0.0,0.0,0.0,0.0,1.0,1.0,0.0,0,0,0,0,0,0,0,0.0,0.0,0.0,0.0
1,500,0,dpga,rpn,0.41833004355430603,0.0,global_ddp_mean,2,0.0,3.986501455307007,3.986501455307007,0.0,0.0,0.0,0.0,0.0,0.0,0.0,0.0,0.0,0.0,0.0,0.0,0.0,1.0,1.0,0.0,0,0,0,0,0,0,0,0.0,0.0,0.0,0.0
1,500,0,dpga,roi_shared,0.41833004355430603,0.0,global_ddp_mean,2,0.0,10.390138626098633,10.390138626098633,0.0,0.0,0.0,0.0,0.0,0.0,0.0,0.0,0.0,0.0,0.0,0.0,0.0,1.0,1.0,0.0,0,0,0,0,0,0,0,0.0,0.0,0.0,0.0
1,500,0,dpga,roi_cls,0.41833004355430603,0.0,global_ddp_mean,2,0.0,11.348526000976562,11.348526000976562,0.0,0.0,0.0,0.0,0.0,0.0,0.0,0.0,0.0,0.0,0.0,0.0,0.0,1.0,1.0,0.0,0,0,0,0,0,0,0,0.0,0.0,0.0,0.0
1,500,0,dpga,roi_reg,0.41833004355430603,0.0,global_ddp_mean,2,0.0,3.424564838409424,3.424564838409424,0.0,0.0,0.0,0.0,0.0,0.0,0.0,0.0,0.0,0.0,0.0,0.0,0.0,1.0,1.0,0.0,0,0,0,0,0,0,0,0.0,0.0,0.0,0.0
1,600,0,dpga,backbone,0.1973801553249359,-0.0,global_ddp_mean,2,0.0,9.013565063476562,9.013565063476562,0.0,0.0,0.0,0.0,0.0,0.0,0.0,0.0,0.0,0.0,0.0,0.0,0.0,1.0,1.0,0.0,0,0,0,0,0,0,0,0.0,0.0,0.0,0.0
1,600,0,dpga,fpn,0.1973801553249359,-0.0,global_ddp_mean,2,0.0,2.961652994155884,2.961652994155884,0.0,0.0,0.0,0.0,0.0,0.0,0.0,0.0,0.0,0.0,0.0,0.0,0.0,1.0,1.0,0.0,0,0,0,0,0,0,0,0.0,0.0,0.0,0.0
1,600,0,dpga,rpn,0.1973801553249359,-0.0,global_ddp_mean,2,0.0,3.9149651527404785,3.9149651527404785,0.0,0.0,0.0,0.0,0.0,0.0,0.0,0.0,0.0,0.0,0.0,0.0,0.0,1.0,1.0,0.0,0,0,0,0,0,0,0,0.0,0.0,0.0,0.0
1,600,0,dpga,roi_shared,0.1973801553249359,-0.0,global_ddp_mean,2,0.0,8.444488525390625,8.444488525390625,0.0,0.0,0.0,0.0,0.0,0.0,0.0,0.0,0.0,0.0,0.0,0.0,0.0,1.0,1.0,0.0,0,0,0,0,0,0,0,0.0,0.0,0.0,0.0
1,600,0,dpga,roi_cls,0.1973801553249359,-0.0,global_ddp_mean,2,0.0,9.431245803833008,9.431245803833008,0.0,0.0,0.0,0.0,0.0,0.0,0.0,0.0,0.0,0.0,0.0,0.0,0.0,1.0,1.0,0.0,0,0,0,0,0,0,0,0.0,0.0,0.0,0.0
1,600,0,dpga,roi_reg,0.1973801553249359,-0.0,global_ddp_mean,2,0.0,3.2242672443389893,3.2242672443389893,0.0,0.0,0.0,0.0,0.0,0.0,0.0,0.0,0.0,0.0,0.0,0.0,0.0,1.0,1.0,0.0,0,0,0,0,0,0,0,0.0,0.0,0.0,0.0
1,700,0,dpga,backbone,0.07602624595165253,-0.0,global_ddp_mean,2,0.0,48.340675354003906,48.340675354003906,0.0,0.0,0.0,0.0,0.0,0.0,0.0,0.0,0.0,0.0,0.0,0.0,0.0,1.0,1.0,0.0,0,0,0,0,0,0,0,0.0,0.0,0.0,0.0
1,700,0,dpga,fpn,0.07602624595165253,-0.0,global_ddp_mean,2,0.0,7.0987548828125,7.0987548828125,0.0,0.0,0.0,0.0,0.0,0.0,0.0,0.0,0.0,0.0,0.0,0.0,0.0,1.0,1.0,0.0,0,0,0,0,0,0,0,0.0,0.0,0.0,0.0
1,700,0,dpga,rpn,0.07602624595165253,-0.0,global_ddp_mean,2,0.0,16.741519927978516,16.741519927978516,0.0,0.0,0.0,0.0,0.0,0.0,0.0,0.0,0.0,0.0,0.0,0.0,0.0,1.0,1.0,0.0,0,0,0,0,0,0,0,0.0,0.0,0.0,0.0
1,700,0,dpga,roi_shared,0.07602624595165253,-0.0,global_ddp_mean,2,0.0,15.017956733703613,15.017956733703613,0.0,0.0,0.0,0.0,0.0,0.0,0.0,0.0,0.0,0.0,0.0,0.0,0.0,1.0,1.0,0.0,0,0,0,0,0,0,0,0.0,0.0,0.0,0.0
1,700,0,dpga,roi_cls,0.07602624595165253,-0.0,global_ddp_mean,2,0.0,17.280855178833008,17.280855178833008,0.0,0.0,0.0,0.0,0.0,0.0,0.0,0.0,0.0,0.0,0.0,0.0,0.0,1.0,1.0,0.0,0,0,0,0,0,0,0,0.0,0.0,0.0,0.0
1,700,0,dpga,roi_reg,0.07602624595165253,-0.0,global_ddp_mean,2,0.0,3.744208574295044,3.744208574295044,0.0,0.0,0.0,0.0,0.0,0.0,0.0,0.0,0.0,0.0,0.0,0.0,0.0,1.0,1.0,0.0,0,0,0,0,0,0,0,0.0,0.0,0.0,0.0
1,800,0,dpga,backbone,0.3605581521987915,-0.0,global_ddp_mean,2,0.0,12.594314575195312,12.594314575195312,0.0,0.0,0.0,0.0,0.0,0.0,0.0,0.0,0.0,0.0,0.0,0.0,0.0,1.0,1.0,0.0,0,0,0,0,0,0,0,0.0,0.0,0.0,0.0
1,800,0,dpga,fpn,0.3605581521987915,-0.0,global_ddp_mean,2,0.0,4.149965763092041,4.149965763092041,0.0,0.0,0.0,0.0,0.0,0.0,0.0,0.0,0.0,0.0,0.0,0.0,0.0,1.0,1.0,0.0,0,0,0,0,0,0,0,0.0,0.0,0.0,0.0
1,800,0,dpga,rpn,0.3605581521987915,-0.0,global_ddp_mean,2,0.0,7.293517589569092,7.293517589569092,0.0,0.0,0.0,0.0,0.0,0.0,0.0,0.0,0.0,0.0,0.0,0.0,0.0,1.0,1.0,0.0,0,0,0,0,0,0,0,0.0,0.0,0.0,0.0
1,800,0,dpga,roi_shared,0.3605581521987915,-0.0,global_ddp_mean,2,0.0,10.503911972045898,10.503911972045898,0.0,0.0,0.0,0.0,0.0,0.0,0.0,0.0,0.0,0.0,0.0,0.0,0.0,1.0,1.0,0.0,0,0,0,0,0,0,0,0.0,0.0,0.0,0.0
1,800,0,dpga,roi_cls,0.3605581521987915,-0.0,global_ddp_mean,2,0.0,12.33635139465332,12.33635139465332,0.0,0.0,0.0,0.0,0.0,0.0,0.0,0.0,0.0,0.0,0.0,0.0,0.0,1.0,1.0,0.0,0,0,0,0,0,0,0,0.0,0.0,0.0,0.0
1,800,0,dpga,roi_reg,0.3605581521987915,-0.0,global_ddp_mean,2,0.0,6.211783409118652,6.211783409118652,0.0,0.0,0.0,0.0,0.0,0.0,0.0,0.0,0.0,0.0,0.0,0.0,0.0,1.0,1.0,0.0,0,0,0,0,0,0,0,0.0,0.0,0.0,0.0
1,900,0,dpga,backbone,0.5936777591705322,-0.0,global_ddp_mean,2,0.0,31.953418731689453,31.953418731689453,0.0,0.0,0.0,0.0,0.0,0.0,0.0,0.0,0.0,0.0,0.0,0.0,0.0,1.0,1.0,0.0,0,0,0,0,0,0,0,0.0,0.0,0.0,0.0
1,900,0,dpga,fpn,0.5936777591705322,-0.0,global_ddp_mean,2,0.0,6.182101249694824,6.182101249694824,0.0,0.0,0.0,0.0,0.0,0.0,0.0,0.0,0.0,0.0,0.0,0.0,0.0,1.0,1.0,0.0,0,0,0,0,0,0,0,0.0,0.0,0.0,0.0
1,900,0,dpga,rpn,0.5936777591705322,-0.0,global_ddp_mean,2,0.0,12.266505241394043,12.266505241394043,0.0,0.0,0.0,0.0,0.0,0.0,0.0,0.0,0.0,0.0,0.0,0.0,0.0,1.0,1.0,0.0,0,0,0,0,0,0,0,0.0,0.0,0.0,0.0
1,900,0,dpga,roi_shared,0.5936777591705322,-0.0,global_ddp_mean,2,0.0,11.287288665771484,11.287288665771484,0.0,0.0,0.0,0.0,0.0,0.0,0.0,0.0,0.0,0.0,0.0,0.0,0.0,1.0,1.0,0.0,0,0,0,0,0,0,0,0.0,0.0,0.0,0.0
1,900,0,dpga,roi_cls,0.5936777591705322,-0.0,global_ddp_mean,2,0.0,12.024575233459473,12.024575233459473,0.0,0.0,0.0,0.0,0.0,0.0,0.0,0.0,0.0,0.0,0.0,0.0,0.0,1.0,1.0,0.0,0,0,0,0,0,0,0,0.0,0.0,0.0,0.0
1,900,0,dpga,roi_reg,0.5936777591705322,-0.0,global_ddp_mean,2,0.0,4.748850345611572,4.748850345611572,0.0,0.0,0.0,0.0,0.0,0.0,0.0,0.0,0.0,0.0,0.0,0.0,0.0,1.0,1.0,0.0,0,0,0,0,0,0,0,0.0,0.0,0.0,0.0
1,1000,0,dpga,backbone,0.19288384914398193,-0.0,global_ddp_mean,2,0.0,12.048487663269043,12.048487663269043,0.0,0.0,0.0,0.0,0.0,0.0,0.0,0.0,0.0,0.0,0.0,0.0,0.0,1.0,1.0,0.0,0,0,0,0,0,0,0,0.0,0.0,0.0,0.0
1,1000,0,dpga,fpn,0.19288384914398193,-0.0,global_ddp_mean,2,0.0,1.662572979927063,1.662572979927063,0.0,0.0,0.0,0.0,0.0,0.0,0.0,0.0,0.0,0.0,0.0,0.0,0.0,1.0,1.0,0.0,0,0,0,0,0,0,0,0.0,0.0,0.0,0.0
1,1000,0,dpga,rpn,0.19288384914398193,-0.0,global_ddp_mean,2,0.0,3.7412166595458984,3.7412166595458984,0.0,0.0,0.0,0.0,0.0,0.0,0.0,0.0,0.0,0.0,0.0,0.0,0.0,1.0,1.0,0.0,0,0,0,0,0,0,0,0.0,0.0,0.0,0.0
1,1000,0,dpga,roi_shared,0.19288384914398193,-0.0,global_ddp_mean,2,0.0,2.6300208568573,2.6300208568573,0.0,0.0,0.0,0.0,0.0,0.0,0.0,0.0,0.0,0.0,0.0,0.0,0.0,1.0,1.0,0.0,0,0,0,0,0,0,0,0.0,0.0,0.0,0.0
1,1000,0,dpga,roi_cls,0.19288384914398193,-0.0,global_ddp_mean,2,0.0,3.0486927032470703,3.0486927032470703,0.0,0.0,0.0,0.0,0.0,0.0,0.0,0.0,0.0,0.0,0.0,0.0,0.0,1.0,1.0,0.0,0,0,0,0,0,0,0,0.0,0.0,0.0,0.0
1,1000,0,dpga,roi_reg,0.19288384914398193,-0.0,global_ddp_mean,2,0.0,1.0939085483551025,1.0939085483551025,0.0,0.0,0.0,0.0,0.0,0.0,0.0,0.0,0.0,0.0,0.0,0.0,0.0,1.0,1.0,0.0,0,0,0,0,0,0,0,0.0,0.0,0.0,0.0
1,1100,0,dpga,backbone,0.241134375333786,0.0,global_ddp_mean,2,0.0,7.318892002105713,7.318892002105713,0.0,0.0,0.0,0.0,0.0,0.0,0.0,0.0,0.0,0.0,0.0,0.0,0.0,1.0,1.0,0.0,0,0,0,0,0,0,0,0.0,0.0,0.0,0.0
1,1100,0,dpga,fpn,0.241134375333786,0.0,global_ddp_mean,2,0.0,1.2949779033660889,1.2949779033660889,0.0,0.0,0.0,0.0,0.0,0.0,0.0,0.0,0.0,0.0,0.0,0.0,0.0,1.0,1.0,0.0,0,0,0,0,0,0,0,0.0,0.0,0.0,0.0
1,1100,0,dpga,rpn,0.241134375333786,0.0,global_ddp_mean,2,0.0,3.8416614532470703,3.8416614532470703,0.0,0.0,0.0,0.0,0.0,0.0,0.0,0.0,0.0,0.0,0.0,0.0,0.0,1.0,1.0,0.0,0,0,0,0,0,0,0,0.0,0.0,0.0,0.0
1,1100,0,dpga,roi_shared,0.241134375333786,0.0,global_ddp_mean,2,0.0,1.4627491235733032,1.4627491235733032,0.0,0.0,0.0,0.0,0.0,0.0,0.0,0.0,0.0,0.0,0.0,0.0,0.0,1.0,1.0,0.0,0,0,0,0,0,0,0,0.0,0.0,0.0,0.0
1,1100,0,dpga,roi_cls,0.241134375333786,0.0,global_ddp_mean,2,0.0,1.6050151586532593,1.6050151586532593,0.0,0.0,0.0,0.0,0.0,0.0,0.0,0.0,0.0,0.0,0.0,0.0,0.0,1.0,1.0,0.0,0,0,0,0,0,0,0,0.0,0.0,0.0,0.0
1,1100,0,dpga,roi_reg,0.241134375333786,0.0,global_ddp_mean,2,0.0,0.8128001689910889,0.8128001689910889,0.0,0.0,0.0,0.0,0.0,0.0,0.0,0.0,0.0,0.0,0.0,0.0,0.0,1.0,1.0,0.0,0,0,0,0,0,0,0,0.0,0.0,0.0,0.0
1,1200,0,dpga,backbone,0.4188980162143707,0.0,global_ddp_mean,2,0.0,17.250511169433594,17.250511169433594,0.0,0.0,0.0,0.0,0.0,0.0,0.0,0.0,0.0,0.0,0.0,0.0,0.0,1.0,1.0,0.0,0,0,0,0,0,0,0,0.0,0.0,0.0,0.0
1,1200,0,dpga,fpn,0.4188980162143707,0.0,global_ddp_mean,2,0.0,4.042439937591553,4.042439937591553,0.0,0.0,0.0,0.0,0.0,0.0,0.0,0.0,0.0,0.0,0.0,0.0,0.0,1.0,1.0,0.0,0,0,0,0,0,0,0,0.0,0.0,0.0,0.0
1,1200,0,dpga,rpn,0.4188980162143707,0.0,global_ddp_mean,2,0.0,3.994558334350586,3.994558334350586,0.0,0.0,0.0,0.0,0.0,0.0,0.0,0.0,0.0,0.0,0.0,0.0,0.0,1.0,1.0,0.0,0,0,0,0,0,0,0,0.0,0.0,0.0,0.0
1,1200,0,dpga,roi_shared,0.4188980162143707,0.0,global_ddp_mean,2,0.0,10.884270668029785,10.884270668029785,0.0,0.0,0.0,0.0,0.0,0.0,0.0,0.0,0.0,0.0,0.0,0.0,0.0,1.0,1.0,0.0,0,0,0,0,0,0,0,0.0,0.0,0.0,0.0
1,1200,0,dpga,roi_cls,0.4188980162143707,0.0,global_ddp_mean,2,0.0,12.26893138885498,12.26893138885498,0.0,0.0,0.0,0.0,0.0,0.0,0.0,0.0,0.0,0.0,0.0,0.0,0.0,1.0,1.0,0.0,0,0,0,0,0,0,0,0.0,0.0,0.0,0.0
1,1200,0,dpga,roi_reg,0.4188980162143707,0.0,global_ddp_mean,2,0.0,2.8092119693756104,2.8092119693756104,0.0,0.0,0.0,0.0,0.0,0.0,0.0,0.0,0.0,0.0,0.0,0.0,0.0,1.0,1.0,0.0,0,0,0,0,0,0,0,0.0,0.0,0.0,0.0
1,1300,0,dpga,backbone,0.16281342506408691,0.0,global_ddp_mean,2,0.0,12.916910171508789,12.916910171508789,0.0,0.0,0.0,0.0,0.0,0.0,0.0,0.0,0.0,0.0,0.0,0.0,0.0,1.0,1.0,0.0,0,0,0,0,0,0,0,0.0,0.0,0.0,0.0
1,1300,0,dpga,fpn,0.16281342506408691,0.0,global_ddp_mean,2,0.0,4.186920166015625,4.186920166015625,0.0,0.0,0.0,0.0,0.0,0.0,0.0,0.0,0.0,0.0,0.0,0.0,0.0,1.0,1.0,0.0,0,0,0,0,0,0,0,0.0,0.0,0.0,0.0
1,1300,0,dpga,rpn,0.16281342506408691,0.0,global_ddp_mean,2,0.0,2.665231466293335,2.665231466293335,0.0,0.0,0.0,0.0,0.0,0.0,0.0,0.0,0.0,0.0,0.0,0.0,0.0,1.0,1.0,0.0,0,0,0,0,0,0,0,0.0,0.0,0.0,0.0
1,1300,0,dpga,roi_shared,0.16281342506408691,0.0,global_ddp_mean,2,0.0,12.193461418151855,12.193461418151855,0.0,0.0,0.0,0.0,0.0,0.0,0.0,0.0,0.0,0.0,0.0,0.0,0.0,1.0,1.0,0.0,0,0,0,0,0,0,0,0.0,0.0,0.0,0.0
1,1300,0,dpga,roi_cls,0.16281342506408691,0.0,global_ddp_mean,2,0.0,18.026744842529297,18.026744842529297,0.0,0.0,0.0,0.0,0.0,0.0,0.0,0.0,0.0,0.0,0.0,0.0,0.0,1.0,1.0,0.0,0,0,0,0,0,0,0,0.0,0.0,0.0,0.0
1,1300,0,dpga,roi_reg,0.16281342506408691,0.0,global_ddp_mean,2,0.0,2.1134564876556396,2.1134564876556396,0.0,0.0,0.0,0.0,0.0,0.0,0.0,0.0,0.0,0.0,0.0,0.0,0.0,1.0,1.0,0.0,0,0,0,0,0,0,0,0.0,0.0,0.0,0.0
1,1400,0,dpga,backbone,0.03696466237306595,0.0,global_ddp_mean,2,0.0,5.715742588043213,5.715742588043213,0.0,0.0,0.0,0.0,0.0,0.0,0.0,0.0,0.0,0.0,0.0,0.0,0.0,1.0,1.0,0.0,0,0,0,0,0,0,0,0.0,0.0,0.0,0.0
1,1400,0,dpga,fpn,0.03696466237306595,0.0,global_ddp_mean,2,0.0,1.036178469657898,1.036178469657898,0.0,0.0,0.0,0.0,0.0,0.0,0.0,0.0,0.0,0.0,0.0,0.0,0.0,1.0,1.0,0.0,0,0,0,0,0,0,0,0.0,0.0,0.0,0.0
1,1400,0,dpga,rpn,0.03696466237306595,0.0,global_ddp_mean,2,0.0,1.3929702043533325,1.3929702043533325,0.0,0.0,0.0,0.0,0.0,0.0,0.0,0.0,0.0,0.0,0.0,0.0,0.0,1.0,1.0,0.0,0,0,0,0,0,0,0,0.0,0.0,0.0,0.0
1,1400,0,dpga,roi_shared,0.03696466237306595,0.0,global_ddp_mean,2,0.0,2.5121281147003174,2.5121281147003174,0.0,0.0,0.0,0.0,0.0,0.0,0.0,0.0,0.0,0.0,0.0,0.0,0.0,1.0,1.0,0.0,0,0,0,0,0,0,0,0.0,0.0,0.0,0.0
1,1400,0,dpga,roi_cls,0.03696466237306595,0.0,global_ddp_mean,2,0.0,3.161262035369873,3.161262035369873,0.0,0.0,0.0,0.0,0.0,0.0,0.0,0.0,0.0,0.0,0.0,0.0,0.0,1.0,1.0,0.0,0,0,0,0,0,0,0,0.0,0.0,0.0,0.0
1,1400,0,dpga,roi_reg,0.03696466237306595,0.0,global_ddp_mean,2,0.0,0.0,0.0,0.0,0.0,0.0,0.0,0.0,0.0,0.0,0.0,0.0,0.0,0.0,0.0,0.0,0.0,0.0,90.0,0,0,0,0,0,0,0,0.0,0.0,0.0,0.0
2,0,0,dpga,backbone,0.09318767488002777,0.0,global_ddp_mean,2,0.0,5.255204200744629,5.255204200744629,0.0,0.0,0.0,0.0,0.0,0.0,0.0,0.0,0.0,0.0,0.0,0.0,0.0,1.0,1.0,0.0,0,0,0,0,0,0,0,0.0,0.0,0.0,0.0
2,0,0,dpga,fpn,0.09318767488002777,0.0,global_ddp_mean,2,0.0,2.0771350860595703,2.0771350860595703,0.0,0.0,0.0,0.0,0.0,0.0,0.0,0.0,0.0,0.0,0.0,0.0,0.0,1.0,1.0,0.0,0,0,0,0,0,0,0,0.0,0.0,0.0,0.0
2,0,0,dpga,rpn,0.09318767488002777,0.0,global_ddp_mean,2,0.0,1.5613878965377808,1.5613878965377808,0.0,0.0,0.0,0.0,0.0,0.0,0.0,0.0,0.0,0.0,0.0,0.0,0.0,1.0,1.0,0.0,0,0,0,0,0,0,0,0.0,0.0,0.0,0.0
2,0,0,dpga,roi_shared,0.09318767488002777,0.0,global_ddp_mean,2,0.0,5.88088321685791,5.88088321685791,0.0,0.0,0.0,0.0,0.0,0.0,0.0,0.0,0.0,0.0,0.0,0.0,0.0,1.0,1.0,0.0,0,0,0,0,0,0,0,0.0,0.0,0.0,0.0
2,0,0,dpga,roi_cls,0.09318767488002777,0.0,global_ddp_mean,2,0.0,6.923446178436279,6.923446178436279,0.0,0.0,0.0,0.0,0.0,0.0,0.0,0.0,0.0,0.0,0.0,0.0,0.0,1.0,1.0,0.0,0,0,0,0,0,0,0,0.0,0.0,0.0,0.0
2,0,0,dpga,roi_reg,0.09318767488002777,0.0,global_ddp_mean,2,0.0,0.8366183638572693,0.8366183638572693,0.0,0.0,0.0,0.0,0.0,0.0,0.0,0.0,0.0,0.0,0.0,0.0,0.0,1.0,1.0,0.0,0,0,0,0,0,0,0,0.0,0.0,0.0,0.0
2,100,0,dpga,backbone,0.32944443821907043,0.0,global_ddp_mean,2,0.0,18.120803833007812,18.120803833007812,0.0,0.0,0.0,0.0,0.0,0.0,0.0,0.0,0.0,0.0,0.0,0.0,0.0,1.0,1.0,0.0,0,0,0,0,0,0,0,0.0,0.0,0.0,0.0
2,100,0,dpga,fpn,0.32944443821907043,0.0,global_ddp_mean,2,0.0,4.150903701782227,4.150903701782227,0.0,0.0,0.0,0.0,0.0,0.0,0.0,0.0,0.0,0.0,0.0,0.0,0.0,1.0,1.0,0.0,0,0,0,0,0,0,0,0.0,0.0,0.0,0.0
2,100,0,dpga,rpn,0.32944443821907043,0.0,global_ddp_mean,2,0.0,7.188348770141602,7.188348770141602,0.0,0.0,0.0,0.0,0.0,0.0,0.0,0.0,0.0,0.0,0.0,0.0,0.0,1.0,1.0,0.0,0,0,0,0,0,0,0,0.0,0.0,0.0,0.0
2,100,0,dpga,roi_shared,0.32944443821907043,0.0,global_ddp_mean,2,0.0,6.534283638000488,6.534283638000488,0.0,0.0,0.0,0.0,0.0,0.0,0.0,0.0,0.0,0.0,0.0,0.0,0.0,1.0,1.0,0.0,0,0,0,0,0,0,0,0.0,0.0,0.0,0.0
2,100,0,dpga,roi_cls,0.32944443821907043,0.0,global_ddp_mean,2,0.0,5.743285655975342,5.743285655975342,0.0,0.0,0.0,0.0,0.0,0.0,0.0,0.0,0.0,0.0,0.0,0.0,0.0,1.0,1.0,0.0,0,0,0,0,0,0,0,0.0,0.0,0.0,0.0
2,100,0,dpga,roi_reg,0.32944443821907043,0.0,global_ddp_mean,2,0.0,2.083240509033203,2.083240509033203,0.0,0.0,0.0,0.0,0.0,0.0,0.0,0.0,0.0,0.0,0.0,0.0,0.0,1.0,1.0,0.0,0,0,0,0,0,0,0,0.0,0.0,0.0,0.0
2,200,0,dpga,backbone,0.021807048469781876,0.0,global_ddp_mean,2,0.0,1.2911529541015625,1.2911529541015625,0.0,0.0,0.0,0.0,0.0,0.0,0.0,0.0,0.0,0.0,0.0,0.0,0.0,1.0,1.0,0.0,0,0,0,0,0,0,0,0.0,0.0,0.0,0.0
2,200,0,dpga,fpn,0.021807048469781876,0.0,global_ddp_mean,2,0.0,0.26679727435112,0.26679727435112,0.0,0.0,0.0,0.0,0.0,0.0,0.0,0.0,0.0,0.0,0.0,0.0,0.0,1.0,1.0,0.0,0,0,0,0,0,0,0,0.0,0.0,0.0,0.0
2,200,0,dpga,rpn,0.021807048469781876,0.0,global_ddp_mean,2,0.0,0.3458811938762665,0.3458811938762665,0.0,0.0,0.0,0.0,0.0,0.0,0.0,0.0,0.0,0.0,0.0,0.0,0.0,1.0,1.0,0.0,0,0,0,0,0,0,0,0.0,0.0,0.0,0.0
2,200,0,dpga,roi_shared,0.021807048469781876,0.0,global_ddp_mean,2,0.0,0.6178268790245056,0.6178268790245056,0.0,0.0,0.0,0.0,0.0,0.0,0.0,0.0,0.0,0.0,0.0,0.0,0.0,1.0,1.0,0.0,0,0,0,0,0,0,0,0.0,0.0,0.0,0.0
2,200,0,dpga,roi_cls,0.021807048469781876,0.0,global_ddp_mean,2,0.0,0.7521436810493469,0.7521436810493469,0.0,0.0,0.0,0.0,0.0,0.0,0.0,0.0,0.0,0.0,0.0,0.0,0.0,1.0,1.0,0.0,0,0,0,0,0,0,0,0.0,0.0,0.0,0.0
2,200,0,dpga,roi_reg,0.021807048469781876,0.0,global_ddp_mean,2,0.0,0.0,0.0,0.0,0.0,0.0,0.0,0.0,0.0,0.0,0.0,0.0,0.0,0.0,0.0,0.0,0.0,0.0,90.0,0,0,0,0,0,0,0,0.0,0.0,0.0,0.0
2,300,0,dpga,backbone,0.049229320138692856,-0.0,global_ddp_mean,2,0.0,4.920516014099121,4.920516014099121,0.0,0.0,0.0,0.0,0.0,0.0,0.0,0.0,0.0,0.0,0.0,0.0,0.0,1.0,1.0,0.0,0,0,0,0,0,0,0,0.0,0.0,0.0,0.0
2,300,0,dpga,fpn,0.049229320138692856,-0.0,global_ddp_mean,2,0.0,0.7883559465408325,0.7883559465408325,0.0,0.0,0.0,0.0,0.0,0.0,0.0,0.0,0.0,0.0,0.0,0.0,0.0,1.0,1.0,0.0,0,0,0,0,0,0,0,0.0,0.0,0.0,0.0
2,300,0,dpga,rpn,0.049229320138692856,-0.0,global_ddp_mean,2,0.0,1.7823126316070557,1.7823126316070557,0.0,0.0,0.0,0.0,0.0,0.0,0.0,0.0,0.0,0.0,0.0,0.0,0.0,1.0,1.0,0.0,0,0,0,0,0,0,0,0.0,0.0,0.0,0.0
2,300,0,dpga,roi_shared,0.049229320138692856,-0.0,global_ddp_mean,2,0.0,1.1082063913345337,1.1082063913345337,0.0,0.0,0.0,0.0,0.0,0.0,0.0,0.0,0.0,0.0,0.0,0.0,0.0,1.0,1.0,0.0,0,0,0,0,0,0,0,0.0,0.0,0.0,0.0
2,300,0,dpga,roi_cls,0.049229320138692856,-0.0,global_ddp_mean,2,0.0,1.4343048334121704,1.4343048334121704,0.0,0.0,0.0,0.0,0.0,0.0,0.0,0.0,0.0,0.0,0.0,0.0,0.0,1.0,1.0,0.0,0,0,0,0,0,0,0,0.0,0.0,0.0,0.0
2,300,0,dpga,roi_reg,0.049229320138692856,-0.0,global_ddp_mean,2,0.0,0.20396068692207336,0.20396068692207336,0.0,0.0,0.0,0.0,0.0,0.0,0.0,0.0,0.0,0.0,0.0,0.0,0.0,1.0,1.0,0.0,0,0,0,0,0,0,0,0.0,0.0,0.0,0.0
2,400,0,dpga,backbone,0.306976318359375,0.0,global_ddp_mean,2,0.0,10.579750061035156,10.579750061035156,0.0,0.0,0.0,0.0,0.0,0.0,0.0,0.0,0.0,0.0,0.0,0.0,0.0,1.0,1.0,0.0,0,0,0,0,0,0,0,0.0,0.0,0.0,0.0
2,400,0,dpga,fpn,0.306976318359375,0.0,global_ddp_mean,2,0.0,2.6038849353790283,2.6038849353790283,0.0,0.0,0.0,0.0,0.0,0.0,0.0,0.0,0.0,0.0,0.0,0.0,0.0,1.0,1.0,0.0,0,0,0,0,0,0,0,0.0,0.0,0.0,0.0
2,400,0,dpga,rpn,0.306976318359375,0.0,global_ddp_mean,2,0.0,6.74518346786499,6.74518346786499,0.0,0.0,0.0,0.0,0.0,0.0,0.0,0.0,0.0,0.0,0.0,0.0,0.0,1.0,1.0,0.0,0,0,0,0,0,0,0,0.0,0.0,0.0,0.0
2,400,0,dpga,roi_shared,0.306976318359375,0.0,global_ddp_mean,2,0.0,2.2374660968780518,2.2374660968780518,0.0,0.0,0.0,0.0,0.0,0.0,0.0,0.0,0.0,0.0,0.0,0.0,0.0,1.0,1.0,0.0,0,0,0,0,0,0,0,0.0,0.0,0.0,0.0
2,400,0,dpga,roi_cls,0.306976318359375,0.0,global_ddp_mean,2,0.0,2.4845170974731445,2.4845170974731445,0.0,0.0,0.0,0.0,0.0,0.0,0.0,0.0,0.0,0.0,0.0,0.0,0.0,1.0,1.0,0.0,0,0,0,0,0,0,0,0.0,0.0,0.0,0.0
2,400,0,dpga,roi_reg,0.306976318359375,0.0,global_ddp_mean,2,0.0,1.2594380378723145,1.2594380378723145,0.0,0.0,0.0,0.0,0.0,0.0,0.0,0.0,0.0,0.0,0.0,0.0,0.0,1.0,1.0,0.0,0,0,0,0,0,0,0,0.0,0.0,0.0,0.0
2,500,0,dpga,backbone,0.72525954246521,-0.0,global_ddp_mean,2,0.0,30.261049270629883,30.261049270629883,0.0,0.0,0.0,0.0,0.0,0.0,0.0,0.0,0.0,0.0,0.0,0.0,0.0,1.0,1.0,0.0,0,0,0,0,0,0,0,0.0,0.0,0.0,0.0
2,500,0,dpga,fpn,0.72525954246521,-0.0,global_ddp_mean,2,0.0,7.118935585021973,7.118935585021973,0.0,0.0,0.0,0.0,0.0,0.0,0.0,0.0,0.0,0.0,0.0,0.0,0.0,1.0,1.0,0.0,0,0,0,0,0,0,0,0.0,0.0,0.0,0.0
2,500,0,dpga,rpn,0.72525954246521,-0.0,global_ddp_mean,2,0.0,8.612582206726074,8.612582206726074,0.0,0.0,0.0,0.0,0.0,0.0,0.0,0.0,0.0,0.0,0.0,0.0,0.0,1.0,1.0,0.0,0,0,0,0,0,0,0,0.0,0.0,0.0,0.0
2,500,0,dpga,roi_shared,0.72525954246521,-0.0,global_ddp_mean,2,0.0,16.394624710083008,16.394624710083008,0.0,0.0,0.0,0.0,0.0,0.0,0.0,0.0,0.0,0.0,0.0,0.0,0.0,1.0,1.0,0.0,0,0,0,0,0,0,0,0.0,0.0,0.0,0.0
2,500,0,dpga,roi_cls,0.72525954246521,-0.0,global_ddp_mean,2,0.0,18.818758010864258,18.818758010864258,0.0,0.0,0.0,0.0,0.0,0.0,0.0,0.0,0.0,0.0,0.0,0.0,0.0,1.0,1.0,0.0,0,0,0,0,0,0,0,0.0,0.0,0.0,0.0
2,500,0,dpga,roi_reg,0.72525954246521,-0.0,global_ddp_mean,2,0.0,6.692687034606934,6.692687034606934,0.0,0.0,0.0,0.0,0.0,0.0,0.0,0.0,0.0,0.0,0.0,0.0,0.0,1.0,1.0,0.0,0,0,0,0,0,0,0,0.0,0.0,0.0,0.0
2,600,0,dpga,backbone,0.1934392750263214,0.0,global_ddp_mean,2,0.0,7.111398696899414,7.111398696899414,0.0,0.0,0.0,0.0,0.0,0.0,0.0,0.0,0.0,0.0,0.0,0.0,0.0,1.0,1.0,0.0,0,0,0,0,0,0,0,0.0,0.0,0.0,0.0
2,600,0,dpga,fpn,0.1934392750263214,0.0,global_ddp_mean,2,0.0,1.3973455429077148,1.3973455429077148,0.0,0.0,0.0,0.0,0.0,0.0,0.0,0.0,0.0,0.0,0.0,0.0,0.0,1.0,1.0,0.0,0,0,0,0,0,0,0,0.0,0.0,0.0,0.0
2,600,0,dpga,rpn,0.1934392750263214,0.0,global_ddp_mean,2,0.0,2.9247260093688965,2.9247260093688965,0.0,0.0,0.0,0.0,0.0,0.0,0.0,0.0,0.0,0.0,0.0,0.0,0.0,1.0,1.0,0.0,0,0,0,0,0,0,0,0.0,0.0,0.0,0.0
2,600,0,dpga,roi_shared,0.1934392750263214,0.0,global_ddp_mean,2,0.0,3.236463785171509,3.236463785171509,0.0,0.0,0.0,0.0,0.0,0.0,0.0,0.0,0.0,0.0,0.0,0.0,0.0,1.0,1.0,0.0,0,0,0,0,0,0,0,0.0,0.0,0.0,0.0
2,600,0,dpga,roi_cls,0.1934392750263214,0.0,global_ddp_mean,2,0.0,3.0776519775390625,3.0776519775390625,0.0,0.0,0.0,0.0,0.0,0.0,0.0,0.0,0.0,0.0,0.0,0.0,0.0,1.0,1.0,0.0,0,0,0,0,0,0,0,0.0,0.0,0.0,0.0
2,600,0,dpga,roi_reg,0.1934392750263214,0.0,global_ddp_mean,2,0.0,1.229557991027832,1.229557991027832,0.0,0.0,0.0,0.0,0.0,0.0,0.0,0.0,0.0,0.0,0.0,0.0,0.0,1.0,1.0,0.0,0,0,0,0,0,0,0,0.0,0.0,0.0,0.0
2,700,0,dpga,backbone,0.026334792375564575,0.0,global_ddp_mean,2,0.0,5.690415382385254,5.690415382385254,0.0,0.0,0.0,0.0,0.0,0.0,0.0,0.0,0.0,0.0,0.0,0.0,0.0,1.0,1.0,0.0,0,0,0,0,0,0,0,0.0,0.0,0.0,0.0
2,700,0,dpga,fpn,0.026334792375564575,0.0,global_ddp_mean,2,0.0,1.153437852859497,1.153437852859497,0.0,0.0,0.0,0.0,0.0,0.0,0.0,0.0,0.0,0.0,0.0,0.0,0.0,1.0,1.0,0.0,0,0,0,0,0,0,0,0.0,0.0,0.0,0.0
2,700,0,dpga,rpn,0.026334792375564575,0.0,global_ddp_mean,2,0.0,2.2282156944274902,2.2282156944274902,0.0,0.0,0.0,0.0,0.0,0.0,0.0,0.0,0.0,0.0,0.0,0.0,0.0,1.0,1.0,0.0,0,0,0,0,0,0,0,0.0,0.0,0.0,0.0
2,700,0,dpga,roi_shared,0.026334792375564575,0.0,global_ddp_mean,2,0.0,1.959619164466858,1.959619164466858,0.0,0.0,0.0,0.0,0.0,0.0,0.0,0.0,0.0,0.0,0.0,0.0,0.0,1.0,1.0,0.0,0,0,0,0,0,0,0,0.0,0.0,0.0,0.0
2,700,0,dpga,roi_cls,0.026334792375564575,0.0,global_ddp_mean,2,0.0,2.395285129547119,2.395285129547119,0.0,0.0,0.0,0.0,0.0,0.0,0.0,0.0,0.0,0.0,0.0,0.0,0.0,1.0,1.0,0.0,0,0,0,0,0,0,0,0.0,0.0,0.0,0.0
2,700,0,dpga,roi_reg,0.026334792375564575,0.0,global_ddp_mean,2,0.0,0.05846114456653595,0.05846114456653595,0.0,0.0,0.0,0.0,0.0,0.0,0.0,0.0,0.0,0.0,0.0,0.0,0.0,1.0,1.0,0.0,0,0,0,0,0,0,0,0.0,0.0,0.0,0.0
2,800,0,dpga,backbone,0.476921021938324,-0.0,global_ddp_mean,2,0.0,10.576226234436035,10.576226234436035,0.0,0.0,0.0,0.0,0.0,0.0,0.0,0.0,0.0,0.0,0.0,0.0,0.0,1.0,1.0,0.0,0,0,0,0,0,0,0,0.0,0.0,0.0,0.0
2,800,0,dpga,fpn,0.476921021938324,-0.0,global_ddp_mean,2,0.0,2.317227363586426,2.317227363586426,0.0,0.0,0.0,0.0,0.0,0.0,0.0,0.0,0.0,0.0,0.0,0.0,0.0,1.0,1.0,0.0,0,0,0,0,0,0,0,0.0,0.0,0.0,0.0
2,800,0,dpga,rpn,0.476921021938324,-0.0,global_ddp_mean,2,0.0,5.342027187347412,5.342027187347412,0.0,0.0,0.0,0.0,0.0,0.0,0.0,0.0,0.0,0.0,0.0,0.0,0.0,1.0,1.0,0.0,0,0,0,0,0,0,0,0.0,0.0,0.0,0.0
2,800,0,dpga,roi_shared,0.476921021938324,-0.0,global_ddp_mean,2,0.0,1.948340654373169,1.948340654373169,0.0,0.0,0.0,0.0,0.0,0.0,0.0,0.0,0.0,0.0,0.0,0.0,0.0,1.0,1.0,0.0,0,0,0,0,0,0,0,0.0,0.0,0.0,0.0
2,800,0,dpga,roi_cls,0.476921021938324,-0.0,global_ddp_mean,2,0.0,1.4107803106307983,1.4107803106307983,0.0,0.0,0.0,0.0,0.0,0.0,0.0,0.0,0.0,0.0,0.0,0.0,0.0,1.0,1.0,0.0,0,0,0,0,0,0,0,0.0,0.0,0.0,0.0
2,800,0,dpga,roi_reg,0.476921021938324,-0.0,global_ddp_mean,2,0.0,1.0973519086837769,1.0973519086837769,0.0,0.0,0.0,0.0,0.0,0.0,0.0,0.0,0.0,0.0,0.0,0.0,0.0,1.0,1.0,0.0,0,0,0,0,0,0,0,0.0,0.0,0.0,0.0
2,900,0,dpga,backbone,0.11947216093540192,-0.0,global_ddp_mean,2,0.0,8.986224174499512,8.986224174499512,0.0,0.0,0.0,0.0,0.0,0.0,0.0,0.0,0.0,0.0,0.0,0.0,0.0,1.0,1.0,0.0,0,0,0,0,0,0,0,0.0,0.0,0.0,0.0
2,900,0,dpga,fpn,0.11947216093540192,-0.0,global_ddp_mean,2,0.0,1.2929891347885132,1.2929891347885132,0.0,0.0,0.0,0.0,0.0,0.0,0.0,0.0,0.0,0.0,0.0,0.0,0.0,1.0,1.0,0.0,0,0,0,0,0,0,0,0.0,0.0,0.0,0.0
2,900,0,dpga,rpn,0.11947216093540192,-0.0,global_ddp_mean,2,0.0,2.1763830184936523,2.1763830184936523,0.0,0.0,0.0,0.0,0.0,0.0,0.0,0.0,0.0,0.0,0.0,0.0,0.0,1.0,1.0,0.0,0,0,0,0,0,0,0,0.0,0.0,0.0,0.0
2,900,0,dpga,roi_shared,0.11947216093540192,-0.0,global_ddp_mean,2,0.0,2.3008623123168945,2.3008623123168945,0.0,0.0,0.0,0.0,0.0,0.0,0.0,0.0,0.0,0.0,0.0,0.0,0.0,1.0,1.0,0.0,0,0,0,0,0,0,0,0.0,0.0,0.0,0.0
2,900,0,dpga,roi_cls,0.11947216093540192,-0.0,global_ddp_mean,2,0.0,2.6425230503082275,2.6425230503082275,0.0,0.0,0.0,0.0,0.0,0.0,0.0,0.0,0.0,0.0,0.0,0.0,0.0,1.0,1.0,0.0,0,0,0,0,0,0,0,0.0,0.0,0.0,0.0
2,900,0,dpga,roi_reg,0.11947216093540192,-0.0,global_ddp_mean,2,0.0,1.2805495262145996,1.2805495262145996,0.0,0.0,0.0,0.0,0.0,0.0,0.0,0.0,0.0,0.0,0.0,0.0,0.0,1.0,1.0,0.0,0,0,0,0,0,0,0,0.0,0.0,0.0,0.0
2,1000,0,dpga,backbone,0.3497135639190674,0.0,global_ddp_mean,2,0.0,16.192468643188477,16.192468643188477,0.0,0.0,0.0,0.0,0.0,0.0,0.0,0.0,0.0,0.0,0.0,0.0,0.0,1.0,1.0,0.0,0,0,0,0,0,0,0,0.0,0.0,0.0,0.0
2,1000,0,dpga,fpn,0.3497135639190674,0.0,global_ddp_mean,2,0.0,2.4313764572143555,2.4313764572143555,0.0,0.0,0.0,0.0,0.0,0.0,0.0,0.0,0.0,0.0,0.0,0.0,0.0,1.0,1.0,0.0,0,0,0,0,0,0,0,0.0,0.0,0.0,0.0
2,1000,0,dpga,rpn,0.3497135639190674,0.0,global_ddp_mean,2,0.0,3.5653140544891357,3.5653140544891357,0.0,0.0,0.0,0.0,0.0,0.0,0.0,0.0,0.0,0.0,0.0,0.0,0.0,1.0,1.0,0.0,0,0,0,0,0,0,0,0.0,0.0,0.0,0.0
2,1000,0,dpga,roi_shared,0.3497135639190674,0.0,global_ddp_mean,2,0.0,5.181386947631836,5.181386947631836,0.0,0.0,0.0,0.0,0.0,0.0,0.0,0.0,0.0,0.0,0.0,0.0,0.0,1.0,1.0,0.0,0,0,0,0,0,0,0,0.0,0.0,0.0,0.0
2,1000,0,dpga,roi_cls,0.3497135639190674,0.0,global_ddp_mean,2,0.0,5.928961277008057,5.928961277008057,0.0,0.0,0.0,0.0,0.0,0.0,0.0,0.0,0.0,0.0,0.0,0.0,0.0,1.0,1.0,0.0,0,0,0,0,0,0,0,0.0,0.0,0.0,0.0
2,1000,0,dpga,roi_reg,0.3497135639190674,0.0,global_ddp_mean,2,0.0,2.952855110168457,2.952855110168457,0.0,0.0,0.0,0.0,0.0,0.0,0.0,0.0,0.0,0.0,0.0,0.0,0.0,1.0,1.0,0.0,0,0,0,0,0,0,0,0.0,0.0,0.0,0.0
2,1100,0,dpga,backbone,0.4031082093715668,-0.0,global_ddp_mean,2,0.0,10.45233154296875,10.45233154296875,0.0,0.0,0.0,0.0,0.0,0.0,0.0,0.0,0.0,0.0,0.0,0.0,0.0,1.0,1.0,0.0,0,0,0,0,0,0,0,0.0,0.0,0.0,0.0
2,1100,0,dpga,fpn,0.4031082093715668,-0.0,global_ddp_mean,2,0.0,1.9602994918823242,1.9602994918823242,0.0,0.0,0.0,0.0,0.0,0.0,0.0,0.0,0.0,0.0,0.0,0.0,0.0,1.0,1.0,0.0,0,0,0,0,0,0,0,0.0,0.0,0.0,0.0
2,1100,0,dpga,rpn,0.4031082093715668,-0.0,global_ddp_mean,2,0.0,3.1294939517974854,3.1294939517974854,0.0,0.0,0.0,0.0,0.0,0.0,0.0,0.0,0.0,0.0,0.0,0.0,0.0,1.0,1.0,0.0,0,0,0,0,0,0,0,0.0,0.0,0.0,0.0
2,1100,0,dpga,roi_shared,0.4031082093715668,-0.0,global_ddp_mean,2,0.0,3.8474631309509277,3.8474631309509277,0.0,0.0,0.0,0.0,0.0,0.0,0.0,0.0,0.0,0.0,0.0,0.0,0.0,1.0,1.0,0.0,0,0,0,0,0,0,0,0.0,0.0,0.0,0.0
2,1100,0,dpga,roi_cls,0.4031082093715668,-0.0,global_ddp_mean,2,0.0,2.4984614849090576,2.4984614849090576,0.0,0.0,0.0,0.0,0.0,0.0,0.0,0.0,0.0,0.0,0.0,0.0,0.0,1.0,1.0,0.0,0,0,0,0,0,0,0,0.0,0.0,0.0,0.0
2,1100,0,dpga,roi_reg,0.4031082093715668,-0.0,global_ddp_mean,2,0.0,5.446086406707764,5.446086406707764,0.0,0.0,0.0,0.0,0.0,0.0,0.0,0.0,0.0,0.0,0.0,0.0,0.0,1.0,1.0,0.0,0,0,0,0,0,0,0,0.0,0.0,0.0,0.0
2,1200,0,dpga,backbone,0.26661545038223267,0.0,global_ddp_mean,2,0.0,12.567530632019043,12.567530632019043,0.0,0.0,0.0,0.0,0.0,0.0,0.0,0.0,0.0,0.0,0.0,0.0,0.0,1.0,1.0,0.0,0,0,0,0,0,0,0,0.0,0.0,0.0,0.0
2,1200,0,dpga,fpn,0.26661545038223267,0.0,global_ddp_mean,2,0.0,2.8835065364837646,2.8835065364837646,0.0,0.0,0.0,0.0,0.0,0.0,0.0,0.0,0.0,0.0,0.0,0.0,0.0,1.0,1.0,0.0,0,0,0,0,0,0,0,0.0,0.0,0.0,0.0
2,1200,0,dpga,rpn,0.26661545038223267,0.0,global_ddp_mean,2,0.0,3.3471529483795166,3.3471529483795166,0.0,0.0,0.0,0.0,0.0,0.0,0.0,0.0,0.0,0.0,0.0,0.0,0.0,1.0,1.0,0.0,0,0,0,0,0,0,0,0.0,0.0,0.0,0.0
2,1200,0,dpga,roi_shared,0.26661545038223267,0.0,global_ddp_mean,2,0.0,7.339003562927246,7.339003562927246,0.0,0.0,0.0,0.0,0.0,0.0,0.0,0.0,0.0,0.0,0.0,0.0,0.0,1.0,1.0,0.0,0,0,0,0,0,0,0,0.0,0.0,0.0,0.0
2,1200,0,dpga,roi_cls,0.26661545038223267,0.0,global_ddp_mean,2,0.0,8.10297966003418,8.10297966003418,0.0,0.0,0.0,0.0,0.0,0.0,0.0,0.0,0.0,0.0,0.0,0.0,0.0,1.0,1.0,0.0,0,0,0,0,0,0,0,0.0,0.0,0.0,0.0
2,1200,0,dpga,roi_reg,0.26661545038223267,0.0,global_ddp_mean,2,0.0,3.4639647006988525,3.4639647006988525,0.0,0.0,0.0,0.0,0.0,0.0,0.0,0.0,0.0,0.0,0.0,0.0,0.0,1.0,1.0,0.0,0,0,0,0,0,0,0,0.0,0.0,0.0,0.0
2,1300,0,dpga,backbone,0.2361466884613037,-0.0,global_ddp_mean,2,0.0,4.562458038330078,4.562458038330078,0.0,0.0,0.0,0.0,0.0,0.0,0.0,0.0,0.0,0.0,0.0,0.0,0.0,1.0,1.0,0.0,0,0,0,0,0,0,0,0.0,0.0,0.0,0.0
2,1300,0,dpga,fpn,0.2361466884613037,-0.0,global_ddp_mean,2,0.0,1.181070327758789,1.181070327758789,0.0,0.0,0.0,0.0,0.0,0.0,0.0,0.0,0.0,0.0,0.0,0.0,0.0,1.0,1.0,0.0,0,0,0,0,0,0,0,0.0,0.0,0.0,0.0
2,1300,0,dpga,rpn,0.2361466884613037,-0.0,global_ddp_mean,2,0.0,1.8872787952423096,1.8872787952423096,0.0,0.0,0.0,0.0,0.0,0.0,0.0,0.0,0.0,0.0,0.0,0.0,0.0,1.0,1.0,0.0,0,0,0,0,0,0,0,0.0,0.0,0.0,0.0
2,1300,0,dpga,roi_shared,0.2361466884613037,-0.0,global_ddp_mean,2,0.0,2.884392023086548,2.884392023086548,0.0,0.0,0.0,0.0,0.0,0.0,0.0,0.0,0.0,0.0,0.0,0.0,0.0,1.0,1.0,0.0,0,0,0,0,0,0,0,0.0,0.0,0.0,0.0
2,1300,0,dpga,roi_cls,0.2361466884613037,-0.0,global_ddp_mean,2,0.0,2.335394859313965,2.335394859313965,0.0,0.0,0.0,0.0,0.0,0.0,0.0,0.0,0.0,0.0,0.0,0.0,0.0,1.0,1.0,0.0,0,0,0,0,0,0,0,0.0,0.0,0.0,0.0
2,1300,0,dpga,roi_reg,0.2361466884613037,-0.0,global_ddp_mean,2,0.0,2.4342331886291504,2.4342331886291504,0.0,0.0,0.0,0.0,0.0,0.0,0.0,0.0,0.0,0.0,0.0,0.0,0.0,1.0,1.0,0.0,0,0,0,0,0,0,0,0.0,0.0,0.0,0.0
2,1400,0,dpga,backbone,0.4539167284965515,0.0,global_ddp_mean,2,0.0,8.631715774536133,8.631715774536133,0.0,0.0,0.0,0.0,0.0,0.0,0.0,0.0,0.0,0.0,0.0,0.0,0.0,1.0,1.0,0.0,0,0,0,0,0,0,0,0.0,0.0,0.0,0.0
2,1400,0,dpga,fpn,0.4539167284965515,0.0,global_ddp_mean,2,0.0,2.1140995025634766,2.1140995025634766,0.0,0.0,0.0,0.0,0.0,0.0,0.0,0.0,0.0,0.0,0.0,0.0,0.0,1.0,1.0,0.0,0,0,0,0,0,0,0,0.0,0.0,0.0,0.0
2,1400,0,dpga,rpn,0.4539167284965515,0.0,global_ddp_mean,2,0.0,3.0144169330596924,3.0144169330596924,0.0,0.0,0.0,0.0,0.0,0.0,0.0,0.0,0.0,0.0,0.0,0.0,0.0,1.0,1.0,0.0,0,0,0,0,0,0,0,0.0,0.0,0.0,0.0
2,1400,0,dpga,roi_shared,0.4539167284965515,0.0,global_ddp_mean,2,0.0,4.837050914764404,4.837050914764404,0.0,0.0,0.0,0.0,0.0,0.0,0.0,0.0,0.0,0.0,0.0,0.0,0.0,1.0,1.0,0.0,0,0,0,0,0,0,0,0.0,0.0,0.0,0.0
2,1400,0,dpga,roi_cls,0.4539167284965515,0.0,global_ddp_mean,2,0.0,4.601616382598877,4.601616382598877,0.0,0.0,0.0,0.0,0.0,0.0,0.0,0.0,0.0,0.0,0.0,0.0,0.0,1.0,1.0,0.0,0,0,0,0,0,0,0,0.0,0.0,0.0,0.0
2,1400,0,dpga,roi_reg,0.4539167284965515,0.0,global_ddp_mean,2,0.0,2.8202152252197266,2.8202152252197266,0.0,0.0,0.0,0.0,0.0,0.0,0.0,0.0,0.0,0.0,0.0,0.0,0.0,1.0,1.0,0.0,0,0,0,0,0,0,0,0.0,0.0,0.0,0.0
3,0,0,dpga,backbone,0.20233917236328125,0.0,global_ddp_mean,2,0.0,3.0528383255004883,3.0528383255004883,0.0,0.0,0.0,0.0,0.0,0.0,0.0,0.0,0.0,0.0,0.0,0.0,0.0,1.0,1.0,0.0,0,0,0,0,0,0,0,0.0,0.0,0.0,0.0
3,0,0,dpga,fpn,0.20233917236328125,0.0,global_ddp_mean,2,0.0,0.6957446336746216,0.6957446336746216,0.0,0.0,0.0,0.0,0.0,0.0,0.0,0.0,0.0,0.0,0.0,0.0,0.0,1.0,1.0,0.0,0,0,0,0,0,0,0,0.0,0.0,0.0,0.0
3,0,0,dpga,rpn,0.20233917236328125,0.0,global_ddp_mean,2,0.0,1.5810483694076538,1.5810483694076538,0.0,0.0,0.0,0.0,0.0,0.0,0.0,0.0,0.0,0.0,0.0,0.0,0.0,1.0,1.0,0.0,0,0,0,0,0,0,0,0.0,0.0,0.0,0.0
3,0,0,dpga,roi_shared,0.20233917236328125,0.0,global_ddp_mean,2,0.0,1.2115874290466309,1.2115874290466309,0.0,0.0,0.0,0.0,0.0,0.0,0.0,0.0,0.0,0.0,0.0,0.0,0.0,1.0,1.0,0.0,0,0,0,0,0,0,0,0.0,0.0,0.0,0.0
3,0,0,dpga,roi_cls,0.20233917236328125,0.0,global_ddp_mean,2,0.0,0.9094623923301697,0.9094623923301697,0.0,0.0,0.0,0.0,0.0,0.0,0.0,0.0,0.0,0.0,0.0,0.0,0.0,1.0,1.0,0.0,0,0,0,0,0,0,0,0.0,0.0,0.0,0.0
3,0,0,dpga,roi_reg,0.20233917236328125,0.0,global_ddp_mean,2,0.0,1.0491915941238403,1.0491915941238403,0.0,0.0,0.0,0.0,0.0,0.0,0.0,0.0,0.0,0.0,0.0,0.0,0.0,1.0,1.0,0.0,0,0,0,0,0,0,0,0.0,0.0,0.0,0.0
3,100,0,dpga,backbone,0.026065358892083168,0.0,global_ddp_mean,2,0.0,35.53776550292969,35.53776550292969,0.0,0.0,0.0,0.0,0.0,0.0,0.0,0.0,0.0,0.0,0.0,0.0,0.0,1.0,1.0,0.0,0,0,0,0,0,0,0,0.0,0.0,0.0,0.0
3,100,0,dpga,fpn,0.026065358892083168,0.0,global_ddp_mean,2,0.0,2.5736355781555176,2.5736355781555176,0.0,0.0,0.0,0.0,0.0,0.0,0.0,0.0,0.0,0.0,0.0,0.0,0.0,1.0,1.0,0.0,0,0,0,0,0,0,0,0.0,0.0,0.0,0.0
3,100,0,dpga,rpn,0.026065358892083168,0.0,global_ddp_mean,2,0.0,5.721344470977783,5.721344470977783,0.0,0.0,0.0,0.0,0.0,0.0,0.0,0.0,0.0,0.0,0.0,0.0,0.0,1.0,1.0,0.0,0,0,0,0,0,0,0,0.0,0.0,0.0,0.0
3,100,0,dpga,roi_shared,0.026065358892083168,0.0,global_ddp_mean,2,0.0,5.1905903816223145,5.1905903816223145,0.0,0.0,0.0,0.0,0.0,0.0,0.0,0.0,0.0,0.0,0.0,0.0,0.0,1.0,1.0,0.0,0,0,0,0,0,0,0,0.0,0.0,0.0,0.0
3,100,0,dpga,roi_cls,0.026065358892083168,0.0,global_ddp_mean,2,0.0,4.866631031036377,4.866631031036377,0.0,0.0,0.0,0.0,0.0,0.0,0.0,0.0,0.0,0.0,0.0,0.0,0.0,1.0,1.0,0.0,0,0,0,0,0,0,0,0.0,0.0,0.0,0.0
3,100,0,dpga,roi_reg,0.026065358892083168,0.0,global_ddp_mean,2,0.0,1.4054241180419922,1.4054241180419922,0.0,0.0,0.0,0.0,0.0,0.0,0.0,0.0,0.0,0.0,0.0,0.0,0.0,1.0,1.0,0.0,0,0,0,0,0,0,0,0.0,0.0,0.0,0.0
3,200,0,dpga,backbone,0.030343811959028244,0.0,global_ddp_mean,2,0.0,8.82504653930664,8.82504653930664,0.0,0.0,0.0,0.0,0.0,0.0,0.0,0.0,0.0,0.0,0.0,0.0,0.0,1.0,1.0,0.0,0,0,0,0,0,0,0,0.0,0.0,0.0,0.0
3,200,0,dpga,fpn,0.030343811959028244,0.0,global_ddp_mean,2,0.0,1.992114782333374,1.992114782333374,0.0,0.0,0.0,0.0,0.0,0.0,0.0,0.0,0.0,0.0,0.0,0.0,0.0,1.0,1.0,0.0,0,0,0,0,0,0,0,0.0,0.0,0.0,0.0
3,200,0,dpga,rpn,0.030343811959028244,0.0,global_ddp_mean,2,0.0,2.278961420059204,2.278961420059204,0.0,0.0,0.0,0.0,0.0,0.0,0.0,0.0,0.0,0.0,0.0,0.0,0.0,1.0,1.0,0.0,0,0,0,0,0,0,0,0.0,0.0,0.0,0.0
3,200,0,dpga,roi_shared,0.030343811959028244,0.0,global_ddp_mean,2,0.0,4.977238655090332,4.977238655090332,0.0,0.0,0.0,0.0,0.0,0.0,0.0,0.0,0.0,0.0,0.0,0.0,0.0,1.0,1.0,0.0,0,0,0,0,0,0,0,0.0,0.0,0.0,0.0
3,200,0,dpga,roi_cls,0.030343811959028244,0.0,global_ddp_mean,2,0.0,5.578604698181152,5.578604698181152,0.0,0.0,0.0,0.0,0.0,0.0,0.0,0.0,0.0,0.0,0.0,0.0,0.0,1.0,1.0,0.0,0,0,0,0,0,0,0,0.0,0.0,0.0,0.0
3,200,0,dpga,roi_reg,0.030343811959028244,0.0,global_ddp_mean,2,0.0,0.08025717735290527,0.08025717735290527,0.0,0.0,0.0,0.0,0.0,0.0,0.0,0.0,0.0,0.0,0.0,0.0,0.0,1.0,1.0,0.0,0,0,0,0,0,0,0,0.0,0.0,0.0,0.0
3,300,0,dpga,backbone,1.381056785583496,0.0,global_ddp_mean,2,0.0,35.729129791259766,35.729129791259766,0.0,0.0,0.0,0.0,0.0,0.0,0.0,0.0,0.0,0.0,0.0,0.0,0.0,1.0,1.0,0.0,0,0,0,0,0,0,0,0.0,0.0,0.0,0.0
3,300,0,dpga,fpn,1.381056785583496,0.0,global_ddp_mean,2,0.0,10.153337478637695,10.153337478637695,0.0,0.0,0.0,0.0,0.0,0.0,0.0,0.0,0.0,0.0,0.0,0.0,0.0,1.0,1.0,0.0,0,0,0,0,0,0,0,0.0,0.0,0.0,0.0
3,300,0,dpga,rpn,1.381056785583496,0.0,global_ddp_mean,2,0.0,12.871941566467285,12.871941566467285,0.0,0.0,0.0,0.0,0.0,0.0,0.0,0.0,0.0,0.0,0.0,0.0,0.0,1.0,1.0,0.0,0,0,0,0,0,0,0,0.0,0.0,0.0,0.0
3,300,0,dpga,roi_shared,1.381056785583496,0.0,global_ddp_mean,2,0.0,23.46218490600586,23.46218490600586,0.0,0.0,0.0,0.0,0.0,0.0,0.0,0.0,0.0,0.0,0.0,0.0,0.0,1.0,1.0,0.0,0,0,0,0,0,0,0,0.0,0.0,0.0,0.0
3,300,0,dpga,roi_cls,1.381056785583496,0.0,global_ddp_mean,2,0.0,25.479549407958984,25.479549407958984,0.0,0.0,0.0,0.0,0.0,0.0,0.0,0.0,0.0,0.0,0.0,0.0,0.0,1.0,1.0,0.0,0,0,0,0,0,0,0,0.0,0.0,0.0,0.0
3,300,0,dpga,roi_reg,1.381056785583496,0.0,global_ddp_mean,2,0.0,12.564531326293945,12.564531326293945,0.0,0.0,0.0,0.0,0.0,0.0,0.0,0.0,0.0,0.0,0.0,0.0,0.0,1.0,1.0,0.0,0,0,0,0,0,0,0,0.0,0.0,0.0,0.0
3,400,0,dpga,backbone,0.08344097435474396,0.0,global_ddp_mean,2,0.0,7.851090431213379,7.851090431213379,0.0,0.0,0.0,0.0,0.0,0.0,0.0,0.0,0.0,0.0,0.0,0.0,0.0,1.0,1.0,0.0,0,0,0,0,0,0,0,0.0,0.0,0.0,0.0
3,400,0,dpga,fpn,0.08344097435474396,0.0,global_ddp_mean,2,0.0,2.0795669555664062,2.0795669555664062,0.0,0.0,0.0,0.0,0.0,0.0,0.0,0.0,0.0,0.0,0.0,0.0,0.0,1.0,1.0,0.0,0,0,0,0,0,0,0,0.0,0.0,0.0,0.0
3,400,0,dpga,rpn,0.08344097435474396,0.0,global_ddp_mean,2,0.0,2.0381956100463867,2.0381956100463867,0.0,0.0,0.0,0.0,0.0,0.0,0.0,0.0,0.0,0.0,0.0,0.0,0.0,1.0,1.0,0.0,0,0,0,0,0,0,0,0.0,0.0,0.0,0.0
3,400,0,dpga,roi_shared,0.08344097435474396,0.0,global_ddp_mean,2,0.0,5.243262767791748,5.243262767791748,0.0,0.0,0.0,0.0,0.0,0.0,0.0,0.0,0.0,0.0,0.0,0.0,0.0,1.0,1.0,0.0,0,0,0,0,0,0,0,0.0,0.0,0.0,0.0
3,400,0,dpga,roi_cls,0.08344097435474396,0.0,global_ddp_mean,2,0.0,4.974496841430664,4.974496841430664,0.0,0.0,0.0,0.0,0.0,0.0,0.0,0.0,0.0,0.0,0.0,0.0,0.0,1.0,1.0,0.0,0,0,0,0,0,0,0,0.0,0.0,0.0,0.0
3,400,0,dpga,roi_reg,0.08344097435474396,0.0,global_ddp_mean,2,0.0,1.9135791063308716,1.9135791063308716,0.0,0.0,0.0,0.0,0.0,0.0,0.0,0.0,0.0,0.0,0.0,0.0,0.0,1.0,1.0,0.0,0,0,0,0,0,0,0,0.0,0.0,0.0,0.0
3,500,0,dpga,backbone,0.9095414876937866,0.0,global_ddp_mean,2,0.0,22.877586364746094,22.877586364746094,0.0,0.0,0.0,0.0,0.0,0.0,0.0,0.0,0.0,0.0,0.0,0.0,0.0,1.0,1.0,0.0,0,0,0,0,0,0,0,0.0,0.0,0.0,0.0
3,500,0,dpga,fpn,0.9095414876937866,0.0,global_ddp_mean,2,0.0,7.769270420074463,7.769270420074463,0.0,0.0,0.0,0.0,0.0,0.0,0.0,0.0,0.0,0.0,0.0,0.0,0.0,1.0,1.0,0.0,0,0,0,0,0,0,0,0.0,0.0,0.0,0.0
3,500,0,dpga,rpn,0.9095414876937866,0.0,global_ddp_mean,2,0.0,13.24920654296875,13.24920654296875,0.0,0.0,0.0,0.0,0.0,0.0,0.0,0.0,0.0,0.0,0.0,0.0,0.0,1.0,1.0,0.0,0,0,0,0,0,0,0,0.0,0.0,0.0,0.0
3,500,0,dpga,roi_shared,0.9095414876937866,0.0,global_ddp_mean,2,0.0,19.203075408935547,19.203075408935547,0.0,0.0,0.0,0.0,0.0,0.0,0.0,0.0,0.0,0.0,0.0,0.0,0.0,1.0,1.0,0.0,0,0,0,0,0,0,0,0.0,0.0,0.0,0.0
3,500,0,dpga,roi_cls,0.9095414876937866,0.0,global_ddp_mean,2,0.0,22.873994827270508,22.873994827270508,0.0,0.0,0.0,0.0,0.0,0.0,0.0,0.0,0.0,0.0,0.0,0.0,0.0,1.0,1.0,0.0,0,0,0,0,0,0,0,0.0,0.0,0.0,0.0
3,500,0,dpga,roi_reg,0.9095414876937866,0.0,global_ddp_mean,2,0.0,18.733856201171875,18.733856201171875,0.0,0.0,0.0,0.0,0.0,0.0,0.0,0.0,0.0,0.0,0.0,0.0,0.0,1.0,1.0,0.0,0,0,0,0,0,0,0,0.0,0.0,0.0,0.0
3,600,0,dpga,backbone,0.9010461568832397,-0.0,global_ddp_mean,2,0.0,16.284273147583008,16.284273147583008,0.0,0.0,0.0,0.0,0.0,0.0,0.0,0.0,0.0,0.0,0.0,0.0,0.0,1.0,1.0,0.0,0,0,0,0,0,0,0,0.0,0.0,0.0,0.0
3,600,0,dpga,fpn,0.9010461568832397,-0.0,global_ddp_mean,2,0.0,3.9435718059539795,3.9435718059539795,0.0,0.0,0.0,0.0,0.0,0.0,0.0,0.0,0.0,0.0,0.0,0.0,0.0,1.0,1.0,0.0,0,0,0,0,0,0,0,0.0,0.0,0.0,0.0
3,600,0,dpga,rpn,0.9010461568832397,-0.0,global_ddp_mean,2,0.0,5.723042964935303,5.723042964935303,0.0,0.0,0.0,0.0,0.0,0.0,0.0,0.0,0.0,0.0,0.0,0.0,0.0,1.0,1.0,0.0,0,0,0,0,0,0,0,0.0,0.0,0.0,0.0
3,600,0,dpga,roi_shared,0.9010461568832397,-0.0,global_ddp_mean,2,0.0,8.657376289367676,8.657376289367676,0.0,0.0,0.0,0.0,0.0,0.0,0.0,0.0,0.0,0.0,0.0,0.0,0.0,1.0,1.0,0.0,0,0,0,0,0,0,0,0.0,0.0,0.0,0.0
3,600,0,dpga,roi_cls,0.9010461568832397,-0.0,global_ddp_mean,2,0.0,6.079089164733887,6.079089164733887,0.0,0.0,0.0,0.0,0.0,0.0,0.0,0.0,0.0,0.0,0.0,0.0,0.0,1.0,1.0,0.0,0,0,0,0,0,0,0,0.0,0.0,0.0,0.0
3,600,0,dpga,roi_reg,0.9010461568832397,-0.0,global_ddp_mean,2,0.0,10.9566650390625,10.9566650390625,0.0,0.0,0.0,0.0,0.0,0.0,0.0,0.0,0.0,0.0,0.0,0.0,0.0,1.0,1.0,0.0,0,0,0,0,0,0,0,0.0,0.0,0.0,0.0
3,700,0,dpga,backbone,0.03790608048439026,0.0,global_ddp_mean,2,0.0,18.24026870727539,18.24026870727539,0.0,0.0,0.0,0.0,0.0,0.0,0.0,0.0,0.0,0.0,0.0,0.0,0.0,1.0,1.0,0.0,0,0,0,0,0,0,0,0.0,0.0,0.0,0.0
3,700,0,dpga,fpn,0.03790608048439026,0.0,global_ddp_mean,2,0.0,2.3976402282714844,2.3976402282714844,0.0,0.0,0.0,0.0,0.0,0.0,0.0,0.0,0.0,0.0,0.0,0.0,0.0,1.0,1.0,0.0,0,0,0,0,0,0,0,0.0,0.0,0.0,0.0
3,700,0,dpga,rpn,0.03790608048439026,0.0,global_ddp_mean,2,0.0,4.921602725982666,4.921602725982666,0.0,0.0,0.0,0.0,0.0,0.0,0.0,0.0,0.0,0.0,0.0,0.0,0.0,1.0,1.0,0.0,0,0,0,0,0,0,0,0.0,0.0,0.0,0.0
3,700,0,dpga,roi_shared,0.03790608048439026,0.0,global_ddp_mean,2,0.0,4.809229850769043,4.809229850769043,0.0,0.0,0.0,0.0,0.0,0.0,0.0,0.0,0.0,0.0,0.0,0.0,0.0,1.0,1.0,0.0,0,0,0,0,0,0,0,0.0,0.0,0.0,0.0
3,700,0,dpga,roi_cls,0.03790608048439026,0.0,global_ddp_mean,2,0.0,4.636098384857178,4.636098384857178,0.0,0.0,0.0,0.0,0.0,0.0,0.0,0.0,0.0,0.0,0.0,0.0,0.0,1.0,1.0,0.0,0,0,0,0,0,0,0,0.0,0.0,0.0,0.0
3,700,0,dpga,roi_reg,0.03790608048439026,0.0,global_ddp_mean,2,0.0,2.4112539291381836,2.4112539291381836,0.0,0.0,0.0,0.0,0.0,0.0,0.0,0.0,0.0,0.0,0.0,0.0,0.0,1.0,1.0,0.0,0,0,0,0,0,0,0,0.0,0.0,0.0,0.0
3,800,0,dpga,backbone,0.3827821612358093,0.0,global_ddp_mean,2,0.0,7.340693950653076,7.340693950653076,0.0,0.0,0.0,0.0,0.0,0.0,0.0,0.0,0.0,0.0,0.0,0.0,0.0,1.0,1.0,0.0,0,0,0,0,0,0,0,0.0,0.0,0.0,0.0
3,800,0,dpga,fpn,0.3827821612358093,0.0,global_ddp_mean,2,0.0,1.610059142112732,1.610059142112732,0.0,0.0,0.0,0.0,0.0,0.0,0.0,0.0,0.0,0.0,0.0,0.0,0.0,1.0,1.0,0.0,0,0,0,0,0,0,0,0.0,0.0,0.0,0.0
3,800,0,dpga,rpn,0.3827821612358093,0.0,global_ddp_mean,2,0.0,3.6360225677490234,3.6360225677490234,0.0,0.0,0.0,0.0,0.0,0.0,0.0,0.0,0.0,0.0,0.0,0.0,0.0,1.0,1.0,0.0,0,0,0,0,0,0,0,0.0,0.0,0.0,0.0
3,800,0,dpga,roi_shared,0.3827821612358093,0.0,global_ddp_mean,2,0.0,3.3053367137908936,3.3053367137908936,0.0,0.0,0.0,0.0,0.0,0.0,0.0,0.0,0.0,0.0,0.0,0.0,0.0,1.0,1.0,0.0,0,0,0,0,0,0,0,0.0,0.0,0.0,0.0
3,800,0,dpga,roi_cls,0.3827821612358093,0.0,global_ddp_mean,2,0.0,2.5647494792938232,2.5647494792938232,0.0,0.0,0.0,0.0,0.0,0.0,0.0,0.0,0.0,0.0,0.0,0.0,0.0,1.0,1.0,0.0,0,0,0,0,0,0,0,0.0,0.0,0.0,0.0
3,800,0,dpga,roi_reg,0.3827821612358093,0.0,global_ddp_mean,2,0.0,2.2578630447387695,2.2578630447387695,0.0,0.0,0.0,0.0,0.0,0.0,0.0,0.0,0.0,0.0,0.0,0.0,0.0,1.0,1.0,0.0,0,0,0,0,0,0,0,0.0,0.0,0.0,0.0
3,900,0,dpga,backbone,0.5079813599586487,0.0,global_ddp_mean,2,0.0,11.703754425048828,11.703754425048828,0.0,0.0,0.0,0.0,0.0,0.0,0.0,0.0,0.0,0.0,0.0,0.0,0.0,1.0,1.0,0.0,0,0,0,0,0,0,0,0.0,0.0,0.0,0.0
3,900,0,dpga,fpn,0.5079813599586487,0.0,global_ddp_mean,2,0.0,2.7618041038513184,2.7618041038513184,0.0,0.0,0.0,0.0,0.0,0.0,0.0,0.0,0.0,0.0,0.0,0.0,0.0,1.0,1.0,0.0,0,0,0,0,0,0,0,0.0,0.0,0.0,0.0
3,900,0,dpga,rpn,0.5079813599586487,0.0,global_ddp_mean,2,0.0,1.6840183734893799,1.6840183734893799,0.0,0.0,0.0,0.0,0.0,0.0,0.0,0.0,0.0,0.0,0.0,0.0,0.0,1.0,1.0,0.0,0,0,0,0,0,0,0,0.0,0.0,0.0,0.0
3,900,0,dpga,roi_shared,0.5079813599586487,0.0,global_ddp_mean,2,0.0,6.142109394073486,6.142109394073486,0.0,0.0,0.0,0.0,0.0,0.0,0.0,0.0,0.0,0.0,0.0,0.0,0.0,1.0,1.0,0.0,0,0,0,0,0,0,0,0.0,0.0,0.0,0.0
3,900,0,dpga,roi_cls,0.5079813599586487,0.0,global_ddp_mean,2,0.0,5.8143415451049805,5.8143415451049805,0.0,0.0,0.0,0.0,0.0,0.0,0.0,0.0,0.0,0.0,0.0,0.0,0.0,1.0,1.0,0.0,0,0,0,0,0,0,0,0.0,0.0,0.0,0.0
3,900,0,dpga,roi_reg,0.5079813599586487,0.0,global_ddp_mean,2,0.0,2.166473388671875,2.166473388671875,0.0,0.0,0.0,0.0,0.0,0.0,0.0,0.0,0.0,0.0,0.0,0.0,0.0,1.0,1.0,0.0,0,0,0,0,0,0,0,0.0,0.0,0.0,0.0
3,1000,0,dpga,backbone,0.0032278401777148247,0.0,global_ddp_mean,2,0.0,13.00461483001709,13.00461483001709,0.0,0.0,0.0,0.0,0.0,0.0,0.0,0.0,0.0,0.0,0.0,0.0,0.0,1.0,1.0,0.0,0,0,0,0,0,0,0,0.0,0.0,0.0,0.0
3,1000,0,dpga,fpn,0.0032278401777148247,0.0,global_ddp_mean,2,0.0,0.7476983070373535,0.7476983070373535,0.0,0.0,0.0,0.0,0.0,0.0,0.0,0.0,0.0,0.0,0.0,0.0,0.0,1.0,1.0,0.0,0,0,0,0,0,0,0,0.0,0.0,0.0,0.0
3,1000,0,dpga,rpn,0.0032278401777148247,0.0,global_ddp_mean,2,0.0,1.6512551307678223,1.6512551307678223,0.0,0.0,0.0,0.0,0.0,0.0,0.0,0.0,0.0,0.0,0.0,0.0,0.0,1.0,1.0,0.0,0,0,0,0,0,0,0,0.0,0.0,0.0,0.0
3,1000,0,dpga,roi_shared,0.0032278401777148247,0.0,global_ddp_mean,2,0.0,0.5705894827842712,0.5705894827842712,0.0,0.0,0.0,0.0,0.0,0.0,0.0,0.0,0.0,0.0,0.0,0.0,0.0,1.0,1.0,0.0,0,0,0,0,0,0,0,0.0,0.0,0.0,0.0
3,1000,0,dpga,roi_cls,0.0032278401777148247,0.0,global_ddp_mean,2,0.0,0.41682136058807373,0.41682136058807373,0.0,0.0,0.0,0.0,0.0,0.0,0.0,0.0,0.0,0.0,0.0,0.0,0.0,1.0,1.0,0.0,0,0,0,0,0,0,0,0.0,0.0,0.0,0.0
3,1000,0,dpga,roi_reg,0.0032278401777148247,0.0,global_ddp_mean,2,0.0,0.38242945075035095,0.38242945075035095,0.0,0.0,0.0,0.0,0.0,0.0,0.0,0.0,0.0,0.0,0.0,0.0,0.0,1.0,1.0,0.0,0,0,0,0,0,0,0,0.0,0.0,0.0,0.0
3,1100,0,dpga,backbone,0.09769555926322937,-0.0,global_ddp_mean,2,0.0,11.54709529876709,11.54709529876709,0.0,0.0,0.0,0.0,0.0,0.0,0.0,0.0,0.0,0.0,0.0,0.0,0.0,1.0,1.0,0.0,0,0,0,0,0,0,0,0.0,0.0,0.0,0.0
3,1100,0,dpga,fpn,0.09769555926322937,-0.0,global_ddp_mean,2,0.0,2.570091724395752,2.570091724395752,0.0,0.0,0.0,0.0,0.0,0.0,0.0,0.0,0.0,0.0,0.0,0.0,0.0,1.0,1.0,0.0,0,0,0,0,0,0,0,0.0,0.0,0.0,0.0
3,1100,0,dpga,rpn,0.09769555926322937,-0.0,global_ddp_mean,2,0.0,1.0277910232543945,1.0277910232543945,0.0,0.0,0.0,0.0,0.0,0.0,0.0,0.0,0.0,0.0,0.0,0.0,0.0,1.0,1.0,0.0,0,0,0,0,0,0,0,0.0,0.0,0.0,0.0
3,1100,0,dpga,roi_shared,0.09769555926322937,-0.0,global_ddp_mean,2,0.0,6.209171772003174,6.209171772003174,0.0,0.0,0.0,0.0,0.0,0.0,0.0,0.0,0.0,0.0,0.0,0.0,0.0,1.0,1.0,0.0,0,0,0,0,0,0,0,0.0,0.0,0.0,0.0
3,1100,0,dpga,roi_cls,0.09769555926322937,-0.0,global_ddp_mean,2,0.0,6.669926166534424,6.669926166534424,0.0,0.0,0.0,0.0,0.0,0.0,0.0,0.0,0.0,0.0,0.0,0.0,0.0,1.0,1.0,0.0,0,0,0,0,0,0,0,0.0,0.0,0.0,0.0
3,1100,0,dpga,roi_reg,0.09769555926322937,-0.0,global_ddp_mean,2,0.0,0.5707591772079468,0.5707591772079468,0.0,0.0,0.0,0.0,0.0,0.0,0.0,0.0,0.0,0.0,0.0,0.0,0.0,1.0,1.0,0.0,0,0,0,0,0,0,0,0.0,0.0,0.0,0.0
3,1200,0,dpga,backbone,0.1381758451461792,0.0,global_ddp_mean,2,0.0,5.8571624755859375,5.8571624755859375,0.0,0.0,0.0,0.0,0.0,0.0,0.0,0.0,0.0,0.0,0.0,0.0,0.0,1.0,1.0,0.0,0,0,0,0,0,0,0,0.0,0.0,0.0,0.0
3,1200,0,dpga,fpn,0.1381758451461792,0.0,global_ddp_mean,2,0.0,1.2225902080535889,1.2225902080535889,0.0,0.0,0.0,0.0,0.0,0.0,0.0,0.0,0.0,0.0,0.0,0.0,0.0,1.0,1.0,0.0,0,0,0,0,0,0,0,0.0,0.0,0.0,0.0
3,1200,0,dpga,rpn,0.1381758451461792,0.0,global_ddp_mean,2,0.0,3.179762125015259,3.179762125015259,0.0,0.0,0.0,0.0,0.0,0.0,0.0,0.0,0.0,0.0,0.0,0.0,0.0,1.0,1.0,0.0,0,0,0,0,0,0,0,0.0,0.0,0.0,0.0
3,1200,0,dpga,roi_shared,0.1381758451461792,0.0,global_ddp_mean,2,0.0,2.0384697914123535,2.0384697914123535,0.0,0.0,0.0,0.0,0.0,0.0,0.0,0.0,0.0,0.0,0.0,0.0,0.0,1.0,1.0,0.0,0,0,0,0,0,0,0,0.0,0.0,0.0,0.0
3,1200,0,dpga,roi_cls,0.1381758451461792,0.0,global_ddp_mean,2,0.0,1.3860950469970703,1.3860950469970703,0.0,0.0,0.0,0.0,0.0,0.0,0.0,0.0,0.0,0.0,0.0,0.0,0.0,1.0,1.0,0.0,0,0,0,0,0,0,0,0.0,0.0,0.0,0.0
3,1200,0,dpga,roi_reg,0.1381758451461792,0.0,global_ddp_mean,2,0.0,1.2581589221954346,1.2581589221954346,0.0,0.0,0.0,0.0,0.0,0.0,0.0,0.0,0.0,0.0,0.0,0.0,0.0,1.0,1.0,0.0,0,0,0,0,0,0,0,0.0,0.0,0.0,0.0
3,1300,0,dpga,backbone,0.7632654905319214,0.0,global_ddp_mean,2,0.0,27.0332088470459,27.0332088470459,0.0,0.0,0.0,0.0,0.0,0.0,0.0,0.0,0.0,0.0,0.0,0.0,0.0,1.0,1.0,0.0,0,0,0,0,0,0,0,0.0,0.0,0.0,0.0
3,1300,0,dpga,fpn,0.7632654905319214,0.0,global_ddp_mean,2,0.0,6.056628227233887,6.056628227233887,0.0,0.0,0.0,0.0,0.0,0.0,0.0,0.0,0.0,0.0,0.0,0.0,0.0,1.0,1.0,0.0,0,0,0,0,0,0,0,0.0,0.0,0.0,0.0
3,1300,0,dpga,rpn,0.7632654905319214,0.0,global_ddp_mean,2,0.0,5.8012375831604,5.8012375831604,0.0,0.0,0.0,0.0,0.0,0.0,0.0,0.0,0.0,0.0,0.0,0.0,0.0,1.0,1.0,0.0,0,0,0,0,0,0,0,0.0,0.0,0.0,0.0
3,1300,0,dpga,roi_shared,0.7632654905319214,0.0,global_ddp_mean,2,0.0,12.73319149017334,12.73319149017334,0.0,0.0,0.0,0.0,0.0,0.0,0.0,0.0,0.0,0.0,0.0,0.0,0.0,1.0,1.0,0.0,0,0,0,0,0,0,0,0.0,0.0,0.0,0.0
3,1300,0,dpga,roi_cls,0.7632654905319214,0.0,global_ddp_mean,2,0.0,12.196167945861816,12.196167945861816,0.0,0.0,0.0,0.0,0.0,0.0,0.0,0.0,0.0,0.0,0.0,0.0,0.0,1.0,1.0,0.0,0,0,0,0,0,0,0,0.0,0.0,0.0,0.0
3,1300,0,dpga,roi_reg,0.7632654905319214,0.0,global_ddp_mean,2,0.0,6.492902755737305,6.492902755737305,0.0,0.0,0.0,0.0,0.0,0.0,0.0,0.0,0.0,0.0,0.0,0.0,0.0,1.0,1.0,0.0,0,0,0,0,0,0,0,0.0,0.0,0.0,0.0
3,1400,0,dpga,backbone,0.04897419735789299,0.0,global_ddp_mean,2,0.0,9.278557777404785,9.278557777404785,0.0,0.0,0.0,0.0,0.0,0.0,0.0,0.0,0.0,0.0,0.0,0.0,0.0,1.0,1.0,0.0,0,0,0,0,0,0,0,0.0,0.0,0.0,0.0
3,1400,0,dpga,fpn,0.04897419735789299,0.0,global_ddp_mean,2,0.0,1.4222931861877441,1.4222931861877441,0.0,0.0,0.0,0.0,0.0,0.0,0.0,0.0,0.0,0.0,0.0,0.0,0.0,1.0,1.0,0.0,0,0,0,0,0,0,0,0.0,0.0,0.0,0.0
3,1400,0,dpga,rpn,0.04897419735789299,0.0,global_ddp_mean,2,0.0,3.348890781402588,3.348890781402588,0.0,0.0,0.0,0.0,0.0,0.0,0.0,0.0,0.0,0.0,0.0,0.0,0.0,1.0,1.0,0.0,0,0,0,0,0,0,0,0.0,0.0,0.0,0.0
3,1400,0,dpga,roi_shared,0.04897419735789299,0.0,global_ddp_mean,2,0.0,0.0,0.0,0.0,0.0,0.0,0.0,0.0,0.0,0.0,0.0,0.0,0.0,0.0,0.0,0.0,0.0,0.0,90.0,0,0,0,0,0,0,0,0.0,0.0,0.0,0.0
3,1400,0,dpga,roi_cls,0.04897419735789299,0.0,global_ddp_mean,2,0.0,0.0,0.0,0.0,0.0,0.0,0.0,0.0,0.0,0.0,0.0,0.0,0.0,0.0,0.0,0.0,0.0,0.0,90.0,0,0,0,0,0,0,0,0.0,0.0,0.0,0.0
3,1400,0,dpga,roi_reg,0.04897419735789299,0.0,global_ddp_mean,2,0.0,0.0,0.0,0.0,0.0,0.0,0.0,0.0,0.0,0.0,0.0,0.0,0.0,0.0,0.0,0.0,0.0,0.0,90.0,0,0,0,0,0,0,0,0.0,0.0,0.0,0.0
4,0,0,dpga,backbone,0.045800138264894485,0.0,global_ddp_mean,2,0.0,2.1478703022003174,2.1478703022003174,0.0,0.0,0.0,0.0,0.0,0.0,0.0,0.0,0.0,0.0,0.0,0.0,0.0,1.0,1.0,0.0,0,0,0,0,0,0,0,0.0,0.0,0.0,0.0
4,0,0,dpga,fpn,0.045800138264894485,0.0,global_ddp_mean,2,0.0,0.3319671154022217,0.3319671154022217,0.0,0.0,0.0,0.0,0.0,0.0,0.0,0.0,0.0,0.0,0.0,0.0,0.0,1.0,1.0,0.0,0,0,0,0,0,0,0,0.0,0.0,0.0,0.0
4,0,0,dpga,rpn,0.045800138264894485,0.0,global_ddp_mean,2,0.0,0.4118017256259918,0.4118017256259918,0.0,0.0,0.0,0.0,0.0,0.0,0.0,0.0,0.0,0.0,0.0,0.0,0.0,1.0,1.0,0.0,0,0,0,0,0,0,0,0.0,0.0,0.0,0.0
4,0,0,dpga,roi_shared,0.045800138264894485,0.0,global_ddp_mean,2,0.0,0.7150598764419556,0.7150598764419556,0.0,0.0,0.0,0.0,0.0,0.0,0.0,0.0,0.0,0.0,0.0,0.0,0.0,1.0,1.0,0.0,0,0,0,0,0,0,0,0.0,0.0,0.0,0.0
4,0,0,dpga,roi_cls,0.045800138264894485,0.0,global_ddp_mean,2,0.0,0.9126847982406616,0.9126847982406616,0.0,0.0,0.0,0.0,0.0,0.0,0.0,0.0,0.0,0.0,0.0,0.0,0.0,1.0,1.0,0.0,0,0,0,0,0,0,0,0.0,0.0,0.0,0.0
4,0,0,dpga,roi_reg,0.045800138264894485,0.0,global_ddp_mean,2,0.0,0.05150139331817627,0.05150139331817627,0.0,0.0,0.0,0.0,0.0,0.0,0.0,0.0,0.0,0.0,0.0,0.0,0.0,1.0,1.0,0.0,0,0,0,0,0,0,0,0.0,0.0,0.0,0.0
4,100,0,dpga,backbone,0.09821417927742004,-0.0,global_ddp_mean,2,0.0,6.4432692527771,6.4432692527771,0.0,0.0,0.0,0.0,0.0,0.0,0.0,0.0,0.0,0.0,0.0,0.0,0.0,1.0,1.0,0.0,0,0,0,0,0,0,0,0.0,0.0,0.00336247478143914,0.0
4,100,0,dpga,fpn,0.09821417927742004,-0.0,global_ddp_mean,2,0.0,1.0074535608291626,1.0074535608291626,0.0,0.0,0.0,0.0,0.0,0.0,0.0,0.0,0.0,0.0,0.0,0.0,0.0,1.0,1.0,0.0,0,0,0,0,0,0,0,0.0,0.0,0.00336247478143914,0.0
4,100,0,dpga,rpn,0.09821417927742004,-0.0,global_ddp_mean,2,0.0,1.7031822204589844,1.7031822204589844,0.0,0.0,0.0,0.0,0.0,0.0,0.0,0.0,0.0,0.0,0.0,0.0,0.0,1.0,1.0,0.0,0,0,0,0,0,0,0,0.0,0.0,0.00336247478143914,0.0
4,100,0,dpga,roi_shared,0.09821417927742004,-0.0,global_ddp_mean,2,0.0,1.957621455192566,1.957621455192566,0.0,0.0,0.0,0.0,0.0,0.0,0.0,0.0,0.0,0.0,0.0,0.0,0.0,1.0,1.0,0.0,0,0,0,0,0,0,0,0.0,0.0,0.00336247478143914,0.0
4,100,0,dpga,roi_cls,0.09821417927742004,-0.0,global_ddp_mean,2,0.0,1.802871823310852,1.802871823310852,0.0,0.0,0.0,0.0,0.0,0.0,0.0,0.0,0.0,0.0,0.0,0.0,0.0,1.0,1.0,0.0,0,0,0,0,0,0,0,0.0,0.0,0.00336247478143914,0.0
4,100,0,dpga,roi_reg,0.09821417927742004,-0.0,global_ddp_mean,2,0.0,1.1428581476211548,1.1428581476211548,0.0,0.0,0.0,0.0,0.0,0.0,0.0,0.0,0.0,0.0,0.0,0.0,0.0,1.0,1.0,0.0,0,0,0,0,0,0,0,0.0,0.0,0.00336247478143914,0.0
4,200,0,dpga,backbone,0.368990421295166,0.0,global_ddp_mean,2,0.0,6.470462799072266,6.470462799072266,0.0,0.0,0.0,0.0,0.0,0.0,0.0,0.0,0.0,0.0,0.0,0.0,0.0,1.0,1.0,0.0,0,0,0,0,0,0,0,0.0,0.0,0.00672494956287828,0.0
4,200,0,dpga,fpn,0.368990421295166,0.0,global_ddp_mean,2,0.0,1.802206039428711,1.802206039428711,0.0,0.0,0.0,0.0,0.0,0.0,0.0,0.0,0.0,0.0,0.0,0.0,0.0,1.0,1.0,0.0,0,0,0,0,0,0,0,0.0,0.0,0.00672494956287828,0.0
4,200,0,dpga,rpn,0.368990421295166,0.0,global_ddp_mean,2,0.0,0.47164809703826904,0.47164809703826904,0.0,0.0,0.0,0.0,0.0,0.0,0.0,0.0,0.0,0.0,0.0,0.0,0.0,1.0,1.0,0.0,0,0,0,0,0,0,0,0.0,0.0,0.00672494956287828,0.0
4,200,0,dpga,roi_shared,0.368990421295166,0.0,global_ddp_mean,2,0.0,4.22432804107666,4.22432804107666,0.0,0.0,0.0,0.0,0.0,0.0,0.0,0.0,0.0,0.0,0.0,0.0,0.0,1.0,1.0,0.0,0,0,0,0,0,0,0,0.0,0.0,0.00672494956287828,0.0
4,200,0,dpga,roi_cls,0.368990421295166,0.0,global_ddp_mean,2,0.0,3.7636117935180664,3.7636117935180664,0.0,0.0,0.0,0.0,0.0,0.0,0.0,0.0,0.0,0.0,0.0,0.0,0.0,1.0,1.0,0.0,0,0,0,0,0,0,0,0.0,0.0,0.00672494956287828,0.0
4,200,0,dpga,roi_reg,0.368990421295166,0.0,global_ddp_mean,2,0.0,1.871004581451416,1.871004581451416,0.0,0.0,0.0,0.0,0.0,0.0,0.0,0.0,0.0,0.0,0.0,0.0,0.0,1.0,1.0,0.0,0,0,0,0,0,0,0,0.0,0.0,0.00672494956287828,0.0
4,300,0,dpga,backbone,0.030784111469984055,0.0,global_ddp_mean,2,0.0,2.82593035697937,2.82593035697937,0.0,0.0,0.0,0.0,0.0,0.0,0.0,0.0,0.0,0.0,0.0,0.0,0.0,1.0,1.0,0.0,0,0,0,0,0,0,0,0.0,0.0,0.01008742434431742,0.0
4,300,0,dpga,fpn,0.030784111469984055,0.0,global_ddp_mean,2,0.0,0.6990283131599426,0.6990283131599426,0.0,0.0,0.0,0.0,0.0,0.0,0.0,0.0,0.0,0.0,0.0,0.0,0.0,1.0,1.0,0.0,0,0,0,0,0,0,0,0.0,0.0,0.01008742434431742,0.0
4,300,0,dpga,rpn,0.030784111469984055,0.0,global_ddp_mean,2,0.0,0.5021050572395325,0.5021050572395325,0.0,0.0,0.0,0.0,0.0,0.0,0.0,0.0,0.0,0.0,0.0,0.0,0.0,1.0,1.0,0.0,0,0,0,0,0,0,0,0.0,0.0,0.01008742434431742,0.0
4,300,0,dpga,roi_shared,0.030784111469984055,0.0,global_ddp_mean,2,0.0,1.43156099319458,1.43156099319458,0.0,0.0,0.0,0.0,0.0,0.0,0.0,0.0,0.0,0.0,0.0,0.0,0.0,1.0,1.0,0.0,0,0,0,0,0,0,0,0.0,0.0,0.01008742434431742,0.0
4,300,0,dpga,roi_cls,0.030784111469984055,0.0,global_ddp_mean,2,0.0,1.5590426921844482,1.5590426921844482,0.0,0.0,0.0,0.0,0.0,0.0,0.0,0.0,0.0,0.0,0.0,0.0,0.0,1.0,1.0,0.0,0,0,0,0,0,0,0,0.0,0.0,0.01008742434431742,0.0
4,300,0,dpga,roi_reg,0.030784111469984055,0.0,global_ddp_mean,2,0.0,0.07625360041856766,0.07625360041856766,0.0,0.0,0.0,0.0,0.0,0.0,0.0,0.0,0.0,0.0,0.0,0.0,0.0,1.0,1.0,0.0,0,0,0,0,0,0,0,0.0,0.0,0.01008742434431742,0.0
4,400,0,dpga,backbone,0.24889662861824036,0.0,global_ddp_mean,2,0.0,6.270927906036377,6.270927906036377,0.0,0.0,0.0,0.0,0.0,0.0,0.0,0.0,0.0,0.0,0.0,0.0,0.0,1.0,1.0,0.0,0,0,0,0,0,0,0,0.0,0.0,0.01344989912575656,0.0
4,400,0,dpga,fpn,0.24889662861824036,0.0,global_ddp_mean,2,0.0,1.3491489887237549,1.3491489887237549,0.0,0.0,0.0,0.0,0.0,0.0,0.0,0.0,0.0,0.0,0.0,0.0,0.0,1.0,1.0,0.0,0,0,0,0,0,0,0,0.0,0.0,0.01344989912575656,0.0
4,400,0,dpga,rpn,0.24889662861824036,0.0,global_ddp_mean,2,0.0,1.887535572052002,1.887535572052002,0.0,0.0,0.0,0.0,0.0,0.0,0.0,0.0,0.0,0.0,0.0,0.0,0.0,1.0,1.0,0.0,0,0,0,0,0,0,0,0.0,0.0,0.01344989912575656,0.0
4,400,0,dpga,roi_shared,0.24889662861824036,0.0,global_ddp_mean,2,0.0,2.8446907997131348,2.8446907997131348,0.0,0.0,0.0,0.0,0.0,0.0,0.0,0.0,0.0,0.0,0.0,0.0,0.0,1.0,1.0,0.0,0,0,0,0,0,0,0,0.0,0.0,0.01344989912575656,0.0
4,400,0,dpga,roi_cls,0.24889662861824036,0.0,global_ddp_mean,2,0.0,2.2321269512176514,2.2321269512176514,0.0,0.0,0.0,0.0,0.0,0.0,0.0,0.0,0.0,0.0,0.0,0.0,0.0,1.0,1.0,0.0,0,0,0,0,0,0,0,0.0,0.0,0.01344989912575656,0.0
4,400,0,dpga,roi_reg,0.24889662861824036,0.0,global_ddp_mean,2,0.0,2.04946231842041,2.04946231842041,0.0,0.0,0.0,0.0,0.0,0.0,0.0,0.0,0.0,0.0,0.0,0.0,0.0,1.0,1.0,0.0,0,0,0,0,0,0,0,0.0,0.0,0.01344989912575656,0.0
4,500,0,dpga,backbone,0.09660052508115768,0.0,global_ddp_mean,2,0.0,4.344253063201904,4.344253063201904,0.0,0.0,0.0,0.0,0.0,0.0,0.0,0.0,0.0,0.0,0.0,0.0,0.0,1.0,1.0,0.0,0,0,0,0,0,0,0,0.0,0.0,0.0168123739071957,0.0
4,500,0,dpga,fpn,0.09660052508115768,0.0,global_ddp_mean,2,0.0,0.849416196346283,0.849416196346283,0.0,0.0,0.0,0.0,0.0,0.0,0.0,0.0,0.0,0.0,0.0,0.0,0.0,1.0,1.0,0.0,0,0,0,0,0,0,0,0.0,0.0,0.0168123739071957,0.0
4,500,0,dpga,rpn,0.09660052508115768,0.0,global_ddp_mean,2,0.0,1.6686776876449585,1.6686776876449585,0.0,0.0,0.0,0.0,0.0,0.0,0.0,0.0,0.0,0.0,0.0,0.0,0.0,1.0,1.0,0.0,0,0,0,0,0,0,0,0.0,0.0,0.0168123739071957,0.0
4,500,0,dpga,roi_shared,0.09660052508115768,0.0,global_ddp_mean,2,0.0,1.7309659719467163,1.7309659719467163,0.0,0.0,0.0,0.0,0.0,0.0,0.0,0.0,0.0,0.0,0.0,0.0,0.0,1.0,1.0,0.0,0,0,0,0,0,0,0,0.0,0.0,0.0168123739071957,0.0
4,500,0,dpga,roi_cls,0.09660052508115768,0.0,global_ddp_mean,2,0.0,1.1504473686218262,1.1504473686218262,0.0,0.0,0.0,0.0,0.0,0.0,0.0,0.0,0.0,0.0,0.0,0.0,0.0,1.0,1.0,0.0,0,0,0,0,0,0,0,0.0,0.0,0.0168123739071957,0.0
4,500,0,dpga,roi_reg,0.09660052508115768,0.0,global_ddp_mean,2,0.0,0.8402593731880188,0.8402593731880188,0.0,0.0,0.0,0.0,0.0,0.0,0.0,0.0,0.0,0.0,0.0,0.0,0.0,1.0,1.0,0.0,0,0,0,0,0,0,0,0.0,0.0,0.0168123739071957,0.0
4,600,0,dpga,backbone,0.18829019367694855,-0.0,global_ddp_mean,2,0.0,8.744771957397461,8.744771957397461,0.0,0.0,0.0,0.0,0.0,0.0,0.0,0.0,0.0,0.0,0.0,0.0,0.0,1.0,1.0,0.0,0,0,0,0,0,0,0,0.0,0.0,0.02017484868863484,0.0
4,600,0,dpga,fpn,0.18829019367694855,-0.0,global_ddp_mean,2,0.0,2.3291168212890625,2.3291168212890625,0.0,0.0,0.0,0.0,0.0,0.0,0.0,0.0,0.0,0.0,0.0,0.0,0.0,1.0,1.0,0.0,0,0,0,0,0,0,0,0.0,0.0,0.02017484868863484,0.0
4,600,0,dpga,rpn,0.18829019367694855,-0.0,global_ddp_mean,2,0.0,3.7323668003082275,3.7323668003082275,0.0,0.0,0.0,0.0,0.0,0.0,0.0,0.0,0.0,0.0,0.0,0.0,0.0,1.0,1.0,0.0,0,0,0,0,0,0,0,0.0,0.0,0.02017484868863484,0.0
4,600,0,dpga,roi_shared,0.18829019367694855,-0.0,global_ddp_mean,2,0.0,5.219265460968018,5.219265460968018,0.0,0.0,0.0,0.0,0.0,0.0,0.0,0.0,0.0,0.0,0.0,0.0,0.0,1.0,1.0,0.0,0,0,0,0,0,0,0,0.0,0.0,0.02017484868863484,0.0
4,600,0,dpga,roi_cls,0.18829019367694855,-0.0,global_ddp_mean,2,0.0,3.946377992630005,3.946377992630005,0.0,0.0,0.0,0.0,0.0,0.0,0.0,0.0,0.0,0.0,0.0,0.0,0.0,1.0,1.0,0.0,0,0,0,0,0,0,0,0.0,0.0,0.02017484868863484,0.0
4,600,0,dpga,roi_reg,0.18829019367694855,-0.0,global_ddp_mean,2,0.0,1.142172932624817,1.142172932624817,0.0,0.0,0.0,0.0,0.0,0.0,0.0,0.0,0.0,0.0,0.0,0.0,0.0,1.0,1.0,0.0,0,0,0,0,0,0,0,0.0,0.0,0.02017484868863484,0.0
4,700,0,dpga,backbone,0.09728116542100906,0.0,global_ddp_mean,2,0.0,18.780012130737305,18.780012130737305,0.0,0.0,0.0,0.0,0.0,0.0,0.0,0.0,0.0,0.0,0.0,0.0,0.0,1.0,1.0,0.0,0,0,0,0,0,0,0,0.0,0.0,0.02353732347007398,0.0
4,700,0,dpga,fpn,0.09728116542100906,0.0,global_ddp_mean,2,0.0,3.2977278232574463,3.2977278232574463,0.0,0.0,0.0,0.0,0.0,0.0,0.0,0.0,0.0,0.0,0.0,0.0,0.0,1.0,1.0,0.0,0,0,0,0,0,0,0,0.0,0.0,0.02353732347007398,0.0
4,700,0,dpga,rpn,0.09728116542100906,0.0,global_ddp_mean,2,0.0,3.1970224380493164,3.1970224380493164,0.0,0.0,0.0,0.0,0.0,0.0,0.0,0.0,0.0,0.0,0.0,0.0,0.0,1.0,1.0,0.0,0,0,0,0,0,0,0,0.0,0.0,0.02353732347007398,0.0
4,700,0,dpga,roi_shared,0.09728116542100906,0.0,global_ddp_mean,2,0.0,6.853034496307373,6.853034496307373,0.0,0.0,0.0,0.0,0.0,0.0,0.0,0.0,0.0,0.0,0.0,0.0,0.0,1.0,1.0,0.0,0,0,0,0,0,0,0,0.0,0.0,0.02353732347007398,0.0
4,700,0,dpga,roi_cls,0.09728116542100906,0.0,global_ddp_mean,2,0.0,6.881163597106934,6.881163597106934,0.0,0.0,0.0,0.0,0.0,0.0,0.0,0.0,0.0,0.0,0.0,0.0,0.0,1.0,1.0,0.0,0,0,0,0,0,0,0,0.0,0.0,0.02353732347007398,0.0
4,700,0,dpga,roi_reg,0.09728116542100906,0.0,global_ddp_mean,2,0.0,1.614431381225586,1.614431381225586,0.0,0.0,0.0,0.0,0.0,0.0,0.0,0.0,0.0,0.0,0.0,0.0,0.0,1.0,1.0,0.0,0,0,0,0,0,0,0,0.0,0.0,0.02353732347007398,0.0
4,800,0,dpga,backbone,0.2549996078014374,0.0,global_ddp_mean,2,0.0,15.292424201965332,15.292424201965332,0.0,0.0,0.0,0.0,0.0,0.0,0.0,0.0,0.0,0.0,0.0,0.0,0.0,1.0,1.0,0.0,0,0,0,0,0,0,0,0.0,0.0,0.02689979825151312,0.0
4,800,0,dpga,fpn,0.2549996078014374,0.0,global_ddp_mean,2,0.0,4.818037509918213,4.818037509918213,0.0,0.0,0.0,0.0,0.0,0.0,0.0,0.0,0.0,0.0,0.0,0.0,0.0,1.0,1.0,0.0,0,0,0,0,0,0,0,0.0,0.0,0.02689979825151312,0.0
4,800,0,dpga,rpn,0.2549996078014374,0.0,global_ddp_mean,2,0.0,5.323941707611084,5.323941707611084,0.0,0.0,0.0,0.0,0.0,0.0,0.0,0.0,0.0,0.0,0.0,0.0,0.0,1.0,1.0,0.0,0,0,0,0,0,0,0,0.0,0.0,0.02689979825151312,0.0
4,800,0,dpga,roi_shared,0.2549996078014374,0.0,global_ddp_mean,2,0.0,9.849311828613281,9.849311828613281,0.0,0.0,0.0,0.0,0.0,0.0,0.0,0.0,0.0,0.0,0.0,0.0,0.0,1.0,1.0,0.0,0,0,0,0,0,0,0,0.0,0.0,0.02689979825151312,0.0
4,800,0,dpga,roi_cls,0.2549996078014374,0.0,global_ddp_mean,2,0.0,9.426860809326172,9.426860809326172,0.0,0.0,0.0,0.0,0.0,0.0,0.0,0.0,0.0,0.0,0.0,0.0,0.0,1.0,1.0,0.0,0,0,0,0,0,0,0,0.0,0.0,0.02689979825151312,0.0
4,800,0,dpga,roi_reg,0.2549996078014374,0.0,global_ddp_mean,2,0.0,4.791020393371582,4.791020393371582,0.0,0.0,0.0,0.0,0.0,0.0,0.0,0.0,0.0,0.0,0.0,0.0,0.0,1.0,1.0,0.0,0,0,0,0,0,0,0,0.0,0.0,0.02689979825151312,0.0
4,900,0,dpga,backbone,0.0548708438873291,-0.0,global_ddp_mean,2,0.0,6.114849090576172,6.114849090576172,0.0,0.0,0.0,0.0,0.0,0.0,0.0,0.0,0.0,0.0,0.0,0.0,0.0,1.0,1.0,0.0,0,0,0,0,0,0,0,0.0,0.0,0.030262273032952258,0.0
4,900,0,dpga,fpn,0.0548708438873291,-0.0,global_ddp_mean,2,0.0,1.7109373807907104,1.7109373807907104,0.0,0.0,0.0,0.0,0.0,0.0,0.0,0.0,0.0,0.0,0.0,0.0,0.0,1.0,1.0,0.0,0,0,0,0,0,0,0,0.0,0.0,0.030262273032952258,0.0
4,900,0,dpga,rpn,0.0548708438873291,-0.0,global_ddp_mean,2,0.0,2.8714098930358887,2.8714098930358887,0.0,0.0,0.0,0.0,0.0,0.0,0.0,0.0,0.0,0.0,0.0,0.0,0.0,1.0,1.0,0.0,0,0,0,0,0,0,0,0.0,0.0,0.030262273032952258,0.0
4,900,0,dpga,roi_shared,0.0548708438873291,-0.0,global_ddp_mean,2,0.0,3.791104555130005,3.791104555130005,0.0,0.0,0.0,0.0,0.0,0.0,0.0,0.0,0.0,0.0,0.0,0.0,0.0,1.0,1.0,0.0,0,0,0,0,0,0,0,0.0,0.0,0.030262273032952258,0.0
4,900,0,dpga,roi_cls,0.0548708438873291,-0.0,global_ddp_mean,2,0.0,3.0392343997955322,3.0392343997955322,0.0,0.0,0.0,0.0,0.0,0.0,0.0,0.0,0.0,0.0,0.0,0.0,0.0,1.0,1.0,0.0,0,0,0,0,0,0,0,0.0,0.0,0.030262273032952258,0.0
4,900,0,dpga,roi_reg,0.0548708438873291,-0.0,global_ddp_mean,2,0.0,1.4128637313842773,1.4128637313842773,0.0,0.0,0.0,0.0,0.0,0.0,0.0,0.0,0.0,0.0,0.0,0.0,0.0,1.0,1.0,0.0,0,0,0,0,0,0,0,0.0,0.0,0.030262273032952258,0.0
4,1000,0,dpga,backbone,0.10481647402048111,-0.0,global_ddp_mean,2,0.0,1.559815526008606,1.559815526008606,0.0,0.0,0.0,0.0,0.0,0.0,0.0,0.0,0.0,0.0,0.0,0.0,0.0,1.0,1.0,0.0,0,0,0,0,0,0,0,0.0,0.0,0.0336247478143914,0.0
4,1000,0,dpga,fpn,0.10481647402048111,-0.0,global_ddp_mean,2,0.0,0.1327982097864151,0.1327982097864151,0.0,0.0,0.0,0.0,0.0,0.0,0.0,0.0,0.0,0.0,0.0,0.0,0.0,1.0,1.0,0.0,0,0,0,0,0,0,0,0.0,0.0,0.0336247478143914,0.0
4,1000,0,dpga,rpn,0.10481647402048111,-0.0,global_ddp_mean,2,0.0,0.24633365869522095,0.24633365869522095,0.0,0.0,0.0,0.0,0.0,0.0,0.0,0.0,0.0,0.0,0.0,0.0,0.0,1.0,1.0,0.0,0,0,0,0,0,0,0,0.0,0.0,0.0336247478143914,0.0
4,1000,0,dpga,roi_shared,0.10481647402048111,-0.0,global_ddp_mean,2,0.0,0.19355905055999756,0.19355905055999756,0.0,0.0,0.0,0.0,0.0,0.0,0.0,0.0,0.0,0.0,0.0,0.0,0.0,1.0,1.0,0.0,0,0,0,0,0,0,0,0.0,0.0,0.0336247478143914,0.0
4,1000,0,dpga,roi_cls,0.10481647402048111,-0.0,global_ddp_mean,2,0.0,0.2445756196975708,0.2445756196975708,0.0,0.0,0.0,0.0,0.0,0.0,0.0,0.0,0.0,0.0,0.0,0.0,0.0,1.0,1.0,0.0,0,0,0,0,0,0,0,0.0,0.0,0.0336247478143914,0.0
4,1000,0,dpga,roi_reg,0.10481647402048111,-0.0,global_ddp_mean,2,0.0,0.0,0.0,0.0,0.0,0.0,0.0,0.0,0.0,0.0,0.0,0.0,0.0,0.0,0.0,0.0,0.0,0.0,90.0,0,0,0,0,0,0,0,0.0,0.0,0.0336247478143914,0.0
4,1100,0,dpga,backbone,0.04906714707612991,-0.0,global_ddp_mean,2,0.0,20.319961547851562,20.319961547851562,0.0,0.0,0.0,0.0,0.0,0.0,0.0,0.0,0.0,0.0,0.0,0.0,0.0,1.0,1.0,0.0,0,0,0,0,0,0,0,0.0,0.0,0.03698722259583054,0.0
4,1100,0,dpga,fpn,0.04906714707612991,-0.0,global_ddp_mean,2,0.0,5.077120304107666,5.077120304107666,0.0,0.0,0.0,0.0,0.0,0.0,0.0,0.0,0.0,0.0,0.0,0.0,0.0,1.0,1.0,0.0,0,0,0,0,0,0,0,0.0,0.0,0.03698722259583054,0.0
4,1100,0,dpga,rpn,0.04906714707612991,-0.0,global_ddp_mean,2,0.0,5.532648086547852,5.532648086547852,0.0,0.0,0.0,0.0,0.0,0.0,0.0,0.0,0.0,0.0,0.0,0.0,0.0,1.0,1.0,0.0,0,0,0,0,0,0,0,0.0,0.0,0.03698722259583054,0.0
4,1100,0,dpga,roi_shared,0.04906714707612991,-0.0,global_ddp_mean,2,0.0,11.284547805786133,11.284547805786133,0.0,0.0,0.0,0.0,0.0,0.0,0.0,0.0,0.0,0.0,0.0,0.0,0.0,1.0,1.0,0.0,0,0,0,0,0,0,0,0.0,0.0,0.03698722259583054,0.0
4,1100,0,dpga,roi_cls,0.04906714707612991,-0.0,global_ddp_mean,2,0.0,10.608526229858398,10.608526229858398,0.0,0.0,0.0,0.0,0.0,0.0,0.0,0.0,0.0,0.0,0.0,0.0,0.0,1.0,1.0,0.0,0,0,0,0,0,0,0,0.0,0.0,0.03698722259583054,0.0
4,1100,0,dpga,roi_reg,0.04906714707612991,-0.0,global_ddp_mean,2,0.0,2.0517261028289795,2.0517261028289795,0.0,0.0,0.0,0.0,0.0,0.0,0.0,0.0,0.0,0.0,0.0,0.0,0.0,1.0,1.0,0.0,0,0,0,0,0,0,0,0.0,0.0,0.03698722259583054,0.0
4,1200,0,dpga,backbone,0.11216405779123306,0.0,global_ddp_mean,2,0.0,11.356060981750488,11.356060981750488,0.0,0.0,0.0,0.0,0.0,0.0,0.0,0.0,0.0,0.0,0.0,0.0,0.0,1.0,1.0,0.0,0,0,0,0,0,0,0,0.0,0.0,0.04034969737726968,0.0
4,1200,0,dpga,fpn,0.11216405779123306,0.0,global_ddp_mean,2,0.0,2.2121386528015137,2.2121386528015137,0.0,0.0,0.0,0.0,0.0,0.0,0.0,0.0,0.0,0.0,0.0,0.0,0.0,1.0,1.0,0.0,0,0,0,0,0,0,0,0.0,0.0,0.04034969737726968,0.0
4,1200,0,dpga,rpn,0.11216405779123306,0.0,global_ddp_mean,2,0.0,1.6623177528381348,1.6623177528381348,0.0,0.0,0.0,0.0,0.0,0.0,0.0,0.0,0.0,0.0,0.0,0.0,0.0,1.0,1.0,0.0,0,0,0,0,0,0,0,0.0,0.0,0.04034969737726968,0.0
4,1200,0,dpga,roi_shared,0.11216405779123306,0.0,global_ddp_mean,2,0.0,5.081703186035156,5.081703186035156,0.0,0.0,0.0,0.0,0.0,0.0,0.0,0.0,0.0,0.0,0.0,0.0,0.0,1.0,1.0,0.0,0,0,0,0,0,0,0,0.0,0.0,0.04034969737726968,0.0
4,1200,0,dpga,roi_cls,0.11216405779123306,0.0,global_ddp_mean,2,0.0,5.773682594299316,5.773682594299316,0.0,0.0,0.0,0.0,0.0,0.0,0.0,0.0,0.0,0.0,0.0,0.0,0.0,1.0,1.0,0.0,0,0,0,0,0,0,0,0.0,0.0,0.04034969737726968,0.0
4,1200,0,dpga,roi_reg,0.11216405779123306,0.0,global_ddp_mean,2,0.0,0.04185708612203598,0.04185708612203598,0.0,0.0,0.0,0.0,0.0,0.0,0.0,0.0,0.0,0.0,0.0,0.0,0.0,1.0,1.0,0.0,0,0,0,0,0,0,0,0.0,0.0,0.04034969737726968,0.0
4,1300,0,dpga,backbone,0.11744321882724762,0.0,global_ddp_mean,2,0.0,4.3281426429748535,4.3281426429748535,0.0,0.0,0.0,0.0,0.0,0.0,0.0,0.0,0.0,0.0,0.0,0.0,0.0,1.0,1.0,0.0,0,0,0,0,0,0,0,0.0,0.0,0.04371217215870882,0.0
4,1300,0,dpga,fpn,0.11744321882724762,0.0,global_ddp_mean,2,0.0,0.8249127864837646,0.8249127864837646,0.0,0.0,0.0,0.0,0.0,0.0,0.0,0.0,0.0,0.0,0.0,0.0,0.0,1.0,1.0,0.0,0,0,0,0,0,0,0,0.0,0.0,0.04371217215870882,0.0
4,1300,0,dpga,rpn,0.11744321882724762,0.0,global_ddp_mean,2,0.0,1.8400309085845947,1.8400309085845947,0.0,0.0,0.0,0.0,0.0,0.0,0.0,0.0,0.0,0.0,0.0,0.0,0.0,1.0,1.0,0.0,0,0,0,0,0,0,0,0.0,0.0,0.04371217215870882,0.0
4,1300,0,dpga,roi_shared,0.11744321882724762,0.0,global_ddp_mean,2,0.0,1.5573166608810425,1.5573166608810425,0.0,0.0,0.0,0.0,0.0,0.0,0.0,0.0,0.0,0.0,0.0,0.0,0.0,1.0,1.0,0.0,0,0,0,0,0,0,0,0.0,0.0,0.04371217215870882,0.0
4,1300,0,dpga,roi_cls,0.11744321882724762,0.0,global_ddp_mean,2,0.0,1.1036208868026733,1.1036208868026733,0.0,0.0,0.0,0.0,0.0,0.0,0.0,0.0,0.0,0.0,0.0,0.0,0.0,1.0,1.0,0.0,0,0,0,0,0,0,0,0.0,0.0,0.04371217215870882,0.0
4,1300,0,dpga,roi_reg,0.11744321882724762,0.0,global_ddp_mean,2,0.0,1.4564684629440308,1.4564684629440308,0.0,0.0,0.0,0.0,0.0,0.0,0.0,0.0,0.0,0.0,0.0,0.0,0.0,1.0,1.0,0.0,0,0,0,0,0,0,0,0.0,0.0,0.04371217215870882,0.0
4,1400,0,dpga,backbone,0.017587002366781235,0.0,global_ddp_mean,2,0.0,4.570948600769043,4.570948600769043,0.0,0.0,0.0,0.0,0.0,0.0,0.0,0.0,0.0,0.0,0.0,0.0,0.0,1.0,1.0,0.0,0,0,0,0,0,0,0,0.0,0.0,0.04707464694014796,0.0
4,1400,0,dpga,fpn,0.017587002366781235,0.0,global_ddp_mean,2,0.0,0.6495881676673889,0.6495881676673889,0.0,0.0,0.0,0.0,0.0,0.0,0.0,0.0,0.0,0.0,0.0,0.0,0.0,1.0,1.0,0.0,0,0,0,0,0,0,0,0.0,0.0,0.04707464694014796,0.0
4,1400,0,dpga,rpn,0.017587002366781235,0.0,global_ddp_mean,2,0.0,0.8755391240119934,0.8755391240119934,0.0,0.0,0.0,0.0,0.0,0.0,0.0,0.0,0.0,0.0,0.0,0.0,0.0,1.0,1.0,0.0,0,0,0,0,0,0,0,0.0,0.0,0.04707464694014796,0.0
4,1400,0,dpga,roi_shared,0.017587002366781235,0.0,global_ddp_mean,2,0.0,1.0859785079956055,1.0859785079956055,0.0,0.0,0.0,0.0,0.0,0.0,0.0,0.0,0.0,0.0,0.0,0.0,0.0,1.0,1.0,0.0,0,0,0,0,0,0,0,0.0,0.0,0.04707464694014796,0.0
4,1400,0,dpga,roi_cls,0.017587002366781235,0.0,global_ddp_mean,2,0.0,1.3389809131622314,1.3389809131622314,0.0,0.0,0.0,0.0,0.0,0.0,0.0,0.0,0.0,0.0,0.0,0.0,0.0,1.0,1.0,0.0,0,0,0,0,0,0,0,0.0,0.0,0.04707464694014796,0.0
4,1400,0,dpga,roi_reg,0.017587002366781235,0.0,global_ddp_mean,2,0.0,0.0,0.0,0.0,0.0,0.0,0.0,0.0,0.0,0.0,0.0,0.0,0.0,0.0,0.0,0.0,0.0,0.0,90.0,0,0,0,0,0,0,0,0.0,0.0,0.04707464694014796,0.0
5,0,0,dpga,backbone,0.11139941215515137,0.0,global_ddp_mean,2,0.0,6.58599853515625,6.58599853515625,0.0,0.0,0.0,0.0,0.0,0.0,0.0,0.0,0.0,0.0,0.0,0.0,0.0,1.0,1.0,0.0,0,0,0,0,0,0,0,0.0,0.0,0.05,0.0
5,0,0,dpga,fpn,0.11139941215515137,0.0,global_ddp_mean,2,0.0,1.1801470518112183,1.1801470518112183,0.0,0.0,0.0,0.0,0.0,0.0,0.0,0.0,0.0,0.0,0.0,0.0,0.0,1.0,1.0,0.0,0,0,0,0,0,0,0,0.0,0.0,0.05,0.0
5,0,0,dpga,rpn,0.11139941215515137,0.0,global_ddp_mean,2,0.0,2.675048828125,2.675048828125,0.0,0.0,0.0,0.0,0.0,0.0,0.0,0.0,0.0,0.0,0.0,0.0,0.0,1.0,1.0,0.0,0,0,0,0,0,0,0,0.0,0.0,0.05,0.0
5,0,0,dpga,roi_shared,0.11139941215515137,0.0,global_ddp_mean,2,0.0,2.01069712638855,2.01069712638855,0.0,0.0,0.0,0.0,0.0,0.0,0.0,0.0,0.0,0.0,0.0,0.0,0.0,1.0,1.0,0.0,0,0,0,0,0,0,0,0.0,0.0,0.05,0.0
5,0,0,dpga,roi_cls,0.11139941215515137,0.0,global_ddp_mean,2,0.0,1.4015487432479858,1.4015487432479858,0.0,0.0,0.0,0.0,0.0,0.0,0.0,0.0,0.0,0.0,0.0,0.0,0.0,1.0,1.0,0.0,0,0,0,0,0,0,0,0.0,0.0,0.05,0.0
5,0,0,dpga,roi_reg,0.11139941215515137,0.0,global_ddp_mean,2,0.0,1.2596921920776367,1.2596921920776367,0.0,0.0,0.0,0.0,0.0,0.0,0.0,0.0,0.0,0.0,0.0,0.0,0.0,1.0,1.0,0.0,0,0,0,0,0,0,0,0.0,0.0,0.05,0.0
5,100,0,dpga,backbone,0.25648897886276245,0.0,global_ddp_mean,2,0.0,5.867330551147461,5.867330551147461,0.0,0.0,0.0,0.0,0.0,0.0,0.0,0.0,0.0,0.0,0.0,0.0,0.0,1.0,1.0,0.0,0,0,0,0,0,0,0,0.0,0.0,0.05336247478143914,0.0
5,100,0,dpga,fpn,0.25648897886276245,0.0,global_ddp_mean,2,0.0,1.5587668418884277,1.5587668418884277,0.0,0.0,0.0,0.0,0.0,0.0,0.0,0.0,0.0,0.0,0.0,0.0,0.0,1.0,1.0,0.0,0,0,0,0,0,0,0,0.0,0.0,0.05336247478143914,0.0
5,100,0,dpga,rpn,0.25648897886276245,0.0,global_ddp_mean,2,0.0,3.2431929111480713,3.2431929111480713,0.0,0.0,0.0,0.0,0.0,0.0,0.0,0.0,0.0,0.0,0.0,0.0,0.0,1.0,1.0,0.0,0,0,0,0,0,0,0,0.0,0.0,0.05336247478143914,0.0
5,100,0,dpga,roi_shared,0.25648897886276245,0.0,global_ddp_mean,2,0.0,3.0498757362365723,3.0498757362365723,0.0,0.0,0.0,0.0,0.0,0.0,0.0,0.0,0.0,0.0,0.0,0.0,0.0,1.0,1.0,0.0,0,0,0,0,0,0,0,0.0,0.0,0.05336247478143914,0.0
5,100,0,dpga,roi_cls,0.25648897886276245,0.0,global_ddp_mean,2,0.0,1.9006859064102173,1.9006859064102173,0.0,0.0,0.0,0.0,0.0,0.0,0.0,0.0,0.0,0.0,0.0,0.0,0.0,1.0,1.0,0.0,0,0,0,0,0,0,0,0.0,0.0,0.05336247478143914,0.0
5,100,0,dpga,roi_reg,0.25648897886276245,0.0,global_ddp_mean,2,0.0,2.3035199642181396,2.3035199642181396,0.0,0.0,0.0,0.0,0.0,0.0,0.0,0.0,0.0,0.0,0.0,0.0,0.0,1.0,1.0,0.0,0,0,0,0,0,0,0,0.0,0.0,0.05336247478143914,0.0
5,200,0,dpga,backbone,1.751082420349121,0.0,global_ddp_mean,2,0.0,43.959716796875,43.959716796875,0.0,0.0,0.0,0.0,0.0,0.0,0.0,0.0,0.0,0.0,0.0,0.0,0.0,1.0,1.0,0.0,0,0,0,0,0,0,0,0.0,0.0,0.05672494956287828,0.0
5,200,0,dpga,fpn,1.751082420349121,0.0,global_ddp_mean,2,0.0,11.228888511657715,11.228888511657715,0.0,0.0,0.0,0.0,0.0,0.0,0.0,0.0,0.0,0.0,0.0,0.0,0.0,1.0,1.0,0.0,0,0,0,0,0,0,0,0.0,0.0,0.05672494956287828,0.0
5,200,0,dpga,rpn,1.751082420349121,0.0,global_ddp_mean,2,0.0,0.7317929863929749,0.7317929863929749,0.0,0.0,0.0,0.0,0.0,0.0,0.0,0.0,0.0,0.0,0.0,0.0,0.0,1.0,1.0,0.0,0,0,0,0,0,0,0,0.0,0.0,0.05672494956287828,0.0
5,200,0,dpga,roi_shared,1.751082420349121,0.0,global_ddp_mean,2,0.0,26.236034393310547,26.236034393310547,0.0,0.0,0.0,0.0,0.0,0.0,0.0,0.0,0.0,0.0,0.0,0.0,0.0,1.0,1.0,0.0,0,0,0,0,0,0,0,0.0,0.0,0.05672494956287828,0.0
5,200,0,dpga,roi_cls,1.751082420349121,0.0,global_ddp_mean,2,0.0,22.13778305053711,22.13778305053711,0.0,0.0,0.0,0.0,0.0,0.0,0.0,0.0,0.0,0.0,0.0,0.0,0.0,1.0,1.0,0.0,0,0,0,0,0,0,0,0.0,0.0,0.05672494956287828,0.0
5,200,0,dpga,roi_reg,1.751082420349121,0.0,global_ddp_mean,2,0.0,21.047428131103516,21.047428131103516,0.0,0.0,0.0,0.0,0.0,0.0,0.0,0.0,0.0,0.0,0.0,0.0,0.0,1.0,1.0,0.0,0,0,0,0,0,0,0,0.0,0.0,0.05672494956287828,0.0
5,300,0,dpga,backbone,0.17641565203666687,0.0,global_ddp_mean,2,0.0,5.989901542663574,5.989901542663574,0.0,0.0,0.0,0.0,0.0,0.0,0.0,0.0,0.0,0.0,0.0,0.0,0.0,1.0,1.0,0.0,0,0,0,0,0,0,0,0.0,0.0,0.06008742434431742,0.0
5,300,0,dpga,fpn,0.17641565203666687,0.0,global_ddp_mean,2,0.0,0.7938166856765747,0.7938166856765747,0.0,0.0,0.0,0.0,0.0,0.0,0.0,0.0,0.0,0.0,0.0,0.0,0.0,1.0,1.0,0.0,0,0,0,0,0,0,0,0.0,0.0,0.06008742434431742,0.0
5,300,0,dpga,rpn,0.17641565203666687,0.0,global_ddp_mean,2,0.0,1.5135273933410645,1.5135273933410645,0.0,0.0,0.0,0.0,0.0,0.0,0.0,0.0,0.0,0.0,0.0,0.0,0.0,1.0,1.0,0.0,0,0,0,0,0,0,0,0.0,0.0,0.06008742434431742,0.0
5,300,0,dpga,roi_shared,0.17641565203666687,0.0,global_ddp_mean,2,0.0,1.2517873048782349,1.2517873048782349,0.0,0.0,0.0,0.0,0.0,0.0,0.0,0.0,0.0,0.0,0.0,0.0,0.0,1.0,1.0,0.0,0,0,0,0,0,0,0,0.0,0.0,0.06008742434431742,0.0
5,300,0,dpga,roi_cls,0.17641565203666687,0.0,global_ddp_mean,2,0.0,0.9644589424133301,0.9644589424133301,0.0,0.0,0.0,0.0,0.0,0.0,0.0,0.0,0.0,0.0,0.0,0.0,0.0,1.0,1.0,0.0,0,0,0,0,0,0,0,0.0,0.0,0.06008742434431742,0.0
5,300,0,dpga,roi_reg,0.17641565203666687,0.0,global_ddp_mean,2,0.0,0.8476344347000122,0.8476344347000122,0.0,0.0,0.0,0.0,0.0,0.0,0.0,0.0,0.0,0.0,0.0,0.0,0.0,1.0,1.0,0.0,0,0,0,0,0,0,0,0.0,0.0,0.06008742434431742,0.0
5,400,0,dpga,backbone,0.1951717883348465,-0.0,global_ddp_mean,2,0.0,4.213841915130615,4.213841915130615,0.0,0.0,0.0,0.0,0.0,0.0,0.0,0.0,0.0,0.0,0.0,0.0,0.0,1.0,1.0,0.0,0,0,0,0,0,0,0,0.0,0.0,0.06344989912575656,0.0
5,400,0,dpga,fpn,0.1951717883348465,-0.0,global_ddp_mean,2,0.0,0.8625242710113525,0.8625242710113525,0.0,0.0,0.0,0.0,0.0,0.0,0.0,0.0,0.0,0.0,0.0,0.0,0.0,1.0,1.0,0.0,0,0,0,0,0,0,0,0.0,0.0,0.06344989912575656,0.0
5,400,0,dpga,rpn,0.1951717883348465,-0.0,global_ddp_mean,2,0.0,1.2006572484970093,1.2006572484970093,0.0,0.0,0.0,0.0,0.0,0.0,0.0,0.0,0.0,0.0,0.0,0.0,0.0,1.0,1.0,0.0,0,0,0,0,0,0,0,0.0,0.0,0.06344989912575656,0.0
5,400,0,dpga,roi_shared,0.1951717883348465,-0.0,global_ddp_mean,2,0.0,1.603458285331726,1.603458285331726,0.0,0.0,0.0,0.0,0.0,0.0,0.0,0.0,0.0,0.0,0.0,0.0,0.0,1.0,1.0,0.0,0,0,0,0,0,0,0,0.0,0.0,0.06344989912575656,0.0
5,400,0,dpga,roi_cls,0.1951717883348465,-0.0,global_ddp_mean,2,0.0,1.021639108657837,1.021639108657837,0.0,0.0,0.0,0.0,0.0,0.0,0.0,0.0,0.0,0.0,0.0,0.0,0.0,1.0,1.0,0.0,0,0,0,0,0,0,0,0.0,0.0,0.06344989912575656,0.0
5,400,0,dpga,roi_reg,0.1951717883348465,-0.0,global_ddp_mean,2,0.0,1.4655272960662842,1.4655272960662842,0.0,0.0,0.0,0.0,0.0,0.0,0.0,0.0,0.0,0.0,0.0,0.0,0.0,1.0,1.0,0.0,0,0,0,0,0,0,0,0.0,0.0,0.06344989912575656,0.0
5,500,0,dpga,backbone,0.05737241357564926,-0.0,global_ddp_mean,2,0.0,4.499305725097656,4.499305725097656,0.0,0.0,0.0,0.0,0.0,0.0,0.0,0.0,0.0,0.0,0.0,0.0,0.0,1.0,1.0,0.0,0,0,0,0,0,0,0,0.0,0.0,0.0668123739071957,0.0
5,500,0,dpga,fpn,0.05737241357564926,-0.0,global_ddp_mean,2,0.0,0.6807534098625183,0.6807534098625183,0.0,0.0,0.0,0.0,0.0,0.0,0.0,0.0,0.0,0.0,0.0,0.0,0.0,1.0,1.0,0.0,0,0,0,0,0,0,0,0.0,0.0,0.0668123739071957,0.0
5,500,0,dpga,rpn,0.05737241357564926,-0.0,global_ddp_mean,2,0.0,0.9866842031478882,0.9866842031478882,0.0,0.0,0.0,0.0,0.0,0.0,0.0,0.0,0.0,0.0,0.0,0.0,0.0,1.0,1.0,0.0,0,0,0,0,0,0,0,0.0,0.0,0.0668123739071957,0.0
5,500,0,dpga,roi_shared,0.05737241357564926,-0.0,global_ddp_mean,2,0.0,0.8872538208961487,0.8872538208961487,0.0,0.0,0.0,0.0,0.0,0.0,0.0,0.0,0.0,0.0,0.0,0.0,0.0,1.0,1.0,0.0,0,0,0,0,0,0,0,0.0,0.0,0.0668123739071957,0.0
5,500,0,dpga,roi_cls,0.05737241357564926,-0.0,global_ddp_mean,2,0.0,0.937047004699707,0.937047004699707,0.0,0.0,0.0,0.0,0.0,0.0,0.0,0.0,0.0,0.0,0.0,0.0,0.0,1.0,1.0,0.0,0,0,0,0,0,0,0,0.0,0.0,0.0668123739071957,0.0
5,500,0,dpga,roi_reg,0.05737241357564926,-0.0,global_ddp_mean,2,0.0,0.08137926459312439,0.08137926459312439,0.0,0.0,0.0,0.0,0.0,0.0,0.0,0.0,0.0,0.0,0.0,0.0,0.0,1.0,1.0,0.0,0,0,0,0,0,0,0,0.0,0.0,0.0668123739071957,0.0
5,600,0,dpga,backbone,0.07859046757221222,-0.0,global_ddp_mean,2,0.0,7.708658218383789,7.708658218383789,0.0,0.0,0.0,0.0,0.0,0.0,0.0,0.0,0.0,0.0,0.0,0.0,0.0,1.0,1.0,0.0,0,0,0,0,0,0,0,0.0,0.0,0.07017484868863484,0.0
5,600,0,dpga,fpn,0.07859046757221222,-0.0,global_ddp_mean,2,0.0,1.4015872478485107,1.4015872478485107,0.0,0.0,0.0,0.0,0.0,0.0,0.0,0.0,0.0,0.0,0.0,0.0,0.0,1.0,1.0,0.0,0,0,0,0,0,0,0,0.0,0.0,0.07017484868863484,0.0
5,600,0,dpga,rpn,0.07859046757221222,-0.0,global_ddp_mean,2,0.0,2.681452751159668,2.681452751159668,0.0,0.0,0.0,0.0,0.0,0.0,0.0,0.0,0.0,0.0,0.0,0.0,0.0,1.0,1.0,0.0,0,0,0,0,0,0,0,0.0,0.0,0.07017484868863484,0.0
5,600,0,dpga,roi_shared,0.07859046757221222,-0.0,global_ddp_mean,2,0.0,2.360231876373291,2.360231876373291,0.0,0.0,0.0,0.0,0.0,0.0,0.0,0.0,0.0,0.0,0.0,0.0,0.0,1.0,1.0,0.0,0,0,0,0,0,0,0,0.0,0.0,0.07017484868863484,0.0
5,600,0,dpga,roi_cls,0.07859046757221222,-0.0,global_ddp_mean,2,0.0,1.69011390209198,1.69011390209198,0.0,0.0,0.0,0.0,0.0,0.0,0.0,0.0,0.0,0.0,0.0,0.0,0.0,1.0,1.0,0.0,0,0,0,0,0,0,0,0.0,0.0,0.07017484868863484,0.0
5,600,0,dpga,roi_reg,0.07859046757221222,-0.0,global_ddp_mean,2,0.0,1.0286154747009277,1.0286154747009277,0.0,0.0,0.0,0.0,0.0,0.0,0.0,0.0,0.0,0.0,0.0,0.0,0.0,1.0,1.0,0.0,0,0,0,0,0,0,0,0.0,0.0,0.07017484868863484,0.0
5,700,0,dpga,backbone,0.023959260433912277,0.0,global_ddp_mean,2,0.0,6.986739635467529,6.986739635467529,0.0,0.0,0.0,0.0,0.0,0.0,0.0,0.0,0.0,0.0,0.0,0.0,0.0,1.0,1.0,0.0,0,0,0,0,0,0,0,0.0,0.0,0.07353732347007398,0.0
5,700,0,dpga,fpn,0.023959260433912277,0.0,global_ddp_mean,2,0.0,1.117567777633667,1.117567777633667,0.0,0.0,0.0,0.0,0.0,0.0,0.0,0.0,0.0,0.0,0.0,0.0,0.0,1.0,1.0,0.0,0,0,0,0,0,0,0,0.0,0.0,0.07353732347007398,0.0
5,700,0,dpga,rpn,0.023959260433912277,0.0,global_ddp_mean,2,0.0,0.4820823669433594,0.4820823669433594,0.0,0.0,0.0,0.0,0.0,0.0,0.0,0.0,0.0,0.0,0.0,0.0,0.0,1.0,1.0,0.0,0,0,0,0,0,0,0,0.0,0.0,0.07353732347007398,0.0
5,700,0,dpga,roi_shared,0.023959260433912277,0.0,global_ddp_mean,2,0.0,2.3780202865600586,2.3780202865600586,0.0,0.0,0.0,0.0,0.0,0.0,0.0,0.0,0.0,0.0,0.0,0.0,0.0,1.0,1.0,0.0,0,0,0,0,0,0,0,0.0,0.0,0.07353732347007398,0.0
5,700,0,dpga,roi_cls,0.023959260433912277,0.0,global_ddp_mean,2,0.0,1.6386125087738037,1.6386125087738037,0.0,0.0,0.0,0.0,0.0,0.0,0.0,0.0,0.0,0.0,0.0,0.0,0.0,1.0,1.0,0.0,0,0,0,0,0,0,0,0.0,0.0,0.07353732347007398,0.0
5,700,0,dpga,roi_reg,0.023959260433912277,0.0,global_ddp_mean,2,0.0,0.6066825985908508,0.6066825985908508,0.0,0.0,0.0,0.0,0.0,0.0,0.0,0.0,0.0,0.0,0.0,0.0,0.0,1.0,1.0,0.0,0,0,0,0,0,0,0,0.0,0.0,0.07353732347007398,0.0
5,800,0,dpga,backbone,0.08100748807191849,-0.0,global_ddp_mean,2,0.0,19.222942352294922,19.222942352294922,0.0,0.0,0.0,0.0,0.0,0.0,0.0,0.0,0.0,0.0,0.0,0.0,0.0,1.0,1.0,0.0,0,0,0,0,0,0,0,0.0,0.0,0.07689979825151312,0.0
5,800,0,dpga,fpn,0.08100748807191849,-0.0,global_ddp_mean,2,0.0,2.851757526397705,2.851757526397705,0.0,0.0,0.0,0.0,0.0,0.0,0.0,0.0,0.0,0.0,0.0,0.0,0.0,1.0,1.0,0.0,0,0,0,0,0,0,0,0.0,0.0,0.07689979825151312,0.0
5,800,0,dpga,rpn,0.08100748807191849,-0.0,global_ddp_mean,2,0.0,3.119642734527588,3.119642734527588,0.0,0.0,0.0,0.0,0.0,0.0,0.0,0.0,0.0,0.0,0.0,0.0,0.0,1.0,1.0,0.0,0,0,0,0,0,0,0,0.0,0.0,0.07689979825151312,0.0
5,800,0,dpga,roi_shared,0.08100748807191849,-0.0,global_ddp_mean,2,0.0,5.845578670501709,5.845578670501709,0.0,0.0,0.0,0.0,0.0,0.0,0.0,0.0,0.0,0.0,0.0,0.0,0.0,1.0,1.0,0.0,0,0,0,0,0,0,0,0.0,0.0,0.07689979825151312,0.0
5,800,0,dpga,roi_cls,0.08100748807191849,-0.0,global_ddp_mean,2,0.0,6.897318363189697,6.897318363189697,0.0,0.0,0.0,0.0,0.0,0.0,0.0,0.0,0.0,0.0,0.0,0.0,0.0,1.0,1.0,0.0,0,0,0,0,0,0,0,0.0,0.0,0.07689979825151312,0.0
5,800,0,dpga,roi_reg,0.08100748807191849,-0.0,global_ddp_mean,2,0.0,0.4287283718585968,0.4287283718585968,0.0,0.0,0.0,0.0,0.0,0.0,0.0,0.0,0.0,0.0,0.0,0.0,0.0,1.0,1.0,0.0,0,0,0,0,0,0,0,0.0,0.0,0.07689979825151312,0.0
5,900,0,dpga,backbone,0.9381707906723022,0.0,global_ddp_mean,2,0.0,43.271610260009766,43.271610260009766,0.0,0.0,0.0,0.0,0.0,0.0,0.0,0.0,0.0,0.0,0.0,0.0,0.0,1.0,1.0,0.0,0,0,0,0,0,0,0,0.0,0.0,0.08026227303295226,0.0
5,900,0,dpga,fpn,0.9381707906723022,0.0,global_ddp_mean,2,0.0,9.606226921081543,9.606226921081543,0.0,0.0,0.0,0.0,0.0,0.0,0.0,0.0,0.0,0.0,0.0,0.0,0.0,1.0,1.0,0.0,0,0,0,0,0,0,0,0.0,0.0,0.08026227303295226,0.0
5,900,0,dpga,rpn,0.9381707906723022,0.0,global_ddp_mean,2,0.0,8.403379440307617,8.403379440307617,0.0,0.0,0.0,0.0,0.0,0.0,0.0,0.0,0.0,0.0,0.0,0.0,0.0,1.0,1.0,0.0,0,0,0,0,0,0,0,0.0,0.0,0.08026227303295226,0.0
5,900,0,dpga,roi_shared,0.9381707906723022,0.0,global_ddp_mean,2,0.0,19.058313369750977,19.058313369750977,0.0,0.0,0.0,0.0,0.0,0.0,0.0,0.0,0.0,0.0,0.0,0.0,0.0,1.0,1.0,0.0,0,0,0,0,0,0,0,0.0,0.0,0.08026227303295226,0.0
5,900,0,dpga,roi_cls,0.9381707906723022,0.0,global_ddp_mean,2,0.0,18.83482551574707,18.83482551574707,0.0,0.0,0.0,0.0,0.0,0.0,0.0,0.0,0.0,0.0,0.0,0.0,0.0,1.0,1.0,0.0,0,0,0,0,0,0,0,0.0,0.0,0.08026227303295226,0.0
5,900,0,dpga,roi_reg,0.9381707906723022,0.0,global_ddp_mean,2,0.0,5.110423564910889,5.110423564910889,0.0,0.0,0.0,0.0,0.0,0.0,0.0,0.0,0.0,0.0,0.0,0.0,0.0,1.0,1.0,0.0,0,0,0,0,0,0,0,0.0,0.0,0.08026227303295226,0.0
5,1000,0,dpga,backbone,0.17470747232437134,-0.0,global_ddp_mean,2,0.0,26.057464599609375,26.057464599609375,0.0,0.0,0.0,0.0,0.0,0.0,0.0,0.0,0.0,0.0,0.0,0.0,0.0,1.0,1.0,0.0,0,0,0,0,0,0,0,0.0,0.0,0.0836247478143914,0.0
5,1000,0,dpga,fpn,0.17470747232437134,-0.0,global_ddp_mean,2,0.0,5.601735591888428,5.601735591888428,0.0,0.0,0.0,0.0,0.0,0.0,0.0,0.0,0.0,0.0,0.0,0.0,0.0,1.0,1.0,0.0,0,0,0,0,0,0,0,0.0,0.0,0.0836247478143914,0.0
5,1000,0,dpga,rpn,0.17470747232437134,-0.0,global_ddp_mean,2,0.0,3.1719300746917725,3.1719300746917725,0.0,0.0,0.0,0.0,0.0,0.0,0.0,0.0,0.0,0.0,0.0,0.0,0.0,1.0,1.0,0.0,0,0,0,0,0,0,0,0.0,0.0,0.0836247478143914,0.0
5,1000,0,dpga,roi_shared,0.17470747232437134,-0.0,global_ddp_mean,2,0.0,12.957681655883789,12.957681655883789,0.0,0.0,0.0,0.0,0.0,0.0,0.0,0.0,0.0,0.0,0.0,0.0,0.0,1.0,1.0,0.0,0,0,0,0,0,0,0,0.0,0.0,0.0836247478143914,0.0
5,1000,0,dpga,roi_cls,0.17470747232437134,-0.0,global_ddp_mean,2,0.0,9.492423057556152,9.492423057556152,0.0,0.0,0.0,0.0,0.0,0.0,0.0,0.0,0.0,0.0,0.0,0.0,0.0,1.0,1.0,0.0,0,0,0,0,0,0,0,0.0,0.0,0.0836247478143914,0.0
5,1000,0,dpga,roi_reg,0.17470747232437134,-0.0,global_ddp_mean,2,0.0,1.651070237159729,1.651070237159729,0.0,0.0,0.0,0.0,0.0,0.0,0.0,0.0,0.0,0.0,0.0,0.0,0.0,1.0,1.0,0.0,0,0,0,0,0,0,0,0.0,0.0,0.0836247478143914,0.0
5,1100,0,dpga,backbone,0.07364628463983536,0.0,global_ddp_mean,2,0.0,22.035015106201172,22.035015106201172,0.0,0.0,0.0,0.0,0.0,0.0,0.0,0.0,0.0,0.0,0.0,0.0,0.0,1.0,1.0,0.0,0,0,0,0,0,0,0,0.0,0.0,0.08698722259583054,0.0
5,1100,0,dpga,fpn,0.07364628463983536,0.0,global_ddp_mean,2,0.0,4.234768867492676,4.234768867492676,0.0,0.0,0.0,0.0,0.0,0.0,0.0,0.0,0.0,0.0,0.0,0.0,0.0,1.0,1.0,0.0,0,0,0,0,0,0,0,0.0,0.0,0.08698722259583054,0.0
5,1100,0,dpga,rpn,0.07364628463983536,0.0,global_ddp_mean,2,0.0,1.5021445751190186,1.5021445751190186,0.0,0.0,0.0,0.0,0.0,0.0,0.0,0.0,0.0,0.0,0.0,0.0,0.0,1.0,1.0,0.0,0,0,0,0,0,0,0,0.0,0.0,0.08698722259583054,0.0
5,1100,0,dpga,roi_shared,0.07364628463983536,0.0,global_ddp_mean,2,0.0,10.168769836425781,10.168769836425781,0.0,0.0,0.0,0.0,0.0,0.0,0.0,0.0,0.0,0.0,0.0,0.0,0.0,1.0,1.0,0.0,0,0,0,0,0,0,0,0.0,0.0,0.08698722259583054,0.0
5,1100,0,dpga,roi_cls,0.07364628463983536,0.0,global_ddp_mean,2,0.0,11.133926391601562,11.133926391601562,0.0,0.0,0.0,0.0,0.0,0.0,0.0,0.0,0.0,0.0,0.0,0.0,0.0,1.0,1.0,0.0,0,0,0,0,0,0,0,0.0,0.0,0.08698722259583054,0.0
5,1100,0,dpga,roi_reg,0.07364628463983536,0.0,global_ddp_mean,2,0.0,0.23581069707870483,0.23581069707870483,0.0,0.0,0.0,0.0,0.0,0.0,0.0,0.0,0.0,0.0,0.0,0.0,0.0,1.0,1.0,0.0,0,0,0,0,0,0,0,0.0,0.0,0.08698722259583054,0.0
5,1200,0,dpga,backbone,0.2240467518568039,0.0,global_ddp_mean,2,0.0,26.28297233581543,26.28297233581543,0.0,0.0,0.0,0.0,0.0,0.0,0.0,0.0,0.0,0.0,0.0,0.0,0.0,1.0,1.0,0.0,0,0,0,0,0,0,0,0.0,0.0,0.09034969737726968,0.0
5,1200,0,dpga,fpn,0.2240467518568039,0.0,global_ddp_mean,2,0.0,5.6047821044921875,5.6047821044921875,0.0,0.0,0.0,0.0,0.0,0.0,0.0,0.0,0.0,0.0,0.0,0.0,0.0,1.0,1.0,0.0,0,0,0,0,0,0,0,0.0,0.0,0.09034969737726968,0.0
5,1200,0,dpga,rpn,0.2240467518568039,0.0,global_ddp_mean,2,0.0,6.114335536956787,6.114335536956787,0.0,0.0,0.0,0.0,0.0,0.0,0.0,0.0,0.0,0.0,0.0,0.0,0.0,1.0,1.0,0.0,0,0,0,0,0,0,0,0.0,0.0,0.09034969737726968,0.0
5,1200,0,dpga,roi_shared,0.2240467518568039,0.0,global_ddp_mean,2,0.0,12.664360046386719,12.664360046386719,0.0,0.0,0.0,0.0,0.0,0.0,0.0,0.0,0.0,0.0,0.0,0.0,0.0,1.0,1.0,0.0,0,0,0,0,0,0,0,0.0,0.0,0.09034969737726968,0.0
5,1200,0,dpga,roi_cls,0.2240467518568039,0.0,global_ddp_mean,2,0.0,10.532063484191895,10.532063484191895,0.0,0.0,0.0,0.0,0.0,0.0,0.0,0.0,0.0,0.0,0.0,0.0,0.0,1.0,1.0,0.0,0,0,0,0,0,0,0,0.0,0.0,0.09034969737726968,0.0
5,1200,0,dpga,roi_reg,0.2240467518568039,0.0,global_ddp_mean,2,0.0,5.780987739562988,5.780987739562988,0.0,0.0,0.0,0.0,0.0,0.0,0.0,0.0,0.0,0.0,0.0,0.0,0.0,1.0,1.0,0.0,0,0,0,0,0,0,0,0.0,0.0,0.09034969737726968,0.0
5,1300,0,dpga,backbone,0.2587725520133972,0.0,global_ddp_mean,2,0.0,21.602680206298828,21.602680206298828,0.0,0.0,0.0,0.0,0.0,0.0,0.0,0.0,0.0,0.0,0.0,0.0,0.0,1.0,1.0,0.0,0,0,0,0,0,0,0,0.0,0.0,0.09371217215870882,0.0
5,1300,0,dpga,fpn,0.2587725520133972,0.0,global_ddp_mean,2,0.0,5.57061243057251,5.57061243057251,0.0,0.0,0.0,0.0,0.0,0.0,0.0,0.0,0.0,0.0,0.0,0.0,0.0,1.0,1.0,0.0,0,0,0,0,0,0,0,0.0,0.0,0.09371217215870882,0.0
5,1300,0,dpga,rpn,0.2587725520133972,0.0,global_ddp_mean,2,0.0,2.3061954975128174,2.3061954975128174,0.0,0.0,0.0,0.0,0.0,0.0,0.0,0.0,0.0,0.0,0.0,0.0,0.0,1.0,1.0,0.0,0,0,0,0,0,0,0,0.0,0.0,0.09371217215870882,0.0
5,1300,0,dpga,roi_shared,0.2587725520133972,0.0,global_ddp_mean,2,0.0,13.265656471252441,13.265656471252441,0.0,0.0,0.0,0.0,0.0,0.0,0.0,0.0,0.0,0.0,0.0,0.0,0.0,1.0,1.0,0.0,0,0,0,0,0,0,0,0.0,0.0,0.09371217215870882,0.0
5,1300,0,dpga,roi_cls,0.2587725520133972,0.0,global_ddp_mean,2,0.0,12.705135345458984,12.705135345458984,0.0,0.0,0.0,0.0,0.0,0.0,0.0,0.0,0.0,0.0,0.0,0.0,0.0,1.0,1.0,0.0,0,0,0,0,0,0,0,0.0,0.0,0.09371217215870882,0.0
5,1300,0,dpga,roi_reg,0.2587725520133972,0.0,global_ddp_mean,2,0.0,2.186177968978882,2.186177968978882,0.0,0.0,0.0,0.0,0.0,0.0,0.0,0.0,0.0,0.0,0.0,0.0,0.0,1.0,1.0,0.0,0,0,0,0,0,0,0,0.0,0.0,0.09371217215870882,0.0
5,1400,0,dpga,backbone,0.08594605326652527,0.0,global_ddp_mean,2,0.0,8.40077018737793,8.40077018737793,0.0,0.0,0.0,0.0,0.0,0.0,0.0,0.0,0.0,0.0,0.0,0.0,0.0,1.0,1.0,0.0,0,0,0,0,0,0,0,0.0,0.0,0.09707464694014796,0.0
5,1400,0,dpga,fpn,0.08594605326652527,0.0,global_ddp_mean,2,0.0,1.8463891744613647,1.8463891744613647,0.0,0.0,0.0,0.0,0.0,0.0,0.0,0.0,0.0,0.0,0.0,0.0,0.0,1.0,1.0,0.0,0,0,0,0,0,0,0,0.0,0.0,0.09707464694014796,0.0
5,1400,0,dpga,rpn,0.08594605326652527,0.0,global_ddp_mean,2,0.0,1.1526119709014893,1.1526119709014893,0.0,0.0,0.0,0.0,0.0,0.0,0.0,0.0,0.0,0.0,0.0,0.0,0.0,1.0,1.0,0.0,0,0,0,0,0,0,0,0.0,0.0,0.09707464694014796,0.0
5,1400,0,dpga,roi_shared,0.08594605326652527,0.0,global_ddp_mean,2,0.0,3.957352638244629,3.957352638244629,0.0,0.0,0.0,0.0,0.0,0.0,0.0,0.0,0.0,0.0,0.0,0.0,0.0,1.0,1.0,0.0,0,0,0,0,0,0,0,0.0,0.0,0.09707464694014796,0.0
5,1400,0,dpga,roi_cls,0.08594605326652527,0.0,global_ddp_mean,2,0.0,3.8893115520477295,3.8893115520477295,0.0,0.0,0.0,0.0,0.0,0.0,0.0,0.0,0.0,0.0,0.0,0.0,0.0,1.0,1.0,0.0,0,0,0,0,0,0,0,0.0,0.0,0.09707464694014796,0.0
5,1400,0,dpga,roi_reg,0.08594605326652527,0.0,global_ddp_mean,2,0.0,0.06970037519931793,0.06970037519931793,0.0,0.0,0.0,0.0,0.0,0.0,0.0,0.0,0.0,0.0,0.0,0.0,0.0,1.0,1.0,0.0,0,0,0,0,0,0,0,0.0,0.0,0.09707464694014796,0.0
6,0,0,dpga,backbone,0.008662753738462925,0.0,global_ddp_mean,2,0.0,1.7099039554595947,1.7099039554595947,0.0,0.0,0.0,0.0,0.0,0.0,0.0,0.0,0.0,0.0,0.0,0.0,0.0,1.0,1.0,0.0,0,0,0,0,0,0,0,0.0,0.0,0.1,0.0
6,0,0,dpga,fpn,0.008662753738462925,0.0,global_ddp_mean,2,0.0,0.22288882732391357,0.22288882732391357,0.0,0.0,0.0,0.0,0.0,0.0,0.0,0.0,0.0,0.0,0.0,0.0,0.0,1.0,1.0,0.0,0,0,0,0,0,0,0,0.0,0.0,0.1,0.0
6,0,0,dpga,rpn,0.008662753738462925,0.0,global_ddp_mean,2,0.0,0.5202887654304504,0.5202887654304504,0.0,0.0,0.0,0.0,0.0,0.0,0.0,0.0,0.0,0.0,0.0,0.0,0.0,1.0,1.0,0.0,0,0,0,0,0,0,0,0.0,0.0,0.1,0.0
6,0,0,dpga,roi_shared,0.008662753738462925,0.0,global_ddp_mean,2,0.0,0.0,0.0,0.0,0.0,0.0,0.0,0.0,0.0,0.0,0.0,0.0,0.0,0.0,0.0,0.0,0.0,0.0,90.0,0,0,0,0,0,0,0,0.0,0.0,0.1,0.0
6,0,0,dpga,roi_cls,0.008662753738462925,0.0,global_ddp_mean,2,0.0,0.0,0.0,0.0,0.0,0.0,0.0,0.0,0.0,0.0,0.0,0.0,0.0,0.0,0.0,0.0,0.0,0.0,90.0,0,0,0,0,0,0,0,0.0,0.0,0.1,0.0
6,0,0,dpga,roi_reg,0.008662753738462925,0.0,global_ddp_mean,2,0.0,0.0,0.0,0.0,0.0,0.0,0.0,0.0,0.0,0.0,0.0,0.0,0.0,0.0,0.0,0.0,0.0,0.0,90.0,0,0,0,0,0,0,0,0.0,0.0,0.1,0.0
6,100,0,dpga,backbone,0.3370494842529297,-0.0,global_ddp_mean,2,0.0,13.040325164794922,13.040325164794922,0.0,0.0,0.0,0.0,0.0,0.0,0.0,0.0,0.0,0.0,0.0,0.0,0.0,1.0,1.0,0.0,0,0,0,0,0,0,0,0.0,0.0,0.10336247478143915,0.0
6,100,0,dpga,fpn,0.3370494842529297,-0.0,global_ddp_mean,2,0.0,4.8607072830200195,4.8607072830200195,0.0,0.0,0.0,0.0,0.0,0.0,0.0,0.0,0.0,0.0,0.0,0.0,0.0,1.0,1.0,0.0,0,0,0,0,0,0,0,0.0,0.0,0.10336247478143915,0.0
6,100,0,dpga,rpn,0.3370494842529297,-0.0,global_ddp_mean,2,0.0,1.6600589752197266,1.6600589752197266,0.0,0.0,0.0,0.0,0.0,0.0,0.0,0.0,0.0,0.0,0.0,0.0,0.0,1.0,1.0,0.0,0,0,0,0,0,0,0,0.0,0.0,0.10336247478143915,0.0
6,100,0,dpga,roi_shared,0.3370494842529297,-0.0,global_ddp_mean,2,0.0,11.526637077331543,11.526637077331543,0.0,0.0,0.0,0.0,0.0,0.0,0.0,0.0,0.0,0.0,0.0,0.0,0.0,1.0,1.0,0.0,0,0,0,0,0,0,0,0.0,0.0,0.10336247478143915,0.0
6,100,0,dpga,roi_cls,0.3370494842529297,-0.0,global_ddp_mean,2,0.0,10.441612243652344,10.441612243652344,0.0,0.0,0.0,0.0,0.0,0.0,0.0,0.0,0.0,0.0,0.0,0.0,0.0,1.0,1.0,0.0,0,0,0,0,0,0,0,0.0,0.0,0.10336247478143915,0.0
6,100,0,dpga,roi_reg,0.3370494842529297,-0.0,global_ddp_mean,2,0.0,3.4259982109069824,3.4259982109069824,0.0,0.0,0.0,0.0,0.0,0.0,0.0,0.0,0.0,0.0,0.0,0.0,0.0,1.0,1.0,0.0,0,0,0,0,0,0,0,0.0,0.0,0.10336247478143915,0.0
6,200,0,dpga,backbone,1.4346226453781128,-0.0,global_ddp_mean,2,0.0,50.8349723815918,50.8349723815918,0.0,0.0,0.0,0.0,0.0,0.0,0.0,0.0,0.0,0.0,0.0,0.0,0.0,1.0,1.0,0.0,0,0,0,0,0,0,0,0.0,0.0,0.10672494956287829,0.0
6,200,0,dpga,fpn,1.4346226453781128,-0.0,global_ddp_mean,2,0.0,8.495630264282227,8.495630264282227,0.0,0.0,0.0,0.0,0.0,0.0,0.0,0.0,0.0,0.0,0.0,0.0,0.0,1.0,1.0,0.0,0,0,0,0,0,0,0,0.0,0.0,0.10672494956287829,0.0
6,200,0,dpga,rpn,1.4346226453781128,-0.0,global_ddp_mean,2,0.0,7.04553747177124,7.04553747177124,0.0,0.0,0.0,0.0,0.0,0.0,0.0,0.0,0.0,0.0,0.0,0.0,0.0,1.0,1.0,0.0,0,0,0,0,0,0,0,0.0,0.0,0.10672494956287829,0.0
6,200,0,dpga,roi_shared,1.4346226453781128,-0.0,global_ddp_mean,2,0.0,17.67298126220703,17.67298126220703,0.0,0.0,0.0,0.0,0.0,0.0,0.0,0.0,0.0,0.0,0.0,0.0,0.0,1.0,1.0,0.0,0,0,0,0,0,0,0,0.0,0.0,0.10672494956287829,0.0
6,200,0,dpga,roi_cls,1.4346226453781128,-0.0,global_ddp_mean,2,0.0,17.1664981842041,17.1664981842041,0.0,0.0,0.0,0.0,0.0,0.0,0.0,0.0,0.0,0.0,0.0,0.0,0.0,1.0,1.0,0.0,0,0,0,0,0,0,0,0.0,0.0,0.10672494956287829,0.0
6,200,0,dpga,roi_reg,1.4346226453781128,-0.0,global_ddp_mean,2,0.0,6.568866729736328,6.568866729736328,0.0,0.0,0.0,0.0,0.0,0.0,0.0,0.0,0.0,0.0,0.0,0.0,0.0,1.0,1.0,0.0,0,0,0,0,0,0,0,0.0,0.0,0.10672494956287829,0.0
6,300,0,dpga,backbone,0.1829986274242401,-0.0,global_ddp_mean,2,0.0,8.716202735900879,8.716202735900879,0.0,0.0,0.0,0.0,0.0,0.0,0.0,0.0,0.0,0.0,0.0,0.0,0.0,1.0,1.0,0.0,0,0,0,0,0,0,0,0.0,0.0,0.11008742434431742,0.0
6,300,0,dpga,fpn,0.1829986274242401,-0.0,global_ddp_mean,2,0.0,1.8348339796066284,1.8348339796066284,0.0,0.0,0.0,0.0,0.0,0.0,0.0,0.0,0.0,0.0,0.0,0.0,0.0,1.0,1.0,0.0,0,0,0,0,0,0,0,0.0,0.0,0.11008742434431742,0.0
6,300,0,dpga,rpn,0.1829986274242401,-0.0,global_ddp_mean,2,0.0,2.59525203704834,2.59525203704834,0.0,0.0,0.0,0.0,0.0,0.0,0.0,0.0,0.0,0.0,0.0,0.0,0.0,1.0,1.0,0.0,0,0,0,0,0,0,0,0.0,0.0,0.11008742434431742,0.0
6,300,0,dpga,roi_shared,0.1829986274242401,-0.0,global_ddp_mean,2,0.0,3.2783596515655518,3.2783596515655518,0.0,0.0,0.0,0.0,0.0,0.0,0.0,0.0,0.0,0.0,0.0,0.0,0.0,1.0,1.0,0.0,0,0,0,0,0,0,0,0.0,0.0,0.11008742434431742,0.0
6,300,0,dpga,roi_cls,0.1829986274242401,-0.0,global_ddp_mean,2,0.0,2.5142996311187744,2.5142996311187744,0.0,0.0,0.0,0.0,0.0,0.0,0.0,0.0,0.0,0.0,0.0,0.0,0.0,1.0,1.0,0.0,0,0,0,0,0,0,0,0.0,0.0,0.11008742434431742,0.0
6,300,0,dpga,roi_reg,0.1829986274242401,-0.0,global_ddp_mean,2,0.0,1.8294223546981812,1.8294223546981812,0.0,0.0,0.0,0.0,0.0,0.0,0.0,0.0,0.0,0.0,0.0,0.0,0.0,1.0,1.0,0.0,0,0,0,0,0,0,0,0.0,0.0,0.11008742434431742,0.0
6,400,0,dpga,backbone,0.04949304088950157,-0.0,global_ddp_mean,2,0.0,5.077530384063721,5.077530384063721,0.0,0.0,0.0,0.0,0.0,0.0,0.0,0.0,0.0,0.0,0.0,0.0,0.0,1.0,1.0,0.0,0,0,0,0,0,0,0,0.0,0.0,0.11344989912575656,0.0
6,400,0,dpga,fpn,0.04949304088950157,-0.0,global_ddp_mean,2,0.0,1.7227330207824707,1.7227330207824707,0.0,0.0,0.0,0.0,0.0,0.0,0.0,0.0,0.0,0.0,0.0,0.0,0.0,1.0,1.0,0.0,0,0,0,0,0,0,0,0.0,0.0,0.11344989912575656,0.0
6,400,0,dpga,rpn,0.04949304088950157,-0.0,global_ddp_mean,2,0.0,0.6846736669540405,0.6846736669540405,0.0,0.0,0.0,0.0,0.0,0.0,0.0,0.0,0.0,0.0,0.0,0.0,0.0,1.0,1.0,0.0,0,0,0,0,0,0,0,0.0,0.0,0.11344989912575656,0.0
6,400,0,dpga,roi_shared,0.04949304088950157,-0.0,global_ddp_mean,2,0.0,3.930272102355957,3.930272102355957,0.0,0.0,0.0,0.0,0.0,0.0,0.0,0.0,0.0,0.0,0.0,0.0,0.0,1.0,1.0,0.0,0,0,0,0,0,0,0,0.0,0.0,0.11344989912575656,0.0
6,400,0,dpga,roi_cls,0.04949304088950157,-0.0,global_ddp_mean,2,0.0,3.986773729324341,3.986773729324341,0.0,0.0,0.0,0.0,0.0,0.0,0.0,0.0,0.0,0.0,0.0,0.0,0.0,1.0,1.0,0.0,0,0,0,0,0,0,0,0.0,0.0,0.11344989912575656,0.0
6,400,0,dpga,roi_reg,0.04949304088950157,-0.0,global_ddp_mean,2,0.0,0.14864669740200043,0.14864669740200043,0.0,0.0,0.0,0.0,0.0,0.0,0.0,0.0,0.0,0.0,0.0,0.0,0.0,1.0,1.0,0.0,0,0,0,0,0,0,0,0.0,0.0,0.11344989912575656,0.0
6,500,0,dpga,backbone,0.23430389165878296,-0.0,global_ddp_mean,2,0.0,7.264451026916504,7.264451026916504,0.0,0.0,0.0,0.0,0.0,0.0,0.0,0.0,0.0,0.0,0.0,0.0,0.0,1.0,1.0,0.0,0,0,0,0,0,0,0,0.0,0.0,0.1168123739071957,0.0
6,500,0,dpga,fpn,0.23430389165878296,-0.0,global_ddp_mean,2,0.0,2.4728498458862305,2.4728498458862305,0.0,0.0,0.0,0.0,0.0,0.0,0.0,0.0,0.0,0.0,0.0,0.0,0.0,1.0,1.0,0.0,0,0,0,0,0,0,0,0.0,0.0,0.1168123739071957,0.0
6,500,0,dpga,rpn,0.23430389165878296,-0.0,global_ddp_mean,2,0.0,1.500981092453003,1.500981092453003,0.0,0.0,0.0,0.0,0.0,0.0,0.0,0.0,0.0,0.0,0.0,0.0,0.0,1.0,1.0,0.0,0,0,0,0,0,0,0,0.0,0.0,0.1168123739071957,0.0
6,500,0,dpga,roi_shared,0.23430389165878296,-0.0,global_ddp_mean,2,0.0,5.877499580383301,5.877499580383301,0.0,0.0,0.0,0.0,0.0,0.0,0.0,0.0,0.0,0.0,0.0,0.0,0.0,1.0,1.0,0.0,0,0,0,0,0,0,0,0.0,0.0,0.1168123739071957,0.0
6,500,0,dpga,roi_cls,0.23430389165878296,-0.0,global_ddp_mean,2,0.0,4.073816299438477,4.073816299438477,0.0,0.0,0.0,0.0,0.0,0.0,0.0,0.0,0.0,0.0,0.0,0.0,0.0,1.0,1.0,0.0,0,0,0,0,0,0,0,0.0,0.0,0.1168123739071957,0.0
6,500,0,dpga,roi_reg,0.23430389165878296,-0.0,global_ddp_mean,2,0.0,1.1361268758773804,1.1361268758773804,0.0,0.0,0.0,0.0,0.0,0.0,0.0,0.0,0.0,0.0,0.0,0.0,0.0,1.0,1.0,0.0,0,0,0,0,0,0,0,0.0,0.0,0.1168123739071957,0.0
6,600,0,dpga,backbone,0.14890603721141815,0.0,global_ddp_mean,2,0.0,20.135652542114258,20.135652542114258,0.0,0.0,0.0,0.0,0.0,0.0,0.0,0.0,0.0,0.0,0.0,0.0,0.0,1.0,1.0,0.0,0,0,0,0,0,0,0,0.0,0.0,0.12017484868863484,0.0
6,600,0,dpga,fpn,0.14890603721141815,0.0,global_ddp_mean,2,0.0,4.370609760284424,4.370609760284424,0.0,0.0,0.0,0.0,0.0,0.0,0.0,0.0,0.0,0.0,0.0,0.0,0.0,1.0,1.0,0.0,0,0,0,0,0,0,0,0.0,0.0,0.12017484868863484,0.0
6,600,0,dpga,rpn,0.14890603721141815,0.0,global_ddp_mean,2,0.0,2.4878034591674805,2.4878034591674805,0.0,0.0,0.0,0.0,0.0,0.0,0.0,0.0,0.0,0.0,0.0,0.0,0.0,1.0,1.0,0.0,0,0,0,0,0,0,0,0.0,0.0,0.12017484868863484,0.0
6,600,0,dpga,roi_shared,0.14890603721141815,0.0,global_ddp_mean,2,0.0,10.947644233703613,10.947644233703613,0.0,0.0,0.0,0.0,0.0,0.0,0.0,0.0,0.0,0.0,0.0,0.0,0.0,1.0,1.0,0.0,0,0,0,0,0,0,0,0.0,0.0,0.12017484868863484,0.0
6,600,0,dpga,roi_cls,0.14890603721141815,0.0,global_ddp_mean,2,0.0,12.949487686157227,12.949487686157227,0.0,0.0,0.0,0.0,0.0,0.0,0.0,0.0,0.0,0.0,0.0,0.0,0.0,1.0,1.0,0.0,0,0,0,0,0,0,0,0.0,0.0,0.12017484868863484,0.0
6,600,0,dpga,roi_reg,0.14890603721141815,0.0,global_ddp_mean,2,0.0,1.1532996892929077,1.1532996892929077,0.0,0.0,0.0,0.0,0.0,0.0,0.0,0.0,0.0,0.0,0.0,0.0,0.0,1.0,1.0,0.0,0,0,0,0,0,0,0,0.0,0.0,0.12017484868863484,0.0
6,700,0,dpga,backbone,0.5697346925735474,0.0,global_ddp_mean,2,0.0,30.13885498046875,30.13885498046875,0.0,0.0,0.0,0.0,0.0,0.0,0.0,0.0,0.0,0.0,0.0,0.0,0.0,1.0,1.0,0.0,0,0,0,0,0,0,0,0.0,0.0,0.12353732347007398,0.0
6,700,0,dpga,fpn,0.5697346925735474,0.0,global_ddp_mean,2,0.0,5.414266586303711,5.414266586303711,0.0,0.0,0.0,0.0,0.0,0.0,0.0,0.0,0.0,0.0,0.0,0.0,0.0,1.0,1.0,0.0,0,0,0,0,0,0,0,0.0,0.0,0.12353732347007398,0.0
6,700,0,dpga,rpn,0.5697346925735474,0.0,global_ddp_mean,2,0.0,8.498151779174805,8.498151779174805,0.0,0.0,0.0,0.0,0.0,0.0,0.0,0.0,0.0,0.0,0.0,0.0,0.0,1.0,1.0,0.0,0,0,0,0,0,0,0,0.0,0.0,0.12353732347007398,0.0
6,700,0,dpga,roi_shared,0.5697346925735474,0.0,global_ddp_mean,2,0.0,8.734213829040527,8.734213829040527,0.0,0.0,0.0,0.0,0.0,0.0,0.0,0.0,0.0,0.0,0.0,0.0,0.0,1.0,1.0,0.0,0,0,0,0,0,0,0,0.0,0.0,0.12353732347007398,0.0
6,700,0,dpga,roi_cls,0.5697346925735474,0.0,global_ddp_mean,2,0.0,8.145960807800293,8.145960807800293,0.0,0.0,0.0,0.0,0.0,0.0,0.0,0.0,0.0,0.0,0.0,0.0,0.0,1.0,1.0,0.0,0,0,0,0,0,0,0,0.0,0.0,0.12353732347007398,0.0
6,700,0,dpga,roi_reg,0.5697346925735474,0.0,global_ddp_mean,2,0.0,4.927022933959961,4.927022933959961,0.0,0.0,0.0,0.0,0.0,0.0,0.0,0.0,0.0,0.0,0.0,0.0,0.0,1.0,1.0,0.0,0,0,0,0,0,0,0,0.0,0.0,0.12353732347007398,0.0
6,800,0,dpga,backbone,0.06082228198647499,-0.0,global_ddp_mean,2,0.0,3.338268756866455,3.338268756866455,0.0,0.0,0.0,0.0,0.0,0.0,0.0,0.0,0.0,0.0,0.0,0.0,0.0,1.0,1.0,0.0,0,0,0,0,0,0,0,0.0,0.0,0.12689979825151312,0.0
6,800,0,dpga,fpn,0.06082228198647499,-0.0,global_ddp_mean,2,0.0,0.567410945892334,0.567410945892334,0.0,0.0,0.0,0.0,0.0,0.0,0.0,0.0,0.0,0.0,0.0,0.0,0.0,1.0,1.0,0.0,0,0,0,0,0,0,0,0.0,0.0,0.12689979825151312,0.0
6,800,0,dpga,rpn,0.06082228198647499,-0.0,global_ddp_mean,2,0.0,0.6876245737075806,0.6876245737075806,0.0,0.0,0.0,0.0,0.0,0.0,0.0,0.0,0.0,0.0,0.0,0.0,0.0,1.0,1.0,0.0,0,0,0,0,0,0,0,0.0,0.0,0.12689979825151312,0.0
6,800,0,dpga,roi_shared,0.06082228198647499,-0.0,global_ddp_mean,2,0.0,1.1795614957809448,1.1795614957809448,0.0,0.0,0.0,0.0,0.0,0.0,0.0,0.0,0.0,0.0,0.0,0.0,0.0,1.0,1.0,0.0,0,0,0,0,0,0,0,0.0,0.0,0.12689979825151312,0.0
6,800,0,dpga,roi_cls,0.06082228198647499,-0.0,global_ddp_mean,2,0.0,1.050655722618103,1.050655722618103,0.0,0.0,0.0,0.0,0.0,0.0,0.0,0.0,0.0,0.0,0.0,0.0,0.0,1.0,1.0,0.0,0,0,0,0,0,0,0,0.0,0.0,0.12689979825151312,0.0
6,800,0,dpga,roi_reg,0.06082228198647499,-0.0,global_ddp_mean,2,0.0,0.35520029067993164,0.35520029067993164,0.0,0.0,0.0,0.0,0.0,0.0,0.0,0.0,0.0,0.0,0.0,0.0,0.0,1.0,1.0,0.0,0,0,0,0,0,0,0,0.0,0.0,0.12689979825151312,0.0
6,900,0,dpga,backbone,0.03980821371078491,0.0,global_ddp_mean,2,0.0,1.8335188627243042,1.8335188627243042,0.0,0.0,0.0,0.0,0.0,0.0,0.0,0.0,0.0,0.0,0.0,0.0,0.0,1.0,1.0,0.0,0,0,0,0,0,0,0,0.0,0.0,0.13026227303295226,0.0
6,900,0,dpga,fpn,0.03980821371078491,0.0,global_ddp_mean,2,0.0,0.36541953682899475,0.36541953682899475,0.0,0.0,0.0,0.0,0.0,0.0,0.0,0.0,0.0,0.0,0.0,0.0,0.0,1.0,1.0,0.0,0,0,0,0,0,0,0,0.0,0.0,0.13026227303295226,0.0
6,900,0,dpga,rpn,0.03980821371078491,0.0,global_ddp_mean,2,0.0,0.3301282525062561,0.3301282525062561,0.0,0.0,0.0,0.0,0.0,0.0,0.0,0.0,0.0,0.0,0.0,0.0,0.0,1.0,1.0,0.0,0,0,0,0,0,0,0,0.0,0.0,0.13026227303295226,0.0
6,900,0,dpga,roi_shared,0.03980821371078491,0.0,global_ddp_mean,2,0.0,0.6889855861663818,0.6889855861663818,0.0,0.0,0.0,0.0,0.0,0.0,0.0,0.0,0.0,0.0,0.0,0.0,0.0,1.0,1.0,0.0,0,0,0,0,0,0,0,0.0,0.0,0.13026227303295226,0.0
6,900,0,dpga,roi_cls,0.03980821371078491,0.0,global_ddp_mean,2,0.0,0.5097066760063171,0.5097066760063171,0.0,0.0,0.0,0.0,0.0,0.0,0.0,0.0,0.0,0.0,0.0,0.0,0.0,1.0,1.0,0.0,0,0,0,0,0,0,0,0.0,0.0,0.13026227303295226,0.0
6,900,0,dpga,roi_reg,0.03980821371078491,0.0,global_ddp_mean,2,0.0,0.4405604302883148,0.4405604302883148,0.0,0.0,0.0,0.0,0.0,0.0,0.0,0.0,0.0,0.0,0.0,0.0,0.0,1.0,1.0,0.0,0,0,0,0,0,0,0,0.0,0.0,0.13026227303295226,0.0
6,1000,0,dpga,backbone,0.0020479147788137197,0.0,global_ddp_mean,2,0.0,2.9832022190093994,2.9832022190093994,0.0,0.0,0.0,0.0,0.0,0.0,0.0,0.0,0.0,0.0,0.0,0.0,0.0,1.0,1.0,0.0,0,0,0,0,0,0,0,0.0,0.0,0.1336247478143914,0.0
6,1000,0,dpga,fpn,0.0020479147788137197,0.0,global_ddp_mean,2,0.0,0.5727151036262512,0.5727151036262512,0.0,0.0,0.0,0.0,0.0,0.0,0.0,0.0,0.0,0.0,0.0,0.0,0.0,1.0,1.0,0.0,0,0,0,0,0,0,0,0.0,0.0,0.1336247478143914,0.0
6,1000,0,dpga,rpn,0.0020479147788137197,0.0,global_ddp_mean,2,0.0,0.5180515050888062,0.5180515050888062,0.0,0.0,0.0,0.0,0.0,0.0,0.0,0.0,0.0,0.0,0.0,0.0,0.0,1.0,1.0,0.0,0,0,0,0,0,0,0,0.0,0.0,0.1336247478143914,0.0
6,1000,0,dpga,roi_shared,0.0020479147788137197,0.0,global_ddp_mean,2,0.0,0.9416102170944214,0.9416102170944214,0.0,0.0,0.0,0.0,0.0,0.0,0.0,0.0,0.0,0.0,0.0,0.0,0.0,1.0,1.0,0.0,0,0,0,0,0,0,0,0.0,0.0,0.1336247478143914,0.0
6,1000,0,dpga,roi_cls,0.0020479147788137197,0.0,global_ddp_mean,2,0.0,0.836460292339325,0.836460292339325,0.0,0.0,0.0,0.0,0.0,0.0,0.0,0.0,0.0,0.0,0.0,0.0,0.0,1.0,1.0,0.0,0,0,0,0,0,0,0,0.0,0.0,0.1336247478143914,0.0
6,1000,0,dpga,roi_reg,0.0020479147788137197,0.0,global_ddp_mean,2,0.0,0.0,0.0,0.0,0.0,0.0,0.0,0.0,0.0,0.0,0.0,0.0,0.0,0.0,0.0,0.0,0.0,0.0,90.0,0,0,0,0,0,0,0,0.0,0.0,0.1336247478143914,0.0
6,1100,0,dpga,backbone,0.009709916077554226,0.0,global_ddp_mean,2,0.0,9.518413543701172,9.518413543701172,0.0,0.0,0.0,0.0,0.0,0.0,0.0,0.0,0.0,0.0,0.0,0.0,0.0,1.0,1.0,0.0,0,0,0,0,0,0,0,0.0,0.0,0.13698722259583054,0.0
6,1100,0,dpga,fpn,0.009709916077554226,0.0,global_ddp_mean,2,0.0,2.080883502960205,2.080883502960205,0.0,0.0,0.0,0.0,0.0,0.0,0.0,0.0,0.0,0.0,0.0,0.0,0.0,1.0,1.0,0.0,0,0,0,0,0,0,0,0.0,0.0,0.13698722259583054,0.0
6,1100,0,dpga,rpn,0.009709916077554226,0.0,global_ddp_mean,2,0.0,2.7927846908569336,2.7927846908569336,0.0,0.0,0.0,0.0,0.0,0.0,0.0,0.0,0.0,0.0,0.0,0.0,0.0,1.0,1.0,0.0,0,0,0,0,0,0,0,0.0,0.0,0.13698722259583054,0.0
6,1100,0,dpga,roi_shared,0.009709916077554226,0.0,global_ddp_mean,2,0.0,2.6303141117095947,2.6303141117095947,0.0,0.0,0.0,0.0,0.0,0.0,0.0,0.0,0.0,0.0,0.0,0.0,0.0,1.0,1.0,0.0,0,0,0,0,0,0,0,0.0,0.0,0.13698722259583054,0.0
6,1100,0,dpga,roi_cls,0.009709916077554226,0.0,global_ddp_mean,2,0.0,1.6836190223693848,1.6836190223693848,0.0,0.0,0.0,0.0,0.0,0.0,0.0,0.0,0.0,0.0,0.0,0.0,0.0,1.0,1.0,0.0,0,0,0,0,0,0,0,0.0,0.0,0.13698722259583054,0.0
6,1100,0,dpga,roi_reg,0.009709916077554226,0.0,global_ddp_mean,2,0.0,1.9866228103637695,1.9866228103637695,0.0,0.0,0.0,0.0,0.0,0.0,0.0,0.0,0.0,0.0,0.0,0.0,0.0,1.0,1.0,0.0,0,0,0,0,0,0,0,0.0,0.0,0.13698722259583054,0.0
6,1200,0,dpga,backbone,0.06249502673745155,-0.0,global_ddp_mean,2,0.0,16.8131046295166,16.8131046295166,0.0,0.0,0.0,0.0,0.0,0.0,0.0,0.0,0.0,0.0,0.0,0.0,0.0,1.0,1.0,0.0,0,0,0,0,0,0,0,0.0,0.0,0.14034969737726968,0.0
6,1200,0,dpga,fpn,0.06249502673745155,-0.0,global_ddp_mean,2,0.0,2.9632883071899414,2.9632883071899414,0.0,0.0,0.0,0.0,0.0,0.0,0.0,0.0,0.0,0.0,0.0,0.0,0.0,1.0,1.0,0.0,0,0,0,0,0,0,0,0.0,0.0,0.14034969737726968,0.0
6,1200,0,dpga,rpn,0.06249502673745155,-0.0,global_ddp_mean,2,0.0,1.7953853607177734,1.7953853607177734,0.0,0.0,0.0,0.0,0.0,0.0,0.0,0.0,0.0,0.0,0.0,0.0,0.0,1.0,1.0,0.0,0,0,0,0,0,0,0,0.0,0.0,0.14034969737726968,0.0
6,1200,0,dpga,roi_shared,0.06249502673745155,-0.0,global_ddp_mean,2,0.0,6.95636510848999,6.95636510848999,0.0,0.0,0.0,0.0,0.0,0.0,0.0,0.0,0.0,0.0,0.0,0.0,0.0,1.0,1.0,0.0,0,0,0,0,0,0,0,0.0,0.0,0.14034969737726968,0.0
6,1200,0,dpga,roi_cls,0.06249502673745155,-0.0,global_ddp_mean,2,0.0,8.185526847839355,8.185526847839355,0.0,0.0,0.0,0.0,0.0,0.0,0.0,0.0,0.0,0.0,0.0,0.0,0.0,1.0,1.0,0.0,0,0,0,0,0,0,0,0.0,0.0,0.14034969737726968,0.0
6,1200,0,dpga,roi_reg,0.06249502673745155,-0.0,global_ddp_mean,2,0.0,0.2698618471622467,0.2698618471622467,0.0,0.0,0.0,0.0,0.0,0.0,0.0,0.0,0.0,0.0,0.0,0.0,0.0,1.0,1.0,0.0,0,0,0,0,0,0,0,0.0,0.0,0.14034969737726968,0.0
6,1300,0,dpga,backbone,0.21886089444160461,-0.0,global_ddp_mean,2,0.0,9.504950523376465,9.504950523376465,0.0,0.0,0.0,0.0,0.0,0.0,0.0,0.0,0.0,0.0,0.0,0.0,0.0,1.0,1.0,0.0,0,0,0,0,0,0,0,0.0,0.0,0.14371217215870882,0.0
6,1300,0,dpga,fpn,0.21886089444160461,-0.0,global_ddp_mean,2,0.0,1.4094709157943726,1.4094709157943726,0.0,0.0,0.0,0.0,0.0,0.0,0.0,0.0,0.0,0.0,0.0,0.0,0.0,1.0,1.0,0.0,0,0,0,0,0,0,0,0.0,0.0,0.14371217215870882,0.0
6,1300,0,dpga,rpn,0.21886089444160461,-0.0,global_ddp_mean,2,0.0,2.379185438156128,2.379185438156128,0.0,0.0,0.0,0.0,0.0,0.0,0.0,0.0,0.0,0.0,0.0,0.0,0.0,1.0,1.0,0.0,0,0,0,0,0,0,0,0.0,0.0,0.14371217215870882,0.0
6,1300,0,dpga,roi_shared,0.21886089444160461,-0.0,global_ddp_mean,2,0.0,1.5064918994903564,1.5064918994903564,0.0,0.0,0.0,0.0,0.0,0.0,0.0,0.0,0.0,0.0,0.0,0.0,0.0,1.0,1.0,0.0,0,0,0,0,0,0,0,0.0,0.0,0.14371217215870882,0.0
6,1300,0,dpga,roi_cls,0.21886089444160461,-0.0,global_ddp_mean,2,0.0,0.9675915837287903,0.9675915837287903,0.0,0.0,0.0,0.0,0.0,0.0,0.0,0.0,0.0,0.0,0.0,0.0,0.0,1.0,1.0,0.0,0,0,0,0,0,0,0,0.0,0.0,0.14371217215870882,0.0
6,1300,0,dpga,roi_reg,0.21886089444160461,-0.0,global_ddp_mean,2,0.0,1.1298003196716309,1.1298003196716309,0.0,0.0,0.0,0.0,0.0,0.0,0.0,0.0,0.0,0.0,0.0,0.0,0.0,1.0,1.0,0.0,0,0,0,0,0,0,0,0.0,0.0,0.14371217215870882,0.0
6,1400,0,dpga,backbone,0.2369147092103958,-0.0,global_ddp_mean,2,0.0,6.099015235900879,6.099015235900879,0.0,0.0,0.0,0.0,0.0,0.0,0.0,0.0,0.0,0.0,0.0,0.0,0.0,1.0,1.0,0.0,0,0,0,0,0,0,0,0.0,0.0,0.14707464694014796,0.0
6,1400,0,dpga,fpn,0.2369147092103958,-0.0,global_ddp_mean,2,0.0,1.1564232110977173,1.1564232110977173,0.0,0.0,0.0,0.0,0.0,0.0,0.0,0.0,0.0,0.0,0.0,0.0,0.0,1.0,1.0,0.0,0,0,0,0,0,0,0,0.0,0.0,0.14707464694014796,0.0
6,1400,0,dpga,rpn,0.2369147092103958,-0.0,global_ddp_mean,2,0.0,2.0761351585388184,2.0761351585388184,0.0,0.0,0.0,0.0,0.0,0.0,0.0,0.0,0.0,0.0,0.0,0.0,0.0,1.0,1.0,0.0,0,0,0,0,0,0,0,0.0,0.0,0.14707464694014796,0.0
6,1400,0,dpga,roi_shared,0.2369147092103958,-0.0,global_ddp_mean,2,0.0,2.367105722427368,2.367105722427368,0.0,0.0,0.0,0.0,0.0,0.0,0.0,0.0,0.0,0.0,0.0,0.0,0.0,1.0,1.0,0.0,0,0,0,0,0,0,0,0.0,0.0,0.14707464694014796,0.0
6,1400,0,dpga,roi_cls,0.2369147092103958,-0.0,global_ddp_mean,2,0.0,1.71788489818573,1.71788489818573,0.0,0.0,0.0,0.0,0.0,0.0,0.0,0.0,0.0,0.0,0.0,0.0,0.0,1.0,1.0,0.0,0,0,0,0,0,0,0,0.0,0.0,0.14707464694014796,0.0
6,1400,0,dpga,roi_reg,0.2369147092103958,-0.0,global_ddp_mean,2,0.0,1.795607089996338,1.795607089996338,0.0,0.0,0.0,0.0,0.0,0.0,0.0,0.0,0.0,0.0,0.0,0.0,0.0,1.0,1.0,0.0,0,0,0,0,0,0,0,0.0,0.0,0.14707464694014796,0.0
7,0,0,dpga,backbone,0.06884045898914337,0.0,global_ddp_mean,2,0.0,8.628972053527832,8.628972053527832,0.0,0.0,0.0,0.0,0.0,0.0,0.0,0.0,0.0,0.0,0.0,0.0,0.0,1.0,1.0,0.0,0,0,0,0,0,0,0,0.0,0.0,0.15000000000000002,0.0
7,0,0,dpga,fpn,0.06884045898914337,0.0,global_ddp_mean,2,0.0,1.77278470993042,1.77278470993042,0.0,0.0,0.0,0.0,0.0,0.0,0.0,0.0,0.0,0.0,0.0,0.0,0.0,1.0,1.0,0.0,0,0,0,0,0,0,0,0.0,0.0,0.15000000000000002,0.0
7,0,0,dpga,rpn,0.06884045898914337,0.0,global_ddp_mean,2,0.0,1.3734207153320312,1.3734207153320312,0.0,0.0,0.0,0.0,0.0,0.0,0.0,0.0,0.0,0.0,0.0,0.0,0.0,1.0,1.0,0.0,0,0,0,0,0,0,0,0.0,0.0,0.15000000000000002,0.0
7,0,0,dpga,roi_shared,0.06884045898914337,0.0,global_ddp_mean,2,0.0,4.811318874359131,4.811318874359131,0.0,0.0,0.0,0.0,0.0,0.0,0.0,0.0,0.0,0.0,0.0,0.0,0.0,1.0,1.0,0.0,0,0,0,0,0,0,0,0.0,0.0,0.15000000000000002,0.0
7,0,0,dpga,roi_cls,0.06884045898914337,0.0,global_ddp_mean,2,0.0,3.6735455989837646,3.6735455989837646,0.0,0.0,0.0,0.0,0.0,0.0,0.0,0.0,0.0,0.0,0.0,0.0,0.0,1.0,1.0,0.0,0,0,0,0,0,0,0,0.0,0.0,0.15000000000000002,0.0
7,0,0,dpga,roi_reg,0.06884045898914337,0.0,global_ddp_mean,2,0.0,2.1907150745391846,2.1907150745391846,0.0,0.0,0.0,0.0,0.0,0.0,0.0,0.0,0.0,0.0,0.0,0.0,0.0,1.0,1.0,0.0,0,0,0,0,0,0,0,0.0,0.0,0.15000000000000002,0.0
7,100,0,dpga,backbone,0.11262565106153488,0.0,global_ddp_mean,2,0.0,4.364409446716309,4.364409446716309,0.0,0.0,0.0,0.0,0.0,0.0,0.0,0.0,0.0,0.0,0.0,0.0,0.0,1.0,1.0,0.0,0,0,0,0,0,0,0,0.0,0.0,0.15336247478143916,0.0
7,100,0,dpga,fpn,0.11262565106153488,0.0,global_ddp_mean,2,0.0,1.128180742263794,1.128180742263794,0.0,0.0,0.0,0.0,0.0,0.0,0.0,0.0,0.0,0.0,0.0,0.0,0.0,1.0,1.0,0.0,0,0,0,0,0,0,0,0.0,0.0,0.15336247478143916,0.0
7,100,0,dpga,rpn,0.11262565106153488,0.0,global_ddp_mean,2,0.0,1.2344708442687988,1.2344708442687988,0.0,0.0,0.0,0.0,0.0,0.0,0.0,0.0,0.0,0.0,0.0,0.0,0.0,1.0,1.0,0.0,0,0,0,0,0,0,0,0.0,0.0,0.15336247478143916,0.0
7,100,0,dpga,roi_shared,0.11262565106153488,0.0,global_ddp_mean,2,0.0,2.4730076789855957,2.4730076789855957,0.0,0.0,0.0,0.0,0.0,0.0,0.0,0.0,0.0,0.0,0.0,0.0,0.0,1.0,1.0,0.0,0,0,0,0,0,0,0,0.0,0.0,0.15336247478143916,0.0
7,100,0,dpga,roi_cls,0.11262565106153488,0.0,global_ddp_mean,2,0.0,1.6538680791854858,1.6538680791854858,0.0,0.0,0.0,0.0,0.0,0.0,0.0,0.0,0.0,0.0,0.0,0.0,0.0,1.0,1.0,0.0,0,0,0,0,0,0,0,0.0,0.0,0.15336247478143916,0.0
7,100,0,dpga,roi_reg,0.11262565106153488,0.0,global_ddp_mean,2,0.0,2.0786280632019043,2.0786280632019043,0.0,0.0,0.0,0.0,0.0,0.0,0.0,0.0,0.0,0.0,0.0,0.0,0.0,1.0,1.0,0.0,0,0,0,0,0,0,0,0.0,0.0,0.15336247478143916,0.0
7,200,0,dpga,backbone,0.08625539392232895,0.0,global_ddp_mean,2,0.0,21.178787231445312,21.178787231445312,0.0,0.0,0.0,0.0,0.0,0.0,0.0,0.0,0.0,0.0,0.0,0.0,0.0,1.0,1.0,0.0,0,0,0,0,0,0,0,0.0,0.0,0.1567249495628783,0.0
7,200,0,dpga,fpn,0.08625539392232895,0.0,global_ddp_mean,2,0.0,3.656027317047119,3.656027317047119,0.0,0.0,0.0,0.0,0.0,0.0,0.0,0.0,0.0,0.0,0.0,0.0,0.0,1.0,1.0,0.0,0,0,0,0,0,0,0,0.0,0.0,0.1567249495628783,0.0
7,200,0,dpga,rpn,0.08625539392232895,0.0,global_ddp_mean,2,0.0,1.3107231855392456,1.3107231855392456,0.0,0.0,0.0,0.0,0.0,0.0,0.0,0.0,0.0,0.0,0.0,0.0,0.0,1.0,1.0,0.0,0,0,0,0,0,0,0,0.0,0.0,0.1567249495628783,0.0
7,200,0,dpga,roi_shared,0.08625539392232895,0.0,global_ddp_mean,2,0.0,8.350621223449707,8.350621223449707,0.0,0.0,0.0,0.0,0.0,0.0,0.0,0.0,0.0,0.0,0.0,0.0,0.0,1.0,1.0,0.0,0,0,0,0,0,0,0,0.0,0.0,0.1567249495628783,0.0
7,200,0,dpga,roi_cls,0.08625539392232895,0.0,global_ddp_mean,2,0.0,7.86056661605835,7.86056661605835,0.0,0.0,0.0,0.0,0.0,0.0,0.0,0.0,0.0,0.0,0.0,0.0,0.0,1.0,1.0,0.0,0,0,0,0,0,0,0,0.0,0.0,0.1567249495628783,0.0
7,200,0,dpga,roi_reg,0.08625539392232895,0.0,global_ddp_mean,2,0.0,0.6041646003723145,0.6041646003723145,0.0,0.0,0.0,0.0,0.0,0.0,0.0,0.0,0.0,0.0,0.0,0.0,0.0,1.0,1.0,0.0,0,0,0,0,0,0,0,0.0,0.0,0.1567249495628783,0.0
7,300,0,dpga,backbone,0.6555489301681519,0.0,global_ddp_mean,2,0.0,12.330774307250977,12.330774307250977,0.0,0.0,0.0,0.0,0.0,0.0,0.0,0.0,0.0,0.0,0.0,0.0,0.0,1.0,1.0,0.0,0,0,0,0,0,0,0,0.0,0.0,0.16008742434431744,0.0
7,300,0,dpga,fpn,0.6555489301681519,0.0,global_ddp_mean,2,0.0,2.595221757888794,2.595221757888794,0.0,0.0,0.0,0.0,0.0,0.0,0.0,0.0,0.0,0.0,0.0,0.0,0.0,1.0,1.0,0.0,0,0,0,0,0,0,0,0.0,0.0,0.16008742434431744,0.0
7,300,0,dpga,rpn,0.6555489301681519,0.0,global_ddp_mean,2,0.0,3.681835174560547,3.681835174560547,0.0,0.0,0.0,0.0,0.0,0.0,0.0,0.0,0.0,0.0,0.0,0.0,0.0,1.0,1.0,0.0,0,0,0,0,0,0,0,0.0,0.0,0.16008742434431744,0.0
7,300,0,dpga,roi_shared,0.6555489301681519,0.0,global_ddp_mean,2,0.0,5.591831684112549,5.591831684112549,0.0,0.0,0.0,0.0,0.0,0.0,0.0,0.0,0.0,0.0,0.0,0.0,0.0,1.0,1.0,0.0,0,0,0,0,0,0,0,0.0,0.0,0.16008742434431744,0.0
7,300,0,dpga,roi_cls,0.6555489301681519,0.0,global_ddp_mean,2,0.0,5.783856391906738,5.783856391906738,0.0,0.0,0.0,0.0,0.0,0.0,0.0,0.0,0.0,0.0,0.0,0.0,0.0,1.0,1.0,0.0,0,0,0,0,0,0,0,0.0,0.0,0.16008742434431744,0.0
7,300,0,dpga,roi_reg,0.6555489301681519,0.0,global_ddp_mean,2,0.0,4.50843620300293,4.50843620300293,0.0,0.0,0.0,0.0,0.0,0.0,0.0,0.0,0.0,0.0,0.0,0.0,0.0,1.0,1.0,0.0,0,0,0,0,0,0,0,0.0,0.0,0.16008742434431744,0.0
7,400,0,dpga,backbone,0.18810519576072693,0.09072881937026978,global_ddp_mean,2,0.007526530418545008,7.749839782714844,7.749839782714844,7.036893844604492,7.036893844604492,7.036893844604492,7.036893844604492,1.1501795836859117,7.036893844604492,0.9080050738983665,0.9080050738983665,0.9080050738983665,0.14841333704101334,0.14841333704101334,0.0011170374957569596,0.0011170374957569596,1.001117037495757,0.9891897980040221,8.432309659557635,0,0,0,0,0,0,0,1.0,1.0,0.16344989912575658,0.16344989836215973
7,400,0,dpga,fpn,0.18810519576072693,0.09072881937026978,global_ddp_mean,2,0.019631708040833473,1.4820266962051392,1.4820266962051392,1.6623541116714478,1.6623541116714478,1.6623541116714478,1.6623541116714478,0.27171161059461646,1.6623541116714478,1.1216762261624929,1.1216762261624929,1.1216762261624929,0.18333786516151035,0.18333786516151035,0.0035992354416804653,0.0035992354416804653,1.0035992354416805,0.9837263992625863,10.35071104741881,0,1,0,0,0,0,0,1.0,1.0,0.16344989912575658,0.16344989836215973
7,400,0,dpga,rpn,0.18810519576072693,0.09072881937026978,global_ddp_mean,2,0.0,2.833364486694336,2.833364486694336,0.0,0.0,0.0,0.0,0.0,0.0,0.0,0.0,0.0,0.0,0.0,0.0,0.0,1.0,1.0,0.0,0,0,0,0,0,0,0,0.0,0.0,0.16344989912575658,0.0
7,400,0,dpga,roi_shared,0.18810519576072693,0.09072881937026978,global_ddp_mean,2,-0.02375960722565651,2.6774842739105225,2.6774842739105225,0.96272873878479,0.96272873878479,0.9624569416046143,0.9624569416046143,0.1573134892832293,0.9624569416046143,0.3595646660432871,0.35946315389517697,0.35946315389517697,0.058754215969108056,0.058754215969108056,-7.341965190261503e-11,-7.341965190261503e-11,0.9999999999265803,0.9982784199523966,3.3625098586704483,1,0,0,0,0,1,0,1.0,1.0,0.16344989912575658,0.16344989836215973
7,400,0,dpga,roi_cls,0.18810519576072693,0.09072881937026978,global_ddp_mean,2,0.0,1.520522117614746,1.520522117614746,0.0,0.0,0.0,0.0,0.0,0.0,0.0,0.0,0.0,0.0,0.0,0.0,0.0,1.0,1.0,0.0,0,0,0,0,0,0,0,0.0,0.0,0.16344989912575658,0.0
7,400,0,dpga,roi_reg,0.18810519576072693,0.09072881937026978,global_ddp_mean,2,-0.08014865964651108,2.9645261764526367,2.9645261764526367,2.410475969314575,2.410475969314575,2.402721405029297,2.402721405029297,0.3927245694446242,2.402721405029297,0.8131066571316162,0.8104908717333043,0.8104908717333043,0.13247465060826683,0.13247465060826683,-1.270796636278225e-09,-1.270796636278225e-09,0.9999999987292033,0.9913390632966754,7.546299041158775,1,0,0,0,0,1,0,1.0,1.0,0.16344989912575658,0.16344989836215973
7,500,0,dpga,backbone,0.1630760133266449,0.0,global_ddp_mean,2,0.0,3.779193639755249,3.779193639755249,0.0,0.0,0.0,0.0,0.0,0.0,0.0,0.0,0.0,0.0,0.0,0.0,0.0,1.0,1.0,0.0,0,0,0,0,0,0,0,0.0,0.0,0.16681237390719572,0.0
7,500,0,dpga,fpn,0.1630760133266449,0.0,global_ddp_mean,2,0.0,0.8298001289367676,0.8298001289367676,0.0,0.0,0.0,0.0,0.0,0.0,0.0,0.0,0.0,0.0,0.0,0.0,0.0,1.0,1.0,0.0,0,0,0,0,0,0,0,0.0,0.0,0.16681237390719572,0.0
7,500,0,dpga,rpn,0.1630760133266449,0.0,global_ddp_mean,2,0.0,0.7003781199455261,0.7003781199455261,0.0,0.0,0.0,0.0,0.0,0.0,0.0,0.0,0.0,0.0,0.0,0.0,0.0,1.0,1.0,0.0,0,0,0,0,0,0,0,0.0,0.0,0.16681237390719572,0.0
7,500,0,dpga,roi_shared,0.1630760133266449,0.0,global_ddp_mean,2,0.0,1.9499907493591309,1.9499907493591309,0.0,0.0,0.0,0.0,0.0,0.0,0.0,0.0,0.0,0.0,0.0,0.0,0.0,1.0,1.0,0.0,0,0,0,0,0,0,0,0.0,0.0,0.16681237390719572,0.0
7,500,0,dpga,roi_cls,0.1630760133266449,0.0,global_ddp_mean,2,0.0,1.1845351457595825,1.1845351457595825,0.0,0.0,0.0,0.0,0.0,0.0,0.0,0.0,0.0,0.0,0.0,0.0,0.0,1.0,1.0,0.0,0,0,0,0,0,0,0,0.0,0.0,0.16681237390719572,0.0
7,500,0,dpga,roi_reg,0.1630760133266449,0.0,global_ddp_mean,2,0.0,0.28708386421203613,0.28708386421203613,0.0,0.0,0.0,0.0,0.0,0.0,0.0,0.0,0.0,0.0,0.0,0.0,0.0,1.0,1.0,0.0,0,0,0,0,0,0,0,0.0,0.0,0.16681237390719572,0.0
7,600,0,dpga,backbone,0.010453633964061737,0.0,global_ddp_mean,2,0.0,21.273109436035156,21.273109436035156,0.0,0.0,0.0,0.0,0.0,0.0,0.0,0.0,0.0,0.0,0.0,0.0,0.0,1.0,1.0,0.0,0,0,0,0,0,0,0,0.0,0.0,0.17017484868863486,0.0
7,600,0,dpga,fpn,0.010453633964061737,0.0,global_ddp_mean,2,0.0,6.200124263763428,6.200124263763428,0.0,0.0,0.0,0.0,0.0,0.0,0.0,0.0,0.0,0.0,0.0,0.0,0.0,1.0,1.0,0.0,0,0,0,0,0,0,0,0.0,0.0,0.17017484868863486,0.0
7,600,0,dpga,rpn,0.010453633964061737,0.0,global_ddp_mean,2,0.0,5.031208515167236,5.031208515167236,0.0,0.0,0.0,0.0,0.0,0.0,0.0,0.0,0.0,0.0,0.0,0.0,0.0,1.0,1.0,0.0,0,0,0,0,0,0,0,0.0,0.0,0.17017484868863486,0.0
7,600,0,dpga,roi_shared,0.010453633964061737,0.0,global_ddp_mean,2,0.0,13.57470703125,13.57470703125,0.0,0.0,0.0,0.0,0.0,0.0,0.0,0.0,0.0,0.0,0.0,0.0,0.0,1.0,1.0,0.0,0,0,0,0,0,0,0,0.0,0.0,0.17017484868863486,0.0
7,600,0,dpga,roi_cls,0.010453633964061737,0.0,global_ddp_mean,2,0.0,10.918773651123047,10.918773651123047,0.0,0.0,0.0,0.0,0.0,0.0,0.0,0.0,0.0,0.0,0.0,0.0,0.0,1.0,1.0,0.0,0,0,0,0,0,0,0,0.0,0.0,0.17017484868863486,0.0
7,600,0,dpga,roi_reg,0.010453633964061737,0.0,global_ddp_mean,2,0.0,4.648784637451172,4.648784637451172,0.0,0.0,0.0,0.0,0.0,0.0,0.0,0.0,0.0,0.0,0.0,0.0,0.0,1.0,1.0,0.0,0,0,0,0,0,0,0,0.0,0.0,0.17017484868863486,0.0
7,700,0,dpga,backbone,1.1837472915649414,-0.0,global_ddp_mean,2,0.0,34.471107482910156,34.471107482910156,0.0,0.0,0.0,0.0,0.0,0.0,0.0,0.0,0.0,0.0,0.0,0.0,0.0,1.0,1.0,0.0,0,0,0,0,0,0,0,0.0,0.0,0.173537323470074,0.0
7,700,0,dpga,fpn,1.1837472915649414,-0.0,global_ddp_mean,2,0.0,8.63476276397705,8.63476276397705,0.0,0.0,0.0,0.0,0.0,0.0,0.0,0.0,0.0,0.0,0.0,0.0,0.0,1.0,1.0,0.0,0,0,0,0,0,0,0,0.0,0.0,0.173537323470074,0.0
7,700,0,dpga,rpn,1.1837472915649414,-0.0,global_ddp_mean,2,0.0,2.4306704998016357,2.4306704998016357,0.0,0.0,0.0,0.0,0.0,0.0,0.0,0.0,0.0,0.0,0.0,0.0,0.0,1.0,1.0,0.0,0,0,0,0,0,0,0,0.0,0.0,0.173537323470074,0.0
7,700,0,dpga,roi_shared,1.1837472915649414,-0.0,global_ddp_mean,2,0.0,18.578521728515625,18.578521728515625,0.0,0.0,0.0,0.0,0.0,0.0,0.0,0.0,0.0,0.0,0.0,0.0,0.0,1.0,1.0,0.0,0,0,0,0,0,0,0,0.0,0.0,0.173537323470074,0.0
7,700,0,dpga,roi_cls,1.1837472915649414,-0.0,global_ddp_mean,2,0.0,15.655190467834473,15.655190467834473,0.0,0.0,0.0,0.0,0.0,0.0,0.0,0.0,0.0,0.0,0.0,0.0,0.0,1.0,1.0,0.0,0,0,0,0,0,0,0,0.0,0.0,0.173537323470074,0.0
7,700,0,dpga,roi_reg,1.1837472915649414,-0.0,global_ddp_mean,2,0.0,4.448066234588623,4.448066234588623,0.0,0.0,0.0,0.0,0.0,0.0,0.0,0.0,0.0,0.0,0.0,0.0,0.0,1.0,1.0,0.0,0,0,0,0,0,0,0,0.0,0.0,0.173537323470074,0.0
7,800,0,dpga,backbone,0.29058387875556946,0.0,global_ddp_mean,2,0.0,7.221993446350098,7.221993446350098,0.0,0.0,0.0,0.0,0.0,0.0,0.0,0.0,0.0,0.0,0.0,0.0,0.0,1.0,1.0,0.0,0,0,0,0,0,0,0,0.0,0.0,0.17689979825151314,0.0
7,800,0,dpga,fpn,0.29058387875556946,0.0,global_ddp_mean,2,0.0,0.8570212721824646,0.8570212721824646,0.0,0.0,0.0,0.0,0.0,0.0,0.0,0.0,0.0,0.0,0.0,0.0,0.0,1.0,1.0,0.0,0,0,0,0,0,0,0,0.0,0.0,0.17689979825151314,0.0
7,800,0,dpga,rpn,0.29058387875556946,0.0,global_ddp_mean,2,0.0,1.0563716888427734,1.0563716888427734,0.0,0.0,0.0,0.0,0.0,0.0,0.0,0.0,0.0,0.0,0.0,0.0,0.0,1.0,1.0,0.0,0,0,0,0,0,0,0,0.0,0.0,0.17689979825151314,0.0
7,800,0,dpga,roi_shared,0.29058387875556946,0.0,global_ddp_mean,2,0.0,1.6949464082717896,1.6949464082717896,0.0,0.0,0.0,0.0,0.0,0.0,0.0,0.0,0.0,0.0,0.0,0.0,0.0,1.0,1.0,0.0,0,0,0,0,0,0,0,0.0,0.0,0.17689979825151314,0.0
7,800,0,dpga,roi_cls,0.29058387875556946,0.0,global_ddp_mean,2,0.0,1.0534076690673828,1.0534076690673828,0.0,0.0,0.0,0.0,0.0,0.0,0.0,0.0,0.0,0.0,0.0,0.0,0.0,1.0,1.0,0.0,0,0,0,0,0,0,0,0.0,0.0,0.17689979825151314,0.0
7,800,0,dpga,roi_reg,0.29058387875556946,0.0,global_ddp_mean,2,0.0,1.1889952421188354,1.1889952421188354,0.0,0.0,0.0,0.0,0.0,0.0,0.0,0.0,0.0,0.0,0.0,0.0,0.0,1.0,1.0,0.0,0,0,0,0,0,0,0,0.0,0.0,0.17689979825151314,0.0
7,900,0,dpga,backbone,1.5647003650665283,0.0,global_ddp_mean,2,0.0,46.19540786743164,46.19540786743164,0.0,0.0,0.0,0.0,0.0,0.0,0.0,0.0,0.0,0.0,0.0,0.0,0.0,1.0,1.0,0.0,0,0,0,0,0,0,0,0.0,0.0,0.18026227303295228,0.0
7,900,0,dpga,fpn,1.5647003650665283,0.0,global_ddp_mean,2,0.0,7.936267852783203,7.936267852783203,0.0,0.0,0.0,0.0,0.0,0.0,0.0,0.0,0.0,0.0,0.0,0.0,0.0,1.0,1.0,0.0,0,0,0,0,0,0,0,0.0,0.0,0.18026227303295228,0.0
7,900,0,dpga,rpn,1.5647003650665283,0.0,global_ddp_mean,2,0.0,8.776142120361328,8.776142120361328,0.0,0.0,0.0,0.0,0.0,0.0,0.0,0.0,0.0,0.0,0.0,0.0,0.0,1.0,1.0,0.0,0,0,0,0,0,0,0,0.0,0.0,0.18026227303295228,0.0
7,900,0,dpga,roi_shared,1.5647003650665283,0.0,global_ddp_mean,2,0.0,15.734628677368164,15.734628677368164,0.0,0.0,0.0,0.0,0.0,0.0,0.0,0.0,0.0,0.0,0.0,0.0,0.0,1.0,1.0,0.0,0,0,0,0,0,0,0,0.0,0.0,0.18026227303295228,0.0
7,900,0,dpga,roi_cls,1.5647003650665283,0.0,global_ddp_mean,2,0.0,17.39138412475586,17.39138412475586,0.0,0.0,0.0,0.0,0.0,0.0,0.0,0.0,0.0,0.0,0.0,0.0,0.0,1.0,1.0,0.0,0,0,0,0,0,0,0,0.0,0.0,0.18026227303295228,0.0
7,900,0,dpga,roi_reg,1.5647003650665283,0.0,global_ddp_mean,2,0.0,7.233697414398193,7.233697414398193,0.0,0.0,0.0,0.0,0.0,0.0,0.0,0.0,0.0,0.0,0.0,0.0,0.0,1.0,1.0,0.0,0,0,0,0,0,0,0,0.0,0.0,0.18026227303295228,0.0
7,1000,0,dpga,backbone,0.25917983055114746,-0.0,global_ddp_mean,2,0.0,6.161239147186279,6.161239147186279,0.0,0.0,0.0,0.0,0.0,0.0,0.0,0.0,0.0,0.0,0.0,0.0,0.0,1.0,1.0,0.0,0,0,0,0,0,0,0,0.0,0.0,0.18362474781439142,0.0
7,1000,0,dpga,fpn,0.25917983055114746,-0.0,global_ddp_mean,2,0.0,1.0591243505477905,1.0591243505477905,0.0,0.0,0.0,0.0,0.0,0.0,0.0,0.0,0.0,0.0,0.0,0.0,0.0,1.0,1.0,0.0,0,0,0,0,0,0,0,0.0,0.0,0.18362474781439142,0.0
7,1000,0,dpga,rpn,0.25917983055114746,-0.0,global_ddp_mean,2,0.0,1.7697304487228394,1.7697304487228394,0.0,0.0,0.0,0.0,0.0,0.0,0.0,0.0,0.0,0.0,0.0,0.0,0.0,1.0,1.0,0.0,0,0,0,0,0,0,0,0.0,0.0,0.18362474781439142,0.0
7,1000,0,dpga,roi_shared,0.25917983055114746,-0.0,global_ddp_mean,2,0.0,2.0906715393066406,2.0906715393066406,0.0,0.0,0.0,0.0,0.0,0.0,0.0,0.0,0.0,0.0,0.0,0.0,0.0,1.0,1.0,0.0,0,0,0,0,0,0,0,0.0,0.0,0.18362474781439142,0.0
7,1000,0,dpga,roi_cls,0.25917983055114746,-0.0,global_ddp_mean,2,0.0,1.3920155763626099,1.3920155763626099,0.0,0.0,0.0,0.0,0.0,0.0,0.0,0.0,0.0,0.0,0.0,0.0,0.0,1.0,1.0,0.0,0,0,0,0,0,0,0,0.0,0.0,0.18362474781439142,0.0
7,1000,0,dpga,roi_reg,0.25917983055114746,-0.0,global_ddp_mean,2,0.0,0.8553943634033203,0.8553943634033203,0.0,0.0,0.0,0.0,0.0,0.0,0.0,0.0,0.0,0.0,0.0,0.0,0.0,1.0,1.0,0.0,0,0,0,0,0,0,0,0.0,0.0,0.18362474781439142,0.0
7,1100,0,dpga,backbone,0.1160232424736023,0.0,global_ddp_mean,2,0.0,12.458739280700684,12.458739280700684,0.0,0.0,0.0,0.0,0.0,0.0,0.0,0.0,0.0,0.0,0.0,0.0,0.0,1.0,1.0,0.0,0,0,0,0,0,0,0,0.0,0.0,0.18698722259583056,0.0
7,1100,0,dpga,fpn,0.1160232424736023,0.0,global_ddp_mean,2,0.0,2.337453603744507,2.337453603744507,0.0,0.0,0.0,0.0,0.0,0.0,0.0,0.0,0.0,0.0,0.0,0.0,0.0,1.0,1.0,0.0,0,0,0,0,0,0,0,0.0,0.0,0.18698722259583056,0.0
7,1100,0,dpga,rpn,0.1160232424736023,0.0,global_ddp_mean,2,0.0,1.638868808746338,1.638868808746338,0.0,0.0,0.0,0.0,0.0,0.0,0.0,0.0,0.0,0.0,0.0,0.0,0.0,1.0,1.0,0.0,0,0,0,0,0,0,0,0.0,0.0,0.18698722259583056,0.0
7,1100,0,dpga,roi_shared,0.1160232424736023,0.0,global_ddp_mean,2,0.0,4.800091743469238,4.800091743469238,0.0,0.0,0.0,0.0,0.0,0.0,0.0,0.0,0.0,0.0,0.0,0.0,0.0,1.0,1.0,0.0,0,0,0,0,0,0,0,0.0,0.0,0.18698722259583056,0.0
7,1100,0,dpga,roi_cls,0.1160232424736023,0.0,global_ddp_mean,2,0.0,3.6984407901763916,3.6984407901763916,0.0,0.0,0.0,0.0,0.0,0.0,0.0,0.0,0.0,0.0,0.0,0.0,0.0,1.0,1.0,0.0,0,0,0,0,0,0,0,0.0,0.0,0.18698722259583056,0.0
7,1100,0,dpga,roi_reg,0.1160232424736023,0.0,global_ddp_mean,2,0.0,1.689833402633667,1.689833402633667,0.0,0.0,0.0,0.0,0.0,0.0,0.0,0.0,0.0,0.0,0.0,0.0,0.0,1.0,1.0,0.0,0,0,0,0,0,0,0,0.0,0.0,0.18698722259583056,0.0
7,1200,0,dpga,backbone,0.25429415702819824,-0.0,global_ddp_mean,2,0.0,13.33621883392334,13.33621883392334,0.0,0.0,0.0,0.0,0.0,0.0,0.0,0.0,0.0,0.0,0.0,0.0,0.0,1.0,1.0,0.0,0,0,0,0,0,0,0,0.0,0.0,0.1903496973772697,0.0
7,1200,0,dpga,fpn,0.25429415702819824,-0.0,global_ddp_mean,2,0.0,3.7036147117614746,3.7036147117614746,0.0,0.0,0.0,0.0,0.0,0.0,0.0,0.0,0.0,0.0,0.0,0.0,0.0,1.0,1.0,0.0,0,0,0,0,0,0,0,0.0,0.0,0.1903496973772697,0.0
7,1200,0,dpga,rpn,0.25429415702819824,-0.0,global_ddp_mean,2,0.0,2.203542470932007,2.203542470932007,0.0,0.0,0.0,0.0,0.0,0.0,0.0,0.0,0.0,0.0,0.0,0.0,0.0,1.0,1.0,0.0,0,0,0,0,0,0,0,0.0,0.0,0.1903496973772697,0.0
7,1200,0,dpga,roi_shared,0.25429415702819824,-0.0,global_ddp_mean,2,0.0,8.44962215423584,8.44962215423584,0.0,0.0,0.0,0.0,0.0,0.0,0.0,0.0,0.0,0.0,0.0,0.0,0.0,1.0,1.0,0.0,0,0,0,0,0,0,0,0.0,0.0,0.1903496973772697,0.0
7,1200,0,dpga,roi_cls,0.25429415702819824,-0.0,global_ddp_mean,2,0.0,7.822853088378906,7.822853088378906,0.0,0.0,0.0,0.0,0.0,0.0,0.0,0.0,0.0,0.0,0.0,0.0,0.0,1.0,1.0,0.0,0,0,0,0,0,0,0,0.0,0.0,0.1903496973772697,0.0
7,1200,0,dpga,roi_reg,0.25429415702819824,-0.0,global_ddp_mean,2,0.0,1.6061463356018066,1.6061463356018066,0.0,0.0,0.0,0.0,0.0,0.0,0.0,0.0,0.0,0.0,0.0,0.0,0.0,1.0,1.0,0.0,0,0,0,0,0,0,0,0.0,0.0,0.1903496973772697,0.0
7,1300,0,dpga,backbone,0.5020538568496704,0.0,global_ddp_mean,2,0.0,23.071800231933594,23.071800231933594,0.0,0.0,0.0,0.0,0.0,0.0,0.0,0.0,0.0,0.0,0.0,0.0,0.0,1.0,1.0,0.0,0,0,0,0,0,0,0,0.0,0.0,0.19371217215870884,0.0
7,1300,0,dpga,fpn,0.5020538568496704,0.0,global_ddp_mean,2,0.0,5.525131702423096,5.525131702423096,0.0,0.0,0.0,0.0,0.0,0.0,0.0,0.0,0.0,0.0,0.0,0.0,0.0,1.0,1.0,0.0,0,0,0,0,0,0,0,0.0,0.0,0.19371217215870884,0.0
7,1300,0,dpga,rpn,0.5020538568496704,0.0,global_ddp_mean,2,0.0,7.697752952575684,7.697752952575684,0.0,0.0,0.0,0.0,0.0,0.0,0.0,0.0,0.0,0.0,0.0,0.0,0.0,1.0,1.0,0.0,0,0,0,0,0,0,0,0.0,0.0,0.19371217215870884,0.0
7,1300,0,dpga,roi_shared,0.5020538568496704,0.0,global_ddp_mean,2,0.0,12.151379585266113,12.151379585266113,0.0,0.0,0.0,0.0,0.0,0.0,0.0,0.0,0.0,0.0,0.0,0.0,0.0,1.0,1.0,0.0,0,0,0,0,0,0,0,0.0,0.0,0.19371217215870884,0.0
7,1300,0,dpga,roi_cls,0.5020538568496704,0.0,global_ddp_mean,2,0.0,12.189274787902832,12.189274787902832,0.0,0.0,0.0,0.0,0.0,0.0,0.0,0.0,0.0,0.0,0.0,0.0,0.0,1.0,1.0,0.0,0,0,0,0,0,0,0,0.0,0.0,0.19371217215870884,0.0
7,1300,0,dpga,roi_reg,0.5020538568496704,0.0,global_ddp_mean,2,0.0,4.467515468597412,4.467515468597412,0.0,0.0,0.0,0.0,0.0,0.0,0.0,0.0,0.0,0.0,0.0,0.0,0.0,1.0,1.0,0.0,0,0,0,0,0,0,0,0.0,0.0,0.19371217215870884,0.0
7,1400,0,dpga,backbone,0.20072431862354279,-0.0,global_ddp_mean,2,0.0,9.98376750946045,9.98376750946045,0.0,0.0,0.0,0.0,0.0,0.0,0.0,0.0,0.0,0.0,0.0,0.0,0.0,1.0,1.0,0.0,0,0,0,0,0,0,0,0.0,0.0,0.19707464694014798,0.0
7,1400,0,dpga,fpn,0.20072431862354279,-0.0,global_ddp_mean,2,0.0,1.420663595199585,1.420663595199585,0.0,0.0,0.0,0.0,0.0,0.0,0.0,0.0,0.0,0.0,0.0,0.0,0.0,1.0,1.0,0.0,0,0,0,0,0,0,0,0.0,0.0,0.19707464694014798,0.0
7,1400,0,dpga,rpn,0.20072431862354279,-0.0,global_ddp_mean,2,0.0,2.9584217071533203,2.9584217071533203,0.0,0.0,0.0,0.0,0.0,0.0,0.0,0.0,0.0,0.0,0.0,0.0,0.0,1.0,1.0,0.0,0,0,0,0,0,0,0,0.0,0.0,0.19707464694014798,0.0
7,1400,0,dpga,roi_shared,0.20072431862354279,-0.0,global_ddp_mean,2,0.0,1.8005951642990112,1.8005951642990112,0.0,0.0,0.0,0.0,0.0,0.0,0.0,0.0,0.0,0.0,0.0,0.0,0.0,1.0,1.0,0.0,0,0,0,0,0,0,0,0.0,0.0,0.19707464694014798,0.0
7,1400,0,dpga,roi_cls,0.20072431862354279,-0.0,global_ddp_mean,2,0.0,1.436341404914856,1.436341404914856,0.0,0.0,0.0,0.0,0.0,0.0,0.0,0.0,0.0,0.0,0.0,0.0,0.0,1.0,1.0,0.0,0,0,0,0,0,0,0,0.0,0.0,0.19707464694014798,0.0
7,1400,0,dpga,roi_reg,0.20072431862354279,-0.0,global_ddp_mean,2,0.0,1.052074670791626,1.052074670791626,0.0,0.0,0.0,0.0,0.0,0.0,0.0,0.0,0.0,0.0,0.0,0.0,0.0,1.0,1.0,0.0,0,0,0,0,0,0,0,0.0,0.0,0.19707464694014798,0.0
8,0,0,dpga,backbone,0.15851904451847076,-0.0,global_ddp_mean,2,0.0,10.956353187561035,10.956353187561035,0.0,0.0,0.0,0.0,0.0,0.0,0.0,0.0,0.0,0.0,0.0,0.0,0.0,1.0,1.0,0.0,0,0,0,0,0,0,0,0.0,0.0,0.2,0.0
8,0,0,dpga,fpn,0.15851904451847076,-0.0,global_ddp_mean,2,0.0,2.078496217727661,2.078496217727661,0.0,0.0,0.0,0.0,0.0,0.0,0.0,0.0,0.0,0.0,0.0,0.0,0.0,1.0,1.0,0.0,0,0,0,0,0,0,0,0.0,0.0,0.2,0.0
8,0,0,dpga,rpn,0.15851904451847076,-0.0,global_ddp_mean,2,0.0,1.9508928060531616,1.9508928060531616,0.0,0.0,0.0,0.0,0.0,0.0,0.0,0.0,0.0,0.0,0.0,0.0,0.0,1.0,1.0,0.0,0,0,0,0,0,0,0,0.0,0.0,0.2,0.0
8,0,0,dpga,roi_shared,0.15851904451847076,-0.0,global_ddp_mean,2,0.0,3.7402923107147217,3.7402923107147217,0.0,0.0,0.0,0.0,0.0,0.0,0.0,0.0,0.0,0.0,0.0,0.0,0.0,1.0,1.0,0.0,0,0,0,0,0,0,0,0.0,0.0,0.2,0.0
8,0,0,dpga,roi_cls,0.15851904451847076,-0.0,global_ddp_mean,2,0.0,3.6254935264587402,3.6254935264587402,0.0,0.0,0.0,0.0,0.0,0.0,0.0,0.0,0.0,0.0,0.0,0.0,0.0,1.0,1.0,0.0,0,0,0,0,0,0,0,0.0,0.0,0.2,0.0
8,0,0,dpga,roi_reg,0.15851904451847076,-0.0,global_ddp_mean,2,0.0,1.0924144983291626,1.0924144983291626,0.0,0.0,0.0,0.0,0.0,0.0,0.0,0.0,0.0,0.0,0.0,0.0,0.0,1.0,1.0,0.0,0,0,0,0,0,0,0,0.0,0.0,0.2,0.0
8,100,0,dpga,backbone,0.12440058588981628,-0.0,global_ddp_mean,2,0.0,6.453005313873291,6.453005313873291,0.0,0.0,0.0,0.0,0.0,0.0,0.0,0.0,0.0,0.0,0.0,0.0,0.0,1.0,1.0,0.0,0,0,0,0,0,0,0,0.0,0.0,0.2,0.0
8,100,0,dpga,fpn,0.12440058588981628,-0.0,global_ddp_mean,2,0.0,1.4859029054641724,1.4859029054641724,0.0,0.0,0.0,0.0,0.0,0.0,0.0,0.0,0.0,0.0,0.0,0.0,0.0,1.0,1.0,0.0,0,0,0,0,0,0,0,0.0,0.0,0.2,0.0
8,100,0,dpga,rpn,0.12440058588981628,-0.0,global_ddp_mean,2,0.0,1.2869175672531128,1.2869175672531128,0.0,0.0,0.0,0.0,0.0,0.0,0.0,0.0,0.0,0.0,0.0,0.0,0.0,1.0,1.0,0.0,0,0,0,0,0,0,0,0.0,0.0,0.2,0.0
8,100,0,dpga,roi_shared,0.12440058588981628,-0.0,global_ddp_mean,2,0.0,3.281158685684204,3.281158685684204,0.0,0.0,0.0,0.0,0.0,0.0,0.0,0.0,0.0,0.0,0.0,0.0,0.0,1.0,1.0,0.0,0,0,0,0,0,0,0,0.0,0.0,0.2,0.0
8,100,0,dpga,roi_cls,0.12440058588981628,-0.0,global_ddp_mean,2,0.0,3.1042327880859375,3.1042327880859375,0.0,0.0,0.0,0.0,0.0,0.0,0.0,0.0,0.0,0.0,0.0,0.0,0.0,1.0,1.0,0.0,0,0,0,0,0,0,0,0.0,0.0,0.2,0.0
8,100,0,dpga,roi_reg,0.12440058588981628,-0.0,global_ddp_mean,2,0.0,0.3607032001018524,0.3607032001018524,0.0,0.0,0.0,0.0,0.0,0.0,0.0,0.0,0.0,0.0,0.0,0.0,0.0,1.0,1.0,0.0,0,0,0,0,0,0,0,0.0,0.0,0.2,0.0
8,200,0,dpga,backbone,0.23770937323570251,0.0,global_ddp_mean,2,0.0,9.81395435333252,9.81395435333252,0.0,0.0,0.0,0.0,0.0,0.0,0.0,0.0,0.0,0.0,0.0,0.0,0.0,1.0,1.0,0.0,0,0,0,0,0,0,0,0.0,0.0,0.2,0.0
8,200,0,dpga,fpn,0.23770937323570251,0.0,global_ddp_mean,2,0.0,1.8201985359191895,1.8201985359191895,0.0,0.0,0.0,0.0,0.0,0.0,0.0,0.0,0.0,0.0,0.0,0.0,0.0,1.0,1.0,0.0,0,0,0,0,0,0,0,0.0,0.0,0.2,0.0
8,200,0,dpga,rpn,0.23770937323570251,0.0,global_ddp_mean,2,0.0,2.634625196456909,2.634625196456909,0.0,0.0,0.0,0.0,0.0,0.0,0.0,0.0,0.0,0.0,0.0,0.0,0.0,1.0,1.0,0.0,0,0,0,0,0,0,0,0.0,0.0,0.2,0.0
8,200,0,dpga,roi_shared,0.23770937323570251,0.0,global_ddp_mean,2,0.0,3.7524306774139404,3.7524306774139404,0.0,0.0,0.0,0.0,0.0,0.0,0.0,0.0,0.0,0.0,0.0,0.0,0.0,1.0,1.0,0.0,0,0,0,0,0,0,0,0.0,0.0,0.2,0.0
8,200,0,dpga,roi_cls,0.23770937323570251,0.0,global_ddp_mean,2,0.0,2.5119693279266357,2.5119693279266357,0.0,0.0,0.0,0.0,0.0,0.0,0.0,0.0,0.0,0.0,0.0,0.0,0.0,1.0,1.0,0.0,0,0,0,0,0,0,0,0.0,0.0,0.2,0.0
8,200,0,dpga,roi_reg,0.23770937323570251,0.0,global_ddp_mean,2,0.0,2.273729085922241,2.273729085922241,0.0,0.0,0.0,0.0,0.0,0.0,0.0,0.0,0.0,0.0,0.0,0.0,0.0,1.0,1.0,0.0,0,0,0,0,0,0,0,0.0,0.0,0.2,0.0
8,300,0,dpga,backbone,0.3131801187992096,0.0,global_ddp_mean,2,0.0,8.88494873046875,8.88494873046875,0.0,0.0,0.0,0.0,0.0,0.0,0.0,0.0,0.0,0.0,0.0,0.0,0.0,1.0,1.0,0.0,0,0,0,0,0,0,0,0.0,0.0,0.2,0.0
8,300,0,dpga,fpn,0.3131801187992096,0.0,global_ddp_mean,2,0.0,1.5256805419921875,1.5256805419921875,0.0,0.0,0.0,0.0,0.0,0.0,0.0,0.0,0.0,0.0,0.0,0.0,0.0,1.0,1.0,0.0,0,0,0,0,0,0,0,0.0,0.0,0.2,0.0
8,300,0,dpga,rpn,0.3131801187992096,0.0,global_ddp_mean,2,0.0,1.7780698537826538,1.7780698537826538,0.0,0.0,0.0,0.0,0.0,0.0,0.0,0.0,0.0,0.0,0.0,0.0,0.0,1.0,1.0,0.0,0,0,0,0,0,0,0,0.0,0.0,0.2,0.0
8,300,0,dpga,roi_shared,0.3131801187992096,0.0,global_ddp_mean,2,0.0,2.94405198097229,2.94405198097229,0.0,0.0,0.0,0.0,0.0,0.0,0.0,0.0,0.0,0.0,0.0,0.0,0.0,1.0,1.0,0.0,0,0,0,0,0,0,0,0.0,0.0,0.2,0.0
8,300,0,dpga,roi_cls,0.3131801187992096,0.0,global_ddp_mean,2,0.0,1.6322100162506104,1.6322100162506104,0.0,0.0,0.0,0.0,0.0,0.0,0.0,0.0,0.0,0.0,0.0,0.0,0.0,1.0,1.0,0.0,0,0,0,0,0,0,0,0.0,0.0,0.2,0.0
8,300,0,dpga,roi_reg,0.3131801187992096,0.0,global_ddp_mean,2,0.0,1.91736900806427,1.91736900806427,0.0,0.0,0.0,0.0,0.0,0.0,0.0,0.0,0.0,0.0,0.0,0.0,0.0,1.0,1.0,0.0,0,0,0,0,0,0,0,0.0,0.0,0.2,0.0
8,400,0,dpga,backbone,0.08593621104955673,-0.0,global_ddp_mean,2,0.0,7.880438327789307,7.880438327789307,0.0,0.0,0.0,0.0,0.0,0.0,0.0,0.0,0.0,0.0,0.0,0.0,0.0,1.0,1.0,0.0,0,0,0,0,0,0,0,0.0,0.0,0.2,0.0
8,400,0,dpga,fpn,0.08593621104955673,-0.0,global_ddp_mean,2,0.0,1.4709594249725342,1.4709594249725342,0.0,0.0,0.0,0.0,0.0,0.0,0.0,0.0,0.0,0.0,0.0,0.0,0.0,1.0,1.0,0.0,0,0,0,0,0,0,0,0.0,0.0,0.2,0.0
8,400,0,dpga,rpn,0.08593621104955673,-0.0,global_ddp_mean,2,0.0,2.312077283859253,2.312077283859253,0.0,0.0,0.0,0.0,0.0,0.0,0.0,0.0,0.0,0.0,0.0,0.0,0.0,1.0,1.0,0.0,0,0,0,0,0,0,0,0.0,0.0,0.2,0.0
8,400,0,dpga,roi_shared,0.08593621104955673,-0.0,global_ddp_mean,2,0.0,2.0866425037384033,2.0866425037384033,0.0,0.0,0.0,0.0,0.0,0.0,0.0,0.0,0.0,0.0,0.0,0.0,0.0,1.0,1.0,0.0,0,0,0,0,0,0,0,0.0,0.0,0.2,0.0
8,400,0,dpga,roi_cls,0.08593621104955673,-0.0,global_ddp_mean,2,0.0,1.1249908208847046,1.1249908208847046,0.0,0.0,0.0,0.0,0.0,0.0,0.0,0.0,0.0,0.0,0.0,0.0,0.0,1.0,1.0,0.0,0,0,0,0,0,0,0,0.0,0.0,0.2,0.0
8,400,0,dpga,roi_reg,0.08593621104955673,-0.0,global_ddp_mean,2,0.0,1.7548004388809204,1.7548004388809204,0.0,0.0,0.0,0.0,0.0,0.0,0.0,0.0,0.0,0.0,0.0,0.0,0.0,1.0,1.0,0.0,0,0,0,0,0,0,0,0.0,0.0,0.2,0.0
8,500,0,dpga,backbone,0.3445868492126465,0.00010002159251598641,global_ddp_mean,2,-0.19722412526607513,7.857342720031738,7.857342720031738,1.8820361935567576e-10,1.8820361935567576e-10,1.8450195538033398e-10,1.8450195538033398e-10,3.690039162592547e-11,1.8450195538033398e-10,2.395257863397812e-11,2.348146974803063e-11,2.348146974803063e-11,4.696294019586359e-12,4.696294019586359e-12,3.6502511600821923e-19,3.6502511600821923e-19,1.0,1.0,0.0,1,0,0,0,0,1,0,1.0,1.0,0.2,0.20000000298023224
8,500,0,dpga,fpn,0.3445868492126465,0.00010002159251598641,global_ddp_mean,2,0.016334302723407745,1.365224838256836,1.365224838256836,3.6725355395672565e-11,3.6725355395672565e-11,3.6725355395672565e-11,3.6725355395672565e-11,7.345071188584601e-12,3.6725355395672565e-11,2.6900591292028287e-11,2.6900591292028287e-11,2.6900591292028287e-11,5.380118338575666e-12,5.380118338575666e-12,8.788048163005247e-14,8.788048163005247e-14,1.000000000000088,1.000000000000088,0.0,0,0,0,0,0,0,0,1.0,1.0,0.2,0.20000000298023224
8,500,0,dpga,rpn,0.3445868492126465,0.00010002159251598641,global_ddp_mean,2,0.0,3.2012875080108643,3.2012875080108643,0.0,0.0,0.0,0.0,0.0,0.0,0.0,0.0,0.0,0.0,0.0,0.0,0.0,1.0,1.0,0.0,0,0,0,0,0,0,0,0.0,0.0,0.2,0.0
8,500,0,dpga,roi_shared,0.3445868492126465,0.00010002159251598641,global_ddp_mean,2,-0.05103396996855736,2.8766226768493652,2.8766226768493652,1.0356281110457388e-10,1.0356281110457388e-10,1.0342695450082928e-10,1.0342695450082928e-10,2.06853912084022e-11,1.0342695450082928e-10,3.600152774224861e-11,3.5954299927200794e-11,3.5954299927200794e-11,7.1908600925923225e-12,7.1908600925923225e-12,2.3298395014483038e-20,2.3298395014483038e-20,1.0,1.0,0.0,1,0,0,0,0,1,0,1.0,1.0,0.2,0.20000000298023224
8,500,0,dpga,roi_cls,0.3445868492126465,0.00010002159251598641,global_ddp_mean,2,0.0,2.7264161109924316,2.7264161109924316,0.0,0.0,0.0,0.0,0.0,0.0,0.0,0.0,0.0,0.0,0.0,0.0,0.0,1.0,1.0,0.0,0,0,0,0,0,0,0,0.0,0.0,0.2,0.0
8,500,0,dpga,roi_reg,0.3445868492126465,0.00010002159251598641,global_ddp_mean,2,-0.1516566425561905,1.9981603622436523,1.9981603622436523,3.9066666568388086e-10,3.9066666568388086e-10,3.8613626185401984e-10,3.8613626185401984e-10,7.72272535215797e-11,3.8613626185401984e-10,1.9551316954622065e-10,1.9324588213752937e-10,1.9324588213752937e-10,3.864917700342348e-11,3.864917700342348e-11,6.906024593489218e-19,6.906024593489218e-19,1.0,1.0,0.0,1,0,0,0,0,1,0,1.0,1.0,0.2,0.20000000298023224
8,600,0,dpga,backbone,0.06363829970359802,0.0,global_ddp_mean,2,0.0,7.252331256866455,7.252331256866455,0.0,0.0,0.0,0.0,0.0,0.0,0.0,0.0,0.0,0.0,0.0,0.0,0.0,1.0,1.0,0.0,0,0,0,0,0,0,0,0.0,0.0,0.2,0.0
8,600,0,dpga,fpn,0.06363829970359802,0.0,global_ddp_mean,2,0.0,1.361100673675537,1.361100673675537,0.0,0.0,0.0,0.0,0.0,0.0,0.0,0.0,0.0,0.0,0.0,0.0,0.0,1.0,1.0,0.0,0,0,0,0,0,0,0,0.0,0.0,0.2,0.0
8,600,0,dpga,rpn,0.06363829970359802,0.0,global_ddp_mean,2,0.0,1.0967600345611572,1.0967600345611572,0.0,0.0,0.0,0.0,0.0,0.0,0.0,0.0,0.0,0.0,0.0,0.0,0.0,1.0,1.0,0.0,0,0,0,0,0,0,0,0.0,0.0,0.2,0.0
8,600,0,dpga,roi_shared,0.06363829970359802,0.0,global_ddp_mean,2,0.0,2.5293145179748535,2.5293145179748535,0.0,0.0,0.0,0.0,0.0,0.0,0.0,0.0,0.0,0.0,0.0,0.0,0.0,1.0,1.0,0.0,0,0,0,0,0,0,0,0.0,0.0,0.2,0.0
8,600,0,dpga,roi_cls,0.06363829970359802,0.0,global_ddp_mean,2,0.0,2.4479997158050537,2.4479997158050537,0.0,0.0,0.0,0.0,0.0,0.0,0.0,0.0,0.0,0.0,0.0,0.0,0.0,1.0,1.0,0.0,0,0,0,0,0,0,0,0.0,0.0,0.2,0.0
8,600,0,dpga,roi_reg,0.06363829970359802,0.0,global_ddp_mean,2,0.0,0.02323162741959095,0.02323162741959095,0.0,0.0,0.0,0.0,0.0,0.0,0.0,0.0,0.0,0.0,0.0,0.0,0.0,1.0,1.0,0.0,0,0,0,0,0,0,0,0.0,0.0,0.2,0.0
8,700,0,dpga,backbone,0.10234437882900238,-0.0,global_ddp_mean,2,0.0,8.330338478088379,8.330338478088379,0.0,0.0,0.0,0.0,0.0,0.0,0.0,0.0,0.0,0.0,0.0,0.0,0.0,1.0,1.0,0.0,0,0,0,0,0,0,0,0.0,0.0,0.2,0.0
8,700,0,dpga,fpn,0.10234437882900238,-0.0,global_ddp_mean,2,0.0,1.3879358768463135,1.3879358768463135,0.0,0.0,0.0,0.0,0.0,0.0,0.0,0.0,0.0,0.0,0.0,0.0,0.0,1.0,1.0,0.0,0,0,0,0,0,0,0,0.0,0.0,0.2,0.0
8,700,0,dpga,rpn,0.10234437882900238,-0.0,global_ddp_mean,2,0.0,0.9757575392723083,0.9757575392723083,0.0,0.0,0.0,0.0,0.0,0.0,0.0,0.0,0.0,0.0,0.0,0.0,0.0,1.0,1.0,0.0,0,0,0,0,0,0,0,0.0,0.0,0.2,0.0
8,700,0,dpga,roi_shared,0.10234437882900238,-0.0,global_ddp_mean,2,0.0,2.8047587871551514,2.8047587871551514,0.0,0.0,0.0,0.0,0.0,0.0,0.0,0.0,0.0,0.0,0.0,0.0,0.0,1.0,1.0,0.0,0,0,0,0,0,0,0,0.0,0.0,0.2,0.0
8,700,0,dpga,roi_cls,0.10234437882900238,-0.0,global_ddp_mean,2,0.0,2.3799595832824707,2.3799595832824707,0.0,0.0,0.0,0.0,0.0,0.0,0.0,0.0,0.0,0.0,0.0,0.0,0.0,1.0,1.0,0.0,0,0,0,0,0,0,0,0.0,0.0,0.2,0.0
8,700,0,dpga,roi_reg,0.10234437882900238,-0.0,global_ddp_mean,2,0.0,0.7622829079627991,0.7622829079627991,0.0,0.0,0.0,0.0,0.0,0.0,0.0,0.0,0.0,0.0,0.0,0.0,0.0,1.0,1.0,0.0,0,0,0,0,0,0,0,0.0,0.0,0.2,0.0
8,800,0,dpga,backbone,0.14693696796894073,0.0,global_ddp_mean,2,0.0,8.318166732788086,8.318166732788086,0.0,0.0,0.0,0.0,0.0,0.0,0.0,0.0,0.0,0.0,0.0,0.0,0.0,1.0,1.0,0.0,0,0,0,0,0,0,0,0.0,0.0,0.2,0.0
8,800,0,dpga,fpn,0.14693696796894073,0.0,global_ddp_mean,2,0.0,0.9633631110191345,0.9633631110191345,0.0,0.0,0.0,0.0,0.0,0.0,0.0,0.0,0.0,0.0,0.0,0.0,0.0,1.0,1.0,0.0,0,0,0,0,0,0,0,0.0,0.0,0.2,0.0
8,800,0,dpga,rpn,0.14693696796894073,0.0,global_ddp_mean,2,0.0,1.3547943830490112,1.3547943830490112,0.0,0.0,0.0,0.0,0.0,0.0,0.0,0.0,0.0,0.0,0.0,0.0,0.0,1.0,1.0,0.0,0,0,0,0,0,0,0,0.0,0.0,0.2,0.0
8,800,0,dpga,roi_shared,0.14693696796894073,0.0,global_ddp_mean,2,0.0,2.0745275020599365,2.0745275020599365,0.0,0.0,0.0,0.0,0.0,0.0,0.0,0.0,0.0,0.0,0.0,0.0,0.0,1.0,1.0,0.0,0,0,0,0,0,0,0,0.0,0.0,0.2,0.0
8,800,0,dpga,roi_cls,0.14693696796894073,0.0,global_ddp_mean,2,0.0,1.5605978965759277,1.5605978965759277,0.0,0.0,0.0,0.0,0.0,0.0,0.0,0.0,0.0,0.0,0.0,0.0,0.0,1.0,1.0,0.0,0,0,0,0,0,0,0,0.0,0.0,0.2,0.0
8,800,0,dpga,roi_reg,0.14693696796894073,0.0,global_ddp_mean,2,0.0,0.7847972512245178,0.7847972512245178,0.0,0.0,0.0,0.0,0.0,0.0,0.0,0.0,0.0,0.0,0.0,0.0,0.0,1.0,1.0,0.0,0,0,0,0,0,0,0,0.0,0.0,0.2,0.0
8,900,0,dpga,backbone,0.21624600887298584,0.0,global_ddp_mean,2,0.0,32.721412658691406,32.721412658691406,0.0,0.0,0.0,0.0,0.0,0.0,0.0,0.0,0.0,0.0,0.0,0.0,0.0,1.0,1.0,0.0,0,0,0,0,0,0,0,0.0,0.0,0.2,0.0
8,900,0,dpga,fpn,0.21624600887298584,0.0,global_ddp_mean,2,0.0,7.939094066619873,7.939094066619873,0.0,0.0,0.0,0.0,0.0,0.0,0.0,0.0,0.0,0.0,0.0,0.0,0.0,1.0,1.0,0.0,0,0,0,0,0,0,0,0.0,0.0,0.2,0.0
8,900,0,dpga,rpn,0.21624600887298584,0.0,global_ddp_mean,2,0.0,1.7152683734893799,1.7152683734893799,0.0,0.0,0.0,0.0,0.0,0.0,0.0,0.0,0.0,0.0,0.0,0.0,0.0,1.0,1.0,0.0,0,0,0,0,0,0,0,0.0,0.0,0.2,0.0
8,900,0,dpga,roi_shared,0.21624600887298584,0.0,global_ddp_mean,2,0.0,17.017324447631836,17.017324447631836,0.0,0.0,0.0,0.0,0.0,0.0,0.0,0.0,0.0,0.0,0.0,0.0,0.0,1.0,1.0,0.0,0,0,0,0,0,0,0,0.0,0.0,0.2,0.0
8,900,0,dpga,roi_cls,0.21624600887298584,0.0,global_ddp_mean,2,0.0,9.625362396240234,9.625362396240234,0.0,0.0,0.0,0.0,0.0,0.0,0.0,0.0,0.0,0.0,0.0,0.0,0.0,1.0,1.0,0.0,0,0,0,0,0,0,0,0.0,0.0,0.2,0.0
8,900,0,dpga,roi_reg,0.21624600887298584,0.0,global_ddp_mean,2,0.0,16.55232810974121,16.55232810974121,0.0,0.0,0.0,0.0,0.0,0.0,0.0,0.0,0.0,0.0,0.0,0.0,0.0,1.0,1.0,0.0,0,0,0,0,0,0,0,0.0,0.0,0.2,0.0
8,1000,0,dpga,backbone,0.7386975288391113,0.0,global_ddp_mean,2,0.0,30.693973541259766,30.693973541259766,0.0,0.0,0.0,0.0,0.0,0.0,0.0,0.0,0.0,0.0,0.0,0.0,0.0,1.0,1.0,0.0,0,0,0,0,0,0,0,0.0,0.0,0.2,0.0
8,1000,0,dpga,fpn,0.7386975288391113,0.0,global_ddp_mean,2,0.0,4.202025413513184,4.202025413513184,0.0,0.0,0.0,0.0,0.0,0.0,0.0,0.0,0.0,0.0,0.0,0.0,0.0,1.0,1.0,0.0,0,0,0,0,0,0,0,0.0,0.0,0.2,0.0
8,1000,0,dpga,rpn,0.7386975288391113,0.0,global_ddp_mean,2,0.0,5.098103046417236,5.098103046417236,0.0,0.0,0.0,0.0,0.0,0.0,0.0,0.0,0.0,0.0,0.0,0.0,0.0,1.0,1.0,0.0,0,0,0,0,0,0,0,0.0,0.0,0.2,0.0
8,1000,0,dpga,roi_shared,0.7386975288391113,0.0,global_ddp_mean,2,0.0,8.3262357711792,8.3262357711792,0.0,0.0,0.0,0.0,0.0,0.0,0.0,0.0,0.0,0.0,0.0,0.0,0.0,1.0,1.0,0.0,0,0,0,0,0,0,0,0.0,0.0,0.2,0.0
8,1000,0,dpga,roi_cls,0.7386975288391113,0.0,global_ddp_mean,2,0.0,8.597551345825195,8.597551345825195,0.0,0.0,0.0,0.0,0.0,0.0,0.0,0.0,0.0,0.0,0.0,0.0,0.0,1.0,1.0,0.0,0,0,0,0,0,0,0,0.0,0.0,0.2,0.0
8,1000,0,dpga,roi_reg,0.7386975288391113,0.0,global_ddp_mean,2,0.0,3.3473622798919678,3.3473622798919678,0.0,0.0,0.0,0.0,0.0,0.0,0.0,0.0,0.0,0.0,0.0,0.0,0.0,1.0,1.0,0.0,0,0,0,0,0,0,0,0.0,0.0,0.2,0.0
8,1100,0,dpga,backbone,0.41759321093559265,0.0,global_ddp_mean,2,0.0,10.601009368896484,10.601009368896484,0.0,0.0,0.0,0.0,0.0,0.0,0.0,0.0,0.0,0.0,0.0,0.0,0.0,1.0,1.0,0.0,0,0,0,0,0,0,0,0.0,0.0,0.2,0.0
8,1100,0,dpga,fpn,0.41759321093559265,0.0,global_ddp_mean,2,0.0,1.5341368913650513,1.5341368913650513,0.0,0.0,0.0,0.0,0.0,0.0,0.0,0.0,0.0,0.0,0.0,0.0,0.0,1.0,1.0,0.0,0,0,0,0,0,0,0,0.0,0.0,0.2,0.0
8,1100,0,dpga,rpn,0.41759321093559265,0.0,global_ddp_mean,2,0.0,1.3030381202697754,1.3030381202697754,0.0,0.0,0.0,0.0,0.0,0.0,0.0,0.0,0.0,0.0,0.0,0.0,0.0,1.0,1.0,0.0,0,0,0,0,0,0,0,0.0,0.0,0.2,0.0
8,1100,0,dpga,roi_shared,0.41759321093559265,0.0,global_ddp_mean,2,0.0,3.45986270904541,3.45986270904541,0.0,0.0,0.0,0.0,0.0,0.0,0.0,0.0,0.0,0.0,0.0,0.0,0.0,1.0,1.0,0.0,0,0,0,0,0,0,0,0.0,0.0,0.2,0.0
8,1100,0,dpga,roi_cls,0.41759321093559265,0.0,global_ddp_mean,2,0.0,2.0999748706817627,2.0999748706817627,0.0,0.0,0.0,0.0,0.0,0.0,0.0,0.0,0.0,0.0,0.0,0.0,0.0,1.0,1.0,0.0,0,0,0,0,0,0,0,0.0,0.0,0.2,0.0
8,1100,0,dpga,roi_reg,0.41759321093559265,0.0,global_ddp_mean,2,0.0,3.4383397102355957,3.4383397102355957,0.0,0.0,0.0,0.0,0.0,0.0,0.0,0.0,0.0,0.0,0.0,0.0,0.0,1.0,1.0,0.0,0,0,0,0,0,0,0,0.0,0.0,0.2,0.0
8,1200,0,dpga,backbone,0.16061413288116455,0.0,global_ddp_mean,2,0.0,5.554802417755127,5.554802417755127,0.0,0.0,0.0,0.0,0.0,0.0,0.0,0.0,0.0,0.0,0.0,0.0,0.0,1.0,1.0,0.0,0,0,0,0,0,0,0,0.0,0.0,0.2,0.0
8,1200,0,dpga,fpn,0.16061413288116455,0.0,global_ddp_mean,2,0.0,1.7275882959365845,1.7275882959365845,0.0,0.0,0.0,0.0,0.0,0.0,0.0,0.0,0.0,0.0,0.0,0.0,0.0,1.0,1.0,0.0,0,0,0,0,0,0,0,0.0,0.0,0.2,0.0
8,1200,0,dpga,rpn,0.16061413288116455,0.0,global_ddp_mean,2,0.0,1.9713850021362305,1.9713850021362305,0.0,0.0,0.0,0.0,0.0,0.0,0.0,0.0,0.0,0.0,0.0,0.0,0.0,1.0,1.0,0.0,0,0,0,0,0,0,0,0.0,0.0,0.2,0.0
8,1200,0,dpga,roi_shared,0.16061413288116455,0.0,global_ddp_mean,2,0.0,4.072024345397949,4.072024345397949,0.0,0.0,0.0,0.0,0.0,0.0,0.0,0.0,0.0,0.0,0.0,0.0,0.0,1.0,1.0,0.0,0,0,0,0,0,0,0,0.0,0.0,0.2,0.0
8,1200,0,dpga,roi_cls,0.16061413288116455,0.0,global_ddp_mean,2,0.0,2.518551826477051,2.518551826477051,0.0,0.0,0.0,0.0,0.0,0.0,0.0,0.0,0.0,0.0,0.0,0.0,0.0,1.0,1.0,0.0,0,0,0,0,0,0,0,0.0,0.0,0.2,0.0
8,1200,0,dpga,roi_reg,0.16061413288116455,0.0,global_ddp_mean,2,0.0,2.1573243141174316,2.1573243141174316,0.0,0.0,0.0,0.0,0.0,0.0,0.0,0.0,0.0,0.0,0.0,0.0,0.0,1.0,1.0,0.0,0,0,0,0,0,0,0,0.0,0.0,0.2,0.0
8,1300,0,dpga,backbone,0.23064211010932922,0.0,global_ddp_mean,2,0.0,5.465382099151611,5.465382099151611,0.0,0.0,0.0,0.0,0.0,0.0,0.0,0.0,0.0,0.0,0.0,0.0,0.0,1.0,1.0,0.0,0,0,0,0,0,0,0,0.0,0.0,0.2,0.0
8,1300,0,dpga,fpn,0.23064211010932922,0.0,global_ddp_mean,2,0.0,0.9586506485939026,0.9586506485939026,0.0,0.0,0.0,0.0,0.0,0.0,0.0,0.0,0.0,0.0,0.0,0.0,0.0,1.0,1.0,0.0,0,0,0,0,0,0,0,0.0,0.0,0.2,0.0
8,1300,0,dpga,rpn,0.23064211010932922,0.0,global_ddp_mean,2,0.0,1.537811040878296,1.537811040878296,0.0,0.0,0.0,0.0,0.0,0.0,0.0,0.0,0.0,0.0,0.0,0.0,0.0,1.0,1.0,0.0,0,0,0,0,0,0,0,0.0,0.0,0.2,0.0
8,1300,0,dpga,roi_shared,0.23064211010932922,0.0,global_ddp_mean,2,0.0,1.5767639875411987,1.5767639875411987,0.0,0.0,0.0,0.0,0.0,0.0,0.0,0.0,0.0,0.0,0.0,0.0,0.0,1.0,1.0,0.0,0,0,0,0,0,0,0,0.0,0.0,0.2,0.0
8,1300,0,dpga,roi_cls,0.23064211010932922,0.0,global_ddp_mean,2,0.0,0.835989773273468,0.835989773273468,0.0,0.0,0.0,0.0,0.0,0.0,0.0,0.0,0.0,0.0,0.0,0.0,0.0,1.0,1.0,0.0,0,0,0,0,0,0,0,0.0,0.0,0.2,0.0
8,1300,0,dpga,roi_reg,0.23064211010932922,0.0,global_ddp_mean,2,0.0,1.2619080543518066,1.2619080543518066,0.0,0.0,0.0,0.0,0.0,0.0,0.0,0.0,0.0,0.0,0.0,0.0,0.0,1.0,1.0,0.0,0,0,0,0,0,0,0,0.0,0.0,0.2,0.0
8,1400,0,dpga,backbone,0.04988237842917442,0.0,global_ddp_mean,2,0.0,8.34294319152832,8.34294319152832,0.0,0.0,0.0,0.0,0.0,0.0,0.0,0.0,0.0,0.0,0.0,0.0,0.0,1.0,1.0,0.0,0,0,0,0,0,0,0,0.0,0.0,0.2,0.0
8,1400,0,dpga,fpn,0.04988237842917442,0.0,global_ddp_mean,2,0.0,1.1474210023880005,1.1474210023880005,0.0,0.0,0.0,0.0,0.0,0.0,0.0,0.0,0.0,0.0,0.0,0.0,0.0,1.0,1.0,0.0,0,0,0,0,0,0,0,0.0,0.0,0.2,0.0
8,1400,0,dpga,rpn,0.04988237842917442,0.0,global_ddp_mean,2,0.0,0.9100234508514404,0.9100234508514404,0.0,0.0,0.0,0.0,0.0,0.0,0.0,0.0,0.0,0.0,0.0,0.0,0.0,1.0,1.0,0.0,0,0,0,0,0,0,0,0.0,0.0,0.2,0.0
8,1400,0,dpga,roi_shared,0.04988237842917442,0.0,global_ddp_mean,2,0.0,2.2359464168548584,2.2359464168548584,0.0,0.0,0.0,0.0,0.0,0.0,0.0,0.0,0.0,0.0,0.0,0.0,0.0,1.0,1.0,0.0,0,0,0,0,0,0,0,0.0,0.0,0.2,0.0
8,1400,0,dpga,roi_cls,0.04988237842917442,0.0,global_ddp_mean,2,0.0,1.5323599576950073,1.5323599576950073,0.0,0.0,0.0,0.0,0.0,0.0,0.0,0.0,0.0,0.0,0.0,0.0,0.0,1.0,1.0,0.0,0,0,0,0,0,0,0,0.0,0.0,0.2,0.0
8,1400,0,dpga,roi_reg,0.04988237842917442,0.0,global_ddp_mean,2,0.0,1.0841771364212036,1.0841771364212036,0.0,0.0,0.0,0.0,0.0,0.0,0.0,0.0,0.0,0.0,0.0,0.0,0.0,1.0,1.0,0.0,0,0,0,0,0,0,0,0.0,0.0,0.2,0.0
9,0,0,dpga,backbone,0.03133329376578331,0.0,global_ddp_mean,2,0.0,3.0255470275878906,3.0255470275878906,0.0,0.0,0.0,0.0,0.0,0.0,0.0,0.0,0.0,0.0,0.0,0.0,0.0,1.0,1.0,0.0,0,0,0,0,0,0,0,0.0,0.0,0.2,0.0
9,0,0,dpga,fpn,0.03133329376578331,0.0,global_ddp_mean,2,0.0,0.4945771098136902,0.4945771098136902,0.0,0.0,0.0,0.0,0.0,0.0,0.0,0.0,0.0,0.0,0.0,0.0,0.0,1.0,1.0,0.0,0,0,0,0,0,0,0,0.0,0.0,0.2,0.0
9,0,0,dpga,rpn,0.03133329376578331,0.0,global_ddp_mean,2,0.0,0.859234094619751,0.859234094619751,0.0,0.0,0.0,0.0,0.0,0.0,0.0,0.0,0.0,0.0,0.0,0.0,0.0,1.0,1.0,0.0,0,0,0,0,0,0,0,0.0,0.0,0.2,0.0
9,0,0,dpga,roi_shared,0.03133329376578331,0.0,global_ddp_mean,2,0.0,0.689723014831543,0.689723014831543,0.0,0.0,0.0,0.0,0.0,0.0,0.0,0.0,0.0,0.0,0.0,0.0,0.0,1.0,1.0,0.0,0,0,0,0,0,0,0,0.0,0.0,0.2,0.0
9,0,0,dpga,roi_cls,0.03133329376578331,0.0,global_ddp_mean,2,0.0,0.6883596777915955,0.6883596777915955,0.0,0.0,0.0,0.0,0.0,0.0,0.0,0.0,0.0,0.0,0.0,0.0,0.0,1.0,1.0,0.0,0,0,0,0,0,0,0,0.0,0.0,0.2,0.0
9,0,0,dpga,roi_reg,0.03133329376578331,0.0,global_ddp_mean,2,0.0,0.018344001844525337,0.018344001844525337,0.0,0.0,0.0,0.0,0.0,0.0,0.0,0.0,0.0,0.0,0.0,0.0,0.0,1.0,1.0,0.0,0,0,0,0,0,0,0,0.0,0.0,0.2,0.0
9,100,0,dpga,backbone,0.006967431865632534,0.0,global_ddp_mean,2,0.0,5.405643939971924,5.405643939971924,0.0,0.0,0.0,0.0,0.0,0.0,0.0,0.0,0.0,0.0,0.0,0.0,0.0,1.0,1.0,0.0,0,0,0,0,0,0,0,0.0,0.0,0.2,0.0
9,100,0,dpga,fpn,0.006967431865632534,0.0,global_ddp_mean,2,0.0,1.0081194639205933,1.0081194639205933,0.0,0.0,0.0,0.0,0.0,0.0,0.0,0.0,0.0,0.0,0.0,0.0,0.0,1.0,1.0,0.0,0,0,0,0,0,0,0,0.0,0.0,0.2,0.0
9,100,0,dpga,rpn,0.006967431865632534,0.0,global_ddp_mean,2,0.0,0.9798123836517334,0.9798123836517334,0.0,0.0,0.0,0.0,0.0,0.0,0.0,0.0,0.0,0.0,0.0,0.0,0.0,1.0,1.0,0.0,0,0,0,0,0,0,0,0.0,0.0,0.2,0.0
9,100,0,dpga,roi_shared,0.006967431865632534,0.0,global_ddp_mean,2,0.0,1.5434070825576782,1.5434070825576782,0.0,0.0,0.0,0.0,0.0,0.0,0.0,0.0,0.0,0.0,0.0,0.0,0.0,1.0,1.0,0.0,0,0,0,0,0,0,0,0.0,0.0,0.2,0.0
9,100,0,dpga,roi_cls,0.006967431865632534,0.0,global_ddp_mean,2,0.0,1.2973319292068481,1.2973319292068481,0.0,0.0,0.0,0.0,0.0,0.0,0.0,0.0,0.0,0.0,0.0,0.0,0.0,1.0,1.0,0.0,0,0,0,0,0,0,0,0.0,0.0,0.2,0.0
9,100,0,dpga,roi_reg,0.006967431865632534,0.0,global_ddp_mean,2,0.0,0.18001788854599,0.18001788854599,0.0,0.0,0.0,0.0,0.0,0.0,0.0,0.0,0.0,0.0,0.0,0.0,0.0,1.0,1.0,0.0,0,0,0,0,0,0,0,0.0,0.0,0.2,0.0
9,200,0,dpga,backbone,0.36653828620910645,0.0,global_ddp_mean,2,0.0,11.093677520751953,11.093677520751953,0.0,0.0,0.0,0.0,0.0,0.0,0.0,0.0,0.0,0.0,0.0,0.0,0.0,1.0,1.0,0.0,0,0,0,0,0,0,0,0.0,0.0,0.2,0.0
9,200,0,dpga,fpn,0.36653828620910645,0.0,global_ddp_mean,2,0.0,2.0738778114318848,2.0738778114318848,0.0,0.0,0.0,0.0,0.0,0.0,0.0,0.0,0.0,0.0,0.0,0.0,0.0,1.0,1.0,0.0,0,0,0,0,0,0,0,0.0,0.0,0.2,0.0
9,200,0,dpga,rpn,0.36653828620910645,0.0,global_ddp_mean,2,0.0,4.59150505065918,4.59150505065918,0.0,0.0,0.0,0.0,0.0,0.0,0.0,0.0,0.0,0.0,0.0,0.0,0.0,1.0,1.0,0.0,0,0,0,0,0,0,0,0.0,0.0,0.2,0.0
9,200,0,dpga,roi_shared,0.36653828620910645,0.0,global_ddp_mean,2,0.0,1.8100956678390503,1.8100956678390503,0.0,0.0,0.0,0.0,0.0,0.0,0.0,0.0,0.0,0.0,0.0,0.0,0.0,1.0,1.0,0.0,0,0,0,0,0,0,0,0.0,0.0,0.2,0.0
9,200,0,dpga,roi_cls,0.36653828620910645,0.0,global_ddp_mean,2,0.0,1.3835020065307617,1.3835020065307617,0.0,0.0,0.0,0.0,0.0,0.0,0.0,0.0,0.0,0.0,0.0,0.0,0.0,1.0,1.0,0.0,0,0,0,0,0,0,0,0.0,0.0,0.2,0.0
9,200,0,dpga,roi_reg,0.36653828620910645,0.0,global_ddp_mean,2,0.0,0.924849271774292,0.924849271774292,0.0,0.0,0.0,0.0,0.0,0.0,0.0,0.0,0.0,0.0,0.0,0.0,0.0,1.0,1.0,0.0,0,0,0,0,0,0,0,0.0,0.0,0.2,0.0
9,300,0,dpga,backbone,0.9096695184707642,0.06771774590015411,global_ddp_mean,2,0.08951529115438461,26.660587310791016,26.660587310791016,3.4060256481170654,3.4060256481170654,3.4060256481170654,3.4060256481170654,0.6812051397741605,3.4060256481170654,0.12775508687831713,0.12775508687831713,0.12775508687831713,0.025551017756403255,0.025551017756403255,0.0022872067937552885,0.0022872067937552885,1.0022872067937554,0.99967798473611,1.4540773655013983,0,0,0,0,0,0,0,1.0,1.0,0.2,0.20000000298023224
9,300,0,dpga,fpn,0.9096695184707642,0.06771774590015411,global_ddp_mean,2,-0.02622615173459053,4.24697208404541,4.24697208404541,0.7703920602798462,0.7703920602798462,0.7701270580291748,0.7701270580291748,0.15402541390099245,0.7701270580291748,0.18139795718789303,0.1813355592616936,0.1813355592616936,0.0362671123927608,0.0362671123927608,2.7223322790402195e-10,2.7223322790402195e-10,1.0000000002722333,0.9993430504781661,2.0769565411985424,1,0,0,0,0,1,0,1.0,1.0,0.2,0.20000000298023224
9,300,0,dpga,rpn,0.9096695184707642,0.06771774590015411,global_ddp_mean,2,0.0,3.3261914253234863,3.3261914253234863,0.0,0.0,0.0,0.0,0.0,0.0,0.0,0.0,0.0,0.0,0.0,0.0,0.0,1.0,1.0,0.0,0,0,0,0,0,0,0,0.0,0.0,0.2,0.0
9,300,0,dpga,roi_shared,0.9096695184707642,0.06771774590015411,global_ddp_mean,2,-0.11574021726846695,9.067055702209473,9.067055702209473,0.4818260371685028,0.4818260371685028,0.47858792543411255,0.47858792543411255,0.09571758651312567,0.47858792543411255,0.05314029746735655,0.0527831681145942,0.0527831681145942,0.01055663378022494,0.01055663378022494,-1.7819522410790504e-10,-1.7819522410790504e-10,0.9999999998218048,0.9999442574475029,0.6049689337513192,1,0,0,0,0,1,0,1.0,1.0,0.2,0.20000000298023224
9,300,0,dpga,roi_cls,0.9096695184707642,0.06771774590015411,global_ddp_mean,2,0.0,7.443093776702881,7.443093776702881,0.0,0.0,0.0,0.0,0.0,0.0,0.0,0.0,0.0,0.0,0.0,0.0,0.0,1.0,1.0,0.0,0,0,0,0,0,0,0,0.0,0.0,0.2,0.0
9,300,0,dpga,roi_reg,0.9096695184707642,0.06771774590015411,global_ddp_mean,2,-0.3126184642314911,3.3334858417510986,3.3334858417510986,1.265868067741394,1.265868067741394,1.2024211883544922,1.2024211883544922,0.24048424125439283,1.2024211883544922,0.37974304611908194,0.36070985311965614,0.36070985311965614,0.07214197169893037,0.07214197169893037,-3.414396313375706e-09,-3.414396313375706e-09,0.9999999965856038,0.9974078986836912,4.126268385439954,1,0,0,0,0,1,0,1.0,1.0,0.2,0.20000000298023224
9,400,0,dpga,backbone,0.15183618664741516,0.0,global_ddp_mean,2,0.0,12.692035675048828,12.692035675048828,0.0,0.0,0.0,0.0,0.0,0.0,0.0,0.0,0.0,0.0,0.0,0.0,0.0,1.0,1.0,0.0,0,0,0,0,0,0,0,0.0,0.0,0.2,0.0
9,400,0,dpga,fpn,0.15183618664741516,0.0,global_ddp_mean,2,0.0,2.6188201904296875,2.6188201904296875,0.0,0.0,0.0,0.0,0.0,0.0,0.0,0.0,0.0,0.0,0.0,0.0,0.0,1.0,1.0,0.0,0,0,0,0,0,0,0,0.0,0.0,0.2,0.0
9,400,0,dpga,rpn,0.15183618664741516,0.0,global_ddp_mean,2,0.0,4.504380226135254,4.504380226135254,0.0,0.0,0.0,0.0,0.0,0.0,0.0,0.0,0.0,0.0,0.0,0.0,0.0,1.0,1.0,0.0,0,0,0,0,0,0,0,0.0,0.0,0.2,0.0
9,400,0,dpga,roi_shared,0.15183618664741516,0.0,global_ddp_mean,2,0.0,5.453067302703857,5.453067302703857,0.0,0.0,0.0,0.0,0.0,0.0,0.0,0.0,0.0,0.0,0.0,0.0,0.0,1.0,1.0,0.0,0,0,0,0,0,0,0,0.0,0.0,0.2,0.0
9,400,0,dpga,roi_cls,0.15183618664741516,0.0,global_ddp_mean,2,0.0,4.618150234222412,4.618150234222412,0.0,0.0,0.0,0.0,0.0,0.0,0.0,0.0,0.0,0.0,0.0,0.0,0.0,1.0,1.0,0.0,0,0,0,0,0,0,0,0.0,0.0,0.2,0.0
9,400,0,dpga,roi_reg,0.15183618664741516,0.0,global_ddp_mean,2,0.0,2.968655824661255,2.968655824661255,0.0,0.0,0.0,0.0,0.0,0.0,0.0,0.0,0.0,0.0,0.0,0.0,0.0,1.0,1.0,0.0,0,0,0,0,0,0,0,0.0,0.0,0.2,0.0
9,500,0,dpga,backbone,0.04097665473818779,-0.0,global_ddp_mean,2,0.0,13.515921592712402,13.515921592712402,0.0,0.0,0.0,0.0,0.0,0.0,0.0,0.0,0.0,0.0,0.0,0.0,0.0,1.0,1.0,0.0,0,0,0,0,0,0,0,0.0,0.0,0.2,0.0
9,500,0,dpga,fpn,0.04097665473818779,-0.0,global_ddp_mean,2,0.0,2.4718849658966064,2.4718849658966064,0.0,0.0,0.0,0.0,0.0,0.0,0.0,0.0,0.0,0.0,0.0,0.0,0.0,1.0,1.0,0.0,0,0,0,0,0,0,0,0.0,0.0,0.2,0.0
9,500,0,dpga,rpn,0.04097665473818779,-0.0,global_ddp_mean,2,0.0,2.2820088863372803,2.2820088863372803,0.0,0.0,0.0,0.0,0.0,0.0,0.0,0.0,0.0,0.0,0.0,0.0,0.0,1.0,1.0,0.0,0,0,0,0,0,0,0,0.0,0.0,0.2,0.0
9,500,0,dpga,roi_shared,0.04097665473818779,-0.0,global_ddp_mean,2,0.0,5.171006679534912,5.171006679534912,0.0,0.0,0.0,0.0,0.0,0.0,0.0,0.0,0.0,0.0,0.0,0.0,0.0,1.0,1.0,0.0,0,0,0,0,0,0,0,0.0,0.0,0.2,0.0
9,500,0,dpga,roi_cls,0.04097665473818779,-0.0,global_ddp_mean,2,0.0,4.3321943283081055,4.3321943283081055,0.0,0.0,0.0,0.0,0.0,0.0,0.0,0.0,0.0,0.0,0.0,0.0,0.0,1.0,1.0,0.0,0,0,0,0,0,0,0,0.0,0.0,0.2,0.0
9,500,0,dpga,roi_reg,0.04097665473818779,-0.0,global_ddp_mean,2,0.0,1.4894143342971802,1.4894143342971802,0.0,0.0,0.0,0.0,0.0,0.0,0.0,0.0,0.0,0.0,0.0,0.0,0.0,1.0,1.0,0.0,0,0,0,0,0,0,0,0.0,0.0,0.2,0.0
9,600,0,dpga,backbone,0.049793556332588196,0.0,global_ddp_mean,2,0.0,20.79622459411621,20.79622459411621,0.0,0.0,0.0,0.0,0.0,0.0,0.0,0.0,0.0,0.0,0.0,0.0,0.0,1.0,1.0,0.0,0,0,0,0,0,0,0,0.0,0.0,0.2,0.0
9,600,0,dpga,fpn,0.049793556332588196,0.0,global_ddp_mean,2,0.0,2.289677143096924,2.289677143096924,0.0,0.0,0.0,0.0,0.0,0.0,0.0,0.0,0.0,0.0,0.0,0.0,0.0,1.0,1.0,0.0,0,0,0,0,0,0,0,0.0,0.0,0.2,0.0
9,600,0,dpga,rpn,0.049793556332588196,0.0,global_ddp_mean,2,0.0,2.7604146003723145,2.7604146003723145,0.0,0.0,0.0,0.0,0.0,0.0,0.0,0.0,0.0,0.0,0.0,0.0,0.0,1.0,1.0,0.0,0,0,0,0,0,0,0,0.0,0.0,0.2,0.0
9,600,0,dpga,roi_shared,0.049793556332588196,0.0,global_ddp_mean,2,0.0,5.079815864562988,5.079815864562988,0.0,0.0,0.0,0.0,0.0,0.0,0.0,0.0,0.0,0.0,0.0,0.0,0.0,1.0,1.0,0.0,0,0,0,0,0,0,0,0.0,0.0,0.2,0.0
9,600,0,dpga,roi_cls,0.049793556332588196,0.0,global_ddp_mean,2,0.0,5.251201629638672,5.251201629638672,0.0,0.0,0.0,0.0,0.0,0.0,0.0,0.0,0.0,0.0,0.0,0.0,0.0,1.0,1.0,0.0,0,0,0,0,0,0,0,0.0,0.0,0.2,0.0
9,600,0,dpga,roi_reg,0.049793556332588196,0.0,global_ddp_mean,2,0.0,3.504197359085083,3.504197359085083,0.0,0.0,0.0,0.0,0.0,0.0,0.0,0.0,0.0,0.0,0.0,0.0,0.0,1.0,1.0,0.0,0,0,0,0,0,0,0,0.0,0.0,0.2,0.0
9,700,0,dpga,backbone,1.4453744888305664,0.0,global_ddp_mean,2,0.0,32.76759338378906,32.76759338378906,0.0,0.0,0.0,0.0,0.0,0.0,0.0,0.0,0.0,0.0,0.0,0.0,0.0,1.0,1.0,0.0,0,0,0,0,0,0,0,0.0,0.0,0.2,0.0
9,700,0,dpga,fpn,1.4453744888305664,0.0,global_ddp_mean,2,0.0,9.333410263061523,9.333410263061523,0.0,0.0,0.0,0.0,0.0,0.0,0.0,0.0,0.0,0.0,0.0,0.0,0.0,1.0,1.0,0.0,0,0,0,0,0,0,0,0.0,0.0,0.2,0.0
9,700,0,dpga,rpn,1.4453744888305664,0.0,global_ddp_mean,2,0.0,3.227189540863037,3.227189540863037,0.0,0.0,0.0,0.0,0.0,0.0,0.0,0.0,0.0,0.0,0.0,0.0,0.0,1.0,1.0,0.0,0,0,0,0,0,0,0,0.0,0.0,0.2,0.0
9,700,0,dpga,roi_shared,1.4453744888305664,0.0,global_ddp_mean,2,0.0,20.773412704467773,20.773412704467773,0.0,0.0,0.0,0.0,0.0,0.0,0.0,0.0,0.0,0.0,0.0,0.0,0.0,1.0,1.0,0.0,0,0,0,0,0,0,0,0.0,0.0,0.2,0.0
9,700,0,dpga,roi_cls,1.4453744888305664,0.0,global_ddp_mean,2,0.0,14.89689826965332,14.89689826965332,0.0,0.0,0.0,0.0,0.0,0.0,0.0,0.0,0.0,0.0,0.0,0.0,0.0,1.0,1.0,0.0,0,0,0,0,0,0,0,0.0,0.0,0.2,0.0
9,700,0,dpga,roi_reg,1.4453744888305664,0.0,global_ddp_mean,2,0.0,7.490975856781006,7.490975856781006,0.0,0.0,0.0,0.0,0.0,0.0,0.0,0.0,0.0,0.0,0.0,0.0,0.0,1.0,1.0,0.0,0,0,0,0,0,0,0,0.0,0.0,0.2,0.0
9,800,0,dpga,backbone,0.13458102941513062,0.0,global_ddp_mean,2,0.0,21.962738037109375,21.962738037109375,0.0,0.0,0.0,0.0,0.0,0.0,0.0,0.0,0.0,0.0,0.0,0.0,0.0,1.0,1.0,0.0,0,0,0,0,0,0,0,0.0,0.0,0.2,0.0
9,800,0,dpga,fpn,0.13458102941513062,0.0,global_ddp_mean,2,0.0,5.702700138092041,5.702700138092041,0.0,0.0,0.0,0.0,0.0,0.0,0.0,0.0,0.0,0.0,0.0,0.0,0.0,1.0,1.0,0.0,0,0,0,0,0,0,0,0.0,0.0,0.2,0.0
9,800,0,dpga,rpn,0.13458102941513062,0.0,global_ddp_mean,2,0.0,3.3823153972625732,3.3823153972625732,0.0,0.0,0.0,0.0,0.0,0.0,0.0,0.0,0.0,0.0,0.0,0.0,0.0,1.0,1.0,0.0,0,0,0,0,0,0,0,0.0,0.0,0.2,0.0
9,800,0,dpga,roi_shared,0.13458102941513062,0.0,global_ddp_mean,2,0.0,12.773530006408691,12.773530006408691,0.0,0.0,0.0,0.0,0.0,0.0,0.0,0.0,0.0,0.0,0.0,0.0,0.0,1.0,1.0,0.0,0,0,0,0,0,0,0,0.0,0.0,0.2,0.0
9,800,0,dpga,roi_cls,0.13458102941513062,0.0,global_ddp_mean,2,0.0,10.003531455993652,10.003531455993652,0.0,0.0,0.0,0.0,0.0,0.0,0.0,0.0,0.0,0.0,0.0,0.0,0.0,1.0,1.0,0.0,0,0,0,0,0,0,0,0.0,0.0,0.2,0.0
9,800,0,dpga,roi_reg,0.13458102941513062,0.0,global_ddp_mean,2,0.0,4.293105125427246,4.293105125427246,0.0,0.0,0.0,0.0,0.0,0.0,0.0,0.0,0.0,0.0,0.0,0.0,0.0,1.0,1.0,0.0,0,0,0,0,0,0,0,0.0,0.0,0.2,0.0
9,900,0,dpga,backbone,0.1268857717514038,-0.0,global_ddp_mean,2,0.0,9.287090301513672,9.287090301513672,0.0,0.0,0.0,0.0,0.0,0.0,0.0,0.0,0.0,0.0,0.0,0.0,0.0,1.0,1.0,0.0,0,0,0,0,0,0,0,0.0,0.0,0.2,0.0
9,900,0,dpga,fpn,0.1268857717514038,-0.0,global_ddp_mean,2,0.0,1.817946434020996,1.817946434020996,0.0,0.0,0.0,0.0,0.0,0.0,0.0,0.0,0.0,0.0,0.0,0.0,0.0,1.0,1.0,0.0,0,0,0,0,0,0,0,0.0,0.0,0.2,0.0
9,900,0,dpga,rpn,0.1268857717514038,-0.0,global_ddp_mean,2,0.0,3.647409677505493,3.647409677505493,0.0,0.0,0.0,0.0,0.0,0.0,0.0,0.0,0.0,0.0,0.0,0.0,0.0,1.0,1.0,0.0,0,0,0,0,0,0,0,0.0,0.0,0.2,0.0
9,900,0,dpga,roi_shared,0.1268857717514038,-0.0,global_ddp_mean,2,0.0,3.3845090866088867,3.3845090866088867,0.0,0.0,0.0,0.0,0.0,0.0,0.0,0.0,0.0,0.0,0.0,0.0,0.0,1.0,1.0,0.0,0,0,0,0,0,0,0,0.0,0.0,0.2,0.0
9,900,0,dpga,roi_cls,0.1268857717514038,-0.0,global_ddp_mean,2,0.0,2.7045094966888428,2.7045094966888428,0.0,0.0,0.0,0.0,0.0,0.0,0.0,0.0,0.0,0.0,0.0,0.0,0.0,1.0,1.0,0.0,0,0,0,0,0,0,0,0.0,0.0,0.2,0.0
9,900,0,dpga,roi_reg,0.1268857717514038,-0.0,global_ddp_mean,2,0.0,1.948993444442749,1.948993444442749,0.0,0.0,0.0,0.0,0.0,0.0,0.0,0.0,0.0,0.0,0.0,0.0,0.0,1.0,1.0,0.0,0,0,0,0,0,0,0,0.0,0.0,0.2,0.0
9,1000,0,dpga,backbone,0.09192979335784912,0.0,global_ddp_mean,2,0.0,6.846649169921875,6.846649169921875,0.0,0.0,0.0,0.0,0.0,0.0,0.0,0.0,0.0,0.0,0.0,0.0,0.0,1.0,1.0,0.0,0,0,0,0,0,0,0,0.0,0.0,0.2,0.0
9,1000,0,dpga,fpn,0.09192979335784912,0.0,global_ddp_mean,2,0.0,1.4009006023406982,1.4009006023406982,0.0,0.0,0.0,0.0,0.0,0.0,0.0,0.0,0.0,0.0,0.0,0.0,0.0,1.0,1.0,0.0,0,0,0,0,0,0,0,0.0,0.0,0.2,0.0
9,1000,0,dpga,rpn,0.09192979335784912,0.0,global_ddp_mean,2,0.0,1.5606930255889893,1.5606930255889893,0.0,0.0,0.0,0.0,0.0,0.0,0.0,0.0,0.0,0.0,0.0,0.0,0.0,1.0,1.0,0.0,0,0,0,0,0,0,0,0.0,0.0,0.2,0.0
9,1000,0,dpga,roi_shared,0.09192979335784912,0.0,global_ddp_mean,2,0.0,2.363204002380371,2.363204002380371,0.0,0.0,0.0,0.0,0.0,0.0,0.0,0.0,0.0,0.0,0.0,0.0,0.0,1.0,1.0,0.0,0,0,0,0,0,0,0,0.0,0.0,0.2,0.0
9,1000,0,dpga,roi_cls,0.09192979335784912,0.0,global_ddp_mean,2,0.0,2.298795223236084,2.298795223236084,0.0,0.0,0.0,0.0,0.0,0.0,0.0,0.0,0.0,0.0,0.0,0.0,0.0,1.0,1.0,0.0,0,0,0,0,0,0,0,0.0,0.0,0.2,0.0
9,1000,0,dpga,roi_reg,0.09192979335784912,0.0,global_ddp_mean,2,0.0,0.07358206808567047,0.07358206808567047,0.0,0.0,0.0,0.0,0.0,0.0,0.0,0.0,0.0,0.0,0.0,0.0,0.0,1.0,1.0,0.0,0,0,0,0,0,0,0,0.0,0.0,0.2,0.0
9,1100,0,dpga,backbone,0.0035465979017317295,0.0,global_ddp_mean,2,0.0,6.728609561920166,6.728609561920166,0.0,0.0,0.0,0.0,0.0,0.0,0.0,0.0,0.0,0.0,0.0,0.0,0.0,1.0,1.0,0.0,0,0,0,0,0,0,0,0.0,0.0,0.2,0.0
9,1100,0,dpga,fpn,0.0035465979017317295,0.0,global_ddp_mean,2,0.0,1.4434374570846558,1.4434374570846558,0.0,0.0,0.0,0.0,0.0,0.0,0.0,0.0,0.0,0.0,0.0,0.0,0.0,1.0,1.0,0.0,0,0,0,0,0,0,0,0.0,0.0,0.2,0.0
9,1100,0,dpga,rpn,0.0035465979017317295,0.0,global_ddp_mean,2,0.0,0.8778566718101501,0.8778566718101501,0.0,0.0,0.0,0.0,0.0,0.0,0.0,0.0,0.0,0.0,0.0,0.0,0.0,1.0,1.0,0.0,0,0,0,0,0,0,0,0.0,0.0,0.2,0.0
9,1100,0,dpga,roi_shared,0.0035465979017317295,0.0,global_ddp_mean,2,0.0,3.3282902240753174,3.3282902240753174,0.0,0.0,0.0,0.0,0.0,0.0,0.0,0.0,0.0,0.0,0.0,0.0,0.0,1.0,1.0,0.0,0,0,0,0,0,0,0,0.0,0.0,0.2,0.0
9,1100,0,dpga,roi_cls,0.0035465979017317295,0.0,global_ddp_mean,2,0.0,2.9323439598083496,2.9323439598083496,0.0,0.0,0.0,0.0,0.0,0.0,0.0,0.0,0.0,0.0,0.0,0.0,0.0,1.0,1.0,0.0,0,0,0,0,0,0,0,0.0,0.0,0.2,0.0
9,1100,0,dpga,roi_reg,0.0035465979017317295,0.0,global_ddp_mean,2,0.0,1.926094889640808,1.926094889640808,0.0,0.0,0.0,0.0,0.0,0.0,0.0,0.0,0.0,0.0,0.0,0.0,0.0,1.0,1.0,0.0,0,0,0,0,0,0,0,0.0,0.0,0.2,0.0
9,1200,0,dpga,backbone,0.5705180168151855,0.0,global_ddp_mean,2,0.0,8.094300270080566,8.094300270080566,0.0,0.0,0.0,0.0,0.0,0.0,0.0,0.0,0.0,0.0,0.0,0.0,0.0,1.0,1.0,0.0,0,0,0,0,0,0,0,0.0,0.0,0.2,0.0
9,1200,0,dpga,fpn,0.5705180168151855,0.0,global_ddp_mean,2,0.0,1.7728245258331299,1.7728245258331299,0.0,0.0,0.0,0.0,0.0,0.0,0.0,0.0,0.0,0.0,0.0,0.0,0.0,1.0,1.0,0.0,0,0,0,0,0,0,0,0.0,0.0,0.2,0.0
9,1200,0,dpga,rpn,0.5705180168151855,0.0,global_ddp_mean,2,0.0,2.4488282203674316,2.4488282203674316,0.0,0.0,0.0,0.0,0.0,0.0,0.0,0.0,0.0,0.0,0.0,0.0,0.0,1.0,1.0,0.0,0,0,0,0,0,0,0,0.0,0.0,0.2,0.0
9,1200,0,dpga,roi_shared,0.5705180168151855,0.0,global_ddp_mean,2,0.0,3.138359308242798,3.138359308242798,0.0,0.0,0.0,0.0,0.0,0.0,0.0,0.0,0.0,0.0,0.0,0.0,0.0,1.0,1.0,0.0,0,0,0,0,0,0,0,0.0,0.0,0.2,0.0
9,1200,0,dpga,roi_cls,0.5705180168151855,0.0,global_ddp_mean,2,0.0,1.84604012966156,1.84604012966156,0.0,0.0,0.0,0.0,0.0,0.0,0.0,0.0,0.0,0.0,0.0,0.0,0.0,1.0,1.0,0.0,0,0,0,0,0,0,0,0.0,0.0,0.2,0.0
9,1200,0,dpga,roi_reg,0.5705180168151855,0.0,global_ddp_mean,2,0.0,0.9170857071876526,0.9170857071876526,0.0,0.0,0.0,0.0,0.0,0.0,0.0,0.0,0.0,0.0,0.0,0.0,0.0,1.0,1.0,0.0,0,0,0,0,0,0,0,0.0,0.0,0.2,0.0
9,1300,0,dpga,backbone,0.48244285583496094,0.0,global_ddp_mean,2,0.0,12.820098876953125,12.820098876953125,0.0,0.0,0.0,0.0,0.0,0.0,0.0,0.0,0.0,0.0,0.0,0.0,0.0,1.0,1.0,0.0,0,0,0,0,0,0,0,0.0,0.0,0.2,0.0
9,1300,0,dpga,fpn,0.48244285583496094,0.0,global_ddp_mean,2,0.0,3.1135449409484863,3.1135449409484863,0.0,0.0,0.0,0.0,0.0,0.0,0.0,0.0,0.0,0.0,0.0,0.0,0.0,1.0,1.0,0.0,0,0,0,0,0,0,0,0.0,0.0,0.2,0.0
9,1300,0,dpga,rpn,0.48244285583496094,0.0,global_ddp_mean,2,0.0,3.3186893463134766,3.3186893463134766,0.0,0.0,0.0,0.0,0.0,0.0,0.0,0.0,0.0,0.0,0.0,0.0,0.0,1.0,1.0,0.0,0,0,0,0,0,0,0,0.0,0.0,0.2,0.0
9,1300,0,dpga,roi_shared,0.48244285583496094,0.0,global_ddp_mean,2,0.0,7.001974105834961,7.001974105834961,0.0,0.0,0.0,0.0,0.0,0.0,0.0,0.0,0.0,0.0,0.0,0.0,0.0,1.0,1.0,0.0,0,0,0,0,0,0,0,0.0,0.0,0.2,0.0
9,1300,0,dpga,roi_cls,0.48244285583496094,0.0,global_ddp_mean,2,0.0,5.698785781860352,5.698785781860352,0.0,0.0,0.0,0.0,0.0,0.0,0.0,0.0,0.0,0.0,0.0,0.0,0.0,1.0,1.0,0.0,0,0,0,0,0,0,0,0.0,0.0,0.2,0.0
9,1300,0,dpga,roi_reg,0.48244285583496094,0.0,global_ddp_mean,2,0.0,2.8792707920074463,2.8792707920074463,0.0,0.0,0.0,0.0,0.0,0.0,0.0,0.0,0.0,0.0,0.0,0.0,0.0,1.0,1.0,0.0,0,0,0,0,0,0,0,0.0,0.0,0.2,0.0
9,1400,0,dpga,backbone,0.1274195909500122,0.0,global_ddp_mean,2,0.0,7.820590972900391,7.820590972900391,0.0,0.0,0.0,0.0,0.0,0.0,0.0,0.0,0.0,0.0,0.0,0.0,0.0,1.0,1.0,0.0,0,0,0,0,0,0,0,0.0,0.0,0.2,0.0
9,1400,0,dpga,fpn,0.1274195909500122,0.0,global_ddp_mean,2,0.0,1.2261923551559448,1.2261923551559448,0.0,0.0,0.0,0.0,0.0,0.0,0.0,0.0,0.0,0.0,0.0,0.0,0.0,1.0,1.0,0.0,0,0,0,0,0,0,0,0.0,0.0,0.2,0.0
9,1400,0,dpga,rpn,0.1274195909500122,0.0,global_ddp_mean,2,0.0,2.0910558700561523,2.0910558700561523,0.0,0.0,0.0,0.0,0.0,0.0,0.0,0.0,0.0,0.0,0.0,0.0,0.0,1.0,1.0,0.0,0,0,0,0,0,0,0,0.0,0.0,0.2,0.0
9,1400,0,dpga,roi_shared,0.1274195909500122,0.0,global_ddp_mean,2,0.0,1.9030840396881104,1.9030840396881104,0.0,0.0,0.0,0.0,0.0,0.0,0.0,0.0,0.0,0.0,0.0,0.0,0.0,1.0,1.0,0.0,0,0,0,0,0,0,0,0.0,0.0,0.2,0.0
9,1400,0,dpga,roi_cls,0.1274195909500122,0.0,global_ddp_mean,2,0.0,1.4824492931365967,1.4824492931365967,0.0,0.0,0.0,0.0,0.0,0.0,0.0,0.0,0.0,0.0,0.0,0.0,0.0,1.0,1.0,0.0,0,0,0,0,0,0,0,0.0,0.0,0.2,0.0
9,1400,0,dpga,roi_reg,0.1274195909500122,0.0,global_ddp_mean,2,0.0,0.5785948634147644,0.5785948634147644,0.0,0.0,0.0,0.0,0.0,0.0,0.0,0.0,0.0,0.0,0.0,0.0,0.0,1.0,1.0,0.0,0,0,0,0,0,0,0,0.0,0.0,0.2,0.0
10,0,0,dpga,backbone,0.137492373585701,0.0,global_ddp_mean,2,0.0,12.830349922180176,12.830349922180176,0.0,0.0,0.0,0.0,0.0,0.0,0.0,0.0,0.0,0.0,0.0,0.0,0.0,1.0,1.0,0.0,0,0,0,0,0,0,0,0.0,0.0,0.2,0.0
10,0,0,dpga,fpn,0.137492373585701,0.0,global_ddp_mean,2,0.0,2.395888328552246,2.395888328552246,0.0,0.0,0.0,0.0,0.0,0.0,0.0,0.0,0.0,0.0,0.0,0.0,0.0,1.0,1.0,0.0,0,0,0,0,0,0,0,0.0,0.0,0.2,0.0
10,0,0,dpga,rpn,0.137492373585701,0.0,global_ddp_mean,2,0.0,5.0206780433654785,5.0206780433654785,0.0,0.0,0.0,0.0,0.0,0.0,0.0,0.0,0.0,0.0,0.0,0.0,0.0,1.0,1.0,0.0,0,0,0,0,0,0,0,0.0,0.0,0.2,0.0
10,0,0,dpga,roi_shared,0.137492373585701,0.0,global_ddp_mean,2,0.0,3.883763313293457,3.883763313293457,0.0,0.0,0.0,0.0,0.0,0.0,0.0,0.0,0.0,0.0,0.0,0.0,0.0,1.0,1.0,0.0,0,0,0,0,0,0,0,0.0,0.0,0.2,0.0
10,0,0,dpga,roi_cls,0.137492373585701,0.0,global_ddp_mean,2,0.0,4.019721508026123,4.019721508026123,0.0,0.0,0.0,0.0,0.0,0.0,0.0,0.0,0.0,0.0,0.0,0.0,0.0,1.0,1.0,0.0,0,0,0,0,0,0,0,0.0,0.0,0.2,0.0
10,0,0,dpga,roi_reg,0.137492373585701,0.0,global_ddp_mean,2,0.0,2.3721811771392822,2.3721811771392822,0.0,0.0,0.0,0.0,0.0,0.0,0.0,0.0,0.0,0.0,0.0,0.0,0.0,1.0,1.0,0.0,0,0,0,0,0,0,0,0.0,0.0,0.2,0.0
10,100,0,dpga,backbone,0.09259603917598724,-0.0,global_ddp_mean,2,0.0,8.422197341918945,8.422197341918945,0.0,0.0,0.0,0.0,0.0,0.0,0.0,0.0,0.0,0.0,0.0,0.0,0.0,1.0,1.0,0.0,0,0,0,0,0,0,0,0.0,0.0,0.2,0.0
10,100,0,dpga,fpn,0.09259603917598724,-0.0,global_ddp_mean,2,0.0,1.371840238571167,1.371840238571167,0.0,0.0,0.0,0.0,0.0,0.0,0.0,0.0,0.0,0.0,0.0,0.0,0.0,1.0,1.0,0.0,0,0,0,0,0,0,0,0.0,0.0,0.2,0.0
10,100,0,dpga,rpn,0.09259603917598724,-0.0,global_ddp_mean,2,0.0,1.068984031677246,1.068984031677246,0.0,0.0,0.0,0.0,0.0,0.0,0.0,0.0,0.0,0.0,0.0,0.0,0.0,1.0,1.0,0.0,0,0,0,0,0,0,0,0.0,0.0,0.2,0.0
10,100,0,dpga,roi_shared,0.09259603917598724,-0.0,global_ddp_mean,2,0.0,2.978368043899536,2.978368043899536,0.0,0.0,0.0,0.0,0.0,0.0,0.0,0.0,0.0,0.0,0.0,0.0,0.0,1.0,1.0,0.0,0,0,0,0,0,0,0,0.0,0.0,0.2,0.0
10,100,0,dpga,roi_cls,0.09259603917598724,-0.0,global_ddp_mean,2,0.0,2.5722951889038086,2.5722951889038086,0.0,0.0,0.0,0.0,0.0,0.0,0.0,0.0,0.0,0.0,0.0,0.0,0.0,1.0,1.0,0.0,0,0,0,0,0,0,0,0.0,0.0,0.2,0.0
10,100,0,dpga,roi_reg,0.09259603917598724,-0.0,global_ddp_mean,2,0.0,0.8243424296379089,0.8243424296379089,0.0,0.0,0.0,0.0,0.0,0.0,0.0,0.0,0.0,0.0,0.0,0.0,0.0,1.0,1.0,0.0,0,0,0,0,0,0,0,0.0,0.0,0.2,0.0
10,200,0,dpga,backbone,0.12112876027822495,-0.0,global_ddp_mean,2,0.0,3.4279065132141113,3.4279065132141113,0.0,0.0,0.0,0.0,0.0,0.0,0.0,0.0,0.0,0.0,0.0,0.0,0.0,1.0,1.0,0.0,0,0,0,0,0,0,0,0.0,0.0,0.2,0.0
10,200,0,dpga,fpn,0.12112876027822495,-0.0,global_ddp_mean,2,0.0,0.5623906850814819,0.5623906850814819,0.0,0.0,0.0,0.0,0.0,0.0,0.0,0.0,0.0,0.0,0.0,0.0,0.0,1.0,1.0,0.0,0,0,0,0,0,0,0,0.0,0.0,0.2,0.0
10,200,0,dpga,rpn,0.12112876027822495,-0.0,global_ddp_mean,2,0.0,1.4182828664779663,1.4182828664779663,0.0,0.0,0.0,0.0,0.0,0.0,0.0,0.0,0.0,0.0,0.0,0.0,0.0,1.0,1.0,0.0,0,0,0,0,0,0,0,0.0,0.0,0.2,0.0
10,200,0,dpga,roi_shared,0.12112876027822495,-0.0,global_ddp_mean,2,0.0,0.7628144025802612,0.7628144025802612,0.0,0.0,0.0,0.0,0.0,0.0,0.0,0.0,0.0,0.0,0.0,0.0,0.0,1.0,1.0,0.0,0,0,0,0,0,0,0,0.0,0.0,0.2,0.0
10,200,0,dpga,roi_cls,0.12112876027822495,-0.0,global_ddp_mean,2,0.0,0.5992845296859741,0.5992845296859741,0.0,0.0,0.0,0.0,0.0,0.0,0.0,0.0,0.0,0.0,0.0,0.0,0.0,1.0,1.0,0.0,0,0,0,0,0,0,0,0.0,0.0,0.2,0.0
10,200,0,dpga,roi_reg,0.12112876027822495,-0.0,global_ddp_mean,2,0.0,0.15426962077617645,0.15426962077617645,0.0,0.0,0.0,0.0,0.0,0.0,0.0,0.0,0.0,0.0,0.0,0.0,0.0,1.0,1.0,0.0,0,0,0,0,0,0,0,0.0,0.0,0.2,0.0
10,300,0,dpga,backbone,0.05144640430808067,-0.0,global_ddp_mean,2,0.0,8.24288558959961,8.24288558959961,0.0,0.0,0.0,0.0,0.0,0.0,0.0,0.0,0.0,0.0,0.0,0.0,0.0,1.0,1.0,0.0,0,0,0,0,0,0,0,0.0,0.0,0.2,0.0
10,300,0,dpga,fpn,0.05144640430808067,-0.0,global_ddp_mean,2,0.0,1.4081096649169922,1.4081096649169922,0.0,0.0,0.0,0.0,0.0,0.0,0.0,0.0,0.0,0.0,0.0,0.0,0.0,1.0,1.0,0.0,0,0,0,0,0,0,0,0.0,0.0,0.2,0.0
10,300,0,dpga,rpn,0.05144640430808067,-0.0,global_ddp_mean,2,0.0,1.8196046352386475,1.8196046352386475,0.0,0.0,0.0,0.0,0.0,0.0,0.0,0.0,0.0,0.0,0.0,0.0,0.0,1.0,1.0,0.0,0,0,0,0,0,0,0,0.0,0.0,0.2,0.0
10,300,0,dpga,roi_shared,0.05144640430808067,-0.0,global_ddp_mean,2,0.0,2.483618974685669,2.483618974685669,0.0,0.0,0.0,0.0,0.0,0.0,0.0,0.0,0.0,0.0,0.0,0.0,0.0,1.0,1.0,0.0,0,0,0,0,0,0,0,0.0,0.0,0.2,0.0
10,300,0,dpga,roi_cls,0.05144640430808067,-0.0,global_ddp_mean,2,0.0,1.9749085903167725,1.9749085903167725,0.0,0.0,0.0,0.0,0.0,0.0,0.0,0.0,0.0,0.0,0.0,0.0,0.0,1.0,1.0,0.0,0,0,0,0,0,0,0,0.0,0.0,0.2,0.0
10,300,0,dpga,roi_reg,0.05144640430808067,-0.0,global_ddp_mean,2,0.0,1.525796890258789,1.525796890258789,0.0,0.0,0.0,0.0,0.0,0.0,0.0,0.0,0.0,0.0,0.0,0.0,0.0,1.0,1.0,0.0,0,0,0,0,0,0,0,0.0,0.0,0.2,0.0
10,400,0,dpga,backbone,0.16532418131828308,0.0,global_ddp_mean,2,0.0,28.849794387817383,28.849794387817383,0.0,0.0,0.0,0.0,0.0,0.0,0.0,0.0,0.0,0.0,0.0,0.0,0.0,1.0,1.0,0.0,0,0,0,0,0,0,0,0.0,0.0,0.2,0.0
10,400,0,dpga,fpn,0.16532418131828308,0.0,global_ddp_mean,2,0.0,4.643918037414551,4.643918037414551,0.0,0.0,0.0,0.0,0.0,0.0,0.0,0.0,0.0,0.0,0.0,0.0,0.0,1.0,1.0,0.0,0,0,0,0,0,0,0,0.0,0.0,0.2,0.0
10,400,0,dpga,rpn,0.16532418131828308,0.0,global_ddp_mean,2,0.0,3.9610047340393066,3.9610047340393066,0.0,0.0,0.0,0.0,0.0,0.0,0.0,0.0,0.0,0.0,0.0,0.0,0.0,1.0,1.0,0.0,0,0,0,0,0,0,0,0.0,0.0,0.2,0.0
10,400,0,dpga,roi_shared,0.16532418131828308,0.0,global_ddp_mean,2,0.0,8.871635437011719,8.871635437011719,0.0,0.0,0.0,0.0,0.0,0.0,0.0,0.0,0.0,0.0,0.0,0.0,0.0,1.0,1.0,0.0,0,0,0,0,0,0,0,0.0,0.0,0.2,0.0
10,400,0,dpga,roi_cls,0.16532418131828308,0.0,global_ddp_mean,2,0.0,6.639952659606934,6.639952659606934,0.0,0.0,0.0,0.0,0.0,0.0,0.0,0.0,0.0,0.0,0.0,0.0,0.0,1.0,1.0,0.0,0,0,0,0,0,0,0,0.0,0.0,0.2,0.0
10,400,0,dpga,roi_reg,0.16532418131828308,0.0,global_ddp_mean,2,0.0,2.189279317855835,2.189279317855835,0.0,0.0,0.0,0.0,0.0,0.0,0.0,0.0,0.0,0.0,0.0,0.0,0.0,1.0,1.0,0.0,0,0,0,0,0,0,0,0.0,0.0,0.2,0.0
10,500,0,dpga,backbone,0.1426571160554886,0.0,global_ddp_mean,2,0.0,5.709758281707764,5.709758281707764,0.0,0.0,0.0,0.0,0.0,0.0,0.0,0.0,0.0,0.0,0.0,0.0,0.0,1.0,1.0,0.0,0,0,0,0,0,0,0,0.0,0.0,0.2,0.0
10,500,0,dpga,fpn,0.1426571160554886,0.0,global_ddp_mean,2,0.0,1.1156435012817383,1.1156435012817383,0.0,0.0,0.0,0.0,0.0,0.0,0.0,0.0,0.0,0.0,0.0,0.0,0.0,1.0,1.0,0.0,0,0,0,0,0,0,0,0.0,0.0,0.2,0.0
10,500,0,dpga,rpn,0.1426571160554886,0.0,global_ddp_mean,2,0.0,1.4514626264572144,1.4514626264572144,0.0,0.0,0.0,0.0,0.0,0.0,0.0,0.0,0.0,0.0,0.0,0.0,0.0,1.0,1.0,0.0,0,0,0,0,0,0,0,0.0,0.0,0.2,0.0
10,500,0,dpga,roi_shared,0.1426571160554886,0.0,global_ddp_mean,2,0.0,2.35408091545105,2.35408091545105,0.0,0.0,0.0,0.0,0.0,0.0,0.0,0.0,0.0,0.0,0.0,0.0,0.0,1.0,1.0,0.0,0,0,0,0,0,0,0,0.0,0.0,0.2,0.0
10,500,0,dpga,roi_cls,0.1426571160554886,0.0,global_ddp_mean,2,0.0,1.543579339981079,1.543579339981079,0.0,0.0,0.0,0.0,0.0,0.0,0.0,0.0,0.0,0.0,0.0,0.0,0.0,1.0,1.0,0.0,0,0,0,0,0,0,0,0.0,0.0,0.2,0.0
10,500,0,dpga,roi_reg,0.1426571160554886,0.0,global_ddp_mean,2,0.0,1.276761770248413,1.276761770248413,0.0,0.0,0.0,0.0,0.0,0.0,0.0,0.0,0.0,0.0,0.0,0.0,0.0,1.0,1.0,0.0,0,0,0,0,0,0,0,0.0,0.0,0.2,0.0
10,600,0,dpga,backbone,0.45192664861679077,0.0,global_ddp_mean,2,0.0,13.353352546691895,13.353352546691895,0.0,0.0,0.0,0.0,0.0,0.0,0.0,0.0,0.0,0.0,0.0,0.0,0.0,1.0,1.0,0.0,0,0,0,0,0,0,0,0.0,0.0,0.2,0.0
10,600,0,dpga,fpn,0.45192664861679077,0.0,global_ddp_mean,2,0.0,2.3477602005004883,2.3477602005004883,0.0,0.0,0.0,0.0,0.0,0.0,0.0,0.0,0.0,0.0,0.0,0.0,0.0,1.0,1.0,0.0,0,0,0,0,0,0,0,0.0,0.0,0.2,0.0
10,600,0,dpga,rpn,0.45192664861679077,0.0,global_ddp_mean,2,0.0,2.677764415740967,2.677764415740967,0.0,0.0,0.0,0.0,0.0,0.0,0.0,0.0,0.0,0.0,0.0,0.0,0.0,1.0,1.0,0.0,0,0,0,0,0,0,0,0.0,0.0,0.2,0.0
10,600,0,dpga,roi_shared,0.45192664861679077,0.0,global_ddp_mean,2,0.0,4.976627826690674,4.976627826690674,0.0,0.0,0.0,0.0,0.0,0.0,0.0,0.0,0.0,0.0,0.0,0.0,0.0,1.0,1.0,0.0,0,0,0,0,0,0,0,0.0,0.0,0.2,0.0
10,600,0,dpga,roi_cls,0.45192664861679077,0.0,global_ddp_mean,2,0.0,2.728212833404541,2.728212833404541,0.0,0.0,0.0,0.0,0.0,0.0,0.0,0.0,0.0,0.0,0.0,0.0,0.0,1.0,1.0,0.0,0,0,0,0,0,0,0,0.0,0.0,0.2,0.0
10,600,0,dpga,roi_reg,0.45192664861679077,0.0,global_ddp_mean,2,0.0,3.7054104804992676,3.7054104804992676,0.0,0.0,0.0,0.0,0.0,0.0,0.0,0.0,0.0,0.0,0.0,0.0,0.0,1.0,1.0,0.0,0,0,0,0,0,0,0,0.0,0.0,0.2,0.0
10,700,0,dpga,backbone,0.010956307873129845,0.0,global_ddp_mean,2,0.0,18.006216049194336,18.006216049194336,0.0,0.0,0.0,0.0,0.0,0.0,0.0,0.0,0.0,0.0,0.0,0.0,0.0,1.0,1.0,0.0,0,0,0,0,0,0,0,0.0,0.0,0.2,0.0
10,700,0,dpga,fpn,0.010956307873129845,0.0,global_ddp_mean,2,0.0,1.6319772005081177,1.6319772005081177,0.0,0.0,0.0,0.0,0.0,0.0,0.0,0.0,0.0,0.0,0.0,0.0,0.0,1.0,1.0,0.0,0,0,0,0,0,0,0,0.0,0.0,0.2,0.0
10,700,0,dpga,rpn,0.010956307873129845,0.0,global_ddp_mean,2,0.0,1.2566523551940918,1.2566523551940918,0.0,0.0,0.0,0.0,0.0,0.0,0.0,0.0,0.0,0.0,0.0,0.0,0.0,1.0,1.0,0.0,0,0,0,0,0,0,0,0.0,0.0,0.2,0.0
10,700,0,dpga,roi_shared,0.010956307873129845,0.0,global_ddp_mean,2,0.0,3.0296998023986816,3.0296998023986816,0.0,0.0,0.0,0.0,0.0,0.0,0.0,0.0,0.0,0.0,0.0,0.0,0.0,1.0,1.0,0.0,0,0,0,0,0,0,0,0.0,0.0,0.2,0.0
10,700,0,dpga,roi_cls,0.010956307873129845,0.0,global_ddp_mean,2,0.0,1.731082797050476,1.731082797050476,0.0,0.0,0.0,0.0,0.0,0.0,0.0,0.0,0.0,0.0,0.0,0.0,0.0,1.0,1.0,0.0,0,0,0,0,0,0,0,0.0,0.0,0.2,0.0
10,700,0,dpga,roi_reg,0.010956307873129845,0.0,global_ddp_mean,2,0.0,1.9531601667404175,1.9531601667404175,0.0,0.0,0.0,0.0,0.0,0.0,0.0,0.0,0.0,0.0,0.0,0.0,0.0,1.0,1.0,0.0,0,0,0,0,0,0,0,0.0,0.0,0.2,0.0
10,800,0,dpga,backbone,1.0082283020019531,0.0,global_ddp_mean,2,0.0,22.12083625793457,22.12083625793457,0.0,0.0,0.0,0.0,0.0,0.0,0.0,0.0,0.0,0.0,0.0,0.0,0.0,1.0,1.0,0.0,0,0,0,0,0,0,0,0.0,0.0,0.2,0.0
10,800,0,dpga,fpn,1.0082283020019531,0.0,global_ddp_mean,2,0.0,4.646554470062256,4.646554470062256,0.0,0.0,0.0,0.0,0.0,0.0,0.0,0.0,0.0,0.0,0.0,0.0,0.0,1.0,1.0,0.0,0,0,0,0,0,0,0,0.0,0.0,0.2,0.0
10,800,0,dpga,rpn,1.0082283020019531,0.0,global_ddp_mean,2,0.0,2.875800371170044,2.875800371170044,0.0,0.0,0.0,0.0,0.0,0.0,0.0,0.0,0.0,0.0,0.0,0.0,0.0,1.0,1.0,0.0,0,0,0,0,0,0,0,0.0,0.0,0.2,0.0
10,800,0,dpga,roi_shared,1.0082283020019531,0.0,global_ddp_mean,2,0.0,9.23615837097168,9.23615837097168,0.0,0.0,0.0,0.0,0.0,0.0,0.0,0.0,0.0,0.0,0.0,0.0,0.0,1.0,1.0,0.0,0,0,0,0,0,0,0,0.0,0.0,0.2,0.0
10,800,0,dpga,roi_cls,1.0082283020019531,0.0,global_ddp_mean,2,0.0,6.566450119018555,6.566450119018555,0.0,0.0,0.0,0.0,0.0,0.0,0.0,0.0,0.0,0.0,0.0,0.0,0.0,1.0,1.0,0.0,0,0,0,0,0,0,0,0.0,0.0,0.2,0.0
10,800,0,dpga,roi_reg,1.0082283020019531,0.0,global_ddp_mean,2,0.0,5.79210090637207,5.79210090637207,0.0,0.0,0.0,0.0,0.0,0.0,0.0,0.0,0.0,0.0,0.0,0.0,0.0,1.0,1.0,0.0,0,0,0,0,0,0,0,0.0,0.0,0.2,0.0
10,900,0,dpga,backbone,0.10034307837486267,0.0,global_ddp_mean,2,0.0,14.610818862915039,14.610818862915039,0.0,0.0,0.0,0.0,0.0,0.0,0.0,0.0,0.0,0.0,0.0,0.0,0.0,1.0,1.0,0.0,0,0,0,0,0,0,0,0.0,0.0,0.2,0.0
10,900,0,dpga,fpn,0.10034307837486267,0.0,global_ddp_mean,2,0.0,3.963850736618042,3.963850736618042,0.0,0.0,0.0,0.0,0.0,0.0,0.0,0.0,0.0,0.0,0.0,0.0,0.0,1.0,1.0,0.0,0,0,0,0,0,0,0,0.0,0.0,0.2,0.0
10,900,0,dpga,rpn,0.10034307837486267,0.0,global_ddp_mean,2,0.0,3.7659692764282227,3.7659692764282227,0.0,0.0,0.0,0.0,0.0,0.0,0.0,0.0,0.0,0.0,0.0,0.0,0.0,1.0,1.0,0.0,0,0,0,0,0,0,0,0.0,0.0,0.2,0.0
10,900,0,dpga,roi_shared,0.10034307837486267,0.0,global_ddp_mean,2,0.0,9.062844276428223,9.062844276428223,0.0,0.0,0.0,0.0,0.0,0.0,0.0,0.0,0.0,0.0,0.0,0.0,0.0,1.0,1.0,0.0,0,0,0,0,0,0,0,0.0,0.0,0.2,0.0
10,900,0,dpga,roi_cls,0.10034307837486267,0.0,global_ddp_mean,2,0.0,7.92680549621582,7.92680549621582,0.0,0.0,0.0,0.0,0.0,0.0,0.0,0.0,0.0,0.0,0.0,0.0,0.0,1.0,1.0,0.0,0,0,0,0,0,0,0,0.0,0.0,0.2,0.0
10,900,0,dpga,roi_reg,0.10034307837486267,0.0,global_ddp_mean,2,0.0,1.898280143737793,1.898280143737793,0.0,0.0,0.0,0.0,0.0,0.0,0.0,0.0,0.0,0.0,0.0,0.0,0.0,1.0,1.0,0.0,0,0,0,0,0,0,0,0.0,0.0,0.2,0.0
10,1000,0,dpga,backbone,0.0003628531994763762,0.0,global_ddp_mean,2,0.0,5.272494316101074,5.272494316101074,0.0,0.0,0.0,0.0,0.0,0.0,0.0,0.0,0.0,0.0,0.0,0.0,0.0,1.0,1.0,0.0,0,0,0,0,0,0,0,0.0,0.0,0.2,0.0
10,1000,0,dpga,fpn,0.0003628531994763762,0.0,global_ddp_mean,2,0.0,1.3993345499038696,1.3993345499038696,0.0,0.0,0.0,0.0,0.0,0.0,0.0,0.0,0.0,0.0,0.0,0.0,0.0,1.0,1.0,0.0,0,0,0,0,0,0,0,0.0,0.0,0.2,0.0
10,1000,0,dpga,rpn,0.0003628531994763762,0.0,global_ddp_mean,2,0.0,1.269248127937317,1.269248127937317,0.0,0.0,0.0,0.0,0.0,0.0,0.0,0.0,0.0,0.0,0.0,0.0,0.0,1.0,1.0,0.0,0,0,0,0,0,0,0,0.0,0.0,0.2,0.0
10,1000,0,dpga,roi_shared,0.0003628531994763762,0.0,global_ddp_mean,2,0.0,2.729022979736328,2.729022979736328,0.0,0.0,0.0,0.0,0.0,0.0,0.0,0.0,0.0,0.0,0.0,0.0,0.0,1.0,1.0,0.0,0,0,0,0,0,0,0,0.0,0.0,0.2,0.0
10,1000,0,dpga,roi_cls,0.0003628531994763762,0.0,global_ddp_mean,2,0.0,1.7656095027923584,1.7656095027923584,0.0,0.0,0.0,0.0,0.0,0.0,0.0,0.0,0.0,0.0,0.0,0.0,0.0,1.0,1.0,0.0,0,0,0,0,0,0,0,0.0,0.0,0.2,0.0
10,1000,0,dpga,roi_reg,0.0003628531994763762,0.0,global_ddp_mean,2,0.0,0.6744477152824402,0.6744477152824402,0.0,0.0,0.0,0.0,0.0,0.0,0.0,0.0,0.0,0.0,0.0,0.0,0.0,1.0,1.0,0.0,0,0,0,0,0,0,0,0.0,0.0,0.2,0.0
10,1100,0,dpga,backbone,1.237060546875,0.12439706176519394,global_ddp_mean,2,0.13221344351768494,40.178810119628906,40.178810119628906,4.4952898025512695,4.4952898025512695,4.4952898025512695,4.4952898025512695,0.8990579739072615,4.4952898025512695,0.11188210375486322,0.11188210375486322,0.11188210375486322,0.022376421084407298,0.022376421084407298,0.0029584636851712185,0.0029584636851712185,1.0029584636851712,0.9997554900267811,1.267052962867988,0,0,0,0,0,0,0,1.0,1.0,0.2,0.20000000298023224
10,1100,0,dpga,fpn,1.237060546875,0.12439706176519394,global_ddp_mean,2,-0.06135542690753937,5.873849391937256,5.873849391937256,1.2301517724990845,1.2301517724990845,1.2278341054916382,1.2278341054916382,0.24556682475755842,1.2278341054916382,0.20942855194545051,0.20903397815698607,0.20903397815698607,0.041806796254367014,0.041806796254367014,2.3384712696327455e-10,2.3384712696327455e-10,1.0000000002338472,0.9991271882656155,2.3940295771764304,1,0,0,0,0,1,0,1.0,1.0,0.2,0.20000000298023224
10,1100,0,dpga,rpn,1.237060546875,0.12439706176519394,global_ddp_mean,2,0.0,7.008633613586426,7.008633613586426,0.0,0.0,0.0,0.0,0.0,0.0,0.0,0.0,0.0,0.0,0.0,0.0,0.0,1.0,1.0,0.0,0,0,0,0,0,0,0,0.0,0.0,0.2,0.0
10,1100,0,dpga,roi_shared,1.237060546875,0.12439706176519394,global_ddp_mean,2,-0.23025527596473694,11.420792579650879,11.420792579650879,1.7082432508468628,1.7082432508468628,1.6623430252075195,1.6623430252075195,0.3324686099956722,1.6623430252075195,0.14957309126606008,0.1455540859895676,0.1455540859895676,0.0291108176316985,0.0291108176316985,-9.077350952937503e-10,-9.077350952937503e-10,0.9999999990922649,0.9995765660245381,1.6674230739225337,1,0,0,0,0,1,0,1.0,1.0,0.2,0.20000000298023224
10,1100,0,dpga,roi_cls,1.237060546875,0.12439706176519394,global_ddp_mean,2,0.0,11.8455171585083,11.8455171585083,0.0,0.0,0.0,0.0,0.0,0.0,0.0,0.0,0.0,0.0,0.0,0.0,0.0,1.0,1.0,0.0,0,0,0,0,0,0,0,0.0,0.0,0.2,0.0
10,1100,0,dpga,roi_reg,1.237060546875,0.12439706176519394,global_ddp_mean,2,-0.6479184031486511,10.398089408874512,10.398089408874512,6.712016582489014,6.712016582489014,5.112607955932617,5.112607955932617,1.0225216064232825,5.112607955932617,0.6455047959830461,0.4916872470407047,0.4916872470407047,0.09833745087348313,0.09833745087348313,-4.611486884258141e-09,-4.611486884258141e-09,0.9999999953885131,0.9951996973396227,5.616242121786758,1,0,0,0,0,1,0,1.0,1.0,0.2,0.20000000298023224
10,1200,0,dpga,backbone,0.08081670105457306,0.0,global_ddp_mean,2,0.0,14.088054656982422,14.088054656982422,0.0,0.0,0.0,0.0,0.0,0.0,0.0,0.0,0.0,0.0,0.0,0.0,0.0,1.0,1.0,0.0,0,0,0,0,0,0,0,0.0,0.0,0.2,0.0
10,1200,0,dpga,fpn,0.08081670105457306,0.0,global_ddp_mean,2,0.0,3.470365285873413,3.470365285873413,0.0,0.0,0.0,0.0,0.0,0.0,0.0,0.0,0.0,0.0,0.0,0.0,0.0,1.0,1.0,0.0,0,0,0,0,0,0,0,0.0,0.0,0.2,0.0
10,1200,0,dpga,rpn,0.08081670105457306,0.0,global_ddp_mean,2,0.0,2.879016637802124,2.879016637802124,0.0,0.0,0.0,0.0,0.0,0.0,0.0,0.0,0.0,0.0,0.0,0.0,0.0,1.0,1.0,0.0,0,0,0,0,0,0,0,0.0,0.0,0.2,0.0
10,1200,0,dpga,roi_shared,0.08081670105457306,0.0,global_ddp_mean,2,0.0,6.945133209228516,6.945133209228516,0.0,0.0,0.0,0.0,0.0,0.0,0.0,0.0,0.0,0.0,0.0,0.0,0.0,1.0,1.0,0.0,0,0,0,0,0,0,0,0.0,0.0,0.2,0.0
10,1200,0,dpga,roi_cls,0.08081670105457306,0.0,global_ddp_mean,2,0.0,5.066032409667969,5.066032409667969,0.0,0.0,0.0,0.0,0.0,0.0,0.0,0.0,0.0,0.0,0.0,0.0,0.0,1.0,1.0,0.0,0,0,0,0,0,0,0,0.0,0.0,0.2,0.0
10,1200,0,dpga,roi_reg,0.08081670105457306,0.0,global_ddp_mean,2,0.0,2.0544209480285645,2.0544209480285645,0.0,0.0,0.0,0.0,0.0,0.0,0.0,0.0,0.0,0.0,0.0,0.0,0.0,1.0,1.0,0.0,0,0,0,0,0,0,0,0.0,0.0,0.2,0.0
10,1300,0,dpga,backbone,0.1589173674583435,-0.0,global_ddp_mean,2,0.0,14.033790588378906,14.033790588378906,0.0,0.0,0.0,0.0,0.0,0.0,0.0,0.0,0.0,0.0,0.0,0.0,0.0,1.0,1.0,0.0,0,0,0,0,0,0,0,0.0,0.0,0.2,0.0
10,1300,0,dpga,fpn,0.1589173674583435,-0.0,global_ddp_mean,2,0.0,0.757714033126831,0.757714033126831,0.0,0.0,0.0,0.0,0.0,0.0,0.0,0.0,0.0,0.0,0.0,0.0,0.0,1.0,1.0,0.0,0,0,0,0,0,0,0,0.0,0.0,0.2,0.0
10,1300,0,dpga,rpn,0.1589173674583435,-0.0,global_ddp_mean,2,0.0,1.5608289241790771,1.5608289241790771,0.0,0.0,0.0,0.0,0.0,0.0,0.0,0.0,0.0,0.0,0.0,0.0,0.0,1.0,1.0,0.0,0,0,0,0,0,0,0,0.0,0.0,0.2,0.0
10,1300,0,dpga,roi_shared,0.1589173674583435,-0.0,global_ddp_mean,2,0.0,1.0991241931915283,1.0991241931915283,0.0,0.0,0.0,0.0,0.0,0.0,0.0,0.0,0.0,0.0,0.0,0.0,0.0,1.0,1.0,0.0,0,0,0,0,0,0,0,0.0,0.0,0.2,0.0
10,1300,0,dpga,roi_cls,0.1589173674583435,-0.0,global_ddp_mean,2,0.0,0.5287644863128662,0.5287644863128662,0.0,0.0,0.0,0.0,0.0,0.0,0.0,0.0,0.0,0.0,0.0,0.0,0.0,1.0,1.0,0.0,0,0,0,0,0,0,0,0.0,0.0,0.2,0.0
10,1300,0,dpga,roi_reg,0.1589173674583435,-0.0,global_ddp_mean,2,0.0,1.1499348878860474,1.1499348878860474,0.0,0.0,0.0,0.0,0.0,0.0,0.0,0.0,0.0,0.0,0.0,0.0,0.0,1.0,1.0,0.0,0,0,0,0,0,0,0,0.0,0.0,0.2,0.0
10,1400,0,dpga,backbone,0.050204865634441376,0.0,global_ddp_mean,2,0.0,4.75286340713501,4.75286340713501,0.0,0.0,0.0,0.0,0.0,0.0,0.0,0.0,0.0,0.0,0.0,0.0,0.0,1.0,1.0,0.0,0,0,0,0,0,0,0,0.0,0.0,0.2,0.0
10,1400,0,dpga,fpn,0.050204865634441376,0.0,global_ddp_mean,2,0.0,1.0913419723510742,1.0913419723510742,0.0,0.0,0.0,0.0,0.0,0.0,0.0,0.0,0.0,0.0,0.0,0.0,0.0,1.0,1.0,0.0,0,0,0,0,0,0,0,0.0,0.0,0.2,0.0
10,1400,0,dpga,rpn,0.050204865634441376,0.0,global_ddp_mean,2,0.0,0.8674110770225525,0.8674110770225525,0.0,0.0,0.0,0.0,0.0,0.0,0.0,0.0,0.0,0.0,0.0,0.0,0.0,1.0,1.0,0.0,0,0,0,0,0,0,0,0.0,0.0,0.2,0.0
10,1400,0,dpga,roi_shared,0.050204865634441376,0.0,global_ddp_mean,2,0.0,2.3838050365448,2.3838050365448,0.0,0.0,0.0,0.0,0.0,0.0,0.0,0.0,0.0,0.0,0.0,0.0,0.0,1.0,1.0,0.0,0,0,0,0,0,0,0,0.0,0.0,0.2,0.0
10,1400,0,dpga,roi_cls,0.050204865634441376,0.0,global_ddp_mean,2,0.0,2.110020875930786,2.110020875930786,0.0,0.0,0.0,0.0,0.0,0.0,0.0,0.0,0.0,0.0,0.0,0.0,0.0,1.0,1.0,0.0,0,0,0,0,0,0,0,0.0,0.0,0.2,0.0
10,1400,0,dpga,roi_reg,0.050204865634441376,0.0,global_ddp_mean,2,0.0,0.16154733300209045,0.16154733300209045,0.0,0.0,0.0,0.0,0.0,0.0,0.0,0.0,0.0,0.0,0.0,0.0,0.0,1.0,1.0,0.0,0,0,0,0,0,0,0,0.0,0.0,0.2,0.0
11,0,0,dpga,backbone,0.011042742058634758,0.0,global_ddp_mean,2,0.0,5.420117378234863,5.420117378234863,0.0,0.0,0.0,0.0,0.0,0.0,0.0,0.0,0.0,0.0,0.0,0.0,0.0,1.0,1.0,0.0,0,0,0,0,0,0,0,0.0,0.0,0.2,0.0
11,0,0,dpga,fpn,0.011042742058634758,0.0,global_ddp_mean,2,0.0,0.9052348136901855,0.9052348136901855,0.0,0.0,0.0,0.0,0.0,0.0,0.0,0.0,0.0,0.0,0.0,0.0,0.0,1.0,1.0,0.0,0,0,0,0,0,0,0,0.0,0.0,0.2,0.0
11,0,0,dpga,rpn,0.011042742058634758,0.0,global_ddp_mean,2,0.0,1.5855540037155151,1.5855540037155151,0.0,0.0,0.0,0.0,0.0,0.0,0.0,0.0,0.0,0.0,0.0,0.0,0.0,1.0,1.0,0.0,0,0,0,0,0,0,0,0.0,0.0,0.2,0.0
11,0,0,dpga,roi_shared,0.011042742058634758,0.0,global_ddp_mean,2,0.0,0.949133574962616,0.949133574962616,0.0,0.0,0.0,0.0,0.0,0.0,0.0,0.0,0.0,0.0,0.0,0.0,0.0,1.0,1.0,0.0,0,0,0,0,0,0,0,0.0,0.0,0.2,0.0
11,0,0,dpga,roi_cls,0.011042742058634758,0.0,global_ddp_mean,2,0.0,0.7352007627487183,0.7352007627487183,0.0,0.0,0.0,0.0,0.0,0.0,0.0,0.0,0.0,0.0,0.0,0.0,0.0,1.0,1.0,0.0,0,0,0,0,0,0,0,0.0,0.0,0.2,0.0
11,0,0,dpga,roi_reg,0.011042742058634758,0.0,global_ddp_mean,2,0.0,0.45828691124916077,0.45828691124916077,0.0,0.0,0.0,0.0,0.0,0.0,0.0,0.0,0.0,0.0,0.0,0.0,0.0,1.0,1.0,0.0,0,0,0,0,0,0,0,0.0,0.0,0.2,0.0
11,100,0,dpga,backbone,0.14683197438716888,-0.0,global_ddp_mean,2,0.0,7.887939453125,7.887939453125,0.0,0.0,0.0,0.0,0.0,0.0,0.0,0.0,0.0,0.0,0.0,0.0,0.0,1.0,1.0,0.0,0,0,0,0,0,0,0,0.0,0.0,0.2,0.0
11,100,0,dpga,fpn,0.14683197438716888,-0.0,global_ddp_mean,2,0.0,1.356015682220459,1.356015682220459,0.0,0.0,0.0,0.0,0.0,0.0,0.0,0.0,0.0,0.0,0.0,0.0,0.0,1.0,1.0,0.0,0,0,0,0,0,0,0,0.0,0.0,0.2,0.0
11,100,0,dpga,rpn,0.14683197438716888,-0.0,global_ddp_mean,2,0.0,3.1944963932037354,3.1944963932037354,0.0,0.0,0.0,0.0,0.0,0.0,0.0,0.0,0.0,0.0,0.0,0.0,0.0,1.0,1.0,0.0,0,0,0,0,0,0,0,0.0,0.0,0.2,0.0
11,100,0,dpga,roi_shared,0.14683197438716888,-0.0,global_ddp_mean,2,0.0,2.3616249561309814,2.3616249561309814,0.0,0.0,0.0,0.0,0.0,0.0,0.0,0.0,0.0,0.0,0.0,0.0,0.0,1.0,1.0,0.0,0,0,0,0,0,0,0,0.0,0.0,0.2,0.0
11,100,0,dpga,roi_cls,0.14683197438716888,-0.0,global_ddp_mean,2,0.0,1.5605204105377197,1.5605204105377197,0.0,0.0,0.0,0.0,0.0,0.0,0.0,0.0,0.0,0.0,0.0,0.0,0.0,1.0,1.0,0.0,0,0,0,0,0,0,0,0.0,0.0,0.2,0.0
11,100,0,dpga,roi_reg,0.14683197438716888,-0.0,global_ddp_mean,2,0.0,1.2311699390411377,1.2311699390411377,0.0,0.0,0.0,0.0,0.0,0.0,0.0,0.0,0.0,0.0,0.0,0.0,0.0,1.0,1.0,0.0,0,0,0,0,0,0,0,0.0,0.0,0.2,0.0
11,200,0,dpga,backbone,0.39464980363845825,0.00010002159251598641,global_ddp_mean,2,0.0,8.336445808410645,8.336445808410645,0.0,0.0,0.0,0.0,0.0,0.0,0.0,0.0,0.0,0.0,0.0,0.0,0.0,1.0,1.0,0.0,0,0,0,0,0,0,0,0.0,0.0,0.2,0.0
11,200,0,dpga,fpn,0.39464980363845825,0.00010002159251598641,global_ddp_mean,2,0.0,1.4488201141357422,1.4488201141357422,0.0,0.0,0.0,0.0,0.0,0.0,0.0,0.0,0.0,0.0,0.0,0.0,0.0,1.0,1.0,0.0,0,0,0,0,0,0,0,0.0,0.0,0.2,0.0
11,200,0,dpga,rpn,0.39464980363845825,0.00010002159251598641,global_ddp_mean,2,0.0,1.812138319015503,1.812138319015503,0.0,0.0,0.0,0.0,0.0,0.0,0.0,0.0,0.0,0.0,0.0,0.0,0.0,1.0,1.0,0.0,0,0,0,0,0,0,0,0.0,0.0,0.2,0.0
11,200,0,dpga,roi_shared,0.39464980363845825,0.00010002159251598641,global_ddp_mean,2,0.0,3.09968638420105,3.09968638420105,0.0,0.0,0.0,0.0,0.0,0.0,0.0,0.0,0.0,0.0,0.0,0.0,0.0,1.0,1.0,0.0,0,0,0,0,0,0,0,0.0,0.0,0.2,0.0
11,200,0,dpga,roi_cls,0.39464980363845825,0.00010002159251598641,global_ddp_mean,2,0.0,2.2275049686431885,2.2275049686431885,0.0,0.0,0.0,0.0,0.0,0.0,0.0,0.0,0.0,0.0,0.0,0.0,0.0,1.0,1.0,0.0,0,0,0,0,0,0,0,0.0,0.0,0.2,0.0
11,200,0,dpga,roi_reg,0.39464980363845825,0.00010002159251598641,global_ddp_mean,2,0.0,4.107780456542969,4.107780456542969,0.0,0.0,0.0,0.0,0.0,0.0,0.0,0.0,0.0,0.0,0.0,0.0,0.0,1.0,1.0,0.0,0,0,0,0,0,0,0,0.0,0.0,0.2,0.0
11,300,0,dpga,backbone,0.4934280514717102,0.0,global_ddp_mean,2,0.0,12.645718574523926,12.645718574523926,0.0,0.0,0.0,0.0,0.0,0.0,0.0,0.0,0.0,0.0,0.0,0.0,0.0,1.0,1.0,0.0,0,0,0,0,0,0,0,0.0,0.0,0.2,0.0
11,300,0,dpga,fpn,0.4934280514717102,0.0,global_ddp_mean,2,0.0,3.010340929031372,3.010340929031372,0.0,0.0,0.0,0.0,0.0,0.0,0.0,0.0,0.0,0.0,0.0,0.0,0.0,1.0,1.0,0.0,0,0,0,0,0,0,0,0.0,0.0,0.2,0.0
11,300,0,dpga,rpn,0.4934280514717102,0.0,global_ddp_mean,2,0.0,2.878669023513794,2.878669023513794,0.0,0.0,0.0,0.0,0.0,0.0,0.0,0.0,0.0,0.0,0.0,0.0,0.0,1.0,1.0,0.0,0,0,0,0,0,0,0,0.0,0.0,0.2,0.0
11,300,0,dpga,roi_shared,0.4934280514717102,0.0,global_ddp_mean,2,0.0,6.973484039306641,6.973484039306641,0.0,0.0,0.0,0.0,0.0,0.0,0.0,0.0,0.0,0.0,0.0,0.0,0.0,1.0,1.0,0.0,0,0,0,0,0,0,0,0.0,0.0,0.2,0.0
11,300,0,dpga,roi_cls,0.4934280514717102,0.0,global_ddp_mean,2,0.0,7.033501148223877,7.033501148223877,0.0,0.0,0.0,0.0,0.0,0.0,0.0,0.0,0.0,0.0,0.0,0.0,0.0,1.0,1.0,0.0,0,0,0,0,0,0,0,0.0,0.0,0.2,0.0
11,300,0,dpga,roi_reg,0.4934280514717102,0.0,global_ddp_mean,2,0.0,5.922418117523193,5.922418117523193,0.0,0.0,0.0,0.0,0.0,0.0,0.0,0.0,0.0,0.0,0.0,0.0,0.0,1.0,1.0,0.0,0,0,0,0,0,0,0,0.0,0.0,0.2,0.0
11,400,0,dpga,backbone,0.2982432246208191,0.00010002159251598641,global_ddp_mean,2,0.11772948503494263,12.508783340454102,12.508783340454102,1.4627471456307717e-10,1.4627471456307717e-10,1.4627471456307717e-10,1.4627471456307717e-10,2.9254943348548054e-11,1.4627471456307717e-10,1.1693760342783826e-11,1.1693760342783826e-11,1.1693760342783826e-11,2.3387521034068866e-12,2.3387521034068866e-12,2.753400807584817e-13,2.753400807584817e-13,1.0000000000002753,1.0000000000002753,0.0,0,0,0,0,0,0,0,1.0,1.0,0.2,0.20000000298023224
11,400,0,dpga,fpn,0.2982432246208191,0.00010002159251598641,global_ddp_mean,2,-0.03523508459329605,2.2219719886779785,2.2219719886779785,2.361360759706166e-11,2.361360759706166e-11,2.359837845966606e-11,2.359837845966606e-11,4.71967576226186e-12,2.359837845966606e-11,1.0627320109067264e-11,1.0620466225457028e-11,1.0620466225457028e-11,2.1240932767428614e-12,2.1240932767428614e-12,-9.76746517706935e-21,-9.76746517706935e-21,1.0,1.0,0.0,1,0,0,0,0,1,0,1.0,1.0,0.2,0.20000000298023224
11,400,0,dpga,rpn,0.2982432246208191,0.00010002159251598641,global_ddp_mean,2,0.0,4.7928571701049805,4.7928571701049805,0.0,0.0,0.0,0.0,0.0,0.0,0.0,0.0,0.0,0.0,0.0,0.0,0.0,1.0,1.0,0.0,0,0,0,0,0,0,0,0.0,0.0,0.2,0.0
11,400,0,dpga,roi_shared,0.2982432246208191,0.00010002159251598641,global_ddp_mean,2,-0.09257221966981888,5.590376377105713,5.590376377105713,5.058683333336589e-11,5.058683333336589e-11,5.036806735581045e-11,5.036806735581045e-11,1.0073613621270629e-11,5.036806735581045e-11,9.04891369041525e-12,9.009781087742672e-12,9.009781087742672e-12,1.8019562443997746e-12,1.8019562443997746e-12,-1.3502408436518671e-21,-1.3502408436518671e-21,1.0,1.0,0.0,1,0,0,0,0,1,0,1.0,1.0,0.2,0.20000000298023224
11,400,0,dpga,roi_cls,0.2982432246208191,0.00010002159251598641,global_ddp_mean,2,0.0,4.986992835998535,4.986992835998535,0.0,0.0,0.0,0.0,0.0,0.0,0.0,0.0,0.0,0.0,0.0,0.0,0.0,1.0,1.0,0.0,0,0,0,0,0,0,0,0.0,0.0,0.2,0.0
11,400,0,dpga,roi_reg,0.2982432246208191,0.00010002159251598641,global_ddp_mean,2,-0.12087517231702805,4.273653030395508,4.273653030395508,1.006657882052231e-10,1.006657882052231e-10,9.992422861371253e-11,9.992422861371253e-11,1.9984846020539913e-11,9.992422861371253e-11,2.3554974512263322e-11,2.3381455607888923e-11,2.3381455607888923e-11,4.676291191259952e-12,4.676291191259952e-12,3.285067836694077e-20,3.285067836694077e-20,1.0,1.0,0.0,1,0,0,0,0,1,0,1.0,1.0,0.2,0.20000000298023224
11,500,0,dpga,backbone,0.08047530055046082,-0.0,global_ddp_mean,2,0.0,8.908236503601074,8.908236503601074,0.0,0.0,0.0,0.0,0.0,0.0,0.0,0.0,0.0,0.0,0.0,0.0,0.0,1.0,1.0,0.0,0,0,0,0,0,0,0,0.0,0.0,0.2,0.0
11,500,0,dpga,fpn,0.08047530055046082,-0.0,global_ddp_mean,2,0.0,1.3951079845428467,1.3951079845428467,0.0,0.0,0.0,0.0,0.0,0.0,0.0,0.0,0.0,0.0,0.0,0.0,0.0,1.0,1.0,0.0,0,0,0,0,0,0,0,0.0,0.0,0.2,0.0
11,500,0,dpga,rpn,0.08047530055046082,-0.0,global_ddp_mean,2,0.0,2.951768398284912,2.951768398284912,0.0,0.0,0.0,0.0,0.0,0.0,0.0,0.0,0.0,0.0,0.0,0.0,0.0,1.0,1.0,0.0,0,0,0,0,0,0,0,0.0,0.0,0.2,0.0
11,500,0,dpga,roi_shared,0.08047530055046082,-0.0,global_ddp_mean,2,0.0,2.0284008979797363,2.0284008979797363,0.0,0.0,0.0,0.0,0.0,0.0,0.0,0.0,0.0,0.0,0.0,0.0,0.0,1.0,1.0,0.0,0,0,0,0,0,0,0,0.0,0.0,0.2,0.0
11,500,0,dpga,roi_cls,0.08047530055046082,-0.0,global_ddp_mean,2,0.0,1.206612467765808,1.206612467765808,0.0,0.0,0.0,0.0,0.0,0.0,0.0,0.0,0.0,0.0,0.0,0.0,0.0,1.0,1.0,0.0,0,0,0,0,0,0,0,0.0,0.0,0.2,0.0
11,500,0,dpga,roi_reg,0.08047530055046082,-0.0,global_ddp_mean,2,0.0,1.6609747409820557,1.6609747409820557,0.0,0.0,0.0,0.0,0.0,0.0,0.0,0.0,0.0,0.0,0.0,0.0,0.0,1.0,1.0,0.0,0,0,0,0,0,0,0,0.0,0.0,0.2,0.0
11,600,0,dpga,backbone,0.030746156349778175,0.0,global_ddp_mean,2,0.0,7.2207159996032715,7.2207159996032715,0.0,0.0,0.0,0.0,0.0,0.0,0.0,0.0,0.0,0.0,0.0,0.0,0.0,1.0,1.0,0.0,0,0,0,0,0,0,0,0.0,0.0,0.2,0.0
11,600,0,dpga,fpn,0.030746156349778175,0.0,global_ddp_mean,2,0.0,1.7754796743392944,1.7754796743392944,0.0,0.0,0.0,0.0,0.0,0.0,0.0,0.0,0.0,0.0,0.0,0.0,0.0,1.0,1.0,0.0,0,0,0,0,0,0,0,0.0,0.0,0.2,0.0
11,600,0,dpga,rpn,0.030746156349778175,0.0,global_ddp_mean,2,0.0,0.5109562873840332,0.5109562873840332,0.0,0.0,0.0,0.0,0.0,0.0,0.0,0.0,0.0,0.0,0.0,0.0,0.0,1.0,1.0,0.0,0,0,0,0,0,0,0,0.0,0.0,0.2,0.0
11,600,0,dpga,roi_shared,0.030746156349778175,0.0,global_ddp_mean,2,0.0,3.9691710472106934,3.9691710472106934,0.0,0.0,0.0,0.0,0.0,0.0,0.0,0.0,0.0,0.0,0.0,0.0,0.0,1.0,1.0,0.0,0,0,0,0,0,0,0,0.0,0.0,0.2,0.0
11,600,0,dpga,roi_cls,0.030746156349778175,0.0,global_ddp_mean,2,0.0,3.363734483718872,3.363734483718872,0.0,0.0,0.0,0.0,0.0,0.0,0.0,0.0,0.0,0.0,0.0,0.0,0.0,1.0,1.0,0.0,0,0,0,0,0,0,0,0.0,0.0,0.2,0.0
11,600,0,dpga,roi_reg,0.030746156349778175,0.0,global_ddp_mean,2,0.0,0.5279561877250671,0.5279561877250671,0.0,0.0,0.0,0.0,0.0,0.0,0.0,0.0,0.0,0.0,0.0,0.0,0.0,1.0,1.0,0.0,0,0,0,0,0,0,0,0.0,0.0,0.2,0.0
11,700,0,dpga,backbone,0.011645801365375519,0.0,global_ddp_mean,2,0.0,7.718567848205566,7.718567848205566,0.0,0.0,0.0,0.0,0.0,0.0,0.0,0.0,0.0,0.0,0.0,0.0,0.0,1.0,1.0,0.0,0,0,0,0,0,0,0,0.0,0.0,0.2,0.0
11,700,0,dpga,fpn,0.011645801365375519,0.0,global_ddp_mean,2,0.0,1.2009484767913818,1.2009484767913818,0.0,0.0,0.0,0.0,0.0,0.0,0.0,0.0,0.0,0.0,0.0,0.0,0.0,1.0,1.0,0.0,0,0,0,0,0,0,0,0.0,0.0,0.2,0.0
11,700,0,dpga,rpn,0.011645801365375519,0.0,global_ddp_mean,2,0.0,1.4560710191726685,1.4560710191726685,0.0,0.0,0.0,0.0,0.0,0.0,0.0,0.0,0.0,0.0,0.0,0.0,0.0,1.0,1.0,0.0,0,0,0,0,0,0,0,0.0,0.0,0.2,0.0
11,700,0,dpga,roi_shared,0.011645801365375519,0.0,global_ddp_mean,2,0.0,2.1771795749664307,2.1771795749664307,0.0,0.0,0.0,0.0,0.0,0.0,0.0,0.0,0.0,0.0,0.0,0.0,0.0,1.0,1.0,0.0,0,0,0,0,0,0,0,0.0,0.0,0.2,0.0
11,700,0,dpga,roi_cls,0.011645801365375519,0.0,global_ddp_mean,2,0.0,1.8265272378921509,1.8265272378921509,0.0,0.0,0.0,0.0,0.0,0.0,0.0,0.0,0.0,0.0,0.0,0.0,0.0,1.0,1.0,0.0,0,0,0,0,0,0,0,0.0,0.0,0.2,0.0
11,700,0,dpga,roi_reg,0.011645801365375519,0.0,global_ddp_mean,2,0.0,0.5172779560089111,0.5172779560089111,0.0,0.0,0.0,0.0,0.0,0.0,0.0,0.0,0.0,0.0,0.0,0.0,0.0,1.0,1.0,0.0,0,0,0,0,0,0,0,0.0,0.0,0.2,0.0
11,800,0,dpga,backbone,0.024526288732886314,0.0,global_ddp_mean,2,0.0,11.325262069702148,11.325262069702148,0.0,0.0,0.0,0.0,0.0,0.0,0.0,0.0,0.0,0.0,0.0,0.0,0.0,1.0,1.0,0.0,0,0,0,0,0,0,0,0.0,0.0,0.2,0.0
11,800,0,dpga,fpn,0.024526288732886314,0.0,global_ddp_mean,2,0.0,1.898987054824829,1.898987054824829,0.0,0.0,0.0,0.0,0.0,0.0,0.0,0.0,0.0,0.0,0.0,0.0,0.0,1.0,1.0,0.0,0,0,0,0,0,0,0,0.0,0.0,0.2,0.0
11,800,0,dpga,rpn,0.024526288732886314,0.0,global_ddp_mean,2,0.0,1.1280549764633179,1.1280549764633179,0.0,0.0,0.0,0.0,0.0,0.0,0.0,0.0,0.0,0.0,0.0,0.0,0.0,1.0,1.0,0.0,0,0,0,0,0,0,0,0.0,0.0,0.2,0.0
11,800,0,dpga,roi_shared,0.024526288732886314,0.0,global_ddp_mean,2,0.0,3.9603517055511475,3.9603517055511475,0.0,0.0,0.0,0.0,0.0,0.0,0.0,0.0,0.0,0.0,0.0,0.0,0.0,1.0,1.0,0.0,0,0,0,0,0,0,0,0.0,0.0,0.2,0.0
11,800,0,dpga,roi_cls,0.024526288732886314,0.0,global_ddp_mean,2,0.0,3.8082783222198486,3.8082783222198486,0.0,0.0,0.0,0.0,0.0,0.0,0.0,0.0,0.0,0.0,0.0,0.0,0.0,1.0,1.0,0.0,0,0,0,0,0,0,0,0.0,0.0,0.2,0.0
11,800,0,dpga,roi_reg,0.024526288732886314,0.0,global_ddp_mean,2,0.0,0.0,0.0,0.0,0.0,0.0,0.0,0.0,0.0,0.0,0.0,0.0,0.0,0.0,0.0,0.0,0.0,0.0,90.0,0,0,0,0,0,0,0,0.0,0.0,0.2,0.0
11,900,0,dpga,backbone,0.35750505328178406,0.0,global_ddp_mean,2,0.0,9.81957721710205,9.81957721710205,0.0,0.0,0.0,0.0,0.0,0.0,0.0,0.0,0.0,0.0,0.0,0.0,0.0,1.0,1.0,0.0,0,0,0,0,0,0,0,0.0,0.0,0.2,0.0
11,900,0,dpga,fpn,0.35750505328178406,0.0,global_ddp_mean,2,0.0,1.8422514200210571,1.8422514200210571,0.0,0.0,0.0,0.0,0.0,0.0,0.0,0.0,0.0,0.0,0.0,0.0,0.0,1.0,1.0,0.0,0,0,0,0,0,0,0,0.0,0.0,0.2,0.0
11,900,0,dpga,rpn,0.35750505328178406,0.0,global_ddp_mean,2,0.0,2.2943155765533447,2.2943155765533447,0.0,0.0,0.0,0.0,0.0,0.0,0.0,0.0,0.0,0.0,0.0,0.0,0.0,1.0,1.0,0.0,0,0,0,0,0,0,0,0.0,0.0,0.2,0.0
11,900,0,dpga,roi_shared,0.35750505328178406,0.0,global_ddp_mean,2,0.0,4.050461769104004,4.050461769104004,0.0,0.0,0.0,0.0,0.0,0.0,0.0,0.0,0.0,0.0,0.0,0.0,0.0,1.0,1.0,0.0,0,0,0,0,0,0,0,0.0,0.0,0.2,0.0
11,900,0,dpga,roi_cls,0.35750505328178406,0.0,global_ddp_mean,2,0.0,2.454263687133789,2.454263687133789,0.0,0.0,0.0,0.0,0.0,0.0,0.0,0.0,0.0,0.0,0.0,0.0,0.0,1.0,1.0,0.0,0,0,0,0,0,0,0,0.0,0.0,0.2,0.0
11,900,0,dpga,roi_reg,0.35750505328178406,0.0,global_ddp_mean,2,0.0,3.1903719902038574,3.1903719902038574,0.0,0.0,0.0,0.0,0.0,0.0,0.0,0.0,0.0,0.0,0.0,0.0,0.0,1.0,1.0,0.0,0,0,0,0,0,0,0,0.0,0.0,0.2,0.0
11,1000,0,dpga,backbone,0.37184131145477295,-0.0,global_ddp_mean,2,0.0,8.134977340698242,8.134977340698242,0.0,0.0,0.0,0.0,0.0,0.0,0.0,0.0,0.0,0.0,0.0,0.0,0.0,1.0,1.0,0.0,0,0,0,0,0,0,0,0.0,0.0,0.2,0.0
11,1000,0,dpga,fpn,0.37184131145477295,-0.0,global_ddp_mean,2,0.0,1.631571650505066,1.631571650505066,0.0,0.0,0.0,0.0,0.0,0.0,0.0,0.0,0.0,0.0,0.0,0.0,0.0,1.0,1.0,0.0,0,0,0,0,0,0,0,0.0,0.0,0.2,0.0
11,1000,0,dpga,rpn,0.37184131145477295,-0.0,global_ddp_mean,2,0.0,1.433630108833313,1.433630108833313,0.0,0.0,0.0,0.0,0.0,0.0,0.0,0.0,0.0,0.0,0.0,0.0,0.0,1.0,1.0,0.0,0,0,0,0,0,0,0,0.0,0.0,0.2,0.0
11,1000,0,dpga,roi_shared,0.37184131145477295,-0.0,global_ddp_mean,2,0.0,3.588075637817383,3.588075637817383,0.0,0.0,0.0,0.0,0.0,0.0,0.0,0.0,0.0,0.0,0.0,0.0,0.0,1.0,1.0,0.0,0,0,0,0,0,0,0,0.0,0.0,0.2,0.0
11,1000,0,dpga,roi_cls,0.37184131145477295,-0.0,global_ddp_mean,2,0.0,2.360247850418091,2.360247850418091,0.0,0.0,0.0,0.0,0.0,0.0,0.0,0.0,0.0,0.0,0.0,0.0,0.0,1.0,1.0,0.0,0,0,0,0,0,0,0,0.0,0.0,0.2,0.0
11,1000,0,dpga,roi_reg,0.37184131145477295,-0.0,global_ddp_mean,2,0.0,1.4355218410491943,1.4355218410491943,0.0,0.0,0.0,0.0,0.0,0.0,0.0,0.0,0.0,0.0,0.0,0.0,0.0,1.0,1.0,0.0,0,0,0,0,0,0,0,0.0,0.0,0.2,0.0
11,1100,0,dpga,backbone,0.034691933542490005,0.0,global_ddp_mean,2,0.0,5.118990898132324,5.118990898132324,0.0,0.0,0.0,0.0,0.0,0.0,0.0,0.0,0.0,0.0,0.0,0.0,0.0,1.0,1.0,0.0,0,0,0,0,0,0,0,0.0,0.0,0.2,0.0
11,1100,0,dpga,fpn,0.034691933542490005,0.0,global_ddp_mean,2,0.0,0.7571418285369873,0.7571418285369873,0.0,0.0,0.0,0.0,0.0,0.0,0.0,0.0,0.0,0.0,0.0,0.0,0.0,1.0,1.0,0.0,0,0,0,0,0,0,0,0.0,0.0,0.2,0.0
11,1100,0,dpga,rpn,0.034691933542490005,0.0,global_ddp_mean,2,0.0,1.6517701148986816,1.6517701148986816,0.0,0.0,0.0,0.0,0.0,0.0,0.0,0.0,0.0,0.0,0.0,0.0,0.0,1.0,1.0,0.0,0,0,0,0,0,0,0,0.0,0.0,0.2,0.0
11,1100,0,dpga,roi_shared,0.034691933542490005,0.0,global_ddp_mean,2,0.0,0.0,0.0,0.0,0.0,0.0,0.0,0.0,0.0,0.0,0.0,0.0,0.0,0.0,0.0,0.0,0.0,0.0,90.0,0,0,0,0,0,0,0,0.0,0.0,0.2,0.0
11,1100,0,dpga,roi_cls,0.034691933542490005,0.0,global_ddp_mean,2,0.0,0.0,0.0,0.0,0.0,0.0,0.0,0.0,0.0,0.0,0.0,0.0,0.0,0.0,0.0,0.0,0.0,0.0,90.0,0,0,0,0,0,0,0,0.0,0.0,0.2,0.0
11,1100,0,dpga,roi_reg,0.034691933542490005,0.0,global_ddp_mean,2,0.0,0.0,0.0,0.0,0.0,0.0,0.0,0.0,0.0,0.0,0.0,0.0,0.0,0.0,0.0,0.0,0.0,0.0,90.0,0,0,0,0,0,0,0,0.0,0.0,0.2,0.0
11,1200,0,dpga,backbone,0.11652274429798126,0.0,global_ddp_mean,2,0.0,4.417647361755371,4.417647361755371,0.0,0.0,0.0,0.0,0.0,0.0,0.0,0.0,0.0,0.0,0.0,0.0,0.0,1.0,1.0,0.0,0,0,0,0,0,0,0,0.0,0.0,0.2,0.0
11,1200,0,dpga,fpn,0.11652274429798126,0.0,global_ddp_mean,2,0.0,1.0418955087661743,1.0418955087661743,0.0,0.0,0.0,0.0,0.0,0.0,0.0,0.0,0.0,0.0,0.0,0.0,0.0,1.0,1.0,0.0,0,0,0,0,0,0,0,0.0,0.0,0.2,0.0
11,1200,0,dpga,rpn,0.11652274429798126,0.0,global_ddp_mean,2,0.0,1.0218473672866821,1.0218473672866821,0.0,0.0,0.0,0.0,0.0,0.0,0.0,0.0,0.0,0.0,0.0,0.0,0.0,1.0,1.0,0.0,0,0,0,0,0,0,0,0.0,0.0,0.2,0.0
11,1200,0,dpga,roi_shared,0.11652274429798126,0.0,global_ddp_mean,2,0.0,2.1558423042297363,2.1558423042297363,0.0,0.0,0.0,0.0,0.0,0.0,0.0,0.0,0.0,0.0,0.0,0.0,0.0,1.0,1.0,0.0,0,0,0,0,0,0,0,0.0,0.0,0.2,0.0
11,1200,0,dpga,roi_cls,0.11652274429798126,0.0,global_ddp_mean,2,0.0,1.761877179145813,1.761877179145813,0.0,0.0,0.0,0.0,0.0,0.0,0.0,0.0,0.0,0.0,0.0,0.0,0.0,1.0,1.0,0.0,0,0,0,0,0,0,0,0.0,0.0,0.2,0.0
11,1200,0,dpga,roi_reg,0.11652274429798126,0.0,global_ddp_mean,2,0.0,0.4545585811138153,0.4545585811138153,0.0,0.0,0.0,0.0,0.0,0.0,0.0,0.0,0.0,0.0,0.0,0.0,0.0,1.0,1.0,0.0,0,0,0,0,0,0,0,0.0,0.0,0.2,0.0
11,1300,0,dpga,backbone,0.41712382435798645,0.0,global_ddp_mean,2,0.0,27.00341796875,27.00341796875,0.0,0.0,0.0,0.0,0.0,0.0,0.0,0.0,0.0,0.0,0.0,0.0,0.0,1.0,1.0,0.0,0,0,0,0,0,0,0,0.0,0.0,0.2,0.0
11,1300,0,dpga,fpn,0.41712382435798645,0.0,global_ddp_mean,2,0.0,7.582165241241455,7.582165241241455,0.0,0.0,0.0,0.0,0.0,0.0,0.0,0.0,0.0,0.0,0.0,0.0,0.0,1.0,1.0,0.0,0,0,0,0,0,0,0,0.0,0.0,0.2,0.0
11,1300,0,dpga,rpn,0.41712382435798645,0.0,global_ddp_mean,2,0.0,4.41230583190918,4.41230583190918,0.0,0.0,0.0,0.0,0.0,0.0,0.0,0.0,0.0,0.0,0.0,0.0,0.0,1.0,1.0,0.0,0,0,0,0,0,0,0,0.0,0.0,0.2,0.0
11,1300,0,dpga,roi_shared,0.41712382435798645,0.0,global_ddp_mean,2,0.0,16.89893913269043,16.89893913269043,0.0,0.0,0.0,0.0,0.0,0.0,0.0,0.0,0.0,0.0,0.0,0.0,0.0,1.0,1.0,0.0,0,0,0,0,0,0,0,0.0,0.0,0.2,0.0
11,1300,0,dpga,roi_cls,0.41712382435798645,0.0,global_ddp_mean,2,0.0,12.798742294311523,12.798742294311523,0.0,0.0,0.0,0.0,0.0,0.0,0.0,0.0,0.0,0.0,0.0,0.0,0.0,1.0,1.0,0.0,0,0,0,0,0,0,0,0.0,0.0,0.2,0.0
11,1300,0,dpga,roi_reg,0.41712382435798645,0.0,global_ddp_mean,2,0.0,4.512547492980957,4.512547492980957,0.0,0.0,0.0,0.0,0.0,0.0,0.0,0.0,0.0,0.0,0.0,0.0,0.0,1.0,1.0,0.0,0,0,0,0,0,0,0,0.0,0.0,0.2,0.0
11,1400,0,dpga,backbone,0.00311897206120193,0.0,global_ddp_mean,2,0.0,3.9930295944213867,3.9930295944213867,0.0,0.0,0.0,0.0,0.0,0.0,0.0,0.0,0.0,0.0,0.0,0.0,0.0,1.0,1.0,0.0,0,0,0,0,0,0,0,0.0,0.0,0.2,0.0
11,1400,0,dpga,fpn,0.00311897206120193,0.0,global_ddp_mean,2,0.0,0.7532823085784912,0.7532823085784912,0.0,0.0,0.0,0.0,0.0,0.0,0.0,0.0,0.0,0.0,0.0,0.0,0.0,1.0,1.0,0.0,0,0,0,0,0,0,0,0.0,0.0,0.2,0.0
11,1400,0,dpga,rpn,0.00311897206120193,0.0,global_ddp_mean,2,0.0,1.1432175636291504,1.1432175636291504,0.0,0.0,0.0,0.0,0.0,0.0,0.0,0.0,0.0,0.0,0.0,0.0,0.0,1.0,1.0,0.0,0,0,0,0,0,0,0,0.0,0.0,0.2,0.0
11,1400,0,dpga,roi_shared,0.00311897206120193,0.0,global_ddp_mean,2,0.0,1.7293592691421509,1.7293592691421509,0.0,0.0,0.0,0.0,0.0,0.0,0.0,0.0,0.0,0.0,0.0,0.0,0.0,1.0,1.0,0.0,0,0,0,0,0,0,0,0.0,0.0,0.2,0.0
11,1400,0,dpga,roi_cls,0.00311897206120193,0.0,global_ddp_mean,2,0.0,1.358581304550171,1.358581304550171,0.0,0.0,0.0,0.0,0.0,0.0,0.0,0.0,0.0,0.0,0.0,0.0,0.0,1.0,1.0,0.0,0,0,0,0,0,0,0,0.0,0.0,0.2,0.0
11,1400,0,dpga,roi_reg,0.00311897206120193,0.0,global_ddp_mean,2,0.0,2.683605432510376,2.683605432510376,0.0,0.0,0.0,0.0,0.0,0.0,0.0,0.0,0.0,0.0,0.0,0.0,0.0,1.0,1.0,0.0,0,0,0,0,0,0,0,0.0,0.0,0.2,0.0
12,0,0,dpga,backbone,0.15603843331336975,0.00010002159251598641,global_ddp_mean,2,0.13572487235069275,6.625761985778809,6.625761985778809,9.122722022247842e-11,9.122722022247842e-11,9.122722022247842e-11,9.122722022247842e-11,1.8245444316373987e-11,9.122722022247842e-11,1.3768562833721433e-11,1.3768562833721433e-11,1.3768562833721433e-11,2.7537126077778015e-12,2.7537126077778015e-12,3.7374729218113534e-13,3.7374729218113534e-13,1.0000000000003737,1.0000000000003737,0.0,0,0,0,0,0,0,0,1.0,1.0,0.2,0.20000000298023224
12,0,0,dpga,fpn,0.15603843331336975,0.00010002159251598641,global_ddp_mean,2,0.09383689612150192,1.7888696193695068,1.7888696193695068,1.941807999117362e-11,1.941807999117362e-11,1.941807999117362e-11,1.941807999117362e-11,3.883616056105112e-12,1.941807999117362e-11,1.0854944251341016e-11,1.0854944251341016e-11,1.0854944251341016e-11,2.1709888826184582e-12,2.1709888826184582e-12,2.0371885825920377e-13,2.0371885825920377e-13,1.0000000000002036,1.0000000000002036,0.0,0,0,0,0,0,0,0,1.0,1.0,0.2,0.20000000298023224
12,0,0,dpga,rpn,0.15603843331336975,0.00010002159251598641,global_ddp_mean,2,0.0,0.6969285011291504,0.6969285011291504,0.0,0.0,0.0,0.0,0.0,0.0,0.0,0.0,0.0,0.0,0.0,0.0,0.0,1.0,1.0,0.0,0,0,0,0,0,0,0,0.0,0.0,0.2,0.0
12,0,0,dpga,roi_shared,0.15603843331336975,0.00010002159251598641,global_ddp_mean,2,0.056186892092227936,4.014084815979004,4.014084815979004,4.4573945229275935e-11,4.4573945229275935e-11,4.4573945229275935e-11,4.4573945229275935e-11,8.914789178695896e-12,4.4573945229275935e-11,1.1104385500734542e-11,1.1104385500734542e-11,1.1104385500734542e-11,2.2208771332405563e-12,2.2208771332405563e-12,1.2478418383548363e-13,1.2478418383548363e-13,1.0000000000001248,1.0000000000001248,0.0,0,0,0,0,0,0,0,1.0,1.0,0.2,0.20000000298023224
12,0,0,dpga,roi_cls,0.15603843331336975,0.00010002159251598641,global_ddp_mean,2,0.0,4.1374053955078125,4.1374053955078125,0.0,0.0,0.0,0.0,0.0,0.0,0.0,0.0,0.0,0.0,0.0,0.0,0.0,1.0,1.0,0.0,0,0,0,0,0,0,0,0.0,0.0,0.2,0.0
12,0,0,dpga,roi_reg,0.15603843331336975,0.00010002159251598641,global_ddp_mean,2,0.235159769654274,0.7844969034194946,0.7844969034194946,1.1165808555535506e-10,1.1165808555535506e-10,1.1165808555535506e-10,1.1165808555535506e-10,2.2331617443838038e-11,1.1165808555535506e-10,1.4233081745594608e-10,1.4233081745594608e-10,1.4233081745594608e-10,2.846616391536811e-11,2.846616391536811e-11,6.694096549278771e-12,6.694096549278771e-12,1.0000000000066942,1.0000000000066942,0.0,0,0,0,0,0,0,0,1.0,1.0,0.2,0.20000000298023224
12,100,0,dpga,backbone,0.07626764476299286,0.0,global_ddp_mean,2,0.0,8.74195671081543,8.74195671081543,0.0,0.0,0.0,0.0,0.0,0.0,0.0,0.0,0.0,0.0,0.0,0.0,0.0,1.0,1.0,0.0,0,0,0,0,0,0,0,0.0,0.0,0.2,0.0
12,100,0,dpga,fpn,0.07626764476299286,0.0,global_ddp_mean,2,0.0,1.643743634223938,1.643743634223938,0.0,0.0,0.0,0.0,0.0,0.0,0.0,0.0,0.0,0.0,0.0,0.0,0.0,1.0,1.0,0.0,0,0,0,0,0,0,0,0.0,0.0,0.2,0.0
12,100,0,dpga,rpn,0.07626764476299286,0.0,global_ddp_mean,2,0.0,2.420546293258667,2.420546293258667,0.0,0.0,0.0,0.0,0.0,0.0,0.0,0.0,0.0,0.0,0.0,0.0,0.0,1.0,1.0,0.0,0,0,0,0,0,0,0,0.0,0.0,0.2,0.0
12,100,0,dpga,roi_shared,0.07626764476299286,0.0,global_ddp_mean,2,0.0,3.0875244140625,3.0875244140625,0.0,0.0,0.0,0.0,0.0,0.0,0.0,0.0,0.0,0.0,0.0,0.0,0.0,1.0,1.0,0.0,0,0,0,0,0,0,0,0.0,0.0,0.2,0.0
12,100,0,dpga,roi_cls,0.07626764476299286,0.0,global_ddp_mean,2,0.0,2.4658915996551514,2.4658915996551514,0.0,0.0,0.0,0.0,0.0,0.0,0.0,0.0,0.0,0.0,0.0,0.0,0.0,1.0,1.0,0.0,0,0,0,0,0,0,0,0.0,0.0,0.2,0.0
12,100,0,dpga,roi_reg,0.07626764476299286,0.0,global_ddp_mean,2,0.0,1.9345414638519287,1.9345414638519287,0.0,0.0,0.0,0.0,0.0,0.0,0.0,0.0,0.0,0.0,0.0,0.0,0.0,1.0,1.0,0.0,0,0,0,0,0,0,0,0.0,0.0,0.2,0.0
12,200,0,dpga,backbone,0.30605804920196533,0.0,global_ddp_mean,2,0.0,7.5586323738098145,7.5586323738098145,0.0,0.0,0.0,0.0,0.0,0.0,0.0,0.0,0.0,0.0,0.0,0.0,0.0,1.0,1.0,0.0,0,0,0,0,0,0,0,0.0,0.0,0.2,0.0
12,200,0,dpga,fpn,0.30605804920196533,0.0,global_ddp_mean,2,0.0,1.0800632238388062,1.0800632238388062,0.0,0.0,0.0,0.0,0.0,0.0,0.0,0.0,0.0,0.0,0.0,0.0,0.0,1.0,1.0,0.0,0,0,0,0,0,0,0,0.0,0.0,0.2,0.0
12,200,0,dpga,rpn,0.30605804920196533,0.0,global_ddp_mean,2,0.0,1.3454804420471191,1.3454804420471191,0.0,0.0,0.0,0.0,0.0,0.0,0.0,0.0,0.0,0.0,0.0,0.0,0.0,1.0,1.0,0.0,0,0,0,0,0,0,0,0.0,0.0,0.2,0.0
12,200,0,dpga,roi_shared,0.30605804920196533,0.0,global_ddp_mean,2,0.0,2.284101724624634,2.284101724624634,0.0,0.0,0.0,0.0,0.0,0.0,0.0,0.0,0.0,0.0,0.0,0.0,0.0,1.0,1.0,0.0,0,0,0,0,0,0,0,0.0,0.0,0.2,0.0
12,200,0,dpga,roi_cls,0.30605804920196533,0.0,global_ddp_mean,2,0.0,1.7741591930389404,1.7741591930389404,0.0,0.0,0.0,0.0,0.0,0.0,0.0,0.0,0.0,0.0,0.0,0.0,0.0,1.0,1.0,0.0,0,0,0,0,0,0,0,0.0,0.0,0.2,0.0
12,200,0,dpga,roi_reg,0.30605804920196533,0.0,global_ddp_mean,2,0.0,2.2740836143493652,2.2740836143493652,0.0,0.0,0.0,0.0,0.0,0.0,0.0,0.0,0.0,0.0,0.0,0.0,0.0,1.0,1.0,0.0,0,0,0,0,0,0,0,0.0,0.0,0.2,0.0
12,300,0,dpga,backbone,0.1900651752948761,0.0,global_ddp_mean,2,0.0,5.6058526039123535,5.6058526039123535,0.0,0.0,0.0,0.0,0.0,0.0,0.0,0.0,0.0,0.0,0.0,0.0,0.0,1.0,1.0,0.0,0,0,0,0,0,0,0,0.0,0.0,0.2,0.0
12,300,0,dpga,fpn,0.1900651752948761,0.0,global_ddp_mean,2,0.0,1.540607213973999,1.540607213973999,0.0,0.0,0.0,0.0,0.0,0.0,0.0,0.0,0.0,0.0,0.0,0.0,0.0,1.0,1.0,0.0,0,0,0,0,0,0,0,0.0,0.0,0.2,0.0
12,300,0,dpga,rpn,0.1900651752948761,0.0,global_ddp_mean,2,0.0,1.4867008924484253,1.4867008924484253,0.0,0.0,0.0,0.0,0.0,0.0,0.0,0.0,0.0,0.0,0.0,0.0,0.0,1.0,1.0,0.0,0,0,0,0,0,0,0,0.0,0.0,0.2,0.0
12,300,0,dpga,roi_shared,0.1900651752948761,0.0,global_ddp_mean,2,0.0,3.3397300243377686,3.3397300243377686,0.0,0.0,0.0,0.0,0.0,0.0,0.0,0.0,0.0,0.0,0.0,0.0,0.0,1.0,1.0,0.0,0,0,0,0,0,0,0,0.0,0.0,0.2,0.0
12,300,0,dpga,roi_cls,0.1900651752948761,0.0,global_ddp_mean,2,0.0,1.8536274433135986,1.8536274433135986,0.0,0.0,0.0,0.0,0.0,0.0,0.0,0.0,0.0,0.0,0.0,0.0,0.0,1.0,1.0,0.0,0,0,0,0,0,0,0,0.0,0.0,0.2,0.0
12,300,0,dpga,roi_reg,0.1900651752948761,0.0,global_ddp_mean,2,0.0,2.063861846923828,2.063861846923828,0.0,0.0,0.0,0.0,0.0,0.0,0.0,0.0,0.0,0.0,0.0,0.0,0.0,1.0,1.0,0.0,0,0,0,0,0,0,0,0.0,0.0,0.2,0.0
12,400,0,dpga,backbone,0.01681234873831272,0.0,global_ddp_mean,2,0.0,11.273102760314941,11.273102760314941,0.0,0.0,0.0,0.0,0.0,0.0,0.0,0.0,0.0,0.0,0.0,0.0,0.0,1.0,1.0,0.0,0,0,0,0,0,0,0,0.0,0.0,0.2,0.0
12,400,0,dpga,fpn,0.01681234873831272,0.0,global_ddp_mean,2,0.0,1.8372929096221924,1.8372929096221924,0.0,0.0,0.0,0.0,0.0,0.0,0.0,0.0,0.0,0.0,0.0,0.0,0.0,1.0,1.0,0.0,0,0,0,0,0,0,0,0.0,0.0,0.2,0.0
12,400,0,dpga,rpn,0.01681234873831272,0.0,global_ddp_mean,2,0.0,1.7716153860092163,1.7716153860092163,0.0,0.0,0.0,0.0,0.0,0.0,0.0,0.0,0.0,0.0,0.0,0.0,0.0,1.0,1.0,0.0,0,0,0,0,0,0,0,0.0,0.0,0.2,0.0
12,400,0,dpga,roi_shared,0.01681234873831272,0.0,global_ddp_mean,2,0.0,3.8371245861053467,3.8371245861053467,0.0,0.0,0.0,0.0,0.0,0.0,0.0,0.0,0.0,0.0,0.0,0.0,0.0,1.0,1.0,0.0,0,0,0,0,0,0,0,0.0,0.0,0.2,0.0
12,400,0,dpga,roi_cls,0.01681234873831272,0.0,global_ddp_mean,2,0.0,2.08756685256958,2.08756685256958,0.0,0.0,0.0,0.0,0.0,0.0,0.0,0.0,0.0,0.0,0.0,0.0,0.0,1.0,1.0,0.0,0,0,0,0,0,0,0,0.0,0.0,0.2,0.0
12,400,0,dpga,roi_reg,0.01681234873831272,0.0,global_ddp_mean,2,0.0,3.1459035873413086,3.1459035873413086,0.0,0.0,0.0,0.0,0.0,0.0,0.0,0.0,0.0,0.0,0.0,0.0,0.0,1.0,1.0,0.0,0,0,0,0,0,0,0,0.0,0.0,0.2,0.0
12,500,0,dpga,backbone,0.03888874128460884,0.0,global_ddp_mean,2,0.0,8.049558639526367,8.049558639526367,0.0,0.0,0.0,0.0,0.0,0.0,0.0,0.0,0.0,0.0,0.0,0.0,0.0,1.0,1.0,0.0,0,0,0,0,0,0,0,0.0,0.0,0.2,0.0
12,500,0,dpga,fpn,0.03888874128460884,0.0,global_ddp_mean,2,0.0,1.6611777544021606,1.6611777544021606,0.0,0.0,0.0,0.0,0.0,0.0,0.0,0.0,0.0,0.0,0.0,0.0,0.0,1.0,1.0,0.0,0,0,0,0,0,0,0,0.0,0.0,0.2,0.0
12,500,0,dpga,rpn,0.03888874128460884,0.0,global_ddp_mean,2,0.0,0.7752736806869507,0.7752736806869507,0.0,0.0,0.0,0.0,0.0,0.0,0.0,0.0,0.0,0.0,0.0,0.0,0.0,1.0,1.0,0.0,0,0,0,0,0,0,0,0.0,0.0,0.2,0.0
12,500,0,dpga,roi_shared,0.03888874128460884,0.0,global_ddp_mean,2,0.0,3.385835647583008,3.385835647583008,0.0,0.0,0.0,0.0,0.0,0.0,0.0,0.0,0.0,0.0,0.0,0.0,0.0,1.0,1.0,0.0,0,0,0,0,0,0,0,0.0,0.0,0.2,0.0
12,500,0,dpga,roi_cls,0.03888874128460884,0.0,global_ddp_mean,2,0.0,2.955775499343872,2.955775499343872,0.0,0.0,0.0,0.0,0.0,0.0,0.0,0.0,0.0,0.0,0.0,0.0,0.0,1.0,1.0,0.0,0,0,0,0,0,0,0,0.0,0.0,0.2,0.0
12,500,0,dpga,roi_reg,0.03888874128460884,0.0,global_ddp_mean,2,0.0,0.0,0.0,0.0,0.0,0.0,0.0,0.0,0.0,0.0,0.0,0.0,0.0,0.0,0.0,0.0,0.0,0.0,90.0,0,0,0,0,0,0,0,0.0,0.0,0.2,0.0
12,600,0,dpga,backbone,0.39219218492507935,0.0,global_ddp_mean,2,0.0,53.38949203491211,53.38949203491211,0.0,0.0,0.0,0.0,0.0,0.0,0.0,0.0,0.0,0.0,0.0,0.0,0.0,1.0,1.0,0.0,0,0,0,0,0,0,0,0.0,0.0,0.2,0.0
12,600,0,dpga,fpn,0.39219218492507935,0.0,global_ddp_mean,2,0.0,6.472077369689941,6.472077369689941,0.0,0.0,0.0,0.0,0.0,0.0,0.0,0.0,0.0,0.0,0.0,0.0,0.0,1.0,1.0,0.0,0,0,0,0,0,0,0,0.0,0.0,0.2,0.0
12,600,0,dpga,rpn,0.39219218492507935,0.0,global_ddp_mean,2,0.0,7.283913612365723,7.283913612365723,0.0,0.0,0.0,0.0,0.0,0.0,0.0,0.0,0.0,0.0,0.0,0.0,0.0,1.0,1.0,0.0,0,0,0,0,0,0,0,0.0,0.0,0.2,0.0
12,600,0,dpga,roi_shared,0.39219218492507935,0.0,global_ddp_mean,2,0.0,12.4454345703125,12.4454345703125,0.0,0.0,0.0,0.0,0.0,0.0,0.0,0.0,0.0,0.0,0.0,0.0,0.0,1.0,1.0,0.0,0,0,0,0,0,0,0,0.0,0.0,0.2,0.0
12,600,0,dpga,roi_cls,0.39219218492507935,0.0,global_ddp_mean,2,0.0,9.019180297851562,9.019180297851562,0.0,0.0,0.0,0.0,0.0,0.0,0.0,0.0,0.0,0.0,0.0,0.0,0.0,1.0,1.0,0.0,0,0,0,0,0,0,0,0.0,0.0,0.2,0.0
12,600,0,dpga,roi_reg,0.39219218492507935,0.0,global_ddp_mean,2,0.0,7.55124568939209,7.55124568939209,0.0,0.0,0.0,0.0,0.0,0.0,0.0,0.0,0.0,0.0,0.0,0.0,0.0,1.0,1.0,0.0,0,0,0,0,0,0,0,0.0,0.0,0.2,0.0
12,700,0,dpga,backbone,0.09162445366382599,0.0,global_ddp_mean,2,0.0,6.2938313484191895,6.2938313484191895,0.0,0.0,0.0,0.0,0.0,0.0,0.0,0.0,0.0,0.0,0.0,0.0,0.0,1.0,1.0,0.0,0,0,0,0,0,0,0,0.0,0.0,0.2,0.0
12,700,0,dpga,fpn,0.09162445366382599,0.0,global_ddp_mean,2,0.0,1.3754874467849731,1.3754874467849731,0.0,0.0,0.0,0.0,0.0,0.0,0.0,0.0,0.0,0.0,0.0,0.0,0.0,1.0,1.0,0.0,0,0,0,0,0,0,0,0.0,0.0,0.2,0.0
12,700,0,dpga,rpn,0.09162445366382599,0.0,global_ddp_mean,2,0.0,1.3590425252914429,1.3590425252914429,0.0,0.0,0.0,0.0,0.0,0.0,0.0,0.0,0.0,0.0,0.0,0.0,0.0,1.0,1.0,0.0,0,0,0,0,0,0,0,0.0,0.0,0.2,0.0
12,700,0,dpga,roi_shared,0.09162445366382599,0.0,global_ddp_mean,2,0.0,2.8589885234832764,2.8589885234832764,0.0,0.0,0.0,0.0,0.0,0.0,0.0,0.0,0.0,0.0,0.0,0.0,0.0,1.0,1.0,0.0,0,0,0,0,0,0,0,0.0,0.0,0.2,0.0
12,700,0,dpga,roi_cls,0.09162445366382599,0.0,global_ddp_mean,2,0.0,2.646075963973999,2.646075963973999,0.0,0.0,0.0,0.0,0.0,0.0,0.0,0.0,0.0,0.0,0.0,0.0,0.0,1.0,1.0,0.0,0,0,0,0,0,0,0,0.0,0.0,0.2,0.0
12,700,0,dpga,roi_reg,0.09162445366382599,0.0,global_ddp_mean,2,0.0,0.2900770604610443,0.2900770604610443,0.0,0.0,0.0,0.0,0.0,0.0,0.0,0.0,0.0,0.0,0.0,0.0,0.0,1.0,1.0,0.0,0,0,0,0,0,0,0,0.0,0.0,0.2,0.0
12,800,0,dpga,backbone,0.01448624674230814,0.0,global_ddp_mean,2,0.0,5.569740295410156,5.569740295410156,0.0,0.0,0.0,0.0,0.0,0.0,0.0,0.0,0.0,0.0,0.0,0.0,0.0,1.0,1.0,0.0,0,0,0,0,0,0,0,0.0,0.0,0.2,0.0
12,800,0,dpga,fpn,0.01448624674230814,0.0,global_ddp_mean,2,0.0,0.9140376448631287,0.9140376448631287,0.0,0.0,0.0,0.0,0.0,0.0,0.0,0.0,0.0,0.0,0.0,0.0,0.0,1.0,1.0,0.0,0,0,0,0,0,0,0,0.0,0.0,0.2,0.0
12,800,0,dpga,rpn,0.01448624674230814,0.0,global_ddp_mean,2,0.0,0.7909896373748779,0.7909896373748779,0.0,0.0,0.0,0.0,0.0,0.0,0.0,0.0,0.0,0.0,0.0,0.0,0.0,1.0,1.0,0.0,0,0,0,0,0,0,0,0.0,0.0,0.2,0.0
12,800,0,dpga,roi_shared,0.01448624674230814,0.0,global_ddp_mean,2,0.0,1.9155381917953491,1.9155381917953491,0.0,0.0,0.0,0.0,0.0,0.0,0.0,0.0,0.0,0.0,0.0,0.0,0.0,1.0,1.0,0.0,0,0,0,0,0,0,0,0.0,0.0,0.2,0.0
12,800,0,dpga,roi_cls,0.01448624674230814,0.0,global_ddp_mean,2,0.0,1.7692136764526367,1.7692136764526367,0.0,0.0,0.0,0.0,0.0,0.0,0.0,0.0,0.0,0.0,0.0,0.0,0.0,1.0,1.0,0.0,0,0,0,0,0,0,0,0.0,0.0,0.2,0.0
12,800,0,dpga,roi_reg,0.01448624674230814,0.0,global_ddp_mean,2,0.0,0.3353723883628845,0.3353723883628845,0.0,0.0,0.0,0.0,0.0,0.0,0.0,0.0,0.0,0.0,0.0,0.0,0.0,1.0,1.0,0.0,0,0,0,0,0,0,0,0.0,0.0,0.2,0.0
12,900,0,dpga,backbone,0.41204357147216797,0.0,global_ddp_mean,2,0.0,69.69561767578125,69.69561767578125,0.0,0.0,0.0,0.0,0.0,0.0,0.0,0.0,0.0,0.0,0.0,0.0,0.0,1.0,1.0,0.0,0,0,0,0,0,0,0,0.0,0.0,0.2,0.0
12,900,0,dpga,fpn,0.41204357147216797,0.0,global_ddp_mean,2,0.0,7.091228485107422,7.091228485107422,0.0,0.0,0.0,0.0,0.0,0.0,0.0,0.0,0.0,0.0,0.0,0.0,0.0,1.0,1.0,0.0,0,0,0,0,0,0,0,0.0,0.0,0.2,0.0
12,900,0,dpga,rpn,0.41204357147216797,0.0,global_ddp_mean,2,0.0,7.0409321784973145,7.0409321784973145,0.0,0.0,0.0,0.0,0.0,0.0,0.0,0.0,0.0,0.0,0.0,0.0,0.0,1.0,1.0,0.0,0,0,0,0,0,0,0,0.0,0.0,0.2,0.0
12,900,0,dpga,roi_shared,0.41204357147216797,0.0,global_ddp_mean,2,0.0,14.074166297912598,14.074166297912598,0.0,0.0,0.0,0.0,0.0,0.0,0.0,0.0,0.0,0.0,0.0,0.0,0.0,1.0,1.0,0.0,0,0,0,0,0,0,0,0.0,0.0,0.2,0.0
12,900,0,dpga,roi_cls,0.41204357147216797,0.0,global_ddp_mean,2,0.0,13.741888046264648,13.741888046264648,0.0,0.0,0.0,0.0,0.0,0.0,0.0,0.0,0.0,0.0,0.0,0.0,0.0,1.0,1.0,0.0,0,0,0,0,0,0,0,0.0,0.0,0.2,0.0
12,900,0,dpga,roi_reg,0.41204357147216797,0.0,global_ddp_mean,2,0.0,6.886114120483398,6.886114120483398,0.0,0.0,0.0,0.0,0.0,0.0,0.0,0.0,0.0,0.0,0.0,0.0,0.0,1.0,1.0,0.0,0,0,0,0,0,0,0,0.0,0.0,0.2,0.0
12,1000,0,dpga,backbone,1.0022802352905273,0.0,global_ddp_mean,2,0.0,45.075286865234375,45.075286865234375,0.0,0.0,0.0,0.0,0.0,0.0,0.0,0.0,0.0,0.0,0.0,0.0,0.0,1.0,1.0,0.0,0,0,0,0,0,0,0,0.0,0.0,0.2,0.0
12,1000,0,dpga,fpn,1.0022802352905273,0.0,global_ddp_mean,2,0.0,8.058870315551758,8.058870315551758,0.0,0.0,0.0,0.0,0.0,0.0,0.0,0.0,0.0,0.0,0.0,0.0,0.0,1.0,1.0,0.0,0,0,0,0,0,0,0,0.0,0.0,0.2,0.0
12,1000,0,dpga,rpn,1.0022802352905273,0.0,global_ddp_mean,2,0.0,4.310160160064697,4.310160160064697,0.0,0.0,0.0,0.0,0.0,0.0,0.0,0.0,0.0,0.0,0.0,0.0,0.0,1.0,1.0,0.0,0,0,0,0,0,0,0,0.0,0.0,0.2,0.0
12,1000,0,dpga,roi_shared,1.0022802352905273,0.0,global_ddp_mean,2,0.0,17.922653198242188,17.922653198242188,0.0,0.0,0.0,0.0,0.0,0.0,0.0,0.0,0.0,0.0,0.0,0.0,0.0,1.0,1.0,0.0,0,0,0,0,0,0,0,0.0,0.0,0.2,0.0
12,1000,0,dpga,roi_cls,1.0022802352905273,0.0,global_ddp_mean,2,0.0,12.688004493713379,12.688004493713379,0.0,0.0,0.0,0.0,0.0,0.0,0.0,0.0,0.0,0.0,0.0,0.0,0.0,1.0,1.0,0.0,0,0,0,0,0,0,0,0.0,0.0,0.2,0.0
12,1000,0,dpga,roi_reg,1.0022802352905273,0.0,global_ddp_mean,2,0.0,7.90310001373291,7.90310001373291,0.0,0.0,0.0,0.0,0.0,0.0,0.0,0.0,0.0,0.0,0.0,0.0,0.0,1.0,1.0,0.0,0,0,0,0,0,0,0,0.0,0.0,0.2,0.0
12,1100,0,dpga,backbone,0.049497928470373154,-0.0,global_ddp_mean,2,0.0,10.932689666748047,10.932689666748047,0.0,0.0,0.0,0.0,0.0,0.0,0.0,0.0,0.0,0.0,0.0,0.0,0.0,1.0,1.0,0.0,0,0,0,0,0,0,0,0.0,0.0,0.2,0.0
12,1100,0,dpga,fpn,0.049497928470373154,-0.0,global_ddp_mean,2,0.0,2.0928170680999756,2.0928170680999756,0.0,0.0,0.0,0.0,0.0,0.0,0.0,0.0,0.0,0.0,0.0,0.0,0.0,1.0,1.0,0.0,0,0,0,0,0,0,0,0.0,0.0,0.2,0.0
12,1100,0,dpga,rpn,0.049497928470373154,-0.0,global_ddp_mean,2,0.0,1.6538347005844116,1.6538347005844116,0.0,0.0,0.0,0.0,0.0,0.0,0.0,0.0,0.0,0.0,0.0,0.0,0.0,1.0,1.0,0.0,0,0,0,0,0,0,0,0.0,0.0,0.2,0.0
12,1100,0,dpga,roi_shared,0.049497928470373154,-0.0,global_ddp_mean,2,0.0,5.897130489349365,5.897130489349365,0.0,0.0,0.0,0.0,0.0,0.0,0.0,0.0,0.0,0.0,0.0,0.0,0.0,1.0,1.0,0.0,0,0,0,0,0,0,0,0.0,0.0,0.2,0.0
12,1100,0,dpga,roi_cls,0.049497928470373154,-0.0,global_ddp_mean,2,0.0,4.917248725891113,4.917248725891113,0.0,0.0,0.0,0.0,0.0,0.0,0.0,0.0,0.0,0.0,0.0,0.0,0.0,1.0,1.0,0.0,0,0,0,0,0,0,0,0.0,0.0,0.2,0.0
12,1100,0,dpga,roi_reg,0.049497928470373154,-0.0,global_ddp_mean,2,0.0,1.5229119062423706,1.5229119062423706,0.0,0.0,0.0,0.0,0.0,0.0,0.0,0.0,0.0,0.0,0.0,0.0,0.0,1.0,1.0,0.0,0,0,0,0,0,0,0,0.0,0.0,0.2,0.0
12,1200,0,dpga,backbone,0.5622811913490295,0.0,global_ddp_mean,2,0.0,14.975358963012695,14.975358963012695,0.0,0.0,0.0,0.0,0.0,0.0,0.0,0.0,0.0,0.0,0.0,0.0,0.0,1.0,1.0,0.0,0,0,0,0,0,0,0,0.0,0.0,0.2,0.0
12,1200,0,dpga,fpn,0.5622811913490295,0.0,global_ddp_mean,2,0.0,3.6822116374969482,3.6822116374969482,0.0,0.0,0.0,0.0,0.0,0.0,0.0,0.0,0.0,0.0,0.0,0.0,0.0,1.0,1.0,0.0,0,0,0,0,0,0,0,0.0,0.0,0.2,0.0
12,1200,0,dpga,rpn,0.5622811913490295,0.0,global_ddp_mean,2,0.0,4.731131553649902,4.731131553649902,0.0,0.0,0.0,0.0,0.0,0.0,0.0,0.0,0.0,0.0,0.0,0.0,0.0,1.0,1.0,0.0,0,0,0,0,0,0,0,0.0,0.0,0.2,0.0
12,1200,0,dpga,roi_shared,0.5622811913490295,0.0,global_ddp_mean,2,0.0,8.109619140625,8.109619140625,0.0,0.0,0.0,0.0,0.0,0.0,0.0,0.0,0.0,0.0,0.0,0.0,0.0,1.0,1.0,0.0,0,0,0,0,0,0,0,0.0,0.0,0.2,0.0
12,1200,0,dpga,roi_cls,0.5622811913490295,0.0,global_ddp_mean,2,0.0,6.2409281730651855,6.2409281730651855,0.0,0.0,0.0,0.0,0.0,0.0,0.0,0.0,0.0,0.0,0.0,0.0,0.0,1.0,1.0,0.0,0,0,0,0,0,0,0,0.0,0.0,0.2,0.0
12,1200,0,dpga,roi_reg,0.5622811913490295,0.0,global_ddp_mean,2,0.0,3.3189923763275146,3.3189923763275146,0.0,0.0,0.0,0.0,0.0,0.0,0.0,0.0,0.0,0.0,0.0,0.0,0.0,1.0,1.0,0.0,0,0,0,0,0,0,0,0.0,0.0,0.2,0.0
12,1300,0,dpga,backbone,1.1205990314483643,0.0,global_ddp_mean,2,0.0,14.689668655395508,14.689668655395508,0.0,0.0,0.0,0.0,0.0,0.0,0.0,0.0,0.0,0.0,0.0,0.0,0.0,1.0,1.0,0.0,0,0,0,0,0,0,0,0.0,0.0,0.2,0.0
12,1300,0,dpga,fpn,1.1205990314483643,0.0,global_ddp_mean,2,0.0,3.1948745250701904,3.1948745250701904,0.0,0.0,0.0,0.0,0.0,0.0,0.0,0.0,0.0,0.0,0.0,0.0,0.0,1.0,1.0,0.0,0,0,0,0,0,0,0,0.0,0.0,0.2,0.0
12,1300,0,dpga,rpn,1.1205990314483643,0.0,global_ddp_mean,2,0.0,4.876062870025635,4.876062870025635,0.0,0.0,0.0,0.0,0.0,0.0,0.0,0.0,0.0,0.0,0.0,0.0,0.0,1.0,1.0,0.0,0,0,0,0,0,0,0,0.0,0.0,0.2,0.0
12,1300,0,dpga,roi_shared,1.1205990314483643,0.0,global_ddp_mean,2,0.0,5.852293014526367,5.852293014526367,0.0,0.0,0.0,0.0,0.0,0.0,0.0,0.0,0.0,0.0,0.0,0.0,0.0,1.0,1.0,0.0,0,0,0,0,0,0,0,0.0,0.0,0.2,0.0
12,1300,0,dpga,roi_cls,1.1205990314483643,0.0,global_ddp_mean,2,0.0,4.1528096199035645,4.1528096199035645,0.0,0.0,0.0,0.0,0.0,0.0,0.0,0.0,0.0,0.0,0.0,0.0,0.0,1.0,1.0,0.0,0,0,0,0,0,0,0,0.0,0.0,0.2,0.0
12,1300,0,dpga,roi_reg,1.1205990314483643,0.0,global_ddp_mean,2,0.0,4.734798908233643,4.734798908233643,0.0,0.0,0.0,0.0,0.0,0.0,0.0,0.0,0.0,0.0,0.0,0.0,0.0,1.0,1.0,0.0,0,0,0,0,0,0,0,0.0,0.0,0.2,0.0
12,1400,0,dpga,backbone,0.8539429903030396,0.0,global_ddp_mean,2,0.0,26.127323150634766,26.127323150634766,0.0,0.0,0.0,0.0,0.0,0.0,0.0,0.0,0.0,0.0,0.0,0.0,0.0,1.0,1.0,0.0,0,0,0,0,0,0,0,0.0,0.0,0.2,0.0
12,1400,0,dpga,fpn,0.8539429903030396,0.0,global_ddp_mean,2,0.0,4.611812591552734,4.611812591552734,0.0,0.0,0.0,0.0,0.0,0.0,0.0,0.0,0.0,0.0,0.0,0.0,0.0,1.0,1.0,0.0,0,0,0,0,0,0,0,0.0,0.0,0.2,0.0
12,1400,0,dpga,rpn,0.8539429903030396,0.0,global_ddp_mean,2,0.0,3.712045431137085,3.712045431137085,0.0,0.0,0.0,0.0,0.0,0.0,0.0,0.0,0.0,0.0,0.0,0.0,0.0,1.0,1.0,0.0,0,0,0,0,0,0,0,0.0,0.0,0.2,0.0
12,1400,0,dpga,roi_shared,0.8539429903030396,0.0,global_ddp_mean,2,0.0,10.501646041870117,10.501646041870117,0.0,0.0,0.0,0.0,0.0,0.0,0.0,0.0,0.0,0.0,0.0,0.0,0.0,1.0,1.0,0.0,0,0,0,0,0,0,0,0.0,0.0,0.2,0.0
12,1400,0,dpga,roi_cls,0.8539429903030396,0.0,global_ddp_mean,2,0.0,10.78392219543457,10.78392219543457,0.0,0.0,0.0,0.0,0.0,0.0,0.0,0.0,0.0,0.0,0.0,0.0,0.0,1.0,1.0,0.0,0,0,0,0,0,0,0,0.0,0.0,0.2,0.0
12,1400,0,dpga,roi_reg,0.8539429903030396,0.0,global_ddp_mean,2,0.0,3.571579933166504,3.571579933166504,0.0,0.0,0.0,0.0,0.0,0.0,0.0,0.0,0.0,0.0,0.0,0.0,0.0,1.0,1.0,0.0,0,0,0,0,0,0,0,0.0,0.0,0.2,0.0
13,0,0,dpga,backbone,0.06803308427333832,-0.0,global_ddp_mean,2,0.0,7.048720836639404,7.048720836639404,0.0,0.0,0.0,0.0,0.0,0.0,0.0,0.0,0.0,0.0,0.0,0.0,0.0,1.0,1.0,0.0,0,0,0,0,0,0,0,0.0,0.0,0.2,0.0
13,0,0,dpga,fpn,0.06803308427333832,-0.0,global_ddp_mean,2,0.0,1.4606891870498657,1.4606891870498657,0.0,0.0,0.0,0.0,0.0,0.0,0.0,0.0,0.0,0.0,0.0,0.0,0.0,1.0,1.0,0.0,0,0,0,0,0,0,0,0.0,0.0,0.2,0.0
13,0,0,dpga,rpn,0.06803308427333832,-0.0,global_ddp_mean,2,0.0,3.168304920196533,3.168304920196533,0.0,0.0,0.0,0.0,0.0,0.0,0.0,0.0,0.0,0.0,0.0,0.0,0.0,1.0,1.0,0.0,0,0,0,0,0,0,0,0.0,0.0,0.2,0.0
13,0,0,dpga,roi_shared,0.06803308427333832,-0.0,global_ddp_mean,2,0.0,2.649958372116089,2.649958372116089,0.0,0.0,0.0,0.0,0.0,0.0,0.0,0.0,0.0,0.0,0.0,0.0,0.0,1.0,1.0,0.0,0,0,0,0,0,0,0,0.0,0.0,0.2,0.0
13,0,0,dpga,roi_cls,0.06803308427333832,-0.0,global_ddp_mean,2,0.0,1.5944738388061523,1.5944738388061523,0.0,0.0,0.0,0.0,0.0,0.0,0.0,0.0,0.0,0.0,0.0,0.0,0.0,1.0,1.0,0.0,0,0,0,0,0,0,0,0.0,0.0,0.2,0.0
13,0,0,dpga,roi_reg,0.06803308427333832,-0.0,global_ddp_mean,2,0.0,2.3518118858337402,2.3518118858337402,0.0,0.0,0.0,0.0,0.0,0.0,0.0,0.0,0.0,0.0,0.0,0.0,0.0,1.0,1.0,0.0,0,0,0,0,0,0,0,0.0,0.0,0.2,0.0
13,100,0,dpga,backbone,0.25127747654914856,0.0,global_ddp_mean,2,0.0,9.162763595581055,9.162763595581055,0.0,0.0,0.0,0.0,0.0,0.0,0.0,0.0,0.0,0.0,0.0,0.0,0.0,1.0,1.0,0.0,0,0,0,0,0,0,0,0.0,0.0,0.2,0.0
13,100,0,dpga,fpn,0.25127747654914856,0.0,global_ddp_mean,2,0.0,2.0403199195861816,2.0403199195861816,0.0,0.0,0.0,0.0,0.0,0.0,0.0,0.0,0.0,0.0,0.0,0.0,0.0,1.0,1.0,0.0,0,0,0,0,0,0,0,0.0,0.0,0.2,0.0
13,100,0,dpga,rpn,0.25127747654914856,0.0,global_ddp_mean,2,0.0,1.9097501039505005,1.9097501039505005,0.0,0.0,0.0,0.0,0.0,0.0,0.0,0.0,0.0,0.0,0.0,0.0,0.0,1.0,1.0,0.0,0,0,0,0,0,0,0,0.0,0.0,0.2,0.0
13,100,0,dpga,roi_shared,0.25127747654914856,0.0,global_ddp_mean,2,0.0,4.842170715332031,4.842170715332031,0.0,0.0,0.0,0.0,0.0,0.0,0.0,0.0,0.0,0.0,0.0,0.0,0.0,1.0,1.0,0.0,0,0,0,0,0,0,0,0.0,0.0,0.2,0.0
13,100,0,dpga,roi_cls,0.25127747654914856,0.0,global_ddp_mean,2,0.0,2.920335292816162,2.920335292816162,0.0,0.0,0.0,0.0,0.0,0.0,0.0,0.0,0.0,0.0,0.0,0.0,0.0,1.0,1.0,0.0,0,0,0,0,0,0,0,0.0,0.0,0.2,0.0
13,100,0,dpga,roi_reg,0.25127747654914856,0.0,global_ddp_mean,2,0.0,4.068328857421875,4.068328857421875,0.0,0.0,0.0,0.0,0.0,0.0,0.0,0.0,0.0,0.0,0.0,0.0,0.0,1.0,1.0,0.0,0,0,0,0,0,0,0,0.0,0.0,0.2,0.0
13,200,0,dpga,backbone,0.03694113343954086,-0.0,global_ddp_mean,2,0.0,10.181546211242676,10.181546211242676,0.0,0.0,0.0,0.0,0.0,0.0,0.0,0.0,0.0,0.0,0.0,0.0,0.0,1.0,1.0,0.0,0,0,0,0,0,0,0,0.0,0.0,0.2,0.0
13,200,0,dpga,fpn,0.03694113343954086,-0.0,global_ddp_mean,2,0.0,2.3526394367218018,2.3526394367218018,0.0,0.0,0.0,0.0,0.0,0.0,0.0,0.0,0.0,0.0,0.0,0.0,0.0,1.0,1.0,0.0,0,0,0,0,0,0,0,0.0,0.0,0.2,0.0
13,200,0,dpga,rpn,0.03694113343954086,-0.0,global_ddp_mean,2,0.0,4.412837505340576,4.412837505340576,0.0,0.0,0.0,0.0,0.0,0.0,0.0,0.0,0.0,0.0,0.0,0.0,0.0,1.0,1.0,0.0,0,0,0,0,0,0,0,0.0,0.0,0.2,0.0
13,200,0,dpga,roi_shared,0.03694113343954086,-0.0,global_ddp_mean,2,0.0,5.291890621185303,5.291890621185303,0.0,0.0,0.0,0.0,0.0,0.0,0.0,0.0,0.0,0.0,0.0,0.0,0.0,1.0,1.0,0.0,0,0,0,0,0,0,0,0.0,0.0,0.2,0.0
13,200,0,dpga,roi_cls,0.03694113343954086,-0.0,global_ddp_mean,2,0.0,3.2724266052246094,3.2724266052246094,0.0,0.0,0.0,0.0,0.0,0.0,0.0,0.0,0.0,0.0,0.0,0.0,0.0,1.0,1.0,0.0,0,0,0,0,0,0,0,0.0,0.0,0.2,0.0
13,200,0,dpga,roi_reg,0.03694113343954086,-0.0,global_ddp_mean,2,0.0,3.48367977142334,3.48367977142334,0.0,0.0,0.0,0.0,0.0,0.0,0.0,0.0,0.0,0.0,0.0,0.0,0.0,1.0,1.0,0.0,0,0,0,0,0,0,0,0.0,0.0,0.2,0.0
13,300,0,dpga,backbone,0.008620299398899078,0.0,global_ddp_mean,2,0.0,9.175107955932617,9.175107955932617,0.0,0.0,0.0,0.0,0.0,0.0,0.0,0.0,0.0,0.0,0.0,0.0,0.0,1.0,1.0,0.0,0,0,0,0,0,0,0,0.0,0.0,0.2,0.0
13,300,0,dpga,fpn,0.008620299398899078,0.0,global_ddp_mean,2,0.0,2.406522035598755,2.406522035598755,0.0,0.0,0.0,0.0,0.0,0.0,0.0,0.0,0.0,0.0,0.0,0.0,0.0,1.0,1.0,0.0,0,0,0,0,0,0,0,0.0,0.0,0.2,0.0
13,300,0,dpga,rpn,0.008620299398899078,0.0,global_ddp_mean,2,0.0,3.7997467517852783,3.7997467517852783,0.0,0.0,0.0,0.0,0.0,0.0,0.0,0.0,0.0,0.0,0.0,0.0,0.0,1.0,1.0,0.0,0,0,0,0,0,0,0,0.0,0.0,0.2,0.0
13,300,0,dpga,roi_shared,0.008620299398899078,0.0,global_ddp_mean,2,0.0,5.905364036560059,5.905364036560059,0.0,0.0,0.0,0.0,0.0,0.0,0.0,0.0,0.0,0.0,0.0,0.0,0.0,1.0,1.0,0.0,0,0,0,0,0,0,0,0.0,0.0,0.2,0.0
13,300,0,dpga,roi_cls,0.008620299398899078,0.0,global_ddp_mean,2,0.0,5.025533676147461,5.025533676147461,0.0,0.0,0.0,0.0,0.0,0.0,0.0,0.0,0.0,0.0,0.0,0.0,0.0,1.0,1.0,0.0,0,0,0,0,0,0,0,0.0,0.0,0.2,0.0
13,300,0,dpga,roi_reg,0.008620299398899078,0.0,global_ddp_mean,2,0.0,1.6362217664718628,1.6362217664718628,0.0,0.0,0.0,0.0,0.0,0.0,0.0,0.0,0.0,0.0,0.0,0.0,0.0,1.0,1.0,0.0,0,0,0,0,0,0,0,0.0,0.0,0.2,0.0
13,400,0,dpga,backbone,0.014359090477228165,0.0,global_ddp_mean,2,-0.1219027116894722,3.7794501781463623,3.7794501781463623,12.863831520080566,12.863831520080566,12.76789379119873,12.76789379119873,2.553578796291035,12.76789379119873,3.403625107816517,3.378241064011265,3.378241064011265,0.6756482228701959,0.6756482228701959,1.7942845503966708e-08,1.7942845503966708e-08,1.0000000179428454,0.8285995455207009,34.04485490928826,1,1,0,0,0,1,0,1.0,1.0,0.2,0.20000000298023224
13,400,0,dpga,fpn,0.014359090477228165,0.0,global_ddp_mean,2,0.017742345109581947,0.8656371831893921,0.8656371831893921,3.416473627090454,3.416473627090454,3.416473627090454,3.416473627090454,0.6832947355999757,3.416473627090454,3.9467731902442624,3.9467731902442624,3.9467731902442624,0.7893546498111532,0.7893546498111532,0.014005002610802684,0.014005002610802684,1.0140050026108027,0.7891410832459138,37.89468331150481,0,1,0,0,0,0,0,1.0,1.0,0.2,0.20000000298023224
13,400,0,dpga,rpn,0.014359090477228165,0.0,global_ddp_mean,2,0.0,1.778828740119934,1.778828740119934,0.0,0.0,0.0,0.0,0.0,0.0,0.0,0.0,0.0,0.0,0.0,0.0,0.0,1.0,1.0,0.0,0,0,0,0,0,0,0,0.0,0.0,0.2,0.0
13,400,0,dpga,roi_shared,0.014359090477228165,0.0,global_ddp_mean,2,-0.12495695799589157,1.8500193357467651,1.8500193357467651,0.3712598979473114,0.3712598979473114,0.36834999918937683,0.36834999918937683,0.07367000093564391,0.36834999918937683,0.20067892847046995,0.19910602666252208,0.19910602666252208,0.039821205925886616,0.039821205925886616,5.084959036936769e-10,5.084959036936769e-10,1.000000000508496,0.999208055783517,2.280413438206013,1,0,0,0,0,1,0,1.0,1.0,0.2,0.20000000298023224
13,400,0,dpga,roi_cls,0.014359090477228165,0.0,global_ddp_mean,2,0.0,1.2573031187057495,1.2573031187057495,0.0,0.0,0.0,0.0,0.0,0.0,0.0,0.0,0.0,0.0,0.0,0.0,0.0,1.0,1.0,0.0,0,0,0,0,0,0,0,0.0,0.0,0.2,0.0
13,400,0,dpga,roi_reg,0.014359090477228165,0.0,global_ddp_mean,2,-0.62193763256073,1.8903402090072632,1.8903402090072632,0.9785916209220886,0.9785916209220886,0.7663027048110962,0.7663027048110962,0.15326054324597926,0.7663027048110962,0.5176801595073771,0.40537819655940666,0.40537819655940666,0.0810756405200025,0.0810756405200025,9.927774715353467e-09,9.927774715353467e-09,1.0000000099277746,0.9967294186784135,4.635200702032993,1,0,0,0,0,1,0,1.0,1.0,0.2,0.20000000298023224
13,500,0,dpga,backbone,0.005833728238940239,0.0,global_ddp_mean,2,0.0,7.174962997436523,7.174962997436523,0.0,0.0,0.0,0.0,0.0,0.0,0.0,0.0,0.0,0.0,0.0,0.0,0.0,1.0,1.0,0.0,0,0,0,0,0,0,0,0.0,0.0,0.2,0.0
13,500,0,dpga,fpn,0.005833728238940239,0.0,global_ddp_mean,2,0.0,0.9686518311500549,0.9686518311500549,0.0,0.0,0.0,0.0,0.0,0.0,0.0,0.0,0.0,0.0,0.0,0.0,0.0,1.0,1.0,0.0,0,0,0,0,0,0,0,0.0,0.0,0.2,0.0
13,500,0,dpga,rpn,0.005833728238940239,0.0,global_ddp_mean,2,0.0,0.837507963180542,0.837507963180542,0.0,0.0,0.0,0.0,0.0,0.0,0.0,0.0,0.0,0.0,0.0,0.0,0.0,1.0,1.0,0.0,0,0,0,0,0,0,0,0.0,0.0,0.2,0.0
13,500,0,dpga,roi_shared,0.005833728238940239,0.0,global_ddp_mean,2,0.0,1.7375950813293457,1.7375950813293457,0.0,0.0,0.0,0.0,0.0,0.0,0.0,0.0,0.0,0.0,0.0,0.0,0.0,1.0,1.0,0.0,0,0,0,0,0,0,0,0.0,0.0,0.2,0.0
13,500,0,dpga,roi_cls,0.005833728238940239,0.0,global_ddp_mean,2,0.0,1.347625970840454,1.347625970840454,0.0,0.0,0.0,0.0,0.0,0.0,0.0,0.0,0.0,0.0,0.0,0.0,0.0,1.0,1.0,0.0,0,0,0,0,0,0,0,0.0,0.0,0.2,0.0
13,500,0,dpga,roi_reg,0.005833728238940239,0.0,global_ddp_mean,2,0.0,0.418588787317276,0.418588787317276,0.0,0.0,0.0,0.0,0.0,0.0,0.0,0.0,0.0,0.0,0.0,0.0,0.0,1.0,1.0,0.0,0,0,0,0,0,0,0,0.0,0.0,0.2,0.0
13,600,0,dpga,backbone,0.742716908454895,0.0,global_ddp_mean,2,0.0,37.35045623779297,37.35045623779297,0.0,0.0,0.0,0.0,0.0,0.0,0.0,0.0,0.0,0.0,0.0,0.0,0.0,1.0,1.0,0.0,0,0,0,0,0,0,0,0.0,0.0,0.2,0.0
13,600,0,dpga,fpn,0.742716908454895,0.0,global_ddp_mean,2,0.0,8.2877197265625,8.2877197265625,0.0,0.0,0.0,0.0,0.0,0.0,0.0,0.0,0.0,0.0,0.0,0.0,0.0,1.0,1.0,0.0,0,0,0,0,0,0,0,0.0,0.0,0.2,0.0
13,600,0,dpga,rpn,0.742716908454895,0.0,global_ddp_mean,2,0.0,9.435135841369629,9.435135841369629,0.0,0.0,0.0,0.0,0.0,0.0,0.0,0.0,0.0,0.0,0.0,0.0,0.0,1.0,1.0,0.0,0,0,0,0,0,0,0,0.0,0.0,0.2,0.0
13,600,0,dpga,roi_shared,0.742716908454895,0.0,global_ddp_mean,2,0.0,20.68221092224121,20.68221092224121,0.0,0.0,0.0,0.0,0.0,0.0,0.0,0.0,0.0,0.0,0.0,0.0,0.0,1.0,1.0,0.0,0,0,0,0,0,0,0,0.0,0.0,0.2,0.0
13,600,0,dpga,roi_cls,0.742716908454895,0.0,global_ddp_mean,2,0.0,22.452199935913086,22.452199935913086,0.0,0.0,0.0,0.0,0.0,0.0,0.0,0.0,0.0,0.0,0.0,0.0,0.0,1.0,1.0,0.0,0,0,0,0,0,0,0,0.0,0.0,0.2,0.0
13,600,0,dpga,roi_reg,0.742716908454895,0.0,global_ddp_mean,2,0.0,8.150720596313477,8.150720596313477,0.0,0.0,0.0,0.0,0.0,0.0,0.0,0.0,0.0,0.0,0.0,0.0,0.0,1.0,1.0,0.0,0,0,0,0,0,0,0,0.0,0.0,0.2,0.0
13,700,0,dpga,backbone,0.023835521191358566,0.0,global_ddp_mean,2,0.0,4.129732131958008,4.129732131958008,0.0,0.0,0.0,0.0,0.0,0.0,0.0,0.0,0.0,0.0,0.0,0.0,0.0,1.0,1.0,0.0,0,0,0,0,0,0,0,0.0,0.0,0.2,0.0
13,700,0,dpga,fpn,0.023835521191358566,0.0,global_ddp_mean,2,0.0,0.8368802666664124,0.8368802666664124,0.0,0.0,0.0,0.0,0.0,0.0,0.0,0.0,0.0,0.0,0.0,0.0,0.0,1.0,1.0,0.0,0,0,0,0,0,0,0,0.0,0.0,0.2,0.0
13,700,0,dpga,rpn,0.023835521191358566,0.0,global_ddp_mean,2,0.0,0.6945438385009766,0.6945438385009766,0.0,0.0,0.0,0.0,0.0,0.0,0.0,0.0,0.0,0.0,0.0,0.0,0.0,1.0,1.0,0.0,0,0,0,0,0,0,0,0.0,0.0,0.2,0.0
13,700,0,dpga,roi_shared,0.023835521191358566,0.0,global_ddp_mean,2,0.0,1.6685680150985718,1.6685680150985718,0.0,0.0,0.0,0.0,0.0,0.0,0.0,0.0,0.0,0.0,0.0,0.0,0.0,1.0,1.0,0.0,0,0,0,0,0,0,0,0.0,0.0,0.2,0.0
13,700,0,dpga,roi_cls,0.023835521191358566,0.0,global_ddp_mean,2,0.0,1.4025547504425049,1.4025547504425049,0.0,0.0,0.0,0.0,0.0,0.0,0.0,0.0,0.0,0.0,0.0,0.0,0.0,1.0,1.0,0.0,0,0,0,0,0,0,0,0.0,0.0,0.2,0.0
13,700,0,dpga,roi_reg,0.023835521191358566,0.0,global_ddp_mean,2,0.0,0.0,0.0,0.0,0.0,0.0,0.0,0.0,0.0,0.0,0.0,0.0,0.0,0.0,0.0,0.0,0.0,0.0,90.0,0,0,0,0,0,0,0,0.0,0.0,0.2,0.0
13,800,0,dpga,backbone,0.026088105514645576,0.0,global_ddp_mean,2,0.0,13.232972145080566,13.232972145080566,0.0,0.0,0.0,0.0,0.0,0.0,0.0,0.0,0.0,0.0,0.0,0.0,0.0,1.0,1.0,0.0,0,0,0,0,0,0,0,0.0,0.0,0.2,0.0
13,800,0,dpga,fpn,0.026088105514645576,0.0,global_ddp_mean,2,0.0,2.8514366149902344,2.8514366149902344,0.0,0.0,0.0,0.0,0.0,0.0,0.0,0.0,0.0,0.0,0.0,0.0,0.0,1.0,1.0,0.0,0,0,0,0,0,0,0,0.0,0.0,0.2,0.0
13,800,0,dpga,rpn,0.026088105514645576,0.0,global_ddp_mean,2,0.0,4.678426265716553,4.678426265716553,0.0,0.0,0.0,0.0,0.0,0.0,0.0,0.0,0.0,0.0,0.0,0.0,0.0,1.0,1.0,0.0,0,0,0,0,0,0,0,0.0,0.0,0.2,0.0
13,800,0,dpga,roi_shared,0.026088105514645576,0.0,global_ddp_mean,2,0.0,5.774706840515137,5.774706840515137,0.0,0.0,0.0,0.0,0.0,0.0,0.0,0.0,0.0,0.0,0.0,0.0,0.0,1.0,1.0,0.0,0,0,0,0,0,0,0,0.0,0.0,0.2,0.0
13,800,0,dpga,roi_cls,0.026088105514645576,0.0,global_ddp_mean,2,0.0,3.966259002685547,3.966259002685547,0.0,0.0,0.0,0.0,0.0,0.0,0.0,0.0,0.0,0.0,0.0,0.0,0.0,1.0,1.0,0.0,0,0,0,0,0,0,0,0.0,0.0,0.2,0.0
13,800,0,dpga,roi_reg,0.026088105514645576,0.0,global_ddp_mean,2,0.0,3.2456040382385254,3.2456040382385254,0.0,0.0,0.0,0.0,0.0,0.0,0.0,0.0,0.0,0.0,0.0,0.0,0.0,1.0,1.0,0.0,0,0,0,0,0,0,0,0.0,0.0,0.2,0.0
13,900,0,dpga,backbone,0.0013142951065674424,0.0,global_ddp_mean,2,0.0,3.1889865398406982,3.1889865398406982,0.0,0.0,0.0,0.0,0.0,0.0,0.0,0.0,0.0,0.0,0.0,0.0,0.0,1.0,1.0,0.0,0,0,0,0,0,0,0,0.0,0.0,0.2,0.0
13,900,0,dpga,fpn,0.0013142951065674424,0.0,global_ddp_mean,2,0.0,0.5364066362380981,0.5364066362380981,0.0,0.0,0.0,0.0,0.0,0.0,0.0,0.0,0.0,0.0,0.0,0.0,0.0,1.0,1.0,0.0,0,0,0,0,0,0,0,0.0,0.0,0.2,0.0
13,900,0,dpga,rpn,0.0013142951065674424,0.0,global_ddp_mean,2,0.0,0.46023449301719666,0.46023449301719666,0.0,0.0,0.0,0.0,0.0,0.0,0.0,0.0,0.0,0.0,0.0,0.0,0.0,1.0,1.0,0.0,0,0,0,0,0,0,0,0.0,0.0,0.2,0.0
13,900,0,dpga,roi_shared,0.0013142951065674424,0.0,global_ddp_mean,2,0.0,0.9656895995140076,0.9656895995140076,0.0,0.0,0.0,0.0,0.0,0.0,0.0,0.0,0.0,0.0,0.0,0.0,0.0,1.0,1.0,0.0,0,0,0,0,0,0,0,0.0,0.0,0.2,0.0
13,900,0,dpga,roi_cls,0.0013142951065674424,0.0,global_ddp_mean,2,0.0,0.6783155202865601,0.6783155202865601,0.0,0.0,0.0,0.0,0.0,0.0,0.0,0.0,0.0,0.0,0.0,0.0,0.0,1.0,1.0,0.0,0,0,0,0,0,0,0,0.0,0.0,0.2,0.0
13,900,0,dpga,roi_reg,0.0013142951065674424,0.0,global_ddp_mean,2,0.0,0.9374473690986633,0.9374473690986633,0.0,0.0,0.0,0.0,0.0,0.0,0.0,0.0,0.0,0.0,0.0,0.0,0.0,1.0,1.0,0.0,0,0,0,0,0,0,0,0.0,0.0,0.2,0.0
13,1000,0,dpga,backbone,0.01750924624502659,-0.0,global_ddp_mean,2,0.0,4.805148124694824,4.805148124694824,0.0,0.0,0.0,0.0,0.0,0.0,0.0,0.0,0.0,0.0,0.0,0.0,0.0,1.0,1.0,0.0,0,0,0,0,0,0,0,0.0,0.0,0.2,0.0
13,1000,0,dpga,fpn,0.01750924624502659,-0.0,global_ddp_mean,2,0.0,0.8338944911956787,0.8338944911956787,0.0,0.0,0.0,0.0,0.0,0.0,0.0,0.0,0.0,0.0,0.0,0.0,0.0,1.0,1.0,0.0,0,0,0,0,0,0,0,0.0,0.0,0.2,0.0
13,1000,0,dpga,rpn,0.01750924624502659,-0.0,global_ddp_mean,2,0.0,1.5778310298919678,1.5778310298919678,0.0,0.0,0.0,0.0,0.0,0.0,0.0,0.0,0.0,0.0,0.0,0.0,0.0,1.0,1.0,0.0,0,0,0,0,0,0,0,0.0,0.0,0.2,0.0
13,1000,0,dpga,roi_shared,0.01750924624502659,-0.0,global_ddp_mean,2,0.0,1.1537302732467651,1.1537302732467651,0.0,0.0,0.0,0.0,0.0,0.0,0.0,0.0,0.0,0.0,0.0,0.0,0.0,1.0,1.0,0.0,0,0,0,0,0,0,0,0.0,0.0,0.2,0.0
13,1000,0,dpga,roi_cls,0.01750924624502659,-0.0,global_ddp_mean,2,0.0,0.690963089466095,0.690963089466095,0.0,0.0,0.0,0.0,0.0,0.0,0.0,0.0,0.0,0.0,0.0,0.0,0.0,1.0,1.0,0.0,0,0,0,0,0,0,0,0.0,0.0,0.2,0.0
13,1000,0,dpga,roi_reg,0.01750924624502659,-0.0,global_ddp_mean,2,0.0,0.8777930736541748,0.8777930736541748,0.0,0.0,0.0,0.0,0.0,0.0,0.0,0.0,0.0,0.0,0.0,0.0,0.0,1.0,1.0,0.0,0,0,0,0,0,0,0,0.0,0.0,0.2,0.0
13,1100,0,dpga,backbone,0.13361652195453644,-0.0,global_ddp_mean,2,0.0,5.123918533325195,5.123918533325195,0.0,0.0,0.0,0.0,0.0,0.0,0.0,0.0,0.0,0.0,0.0,0.0,0.0,1.0,1.0,0.0,0,0,0,0,0,0,0,0.0,0.0,0.2,0.0
13,1100,0,dpga,fpn,0.13361652195453644,-0.0,global_ddp_mean,2,0.0,1.222269058227539,1.222269058227539,0.0,0.0,0.0,0.0,0.0,0.0,0.0,0.0,0.0,0.0,0.0,0.0,0.0,1.0,1.0,0.0,0,0,0,0,0,0,0,0.0,0.0,0.2,0.0
13,1100,0,dpga,rpn,0.13361652195453644,-0.0,global_ddp_mean,2,0.0,0.8402873873710632,0.8402873873710632,0.0,0.0,0.0,0.0,0.0,0.0,0.0,0.0,0.0,0.0,0.0,0.0,0.0,1.0,1.0,0.0,0,0,0,0,0,0,0,0.0,0.0,0.2,0.0
13,1100,0,dpga,roi_shared,0.13361652195453644,-0.0,global_ddp_mean,2,0.0,2.682894468307495,2.682894468307495,0.0,0.0,0.0,0.0,0.0,0.0,0.0,0.0,0.0,0.0,0.0,0.0,0.0,1.0,1.0,0.0,0,0,0,0,0,0,0,0.0,0.0,0.2,0.0
13,1100,0,dpga,roi_cls,0.13361652195453644,-0.0,global_ddp_mean,2,0.0,2.3393828868865967,2.3393828868865967,0.0,0.0,0.0,0.0,0.0,0.0,0.0,0.0,0.0,0.0,0.0,0.0,0.0,1.0,1.0,0.0,0,0,0,0,0,0,0,0.0,0.0,0.2,0.0
13,1100,0,dpga,roi_reg,0.13361652195453644,-0.0,global_ddp_mean,2,0.0,1.1189833879470825,1.1189833879470825,0.0,0.0,0.0,0.0,0.0,0.0,0.0,0.0,0.0,0.0,0.0,0.0,0.0,1.0,1.0,0.0,0,0,0,0,0,0,0,0.0,0.0,0.2,0.0
13,1200,0,dpga,backbone,0.18563544750213623,-0.0,global_ddp_mean,2,0.0,18.757009506225586,18.757009506225586,0.0,0.0,0.0,0.0,0.0,0.0,0.0,0.0,0.0,0.0,0.0,0.0,0.0,1.0,1.0,0.0,0,0,0,0,0,0,0,0.0,0.0,0.2,0.0
13,1200,0,dpga,fpn,0.18563544750213623,-0.0,global_ddp_mean,2,0.0,3.7498676776885986,3.7498676776885986,0.0,0.0,0.0,0.0,0.0,0.0,0.0,0.0,0.0,0.0,0.0,0.0,0.0,1.0,1.0,0.0,0,0,0,0,0,0,0,0.0,0.0,0.2,0.0
13,1200,0,dpga,rpn,0.18563544750213623,-0.0,global_ddp_mean,2,0.0,3.0659492015838623,3.0659492015838623,0.0,0.0,0.0,0.0,0.0,0.0,0.0,0.0,0.0,0.0,0.0,0.0,0.0,1.0,1.0,0.0,0,0,0,0,0,0,0,0.0,0.0,0.2,0.0
13,1200,0,dpga,roi_shared,0.18563544750213623,-0.0,global_ddp_mean,2,0.0,6.949312686920166,6.949312686920166,0.0,0.0,0.0,0.0,0.0,0.0,0.0,0.0,0.0,0.0,0.0,0.0,0.0,1.0,1.0,0.0,0,0,0,0,0,0,0,0.0,0.0,0.2,0.0
13,1200,0,dpga,roi_cls,0.18563544750213623,-0.0,global_ddp_mean,2,0.0,5.004038333892822,5.004038333892822,0.0,0.0,0.0,0.0,0.0,0.0,0.0,0.0,0.0,0.0,0.0,0.0,0.0,1.0,1.0,0.0,0,0,0,0,0,0,0,0.0,0.0,0.2,0.0
13,1200,0,dpga,roi_reg,0.18563544750213623,-0.0,global_ddp_mean,2,0.0,3.1730072498321533,3.1730072498321533,0.0,0.0,0.0,0.0,0.0,0.0,0.0,0.0,0.0,0.0,0.0,0.0,0.0,1.0,1.0,0.0,0,0,0,0,0,0,0,0.0,0.0,0.2,0.0
13,1300,0,dpga,backbone,0.07280594855546951,0.0,global_ddp_mean,2,0.0,12.983152389526367,12.983152389526367,0.0,0.0,0.0,0.0,0.0,0.0,0.0,0.0,0.0,0.0,0.0,0.0,0.0,1.0,1.0,0.0,0,0,0,0,0,0,0,0.0,0.0,0.2,0.0
13,1300,0,dpga,fpn,0.07280594855546951,0.0,global_ddp_mean,2,0.0,2.959256410598755,2.959256410598755,0.0,0.0,0.0,0.0,0.0,0.0,0.0,0.0,0.0,0.0,0.0,0.0,0.0,1.0,1.0,0.0,0,0,0,0,0,0,0,0.0,0.0,0.2,0.0
13,1300,0,dpga,rpn,0.07280594855546951,0.0,global_ddp_mean,2,0.0,1.8084609508514404,1.8084609508514404,0.0,0.0,0.0,0.0,0.0,0.0,0.0,0.0,0.0,0.0,0.0,0.0,0.0,1.0,1.0,0.0,0,0,0,0,0,0,0,0.0,0.0,0.2,0.0
13,1300,0,dpga,roi_shared,0.07280594855546951,0.0,global_ddp_mean,2,0.0,6.225510120391846,6.225510120391846,0.0,0.0,0.0,0.0,0.0,0.0,0.0,0.0,0.0,0.0,0.0,0.0,0.0,1.0,1.0,0.0,0,0,0,0,0,0,0,0.0,0.0,0.2,0.0
13,1300,0,dpga,roi_cls,0.07280594855546951,0.0,global_ddp_mean,2,0.0,4.532992362976074,4.532992362976074,0.0,0.0,0.0,0.0,0.0,0.0,0.0,0.0,0.0,0.0,0.0,0.0,0.0,1.0,1.0,0.0,0,0,0,0,0,0,0,0.0,0.0,0.2,0.0
13,1300,0,dpga,roi_reg,0.07280594855546951,0.0,global_ddp_mean,2,0.0,3.928481340408325,3.928481340408325,0.0,0.0,0.0,0.0,0.0,0.0,0.0,0.0,0.0,0.0,0.0,0.0,0.0,1.0,1.0,0.0,0,0,0,0,0,0,0,0.0,0.0,0.2,0.0
13,1400,0,dpga,backbone,0.14580918848514557,-0.0,global_ddp_mean,2,0.0,16.931062698364258,16.931062698364258,0.0,0.0,0.0,0.0,0.0,0.0,0.0,0.0,0.0,0.0,0.0,0.0,0.0,1.0,1.0,0.0,0,0,0,0,0,0,0,0.0,0.0,0.2,0.0
13,1400,0,dpga,fpn,0.14580918848514557,-0.0,global_ddp_mean,2,0.0,1.885978102684021,1.885978102684021,0.0,0.0,0.0,0.0,0.0,0.0,0.0,0.0,0.0,0.0,0.0,0.0,0.0,1.0,1.0,0.0,0,0,0,0,0,0,0,0.0,0.0,0.2,0.0
13,1400,0,dpga,rpn,0.14580918848514557,-0.0,global_ddp_mean,2,0.0,2.969486951828003,2.969486951828003,0.0,0.0,0.0,0.0,0.0,0.0,0.0,0.0,0.0,0.0,0.0,0.0,0.0,1.0,1.0,0.0,0,0,0,0,0,0,0,0.0,0.0,0.2,0.0
13,1400,0,dpga,roi_shared,0.14580918848514557,-0.0,global_ddp_mean,2,0.0,4.223147869110107,4.223147869110107,0.0,0.0,0.0,0.0,0.0,0.0,0.0,0.0,0.0,0.0,0.0,0.0,0.0,1.0,1.0,0.0,0,0,0,0,0,0,0,0.0,0.0,0.2,0.0
13,1400,0,dpga,roi_cls,0.14580918848514557,-0.0,global_ddp_mean,2,0.0,4.054322242736816,4.054322242736816,0.0,0.0,0.0,0.0,0.0,0.0,0.0,0.0,0.0,0.0,0.0,0.0,0.0,1.0,1.0,0.0,0,0,0,0,0,0,0,0.0,0.0,0.2,0.0
13,1400,0,dpga,roi_reg,0.14580918848514557,-0.0,global_ddp_mean,2,0.0,3.3595194816589355,3.3595194816589355,0.0,0.0,0.0,0.0,0.0,0.0,0.0,0.0,0.0,0.0,0.0,0.0,0.0,1.0,1.0,0.0,0,0,0,0,0,0,0,0.0,0.0,0.2,0.0
14,0,0,dpga,backbone,0.25361284613609314,0.0,global_ddp_mean,2,0.0,20.2939510345459,20.2939510345459,0.0,0.0,0.0,0.0,0.0,0.0,0.0,0.0,0.0,0.0,0.0,0.0,0.0,1.0,1.0,0.0,0,0,0,0,0,0,0,0.0,0.0,0.2,0.0
14,0,0,dpga,fpn,0.25361284613609314,0.0,global_ddp_mean,2,0.0,4.445647716522217,4.445647716522217,0.0,0.0,0.0,0.0,0.0,0.0,0.0,0.0,0.0,0.0,0.0,0.0,0.0,1.0,1.0,0.0,0,0,0,0,0,0,0,0.0,0.0,0.2,0.0
14,0,0,dpga,rpn,0.25361284613609314,0.0,global_ddp_mean,2,0.0,2.0290629863739014,2.0290629863739014,0.0,0.0,0.0,0.0,0.0,0.0,0.0,0.0,0.0,0.0,0.0,0.0,0.0,1.0,1.0,0.0,0,0,0,0,0,0,0,0.0,0.0,0.2,0.0
14,0,0,dpga,roi_shared,0.25361284613609314,0.0,global_ddp_mean,2,0.0,9.427947044372559,9.427947044372559,0.0,0.0,0.0,0.0,0.0,0.0,0.0,0.0,0.0,0.0,0.0,0.0,0.0,1.0,1.0,0.0,0,0,0,0,0,0,0,0.0,0.0,0.2,0.0
14,0,0,dpga,roi_cls,0.25361284613609314,0.0,global_ddp_mean,2,0.0,7.40874719619751,7.40874719619751,0.0,0.0,0.0,0.0,0.0,0.0,0.0,0.0,0.0,0.0,0.0,0.0,0.0,1.0,1.0,0.0,0,0,0,0,0,0,0,0.0,0.0,0.2,0.0
14,0,0,dpga,roi_reg,0.25361284613609314,0.0,global_ddp_mean,2,0.0,1.838273286819458,1.838273286819458,0.0,0.0,0.0,0.0,0.0,0.0,0.0,0.0,0.0,0.0,0.0,0.0,0.0,1.0,1.0,0.0,0,0,0,0,0,0,0,0.0,0.0,0.2,0.0
14,100,0,dpga,backbone,0.28278714418411255,0.0,global_ddp_mean,2,0.0,18.807228088378906,18.807228088378906,0.0,0.0,0.0,0.0,0.0,0.0,0.0,0.0,0.0,0.0,0.0,0.0,0.0,1.0,1.0,0.0,0,0,0,0,0,0,0,0.0,0.0,0.2,0.0
14,100,0,dpga,fpn,0.28278714418411255,0.0,global_ddp_mean,2,0.0,2.6397640705108643,2.6397640705108643,0.0,0.0,0.0,0.0,0.0,0.0,0.0,0.0,0.0,0.0,0.0,0.0,0.0,1.0,1.0,0.0,0,0,0,0,0,0,0,0.0,0.0,0.2,0.0
14,100,0,dpga,rpn,0.28278714418411255,0.0,global_ddp_mean,2,0.0,2.4041261672973633,2.4041261672973633,0.0,0.0,0.0,0.0,0.0,0.0,0.0,0.0,0.0,0.0,0.0,0.0,0.0,1.0,1.0,0.0,0,0,0,0,0,0,0,0.0,0.0,0.2,0.0
14,100,0,dpga,roi_shared,0.28278714418411255,0.0,global_ddp_mean,2,0.0,4.522258281707764,4.522258281707764,0.0,0.0,0.0,0.0,0.0,0.0,0.0,0.0,0.0,0.0,0.0,0.0,0.0,1.0,1.0,0.0,0,0,0,0,0,0,0,0.0,0.0,0.2,0.0
14,100,0,dpga,roi_cls,0.28278714418411255,0.0,global_ddp_mean,2,0.0,3.0996296405792236,3.0996296405792236,0.0,0.0,0.0,0.0,0.0,0.0,0.0,0.0,0.0,0.0,0.0,0.0,0.0,1.0,1.0,0.0,0,0,0,0,0,0,0,0.0,0.0,0.2,0.0
14,100,0,dpga,roi_reg,0.28278714418411255,0.0,global_ddp_mean,2,0.0,2.9677734375,2.9677734375,0.0,0.0,0.0,0.0,0.0,0.0,0.0,0.0,0.0,0.0,0.0,0.0,0.0,1.0,1.0,0.0,0,0,0,0,0,0,0,0.0,0.0,0.2,0.0
14,200,0,dpga,backbone,0.73555588722229,-0.0,global_ddp_mean,2,0.0,16.3362979888916,16.3362979888916,0.0,0.0,0.0,0.0,0.0,0.0,0.0,0.0,0.0,0.0,0.0,0.0,0.0,1.0,1.0,0.0,0,0,0,0,0,0,0,0.0,0.0,0.2,0.0
14,200,0,dpga,fpn,0.73555588722229,-0.0,global_ddp_mean,2,0.0,4.154471397399902,4.154471397399902,0.0,0.0,0.0,0.0,0.0,0.0,0.0,0.0,0.0,0.0,0.0,0.0,0.0,1.0,1.0,0.0,0,0,0,0,0,0,0,0.0,0.0,0.2,0.0
14,200,0,dpga,rpn,0.73555588722229,-0.0,global_ddp_mean,2,0.0,1.4293395280838013,1.4293395280838013,0.0,0.0,0.0,0.0,0.0,0.0,0.0,0.0,0.0,0.0,0.0,0.0,0.0,1.0,1.0,0.0,0,0,0,0,0,0,0,0.0,0.0,0.2,0.0
14,200,0,dpga,roi_shared,0.73555588722229,-0.0,global_ddp_mean,2,0.0,9.260913848876953,9.260913848876953,0.0,0.0,0.0,0.0,0.0,0.0,0.0,0.0,0.0,0.0,0.0,0.0,0.0,1.0,1.0,0.0,0,0,0,0,0,0,0,0.0,0.0,0.2,0.0
14,200,0,dpga,roi_cls,0.73555588722229,-0.0,global_ddp_mean,2,0.0,6.242347240447998,6.242347240447998,0.0,0.0,0.0,0.0,0.0,0.0,0.0,0.0,0.0,0.0,0.0,0.0,0.0,1.0,1.0,0.0,0,0,0,0,0,0,0,0.0,0.0,0.2,0.0
14,200,0,dpga,roi_reg,0.73555588722229,-0.0,global_ddp_mean,2,0.0,3.0911152362823486,3.0911152362823486,0.0,0.0,0.0,0.0,0.0,0.0,0.0,0.0,0.0,0.0,0.0,0.0,0.0,1.0,1.0,0.0,0,0,0,0,0,0,0,0.0,0.0,0.2,0.0
14,300,0,dpga,backbone,0.14200147986412048,-0.0,global_ddp_mean,2,0.0,21.277549743652344,21.277549743652344,0.0,0.0,0.0,0.0,0.0,0.0,0.0,0.0,0.0,0.0,0.0,0.0,0.0,1.0,1.0,0.0,0,0,0,0,0,0,0,0.0,0.0,0.2,0.0
14,300,0,dpga,fpn,0.14200147986412048,-0.0,global_ddp_mean,2,0.0,4.146867752075195,4.146867752075195,0.0,0.0,0.0,0.0,0.0,0.0,0.0,0.0,0.0,0.0,0.0,0.0,0.0,1.0,1.0,0.0,0,0,0,0,0,0,0,0.0,0.0,0.2,0.0
14,300,0,dpga,rpn,0.14200147986412048,-0.0,global_ddp_mean,2,0.0,8.16812801361084,8.16812801361084,0.0,0.0,0.0,0.0,0.0,0.0,0.0,0.0,0.0,0.0,0.0,0.0,0.0,1.0,1.0,0.0,0,0,0,0,0,0,0,0.0,0.0,0.2,0.0
14,300,0,dpga,roi_shared,0.14200147986412048,-0.0,global_ddp_mean,2,0.0,5.868582725524902,5.868582725524902,0.0,0.0,0.0,0.0,0.0,0.0,0.0,0.0,0.0,0.0,0.0,0.0,0.0,1.0,1.0,0.0,0,0,0,0,0,0,0,0.0,0.0,0.2,0.0
14,300,0,dpga,roi_cls,0.14200147986412048,-0.0,global_ddp_mean,2,0.0,5.281898498535156,5.281898498535156,0.0,0.0,0.0,0.0,0.0,0.0,0.0,0.0,0.0,0.0,0.0,0.0,0.0,1.0,1.0,0.0,0,0,0,0,0,0,0,0.0,0.0,0.2,0.0
14,300,0,dpga,roi_reg,0.14200147986412048,-0.0,global_ddp_mean,2,0.0,3.57267427444458,3.57267427444458,0.0,0.0,0.0,0.0,0.0,0.0,0.0,0.0,0.0,0.0,0.0,0.0,0.0,1.0,1.0,0.0,0,0,0,0,0,0,0,0.0,0.0,0.2,0.0
14,400,0,dpga,backbone,0.46396493911743164,-0.0,global_ddp_mean,2,0.0,36.3321418762207,36.3321418762207,0.0,0.0,0.0,0.0,0.0,0.0,0.0,0.0,0.0,0.0,0.0,0.0,0.0,1.0,1.0,0.0,0,0,0,0,0,0,0,0.0,0.0,0.2,0.0
14,400,0,dpga,fpn,0.46396493911743164,-0.0,global_ddp_mean,2,0.0,2.5855045318603516,2.5855045318603516,0.0,0.0,0.0,0.0,0.0,0.0,0.0,0.0,0.0,0.0,0.0,0.0,0.0,1.0,1.0,0.0,0,0,0,0,0,0,0,0.0,0.0,0.2,0.0
14,400,0,dpga,rpn,0.46396493911743164,-0.0,global_ddp_mean,2,0.0,5.253834247589111,5.253834247589111,0.0,0.0,0.0,0.0,0.0,0.0,0.0,0.0,0.0,0.0,0.0,0.0,0.0,1.0,1.0,0.0,0,0,0,0,0,0,0,0.0,0.0,0.2,0.0
14,400,0,dpga,roi_shared,0.46396493911743164,-0.0,global_ddp_mean,2,0.0,3.9181628227233887,3.9181628227233887,0.0,0.0,0.0,0.0,0.0,0.0,0.0,0.0,0.0,0.0,0.0,0.0,0.0,1.0,1.0,0.0,0,0,0,0,0,0,0,0.0,0.0,0.2,0.0
14,400,0,dpga,roi_cls,0.46396493911743164,-0.0,global_ddp_mean,2,0.0,2.4917025566101074,2.4917025566101074,0.0,0.0,0.0,0.0,0.0,0.0,0.0,0.0,0.0,0.0,0.0,0.0,0.0,1.0,1.0,0.0,0,0,0,0,0,0,0,0.0,0.0,0.2,0.0
14,400,0,dpga,roi_reg,0.46396493911743164,-0.0,global_ddp_mean,2,0.0,2.1286067962646484,2.1286067962646484,0.0,0.0,0.0,0.0,0.0,0.0,0.0,0.0,0.0,0.0,0.0,0.0,0.0,1.0,1.0,0.0,0,0,0,0,0,0,0,0.0,0.0,0.2,0.0
14,500,0,dpga,backbone,0.12985409796237946,0.0,global_ddp_mean,2,0.0,12.148369789123535,12.148369789123535,0.0,0.0,0.0,0.0,0.0,0.0,0.0,0.0,0.0,0.0,0.0,0.0,0.0,1.0,1.0,0.0,0,0,0,0,0,0,0,0.0,0.0,0.2,0.0
14,500,0,dpga,fpn,0.12985409796237946,0.0,global_ddp_mean,2,0.0,2.9878487586975098,2.9878487586975098,0.0,0.0,0.0,0.0,0.0,0.0,0.0,0.0,0.0,0.0,0.0,0.0,0.0,1.0,1.0,0.0,0,0,0,0,0,0,0,0.0,0.0,0.2,0.0
14,500,0,dpga,rpn,0.12985409796237946,0.0,global_ddp_mean,2,0.0,3.485419750213623,3.485419750213623,0.0,0.0,0.0,0.0,0.0,0.0,0.0,0.0,0.0,0.0,0.0,0.0,0.0,1.0,1.0,0.0,0,0,0,0,0,0,0,0.0,0.0,0.2,0.0
14,500,0,dpga,roi_shared,0.12985409796237946,0.0,global_ddp_mean,2,0.0,6.79007625579834,6.79007625579834,0.0,0.0,0.0,0.0,0.0,0.0,0.0,0.0,0.0,0.0,0.0,0.0,0.0,1.0,1.0,0.0,0,0,0,0,0,0,0,0.0,0.0,0.2,0.0
14,500,0,dpga,roi_cls,0.12985409796237946,0.0,global_ddp_mean,2,0.0,5.454066276550293,5.454066276550293,0.0,0.0,0.0,0.0,0.0,0.0,0.0,0.0,0.0,0.0,0.0,0.0,0.0,1.0,1.0,0.0,0,0,0,0,0,0,0,0.0,0.0,0.2,0.0
14,500,0,dpga,roi_reg,0.12985409796237946,0.0,global_ddp_mean,2,0.0,0.9871315956115723,0.9871315956115723,0.0,0.0,0.0,0.0,0.0,0.0,0.0,0.0,0.0,0.0,0.0,0.0,0.0,1.0,1.0,0.0,0,0,0,0,0,0,0,0.0,0.0,0.2,0.0
14,600,0,dpga,backbone,0.08953101187944412,0.0,global_ddp_mean,2,0.0,7.098484039306641,7.098484039306641,0.0,0.0,0.0,0.0,0.0,0.0,0.0,0.0,0.0,0.0,0.0,0.0,0.0,1.0,1.0,0.0,0,0,0,0,0,0,0,0.0,0.0,0.2,0.0
14,600,0,dpga,fpn,0.08953101187944412,0.0,global_ddp_mean,2,0.0,0.7803019285202026,0.7803019285202026,0.0,0.0,0.0,0.0,0.0,0.0,0.0,0.0,0.0,0.0,0.0,0.0,0.0,1.0,1.0,0.0,0,0,0,0,0,0,0,0.0,0.0,0.2,0.0
14,600,0,dpga,rpn,0.08953101187944412,0.0,global_ddp_mean,2,0.0,1.130627989768982,1.130627989768982,0.0,0.0,0.0,0.0,0.0,0.0,0.0,0.0,0.0,0.0,0.0,0.0,0.0,1.0,1.0,0.0,0,0,0,0,0,0,0,0.0,0.0,0.2,0.0
14,600,0,dpga,roi_shared,0.08953101187944412,0.0,global_ddp_mean,2,0.0,1.5910061597824097,1.5910061597824097,0.0,0.0,0.0,0.0,0.0,0.0,0.0,0.0,0.0,0.0,0.0,0.0,0.0,1.0,1.0,0.0,0,0,0,0,0,0,0,0.0,0.0,0.2,0.0
14,600,0,dpga,roi_cls,0.08953101187944412,0.0,global_ddp_mean,2,0.0,0.952958881855011,0.952958881855011,0.0,0.0,0.0,0.0,0.0,0.0,0.0,0.0,0.0,0.0,0.0,0.0,0.0,1.0,1.0,0.0,0,0,0,0,0,0,0,0.0,0.0,0.2,0.0
14,600,0,dpga,roi_reg,0.08953101187944412,0.0,global_ddp_mean,2,0.0,1.1674432754516602,1.1674432754516602,0.0,0.0,0.0,0.0,0.0,0.0,0.0,0.0,0.0,0.0,0.0,0.0,0.0,1.0,1.0,0.0,0,0,0,0,0,0,0,0.0,0.0,0.2,0.0
14,700,0,dpga,backbone,0.14816714823246002,0.0,global_ddp_mean,2,0.0,19.00948715209961,19.00948715209961,0.0,0.0,0.0,0.0,0.0,0.0,0.0,0.0,0.0,0.0,0.0,0.0,0.0,1.0,1.0,0.0,0,0,0,0,0,0,0,0.0,0.0,0.2,0.0
14,700,0,dpga,fpn,0.14816714823246002,0.0,global_ddp_mean,2,0.0,2.732306718826294,2.732306718826294,0.0,0.0,0.0,0.0,0.0,0.0,0.0,0.0,0.0,0.0,0.0,0.0,0.0,1.0,1.0,0.0,0,0,0,0,0,0,0,0.0,0.0,0.2,0.0
14,700,0,dpga,rpn,0.14816714823246002,0.0,global_ddp_mean,2,0.0,3.179471492767334,3.179471492767334,0.0,0.0,0.0,0.0,0.0,0.0,0.0,0.0,0.0,0.0,0.0,0.0,0.0,1.0,1.0,0.0,0,0,0,0,0,0,0,0.0,0.0,0.2,0.0
14,700,0,dpga,roi_shared,0.14816714823246002,0.0,global_ddp_mean,2,0.0,5.643356800079346,5.643356800079346,0.0,0.0,0.0,0.0,0.0,0.0,0.0,0.0,0.0,0.0,0.0,0.0,0.0,1.0,1.0,0.0,0,0,0,0,0,0,0,0.0,0.0,0.2,0.0
14,700,0,dpga,roi_cls,0.14816714823246002,0.0,global_ddp_mean,2,0.0,3.567359447479248,3.567359447479248,0.0,0.0,0.0,0.0,0.0,0.0,0.0,0.0,0.0,0.0,0.0,0.0,0.0,1.0,1.0,0.0,0,0,0,0,0,0,0,0.0,0.0,0.2,0.0
14,700,0,dpga,roi_reg,0.14816714823246002,0.0,global_ddp_mean,2,0.0,5.979923248291016,5.979923248291016,0.0,0.0,0.0,0.0,0.0,0.0,0.0,0.0,0.0,0.0,0.0,0.0,0.0,1.0,1.0,0.0,0,0,0,0,0,0,0,0.0,0.0,0.2,0.0
14,800,0,dpga,backbone,0.014690715819597244,-0.0,global_ddp_mean,2,0.0,6.0306830406188965,6.0306830406188965,0.0,0.0,0.0,0.0,0.0,0.0,0.0,0.0,0.0,0.0,0.0,0.0,0.0,1.0,1.0,0.0,0,0,0,0,0,0,0,0.0,0.0,0.2,0.0
14,800,0,dpga,fpn,0.014690715819597244,-0.0,global_ddp_mean,2,0.0,0.7953343391418457,0.7953343391418457,0.0,0.0,0.0,0.0,0.0,0.0,0.0,0.0,0.0,0.0,0.0,0.0,0.0,1.0,1.0,0.0,0,0,0,0,0,0,0,0.0,0.0,0.2,0.0
14,800,0,dpga,rpn,0.014690715819597244,-0.0,global_ddp_mean,2,0.0,0.7949880957603455,0.7949880957603455,0.0,0.0,0.0,0.0,0.0,0.0,0.0,0.0,0.0,0.0,0.0,0.0,0.0,1.0,1.0,0.0,0,0,0,0,0,0,0,0.0,0.0,0.2,0.0
14,800,0,dpga,roi_shared,0.014690715819597244,-0.0,global_ddp_mean,2,0.0,1.168421983718872,1.168421983718872,0.0,0.0,0.0,0.0,0.0,0.0,0.0,0.0,0.0,0.0,0.0,0.0,0.0,1.0,1.0,0.0,0,0,0,0,0,0,0,0.0,0.0,0.2,0.0
14,800,0,dpga,roi_cls,0.014690715819597244,-0.0,global_ddp_mean,2,0.0,1.1069622039794922,1.1069622039794922,0.0,0.0,0.0,0.0,0.0,0.0,0.0,0.0,0.0,0.0,0.0,0.0,0.0,1.0,1.0,0.0,0,0,0,0,0,0,0,0.0,0.0,0.2,0.0
14,800,0,dpga,roi_reg,0.014690715819597244,-0.0,global_ddp_mean,2,0.0,0.0,0.0,0.0,0.0,0.0,0.0,0.0,0.0,0.0,0.0,0.0,0.0,0.0,0.0,0.0,0.0,0.0,90.0,0,0,0,0,0,0,0,0.0,0.0,0.2,0.0
14,900,0,dpga,backbone,0.17949917912483215,0.0,global_ddp_mean,2,0.0,8.078601837158203,8.078601837158203,0.0,0.0,0.0,0.0,0.0,0.0,0.0,0.0,0.0,0.0,0.0,0.0,0.0,1.0,1.0,0.0,0,0,0,0,0,0,0,0.0,0.0,0.2,0.0
14,900,0,dpga,fpn,0.17949917912483215,0.0,global_ddp_mean,2,0.0,0.8653150200843811,0.8653150200843811,0.0,0.0,0.0,0.0,0.0,0.0,0.0,0.0,0.0,0.0,0.0,0.0,0.0,1.0,1.0,0.0,0,0,0,0,0,0,0,0.0,0.0,0.2,0.0
14,900,0,dpga,rpn,0.17949917912483215,0.0,global_ddp_mean,2,0.0,1.058935523033142,1.058935523033142,0.0,0.0,0.0,0.0,0.0,0.0,0.0,0.0,0.0,0.0,0.0,0.0,0.0,1.0,1.0,0.0,0,0,0,0,0,0,0,0.0,0.0,0.2,0.0
14,900,0,dpga,roi_shared,0.17949917912483215,0.0,global_ddp_mean,2,0.0,1.6673086881637573,1.6673086881637573,0.0,0.0,0.0,0.0,0.0,0.0,0.0,0.0,0.0,0.0,0.0,0.0,0.0,1.0,1.0,0.0,0,0,0,0,0,0,0,0.0,0.0,0.2,0.0
14,900,0,dpga,roi_cls,0.17949917912483215,0.0,global_ddp_mean,2,0.0,1.4840673208236694,1.4840673208236694,0.0,0.0,0.0,0.0,0.0,0.0,0.0,0.0,0.0,0.0,0.0,0.0,0.0,1.0,1.0,0.0,0,0,0,0,0,0,0,0.0,0.0,0.2,0.0
14,900,0,dpga,roi_reg,0.17949917912483215,0.0,global_ddp_mean,2,0.0,0.39484643936157227,0.39484643936157227,0.0,0.0,0.0,0.0,0.0,0.0,0.0,0.0,0.0,0.0,0.0,0.0,0.0,1.0,1.0,0.0,0,0,0,0,0,0,0,0.0,0.0,0.2,0.0
14,1000,0,dpga,backbone,0.4703865051269531,0.0,global_ddp_mean,2,0.0,8.01319694519043,8.01319694519043,0.0,0.0,0.0,0.0,0.0,0.0,0.0,0.0,0.0,0.0,0.0,0.0,0.0,1.0,1.0,0.0,0,0,0,0,0,0,0,0.0,0.0,0.2,0.0
14,1000,0,dpga,fpn,0.4703865051269531,0.0,global_ddp_mean,2,0.0,1.4403194189071655,1.4403194189071655,0.0,0.0,0.0,0.0,0.0,0.0,0.0,0.0,0.0,0.0,0.0,0.0,0.0,1.0,1.0,0.0,0,0,0,0,0,0,0,0.0,0.0,0.2,0.0
14,1000,0,dpga,rpn,0.4703865051269531,0.0,global_ddp_mean,2,0.0,2.5411391258239746,2.5411391258239746,0.0,0.0,0.0,0.0,0.0,0.0,0.0,0.0,0.0,0.0,0.0,0.0,0.0,1.0,1.0,0.0,0,0,0,0,0,0,0,0.0,0.0,0.2,0.0
14,1000,0,dpga,roi_shared,0.4703865051269531,0.0,global_ddp_mean,2,0.0,2.6407477855682373,2.6407477855682373,0.0,0.0,0.0,0.0,0.0,0.0,0.0,0.0,0.0,0.0,0.0,0.0,0.0,1.0,1.0,0.0,0,0,0,0,0,0,0,0.0,0.0,0.2,0.0
14,1000,0,dpga,roi_cls,0.4703865051269531,0.0,global_ddp_mean,2,0.0,1.6809031963348389,1.6809031963348389,0.0,0.0,0.0,0.0,0.0,0.0,0.0,0.0,0.0,0.0,0.0,0.0,0.0,1.0,1.0,0.0,0,0,0,0,0,0,0,0.0,0.0,0.2,0.0
14,1000,0,dpga,roi_reg,0.4703865051269531,0.0,global_ddp_mean,2,0.0,1.6744725704193115,1.6744725704193115,0.0,0.0,0.0,0.0,0.0,0.0,0.0,0.0,0.0,0.0,0.0,0.0,0.0,1.0,1.0,0.0,0,0,0,0,0,0,0,0.0,0.0,0.2,0.0
14,1100,0,dpga,backbone,0.4126933217048645,0.0,global_ddp_mean,2,0.0,7.899878978729248,7.899878978729248,0.0,0.0,0.0,0.0,0.0,0.0,0.0,0.0,0.0,0.0,0.0,0.0,0.0,1.0,1.0,0.0,0,0,0,0,0,0,0,0.0,0.0,0.2,0.0
14,1100,0,dpga,fpn,0.4126933217048645,0.0,global_ddp_mean,2,0.0,1.6176291704177856,1.6176291704177856,0.0,0.0,0.0,0.0,0.0,0.0,0.0,0.0,0.0,0.0,0.0,0.0,0.0,1.0,1.0,0.0,0,0,0,0,0,0,0,0.0,0.0,0.2,0.0
14,1100,0,dpga,rpn,0.4126933217048645,0.0,global_ddp_mean,2,0.0,2.093304395675659,2.093304395675659,0.0,0.0,0.0,0.0,0.0,0.0,0.0,0.0,0.0,0.0,0.0,0.0,0.0,1.0,1.0,0.0,0,0,0,0,0,0,0,0.0,0.0,0.2,0.0
14,1100,0,dpga,roi_shared,0.4126933217048645,0.0,global_ddp_mean,2,0.0,3.5243616104125977,3.5243616104125977,0.0,0.0,0.0,0.0,0.0,0.0,0.0,0.0,0.0,0.0,0.0,0.0,0.0,1.0,1.0,0.0,0,0,0,0,0,0,0,0.0,0.0,0.2,0.0
14,1100,0,dpga,roi_cls,0.4126933217048645,0.0,global_ddp_mean,2,0.0,1.8486300706863403,1.8486300706863403,0.0,0.0,0.0,0.0,0.0,0.0,0.0,0.0,0.0,0.0,0.0,0.0,0.0,1.0,1.0,0.0,0,0,0,0,0,0,0,0.0,0.0,0.2,0.0
14,1100,0,dpga,roi_reg,0.4126933217048645,0.0,global_ddp_mean,2,0.0,3.207409143447876,3.207409143447876,0.0,0.0,0.0,0.0,0.0,0.0,0.0,0.0,0.0,0.0,0.0,0.0,0.0,1.0,1.0,0.0,0,0,0,0,0,0,0,0.0,0.0,0.2,0.0
14,1200,0,dpga,backbone,0.0067040519788861275,0.0,global_ddp_mean,2,0.0,4.768864631652832,4.768864631652832,0.0,0.0,0.0,0.0,0.0,0.0,0.0,0.0,0.0,0.0,0.0,0.0,0.0,1.0,1.0,0.0,0,0,0,0,0,0,0,0.0,0.0,0.2,0.0
14,1200,0,dpga,fpn,0.0067040519788861275,0.0,global_ddp_mean,2,0.0,0.7467346787452698,0.7467346787452698,0.0,0.0,0.0,0.0,0.0,0.0,0.0,0.0,0.0,0.0,0.0,0.0,0.0,1.0,1.0,0.0,0,0,0,0,0,0,0,0.0,0.0,0.2,0.0
14,1200,0,dpga,rpn,0.0067040519788861275,0.0,global_ddp_mean,2,0.0,1.2838140726089478,1.2838140726089478,0.0,0.0,0.0,0.0,0.0,0.0,0.0,0.0,0.0,0.0,0.0,0.0,0.0,1.0,1.0,0.0,0,0,0,0,0,0,0,0.0,0.0,0.2,0.0
14,1200,0,dpga,roi_shared,0.0067040519788861275,0.0,global_ddp_mean,2,0.0,1.475062608718872,1.475062608718872,0.0,0.0,0.0,0.0,0.0,0.0,0.0,0.0,0.0,0.0,0.0,0.0,0.0,1.0,1.0,0.0,0,0,0,0,0,0,0,0.0,0.0,0.2,0.0
14,1200,0,dpga,roi_cls,0.0067040519788861275,0.0,global_ddp_mean,2,0.0,0.9716257452964783,0.9716257452964783,0.0,0.0,0.0,0.0,0.0,0.0,0.0,0.0,0.0,0.0,0.0,0.0,0.0,1.0,1.0,0.0,0,0,0,0,0,0,0,0.0,0.0,0.2,0.0
14,1200,0,dpga,roi_reg,0.0067040519788861275,0.0,global_ddp_mean,2,0.0,1.7985888719558716,1.7985888719558716,0.0,0.0,0.0,0.0,0.0,0.0,0.0,0.0,0.0,0.0,0.0,0.0,0.0,1.0,1.0,0.0,0,0,0,0,0,0,0,0.0,0.0,0.2,0.0
14,1300,0,dpga,backbone,0.3208816349506378,-0.0,global_ddp_mean,2,0.0,12.049059867858887,12.049059867858887,0.0,0.0,0.0,0.0,0.0,0.0,0.0,0.0,0.0,0.0,0.0,0.0,0.0,1.0,1.0,0.0,0,0,0,0,0,0,0,0.0,0.0,0.2,0.0
14,1300,0,dpga,fpn,0.3208816349506378,-0.0,global_ddp_mean,2,0.0,1.7266829013824463,1.7266829013824463,0.0,0.0,0.0,0.0,0.0,0.0,0.0,0.0,0.0,0.0,0.0,0.0,0.0,1.0,1.0,0.0,0,0,0,0,0,0,0,0.0,0.0,0.2,0.0
14,1300,0,dpga,rpn,0.3208816349506378,-0.0,global_ddp_mean,2,0.0,1.8651584386825562,1.8651584386825562,0.0,0.0,0.0,0.0,0.0,0.0,0.0,0.0,0.0,0.0,0.0,0.0,0.0,1.0,1.0,0.0,0,0,0,0,0,0,0,0.0,0.0,0.2,0.0
14,1300,0,dpga,roi_shared,0.3208816349506378,-0.0,global_ddp_mean,2,0.0,3.569411277770996,3.569411277770996,0.0,0.0,0.0,0.0,0.0,0.0,0.0,0.0,0.0,0.0,0.0,0.0,0.0,1.0,1.0,0.0,0,0,0,0,0,0,0,0.0,0.0,0.2,0.0
14,1300,0,dpga,roi_cls,0.3208816349506378,-0.0,global_ddp_mean,2,0.0,2.432084560394287,2.432084560394287,0.0,0.0,0.0,0.0,0.0,0.0,0.0,0.0,0.0,0.0,0.0,0.0,0.0,1.0,1.0,0.0,0,0,0,0,0,0,0,0.0,0.0,0.2,0.0
14,1300,0,dpga,roi_reg,0.3208816349506378,-0.0,global_ddp_mean,2,0.0,2.203298807144165,2.203298807144165,0.0,0.0,0.0,0.0,0.0,0.0,0.0,0.0,0.0,0.0,0.0,0.0,0.0,1.0,1.0,0.0,0,0,0,0,0,0,0,0.0,0.0,0.2,0.0
14,1400,0,dpga,backbone,0.15599149465560913,0.0,global_ddp_mean,2,0.0,9.098154067993164,9.098154067993164,0.0,0.0,0.0,0.0,0.0,0.0,0.0,0.0,0.0,0.0,0.0,0.0,0.0,1.0,1.0,0.0,0,0,0,0,0,0,0,0.0,0.0,0.2,0.0
14,1400,0,dpga,fpn,0.15599149465560913,0.0,global_ddp_mean,2,0.0,2.0163424015045166,2.0163424015045166,0.0,0.0,0.0,0.0,0.0,0.0,0.0,0.0,0.0,0.0,0.0,0.0,0.0,1.0,1.0,0.0,0,0,0,0,0,0,0,0.0,0.0,0.2,0.0
14,1400,0,dpga,rpn,0.15599149465560913,0.0,global_ddp_mean,2,0.0,0.8384256958961487,0.8384256958961487,0.0,0.0,0.0,0.0,0.0,0.0,0.0,0.0,0.0,0.0,0.0,0.0,0.0,1.0,1.0,0.0,0,0,0,0,0,0,0,0.0,0.0,0.2,0.0
14,1400,0,dpga,roi_shared,0.15599149465560913,0.0,global_ddp_mean,2,0.0,4.646635055541992,4.646635055541992,0.0,0.0,0.0,0.0,0.0,0.0,0.0,0.0,0.0,0.0,0.0,0.0,0.0,1.0,1.0,0.0,0,0,0,0,0,0,0,0.0,0.0,0.2,0.0
14,1400,0,dpga,roi_cls,0.15599149465560913,0.0,global_ddp_mean,2,0.0,4.090289115905762,4.090289115905762,0.0,0.0,0.0,0.0,0.0,0.0,0.0,0.0,0.0,0.0,0.0,0.0,0.0,1.0,1.0,0.0,0,0,0,0,0,0,0,0.0,0.0,0.2,0.0
14,1400,0,dpga,roi_reg,0.15599149465560913,0.0,global_ddp_mean,2,0.0,0.9447192549705505,0.9447192549705505,0.0,0.0,0.0,0.0,0.0,0.0,0.0,0.0,0.0,0.0,0.0,0.0,0.0,1.0,1.0,0.0,0,0,0,0,0,0,0,0.0,0.0,0.2,0.0
15,0,0,dpga,backbone,0.40062323212623596,0.0,global_ddp_mean,2,0.0,11.331350326538086,11.331350326538086,0.0,0.0,0.0,0.0,0.0,0.0,0.0,0.0,0.0,0.0,0.0,0.0,0.0,1.0,1.0,0.0,0,0,0,0,0,0,0,0.0,0.0,0.2,0.0
15,0,0,dpga,fpn,0.40062323212623596,0.0,global_ddp_mean,2,0.0,2.704397678375244,2.704397678375244,0.0,0.0,0.0,0.0,0.0,0.0,0.0,0.0,0.0,0.0,0.0,0.0,0.0,1.0,1.0,0.0,0,0,0,0,0,0,0,0.0,0.0,0.2,0.0
15,0,0,dpga,rpn,0.40062323212623596,0.0,global_ddp_mean,2,0.0,2.9400477409362793,2.9400477409362793,0.0,0.0,0.0,0.0,0.0,0.0,0.0,0.0,0.0,0.0,0.0,0.0,0.0,1.0,1.0,0.0,0,0,0,0,0,0,0,0.0,0.0,0.2,0.0
15,0,0,dpga,roi_shared,0.40062323212623596,0.0,global_ddp_mean,2,0.0,5.179996490478516,5.179996490478516,0.0,0.0,0.0,0.0,0.0,0.0,0.0,0.0,0.0,0.0,0.0,0.0,0.0,1.0,1.0,0.0,0,0,0,0,0,0,0,0.0,0.0,0.2,0.0
15,0,0,dpga,roi_cls,0.40062323212623596,0.0,global_ddp_mean,2,0.0,2.406829357147217,2.406829357147217,0.0,0.0,0.0,0.0,0.0,0.0,0.0,0.0,0.0,0.0,0.0,0.0,0.0,1.0,1.0,0.0,0,0,0,0,0,0,0,0.0,0.0,0.2,0.0
15,0,0,dpga,roi_reg,0.40062323212623596,0.0,global_ddp_mean,2,0.0,5.034347057342529,5.034347057342529,0.0,0.0,0.0,0.0,0.0,0.0,0.0,0.0,0.0,0.0,0.0,0.0,0.0,1.0,1.0,0.0,0,0,0,0,0,0,0,0.0,0.0,0.2,0.0
15,100,0,dpga,backbone,0.3143960237503052,0.0,global_ddp_mean,2,0.0,7.397616386413574,7.397616386413574,0.0,0.0,0.0,0.0,0.0,0.0,0.0,0.0,0.0,0.0,0.0,0.0,0.0,1.0,1.0,0.0,0,0,0,0,0,0,0,0.0,0.0,0.2,0.0
15,100,0,dpga,fpn,0.3143960237503052,0.0,global_ddp_mean,2,0.0,1.9788649082183838,1.9788649082183838,0.0,0.0,0.0,0.0,0.0,0.0,0.0,0.0,0.0,0.0,0.0,0.0,0.0,1.0,1.0,0.0,0,0,0,0,0,0,0,0.0,0.0,0.2,0.0
15,100,0,dpga,rpn,0.3143960237503052,0.0,global_ddp_mean,2,0.0,2.3908209800720215,2.3908209800720215,0.0,0.0,0.0,0.0,0.0,0.0,0.0,0.0,0.0,0.0,0.0,0.0,0.0,1.0,1.0,0.0,0,0,0,0,0,0,0,0.0,0.0,0.2,0.0
15,100,0,dpga,roi_shared,0.3143960237503052,0.0,global_ddp_mean,2,0.0,5.044118404388428,5.044118404388428,0.0,0.0,0.0,0.0,0.0,0.0,0.0,0.0,0.0,0.0,0.0,0.0,0.0,1.0,1.0,0.0,0,0,0,0,0,0,0,0.0,0.0,0.2,0.0
15,100,0,dpga,roi_cls,0.3143960237503052,0.0,global_ddp_mean,2,0.0,4.144315242767334,4.144315242767334,0.0,0.0,0.0,0.0,0.0,0.0,0.0,0.0,0.0,0.0,0.0,0.0,0.0,1.0,1.0,0.0,0,0,0,0,0,0,0,0.0,0.0,0.2,0.0
15,100,0,dpga,roi_reg,0.3143960237503052,0.0,global_ddp_mean,2,0.0,3.0591232776641846,3.0591232776641846,0.0,0.0,0.0,0.0,0.0,0.0,0.0,0.0,0.0,0.0,0.0,0.0,0.0,1.0,1.0,0.0,0,0,0,0,0,0,0,0.0,0.0,0.2,0.0
15,200,0,dpga,backbone,0.05430376157164574,0.0,global_ddp_mean,2,0.0,4.971739292144775,4.971739292144775,0.0,0.0,0.0,0.0,0.0,0.0,0.0,0.0,0.0,0.0,0.0,0.0,0.0,1.0,1.0,0.0,0,0,0,0,0,0,0,0.0,0.0,0.2,0.0
15,200,0,dpga,fpn,0.05430376157164574,0.0,global_ddp_mean,2,0.0,0.9080225229263306,0.9080225229263306,0.0,0.0,0.0,0.0,0.0,0.0,0.0,0.0,0.0,0.0,0.0,0.0,0.0,1.0,1.0,0.0,0,0,0,0,0,0,0,0.0,0.0,0.2,0.0
15,200,0,dpga,rpn,0.05430376157164574,0.0,global_ddp_mean,2,0.0,0.6949790120124817,0.6949790120124817,0.0,0.0,0.0,0.0,0.0,0.0,0.0,0.0,0.0,0.0,0.0,0.0,0.0,1.0,1.0,0.0,0,0,0,0,0,0,0,0.0,0.0,0.2,0.0
15,200,0,dpga,roi_shared,0.05430376157164574,0.0,global_ddp_mean,2,0.0,1.6745325326919556,1.6745325326919556,0.0,0.0,0.0,0.0,0.0,0.0,0.0,0.0,0.0,0.0,0.0,0.0,0.0,1.0,1.0,0.0,0,0,0,0,0,0,0,0.0,0.0,0.2,0.0
15,200,0,dpga,roi_cls,0.05430376157164574,0.0,global_ddp_mean,2,0.0,1.4162073135375977,1.4162073135375977,0.0,0.0,0.0,0.0,0.0,0.0,0.0,0.0,0.0,0.0,0.0,0.0,0.0,1.0,1.0,0.0,0,0,0,0,0,0,0,0.0,0.0,0.2,0.0
15,200,0,dpga,roi_reg,0.05430376157164574,0.0,global_ddp_mean,2,0.0,0.811663031578064,0.811663031578064,0.0,0.0,0.0,0.0,0.0,0.0,0.0,0.0,0.0,0.0,0.0,0.0,0.0,1.0,1.0,0.0,0,0,0,0,0,0,0,0.0,0.0,0.2,0.0
15,300,0,dpga,backbone,0.9788768887519836,-0.0,global_ddp_mean,2,0.0,81.87101745605469,81.87101745605469,0.0,0.0,0.0,0.0,0.0,0.0,0.0,0.0,0.0,0.0,0.0,0.0,0.0,1.0,1.0,0.0,0,0,0,0,0,0,0,0.0,0.0,0.2,0.0
15,300,0,dpga,fpn,0.9788768887519836,-0.0,global_ddp_mean,2,0.0,9.84626293182373,9.84626293182373,0.0,0.0,0.0,0.0,0.0,0.0,0.0,0.0,0.0,0.0,0.0,0.0,0.0,1.0,1.0,0.0,0,0,0,0,0,0,0,0.0,0.0,0.2,0.0
15,300,0,dpga,rpn,0.9788768887519836,-0.0,global_ddp_mean,2,0.0,2.635122060775757,2.635122060775757,0.0,0.0,0.0,0.0,0.0,0.0,0.0,0.0,0.0,0.0,0.0,0.0,0.0,1.0,1.0,0.0,0,0,0,0,0,0,0,0.0,0.0,0.2,0.0
15,300,0,dpga,roi_shared,0.9788768887519836,-0.0,global_ddp_mean,2,0.0,21.284040451049805,21.284040451049805,0.0,0.0,0.0,0.0,0.0,0.0,0.0,0.0,0.0,0.0,0.0,0.0,0.0,1.0,1.0,0.0,0,0,0,0,0,0,0,0.0,0.0,0.2,0.0
15,300,0,dpga,roi_cls,0.9788768887519836,-0.0,global_ddp_mean,2,0.0,16.424301147460938,16.424301147460938,0.0,0.0,0.0,0.0,0.0,0.0,0.0,0.0,0.0,0.0,0.0,0.0,0.0,1.0,1.0,0.0,0,0,0,0,0,0,0,0.0,0.0,0.2,0.0
15,300,0,dpga,roi_reg,0.9788768887519836,-0.0,global_ddp_mean,2,0.0,7.903506278991699,7.903506278991699,0.0,0.0,0.0,0.0,0.0,0.0,0.0,0.0,0.0,0.0,0.0,0.0,0.0,1.0,1.0,0.0,0,0,0,0,0,0,0,0.0,0.0,0.2,0.0
15,400,0,dpga,backbone,0.3995400667190552,-0.0,global_ddp_mean,2,0.0,9.401816368103027,9.401816368103027,0.0,0.0,0.0,0.0,0.0,0.0,0.0,0.0,0.0,0.0,0.0,0.0,0.0,1.0,1.0,0.0,0,0,0,0,0,0,0,0.0,0.0,0.2,0.0
15,400,0,dpga,fpn,0.3995400667190552,-0.0,global_ddp_mean,2,0.0,1.564494013786316,1.564494013786316,0.0,0.0,0.0,0.0,0.0,0.0,0.0,0.0,0.0,0.0,0.0,0.0,0.0,1.0,1.0,0.0,0,0,0,0,0,0,0,0.0,0.0,0.2,0.0
15,400,0,dpga,rpn,0.3995400667190552,-0.0,global_ddp_mean,2,0.0,2.4714019298553467,2.4714019298553467,0.0,0.0,0.0,0.0,0.0,0.0,0.0,0.0,0.0,0.0,0.0,0.0,0.0,1.0,1.0,0.0,0,0,0,0,0,0,0,0.0,0.0,0.2,0.0
15,400,0,dpga,roi_shared,0.3995400667190552,-0.0,global_ddp_mean,2,0.0,2.289006233215332,2.289006233215332,0.0,0.0,0.0,0.0,0.0,0.0,0.0,0.0,0.0,0.0,0.0,0.0,0.0,1.0,1.0,0.0,0,0,0,0,0,0,0,0.0,0.0,0.2,0.0
15,400,0,dpga,roi_cls,0.3995400667190552,-0.0,global_ddp_mean,2,0.0,1.1028437614440918,1.1028437614440918,0.0,0.0,0.0,0.0,0.0,0.0,0.0,0.0,0.0,0.0,0.0,0.0,0.0,1.0,1.0,0.0,0,0,0,0,0,0,0,0.0,0.0,0.2,0.0
15,400,0,dpga,roi_reg,0.3995400667190552,-0.0,global_ddp_mean,2,0.0,2.2309494018554688,2.2309494018554688,0.0,0.0,0.0,0.0,0.0,0.0,0.0,0.0,0.0,0.0,0.0,0.0,0.0,1.0,1.0,0.0,0,0,0,0,0,0,0,0.0,0.0,0.2,0.0
15,500,0,dpga,backbone,0.18064361810684204,0.0,global_ddp_mean,2,0.0,7.645633220672607,7.645633220672607,0.0,0.0,0.0,0.0,0.0,0.0,0.0,0.0,0.0,0.0,0.0,0.0,0.0,1.0,1.0,0.0,0,0,0,0,0,0,0,0.0,0.0,0.2,0.0
15,500,0,dpga,fpn,0.18064361810684204,0.0,global_ddp_mean,2,0.0,1.3860681056976318,1.3860681056976318,0.0,0.0,0.0,0.0,0.0,0.0,0.0,0.0,0.0,0.0,0.0,0.0,0.0,1.0,1.0,0.0,0,0,0,0,0,0,0,0.0,0.0,0.2,0.0
15,500,0,dpga,rpn,0.18064361810684204,0.0,global_ddp_mean,2,0.0,1.4283922910690308,1.4283922910690308,0.0,0.0,0.0,0.0,0.0,0.0,0.0,0.0,0.0,0.0,0.0,0.0,0.0,1.0,1.0,0.0,0,0,0,0,0,0,0,0.0,0.0,0.2,0.0
15,500,0,dpga,roi_shared,0.18064361810684204,0.0,global_ddp_mean,2,0.0,3.2514684200286865,3.2514684200286865,0.0,0.0,0.0,0.0,0.0,0.0,0.0,0.0,0.0,0.0,0.0,0.0,0.0,1.0,1.0,0.0,0,0,0,0,0,0,0,0.0,0.0,0.2,0.0
15,500,0,dpga,roi_cls,0.18064361810684204,0.0,global_ddp_mean,2,0.0,2.0204575061798096,2.0204575061798096,0.0,0.0,0.0,0.0,0.0,0.0,0.0,0.0,0.0,0.0,0.0,0.0,0.0,1.0,1.0,0.0,0,0,0,0,0,0,0,0.0,0.0,0.2,0.0
15,500,0,dpga,roi_reg,0.18064361810684204,0.0,global_ddp_mean,2,0.0,2.3387513160705566,2.3387513160705566,0.0,0.0,0.0,0.0,0.0,0.0,0.0,0.0,0.0,0.0,0.0,0.0,0.0,1.0,1.0,0.0,0,0,0,0,0,0,0,0.0,0.0,0.2,0.0
15,600,0,dpga,backbone,0.009133473969995975,0.0,global_ddp_mean,2,0.10567232966423035,14.660440444946289,14.660440444946289,3.4007084369659424,3.4007084369659424,3.4007084369659424,3.4007084369659424,0.6801416975280894,3.4007084369659424,0.23196495696950403,0.23196495696950403,0.23196495696950403,0.04639299208521025,0.04639299208521025,0.004902455553738367,0.004902455553738367,1.0049024555537382,0.9989477917840816,2.6286124622366707,0,0,0,0,0,0,0,1.0,1.0,0.2,0.20000000298023224
15,600,0,dpga,fpn,0.009133473969995975,0.0,global_ddp_mean,2,0.016610966995358467,3.1504385471343994,3.1504385471343994,0.830228328704834,0.830228328704834,0.830228328704834,0.830228328704834,0.16604566821524003,0.830228328704834,0.26352786010061985,0.26352786010061985,0.26352786010061985,0.05270557280549819,0.05270557280549819,0.0008754905303435933,0.0008754905303435933,1.0008754905303436,0.9986167581014367,3.013955055595927,0,0,0,0,0,0,0,1.0,1.0,0.2,0.20000000298023224
15,600,0,dpga,rpn,0.009133473969995975,0.0,global_ddp_mean,2,0.0,1.3700624704360962,1.3700624704360962,0.0,0.0,0.0,0.0,0.0,0.0,0.0,0.0,0.0,0.0,0.0,0.0,0.0,1.0,1.0,0.0,0,0,0,0,0,0,0,0.0,0.0,0.2,0.0
15,600,0,dpga,roi_shared,0.009133473969995975,0.0,global_ddp_mean,2,0.0734141394495964,6.956120014190674,6.956120014190674,0.18304325640201569,0.18304325640201569,0.18304325640201569,0.18304325640201569,0.03660865182591455,0.18304325640201569,0.026313987686900523,0.026313987686900523,0.026313987686900523,0.0052627976158018995,0.0052627976158018995,0.0003863637580614841,0.0003863637580614841,1.0003863637580614,0.9999862469964128,0.3004947620040621,0,0,0,0,0,0,0,1.0,1.0,0.2,0.20000000298023224
15,600,0,dpga,roi_cls,0.009133473969995975,0.0,global_ddp_mean,2,0.0,3.8330190181732178,3.8330190181732178,0.0,0.0,0.0,0.0,0.0,0.0,0.0,0.0,0.0,0.0,0.0,0.0,0.0,1.0,1.0,0.0,0,0,0,0,0,0,0,0.0,0.0,0.2,0.0
15,600,0,dpga,roi_reg,0.009133473969995975,0.0,global_ddp_mean,2,0.4307998716831207,4.032073974609375,4.032073974609375,0.23324143886566162,0.23324143886566162,0.23324143886566162,0.23324143886566162,0.04664828846824598,0.23324143886566162,0.05784651778078003,0.05784651778078003,0.05784651778078003,0.011569303728552064,0.011569303728552064,0.004984054561723279,0.004984054561723279,1.0049840545617232,0.999946052369978,0.5951490817903666,0,0,0,0,0,0,0,1.0,1.0,0.2,0.20000000298023224
15,700,0,dpga,backbone,0.050898805260658264,0.0,global_ddp_mean,2,0.0,5.1160054206848145,5.1160054206848145,0.0,0.0,0.0,0.0,0.0,0.0,0.0,0.0,0.0,0.0,0.0,0.0,0.0,1.0,1.0,0.0,0,0,0,0,0,0,0,0.0,0.0,0.2,0.0
15,700,0,dpga,fpn,0.050898805260658264,0.0,global_ddp_mean,2,0.0,1.023687720298767,1.023687720298767,0.0,0.0,0.0,0.0,0.0,0.0,0.0,0.0,0.0,0.0,0.0,0.0,0.0,1.0,1.0,0.0,0,0,0,0,0,0,0,0.0,0.0,0.2,0.0
15,700,0,dpga,rpn,0.050898805260658264,0.0,global_ddp_mean,2,0.0,0.9931210875511169,0.9931210875511169,0.0,0.0,0.0,0.0,0.0,0.0,0.0,0.0,0.0,0.0,0.0,0.0,0.0,1.0,1.0,0.0,0,0,0,0,0,0,0,0.0,0.0,0.2,0.0
15,700,0,dpga,roi_shared,0.050898805260658264,0.0,global_ddp_mean,2,0.0,2.2169601917266846,2.2169601917266846,0.0,0.0,0.0,0.0,0.0,0.0,0.0,0.0,0.0,0.0,0.0,0.0,0.0,1.0,1.0,0.0,0,0,0,0,0,0,0,0.0,0.0,0.2,0.0
15,700,0,dpga,roi_cls,0.050898805260658264,0.0,global_ddp_mean,2,0.0,1.6905790567398071,1.6905790567398071,0.0,0.0,0.0,0.0,0.0,0.0,0.0,0.0,0.0,0.0,0.0,0.0,0.0,1.0,1.0,0.0,0,0,0,0,0,0,0,0.0,0.0,0.2,0.0
15,700,0,dpga,roi_reg,0.050898805260658264,0.0,global_ddp_mean,2,0.0,1.6969811916351318,1.6969811916351318,0.0,0.0,0.0,0.0,0.0,0.0,0.0,0.0,0.0,0.0,0.0,0.0,0.0,1.0,1.0,0.0,0,0,0,0,0,0,0,0.0,0.0,0.2,0.0
15,800,0,dpga,backbone,0.13801749050617218,0.0,global_ddp_mean,2,0.0,4.305350303649902,4.305350303649902,0.0,0.0,0.0,0.0,0.0,0.0,0.0,0.0,0.0,0.0,0.0,0.0,0.0,1.0,1.0,0.0,0,0,0,0,0,0,0,0.0,0.0,0.2,0.0
15,800,0,dpga,fpn,0.13801749050617218,0.0,global_ddp_mean,2,0.0,0.6831106543540955,0.6831106543540955,0.0,0.0,0.0,0.0,0.0,0.0,0.0,0.0,0.0,0.0,0.0,0.0,0.0,1.0,1.0,0.0,0,0,0,0,0,0,0,0.0,0.0,0.2,0.0
15,800,0,dpga,rpn,0.13801749050617218,0.0,global_ddp_mean,2,0.0,1.153925895690918,1.153925895690918,0.0,0.0,0.0,0.0,0.0,0.0,0.0,0.0,0.0,0.0,0.0,0.0,0.0,1.0,1.0,0.0,0,0,0,0,0,0,0,0.0,0.0,0.2,0.0
15,800,0,dpga,roi_shared,0.13801749050617218,0.0,global_ddp_mean,2,0.0,1.0934183597564697,1.0934183597564697,0.0,0.0,0.0,0.0,0.0,0.0,0.0,0.0,0.0,0.0,0.0,0.0,0.0,1.0,1.0,0.0,0,0,0,0,0,0,0,0.0,0.0,0.2,0.0
15,800,0,dpga,roi_cls,0.13801749050617218,0.0,global_ddp_mean,2,0.0,0.4658982455730438,0.4658982455730438,0.0,0.0,0.0,0.0,0.0,0.0,0.0,0.0,0.0,0.0,0.0,0.0,0.0,1.0,1.0,0.0,0,0,0,0,0,0,0,0.0,0.0,0.2,0.0
15,800,0,dpga,roi_reg,0.13801749050617218,0.0,global_ddp_mean,2,0.0,1.598266363143921,1.598266363143921,0.0,0.0,0.0,0.0,0.0,0.0,0.0,0.0,0.0,0.0,0.0,0.0,0.0,1.0,1.0,0.0,0,0,0,0,0,0,0,0.0,0.0,0.2,0.0
15,900,0,dpga,backbone,0.01581091247498989,0.0,global_ddp_mean,2,0.0,16.029409408569336,16.029409408569336,0.0,0.0,0.0,0.0,0.0,0.0,0.0,0.0,0.0,0.0,0.0,0.0,0.0,1.0,1.0,0.0,0,0,0,0,0,0,0,0.0,0.0,0.2,0.0
15,900,0,dpga,fpn,0.01581091247498989,0.0,global_ddp_mean,2,0.0,1.02689528465271,1.02689528465271,0.0,0.0,0.0,0.0,0.0,0.0,0.0,0.0,0.0,0.0,0.0,0.0,0.0,1.0,1.0,0.0,0,0,0,0,0,0,0,0.0,0.0,0.2,0.0
15,900,0,dpga,rpn,0.01581091247498989,0.0,global_ddp_mean,2,0.0,2.2263271808624268,2.2263271808624268,0.0,0.0,0.0,0.0,0.0,0.0,0.0,0.0,0.0,0.0,0.0,0.0,0.0,1.0,1.0,0.0,0,0,0,0,0,0,0,0.0,0.0,0.2,0.0
15,900,0,dpga,roi_shared,0.01581091247498989,0.0,global_ddp_mean,2,0.0,1.9641258716583252,1.9641258716583252,0.0,0.0,0.0,0.0,0.0,0.0,0.0,0.0,0.0,0.0,0.0,0.0,0.0,1.0,1.0,0.0,0,0,0,0,0,0,0,0.0,0.0,0.2,0.0
15,900,0,dpga,roi_cls,0.01581091247498989,0.0,global_ddp_mean,2,0.0,1.4671963453292847,1.4671963453292847,0.0,0.0,0.0,0.0,0.0,0.0,0.0,0.0,0.0,0.0,0.0,0.0,0.0,1.0,1.0,0.0,0,0,0,0,0,0,0,0.0,0.0,0.2,0.0
15,900,0,dpga,roi_reg,0.01581091247498989,0.0,global_ddp_mean,2,0.0,1.327337622642517,1.327337622642517,0.0,0.0,0.0,0.0,0.0,0.0,0.0,0.0,0.0,0.0,0.0,0.0,0.0,1.0,1.0,0.0,0,0,0,0,0,0,0,0.0,0.0,0.2,0.0
15,1000,0,dpga,backbone,0.15469178557395935,0.0,global_ddp_mean,2,0.0,7.700226306915283,7.700226306915283,0.0,0.0,0.0,0.0,0.0,0.0,0.0,0.0,0.0,0.0,0.0,0.0,0.0,1.0,1.0,0.0,0,0,0,0,0,0,0,0.0,0.0,0.2,0.0
15,1000,0,dpga,fpn,0.15469178557395935,0.0,global_ddp_mean,2,0.0,1.320076823234558,1.320076823234558,0.0,0.0,0.0,0.0,0.0,0.0,0.0,0.0,0.0,0.0,0.0,0.0,0.0,1.0,1.0,0.0,0,0,0,0,0,0,0,0.0,0.0,0.2,0.0
15,1000,0,dpga,rpn,0.15469178557395935,0.0,global_ddp_mean,2,0.0,1.3095946311950684,1.3095946311950684,0.0,0.0,0.0,0.0,0.0,0.0,0.0,0.0,0.0,0.0,0.0,0.0,0.0,1.0,1.0,0.0,0,0,0,0,0,0,0,0.0,0.0,0.2,0.0
15,1000,0,dpga,roi_shared,0.15469178557395935,0.0,global_ddp_mean,2,0.0,2.545944929122925,2.545944929122925,0.0,0.0,0.0,0.0,0.0,0.0,0.0,0.0,0.0,0.0,0.0,0.0,0.0,1.0,1.0,0.0,0,0,0,0,0,0,0,0.0,0.0,0.2,0.0
15,1000,0,dpga,roi_cls,0.15469178557395935,0.0,global_ddp_mean,2,0.0,1.7546683549880981,1.7546683549880981,0.0,0.0,0.0,0.0,0.0,0.0,0.0,0.0,0.0,0.0,0.0,0.0,0.0,1.0,1.0,0.0,0,0,0,0,0,0,0,0.0,0.0,0.2,0.0
15,1000,0,dpga,roi_reg,0.15469178557395935,0.0,global_ddp_mean,2,0.0,1.1222947835922241,1.1222947835922241,0.0,0.0,0.0,0.0,0.0,0.0,0.0,0.0,0.0,0.0,0.0,0.0,0.0,1.0,1.0,0.0,0,0,0,0,0,0,0,0.0,0.0,0.2,0.0
15,1100,0,dpga,backbone,0.24471433460712433,0.0,global_ddp_mean,2,0.0,12.61839485168457,12.61839485168457,0.0,0.0,0.0,0.0,0.0,0.0,0.0,0.0,0.0,0.0,0.0,0.0,0.0,1.0,1.0,0.0,0,0,0,0,0,0,0,0.0,0.0,0.2,0.0
15,1100,0,dpga,fpn,0.24471433460712433,0.0,global_ddp_mean,2,0.0,1.8778951168060303,1.8778951168060303,0.0,0.0,0.0,0.0,0.0,0.0,0.0,0.0,0.0,0.0,0.0,0.0,0.0,1.0,1.0,0.0,0,0,0,0,0,0,0,0.0,0.0,0.2,0.0
15,1100,0,dpga,rpn,0.24471433460712433,0.0,global_ddp_mean,2,0.0,2.998840093612671,2.998840093612671,0.0,0.0,0.0,0.0,0.0,0.0,0.0,0.0,0.0,0.0,0.0,0.0,0.0,1.0,1.0,0.0,0,0,0,0,0,0,0,0.0,0.0,0.2,0.0
15,1100,0,dpga,roi_shared,0.24471433460712433,0.0,global_ddp_mean,2,0.0,4.199380397796631,4.199380397796631,0.0,0.0,0.0,0.0,0.0,0.0,0.0,0.0,0.0,0.0,0.0,0.0,0.0,1.0,1.0,0.0,0,0,0,0,0,0,0,0.0,0.0,0.2,0.0
15,1100,0,dpga,roi_cls,0.24471433460712433,0.0,global_ddp_mean,2,0.0,2.2282726764678955,2.2282726764678955,0.0,0.0,0.0,0.0,0.0,0.0,0.0,0.0,0.0,0.0,0.0,0.0,0.0,1.0,1.0,0.0,0,0,0,0,0,0,0,0.0,0.0,0.2,0.0
15,1100,0,dpga,roi_reg,0.24471433460712433,0.0,global_ddp_mean,2,0.0,3.6804659366607666,3.6804659366607666,0.0,0.0,0.0,0.0,0.0,0.0,0.0,0.0,0.0,0.0,0.0,0.0,0.0,1.0,1.0,0.0,0,0,0,0,0,0,0,0.0,0.0,0.2,0.0
15,1200,0,dpga,backbone,0.08747577667236328,-0.0,global_ddp_mean,2,0.0,18.34572982788086,18.34572982788086,0.0,0.0,0.0,0.0,0.0,0.0,0.0,0.0,0.0,0.0,0.0,0.0,0.0,1.0,1.0,0.0,0,0,0,0,0,0,0,0.0,0.0,0.2,0.0
15,1200,0,dpga,fpn,0.08747577667236328,-0.0,global_ddp_mean,2,0.0,3.9012935161590576,3.9012935161590576,0.0,0.0,0.0,0.0,0.0,0.0,0.0,0.0,0.0,0.0,0.0,0.0,0.0,1.0,1.0,0.0,0,0,0,0,0,0,0,0.0,0.0,0.2,0.0
15,1200,0,dpga,rpn,0.08747577667236328,-0.0,global_ddp_mean,2,0.0,6.558284282684326,6.558284282684326,0.0,0.0,0.0,0.0,0.0,0.0,0.0,0.0,0.0,0.0,0.0,0.0,0.0,1.0,1.0,0.0,0,0,0,0,0,0,0,0.0,0.0,0.2,0.0
15,1200,0,dpga,roi_shared,0.08747577667236328,-0.0,global_ddp_mean,2,0.0,3.768867254257202,3.768867254257202,0.0,0.0,0.0,0.0,0.0,0.0,0.0,0.0,0.0,0.0,0.0,0.0,0.0,1.0,1.0,0.0,0,0,0,0,0,0,0,0.0,0.0,0.2,0.0
15,1200,0,dpga,roi_cls,0.08747577667236328,-0.0,global_ddp_mean,2,0.0,2.146137237548828,2.146137237548828,0.0,0.0,0.0,0.0,0.0,0.0,0.0,0.0,0.0,0.0,0.0,0.0,0.0,1.0,1.0,0.0,0,0,0,0,0,0,0,0.0,0.0,0.2,0.0
15,1200,0,dpga,roi_reg,0.08747577667236328,-0.0,global_ddp_mean,2,0.0,1.511069655418396,1.511069655418396,0.0,0.0,0.0,0.0,0.0,0.0,0.0,0.0,0.0,0.0,0.0,0.0,0.0,1.0,1.0,0.0,0,0,0,0,0,0,0,0.0,0.0,0.2,0.0
15,1300,0,dpga,backbone,0.19471201300621033,-0.0,global_ddp_mean,2,-0.019335227087140083,7.426966190338135,7.426966190338135,9.50232219696045,9.50232219696045,9.500545501708984,9.500545501708984,1.9001091286556289,9.500545501708984,1.2794352301377352,1.2791960079296447,1.2791960079296447,0.25583920539823013,0.25583920539823013,7.091311643891429e-10,7.091311643891429e-10,1.0000000007091312,0.9687968646056603,14.35068208215334,1,1,0,0,0,1,0,1.0,1.0,0.2,0.20000000298023224
15,1300,0,dpga,fpn,0.19471201300621033,-0.0,global_ddp_mean,2,-0.12500645220279694,1.4125920534133911,1.4125920534133911,2.6695504188537598,2.6695504188537598,2.6486105918884277,2.6486105918884277,0.5297221262711602,2.6486105918884277,1.8898240383011153,1.875000348110637,1.875000348110637,0.37500007521006384,0.37500007521006384,3.4418944603021753e-09,3.4418944603021753e-09,1.0000000034418945,0.9363292440945153,20.5560343640574,1,1,0,0,0,1,0,1.0,1.0,0.2,0.20000000298023224
15,1300,0,dpga,rpn,0.19471201300621033,-0.0,global_ddp_mean,2,0.0,0.9269930720329285,0.9269930720329285,0.0,0.0,0.0,0.0,0.0,0.0,0.0,0.0,0.0,0.0,0.0,0.0,0.0,1.0,1.0,0.0,0,0,0,0,0,0,0,0.0,0.0,0.2,0.0
15,1300,0,dpga,roi_shared,0.19471201300621033,-0.0,global_ddp_mean,2,-0.03705575317144394,3.172407388687134,3.172407388687134,0.9631955623626709,0.9631955623626709,0.9625340104103088,0.9625340104103088,0.19250680495063666,0.9625340104103088,0.3036166054200494,0.3034080723184304,0.3034080723184304,0.0606816153679126,0.0606816153679126,-3.2159879065836137e-10,-3.2159879065836137e-10,0.9999999996784011,0.9981639867294554,3.4724980306926034,1,0,0,0,0,1,0,1.0,1.0,0.2,0.20000000298023224
15,1300,0,dpga,roi_cls,0.19471201300621033,-0.0,global_ddp_mean,2,0.0,2.4949939250946045,2.4949939250946045,0.0,0.0,0.0,0.0,0.0,0.0,0.0,0.0,0.0,0.0,0.0,0.0,0.0,1.0,1.0,0.0,0,0,0,0,0,0,0,0.0,0.0,0.2,0.0
15,1300,0,dpga,roi_reg,0.19471201300621033,-0.0,global_ddp_mean,2,-0.11575925350189209,1.022283911705017,1.022283911705017,1.3223905563354492,1.3223905563354492,1.3135005235671997,1.3135005235671997,0.26270010862797655,1.3135005235671997,1.2935648709661283,1.2848686245844139,1.2848686245844139,0.25697372874608965,0.25697372874608965,4.273926630218282e-10,4.273926630218282e-10,1.0000000004273928,0.9685324119656689,14.411687480819305,1,1,0,0,0,1,0,1.0,1.0,0.2,0.20000000298023224
15,1400,0,dpga,backbone,0.24751527607440948,0.0,global_ddp_mean,2,0.0,4.499598979949951,4.499598979949951,0.0,0.0,0.0,0.0,0.0,0.0,0.0,0.0,0.0,0.0,0.0,0.0,0.0,1.0,1.0,0.0,0,0,0,0,0,0,0,0.0,0.0,0.2,0.0
15,1400,0,dpga,fpn,0.24751527607440948,0.0,global_ddp_mean,2,0.0,0.9112973213195801,0.9112973213195801,0.0,0.0,0.0,0.0,0.0,0.0,0.0,0.0,0.0,0.0,0.0,0.0,0.0,1.0,1.0,0.0,0,0,0,0,0,0,0,0.0,0.0,0.2,0.0
15,1400,0,dpga,rpn,0.24751527607440948,0.0,global_ddp_mean,2,0.0,0.9515898823738098,0.9515898823738098,0.0,0.0,0.0,0.0,0.0,0.0,0.0,0.0,0.0,0.0,0.0,0.0,0.0,1.0,1.0,0.0,0,0,0,0,0,0,0,0.0,0.0,0.2,0.0
15,1400,0,dpga,roi_shared,0.24751527607440948,0.0,global_ddp_mean,2,0.0,2.01729154586792,2.01729154586792,0.0,0.0,0.0,0.0,0.0,0.0,0.0,0.0,0.0,0.0,0.0,0.0,0.0,1.0,1.0,0.0,0,0,0,0,0,0,0,0.0,0.0,0.2,0.0
15,1400,0,dpga,roi_cls,0.24751527607440948,0.0,global_ddp_mean,2,0.0,1.1509441137313843,1.1509441137313843,0.0,0.0,0.0,0.0,0.0,0.0,0.0,0.0,0.0,0.0,0.0,0.0,0.0,1.0,1.0,0.0,0,0,0,0,0,0,0,0.0,0.0,0.2,0.0
15,1400,0,dpga,roi_reg,0.24751527607440948,0.0,global_ddp_mean,2,0.0,1.9674185514450073,1.9674185514450073,0.0,0.0,0.0,0.0,0.0,0.0,0.0,0.0,0.0,0.0,0.0,0.0,0.0,1.0,1.0,0.0,0,0,0,0,0,0,0,0.0,0.0,0.2,0.0
16,0,0,dpga,backbone,0.7557486891746521,-0.0,global_ddp_mean,2,0.0,32.75261688232422,32.75261688232422,0.0,0.0,0.0,0.0,0.0,0.0,0.0,0.0,0.0,0.0,0.0,0.0,0.0,1.0,1.0,0.0,0,0,0,0,0,0,0,0.0,0.0,0.2,0.0
16,0,0,dpga,fpn,0.7557486891746521,-0.0,global_ddp_mean,2,0.0,8.076108932495117,8.076108932495117,0.0,0.0,0.0,0.0,0.0,0.0,0.0,0.0,0.0,0.0,0.0,0.0,0.0,1.0,1.0,0.0,0,0,0,0,0,0,0,0.0,0.0,0.2,0.0
16,0,0,dpga,rpn,0.7557486891746521,-0.0,global_ddp_mean,2,0.0,5.548140048980713,5.548140048980713,0.0,0.0,0.0,0.0,0.0,0.0,0.0,0.0,0.0,0.0,0.0,0.0,0.0,1.0,1.0,0.0,0,0,0,0,0,0,0,0.0,0.0,0.2,0.0
16,0,0,dpga,roi_shared,0.7557486891746521,-0.0,global_ddp_mean,2,0.0,16.20221710205078,16.20221710205078,0.0,0.0,0.0,0.0,0.0,0.0,0.0,0.0,0.0,0.0,0.0,0.0,0.0,1.0,1.0,0.0,0,0,0,0,0,0,0,0.0,0.0,0.2,0.0
16,0,0,dpga,roi_cls,0.7557486891746521,-0.0,global_ddp_mean,2,0.0,13.907155990600586,13.907155990600586,0.0,0.0,0.0,0.0,0.0,0.0,0.0,0.0,0.0,0.0,0.0,0.0,0.0,1.0,1.0,0.0,0,0,0,0,0,0,0,0.0,0.0,0.2,0.0
16,0,0,dpga,roi_reg,0.7557486891746521,-0.0,global_ddp_mean,2,0.0,9.125743865966797,9.125743865966797,0.0,0.0,0.0,0.0,0.0,0.0,0.0,0.0,0.0,0.0,0.0,0.0,0.0,1.0,1.0,0.0,0,0,0,0,0,0,0,0.0,0.0,0.2,0.0
16,100,0,dpga,backbone,0.1023295447230339,-0.0,global_ddp_mean,2,0.0,3.2190396785736084,3.2190396785736084,0.0,0.0,0.0,0.0,0.0,0.0,0.0,0.0,0.0,0.0,0.0,0.0,0.0,1.0,1.0,0.0,0,0,0,0,0,0,0,0.0,0.0,0.2,0.0
16,100,0,dpga,fpn,0.1023295447230339,-0.0,global_ddp_mean,2,0.0,0.609228253364563,0.609228253364563,0.0,0.0,0.0,0.0,0.0,0.0,0.0,0.0,0.0,0.0,0.0,0.0,0.0,1.0,1.0,0.0,0,0,0,0,0,0,0,0.0,0.0,0.2,0.0
16,100,0,dpga,rpn,0.1023295447230339,-0.0,global_ddp_mean,2,0.0,1.0113329887390137,1.0113329887390137,0.0,0.0,0.0,0.0,0.0,0.0,0.0,0.0,0.0,0.0,0.0,0.0,0.0,1.0,1.0,0.0,0,0,0,0,0,0,0,0.0,0.0,0.2,0.0
16,100,0,dpga,roi_shared,0.1023295447230339,-0.0,global_ddp_mean,2,0.0,0.9019674062728882,0.9019674062728882,0.0,0.0,0.0,0.0,0.0,0.0,0.0,0.0,0.0,0.0,0.0,0.0,0.0,1.0,1.0,0.0,0,0,0,0,0,0,0,0.0,0.0,0.2,0.0
16,100,0,dpga,roi_cls,0.1023295447230339,-0.0,global_ddp_mean,2,0.0,0.7137200832366943,0.7137200832366943,0.0,0.0,0.0,0.0,0.0,0.0,0.0,0.0,0.0,0.0,0.0,0.0,0.0,1.0,1.0,0.0,0,0,0,0,0,0,0,0.0,0.0,0.2,0.0
16,100,0,dpga,roi_reg,0.1023295447230339,-0.0,global_ddp_mean,2,0.0,0.08385689556598663,0.08385689556598663,0.0,0.0,0.0,0.0,0.0,0.0,0.0,0.0,0.0,0.0,0.0,0.0,0.0,1.0,1.0,0.0,0,0,0,0,0,0,0,0.0,0.0,0.2,0.0
16,200,0,dpga,backbone,0.23945863544940948,-0.0,global_ddp_mean,2,0.0,10.098665237426758,10.098665237426758,0.0,0.0,0.0,0.0,0.0,0.0,0.0,0.0,0.0,0.0,0.0,0.0,0.0,1.0,1.0,0.0,0,0,0,0,0,0,0,0.0,0.0,0.2,0.0
16,200,0,dpga,fpn,0.23945863544940948,-0.0,global_ddp_mean,2,0.0,1.846143126487732,1.846143126487732,0.0,0.0,0.0,0.0,0.0,0.0,0.0,0.0,0.0,0.0,0.0,0.0,0.0,1.0,1.0,0.0,0,0,0,0,0,0,0,0.0,0.0,0.2,0.0
16,200,0,dpga,rpn,0.23945863544940948,-0.0,global_ddp_mean,2,0.0,2.825259208679199,2.825259208679199,0.0,0.0,0.0,0.0,0.0,0.0,0.0,0.0,0.0,0.0,0.0,0.0,0.0,1.0,1.0,0.0,0,0,0,0,0,0,0,0.0,0.0,0.2,0.0
16,200,0,dpga,roi_shared,0.23945863544940948,-0.0,global_ddp_mean,2,0.0,3.780134439468384,3.780134439468384,0.0,0.0,0.0,0.0,0.0,0.0,0.0,0.0,0.0,0.0,0.0,0.0,0.0,1.0,1.0,0.0,0,0,0,0,0,0,0,0.0,0.0,0.2,0.0
16,200,0,dpga,roi_cls,0.23945863544940948,-0.0,global_ddp_mean,2,0.0,2.790006160736084,2.790006160736084,0.0,0.0,0.0,0.0,0.0,0.0,0.0,0.0,0.0,0.0,0.0,0.0,0.0,1.0,1.0,0.0,0,0,0,0,0,0,0,0.0,0.0,0.2,0.0
16,200,0,dpga,roi_reg,0.23945863544940948,-0.0,global_ddp_mean,2,0.0,3.3841214179992676,3.3841214179992676,0.0,0.0,0.0,0.0,0.0,0.0,0.0,0.0,0.0,0.0,0.0,0.0,0.0,1.0,1.0,0.0,0,0,0,0,0,0,0,0.0,0.0,0.2,0.0
16,300,0,dpga,backbone,0.0033830890897661448,0.0,global_ddp_mean,2,0.0,2.42496395111084,2.42496395111084,0.0,0.0,0.0,0.0,0.0,0.0,0.0,0.0,0.0,0.0,0.0,0.0,0.0,1.0,1.0,0.0,0,0,0,0,0,0,0,0.0,0.0,0.2,0.0
16,300,0,dpga,fpn,0.0033830890897661448,0.0,global_ddp_mean,2,0.0,0.1963169425725937,0.1963169425725937,0.0,0.0,0.0,0.0,0.0,0.0,0.0,0.0,0.0,0.0,0.0,0.0,0.0,1.0,1.0,0.0,0,0,0,0,0,0,0,0.0,0.0,0.2,0.0
16,300,0,dpga,rpn,0.0033830890897661448,0.0,global_ddp_mean,2,0.0,0.42583346366882324,0.42583346366882324,0.0,0.0,0.0,0.0,0.0,0.0,0.0,0.0,0.0,0.0,0.0,0.0,0.0,1.0,1.0,0.0,0,0,0,0,0,0,0,0.0,0.0,0.2,0.0
16,300,0,dpga,roi_shared,0.0033830890897661448,0.0,global_ddp_mean,2,0.0,0.0,0.0,0.0,0.0,0.0,0.0,0.0,0.0,0.0,0.0,0.0,0.0,0.0,0.0,0.0,0.0,0.0,90.0,0,0,0,0,0,0,0,0.0,0.0,0.2,0.0
16,300,0,dpga,roi_cls,0.0033830890897661448,0.0,global_ddp_mean,2,0.0,0.0,0.0,0.0,0.0,0.0,0.0,0.0,0.0,0.0,0.0,0.0,0.0,0.0,0.0,0.0,0.0,0.0,90.0,0,0,0,0,0,0,0,0.0,0.0,0.2,0.0
16,300,0,dpga,roi_reg,0.0033830890897661448,0.0,global_ddp_mean,2,0.0,0.0,0.0,0.0,0.0,0.0,0.0,0.0,0.0,0.0,0.0,0.0,0.0,0.0,0.0,0.0,0.0,0.0,90.0,0,0,0,0,0,0,0,0.0,0.0,0.2,0.0
16,400,0,dpga,backbone,0.004735447466373444,0.0,global_ddp_mean,2,0.0,2.555633068084717,2.555633068084717,0.0,0.0,0.0,0.0,0.0,0.0,0.0,0.0,0.0,0.0,0.0,0.0,0.0,1.0,1.0,0.0,0,0,0,0,0,0,0,0.0,0.0,0.2,0.0
16,400,0,dpga,fpn,0.004735447466373444,0.0,global_ddp_mean,2,0.0,0.347774863243103,0.347774863243103,0.0,0.0,0.0,0.0,0.0,0.0,0.0,0.0,0.0,0.0,0.0,0.0,0.0,1.0,1.0,0.0,0,0,0,0,0,0,0,0.0,0.0,0.2,0.0
16,400,0,dpga,rpn,0.004735447466373444,0.0,global_ddp_mean,2,0.0,0.3860871195793152,0.3860871195793152,0.0,0.0,0.0,0.0,0.0,0.0,0.0,0.0,0.0,0.0,0.0,0.0,0.0,1.0,1.0,0.0,0,0,0,0,0,0,0,0.0,0.0,0.2,0.0
16,400,0,dpga,roi_shared,0.004735447466373444,0.0,global_ddp_mean,2,0.0,0.4740278720855713,0.4740278720855713,0.0,0.0,0.0,0.0,0.0,0.0,0.0,0.0,0.0,0.0,0.0,0.0,0.0,1.0,1.0,0.0,0,0,0,0,0,0,0,0.0,0.0,0.2,0.0
16,400,0,dpga,roi_cls,0.004735447466373444,0.0,global_ddp_mean,2,0.0,0.4553920030593872,0.4553920030593872,0.0,0.0,0.0,0.0,0.0,0.0,0.0,0.0,0.0,0.0,0.0,0.0,0.0,1.0,1.0,0.0,0,0,0,0,0,0,0,0.0,0.0,0.2,0.0
16,400,0,dpga,roi_reg,0.004735447466373444,0.0,global_ddp_mean,2,0.0,0.0,0.0,0.0,0.0,0.0,0.0,0.0,0.0,0.0,0.0,0.0,0.0,0.0,0.0,0.0,0.0,0.0,90.0,0,0,0,0,0,0,0,0.0,0.0,0.2,0.0
16,500,0,dpga,backbone,0.35290223360061646,0.0,global_ddp_mean,2,0.0,20.46923828125,20.46923828125,0.0,0.0,0.0,0.0,0.0,0.0,0.0,0.0,0.0,0.0,0.0,0.0,0.0,1.0,1.0,0.0,0,0,0,0,0,0,0,0.0,0.0,0.2,0.0
16,500,0,dpga,fpn,0.35290223360061646,0.0,global_ddp_mean,2,0.0,2.540109395980835,2.540109395980835,0.0,0.0,0.0,0.0,0.0,0.0,0.0,0.0,0.0,0.0,0.0,0.0,0.0,1.0,1.0,0.0,0,0,0,0,0,0,0,0.0,0.0,0.2,0.0
16,500,0,dpga,rpn,0.35290223360061646,0.0,global_ddp_mean,2,0.0,5.09814453125,5.09814453125,0.0,0.0,0.0,0.0,0.0,0.0,0.0,0.0,0.0,0.0,0.0,0.0,0.0,1.0,1.0,0.0,0,0,0,0,0,0,0,0.0,0.0,0.2,0.0
16,500,0,dpga,roi_shared,0.35290223360061646,0.0,global_ddp_mean,2,0.0,4.624841213226318,4.624841213226318,0.0,0.0,0.0,0.0,0.0,0.0,0.0,0.0,0.0,0.0,0.0,0.0,0.0,1.0,1.0,0.0,0,0,0,0,0,0,0,0.0,0.0,0.2,0.0
16,500,0,dpga,roi_cls,0.35290223360061646,0.0,global_ddp_mean,2,0.0,3.0265188217163086,3.0265188217163086,0.0,0.0,0.0,0.0,0.0,0.0,0.0,0.0,0.0,0.0,0.0,0.0,0.0,1.0,1.0,0.0,0,0,0,0,0,0,0,0.0,0.0,0.2,0.0
16,500,0,dpga,roi_reg,0.35290223360061646,0.0,global_ddp_mean,2,0.0,2.864281177520752,2.864281177520752,0.0,0.0,0.0,0.0,0.0,0.0,0.0,0.0,0.0,0.0,0.0,0.0,0.0,1.0,1.0,0.0,0,0,0,0,0,0,0,0.0,0.0,0.2,0.0
16,600,0,dpga,backbone,0.12104789167642593,-0.0,global_ddp_mean,2,0.0,5.5407843589782715,5.5407843589782715,0.0,0.0,0.0,0.0,0.0,0.0,0.0,0.0,0.0,0.0,0.0,0.0,0.0,1.0,1.0,0.0,0,0,0,0,0,0,0,0.0,0.0,0.2,0.0
16,600,0,dpga,fpn,0.12104789167642593,-0.0,global_ddp_mean,2,0.0,1.1723190546035767,1.1723190546035767,0.0,0.0,0.0,0.0,0.0,0.0,0.0,0.0,0.0,0.0,0.0,0.0,0.0,1.0,1.0,0.0,0,0,0,0,0,0,0,0.0,0.0,0.2,0.0
16,600,0,dpga,rpn,0.12104789167642593,-0.0,global_ddp_mean,2,0.0,1.6405408382415771,1.6405408382415771,0.0,0.0,0.0,0.0,0.0,0.0,0.0,0.0,0.0,0.0,0.0,0.0,0.0,1.0,1.0,0.0,0,0,0,0,0,0,0,0.0,0.0,0.2,0.0
16,600,0,dpga,roi_shared,0.12104789167642593,-0.0,global_ddp_mean,2,0.0,2.8688735961914062,2.8688735961914062,0.0,0.0,0.0,0.0,0.0,0.0,0.0,0.0,0.0,0.0,0.0,0.0,0.0,1.0,1.0,0.0,0,0,0,0,0,0,0,0.0,0.0,0.2,0.0
16,600,0,dpga,roi_cls,0.12104789167642593,-0.0,global_ddp_mean,2,0.0,1.9521803855895996,1.9521803855895996,0.0,0.0,0.0,0.0,0.0,0.0,0.0,0.0,0.0,0.0,0.0,0.0,0.0,1.0,1.0,0.0,0,0,0,0,0,0,0,0.0,0.0,0.2,0.0
16,600,0,dpga,roi_reg,0.12104789167642593,-0.0,global_ddp_mean,2,0.0,1.6744898557662964,1.6744898557662964,0.0,0.0,0.0,0.0,0.0,0.0,0.0,0.0,0.0,0.0,0.0,0.0,0.0,1.0,1.0,0.0,0,0,0,0,0,0,0,0.0,0.0,0.2,0.0
16,700,0,dpga,backbone,0.4114208221435547,-0.0,global_ddp_mean,2,0.0,14.867807388305664,14.867807388305664,0.0,0.0,0.0,0.0,0.0,0.0,0.0,0.0,0.0,0.0,0.0,0.0,0.0,1.0,1.0,0.0,0,0,0,0,0,0,0,0.0,0.0,0.2,0.0
16,700,0,dpga,fpn,0.4114208221435547,-0.0,global_ddp_mean,2,0.0,2.7739763259887695,2.7739763259887695,0.0,0.0,0.0,0.0,0.0,0.0,0.0,0.0,0.0,0.0,0.0,0.0,0.0,1.0,1.0,0.0,0,0,0,0,0,0,0,0.0,0.0,0.2,0.0
16,700,0,dpga,rpn,0.4114208221435547,-0.0,global_ddp_mean,2,0.0,7.415074348449707,7.415074348449707,0.0,0.0,0.0,0.0,0.0,0.0,0.0,0.0,0.0,0.0,0.0,0.0,0.0,1.0,1.0,0.0,0,0,0,0,0,0,0,0.0,0.0,0.2,0.0
16,700,0,dpga,roi_shared,0.4114208221435547,-0.0,global_ddp_mean,2,0.0,1.6728461980819702,1.6728461980819702,0.0,0.0,0.0,0.0,0.0,0.0,0.0,0.0,0.0,0.0,0.0,0.0,0.0,1.0,1.0,0.0,0,0,0,0,0,0,0,0.0,0.0,0.2,0.0
16,700,0,dpga,roi_cls,0.4114208221435547,-0.0,global_ddp_mean,2,0.0,0.9991162419319153,0.9991162419319153,0.0,0.0,0.0,0.0,0.0,0.0,0.0,0.0,0.0,0.0,0.0,0.0,0.0,1.0,1.0,0.0,0,0,0,0,0,0,0,0.0,0.0,0.2,0.0
16,700,0,dpga,roi_reg,0.4114208221435547,-0.0,global_ddp_mean,2,0.0,0.9417597651481628,0.9417597651481628,0.0,0.0,0.0,0.0,0.0,0.0,0.0,0.0,0.0,0.0,0.0,0.0,0.0,1.0,1.0,0.0,0,0,0,0,0,0,0,0.0,0.0,0.2,0.0
16,800,0,dpga,backbone,0.3253589868545532,0.0,global_ddp_mean,2,0.0,15.566027641296387,15.566027641296387,0.0,0.0,0.0,0.0,0.0,0.0,0.0,0.0,0.0,0.0,0.0,0.0,0.0,1.0,1.0,0.0,0,0,0,0,0,0,0,0.0,0.0,0.2,0.0
16,800,0,dpga,fpn,0.3253589868545532,0.0,global_ddp_mean,2,0.0,3.9812517166137695,3.9812517166137695,0.0,0.0,0.0,0.0,0.0,0.0,0.0,0.0,0.0,0.0,0.0,0.0,0.0,1.0,1.0,0.0,0,0,0,0,0,0,0,0.0,0.0,0.2,0.0
16,800,0,dpga,rpn,0.3253589868545532,0.0,global_ddp_mean,2,0.0,3.000786304473877,3.000786304473877,0.0,0.0,0.0,0.0,0.0,0.0,0.0,0.0,0.0,0.0,0.0,0.0,0.0,1.0,1.0,0.0,0,0,0,0,0,0,0,0.0,0.0,0.2,0.0
16,800,0,dpga,roi_shared,0.3253589868545532,0.0,global_ddp_mean,2,0.0,8.800606727600098,8.800606727600098,0.0,0.0,0.0,0.0,0.0,0.0,0.0,0.0,0.0,0.0,0.0,0.0,0.0,1.0,1.0,0.0,0,0,0,0,0,0,0,0.0,0.0,0.2,0.0
16,800,0,dpga,roi_cls,0.3253589868545532,0.0,global_ddp_mean,2,0.0,6.381896018981934,6.381896018981934,0.0,0.0,0.0,0.0,0.0,0.0,0.0,0.0,0.0,0.0,0.0,0.0,0.0,1.0,1.0,0.0,0,0,0,0,0,0,0,0.0,0.0,0.2,0.0
16,800,0,dpga,roi_reg,0.3253589868545532,0.0,global_ddp_mean,2,0.0,2.813976764678955,2.813976764678955,0.0,0.0,0.0,0.0,0.0,0.0,0.0,0.0,0.0,0.0,0.0,0.0,0.0,1.0,1.0,0.0,0,0,0,0,0,0,0,0.0,0.0,0.2,0.0
16,900,0,dpga,backbone,0.09096798300743103,0.0,global_ddp_mean,2,0.0,13.843196868896484,13.843196868896484,0.0,0.0,0.0,0.0,0.0,0.0,0.0,0.0,0.0,0.0,0.0,0.0,0.0,1.0,1.0,0.0,0,0,0,0,0,0,0,0.0,0.0,0.2,0.0
16,900,0,dpga,fpn,0.09096798300743103,0.0,global_ddp_mean,2,0.0,2.20749831199646,2.20749831199646,0.0,0.0,0.0,0.0,0.0,0.0,0.0,0.0,0.0,0.0,0.0,0.0,0.0,1.0,1.0,0.0,0,0,0,0,0,0,0,0.0,0.0,0.2,0.0
16,900,0,dpga,rpn,0.09096798300743103,0.0,global_ddp_mean,2,0.0,1.326268196105957,1.326268196105957,0.0,0.0,0.0,0.0,0.0,0.0,0.0,0.0,0.0,0.0,0.0,0.0,0.0,1.0,1.0,0.0,0,0,0,0,0,0,0,0.0,0.0,0.2,0.0
16,900,0,dpga,roi_shared,0.09096798300743103,0.0,global_ddp_mean,2,0.0,4.959193229675293,4.959193229675293,0.0,0.0,0.0,0.0,0.0,0.0,0.0,0.0,0.0,0.0,0.0,0.0,0.0,1.0,1.0,0.0,0,0,0,0,0,0,0,0.0,0.0,0.2,0.0
16,900,0,dpga,roi_cls,0.09096798300743103,0.0,global_ddp_mean,2,0.0,4.826511383056641,4.826511383056641,0.0,0.0,0.0,0.0,0.0,0.0,0.0,0.0,0.0,0.0,0.0,0.0,0.0,1.0,1.0,0.0,0,0,0,0,0,0,0,0.0,0.0,0.2,0.0
16,900,0,dpga,roi_reg,0.09096798300743103,0.0,global_ddp_mean,2,0.0,0.621698260307312,0.621698260307312,0.0,0.0,0.0,0.0,0.0,0.0,0.0,0.0,0.0,0.0,0.0,0.0,0.0,1.0,1.0,0.0,0,0,0,0,0,0,0,0.0,0.0,0.2,0.0
16,1000,0,dpga,backbone,0.7337586283683777,0.0,global_ddp_mean,2,0.0,27.652151107788086,27.652151107788086,0.0,0.0,0.0,0.0,0.0,0.0,0.0,0.0,0.0,0.0,0.0,0.0,0.0,1.0,1.0,0.0,0,0,0,0,0,0,0,0.0,0.0,0.2,0.0
16,1000,0,dpga,fpn,0.7337586283683777,0.0,global_ddp_mean,2,0.0,5.457172393798828,5.457172393798828,0.0,0.0,0.0,0.0,0.0,0.0,0.0,0.0,0.0,0.0,0.0,0.0,0.0,1.0,1.0,0.0,0,0,0,0,0,0,0,0.0,0.0,0.2,0.0
16,1000,0,dpga,rpn,0.7337586283683777,0.0,global_ddp_mean,2,0.0,2.3664960861206055,2.3664960861206055,0.0,0.0,0.0,0.0,0.0,0.0,0.0,0.0,0.0,0.0,0.0,0.0,0.0,1.0,1.0,0.0,0,0,0,0,0,0,0,0.0,0.0,0.2,0.0
16,1000,0,dpga,roi_shared,0.7337586283683777,0.0,global_ddp_mean,2,0.0,11.620346069335938,11.620346069335938,0.0,0.0,0.0,0.0,0.0,0.0,0.0,0.0,0.0,0.0,0.0,0.0,0.0,1.0,1.0,0.0,0,0,0,0,0,0,0,0.0,0.0,0.2,0.0
16,1000,0,dpga,roi_cls,0.7337586283683777,0.0,global_ddp_mean,2,0.0,9.032598495483398,9.032598495483398,0.0,0.0,0.0,0.0,0.0,0.0,0.0,0.0,0.0,0.0,0.0,0.0,0.0,1.0,1.0,0.0,0,0,0,0,0,0,0,0.0,0.0,0.2,0.0
16,1000,0,dpga,roi_reg,0.7337586283683777,0.0,global_ddp_mean,2,0.0,1.8569062948226929,1.8569062948226929,0.0,0.0,0.0,0.0,0.0,0.0,0.0,0.0,0.0,0.0,0.0,0.0,0.0,1.0,1.0,0.0,0,0,0,0,0,0,0,0.0,0.0,0.2,0.0
16,1100,0,dpga,backbone,0.28140535950660706,0.0,global_ddp_mean,2,0.0,14.149291038513184,14.149291038513184,0.0,0.0,0.0,0.0,0.0,0.0,0.0,0.0,0.0,0.0,0.0,0.0,0.0,1.0,1.0,0.0,0,0,0,0,0,0,0,0.0,0.0,0.2,0.0
16,1100,0,dpga,fpn,0.28140535950660706,0.0,global_ddp_mean,2,0.0,2.1559741497039795,2.1559741497039795,0.0,0.0,0.0,0.0,0.0,0.0,0.0,0.0,0.0,0.0,0.0,0.0,0.0,1.0,1.0,0.0,0,0,0,0,0,0,0,0.0,0.0,0.2,0.0
16,1100,0,dpga,rpn,0.28140535950660706,0.0,global_ddp_mean,2,0.0,2.5960893630981445,2.5960893630981445,0.0,0.0,0.0,0.0,0.0,0.0,0.0,0.0,0.0,0.0,0.0,0.0,0.0,1.0,1.0,0.0,0,0,0,0,0,0,0,0.0,0.0,0.2,0.0
16,1100,0,dpga,roi_shared,0.28140535950660706,0.0,global_ddp_mean,2,0.0,5.2385945320129395,5.2385945320129395,0.0,0.0,0.0,0.0,0.0,0.0,0.0,0.0,0.0,0.0,0.0,0.0,0.0,1.0,1.0,0.0,0,0,0,0,0,0,0,0.0,0.0,0.2,0.0
16,1100,0,dpga,roi_cls,0.28140535950660706,0.0,global_ddp_mean,2,0.0,4.3380045890808105,4.3380045890808105,0.0,0.0,0.0,0.0,0.0,0.0,0.0,0.0,0.0,0.0,0.0,0.0,0.0,1.0,1.0,0.0,0,0,0,0,0,0,0,0.0,0.0,0.2,0.0
16,1100,0,dpga,roi_reg,0.28140535950660706,0.0,global_ddp_mean,2,0.0,1.0014212131500244,1.0014212131500244,0.0,0.0,0.0,0.0,0.0,0.0,0.0,0.0,0.0,0.0,0.0,0.0,0.0,1.0,1.0,0.0,0,0,0,0,0,0,0,0.0,0.0,0.2,0.0
16,1200,0,dpga,backbone,0.20956024527549744,-0.0,global_ddp_mean,2,0.0,4.695367813110352,4.695367813110352,0.0,0.0,0.0,0.0,0.0,0.0,0.0,0.0,0.0,0.0,0.0,0.0,0.0,1.0,1.0,0.0,0,0,0,0,0,0,0,0.0,0.0,0.2,0.0
16,1200,0,dpga,fpn,0.20956024527549744,-0.0,global_ddp_mean,2,0.0,1.1056923866271973,1.1056923866271973,0.0,0.0,0.0,0.0,0.0,0.0,0.0,0.0,0.0,0.0,0.0,0.0,0.0,1.0,1.0,0.0,0,0,0,0,0,0,0,0.0,0.0,0.2,0.0
16,1200,0,dpga,rpn,0.20956024527549744,-0.0,global_ddp_mean,2,0.0,1.0058544874191284,1.0058544874191284,0.0,0.0,0.0,0.0,0.0,0.0,0.0,0.0,0.0,0.0,0.0,0.0,0.0,1.0,1.0,0.0,0,0,0,0,0,0,0,0.0,0.0,0.2,0.0
16,1200,0,dpga,roi_shared,0.20956024527549744,-0.0,global_ddp_mean,2,0.0,2.4545841217041016,2.4545841217041016,0.0,0.0,0.0,0.0,0.0,0.0,0.0,0.0,0.0,0.0,0.0,0.0,0.0,1.0,1.0,0.0,0,0,0,0,0,0,0,0.0,0.0,0.2,0.0
16,1200,0,dpga,roi_cls,0.20956024527549744,-0.0,global_ddp_mean,2,0.0,1.4797581434249878,1.4797581434249878,0.0,0.0,0.0,0.0,0.0,0.0,0.0,0.0,0.0,0.0,0.0,0.0,0.0,1.0,1.0,0.0,0,0,0,0,0,0,0,0.0,0.0,0.2,0.0
16,1200,0,dpga,roi_reg,0.20956024527549744,-0.0,global_ddp_mean,2,0.0,1.0009475946426392,1.0009475946426392,0.0,0.0,0.0,0.0,0.0,0.0,0.0,0.0,0.0,0.0,0.0,0.0,0.0,1.0,1.0,0.0,0,0,0,0,0,0,0,0.0,0.0,0.2,0.0
16,1300,0,dpga,backbone,0.06399257481098175,0.0,global_ddp_mean,2,0.0,17.415006637573242,17.415006637573242,0.0,0.0,0.0,0.0,0.0,0.0,0.0,0.0,0.0,0.0,0.0,0.0,0.0,1.0,1.0,0.0,0,0,0,0,0,0,0,0.0,0.0,0.2,0.0
16,1300,0,dpga,fpn,0.06399257481098175,0.0,global_ddp_mean,2,0.0,1.4403977394104004,1.4403977394104004,0.0,0.0,0.0,0.0,0.0,0.0,0.0,0.0,0.0,0.0,0.0,0.0,0.0,1.0,1.0,0.0,0,0,0,0,0,0,0,0.0,0.0,0.2,0.0
16,1300,0,dpga,rpn,0.06399257481098175,0.0,global_ddp_mean,2,0.0,2.8405568599700928,2.8405568599700928,0.0,0.0,0.0,0.0,0.0,0.0,0.0,0.0,0.0,0.0,0.0,0.0,0.0,1.0,1.0,0.0,0,0,0,0,0,0,0,0.0,0.0,0.2,0.0
16,1300,0,dpga,roi_shared,0.06399257481098175,0.0,global_ddp_mean,2,0.0,2.713048219680786,2.713048219680786,0.0,0.0,0.0,0.0,0.0,0.0,0.0,0.0,0.0,0.0,0.0,0.0,0.0,1.0,1.0,0.0,0,0,0,0,0,0,0,0.0,0.0,0.2,0.0
16,1300,0,dpga,roi_cls,0.06399257481098175,0.0,global_ddp_mean,2,0.0,1.8630952835083008,1.8630952835083008,0.0,0.0,0.0,0.0,0.0,0.0,0.0,0.0,0.0,0.0,0.0,0.0,0.0,1.0,1.0,0.0,0,0,0,0,0,0,0,0.0,0.0,0.2,0.0
16,1300,0,dpga,roi_reg,0.06399257481098175,0.0,global_ddp_mean,2,0.0,2.22943377494812,2.22943377494812,0.0,0.0,0.0,0.0,0.0,0.0,0.0,0.0,0.0,0.0,0.0,0.0,0.0,1.0,1.0,0.0,0,0,0,0,0,0,0,0.0,0.0,0.2,0.0
16,1400,0,dpga,backbone,0.03126516938209534,-0.0,global_ddp_mean,2,0.0,6.3998589515686035,6.3998589515686035,0.0,0.0,0.0,0.0,0.0,0.0,0.0,0.0,0.0,0.0,0.0,0.0,0.0,1.0,1.0,0.0,0,0,0,0,0,0,0,0.0,0.0,0.2,0.0
16,1400,0,dpga,fpn,0.03126516938209534,-0.0,global_ddp_mean,2,0.0,1.090908408164978,1.090908408164978,0.0,0.0,0.0,0.0,0.0,0.0,0.0,0.0,0.0,0.0,0.0,0.0,0.0,1.0,1.0,0.0,0,0,0,0,0,0,0,0.0,0.0,0.2,0.0
16,1400,0,dpga,rpn,0.03126516938209534,-0.0,global_ddp_mean,2,0.0,1.3805779218673706,1.3805779218673706,0.0,0.0,0.0,0.0,0.0,0.0,0.0,0.0,0.0,0.0,0.0,0.0,0.0,1.0,1.0,0.0,0,0,0,0,0,0,0,0.0,0.0,0.2,0.0
16,1400,0,dpga,roi_shared,0.03126516938209534,-0.0,global_ddp_mean,2,0.0,1.9215025901794434,1.9215025901794434,0.0,0.0,0.0,0.0,0.0,0.0,0.0,0.0,0.0,0.0,0.0,0.0,0.0,1.0,1.0,0.0,0,0,0,0,0,0,0,0.0,0.0,0.2,0.0
16,1400,0,dpga,roi_cls,0.03126516938209534,-0.0,global_ddp_mean,2,0.0,1.262171745300293,1.262171745300293,0.0,0.0,0.0,0.0,0.0,0.0,0.0,0.0,0.0,0.0,0.0,0.0,0.0,1.0,1.0,0.0,0,0,0,0,0,0,0,0.0,0.0,0.2,0.0
16,1400,0,dpga,roi_reg,0.03126516938209534,-0.0,global_ddp_mean,2,0.0,0.6676872372627258,0.6676872372627258,0.0,0.0,0.0,0.0,0.0,0.0,0.0,0.0,0.0,0.0,0.0,0.0,0.0,1.0,1.0,0.0,0,0,0,0,0,0,0,0.0,0.0,0.2,0.0
17,0,0,dpga,backbone,0.8605777621269226,0.09441287815570831,global_ddp_mean,2,0.45656371116638184,30.813730239868164,30.813730239868164,5.161984443664551,5.161984443664551,5.161984443664551,5.161984443664551,1.0323969041168226,5.161984443664551,0.1675222182929916,0.1675222182929916,0.1675222182929916,0.03350444415785343,0.03350444415785343,0.015296913365276364,0.015296913365276364,1.0152969133652763,0.9995691358789415,1.6819899265051461,0,0,0,0,0,0,0,1.0,1.0,0.2,0.20000000298023224
17,0,0,dpga,fpn,0.8605777621269226,0.09441287815570831,global_ddp_mean,2,0.1245880275964737,3.3649041652679443,3.3649041652679443,1.211410641670227,1.211410641670227,1.211410641670227,1.211410641670227,0.24228213194433046,1.211410641670227,0.3600134155897315,0.3600134155897315,0.3600134155897315,0.07200268419086989,0.07200268419086989,0.008970672404992277,0.008970672404992277,1.0089706724049923,0.9975026051988705,4.0501551211673945,0,0,0,0,0,0,0,1.0,1.0,0.2,0.20000000298023224
17,0,0,dpga,rpn,0.8605777621269226,0.09441287815570831,global_ddp_mean,2,0.0,3.1434459686279297,3.1434459686279297,0.0,0.0,0.0,0.0,0.0,0.0,0.0,0.0,0.0,0.0,0.0,0.0,0.0,1.0,1.0,0.0,0,0,0,0,0,0,0,0.0,0.0,0.2,0.0
17,0,0,dpga,roi_shared,0.8605777621269226,0.09441287815570831,global_ddp_mean,2,-0.05733948573470116,7.015857219696045,7.015857219696045,0.6904119253158569,0.6904119253158569,0.6892759799957275,0.6892759799957275,0.137855198053348,0.6892759799957275,0.09840735118976214,0.09824544006692168,0.09824544006692168,0.019649088306178564,0.019649088306178564,-9.820551099530265e-11,-9.820551099530265e-11,0.9999999999017946,0.9998070827015497,1.1254603468571804,1,0,0,0,0,1,0,1.0,1.0,0.2,0.20000000298023224
17,0,0,dpga,roi_cls,0.8605777621269226,0.09441287815570831,global_ddp_mean,2,0.0,5.126399040222168,5.126399040222168,0.0,0.0,0.0,0.0,0.0,0.0,0.0,0.0,0.0,0.0,0.0,0.0,0.0,1.0,1.0,0.0,0,0,0,0,0,0,0,0.0,0.0,0.2,0.0
17,0,0,dpga,roi_reg,0.8605777621269226,0.09441287815570831,global_ddp_mean,2,-0.33637097477912903,3.5291452407836914,3.5291452407836914,1.6773544549942017,1.6773544549942017,1.579614281654358,1.579614281654358,0.315922861038489,1.579614281654358,0.4752863202143882,0.4475911796998144,0.4475911796998144,0.08951823727388854,0.08951823727388854,-1.8262820717716039e-09,-1.8262820717716039e-09,0.999999998173718,0.9960171563424935,5.115387159662045,1,0,0,0,0,1,0,1.0,1.0,0.2,0.20000000298023224
17,100,0,dpga,backbone,0.8536288738250732,0.0,global_ddp_mean,2,0.0,42.95358657836914,42.95358657836914,0.0,0.0,0.0,0.0,0.0,0.0,0.0,0.0,0.0,0.0,0.0,0.0,0.0,1.0,1.0,0.0,0,0,0,0,0,0,0,0.0,0.0,0.2,0.0
17,100,0,dpga,fpn,0.8536288738250732,0.0,global_ddp_mean,2,0.0,6.260263919830322,6.260263919830322,0.0,0.0,0.0,0.0,0.0,0.0,0.0,0.0,0.0,0.0,0.0,0.0,0.0,1.0,1.0,0.0,0,0,0,0,0,0,0,0.0,0.0,0.2,0.0
17,100,0,dpga,rpn,0.8536288738250732,0.0,global_ddp_mean,2,0.0,3.8836915493011475,3.8836915493011475,0.0,0.0,0.0,0.0,0.0,0.0,0.0,0.0,0.0,0.0,0.0,0.0,0.0,1.0,1.0,0.0,0,0,0,0,0,0,0,0.0,0.0,0.2,0.0
17,100,0,dpga,roi_shared,0.8536288738250732,0.0,global_ddp_mean,2,0.0,13.377617835998535,13.377617835998535,0.0,0.0,0.0,0.0,0.0,0.0,0.0,0.0,0.0,0.0,0.0,0.0,0.0,1.0,1.0,0.0,0,0,0,0,0,0,0,0.0,0.0,0.2,0.0
17,100,0,dpga,roi_cls,0.8536288738250732,0.0,global_ddp_mean,2,0.0,9.701899528503418,9.701899528503418,0.0,0.0,0.0,0.0,0.0,0.0,0.0,0.0,0.0,0.0,0.0,0.0,0.0,1.0,1.0,0.0,0,0,0,0,0,0,0,0.0,0.0,0.2,0.0
17,100,0,dpga,roi_reg,0.8536288738250732,0.0,global_ddp_mean,2,0.0,2.422819137573242,2.422819137573242,0.0,0.0,0.0,0.0,0.0,0.0,0.0,0.0,0.0,0.0,0.0,0.0,0.0,1.0,1.0,0.0,0,0,0,0,0,0,0,0.0,0.0,0.2,0.0
17,200,0,dpga,backbone,0.24111731350421906,0.0,global_ddp_mean,2,0.0,23.36929702758789,23.36929702758789,0.0,0.0,0.0,0.0,0.0,0.0,0.0,0.0,0.0,0.0,0.0,0.0,0.0,1.0,1.0,0.0,0,0,0,0,0,0,0,0.0,0.0,0.2,0.0
17,200,0,dpga,fpn,0.24111731350421906,0.0,global_ddp_mean,2,0.0,2.58905029296875,2.58905029296875,0.0,0.0,0.0,0.0,0.0,0.0,0.0,0.0,0.0,0.0,0.0,0.0,0.0,1.0,1.0,0.0,0,0,0,0,0,0,0,0.0,0.0,0.2,0.0
17,200,0,dpga,rpn,0.24111731350421906,0.0,global_ddp_mean,2,0.0,4.34843111038208,4.34843111038208,0.0,0.0,0.0,0.0,0.0,0.0,0.0,0.0,0.0,0.0,0.0,0.0,0.0,1.0,1.0,0.0,0,0,0,0,0,0,0,0.0,0.0,0.2,0.0
17,200,0,dpga,roi_shared,0.24111731350421906,0.0,global_ddp_mean,2,0.0,6.401027679443359,6.401027679443359,0.0,0.0,0.0,0.0,0.0,0.0,0.0,0.0,0.0,0.0,0.0,0.0,0.0,1.0,1.0,0.0,0,0,0,0,0,0,0,0.0,0.0,0.2,0.0
17,200,0,dpga,roi_cls,0.24111731350421906,0.0,global_ddp_mean,2,0.0,5.192626953125,5.192626953125,0.0,0.0,0.0,0.0,0.0,0.0,0.0,0.0,0.0,0.0,0.0,0.0,0.0,1.0,1.0,0.0,0,0,0,0,0,0,0,0.0,0.0,0.2,0.0
17,200,0,dpga,roi_reg,0.24111731350421906,0.0,global_ddp_mean,2,0.0,2.9736151695251465,2.9736151695251465,0.0,0.0,0.0,0.0,0.0,0.0,0.0,0.0,0.0,0.0,0.0,0.0,0.0,1.0,1.0,0.0,0,0,0,0,0,0,0,0.0,0.0,0.2,0.0
17,300,0,dpga,backbone,0.21763008832931519,0.0,global_ddp_mean,2,0.0,7.9543776512146,7.9543776512146,0.0,0.0,0.0,0.0,0.0,0.0,0.0,0.0,0.0,0.0,0.0,0.0,0.0,1.0,1.0,0.0,0,0,0,0,0,0,0,0.0,0.0,0.2,0.0
17,300,0,dpga,fpn,0.21763008832931519,0.0,global_ddp_mean,2,0.0,1.2879598140716553,1.2879598140716553,0.0,0.0,0.0,0.0,0.0,0.0,0.0,0.0,0.0,0.0,0.0,0.0,0.0,1.0,1.0,0.0,0,0,0,0,0,0,0,0.0,0.0,0.2,0.0
17,300,0,dpga,rpn,0.21763008832931519,0.0,global_ddp_mean,2,0.0,1.7801542282104492,1.7801542282104492,0.0,0.0,0.0,0.0,0.0,0.0,0.0,0.0,0.0,0.0,0.0,0.0,0.0,1.0,1.0,0.0,0,0,0,0,0,0,0,0.0,0.0,0.2,0.0
17,300,0,dpga,roi_shared,0.21763008832931519,0.0,global_ddp_mean,2,0.0,2.7511701583862305,2.7511701583862305,0.0,0.0,0.0,0.0,0.0,0.0,0.0,0.0,0.0,0.0,0.0,0.0,0.0,1.0,1.0,0.0,0,0,0,0,0,0,0,0.0,0.0,0.2,0.0
17,300,0,dpga,roi_cls,0.21763008832931519,0.0,global_ddp_mean,2,0.0,1.3124176263809204,1.3124176263809204,0.0,0.0,0.0,0.0,0.0,0.0,0.0,0.0,0.0,0.0,0.0,0.0,0.0,1.0,1.0,0.0,0,0,0,0,0,0,0,0.0,0.0,0.2,0.0
17,300,0,dpga,roi_reg,0.21763008832931519,0.0,global_ddp_mean,2,0.0,2.3054659366607666,2.3054659366607666,0.0,0.0,0.0,0.0,0.0,0.0,0.0,0.0,0.0,0.0,0.0,0.0,0.0,1.0,1.0,0.0,0,0,0,0,0,0,0,0.0,0.0,0.2,0.0
17,400,0,dpga,backbone,0.3935738205909729,-0.0,global_ddp_mean,2,0.0,22.195112228393555,22.195112228393555,0.0,0.0,0.0,0.0,0.0,0.0,0.0,0.0,0.0,0.0,0.0,0.0,0.0,1.0,1.0,0.0,0,0,0,0,0,0,0,0.0,0.0,0.2,0.0
17,400,0,dpga,fpn,0.3935738205909729,-0.0,global_ddp_mean,2,0.0,5.211577415466309,5.211577415466309,0.0,0.0,0.0,0.0,0.0,0.0,0.0,0.0,0.0,0.0,0.0,0.0,0.0,1.0,1.0,0.0,0,0,0,0,0,0,0,0.0,0.0,0.2,0.0
17,400,0,dpga,rpn,0.3935738205909729,-0.0,global_ddp_mean,2,0.0,3.8670132160186768,3.8670132160186768,0.0,0.0,0.0,0.0,0.0,0.0,0.0,0.0,0.0,0.0,0.0,0.0,0.0,1.0,1.0,0.0,0,0,0,0,0,0,0,0.0,0.0,0.2,0.0
17,400,0,dpga,roi_shared,0.3935738205909729,-0.0,global_ddp_mean,2,0.0,10.160414695739746,10.160414695739746,0.0,0.0,0.0,0.0,0.0,0.0,0.0,0.0,0.0,0.0,0.0,0.0,0.0,1.0,1.0,0.0,0,0,0,0,0,0,0,0.0,0.0,0.2,0.0
17,400,0,dpga,roi_cls,0.3935738205909729,-0.0,global_ddp_mean,2,0.0,8.140697479248047,8.140697479248047,0.0,0.0,0.0,0.0,0.0,0.0,0.0,0.0,0.0,0.0,0.0,0.0,0.0,1.0,1.0,0.0,0,0,0,0,0,0,0,0.0,0.0,0.2,0.0
17,400,0,dpga,roi_reg,0.3935738205909729,-0.0,global_ddp_mean,2,0.0,4.029388904571533,4.029388904571533,0.0,0.0,0.0,0.0,0.0,0.0,0.0,0.0,0.0,0.0,0.0,0.0,0.0,1.0,1.0,0.0,0,0,0,0,0,0,0,0.0,0.0,0.2,0.0
17,500,0,dpga,backbone,0.22893914580345154,0.0,global_ddp_mean,2,0.0,20.492908477783203,20.492908477783203,0.0,0.0,0.0,0.0,0.0,0.0,0.0,0.0,0.0,0.0,0.0,0.0,0.0,1.0,1.0,0.0,0,0,0,0,0,0,0,0.0,0.0,0.2,0.0
17,500,0,dpga,fpn,0.22893914580345154,0.0,global_ddp_mean,2,0.0,2.5118327140808105,2.5118327140808105,0.0,0.0,0.0,0.0,0.0,0.0,0.0,0.0,0.0,0.0,0.0,0.0,0.0,1.0,1.0,0.0,0,0,0,0,0,0,0,0.0,0.0,0.2,0.0
17,500,0,dpga,rpn,0.22893914580345154,0.0,global_ddp_mean,2,0.0,5.497859477996826,5.497859477996826,0.0,0.0,0.0,0.0,0.0,0.0,0.0,0.0,0.0,0.0,0.0,0.0,0.0,1.0,1.0,0.0,0,0,0,0,0,0,0,0.0,0.0,0.2,0.0
17,500,0,dpga,roi_shared,0.22893914580345154,0.0,global_ddp_mean,2,0.0,4.584415435791016,4.584415435791016,0.0,0.0,0.0,0.0,0.0,0.0,0.0,0.0,0.0,0.0,0.0,0.0,0.0,1.0,1.0,0.0,0,0,0,0,0,0,0,0.0,0.0,0.2,0.0
17,500,0,dpga,roi_cls,0.22893914580345154,0.0,global_ddp_mean,2,0.0,3.8086605072021484,3.8086605072021484,0.0,0.0,0.0,0.0,0.0,0.0,0.0,0.0,0.0,0.0,0.0,0.0,0.0,1.0,1.0,0.0,0,0,0,0,0,0,0,0.0,0.0,0.2,0.0
17,500,0,dpga,roi_reg,0.22893914580345154,0.0,global_ddp_mean,2,0.0,3.1215713024139404,3.1215713024139404,0.0,0.0,0.0,0.0,0.0,0.0,0.0,0.0,0.0,0.0,0.0,0.0,0.0,1.0,1.0,0.0,0,0,0,0,0,0,0,0.0,0.0,0.2,0.0
17,600,0,dpga,backbone,0.3492489159107208,0.0,global_ddp_mean,2,0.0,10.020363807678223,10.020363807678223,0.0,0.0,0.0,0.0,0.0,0.0,0.0,0.0,0.0,0.0,0.0,0.0,0.0,1.0,1.0,0.0,0,0,0,0,0,0,0,0.0,0.0,0.2,0.0
17,600,0,dpga,fpn,0.3492489159107208,0.0,global_ddp_mean,2,0.0,2.3583290576934814,2.3583290576934814,0.0,0.0,0.0,0.0,0.0,0.0,0.0,0.0,0.0,0.0,0.0,0.0,0.0,1.0,1.0,0.0,0,0,0,0,0,0,0,0.0,0.0,0.2,0.0
17,600,0,dpga,rpn,0.3492489159107208,0.0,global_ddp_mean,2,0.0,2.5522711277008057,2.5522711277008057,0.0,0.0,0.0,0.0,0.0,0.0,0.0,0.0,0.0,0.0,0.0,0.0,0.0,1.0,1.0,0.0,0,0,0,0,0,0,0,0.0,0.0,0.2,0.0
17,600,0,dpga,roi_shared,0.3492489159107208,0.0,global_ddp_mean,2,0.0,5.4932942390441895,5.4932942390441895,0.0,0.0,0.0,0.0,0.0,0.0,0.0,0.0,0.0,0.0,0.0,0.0,0.0,1.0,1.0,0.0,0,0,0,0,0,0,0,0.0,0.0,0.2,0.0
17,600,0,dpga,roi_cls,0.3492489159107208,0.0,global_ddp_mean,2,0.0,3.2529690265655518,3.2529690265655518,0.0,0.0,0.0,0.0,0.0,0.0,0.0,0.0,0.0,0.0,0.0,0.0,0.0,1.0,1.0,0.0,0,0,0,0,0,0,0,0.0,0.0,0.2,0.0
17,600,0,dpga,roi_reg,0.3492489159107208,0.0,global_ddp_mean,2,0.0,3.2593047618865967,3.2593047618865967,0.0,0.0,0.0,0.0,0.0,0.0,0.0,0.0,0.0,0.0,0.0,0.0,0.0,1.0,1.0,0.0,0,0,0,0,0,0,0,0.0,0.0,0.2,0.0
17,700,0,dpga,backbone,0.34223222732543945,0.0,global_ddp_mean,2,0.0,9.093619346618652,9.093619346618652,0.0,0.0,0.0,0.0,0.0,0.0,0.0,0.0,0.0,0.0,0.0,0.0,0.0,1.0,1.0,0.0,0,0,0,0,0,0,0,0.0,0.0,0.2,0.0
17,700,0,dpga,fpn,0.34223222732543945,0.0,global_ddp_mean,2,0.0,1.7760158777236938,1.7760158777236938,0.0,0.0,0.0,0.0,0.0,0.0,0.0,0.0,0.0,0.0,0.0,0.0,0.0,1.0,1.0,0.0,0,0,0,0,0,0,0,0.0,0.0,0.2,0.0
17,700,0,dpga,rpn,0.34223222732543945,0.0,global_ddp_mean,2,0.0,4.259188175201416,4.259188175201416,0.0,0.0,0.0,0.0,0.0,0.0,0.0,0.0,0.0,0.0,0.0,0.0,0.0,1.0,1.0,0.0,0,0,0,0,0,0,0,0.0,0.0,0.2,0.0
17,700,0,dpga,roi_shared,0.34223222732543945,0.0,global_ddp_mean,2,0.0,3.1211414337158203,3.1211414337158203,0.0,0.0,0.0,0.0,0.0,0.0,0.0,0.0,0.0,0.0,0.0,0.0,0.0,1.0,1.0,0.0,0,0,0,0,0,0,0,0.0,0.0,0.2,0.0
17,700,0,dpga,roi_cls,0.34223222732543945,0.0,global_ddp_mean,2,0.0,2.46008563041687,2.46008563041687,0.0,0.0,0.0,0.0,0.0,0.0,0.0,0.0,0.0,0.0,0.0,0.0,0.0,1.0,1.0,0.0,0,0,0,0,0,0,0,0.0,0.0,0.2,0.0
17,700,0,dpga,roi_reg,0.34223222732543945,0.0,global_ddp_mean,2,0.0,1.573917269706726,1.573917269706726,0.0,0.0,0.0,0.0,0.0,0.0,0.0,0.0,0.0,0.0,0.0,0.0,0.0,1.0,1.0,0.0,0,0,0,0,0,0,0,0.0,0.0,0.2,0.0
17,800,0,dpga,backbone,0.01941649802029133,0.0,global_ddp_mean,2,0.0,4.366432189941406,4.366432189941406,0.0,0.0,0.0,0.0,0.0,0.0,0.0,0.0,0.0,0.0,0.0,0.0,0.0,1.0,1.0,0.0,0,0,0,0,0,0,0,0.0,0.0,0.2,0.0
17,800,0,dpga,fpn,0.01941649802029133,0.0,global_ddp_mean,2,0.0,0.6605122685432434,0.6605122685432434,0.0,0.0,0.0,0.0,0.0,0.0,0.0,0.0,0.0,0.0,0.0,0.0,0.0,1.0,1.0,0.0,0,0,0,0,0,0,0,0.0,0.0,0.2,0.0
17,800,0,dpga,rpn,0.01941649802029133,0.0,global_ddp_mean,2,0.0,1.3359085321426392,1.3359085321426392,0.0,0.0,0.0,0.0,0.0,0.0,0.0,0.0,0.0,0.0,0.0,0.0,0.0,1.0,1.0,0.0,0,0,0,0,0,0,0,0.0,0.0,0.2,0.0
17,800,0,dpga,roi_shared,0.01941649802029133,0.0,global_ddp_mean,2,0.0,0.0,0.0,0.0,0.0,0.0,0.0,0.0,0.0,0.0,0.0,0.0,0.0,0.0,0.0,0.0,0.0,0.0,90.0,0,0,0,0,0,0,0,0.0,0.0,0.2,0.0
17,800,0,dpga,roi_cls,0.01941649802029133,0.0,global_ddp_mean,2,0.0,0.0,0.0,0.0,0.0,0.0,0.0,0.0,0.0,0.0,0.0,0.0,0.0,0.0,0.0,0.0,0.0,0.0,90.0,0,0,0,0,0,0,0,0.0,0.0,0.2,0.0
17,800,0,dpga,roi_reg,0.01941649802029133,0.0,global_ddp_mean,2,0.0,0.0,0.0,0.0,0.0,0.0,0.0,0.0,0.0,0.0,0.0,0.0,0.0,0.0,0.0,0.0,0.0,0.0,90.0,0,0,0,0,0,0,0,0.0,0.0,0.2,0.0
17,900,0,dpga,backbone,0.2531467378139496,0.0,global_ddp_mean,2,0.0,14.791327476501465,14.791327476501465,0.0,0.0,0.0,0.0,0.0,0.0,0.0,0.0,0.0,0.0,0.0,0.0,0.0,1.0,1.0,0.0,0,0,0,0,0,0,0,0.0,0.0,0.2,0.0
17,900,0,dpga,fpn,0.2531467378139496,0.0,global_ddp_mean,2,0.0,2.8664352893829346,2.8664352893829346,0.0,0.0,0.0,0.0,0.0,0.0,0.0,0.0,0.0,0.0,0.0,0.0,0.0,1.0,1.0,0.0,0,0,0,0,0,0,0,0.0,0.0,0.2,0.0
17,900,0,dpga,rpn,0.2531467378139496,0.0,global_ddp_mean,2,0.0,4.355321407318115,4.355321407318115,0.0,0.0,0.0,0.0,0.0,0.0,0.0,0.0,0.0,0.0,0.0,0.0,0.0,1.0,1.0,0.0,0,0,0,0,0,0,0,0.0,0.0,0.2,0.0
17,900,0,dpga,roi_shared,0.2531467378139496,0.0,global_ddp_mean,2,0.0,6.894529342651367,6.894529342651367,0.0,0.0,0.0,0.0,0.0,0.0,0.0,0.0,0.0,0.0,0.0,0.0,0.0,1.0,1.0,0.0,0,0,0,0,0,0,0,0.0,0.0,0.2,0.0
17,900,0,dpga,roi_cls,0.2531467378139496,0.0,global_ddp_mean,2,0.0,6.948962688446045,6.948962688446045,0.0,0.0,0.0,0.0,0.0,0.0,0.0,0.0,0.0,0.0,0.0,0.0,0.0,1.0,1.0,0.0,0,0,0,0,0,0,0,0.0,0.0,0.2,0.0
17,900,0,dpga,roi_reg,0.2531467378139496,0.0,global_ddp_mean,2,0.0,2.478175401687622,2.478175401687622,0.0,0.0,0.0,0.0,0.0,0.0,0.0,0.0,0.0,0.0,0.0,0.0,0.0,1.0,1.0,0.0,0,0,0,0,0,0,0,0.0,0.0,0.2,0.0
17,1000,0,dpga,backbone,0.7961000204086304,0.0,global_ddp_mean,2,0.0,28.593324661254883,28.593324661254883,0.0,0.0,0.0,0.0,0.0,0.0,0.0,0.0,0.0,0.0,0.0,0.0,0.0,1.0,1.0,0.0,0,0,0,0,0,0,0,0.0,0.0,0.2,0.0
17,1000,0,dpga,fpn,0.7961000204086304,0.0,global_ddp_mean,2,0.0,5.163942813873291,5.163942813873291,0.0,0.0,0.0,0.0,0.0,0.0,0.0,0.0,0.0,0.0,0.0,0.0,0.0,1.0,1.0,0.0,0,0,0,0,0,0,0,0.0,0.0,0.2,0.0
17,1000,0,dpga,rpn,0.7961000204086304,0.0,global_ddp_mean,2,0.0,6.139763355255127,6.139763355255127,0.0,0.0,0.0,0.0,0.0,0.0,0.0,0.0,0.0,0.0,0.0,0.0,0.0,1.0,1.0,0.0,0,0,0,0,0,0,0,0.0,0.0,0.2,0.0
17,1000,0,dpga,roi_shared,0.7961000204086304,0.0,global_ddp_mean,2,0.0,9.226034164428711,9.226034164428711,0.0,0.0,0.0,0.0,0.0,0.0,0.0,0.0,0.0,0.0,0.0,0.0,0.0,1.0,1.0,0.0,0,0,0,0,0,0,0,0.0,0.0,0.2,0.0
17,1000,0,dpga,roi_cls,0.7961000204086304,0.0,global_ddp_mean,2,0.0,8.868220329284668,8.868220329284668,0.0,0.0,0.0,0.0,0.0,0.0,0.0,0.0,0.0,0.0,0.0,0.0,0.0,1.0,1.0,0.0,0,0,0,0,0,0,0,0.0,0.0,0.2,0.0
17,1000,0,dpga,roi_reg,0.7961000204086304,0.0,global_ddp_mean,2,0.0,5.545519828796387,5.545519828796387,0.0,0.0,0.0,0.0,0.0,0.0,0.0,0.0,0.0,0.0,0.0,0.0,0.0,1.0,1.0,0.0,0,0,0,0,0,0,0,0.0,0.0,0.2,0.0
17,1100,0,dpga,backbone,0.176573246717453,-0.0,global_ddp_mean,2,0.0,28.449039459228516,28.449039459228516,0.0,0.0,0.0,0.0,0.0,0.0,0.0,0.0,0.0,0.0,0.0,0.0,0.0,1.0,1.0,0.0,0,0,0,0,0,0,0,0.0,0.0,0.2,0.0
17,1100,0,dpga,fpn,0.176573246717453,-0.0,global_ddp_mean,2,0.0,7.681773662567139,7.681773662567139,0.0,0.0,0.0,0.0,0.0,0.0,0.0,0.0,0.0,0.0,0.0,0.0,0.0,1.0,1.0,0.0,0,0,0,0,0,0,0,0.0,0.0,0.2,0.0
17,1100,0,dpga,rpn,0.176573246717453,-0.0,global_ddp_mean,2,0.0,6.902719974517822,6.902719974517822,0.0,0.0,0.0,0.0,0.0,0.0,0.0,0.0,0.0,0.0,0.0,0.0,0.0,1.0,1.0,0.0,0,0,0,0,0,0,0,0.0,0.0,0.2,0.0
17,1100,0,dpga,roi_shared,0.176573246717453,-0.0,global_ddp_mean,2,0.0,15.855695724487305,15.855695724487305,0.0,0.0,0.0,0.0,0.0,0.0,0.0,0.0,0.0,0.0,0.0,0.0,0.0,1.0,1.0,0.0,0,0,0,0,0,0,0,0.0,0.0,0.2,0.0
17,1100,0,dpga,roi_cls,0.176573246717453,-0.0,global_ddp_mean,2,0.0,11.849364280700684,11.849364280700684,0.0,0.0,0.0,0.0,0.0,0.0,0.0,0.0,0.0,0.0,0.0,0.0,0.0,1.0,1.0,0.0,0,0,0,0,0,0,0,0.0,0.0,0.2,0.0
17,1100,0,dpga,roi_reg,0.176573246717453,-0.0,global_ddp_mean,2,0.0,3.5619051456451416,3.5619051456451416,0.0,0.0,0.0,0.0,0.0,0.0,0.0,0.0,0.0,0.0,0.0,0.0,0.0,1.0,1.0,0.0,0,0,0,0,0,0,0,0.0,0.0,0.2,0.0
17,1200,0,dpga,backbone,0.06295839697122574,-0.0,global_ddp_mean,2,0.0,11.771822929382324,11.771822929382324,0.0,0.0,0.0,0.0,0.0,0.0,0.0,0.0,0.0,0.0,0.0,0.0,0.0,1.0,1.0,0.0,0,0,0,0,0,0,0,0.0,0.0,0.2,0.0
17,1200,0,dpga,fpn,0.06295839697122574,-0.0,global_ddp_mean,2,0.0,2.657951593399048,2.657951593399048,0.0,0.0,0.0,0.0,0.0,0.0,0.0,0.0,0.0,0.0,0.0,0.0,0.0,1.0,1.0,0.0,0,0,0,0,0,0,0,0.0,0.0,0.2,0.0
17,1200,0,dpga,rpn,0.06295839697122574,-0.0,global_ddp_mean,2,0.0,1.6359071731567383,1.6359071731567383,0.0,0.0,0.0,0.0,0.0,0.0,0.0,0.0,0.0,0.0,0.0,0.0,0.0,1.0,1.0,0.0,0,0,0,0,0,0,0,0.0,0.0,0.2,0.0
17,1200,0,dpga,roi_shared,0.06295839697122574,-0.0,global_ddp_mean,2,0.0,5.734881401062012,5.734881401062012,0.0,0.0,0.0,0.0,0.0,0.0,0.0,0.0,0.0,0.0,0.0,0.0,0.0,1.0,1.0,0.0,0,0,0,0,0,0,0,0.0,0.0,0.2,0.0
17,1200,0,dpga,roi_cls,0.06295839697122574,-0.0,global_ddp_mean,2,0.0,4.723506927490234,4.723506927490234,0.0,0.0,0.0,0.0,0.0,0.0,0.0,0.0,0.0,0.0,0.0,0.0,0.0,1.0,1.0,0.0,0,0,0,0,0,0,0,0.0,0.0,0.2,0.0
17,1200,0,dpga,roi_reg,0.06295839697122574,-0.0,global_ddp_mean,2,0.0,2.1830637454986572,2.1830637454986572,0.0,0.0,0.0,0.0,0.0,0.0,0.0,0.0,0.0,0.0,0.0,0.0,0.0,1.0,1.0,0.0,0,0,0,0,0,0,0,0.0,0.0,0.2,0.0
17,1300,0,dpga,backbone,0.5820578336715698,-0.0,global_ddp_mean,2,0.0,13.361064910888672,13.361064910888672,0.0,0.0,0.0,0.0,0.0,0.0,0.0,0.0,0.0,0.0,0.0,0.0,0.0,1.0,1.0,0.0,0,0,0,0,0,0,0,0.0,0.0,0.2,0.0
17,1300,0,dpga,fpn,0.5820578336715698,-0.0,global_ddp_mean,2,0.0,2.810493230819702,2.810493230819702,0.0,0.0,0.0,0.0,0.0,0.0,0.0,0.0,0.0,0.0,0.0,0.0,0.0,1.0,1.0,0.0,0,0,0,0,0,0,0,0.0,0.0,0.2,0.0
17,1300,0,dpga,rpn,0.5820578336715698,-0.0,global_ddp_mean,2,0.0,4.415862083435059,4.415862083435059,0.0,0.0,0.0,0.0,0.0,0.0,0.0,0.0,0.0,0.0,0.0,0.0,0.0,1.0,1.0,0.0,0,0,0,0,0,0,0,0.0,0.0,0.2,0.0
17,1300,0,dpga,roi_shared,0.5820578336715698,-0.0,global_ddp_mean,2,0.0,6.547260284423828,6.547260284423828,0.0,0.0,0.0,0.0,0.0,0.0,0.0,0.0,0.0,0.0,0.0,0.0,0.0,1.0,1.0,0.0,0,0,0,0,0,0,0,0.0,0.0,0.2,0.0
17,1300,0,dpga,roi_cls,0.5820578336715698,-0.0,global_ddp_mean,2,0.0,6.374823093414307,6.374823093414307,0.0,0.0,0.0,0.0,0.0,0.0,0.0,0.0,0.0,0.0,0.0,0.0,0.0,1.0,1.0,0.0,0,0,0,0,0,0,0,0.0,0.0,0.2,0.0
17,1300,0,dpga,roi_reg,0.5820578336715698,-0.0,global_ddp_mean,2,0.0,4.170778751373291,4.170778751373291,0.0,0.0,0.0,0.0,0.0,0.0,0.0,0.0,0.0,0.0,0.0,0.0,0.0,1.0,1.0,0.0,0,0,0,0,0,0,0,0.0,0.0,0.2,0.0
17,1400,0,dpga,backbone,0.02155381813645363,-0.0,global_ddp_mean,2,0.0,4.749805927276611,4.749805927276611,0.0,0.0,0.0,0.0,0.0,0.0,0.0,0.0,0.0,0.0,0.0,0.0,0.0,1.0,1.0,0.0,0,0,0,0,0,0,0,0.0,0.0,0.2,0.0
17,1400,0,dpga,fpn,0.02155381813645363,-0.0,global_ddp_mean,2,0.0,0.7327585220336914,0.7327585220336914,0.0,0.0,0.0,0.0,0.0,0.0,0.0,0.0,0.0,0.0,0.0,0.0,0.0,1.0,1.0,0.0,0,0,0,0,0,0,0,0.0,0.0,0.2,0.0
17,1400,0,dpga,rpn,0.02155381813645363,-0.0,global_ddp_mean,2,0.0,1.0454849004745483,1.0454849004745483,0.0,0.0,0.0,0.0,0.0,0.0,0.0,0.0,0.0,0.0,0.0,0.0,0.0,1.0,1.0,0.0,0,0,0,0,0,0,0,0.0,0.0,0.2,0.0
17,1400,0,dpga,roi_shared,0.02155381813645363,-0.0,global_ddp_mean,2,0.0,1.5761064291000366,1.5761064291000366,0.0,0.0,0.0,0.0,0.0,0.0,0.0,0.0,0.0,0.0,0.0,0.0,0.0,1.0,1.0,0.0,0,0,0,0,0,0,0,0.0,0.0,0.2,0.0
17,1400,0,dpga,roi_cls,0.02155381813645363,-0.0,global_ddp_mean,2,0.0,0.9392959475517273,0.9392959475517273,0.0,0.0,0.0,0.0,0.0,0.0,0.0,0.0,0.0,0.0,0.0,0.0,0.0,1.0,1.0,0.0,0,0,0,0,0,0,0,0.0,0.0,0.2,0.0
17,1400,0,dpga,roi_reg,0.02155381813645363,-0.0,global_ddp_mean,2,0.0,1.2473782300949097,1.2473782300949097,0.0,0.0,0.0,0.0,0.0,0.0,0.0,0.0,0.0,0.0,0.0,0.0,0.0,1.0,1.0,0.0,0,0,0,0,0,0,0,0.0,0.0,0.2,0.0
18,0,0,dpga,backbone,0.14638110995292664,0.0,global_ddp_mean,2,0.0,10.76080322265625,10.76080322265625,0.0,0.0,0.0,0.0,0.0,0.0,0.0,0.0,0.0,0.0,0.0,0.0,0.0,1.0,1.0,0.0,0,0,0,0,0,0,0,0.0,0.0,0.2,0.0
18,0,0,dpga,fpn,0.14638110995292664,0.0,global_ddp_mean,2,0.0,2.155304431915283,2.155304431915283,0.0,0.0,0.0,0.0,0.0,0.0,0.0,0.0,0.0,0.0,0.0,0.0,0.0,1.0,1.0,0.0,0,0,0,0,0,0,0,0.0,0.0,0.2,0.0
18,0,0,dpga,rpn,0.14638110995292664,0.0,global_ddp_mean,2,0.0,1.7856731414794922,1.7856731414794922,0.0,0.0,0.0,0.0,0.0,0.0,0.0,0.0,0.0,0.0,0.0,0.0,0.0,1.0,1.0,0.0,0,0,0,0,0,0,0,0.0,0.0,0.2,0.0
18,0,0,dpga,roi_shared,0.14638110995292664,0.0,global_ddp_mean,2,0.0,4.466210842132568,4.466210842132568,0.0,0.0,0.0,0.0,0.0,0.0,0.0,0.0,0.0,0.0,0.0,0.0,0.0,1.0,1.0,0.0,0,0,0,0,0,0,0,0.0,0.0,0.2,0.0
18,0,0,dpga,roi_cls,0.14638110995292664,0.0,global_ddp_mean,2,0.0,3.93450665473938,3.93450665473938,0.0,0.0,0.0,0.0,0.0,0.0,0.0,0.0,0.0,0.0,0.0,0.0,0.0,1.0,1.0,0.0,0,0,0,0,0,0,0,0.0,0.0,0.2,0.0
18,0,0,dpga,roi_reg,0.14638110995292664,0.0,global_ddp_mean,2,0.0,1.122832179069519,1.122832179069519,0.0,0.0,0.0,0.0,0.0,0.0,0.0,0.0,0.0,0.0,0.0,0.0,0.0,1.0,1.0,0.0,0,0,0,0,0,0,0,0.0,0.0,0.2,0.0
18,100,0,dpga,backbone,0.2474280446767807,0.0,global_ddp_mean,2,0.0,5.194445610046387,5.194445610046387,0.0,0.0,0.0,0.0,0.0,0.0,0.0,0.0,0.0,0.0,0.0,0.0,0.0,1.0,1.0,0.0,0,0,0,0,0,0,0,0.0,0.0,0.2,0.0
18,100,0,dpga,fpn,0.2474280446767807,0.0,global_ddp_mean,2,0.0,0.998820960521698,0.998820960521698,0.0,0.0,0.0,0.0,0.0,0.0,0.0,0.0,0.0,0.0,0.0,0.0,0.0,1.0,1.0,0.0,0,0,0,0,0,0,0,0.0,0.0,0.2,0.0
18,100,0,dpga,rpn,0.2474280446767807,0.0,global_ddp_mean,2,0.0,1.5335460901260376,1.5335460901260376,0.0,0.0,0.0,0.0,0.0,0.0,0.0,0.0,0.0,0.0,0.0,0.0,0.0,1.0,1.0,0.0,0,0,0,0,0,0,0,0.0,0.0,0.2,0.0
18,100,0,dpga,roi_shared,0.2474280446767807,0.0,global_ddp_mean,2,0.0,2.0293331146240234,2.0293331146240234,0.0,0.0,0.0,0.0,0.0,0.0,0.0,0.0,0.0,0.0,0.0,0.0,0.0,1.0,1.0,0.0,0,0,0,0,0,0,0,0.0,0.0,0.2,0.0
18,100,0,dpga,roi_cls,0.2474280446767807,0.0,global_ddp_mean,2,0.0,1.1913836002349854,1.1913836002349854,0.0,0.0,0.0,0.0,0.0,0.0,0.0,0.0,0.0,0.0,0.0,0.0,0.0,1.0,1.0,0.0,0,0,0,0,0,0,0,0.0,0.0,0.2,0.0
18,100,0,dpga,roi_reg,0.2474280446767807,0.0,global_ddp_mean,2,0.0,1.4324930906295776,1.4324930906295776,0.0,0.0,0.0,0.0,0.0,0.0,0.0,0.0,0.0,0.0,0.0,0.0,0.0,1.0,1.0,0.0,0,0,0,0,0,0,0,0.0,0.0,0.2,0.0
18,200,0,dpga,backbone,0.021088242530822754,0.0,global_ddp_mean,2,0.0,9.330707550048828,9.330707550048828,0.0,0.0,0.0,0.0,0.0,0.0,0.0,0.0,0.0,0.0,0.0,0.0,0.0,1.0,1.0,0.0,0,0,0,0,0,0,0,0.0,0.0,0.2,0.0
18,200,0,dpga,fpn,0.021088242530822754,0.0,global_ddp_mean,2,0.0,1.119687795639038,1.119687795639038,0.0,0.0,0.0,0.0,0.0,0.0,0.0,0.0,0.0,0.0,0.0,0.0,0.0,1.0,1.0,0.0,0,0,0,0,0,0,0,0.0,0.0,0.2,0.0
18,200,0,dpga,rpn,0.021088242530822754,0.0,global_ddp_mean,2,0.0,1.7177081108093262,1.7177081108093262,0.0,0.0,0.0,0.0,0.0,0.0,0.0,0.0,0.0,0.0,0.0,0.0,0.0,1.0,1.0,0.0,0,0,0,0,0,0,0,0.0,0.0,0.2,0.0
18,200,0,dpga,roi_shared,0.021088242530822754,0.0,global_ddp_mean,2,0.0,1.9127315282821655,1.9127315282821655,0.0,0.0,0.0,0.0,0.0,0.0,0.0,0.0,0.0,0.0,0.0,0.0,0.0,1.0,1.0,0.0,0,0,0,0,0,0,0,0.0,0.0,0.2,0.0
18,200,0,dpga,roi_cls,0.021088242530822754,0.0,global_ddp_mean,2,0.0,1.4357187747955322,1.4357187747955322,0.0,0.0,0.0,0.0,0.0,0.0,0.0,0.0,0.0,0.0,0.0,0.0,0.0,1.0,1.0,0.0,0,0,0,0,0,0,0,0.0,0.0,0.2,0.0
18,200,0,dpga,roi_reg,0.021088242530822754,0.0,global_ddp_mean,2,0.0,0.5384337902069092,0.5384337902069092,0.0,0.0,0.0,0.0,0.0,0.0,0.0,0.0,0.0,0.0,0.0,0.0,0.0,1.0,1.0,0.0,0,0,0,0,0,0,0,0.0,0.0,0.2,0.0
18,300,0,dpga,backbone,1.1751028299331665,0.0,global_ddp_mean,2,0.0,61.13594055175781,61.13594055175781,0.0,0.0,0.0,0.0,0.0,0.0,0.0,0.0,0.0,0.0,0.0,0.0,0.0,1.0,1.0,0.0,0,0,0,0,0,0,0,0.0,0.0,0.2,0.0
18,300,0,dpga,fpn,1.1751028299331665,0.0,global_ddp_mean,2,0.0,7.632423400878906,7.632423400878906,0.0,0.0,0.0,0.0,0.0,0.0,0.0,0.0,0.0,0.0,0.0,0.0,0.0,1.0,1.0,0.0,0,0,0,0,0,0,0,0.0,0.0,0.2,0.0
18,300,0,dpga,rpn,1.1751028299331665,0.0,global_ddp_mean,2,0.0,7.304534435272217,7.304534435272217,0.0,0.0,0.0,0.0,0.0,0.0,0.0,0.0,0.0,0.0,0.0,0.0,0.0,1.0,1.0,0.0,0,0,0,0,0,0,0,0.0,0.0,0.2,0.0
18,300,0,dpga,roi_shared,1.1751028299331665,0.0,global_ddp_mean,2,0.0,14.035447120666504,14.035447120666504,0.0,0.0,0.0,0.0,0.0,0.0,0.0,0.0,0.0,0.0,0.0,0.0,0.0,1.0,1.0,0.0,0,0,0,0,0,0,0,0.0,0.0,0.2,0.0
18,300,0,dpga,roi_cls,1.1751028299331665,0.0,global_ddp_mean,2,0.0,10.96857738494873,10.96857738494873,0.0,0.0,0.0,0.0,0.0,0.0,0.0,0.0,0.0,0.0,0.0,0.0,0.0,1.0,1.0,0.0,0,0,0,0,0,0,0,0.0,0.0,0.2,0.0
18,300,0,dpga,roi_reg,1.1751028299331665,0.0,global_ddp_mean,2,0.0,3.238246202468872,3.238246202468872,0.0,0.0,0.0,0.0,0.0,0.0,0.0,0.0,0.0,0.0,0.0,0.0,0.0,1.0,1.0,0.0,0,0,0,0,0,0,0,0.0,0.0,0.2,0.0
18,400,0,dpga,backbone,0.00672663189470768,0.0,global_ddp_mean,2,0.0,5.59882926940918,5.59882926940918,0.0,0.0,0.0,0.0,0.0,0.0,0.0,0.0,0.0,0.0,0.0,0.0,0.0,1.0,1.0,0.0,0,0,0,0,0,0,0,0.0,0.0,0.2,0.0
18,400,0,dpga,fpn,0.00672663189470768,0.0,global_ddp_mean,2,0.0,0.8062424063682556,0.8062424063682556,0.0,0.0,0.0,0.0,0.0,0.0,0.0,0.0,0.0,0.0,0.0,0.0,0.0,1.0,1.0,0.0,0,0,0,0,0,0,0,0.0,0.0,0.2,0.0
18,400,0,dpga,rpn,0.00672663189470768,0.0,global_ddp_mean,2,0.0,0.94486403465271,0.94486403465271,0.0,0.0,0.0,0.0,0.0,0.0,0.0,0.0,0.0,0.0,0.0,0.0,0.0,1.0,1.0,0.0,0,0,0,0,0,0,0,0.0,0.0,0.2,0.0
18,400,0,dpga,roi_shared,0.00672663189470768,0.0,global_ddp_mean,2,0.0,1.7903335094451904,1.7903335094451904,0.0,0.0,0.0,0.0,0.0,0.0,0.0,0.0,0.0,0.0,0.0,0.0,0.0,1.0,1.0,0.0,0,0,0,0,0,0,0,0.0,0.0,0.2,0.0
18,400,0,dpga,roi_cls,0.00672663189470768,0.0,global_ddp_mean,2,0.0,0.7692126631736755,0.7692126631736755,0.0,0.0,0.0,0.0,0.0,0.0,0.0,0.0,0.0,0.0,0.0,0.0,0.0,1.0,1.0,0.0,0,0,0,0,0,0,0,0.0,0.0,0.2,0.0
18,400,0,dpga,roi_reg,0.00672663189470768,0.0,global_ddp_mean,2,0.0,1.442898154258728,1.442898154258728,0.0,0.0,0.0,0.0,0.0,0.0,0.0,0.0,0.0,0.0,0.0,0.0,0.0,1.0,1.0,0.0,0,0,0,0,0,0,0,0.0,0.0,0.2,0.0
18,500,0,dpga,backbone,1.276294231414795,0.0,global_ddp_mean,2,0.0,35.452484130859375,35.452484130859375,0.0,0.0,0.0,0.0,0.0,0.0,0.0,0.0,0.0,0.0,0.0,0.0,0.0,1.0,1.0,0.0,0,0,0,0,0,0,0,0.0,0.0,0.2,0.0
18,500,0,dpga,fpn,1.276294231414795,0.0,global_ddp_mean,2,0.0,6.205076694488525,6.205076694488525,0.0,0.0,0.0,0.0,0.0,0.0,0.0,0.0,0.0,0.0,0.0,0.0,0.0,1.0,1.0,0.0,0,0,0,0,0,0,0,0.0,0.0,0.2,0.0
18,500,0,dpga,rpn,1.276294231414795,0.0,global_ddp_mean,2,0.0,6.940399169921875,6.940399169921875,0.0,0.0,0.0,0.0,0.0,0.0,0.0,0.0,0.0,0.0,0.0,0.0,0.0,1.0,1.0,0.0,0,0,0,0,0,0,0,0.0,0.0,0.2,0.0
18,500,0,dpga,roi_shared,1.276294231414795,0.0,global_ddp_mean,2,0.0,12.089049339294434,12.089049339294434,0.0,0.0,0.0,0.0,0.0,0.0,0.0,0.0,0.0,0.0,0.0,0.0,0.0,1.0,1.0,0.0,0,0,0,0,0,0,0,0.0,0.0,0.2,0.0
18,500,0,dpga,roi_cls,1.276294231414795,0.0,global_ddp_mean,2,0.0,13.285984992980957,13.285984992980957,0.0,0.0,0.0,0.0,0.0,0.0,0.0,0.0,0.0,0.0,0.0,0.0,0.0,1.0,1.0,0.0,0,0,0,0,0,0,0,0.0,0.0,0.2,0.0
18,500,0,dpga,roi_reg,1.276294231414795,0.0,global_ddp_mean,2,0.0,5.133190631866455,5.133190631866455,0.0,0.0,0.0,0.0,0.0,0.0,0.0,0.0,0.0,0.0,0.0,0.0,0.0,1.0,1.0,0.0,0,0,0,0,0,0,0,0.0,0.0,0.2,0.0
18,600,0,dpga,backbone,0.0166727714240551,0.0,global_ddp_mean,2,0.0,6.185736656188965,6.185736656188965,0.0,0.0,0.0,0.0,0.0,0.0,0.0,0.0,0.0,0.0,0.0,0.0,0.0,1.0,1.0,0.0,0,0,0,0,0,0,0,0.0,0.0,0.2,0.0
18,600,0,dpga,fpn,0.0166727714240551,0.0,global_ddp_mean,2,0.0,1.007790446281433,1.007790446281433,0.0,0.0,0.0,0.0,0.0,0.0,0.0,0.0,0.0,0.0,0.0,0.0,0.0,1.0,1.0,0.0,0,0,0,0,0,0,0,0.0,0.0,0.2,0.0
18,600,0,dpga,rpn,0.0166727714240551,0.0,global_ddp_mean,2,0.0,2.1710519790649414,2.1710519790649414,0.0,0.0,0.0,0.0,0.0,0.0,0.0,0.0,0.0,0.0,0.0,0.0,0.0,1.0,1.0,0.0,0,0,0,0,0,0,0,0.0,0.0,0.2,0.0
18,600,0,dpga,roi_shared,0.0166727714240551,0.0,global_ddp_mean,2,0.0,0.0,0.0,0.0,0.0,0.0,0.0,0.0,0.0,0.0,0.0,0.0,0.0,0.0,0.0,0.0,0.0,0.0,90.0,0,0,0,0,0,0,0,0.0,0.0,0.2,0.0
18,600,0,dpga,roi_cls,0.0166727714240551,0.0,global_ddp_mean,2,0.0,0.0,0.0,0.0,0.0,0.0,0.0,0.0,0.0,0.0,0.0,0.0,0.0,0.0,0.0,0.0,0.0,0.0,90.0,0,0,0,0,0,0,0,0.0,0.0,0.2,0.0
18,600,0,dpga,roi_reg,0.0166727714240551,0.0,global_ddp_mean,2,0.0,0.0,0.0,0.0,0.0,0.0,0.0,0.0,0.0,0.0,0.0,0.0,0.0,0.0,0.0,0.0,0.0,0.0,90.0,0,0,0,0,0,0,0,0.0,0.0,0.2,0.0
18,700,0,dpga,backbone,0.1646759808063507,0.0,global_ddp_mean,2,0.0,9.878682136535645,9.878682136535645,0.0,0.0,0.0,0.0,0.0,0.0,0.0,0.0,0.0,0.0,0.0,0.0,0.0,1.0,1.0,0.0,0,0,0,0,0,0,0,0.0,0.0,0.2,0.0
18,700,0,dpga,fpn,0.1646759808063507,0.0,global_ddp_mean,2,0.0,1.375324010848999,1.375324010848999,0.0,0.0,0.0,0.0,0.0,0.0,0.0,0.0,0.0,0.0,0.0,0.0,0.0,1.0,1.0,0.0,0,0,0,0,0,0,0,0.0,0.0,0.2,0.0
18,700,0,dpga,rpn,0.1646759808063507,0.0,global_ddp_mean,2,0.0,1.177468180656433,1.177468180656433,0.0,0.0,0.0,0.0,0.0,0.0,0.0,0.0,0.0,0.0,0.0,0.0,0.0,1.0,1.0,0.0,0,0,0,0,0,0,0,0.0,0.0,0.2,0.0
18,700,0,dpga,roi_shared,0.1646759808063507,0.0,global_ddp_mean,2,0.0,2.6474692821502686,2.6474692821502686,0.0,0.0,0.0,0.0,0.0,0.0,0.0,0.0,0.0,0.0,0.0,0.0,0.0,1.0,1.0,0.0,0,0,0,0,0,0,0,0.0,0.0,0.2,0.0
18,700,0,dpga,roi_cls,0.1646759808063507,0.0,global_ddp_mean,2,0.0,2.268977165222168,2.268977165222168,0.0,0.0,0.0,0.0,0.0,0.0,0.0,0.0,0.0,0.0,0.0,0.0,0.0,1.0,1.0,0.0,0,0,0,0,0,0,0,0.0,0.0,0.2,0.0
18,700,0,dpga,roi_reg,0.1646759808063507,0.0,global_ddp_mean,2,0.0,1.1340793371200562,1.1340793371200562,0.0,0.0,0.0,0.0,0.0,0.0,0.0,0.0,0.0,0.0,0.0,0.0,0.0,1.0,1.0,0.0,0,0,0,0,0,0,0,0.0,0.0,0.2,0.0
18,800,0,dpga,backbone,0.011335691437125206,0.0,global_ddp_mean,2,0.0,4.666458606719971,4.666458606719971,0.0,0.0,0.0,0.0,0.0,0.0,0.0,0.0,0.0,0.0,0.0,0.0,0.0,1.0,1.0,0.0,0,0,0,0,0,0,0,0.0,0.0,0.2,0.0
18,800,0,dpga,fpn,0.011335691437125206,0.0,global_ddp_mean,2,0.0,0.44163715839385986,0.44163715839385986,0.0,0.0,0.0,0.0,0.0,0.0,0.0,0.0,0.0,0.0,0.0,0.0,0.0,1.0,1.0,0.0,0,0,0,0,0,0,0,0.0,0.0,0.2,0.0
18,800,0,dpga,rpn,0.011335691437125206,0.0,global_ddp_mean,2,0.0,0.7274614572525024,0.7274614572525024,0.0,0.0,0.0,0.0,0.0,0.0,0.0,0.0,0.0,0.0,0.0,0.0,0.0,1.0,1.0,0.0,0,0,0,0,0,0,0,0.0,0.0,0.2,0.0
18,800,0,dpga,roi_shared,0.011335691437125206,0.0,global_ddp_mean,2,0.0,0.0,0.0,0.0,0.0,0.0,0.0,0.0,0.0,0.0,0.0,0.0,0.0,0.0,0.0,0.0,0.0,0.0,90.0,0,0,0,0,0,0,0,0.0,0.0,0.2,0.0
18,800,0,dpga,roi_cls,0.011335691437125206,0.0,global_ddp_mean,2,0.0,0.0,0.0,0.0,0.0,0.0,0.0,0.0,0.0,0.0,0.0,0.0,0.0,0.0,0.0,0.0,0.0,0.0,90.0,0,0,0,0,0,0,0,0.0,0.0,0.2,0.0
18,800,0,dpga,roi_reg,0.011335691437125206,0.0,global_ddp_mean,2,0.0,0.0,0.0,0.0,0.0,0.0,0.0,0.0,0.0,0.0,0.0,0.0,0.0,0.0,0.0,0.0,0.0,0.0,90.0,0,0,0,0,0,0,0,0.0,0.0,0.2,0.0
18,900,0,dpga,backbone,0.2571040987968445,0.0,global_ddp_mean,2,0.0,16.685659408569336,16.685659408569336,0.0,0.0,0.0,0.0,0.0,0.0,0.0,0.0,0.0,0.0,0.0,0.0,0.0,1.0,1.0,0.0,0,0,0,0,0,0,0,0.0,0.0,0.2,0.0
18,900,0,dpga,fpn,0.2571040987968445,0.0,global_ddp_mean,2,0.0,1.7777191400527954,1.7777191400527954,0.0,0.0,0.0,0.0,0.0,0.0,0.0,0.0,0.0,0.0,0.0,0.0,0.0,1.0,1.0,0.0,0,0,0,0,0,0,0,0.0,0.0,0.2,0.0
18,900,0,dpga,rpn,0.2571040987968445,0.0,global_ddp_mean,2,0.0,1.5751471519470215,1.5751471519470215,0.0,0.0,0.0,0.0,0.0,0.0,0.0,0.0,0.0,0.0,0.0,0.0,0.0,1.0,1.0,0.0,0,0,0,0,0,0,0,0.0,0.0,0.2,0.0
18,900,0,dpga,roi_shared,0.2571040987968445,0.0,global_ddp_mean,2,0.0,3.417017698287964,3.417017698287964,0.0,0.0,0.0,0.0,0.0,0.0,0.0,0.0,0.0,0.0,0.0,0.0,0.0,1.0,1.0,0.0,0,0,0,0,0,0,0,0.0,0.0,0.2,0.0
18,900,0,dpga,roi_cls,0.2571040987968445,0.0,global_ddp_mean,2,0.0,1.79190993309021,1.79190993309021,0.0,0.0,0.0,0.0,0.0,0.0,0.0,0.0,0.0,0.0,0.0,0.0,0.0,1.0,1.0,0.0,0,0,0,0,0,0,0,0.0,0.0,0.2,0.0
18,900,0,dpga,roi_reg,0.2571040987968445,0.0,global_ddp_mean,2,0.0,1.3295629024505615,1.3295629024505615,0.0,0.0,0.0,0.0,0.0,0.0,0.0,0.0,0.0,0.0,0.0,0.0,0.0,1.0,1.0,0.0,0,0,0,0,0,0,0,0.0,0.0,0.2,0.0
18,1000,0,dpga,backbone,0.15981018543243408,0.0,global_ddp_mean,2,0.0,15.502134323120117,15.502134323120117,0.0,0.0,0.0,0.0,0.0,0.0,0.0,0.0,0.0,0.0,0.0,0.0,0.0,1.0,1.0,0.0,0,0,0,0,0,0,0,0.0,0.0,0.2,0.0
18,1000,0,dpga,fpn,0.15981018543243408,0.0,global_ddp_mean,2,0.0,4.181092262268066,4.181092262268066,0.0,0.0,0.0,0.0,0.0,0.0,0.0,0.0,0.0,0.0,0.0,0.0,0.0,1.0,1.0,0.0,0,0,0,0,0,0,0,0.0,0.0,0.2,0.0
18,1000,0,dpga,rpn,0.15981018543243408,0.0,global_ddp_mean,2,0.0,5.033153057098389,5.033153057098389,0.0,0.0,0.0,0.0,0.0,0.0,0.0,0.0,0.0,0.0,0.0,0.0,0.0,1.0,1.0,0.0,0,0,0,0,0,0,0,0.0,0.0,0.2,0.0
18,1000,0,dpga,roi_shared,0.15981018543243408,0.0,global_ddp_mean,2,0.0,8.988041877746582,8.988041877746582,0.0,0.0,0.0,0.0,0.0,0.0,0.0,0.0,0.0,0.0,0.0,0.0,0.0,1.0,1.0,0.0,0,0,0,0,0,0,0,0.0,0.0,0.2,0.0
18,1000,0,dpga,roi_cls,0.15981018543243408,0.0,global_ddp_mean,2,0.0,7.231772422790527,7.231772422790527,0.0,0.0,0.0,0.0,0.0,0.0,0.0,0.0,0.0,0.0,0.0,0.0,0.0,1.0,1.0,0.0,0,0,0,0,0,0,0,0.0,0.0,0.2,0.0
18,1000,0,dpga,roi_reg,0.15981018543243408,0.0,global_ddp_mean,2,0.0,3.695012092590332,3.695012092590332,0.0,0.0,0.0,0.0,0.0,0.0,0.0,0.0,0.0,0.0,0.0,0.0,0.0,1.0,1.0,0.0,0,0,0,0,0,0,0,0.0,0.0,0.2,0.0
18,1100,0,dpga,backbone,0.22800543904304504,0.0,global_ddp_mean,2,0.0,12.508770942687988,12.508770942687988,0.0,0.0,0.0,0.0,0.0,0.0,0.0,0.0,0.0,0.0,0.0,0.0,0.0,1.0,1.0,0.0,0,0,0,0,0,0,0,0.0,0.0,0.2,0.0
18,1100,0,dpga,fpn,0.22800543904304504,0.0,global_ddp_mean,2,0.0,2.414822578430176,2.414822578430176,0.0,0.0,0.0,0.0,0.0,0.0,0.0,0.0,0.0,0.0,0.0,0.0,0.0,1.0,1.0,0.0,0,0,0,0,0,0,0,0.0,0.0,0.2,0.0
18,1100,0,dpga,rpn,0.22800543904304504,0.0,global_ddp_mean,2,0.0,3.195751905441284,3.195751905441284,0.0,0.0,0.0,0.0,0.0,0.0,0.0,0.0,0.0,0.0,0.0,0.0,0.0,1.0,1.0,0.0,0,0,0,0,0,0,0,0.0,0.0,0.2,0.0
18,1100,0,dpga,roi_shared,0.22800543904304504,0.0,global_ddp_mean,2,0.0,4.32315731048584,4.32315731048584,0.0,0.0,0.0,0.0,0.0,0.0,0.0,0.0,0.0,0.0,0.0,0.0,0.0,1.0,1.0,0.0,0,0,0,0,0,0,0,0.0,0.0,0.2,0.0
18,1100,0,dpga,roi_cls,0.22800543904304504,0.0,global_ddp_mean,2,0.0,2.292634963989258,2.292634963989258,0.0,0.0,0.0,0.0,0.0,0.0,0.0,0.0,0.0,0.0,0.0,0.0,0.0,1.0,1.0,0.0,0,0,0,0,0,0,0,0.0,0.0,0.2,0.0
18,1100,0,dpga,roi_reg,0.22800543904304504,0.0,global_ddp_mean,2,0.0,3.612370014190674,3.612370014190674,0.0,0.0,0.0,0.0,0.0,0.0,0.0,0.0,0.0,0.0,0.0,0.0,0.0,1.0,1.0,0.0,0,0,0,0,0,0,0,0.0,0.0,0.2,0.0
18,1200,0,dpga,backbone,0.894564688205719,0.0,global_ddp_mean,2,0.0,36.137237548828125,36.137237548828125,0.0,0.0,0.0,0.0,0.0,0.0,0.0,0.0,0.0,0.0,0.0,0.0,0.0,1.0,1.0,0.0,0,0,0,0,0,0,0,0.0,0.0,0.2,0.0
18,1200,0,dpga,fpn,0.894564688205719,0.0,global_ddp_mean,2,0.0,4.506407260894775,4.506407260894775,0.0,0.0,0.0,0.0,0.0,0.0,0.0,0.0,0.0,0.0,0.0,0.0,0.0,1.0,1.0,0.0,0,0,0,0,0,0,0,0.0,0.0,0.2,0.0
18,1200,0,dpga,rpn,0.894564688205719,0.0,global_ddp_mean,2,0.0,3.9044744968414307,3.9044744968414307,0.0,0.0,0.0,0.0,0.0,0.0,0.0,0.0,0.0,0.0,0.0,0.0,0.0,1.0,1.0,0.0,0,0,0,0,0,0,0,0.0,0.0,0.2,0.0
18,1200,0,dpga,roi_shared,0.894564688205719,0.0,global_ddp_mean,2,0.0,8.335556983947754,8.335556983947754,0.0,0.0,0.0,0.0,0.0,0.0,0.0,0.0,0.0,0.0,0.0,0.0,0.0,1.0,1.0,0.0,0,0,0,0,0,0,0,0.0,0.0,0.2,0.0
18,1200,0,dpga,roi_cls,0.894564688205719,0.0,global_ddp_mean,2,0.0,5.6513848304748535,5.6513848304748535,0.0,0.0,0.0,0.0,0.0,0.0,0.0,0.0,0.0,0.0,0.0,0.0,0.0,1.0,1.0,0.0,0,0,0,0,0,0,0,0.0,0.0,0.2,0.0
18,1200,0,dpga,roi_reg,0.894564688205719,0.0,global_ddp_mean,2,0.0,2.684770107269287,2.684770107269287,0.0,0.0,0.0,0.0,0.0,0.0,0.0,0.0,0.0,0.0,0.0,0.0,0.0,1.0,1.0,0.0,0,0,0,0,0,0,0,0.0,0.0,0.2,0.0
18,1300,0,dpga,backbone,0.013432448729872704,0.0,global_ddp_mean,2,0.0,24.178421020507812,24.178421020507812,0.0,0.0,0.0,0.0,0.0,0.0,0.0,0.0,0.0,0.0,0.0,0.0,0.0,1.0,1.0,0.0,0,0,0,0,0,0,0,0.0,0.0,0.2,0.0
18,1300,0,dpga,fpn,0.013432448729872704,0.0,global_ddp_mean,2,0.0,3.9125568866729736,3.9125568866729736,0.0,0.0,0.0,0.0,0.0,0.0,0.0,0.0,0.0,0.0,0.0,0.0,0.0,1.0,1.0,0.0,0,0,0,0,0,0,0,0.0,0.0,0.2,0.0
18,1300,0,dpga,rpn,0.013432448729872704,0.0,global_ddp_mean,2,0.0,2.035210371017456,2.035210371017456,0.0,0.0,0.0,0.0,0.0,0.0,0.0,0.0,0.0,0.0,0.0,0.0,0.0,1.0,1.0,0.0,0,0,0,0,0,0,0,0.0,0.0,0.2,0.0
18,1300,0,dpga,roi_shared,0.013432448729872704,0.0,global_ddp_mean,2,0.0,8.098478317260742,8.098478317260742,0.0,0.0,0.0,0.0,0.0,0.0,0.0,0.0,0.0,0.0,0.0,0.0,0.0,1.0,1.0,0.0,0,0,0,0,0,0,0,0.0,0.0,0.2,0.0
18,1300,0,dpga,roi_cls,0.013432448729872704,0.0,global_ddp_mean,2,0.0,5.338848114013672,5.338848114013672,0.0,0.0,0.0,0.0,0.0,0.0,0.0,0.0,0.0,0.0,0.0,0.0,0.0,1.0,1.0,0.0,0,0,0,0,0,0,0,0.0,0.0,0.2,0.0
18,1300,0,dpga,roi_reg,0.013432448729872704,0.0,global_ddp_mean,2,0.0,2.294846296310425,2.294846296310425,0.0,0.0,0.0,0.0,0.0,0.0,0.0,0.0,0.0,0.0,0.0,0.0,0.0,1.0,1.0,0.0,0,0,0,0,0,0,0,0.0,0.0,0.2,0.0
18,1400,0,dpga,backbone,0.07791909575462341,0.0,global_ddp_mean,2,0.0,8.28377914428711,8.28377914428711,0.0,0.0,0.0,0.0,0.0,0.0,0.0,0.0,0.0,0.0,0.0,0.0,0.0,1.0,1.0,0.0,0,0,0,0,0,0,0,0.0,0.0,0.2,0.0
18,1400,0,dpga,fpn,0.07791909575462341,0.0,global_ddp_mean,2,0.0,1.1606781482696533,1.1606781482696533,0.0,0.0,0.0,0.0,0.0,0.0,0.0,0.0,0.0,0.0,0.0,0.0,0.0,1.0,1.0,0.0,0,0,0,0,0,0,0,0.0,0.0,0.2,0.0
18,1400,0,dpga,rpn,0.07791909575462341,0.0,global_ddp_mean,2,0.0,1.0568974018096924,1.0568974018096924,0.0,0.0,0.0,0.0,0.0,0.0,0.0,0.0,0.0,0.0,0.0,0.0,0.0,1.0,1.0,0.0,0,0,0,0,0,0,0,0.0,0.0,0.2,0.0
18,1400,0,dpga,roi_shared,0.07791909575462341,0.0,global_ddp_mean,2,0.0,2.981775999069214,2.981775999069214,0.0,0.0,0.0,0.0,0.0,0.0,0.0,0.0,0.0,0.0,0.0,0.0,0.0,1.0,1.0,0.0,0,0,0,0,0,0,0,0.0,0.0,0.2,0.0
18,1400,0,dpga,roi_cls,0.07791909575462341,0.0,global_ddp_mean,2,0.0,2.0960705280303955,2.0960705280303955,0.0,0.0,0.0,0.0,0.0,0.0,0.0,0.0,0.0,0.0,0.0,0.0,0.0,1.0,1.0,0.0,0,0,0,0,0,0,0,0.0,0.0,0.2,0.0
18,1400,0,dpga,roi_reg,0.07791909575462341,0.0,global_ddp_mean,2,0.0,1.0468089580535889,1.0468089580535889,0.0,0.0,0.0,0.0,0.0,0.0,0.0,0.0,0.0,0.0,0.0,0.0,0.0,1.0,1.0,0.0,0,0,0,0,0,0,0,0.0,0.0,0.2,0.0
19,0,0,dpga,backbone,0.3196050226688385,-0.0,global_ddp_mean,2,0.0,12.146560668945312,12.146560668945312,0.0,0.0,0.0,0.0,0.0,0.0,0.0,0.0,0.0,0.0,0.0,0.0,0.0,1.0,1.0,0.0,0,0,0,0,0,0,0,0.0,0.0,0.2,0.0
19,0,0,dpga,fpn,0.3196050226688385,-0.0,global_ddp_mean,2,0.0,1.9406030178070068,1.9406030178070068,0.0,0.0,0.0,0.0,0.0,0.0,0.0,0.0,0.0,0.0,0.0,0.0,0.0,1.0,1.0,0.0,0,0,0,0,0,0,0,0.0,0.0,0.2,0.0
19,0,0,dpga,rpn,0.3196050226688385,-0.0,global_ddp_mean,2,0.0,3.511045455932617,3.511045455932617,0.0,0.0,0.0,0.0,0.0,0.0,0.0,0.0,0.0,0.0,0.0,0.0,0.0,1.0,1.0,0.0,0,0,0,0,0,0,0,0.0,0.0,0.2,0.0
19,0,0,dpga,roi_shared,0.3196050226688385,-0.0,global_ddp_mean,2,0.0,2.805262565612793,2.805262565612793,0.0,0.0,0.0,0.0,0.0,0.0,0.0,0.0,0.0,0.0,0.0,0.0,0.0,1.0,1.0,0.0,0,0,0,0,0,0,0,0.0,0.0,0.2,0.0
19,0,0,dpga,roi_cls,0.3196050226688385,-0.0,global_ddp_mean,2,0.0,1.4799059629440308,1.4799059629440308,0.0,0.0,0.0,0.0,0.0,0.0,0.0,0.0,0.0,0.0,0.0,0.0,0.0,1.0,1.0,0.0,0,0,0,0,0,0,0,0.0,0.0,0.2,0.0
19,0,0,dpga,roi_reg,0.3196050226688385,-0.0,global_ddp_mean,2,0.0,1.8204059600830078,1.8204059600830078,0.0,0.0,0.0,0.0,0.0,0.0,0.0,0.0,0.0,0.0,0.0,0.0,0.0,1.0,1.0,0.0,0,0,0,0,0,0,0,0.0,0.0,0.2,0.0
19,100,0,dpga,backbone,0.1019107773900032,0.0,global_ddp_mean,2,0.0,7.300297737121582,7.300297737121582,0.0,0.0,0.0,0.0,0.0,0.0,0.0,0.0,0.0,0.0,0.0,0.0,0.0,1.0,1.0,0.0,0,0,0,0,0,0,0,0.0,0.0,0.2,0.0
19,100,0,dpga,fpn,0.1019107773900032,0.0,global_ddp_mean,2,0.0,1.3742016553878784,1.3742016553878784,0.0,0.0,0.0,0.0,0.0,0.0,0.0,0.0,0.0,0.0,0.0,0.0,0.0,1.0,1.0,0.0,0,0,0,0,0,0,0,0.0,0.0,0.2,0.0
19,100,0,dpga,rpn,0.1019107773900032,0.0,global_ddp_mean,2,0.0,2.248471260070801,2.248471260070801,0.0,0.0,0.0,0.0,0.0,0.0,0.0,0.0,0.0,0.0,0.0,0.0,0.0,1.0,1.0,0.0,0,0,0,0,0,0,0,0.0,0.0,0.2,0.0
19,100,0,dpga,roi_shared,0.1019107773900032,0.0,global_ddp_mean,2,0.0,2.98521089553833,2.98521089553833,0.0,0.0,0.0,0.0,0.0,0.0,0.0,0.0,0.0,0.0,0.0,0.0,0.0,1.0,1.0,0.0,0,0,0,0,0,0,0,0.0,0.0,0.2,0.0
19,100,0,dpga,roi_cls,0.1019107773900032,0.0,global_ddp_mean,2,0.0,2.2442119121551514,2.2442119121551514,0.0,0.0,0.0,0.0,0.0,0.0,0.0,0.0,0.0,0.0,0.0,0.0,0.0,1.0,1.0,0.0,0,0,0,0,0,0,0,0.0,0.0,0.2,0.0
19,100,0,dpga,roi_reg,0.1019107773900032,0.0,global_ddp_mean,2,0.0,2.2002103328704834,2.2002103328704834,0.0,0.0,0.0,0.0,0.0,0.0,0.0,0.0,0.0,0.0,0.0,0.0,0.0,1.0,1.0,0.0,0,0,0,0,0,0,0,0.0,0.0,0.2,0.0
19,200,0,dpga,backbone,0.5874652862548828,0.0,global_ddp_mean,2,0.0,22.271987915039062,22.271987915039062,0.0,0.0,0.0,0.0,0.0,0.0,0.0,0.0,0.0,0.0,0.0,0.0,0.0,1.0,1.0,0.0,0,0,0,0,0,0,0,0.0,0.0,0.2,0.0
19,200,0,dpga,fpn,0.5874652862548828,0.0,global_ddp_mean,2,0.0,4.428946018218994,4.428946018218994,0.0,0.0,0.0,0.0,0.0,0.0,0.0,0.0,0.0,0.0,0.0,0.0,0.0,1.0,1.0,0.0,0,0,0,0,0,0,0,0.0,0.0,0.2,0.0
19,200,0,dpga,rpn,0.5874652862548828,0.0,global_ddp_mean,2,0.0,2.831784248352051,2.831784248352051,0.0,0.0,0.0,0.0,0.0,0.0,0.0,0.0,0.0,0.0,0.0,0.0,0.0,1.0,1.0,0.0,0,0,0,0,0,0,0,0.0,0.0,0.2,0.0
19,200,0,dpga,roi_shared,0.5874652862548828,0.0,global_ddp_mean,2,0.0,9.685714721679688,9.685714721679688,0.0,0.0,0.0,0.0,0.0,0.0,0.0,0.0,0.0,0.0,0.0,0.0,0.0,1.0,1.0,0.0,0,0,0,0,0,0,0,0.0,0.0,0.2,0.0
19,200,0,dpga,roi_cls,0.5874652862548828,0.0,global_ddp_mean,2,0.0,6.549711227416992,6.549711227416992,0.0,0.0,0.0,0.0,0.0,0.0,0.0,0.0,0.0,0.0,0.0,0.0,0.0,1.0,1.0,0.0,0,0,0,0,0,0,0,0.0,0.0,0.2,0.0
19,200,0,dpga,roi_reg,0.5874652862548828,0.0,global_ddp_mean,2,0.0,2.682894706726074,2.682894706726074,0.0,0.0,0.0,0.0,0.0,0.0,0.0,0.0,0.0,0.0,0.0,0.0,0.0,1.0,1.0,0.0,0,0,0,0,0,0,0,0.0,0.0,0.2,0.0
19,300,0,dpga,backbone,0.20215418934822083,-0.0,global_ddp_mean,2,0.0,12.693340301513672,12.693340301513672,0.0,0.0,0.0,0.0,0.0,0.0,0.0,0.0,0.0,0.0,0.0,0.0,0.0,1.0,1.0,0.0,0,0,0,0,0,0,0,0.0,0.0,0.2,0.0
19,300,0,dpga,fpn,0.20215418934822083,-0.0,global_ddp_mean,2,0.0,1.935685396194458,1.935685396194458,0.0,0.0,0.0,0.0,0.0,0.0,0.0,0.0,0.0,0.0,0.0,0.0,0.0,1.0,1.0,0.0,0,0,0,0,0,0,0,0.0,0.0,0.2,0.0
19,300,0,dpga,rpn,0.20215418934822083,-0.0,global_ddp_mean,2,0.0,3.47330904006958,3.47330904006958,0.0,0.0,0.0,0.0,0.0,0.0,0.0,0.0,0.0,0.0,0.0,0.0,0.0,1.0,1.0,0.0,0,0,0,0,0,0,0,0.0,0.0,0.2,0.0
19,300,0,dpga,roi_shared,0.20215418934822083,-0.0,global_ddp_mean,2,0.0,3.462595224380493,3.462595224380493,0.0,0.0,0.0,0.0,0.0,0.0,0.0,0.0,0.0,0.0,0.0,0.0,0.0,1.0,1.0,0.0,0,0,0,0,0,0,0,0.0,0.0,0.2,0.0
19,300,0,dpga,roi_cls,0.20215418934822083,-0.0,global_ddp_mean,2,0.0,2.3825039863586426,2.3825039863586426,0.0,0.0,0.0,0.0,0.0,0.0,0.0,0.0,0.0,0.0,0.0,0.0,0.0,1.0,1.0,0.0,0,0,0,0,0,0,0,0.0,0.0,0.2,0.0
19,300,0,dpga,roi_reg,0.20215418934822083,-0.0,global_ddp_mean,2,0.0,2.600348949432373,2.600348949432373,0.0,0.0,0.0,0.0,0.0,0.0,0.0,0.0,0.0,0.0,0.0,0.0,0.0,1.0,1.0,0.0,0,0,0,0,0,0,0,0.0,0.0,0.2,0.0
19,400,0,dpga,backbone,0.9932964444160461,-0.0,global_ddp_mean,2,0.0,107.3841323852539,107.3841323852539,0.0,0.0,0.0,0.0,0.0,0.0,0.0,0.0,0.0,0.0,0.0,0.0,0.0,1.0,1.0,0.0,0,0,0,0,0,0,0,0.0,0.0,0.2,0.0
19,400,0,dpga,fpn,0.9932964444160461,-0.0,global_ddp_mean,2,0.0,17.33426284790039,17.33426284790039,0.0,0.0,0.0,0.0,0.0,0.0,0.0,0.0,0.0,0.0,0.0,0.0,0.0,1.0,1.0,0.0,0,0,0,0,0,0,0,0.0,0.0,0.2,0.0
19,400,0,dpga,rpn,0.9932964444160461,-0.0,global_ddp_mean,2,0.0,2.8527419567108154,2.8527419567108154,0.0,0.0,0.0,0.0,0.0,0.0,0.0,0.0,0.0,0.0,0.0,0.0,0.0,1.0,1.0,0.0,0,0,0,0,0,0,0,0.0,0.0,0.2,0.0
19,400,0,dpga,roi_shared,0.9932964444160461,-0.0,global_ddp_mean,2,0.0,37.57993698120117,37.57993698120117,0.0,0.0,0.0,0.0,0.0,0.0,0.0,0.0,0.0,0.0,0.0,0.0,0.0,1.0,1.0,0.0,0,0,0,0,0,0,0,0.0,0.0,0.2,0.0
19,400,0,dpga,roi_cls,0.9932964444160461,-0.0,global_ddp_mean,2,0.0,28.91037368774414,28.91037368774414,0.0,0.0,0.0,0.0,0.0,0.0,0.0,0.0,0.0,0.0,0.0,0.0,0.0,1.0,1.0,0.0,0,0,0,0,0,0,0,0.0,0.0,0.2,0.0
19,400,0,dpga,roi_reg,0.9932964444160461,-0.0,global_ddp_mean,2,0.0,6.332907676696777,6.332907676696777,0.0,0.0,0.0,0.0,0.0,0.0,0.0,0.0,0.0,0.0,0.0,0.0,0.0,1.0,1.0,0.0,0,0,0,0,0,0,0,0.0,0.0,0.2,0.0
19,500,0,dpga,backbone,0.25326070189476013,-0.0,global_ddp_mean,2,0.0,7.185578346252441,7.185578346252441,0.0,0.0,0.0,0.0,0.0,0.0,0.0,0.0,0.0,0.0,0.0,0.0,0.0,1.0,1.0,0.0,0,0,0,0,0,0,0,0.0,0.0,0.2,0.0
19,500,0,dpga,fpn,0.25326070189476013,-0.0,global_ddp_mean,2,0.0,1.2381541728973389,1.2381541728973389,0.0,0.0,0.0,0.0,0.0,0.0,0.0,0.0,0.0,0.0,0.0,0.0,0.0,1.0,1.0,0.0,0,0,0,0,0,0,0,0.0,0.0,0.2,0.0
19,500,0,dpga,rpn,0.25326070189476013,-0.0,global_ddp_mean,2,0.0,2.823340654373169,2.823340654373169,0.0,0.0,0.0,0.0,0.0,0.0,0.0,0.0,0.0,0.0,0.0,0.0,0.0,1.0,1.0,0.0,0,0,0,0,0,0,0,0.0,0.0,0.2,0.0
19,500,0,dpga,roi_shared,0.25326070189476013,-0.0,global_ddp_mean,2,0.0,1.720046877861023,1.720046877861023,0.0,0.0,0.0,0.0,0.0,0.0,0.0,0.0,0.0,0.0,0.0,0.0,0.0,1.0,1.0,0.0,0,0,0,0,0,0,0,0.0,0.0,0.2,0.0
19,500,0,dpga,roi_cls,0.25326070189476013,-0.0,global_ddp_mean,2,0.0,1.285667896270752,1.285667896270752,0.0,0.0,0.0,0.0,0.0,0.0,0.0,0.0,0.0,0.0,0.0,0.0,0.0,1.0,1.0,0.0,0,0,0,0,0,0,0,0.0,0.0,0.2,0.0
19,500,0,dpga,roi_reg,0.25326070189476013,-0.0,global_ddp_mean,2,0.0,0.8612468242645264,0.8612468242645264,0.0,0.0,0.0,0.0,0.0,0.0,0.0,0.0,0.0,0.0,0.0,0.0,0.0,1.0,1.0,0.0,0,0,0,0,0,0,0,0.0,0.0,0.2,0.0
19,600,0,dpga,backbone,0.0961853414773941,0.0,global_ddp_mean,2,0.0,6.959879398345947,6.959879398345947,0.0,0.0,0.0,0.0,0.0,0.0,0.0,0.0,0.0,0.0,0.0,0.0,0.0,1.0,1.0,0.0,0,0,0,0,0,0,0,0.0,0.0,0.2,0.0
19,600,0,dpga,fpn,0.0961853414773941,0.0,global_ddp_mean,2,0.0,1.3841328620910645,1.3841328620910645,0.0,0.0,0.0,0.0,0.0,0.0,0.0,0.0,0.0,0.0,0.0,0.0,0.0,1.0,1.0,0.0,0,0,0,0,0,0,0,0.0,0.0,0.2,0.0
19,600,0,dpga,rpn,0.0961853414773941,0.0,global_ddp_mean,2,0.0,1.2512073516845703,1.2512073516845703,0.0,0.0,0.0,0.0,0.0,0.0,0.0,0.0,0.0,0.0,0.0,0.0,0.0,1.0,1.0,0.0,0,0,0,0,0,0,0,0.0,0.0,0.2,0.0
19,600,0,dpga,roi_shared,0.0961853414773941,0.0,global_ddp_mean,2,0.0,3.0962188243865967,3.0962188243865967,0.0,0.0,0.0,0.0,0.0,0.0,0.0,0.0,0.0,0.0,0.0,0.0,0.0,1.0,1.0,0.0,0,0,0,0,0,0,0,0.0,0.0,0.2,0.0
19,600,0,dpga,roi_cls,0.0961853414773941,0.0,global_ddp_mean,2,0.0,2.661910057067871,2.661910057067871,0.0,0.0,0.0,0.0,0.0,0.0,0.0,0.0,0.0,0.0,0.0,0.0,0.0,1.0,1.0,0.0,0,0,0,0,0,0,0,0.0,0.0,0.2,0.0
19,600,0,dpga,roi_reg,0.0961853414773941,0.0,global_ddp_mean,2,0.0,0.2838344871997833,0.2838344871997833,0.0,0.0,0.0,0.0,0.0,0.0,0.0,0.0,0.0,0.0,0.0,0.0,0.0,1.0,1.0,0.0,0,0,0,0,0,0,0,0.0,0.0,0.2,0.0
19,700,0,dpga,backbone,0.1705150604248047,-0.0,global_ddp_mean,2,0.0,10.3392915725708,10.3392915725708,0.0,0.0,0.0,0.0,0.0,0.0,0.0,0.0,0.0,0.0,0.0,0.0,0.0,1.0,1.0,0.0,0,0,0,0,0,0,0,0.0,0.0,0.2,0.0
19,700,0,dpga,fpn,0.1705150604248047,-0.0,global_ddp_mean,2,0.0,1.2297611236572266,1.2297611236572266,0.0,0.0,0.0,0.0,0.0,0.0,0.0,0.0,0.0,0.0,0.0,0.0,0.0,1.0,1.0,0.0,0,0,0,0,0,0,0,0.0,0.0,0.2,0.0
19,700,0,dpga,rpn,0.1705150604248047,-0.0,global_ddp_mean,2,0.0,1.6697217226028442,1.6697217226028442,0.0,0.0,0.0,0.0,0.0,0.0,0.0,0.0,0.0,0.0,0.0,0.0,0.0,1.0,1.0,0.0,0,0,0,0,0,0,0,0.0,0.0,0.2,0.0
19,700,0,dpga,roi_shared,0.1705150604248047,-0.0,global_ddp_mean,2,0.0,1.9077602624893188,1.9077602624893188,0.0,0.0,0.0,0.0,0.0,0.0,0.0,0.0,0.0,0.0,0.0,0.0,0.0,1.0,1.0,0.0,0,0,0,0,0,0,0,0.0,0.0,0.2,0.0
19,700,0,dpga,roi_cls,0.1705150604248047,-0.0,global_ddp_mean,2,0.0,1.1272786855697632,1.1272786855697632,0.0,0.0,0.0,0.0,0.0,0.0,0.0,0.0,0.0,0.0,0.0,0.0,0.0,1.0,1.0,0.0,0,0,0,0,0,0,0,0.0,0.0,0.2,0.0
19,700,0,dpga,roi_reg,0.1705150604248047,-0.0,global_ddp_mean,2,0.0,1.5096300840377808,1.5096300840377808,0.0,0.0,0.0,0.0,0.0,0.0,0.0,0.0,0.0,0.0,0.0,0.0,0.0,1.0,1.0,0.0,0,0,0,0,0,0,0,0.0,0.0,0.2,0.0
19,800,0,dpga,backbone,0.006548117846250534,0.0,global_ddp_mean,2,0.0,2.1982269287109375,2.1982269287109375,0.0,0.0,0.0,0.0,0.0,0.0,0.0,0.0,0.0,0.0,0.0,0.0,0.0,1.0,1.0,0.0,0,0,0,0,0,0,0,0.0,0.0,0.2,0.0
19,800,0,dpga,fpn,0.006548117846250534,0.0,global_ddp_mean,2,0.0,0.21656352281570435,0.21656352281570435,0.0,0.0,0.0,0.0,0.0,0.0,0.0,0.0,0.0,0.0,0.0,0.0,0.0,1.0,1.0,0.0,0,0,0,0,0,0,0,0.0,0.0,0.2,0.0
19,800,0,dpga,rpn,0.006548117846250534,0.0,global_ddp_mean,2,0.0,0.45334556698799133,0.45334556698799133,0.0,0.0,0.0,0.0,0.0,0.0,0.0,0.0,0.0,0.0,0.0,0.0,0.0,1.0,1.0,0.0,0,0,0,0,0,0,0,0.0,0.0,0.2,0.0
19,800,0,dpga,roi_shared,0.006548117846250534,0.0,global_ddp_mean,2,0.0,0.0,0.0,0.0,0.0,0.0,0.0,0.0,0.0,0.0,0.0,0.0,0.0,0.0,0.0,0.0,0.0,0.0,90.0,0,0,0,0,0,0,0,0.0,0.0,0.2,0.0
19,800,0,dpga,roi_cls,0.006548117846250534,0.0,global_ddp_mean,2,0.0,0.0,0.0,0.0,0.0,0.0,0.0,0.0,0.0,0.0,0.0,0.0,0.0,0.0,0.0,0.0,0.0,0.0,90.0,0,0,0,0,0,0,0,0.0,0.0,0.2,0.0
19,800,0,dpga,roi_reg,0.006548117846250534,0.0,global_ddp_mean,2,0.0,0.0,0.0,0.0,0.0,0.0,0.0,0.0,0.0,0.0,0.0,0.0,0.0,0.0,0.0,0.0,0.0,0.0,90.0,0,0,0,0,0,0,0,0.0,0.0,0.2,0.0
19,900,0,dpga,backbone,0.002514228690415621,0.0,global_ddp_mean,2,0.0,37.59125900268555,37.59125900268555,0.0,0.0,0.0,0.0,0.0,0.0,0.0,0.0,0.0,0.0,0.0,0.0,0.0,1.0,1.0,0.0,0,0,0,0,0,0,0,0.0,0.0,0.2,0.0
19,900,0,dpga,fpn,0.002514228690415621,0.0,global_ddp_mean,2,0.0,6.839200019836426,6.839200019836426,0.0,0.0,0.0,0.0,0.0,0.0,0.0,0.0,0.0,0.0,0.0,0.0,0.0,1.0,1.0,0.0,0,0,0,0,0,0,0,0.0,0.0,0.2,0.0
19,900,0,dpga,rpn,0.002514228690415621,0.0,global_ddp_mean,2,0.0,2.6005756855010986,2.6005756855010986,0.0,0.0,0.0,0.0,0.0,0.0,0.0,0.0,0.0,0.0,0.0,0.0,0.0,1.0,1.0,0.0,0,0,0,0,0,0,0,0.0,0.0,0.2,0.0
19,900,0,dpga,roi_shared,0.002514228690415621,0.0,global_ddp_mean,2,0.0,13.608988761901855,13.608988761901855,0.0,0.0,0.0,0.0,0.0,0.0,0.0,0.0,0.0,0.0,0.0,0.0,0.0,1.0,1.0,0.0,0,0,0,0,0,0,0,0.0,0.0,0.2,0.0
19,900,0,dpga,roi_cls,0.002514228690415621,0.0,global_ddp_mean,2,0.0,10.762917518615723,10.762917518615723,0.0,0.0,0.0,0.0,0.0,0.0,0.0,0.0,0.0,0.0,0.0,0.0,0.0,1.0,1.0,0.0,0,0,0,0,0,0,0,0.0,0.0,0.2,0.0
19,900,0,dpga,roi_reg,0.002514228690415621,0.0,global_ddp_mean,2,0.0,3.9589476585388184,3.9589476585388184,0.0,0.0,0.0,0.0,0.0,0.0,0.0,0.0,0.0,0.0,0.0,0.0,0.0,1.0,1.0,0.0,0,0,0,0,0,0,0,0.0,0.0,0.2,0.0
19,1000,0,dpga,backbone,0.48697736859321594,0.0,global_ddp_mean,2,0.0,13.495976448059082,13.495976448059082,0.0,0.0,0.0,0.0,0.0,0.0,0.0,0.0,0.0,0.0,0.0,0.0,0.0,1.0,1.0,0.0,0,0,0,0,0,0,0,0.0,0.0,0.2,0.0
19,1000,0,dpga,fpn,0.48697736859321594,0.0,global_ddp_mean,2,0.0,2.201852560043335,2.201852560043335,0.0,0.0,0.0,0.0,0.0,0.0,0.0,0.0,0.0,0.0,0.0,0.0,0.0,1.0,1.0,0.0,0,0,0,0,0,0,0,0.0,0.0,0.2,0.0
19,1000,0,dpga,rpn,0.48697736859321594,0.0,global_ddp_mean,2,0.0,2.0269174575805664,2.0269174575805664,0.0,0.0,0.0,0.0,0.0,0.0,0.0,0.0,0.0,0.0,0.0,0.0,0.0,1.0,1.0,0.0,0,0,0,0,0,0,0,0.0,0.0,0.2,0.0
19,1000,0,dpga,roi_shared,0.48697736859321594,0.0,global_ddp_mean,2,0.0,4.792191982269287,4.792191982269287,0.0,0.0,0.0,0.0,0.0,0.0,0.0,0.0,0.0,0.0,0.0,0.0,0.0,1.0,1.0,0.0,0,0,0,0,0,0,0,0.0,0.0,0.2,0.0
19,1000,0,dpga,roi_cls,0.48697736859321594,0.0,global_ddp_mean,2,0.0,2.813314437866211,2.813314437866211,0.0,0.0,0.0,0.0,0.0,0.0,0.0,0.0,0.0,0.0,0.0,0.0,0.0,1.0,1.0,0.0,0,0,0,0,0,0,0,0.0,0.0,0.2,0.0
19,1000,0,dpga,roi_reg,0.48697736859321594,0.0,global_ddp_mean,2,0.0,2.7257399559020996,2.7257399559020996,0.0,0.0,0.0,0.0,0.0,0.0,0.0,0.0,0.0,0.0,0.0,0.0,0.0,1.0,1.0,0.0,0,0,0,0,0,0,0,0.0,0.0,0.2,0.0
19,1100,0,dpga,backbone,0.45134371519088745,0.0,global_ddp_mean,2,0.0,22.07552146911621,22.07552146911621,0.0,0.0,0.0,0.0,0.0,0.0,0.0,0.0,0.0,0.0,0.0,0.0,0.0,1.0,1.0,0.0,0,0,0,0,0,0,0,0.0,0.0,0.2,0.0
19,1100,0,dpga,fpn,0.45134371519088745,0.0,global_ddp_mean,2,0.0,2.702603578567505,2.702603578567505,0.0,0.0,0.0,0.0,0.0,0.0,0.0,0.0,0.0,0.0,0.0,0.0,0.0,1.0,1.0,0.0,0,0,0,0,0,0,0,0.0,0.0,0.2,0.0
19,1100,0,dpga,rpn,0.45134371519088745,0.0,global_ddp_mean,2,0.0,1.5006924867630005,1.5006924867630005,0.0,0.0,0.0,0.0,0.0,0.0,0.0,0.0,0.0,0.0,0.0,0.0,0.0,1.0,1.0,0.0,0,0,0,0,0,0,0,0.0,0.0,0.2,0.0
19,1100,0,dpga,roi_shared,0.45134371519088745,0.0,global_ddp_mean,2,0.0,6.036191940307617,6.036191940307617,0.0,0.0,0.0,0.0,0.0,0.0,0.0,0.0,0.0,0.0,0.0,0.0,0.0,1.0,1.0,0.0,0,0,0,0,0,0,0,0.0,0.0,0.2,0.0
19,1100,0,dpga,roi_cls,0.45134371519088745,0.0,global_ddp_mean,2,0.0,3.198091983795166,3.198091983795166,0.0,0.0,0.0,0.0,0.0,0.0,0.0,0.0,0.0,0.0,0.0,0.0,0.0,1.0,1.0,0.0,0,0,0,0,0,0,0,0.0,0.0,0.2,0.0
19,1100,0,dpga,roi_reg,0.45134371519088745,0.0,global_ddp_mean,2,0.0,7.443397521972656,7.443397521972656,0.0,0.0,0.0,0.0,0.0,0.0,0.0,0.0,0.0,0.0,0.0,0.0,0.0,1.0,1.0,0.0,0,0,0,0,0,0,0,0.0,0.0,0.2,0.0
19,1200,0,dpga,backbone,0.6558669805526733,0.0,global_ddp_mean,2,0.0,24.738256454467773,24.738256454467773,0.0,0.0,0.0,0.0,0.0,0.0,0.0,0.0,0.0,0.0,0.0,0.0,0.0,1.0,1.0,0.0,0,0,0,0,0,0,0,0.0,0.0,0.2,0.0
19,1200,0,dpga,fpn,0.6558669805526733,0.0,global_ddp_mean,2,0.0,4.416990280151367,4.416990280151367,0.0,0.0,0.0,0.0,0.0,0.0,0.0,0.0,0.0,0.0,0.0,0.0,0.0,1.0,1.0,0.0,0,0,0,0,0,0,0,0.0,0.0,0.2,0.0
19,1200,0,dpga,rpn,0.6558669805526733,0.0,global_ddp_mean,2,0.0,2.8540995121002197,2.8540995121002197,0.0,0.0,0.0,0.0,0.0,0.0,0.0,0.0,0.0,0.0,0.0,0.0,0.0,1.0,1.0,0.0,0,0,0,0,0,0,0,0.0,0.0,0.2,0.0
19,1200,0,dpga,roi_shared,0.6558669805526733,0.0,global_ddp_mean,2,0.0,9.268318176269531,9.268318176269531,0.0,0.0,0.0,0.0,0.0,0.0,0.0,0.0,0.0,0.0,0.0,0.0,0.0,1.0,1.0,0.0,0,0,0,0,0,0,0,0.0,0.0,0.2,0.0
19,1200,0,dpga,roi_cls,0.6558669805526733,0.0,global_ddp_mean,2,0.0,8.369213104248047,8.369213104248047,0.0,0.0,0.0,0.0,0.0,0.0,0.0,0.0,0.0,0.0,0.0,0.0,0.0,1.0,1.0,0.0,0,0,0,0,0,0,0,0.0,0.0,0.2,0.0
19,1200,0,dpga,roi_reg,0.6558669805526733,0.0,global_ddp_mean,2,0.0,3.907593250274658,3.907593250274658,0.0,0.0,0.0,0.0,0.0,0.0,0.0,0.0,0.0,0.0,0.0,0.0,0.0,1.0,1.0,0.0,0,0,0,0,0,0,0,0.0,0.0,0.2,0.0
19,1300,0,dpga,backbone,0.29995593428611755,0.0,global_ddp_mean,2,0.0,14.744272232055664,14.744272232055664,0.0,0.0,0.0,0.0,0.0,0.0,0.0,0.0,0.0,0.0,0.0,0.0,0.0,1.0,1.0,0.0,0,0,0,0,0,0,0,0.0,0.0,0.2,0.0
19,1300,0,dpga,fpn,0.29995593428611755,0.0,global_ddp_mean,2,0.0,1.2408677339553833,1.2408677339553833,0.0,0.0,0.0,0.0,0.0,0.0,0.0,0.0,0.0,0.0,0.0,0.0,0.0,1.0,1.0,0.0,0,0,0,0,0,0,0,0.0,0.0,0.2,0.0
19,1300,0,dpga,rpn,0.29995593428611755,0.0,global_ddp_mean,2,0.0,1.5215173959732056,1.5215173959732056,0.0,0.0,0.0,0.0,0.0,0.0,0.0,0.0,0.0,0.0,0.0,0.0,0.0,1.0,1.0,0.0,0,0,0,0,0,0,0,0.0,0.0,0.2,0.0
19,1300,0,dpga,roi_shared,0.29995593428611755,0.0,global_ddp_mean,2,0.0,2.486872434616089,2.486872434616089,0.0,0.0,0.0,0.0,0.0,0.0,0.0,0.0,0.0,0.0,0.0,0.0,0.0,1.0,1.0,0.0,0,0,0,0,0,0,0,0.0,0.0,0.2,0.0
19,1300,0,dpga,roi_cls,0.29995593428611755,0.0,global_ddp_mean,2,0.0,1.266493797302246,1.266493797302246,0.0,0.0,0.0,0.0,0.0,0.0,0.0,0.0,0.0,0.0,0.0,0.0,0.0,1.0,1.0,0.0,0,0,0,0,0,0,0,0.0,0.0,0.2,0.0
19,1300,0,dpga,roi_reg,0.29995593428611755,0.0,global_ddp_mean,2,0.0,1.758742094039917,1.758742094039917,0.0,0.0,0.0,0.0,0.0,0.0,0.0,0.0,0.0,0.0,0.0,0.0,0.0,1.0,1.0,0.0,0,0,0,0,0,0,0,0.0,0.0,0.2,0.0
19,1400,0,dpga,backbone,0.4351121187210083,0.0922824963927269,global_ddp_mean,2,0.17820407450199127,16.923635482788086,16.923635482788086,3.6092722415924072,3.6092722415924072,3.6092722415924072,3.6092722415924072,0.7218544590749509,3.6092722415924072,0.2132681388265045,0.2132681388265045,0.2132681388265045,0.04265362840088949,0.04265362840088949,0.0076010503733323605,0.0076010503733323605,1.0076010503733324,0.9991334484512027,2.385427371153578,0,0,0,0,0,0,0,1.0,1.0,0.2,0.20000000298023224
19,1400,0,dpga,fpn,0.4351121187210083,0.0922824963927269,global_ddp_mean,2,0.0031803054735064507,2.6877903938293457,2.6877903938293457,1.021153211593628,1.021153211593628,1.021153211593628,1.021153211593628,0.2042306453619993,1.021153211593628,0.3799229336997412,0.3799229336997412,0.3799229336997412,0.07598458787220683,0.07598458787220683,0.00024165420071211124,0.00024165420071211124,1.0002416542007122,0.9971270831897792,4.344133714979879,0,0,0,0,0,0,0,1.0,1.0,0.2,0.20000000298023224
19,1400,0,dpga,rpn,0.4351121187210083,0.0922824963927269,global_ddp_mean,2,0.0,4.420207500457764,4.420207500457764,0.0,0.0,0.0,0.0,0.0,0.0,0.0,0.0,0.0,0.0,0.0,0.0,0.0,1.0,1.0,0.0,0,0,0,0,0,0,0,0.0,0.0,0.2,0.0
19,1400,0,dpga,roi_shared,0.4351121187210083,0.0922824963927269,global_ddp_mean,2,-0.039509810507297516,4.069800853729248,4.069800853729248,0.8322750926017761,0.8322750926017761,0.83162522315979,0.83162522315979,0.1663250471103943,0.83162522315979,0.2045002009961112,0.20434052010131,0.20434052010131,0.04086810462924421,0.04086810462924421,-8.475380074495328e-11,-8.475380074495328e-11,0.9999999999152461,0.9991658974517118,2.340332405012093,1,0,0,0,0,1,0,1.0,1.0,0.2,0.20000000298023224
19,1400,0,dpga,roi_cls,0.4351121187210083,0.0922824963927269,global_ddp_mean,2,0.0,2.4603636264801025,2.4603636264801025,0.0,0.0,0.0,0.0,0.0,0.0,0.0,0.0,0.0,0.0,0.0,0.0,0.0,1.0,1.0,0.0,0,0,0,0,0,0,0,0.0,0.0,0.2,0.0
19,1400,0,dpga,roi_reg,0.4351121187210083,0.0922824963927269,global_ddp_mean,2,-0.003569326363503933,2.6931862831115723,2.6931862831115723,1.9828071594238281,1.9828071594238281,1.9827946424484253,1.9827946424484253,0.3965589343988736,1.9827946424484253,0.7362309736454592,0.7362263259998502,0.7362263259998502,0.14724526739409546,0.14724526739409546,3.029453680026733e-11,3.029453680026733e-11,1.0000000000302944,0.9893325717482148,8.37634043569128,1,0,0,0,0,1,0,1.0,1.0,0.2,0.20000000298023224
20,0,0,dpga,backbone,0.7562839388847351,0.0,global_ddp_mean,2,0.0,34.66398620605469,34.66398620605469,0.0,0.0,0.0,0.0,0.0,0.0,0.0,0.0,0.0,0.0,0.0,0.0,0.0,1.0,1.0,0.0,0,0,0,0,0,0,0,0.0,0.0,0.2,0.0
20,0,0,dpga,fpn,0.7562839388847351,0.0,global_ddp_mean,2,0.0,6.9034247398376465,6.9034247398376465,0.0,0.0,0.0,0.0,0.0,0.0,0.0,0.0,0.0,0.0,0.0,0.0,0.0,1.0,1.0,0.0,0,0,0,0,0,0,0,0.0,0.0,0.2,0.0
20,0,0,dpga,rpn,0.7562839388847351,0.0,global_ddp_mean,2,0.0,2.625337600708008,2.625337600708008,0.0,0.0,0.0,0.0,0.0,0.0,0.0,0.0,0.0,0.0,0.0,0.0,0.0,1.0,1.0,0.0,0,0,0,0,0,0,0,0.0,0.0,0.2,0.0
20,0,0,dpga,roi_shared,0.7562839388847351,0.0,global_ddp_mean,2,0.0,14.484504699707031,14.484504699707031,0.0,0.0,0.0,0.0,0.0,0.0,0.0,0.0,0.0,0.0,0.0,0.0,0.0,1.0,1.0,0.0,0,0,0,0,0,0,0,0.0,0.0,0.2,0.0
20,0,0,dpga,roi_cls,0.7562839388847351,0.0,global_ddp_mean,2,0.0,11.323366165161133,11.323366165161133,0.0,0.0,0.0,0.0,0.0,0.0,0.0,0.0,0.0,0.0,0.0,0.0,0.0,1.0,1.0,0.0,0,0,0,0,0,0,0,0.0,0.0,0.2,0.0
20,0,0,dpga,roi_reg,0.7562839388847351,0.0,global_ddp_mean,2,0.0,4.133227348327637,4.133227348327637,0.0,0.0,0.0,0.0,0.0,0.0,0.0,0.0,0.0,0.0,0.0,0.0,0.0,1.0,1.0,0.0,0,0,0,0,0,0,0,0.0,0.0,0.2,0.0
20,100,0,dpga,backbone,0.04756316542625427,-0.0,global_ddp_mean,2,0.0,17.305463790893555,17.305463790893555,0.0,0.0,0.0,0.0,0.0,0.0,0.0,0.0,0.0,0.0,0.0,0.0,0.0,1.0,1.0,0.0,0,0,0,0,0,0,0,0.0,0.0,0.2,0.0
20,100,0,dpga,fpn,0.04756316542625427,-0.0,global_ddp_mean,2,0.0,2.1993167400360107,2.1993167400360107,0.0,0.0,0.0,0.0,0.0,0.0,0.0,0.0,0.0,0.0,0.0,0.0,0.0,1.0,1.0,0.0,0,0,0,0,0,0,0,0.0,0.0,0.2,0.0
20,100,0,dpga,rpn,0.04756316542625427,-0.0,global_ddp_mean,2,0.0,3.5689144134521484,3.5689144134521484,0.0,0.0,0.0,0.0,0.0,0.0,0.0,0.0,0.0,0.0,0.0,0.0,0.0,1.0,1.0,0.0,0,0,0,0,0,0,0,0.0,0.0,0.2,0.0
20,100,0,dpga,roi_shared,0.04756316542625427,-0.0,global_ddp_mean,2,0.0,5.673827648162842,5.673827648162842,0.0,0.0,0.0,0.0,0.0,0.0,0.0,0.0,0.0,0.0,0.0,0.0,0.0,1.0,1.0,0.0,0,0,0,0,0,0,0,0.0,0.0,0.2,0.0
20,100,0,dpga,roi_cls,0.04756316542625427,-0.0,global_ddp_mean,2,0.0,4.845589637756348,4.845589637756348,0.0,0.0,0.0,0.0,0.0,0.0,0.0,0.0,0.0,0.0,0.0,0.0,0.0,1.0,1.0,0.0,0,0,0,0,0,0,0,0.0,0.0,0.2,0.0
20,100,0,dpga,roi_reg,0.04756316542625427,-0.0,global_ddp_mean,2,0.0,3.301908254623413,3.301908254623413,0.0,0.0,0.0,0.0,0.0,0.0,0.0,0.0,0.0,0.0,0.0,0.0,0.0,1.0,1.0,0.0,0,0,0,0,0,0,0,0.0,0.0,0.2,0.0
20,200,0,dpga,backbone,0.003499723505228758,0.0,global_ddp_mean,2,0.0,5.124327182769775,5.124327182769775,0.0,0.0,0.0,0.0,0.0,0.0,0.0,0.0,0.0,0.0,0.0,0.0,0.0,1.0,1.0,0.0,0,0,0,0,0,0,0,0.0,0.0,0.2,0.0
20,200,0,dpga,fpn,0.003499723505228758,0.0,global_ddp_mean,2,0.0,0.6334799528121948,0.6334799528121948,0.0,0.0,0.0,0.0,0.0,0.0,0.0,0.0,0.0,0.0,0.0,0.0,0.0,1.0,1.0,0.0,0,0,0,0,0,0,0,0.0,0.0,0.2,0.0
20,200,0,dpga,rpn,0.003499723505228758,0.0,global_ddp_mean,2,0.0,0.8372107744216919,0.8372107744216919,0.0,0.0,0.0,0.0,0.0,0.0,0.0,0.0,0.0,0.0,0.0,0.0,0.0,1.0,1.0,0.0,0,0,0,0,0,0,0,0.0,0.0,0.2,0.0
20,200,0,dpga,roi_shared,0.003499723505228758,0.0,global_ddp_mean,2,0.0,1.0927016735076904,1.0927016735076904,0.0,0.0,0.0,0.0,0.0,0.0,0.0,0.0,0.0,0.0,0.0,0.0,0.0,1.0,1.0,0.0,0,0,0,0,0,0,0,0.0,0.0,0.2,0.0
20,200,0,dpga,roi_cls,0.003499723505228758,0.0,global_ddp_mean,2,0.0,1.0864684581756592,1.0864684581756592,0.0,0.0,0.0,0.0,0.0,0.0,0.0,0.0,0.0,0.0,0.0,0.0,0.0,1.0,1.0,0.0,0,0,0,0,0,0,0,0.0,0.0,0.2,0.0
20,200,0,dpga,roi_reg,0.003499723505228758,0.0,global_ddp_mean,2,0.0,0.6286159753799438,0.6286159753799438,0.0,0.0,0.0,0.0,0.0,0.0,0.0,0.0,0.0,0.0,0.0,0.0,0.0,1.0,1.0,0.0,0,0,0,0,0,0,0,0.0,0.0,0.2,0.0
20,300,0,dpga,backbone,0.005641890689730644,0.0,global_ddp_mean,2,0.0,3.326403856277466,3.326403856277466,0.0,0.0,0.0,0.0,0.0,0.0,0.0,0.0,0.0,0.0,0.0,0.0,0.0,1.0,1.0,0.0,0,0,0,0,0,0,0,0.0,0.0,0.2,0.0
20,300,0,dpga,fpn,0.005641890689730644,0.0,global_ddp_mean,2,0.0,0.2524213194847107,0.2524213194847107,0.0,0.0,0.0,0.0,0.0,0.0,0.0,0.0,0.0,0.0,0.0,0.0,0.0,1.0,1.0,0.0,0,0,0,0,0,0,0,0.0,0.0,0.2,0.0
20,300,0,dpga,rpn,0.005641890689730644,0.0,global_ddp_mean,2,0.0,0.5042170286178589,0.5042170286178589,0.0,0.0,0.0,0.0,0.0,0.0,0.0,0.0,0.0,0.0,0.0,0.0,0.0,1.0,1.0,0.0,0,0,0,0,0,0,0,0.0,0.0,0.2,0.0
20,300,0,dpga,roi_shared,0.005641890689730644,0.0,global_ddp_mean,2,0.0,0.0,0.0,0.0,0.0,0.0,0.0,0.0,0.0,0.0,0.0,0.0,0.0,0.0,0.0,0.0,0.0,0.0,90.0,0,0,0,0,0,0,0,0.0,0.0,0.2,0.0
20,300,0,dpga,roi_cls,0.005641890689730644,0.0,global_ddp_mean,2,0.0,0.0,0.0,0.0,0.0,0.0,0.0,0.0,0.0,0.0,0.0,0.0,0.0,0.0,0.0,0.0,0.0,0.0,90.0,0,0,0,0,0,0,0,0.0,0.0,0.2,0.0
20,300,0,dpga,roi_reg,0.005641890689730644,0.0,global_ddp_mean,2,0.0,0.0,0.0,0.0,0.0,0.0,0.0,0.0,0.0,0.0,0.0,0.0,0.0,0.0,0.0,0.0,0.0,0.0,90.0,0,0,0,0,0,0,0,0.0,0.0,0.2,0.0
20,400,0,dpga,backbone,0.49774885177612305,0.0,global_ddp_mean,2,0.0,32.14776611328125,32.14776611328125,0.0,0.0,0.0,0.0,0.0,0.0,0.0,0.0,0.0,0.0,0.0,0.0,0.0,1.0,1.0,0.0,0,0,0,0,0,0,0,0.0,0.0,0.2,0.0
20,400,0,dpga,fpn,0.49774885177612305,0.0,global_ddp_mean,2,0.0,3.5449318885803223,3.5449318885803223,0.0,0.0,0.0,0.0,0.0,0.0,0.0,0.0,0.0,0.0,0.0,0.0,0.0,1.0,1.0,0.0,0,0,0,0,0,0,0,0.0,0.0,0.2,0.0
20,400,0,dpga,rpn,0.49774885177612305,0.0,global_ddp_mean,2,0.0,3.8186349868774414,3.8186349868774414,0.0,0.0,0.0,0.0,0.0,0.0,0.0,0.0,0.0,0.0,0.0,0.0,0.0,1.0,1.0,0.0,0,0,0,0,0,0,0,0.0,0.0,0.2,0.0
20,400,0,dpga,roi_shared,0.49774885177612305,0.0,global_ddp_mean,2,0.0,9.782548904418945,9.782548904418945,0.0,0.0,0.0,0.0,0.0,0.0,0.0,0.0,0.0,0.0,0.0,0.0,0.0,1.0,1.0,0.0,0,0,0,0,0,0,0,0.0,0.0,0.2,0.0
20,400,0,dpga,roi_cls,0.49774885177612305,0.0,global_ddp_mean,2,0.0,10.579410552978516,10.579410552978516,0.0,0.0,0.0,0.0,0.0,0.0,0.0,0.0,0.0,0.0,0.0,0.0,0.0,1.0,1.0,0.0,0,0,0,0,0,0,0,0.0,0.0,0.2,0.0
20,400,0,dpga,roi_reg,0.49774885177612305,0.0,global_ddp_mean,2,0.0,5.777223587036133,5.777223587036133,0.0,0.0,0.0,0.0,0.0,0.0,0.0,0.0,0.0,0.0,0.0,0.0,0.0,1.0,1.0,0.0,0,0,0,0,0,0,0,0.0,0.0,0.2,0.0
20,500,0,dpga,backbone,0.010473889298737049,0.0,global_ddp_mean,2,0.05006648600101471,6.394825458526611,6.394825458526611,2.9698877334594727,2.9698877334594727,2.9698877334594727,2.9698877334594727,0.5939775555428497,2.9698877334594727,0.4644204525550482,0.4644204525550482,0.4644204525550482,0.09288409189509045,0.09288409189509045,0.004650380086582509,0.004650380086582509,1.0046503800865825,0.995763964101314,5.275588011219808,0,0,0,0,0,0,0,1.0,1.0,0.2,0.20000000298023224
20,500,0,dpga,fpn,0.010473889298737049,0.0,global_ddp_mean,2,0.03668861463665962,1.3978610038757324,1.3978610038757324,0.5421964526176453,0.5421964526176453,0.5421964526176453,0.5421964526176453,0.1084392921394004,0.5421964526176453,0.38787579817617235,0.38787579817617235,0.38787579817617235,0.07757516079119443,0.07757516079119443,0.00284612517964504,0.00284612517964504,1.002846125179645,0.9970254073984611,4.420374753339355,0,0,0,0,0,0,0,1.0,1.0,0.2,0.20000000298023224
20,500,0,dpga,rpn,0.010473889298737049,0.0,global_ddp_mean,2,0.0,4.432136058807373,4.432136058807373,0.0,0.0,0.0,0.0,0.0,0.0,0.0,0.0,0.0,0.0,0.0,0.0,0.0,1.0,1.0,0.0,0,0,0,0,0,0,0,0.0,0.0,0.2,0.0
20,500,0,dpga,roi_shared,0.010473889298737049,0.0,global_ddp_mean,2,0.04891034588217735,2.097440481185913,2.097440481185913,0.291104793548584,0.291104793548584,0.291104793548584,0.291104793548584,0.05822095957727669,0.291104793548584,0.13879049067651755,0.13879049067651755,0.13879049067651755,0.02775809854893141,0.02775809854893141,0.0013576582010598004,0.0013576582010598004,1.00135765820106,0.9996168825745931,1.5860521006255306,0,0,0,0,0,0,0,1.0,1.0,0.2,0.20000000298023224
20,500,0,dpga,roi_cls,0.010473889298737049,0.0,global_ddp_mean,2,0.0,1.0504355430603027,1.0504355430603027,0.0,0.0,0.0,0.0,0.0,0.0,0.0,0.0,0.0,0.0,0.0,0.0,0.0,1.0,1.0,0.0,0,0,0,0,0,0,0,0.0,0.0,0.2,0.0
20,500,0,dpga,roi_reg,0.010473889298737049,0.0,global_ddp_mean,2,0.1032915860414505,1.8337260484695435,1.8337260484695435,0.7670818567276001,0.7670818567276001,0.7670818567276001,0.7670818567276001,0.1534163736316021,0.7670818567276001,0.4183186781732302,0.4183186781732302,0.4183186781732302,0.08366373688133286,0.08366373688133286,0.008641760076627468,0.008641760076627468,1.0086417600766275,0.9966138410588037,4.716435778809566,0,0,0,0,0,0,0,1.0,1.0,0.2,0.20000000298023224
20,600,0,dpga,backbone,0.11404886841773987,0.0,global_ddp_mean,2,0.0,7.42219877243042,7.42219877243042,0.0,0.0,0.0,0.0,0.0,0.0,0.0,0.0,0.0,0.0,0.0,0.0,0.0,1.0,1.0,0.0,0,0,0,0,0,0,0,0.0,0.0,0.2,0.0
20,600,0,dpga,fpn,0.11404886841773987,0.0,global_ddp_mean,2,0.0,1.494246006011963,1.494246006011963,0.0,0.0,0.0,0.0,0.0,0.0,0.0,0.0,0.0,0.0,0.0,0.0,0.0,1.0,1.0,0.0,0,0,0,0,0,0,0,0.0,0.0,0.2,0.0
20,600,0,dpga,rpn,0.11404886841773987,0.0,global_ddp_mean,2,0.0,1.5306116342544556,1.5306116342544556,0.0,0.0,0.0,0.0,0.0,0.0,0.0,0.0,0.0,0.0,0.0,0.0,0.0,1.0,1.0,0.0,0,0,0,0,0,0,0,0.0,0.0,0.2,0.0
20,600,0,dpga,roi_shared,0.11404886841773987,0.0,global_ddp_mean,2,0.0,3.139636993408203,3.139636993408203,0.0,0.0,0.0,0.0,0.0,0.0,0.0,0.0,0.0,0.0,0.0,0.0,0.0,1.0,1.0,0.0,0,0,0,0,0,0,0,0.0,0.0,0.2,0.0
20,600,0,dpga,roi_cls,0.11404886841773987,0.0,global_ddp_mean,2,0.0,2.3712732791900635,2.3712732791900635,0.0,0.0,0.0,0.0,0.0,0.0,0.0,0.0,0.0,0.0,0.0,0.0,0.0,1.0,1.0,0.0,0,0,0,0,0,0,0,0.0,0.0,0.2,0.0
20,600,0,dpga,roi_reg,0.11404886841773987,0.0,global_ddp_mean,2,0.0,0.8259251117706299,0.8259251117706299,0.0,0.0,0.0,0.0,0.0,0.0,0.0,0.0,0.0,0.0,0.0,0.0,0.0,1.0,1.0,0.0,0,0,0,0,0,0,0,0.0,0.0,0.2,0.0
20,700,0,dpga,backbone,0.009293699637055397,0.0,global_ddp_mean,2,0.0,3.9784908294677734,3.9784908294677734,0.0,0.0,0.0,0.0,0.0,0.0,0.0,0.0,0.0,0.0,0.0,0.0,0.0,1.0,1.0,0.0,0,0,0,0,0,0,0,0.0,0.0,0.2,0.0
20,700,0,dpga,fpn,0.009293699637055397,0.0,global_ddp_mean,2,0.0,0.44960033893585205,0.44960033893585205,0.0,0.0,0.0,0.0,0.0,0.0,0.0,0.0,0.0,0.0,0.0,0.0,0.0,1.0,1.0,0.0,0,0,0,0,0,0,0,0.0,0.0,0.2,0.0
20,700,0,dpga,rpn,0.009293699637055397,0.0,global_ddp_mean,2,0.0,0.7828546166419983,0.7828546166419983,0.0,0.0,0.0,0.0,0.0,0.0,0.0,0.0,0.0,0.0,0.0,0.0,0.0,1.0,1.0,0.0,0,0,0,0,0,0,0,0.0,0.0,0.2,0.0
20,700,0,dpga,roi_shared,0.009293699637055397,0.0,global_ddp_mean,2,0.0,0.0,0.0,0.0,0.0,0.0,0.0,0.0,0.0,0.0,0.0,0.0,0.0,0.0,0.0,0.0,0.0,0.0,90.0,0,0,0,0,0,0,0,0.0,0.0,0.2,0.0
20,700,0,dpga,roi_cls,0.009293699637055397,0.0,global_ddp_mean,2,0.0,0.0,0.0,0.0,0.0,0.0,0.0,0.0,0.0,0.0,0.0,0.0,0.0,0.0,0.0,0.0,0.0,0.0,90.0,0,0,0,0,0,0,0,0.0,0.0,0.2,0.0
20,700,0,dpga,roi_reg,0.009293699637055397,0.0,global_ddp_mean,2,0.0,0.0,0.0,0.0,0.0,0.0,0.0,0.0,0.0,0.0,0.0,0.0,0.0,0.0,0.0,0.0,0.0,0.0,90.0,0,0,0,0,0,0,0,0.0,0.0,0.2,0.0
20,800,0,dpga,backbone,0.06184973940253258,-0.0,global_ddp_mean,2,0.0,5.463903427124023,5.463903427124023,0.0,0.0,0.0,0.0,0.0,0.0,0.0,0.0,0.0,0.0,0.0,0.0,0.0,1.0,1.0,0.0,0,0,0,0,0,0,0,0.0,0.0,0.2,0.0
20,800,0,dpga,fpn,0.06184973940253258,-0.0,global_ddp_mean,2,0.0,1.3609386682510376,1.3609386682510376,0.0,0.0,0.0,0.0,0.0,0.0,0.0,0.0,0.0,0.0,0.0,0.0,0.0,1.0,1.0,0.0,0,0,0,0,0,0,0,0.0,0.0,0.2,0.0
20,800,0,dpga,rpn,0.06184973940253258,-0.0,global_ddp_mean,2,0.0,0.8417776823043823,0.8417776823043823,0.0,0.0,0.0,0.0,0.0,0.0,0.0,0.0,0.0,0.0,0.0,0.0,0.0,1.0,1.0,0.0,0,0,0,0,0,0,0,0.0,0.0,0.2,0.0
20,800,0,dpga,roi_shared,0.06184973940253258,-0.0,global_ddp_mean,2,0.0,3.136032819747925,3.136032819747925,0.0,0.0,0.0,0.0,0.0,0.0,0.0,0.0,0.0,0.0,0.0,0.0,0.0,1.0,1.0,0.0,0,0,0,0,0,0,0,0.0,0.0,0.2,0.0
20,800,0,dpga,roi_cls,0.06184973940253258,-0.0,global_ddp_mean,2,0.0,2.675363302230835,2.675363302230835,0.0,0.0,0.0,0.0,0.0,0.0,0.0,0.0,0.0,0.0,0.0,0.0,0.0,1.0,1.0,0.0,0,0,0,0,0,0,0,0.0,0.0,0.2,0.0
20,800,0,dpga,roi_reg,0.06184973940253258,-0.0,global_ddp_mean,2,0.0,0.7301541566848755,0.7301541566848755,0.0,0.0,0.0,0.0,0.0,0.0,0.0,0.0,0.0,0.0,0.0,0.0,0.0,1.0,1.0,0.0,0,0,0,0,0,0,0,0.0,0.0,0.2,0.0
20,900,0,dpga,backbone,1.0875191688537598,0.0,global_ddp_mean,2,0.0,36.07143020629883,36.07143020629883,0.0,0.0,0.0,0.0,0.0,0.0,0.0,0.0,0.0,0.0,0.0,0.0,0.0,1.0,1.0,0.0,0,0,0,0,0,0,0,0.0,0.0,0.2,0.0
20,900,0,dpga,fpn,1.0875191688537598,0.0,global_ddp_mean,2,0.0,9.030803680419922,9.030803680419922,0.0,0.0,0.0,0.0,0.0,0.0,0.0,0.0,0.0,0.0,0.0,0.0,0.0,1.0,1.0,0.0,0,0,0,0,0,0,0,0.0,0.0,0.2,0.0
20,900,0,dpga,rpn,1.0875191688537598,0.0,global_ddp_mean,2,0.0,3.6449639797210693,3.6449639797210693,0.0,0.0,0.0,0.0,0.0,0.0,0.0,0.0,0.0,0.0,0.0,0.0,0.0,1.0,1.0,0.0,0,0,0,0,0,0,0,0.0,0.0,0.2,0.0
20,900,0,dpga,roi_shared,1.0875191688537598,0.0,global_ddp_mean,2,0.0,19.59521484375,19.59521484375,0.0,0.0,0.0,0.0,0.0,0.0,0.0,0.0,0.0,0.0,0.0,0.0,0.0,1.0,1.0,0.0,0,0,0,0,0,0,0,0.0,0.0,0.2,0.0
20,900,0,dpga,roi_cls,1.0875191688537598,0.0,global_ddp_mean,2,0.0,15.234829902648926,15.234829902648926,0.0,0.0,0.0,0.0,0.0,0.0,0.0,0.0,0.0,0.0,0.0,0.0,0.0,1.0,1.0,0.0,0,0,0,0,0,0,0,0.0,0.0,0.2,0.0
20,900,0,dpga,roi_reg,1.0875191688537598,0.0,global_ddp_mean,2,0.0,3.1738169193267822,3.1738169193267822,0.0,0.0,0.0,0.0,0.0,0.0,0.0,0.0,0.0,0.0,0.0,0.0,0.0,1.0,1.0,0.0,0,0,0,0,0,0,0,0.0,0.0,0.2,0.0
20,1000,0,dpga,backbone,0.019359305500984192,0.0,global_ddp_mean,2,0.0,11.449942588806152,11.449942588806152,0.0,0.0,0.0,0.0,0.0,0.0,0.0,0.0,0.0,0.0,0.0,0.0,0.0,1.0,1.0,0.0,0,0,0,0,0,0,0,0.0,0.0,0.2,0.0
20,1000,0,dpga,fpn,0.019359305500984192,0.0,global_ddp_mean,2,0.0,1.0115877389907837,1.0115877389907837,0.0,0.0,0.0,0.0,0.0,0.0,0.0,0.0,0.0,0.0,0.0,0.0,0.0,1.0,1.0,0.0,0,0,0,0,0,0,0,0.0,0.0,0.2,0.0
20,1000,0,dpga,rpn,0.019359305500984192,0.0,global_ddp_mean,2,0.0,2.2885563373565674,2.2885563373565674,0.0,0.0,0.0,0.0,0.0,0.0,0.0,0.0,0.0,0.0,0.0,0.0,0.0,1.0,1.0,0.0,0,0,0,0,0,0,0,0.0,0.0,0.2,0.0
20,1000,0,dpga,roi_shared,0.019359305500984192,0.0,global_ddp_mean,2,0.0,1.318250060081482,1.318250060081482,0.0,0.0,0.0,0.0,0.0,0.0,0.0,0.0,0.0,0.0,0.0,0.0,0.0,1.0,1.0,0.0,0,0,0,0,0,0,0,0.0,0.0,0.2,0.0
20,1000,0,dpga,roi_cls,0.019359305500984192,0.0,global_ddp_mean,2,0.0,0.7117930054664612,0.7117930054664612,0.0,0.0,0.0,0.0,0.0,0.0,0.0,0.0,0.0,0.0,0.0,0.0,0.0,1.0,1.0,0.0,0,0,0,0,0,0,0,0.0,0.0,0.2,0.0
20,1000,0,dpga,roi_reg,0.019359305500984192,0.0,global_ddp_mean,2,0.0,0.8658121824264526,0.8658121824264526,0.0,0.0,0.0,0.0,0.0,0.0,0.0,0.0,0.0,0.0,0.0,0.0,0.0,1.0,1.0,0.0,0,0,0,0,0,0,0,0.0,0.0,0.2,0.0
20,1100,0,dpga,backbone,0.43082842230796814,0.0,global_ddp_mean,2,0.0,9.760395050048828,9.760395050048828,0.0,0.0,0.0,0.0,0.0,0.0,0.0,0.0,0.0,0.0,0.0,0.0,0.0,1.0,1.0,0.0,0,0,0,0,0,0,0,0.0,0.0,0.2,0.0
20,1100,0,dpga,fpn,0.43082842230796814,0.0,global_ddp_mean,2,0.0,1.6709411144256592,1.6709411144256592,0.0,0.0,0.0,0.0,0.0,0.0,0.0,0.0,0.0,0.0,0.0,0.0,0.0,1.0,1.0,0.0,0,0,0,0,0,0,0,0.0,0.0,0.2,0.0
20,1100,0,dpga,rpn,0.43082842230796814,0.0,global_ddp_mean,2,0.0,2.086397171020508,2.086397171020508,0.0,0.0,0.0,0.0,0.0,0.0,0.0,0.0,0.0,0.0,0.0,0.0,0.0,1.0,1.0,0.0,0,0,0,0,0,0,0,0.0,0.0,0.2,0.0
20,1100,0,dpga,roi_shared,0.43082842230796814,0.0,global_ddp_mean,2,0.0,3.5259041786193848,3.5259041786193848,0.0,0.0,0.0,0.0,0.0,0.0,0.0,0.0,0.0,0.0,0.0,0.0,0.0,1.0,1.0,0.0,0,0,0,0,0,0,0,0.0,0.0,0.2,0.0
20,1100,0,dpga,roi_cls,0.43082842230796814,0.0,global_ddp_mean,2,0.0,1.7871336936950684,1.7871336936950684,0.0,0.0,0.0,0.0,0.0,0.0,0.0,0.0,0.0,0.0,0.0,0.0,0.0,1.0,1.0,0.0,0,0,0,0,0,0,0,0.0,0.0,0.2,0.0
20,1100,0,dpga,roi_reg,0.43082842230796814,0.0,global_ddp_mean,2,0.0,2.4459545612335205,2.4459545612335205,0.0,0.0,0.0,0.0,0.0,0.0,0.0,0.0,0.0,0.0,0.0,0.0,0.0,1.0,1.0,0.0,0,0,0,0,0,0,0,0.0,0.0,0.2,0.0
20,1200,0,dpga,backbone,0.1901392638683319,0.2075343281030655,global_ddp_mean,2,-0.3670762777328491,7.976655960083008,7.976655960083008,12.76821231842041,12.76821231842041,11.876874923706055,11.876874923706055,2.3753750201370565,11.876874923706055,1.6006973827523006,1.4889541410762386,1.4889541410762386,0.29779083265267686,0.29779083265267686,1.0491954532423592e-08,1.0491954532423592e-08,1.0000000104919546,0.9584071172831978,16.583036224473442,1,1,0,0,0,1,0,1.0,1.0,0.2,0.20000000298023224
20,1200,0,dpga,fpn,0.1901392638683319,0.2075343281030655,global_ddp_mean,2,-0.10850035399198532,1.374993920326233,1.374993920326233,2.7890284061431885,2.7890284061431885,2.7725632190704346,2.7725632190704346,0.5545126520769692,2.7725632190704346,2.028393264081822,2.0164185296271073,2.0164185296271073,0.403283711934817,0.403283711934817,7.205697302800619e-09,7.205697302800619e-09,1.0000000072056974,0.9274228047030099,21.963423869164536,1,1,0,0,0,1,0,1.0,1.0,0.2,0.20000000298023224
20,1200,0,dpga,rpn,0.1901392638683319,0.2075343281030655,global_ddp_mean,2,0.0,2.239194393157959,2.239194393157959,0.0,0.0,0.0,0.0,0.0,0.0,0.0,0.0,0.0,0.0,0.0,0.0,0.0,1.0,1.0,0.0,0,0,0,0,0,0,0,0.0,0.0,0.2,0.0
20,1200,0,dpga,roi_shared,0.1901392638683319,0.2075343281030655,global_ddp_mean,2,0.16423122584819794,2.5913848876953125,2.5913848876953125,1.6867127418518066,1.6867127418518066,1.6867127418518066,1.6867127418518066,0.337342553397157,1.6867127418518066,0.6508924050073898,0.6508924050073898,0.6508924050073898,0.13017848294128848,0.13017848294128848,0.02137937183250653,0.02137937183250653,1.0213793718325066,0.9921893995526728,7.165770947740944,0,0,0,0,0,0,0,1.0,1.0,0.2,0.20000000298023224
20,1200,0,dpga,roi_cls,0.1901392638683319,0.2075343281030655,global_ddp_mean,2,0.0,1.6085689067840576,1.6085689067840576,0.0,0.0,0.0,0.0,0.0,0.0,0.0,0.0,0.0,0.0,0.0,0.0,0.0,1.0,1.0,0.0,0,0,0,0,0,0,0,0.0,0.0,0.2,0.0
20,1200,0,dpga,roi_reg,0.1901392638683319,0.2075343281030655,global_ddp_mean,2,0.08567310869693756,1.7236493825912476,1.7236493825912476,4.007805347442627,4.007805347442627,4.007805347442627,4.007805347442627,0.8015610814327161,4.007805347442627,2.3251859617862043,2.3251859617862043,2.3251859617862043,0.465037199286835,0.465037199286835,0.03984118252262043,0.03984118252262043,1.0398411825226204,0.9134278381173683,24.01656333519529,0,1,0,0,0,0,0,1.0,1.0,0.2,0.20000000298023224
20,1300,0,dpga,backbone,0.025338204577565193,0.0,global_ddp_mean,2,0.0,10.908950805664062,10.908950805664062,0.0,0.0,0.0,0.0,0.0,0.0,0.0,0.0,0.0,0.0,0.0,0.0,0.0,1.0,1.0,0.0,0,0,0,0,0,0,0,0.0,0.0,0.2,0.0
20,1300,0,dpga,fpn,0.025338204577565193,0.0,global_ddp_mean,2,0.0,1.2653207778930664,1.2653207778930664,0.0,0.0,0.0,0.0,0.0,0.0,0.0,0.0,0.0,0.0,0.0,0.0,0.0,1.0,1.0,0.0,0,0,0,0,0,0,0,0.0,0.0,0.2,0.0
20,1300,0,dpga,rpn,0.025338204577565193,0.0,global_ddp_mean,2,0.0,1.803305983543396,1.803305983543396,0.0,0.0,0.0,0.0,0.0,0.0,0.0,0.0,0.0,0.0,0.0,0.0,0.0,1.0,1.0,0.0,0,0,0,0,0,0,0,0.0,0.0,0.2,0.0
20,1300,0,dpga,roi_shared,0.025338204577565193,0.0,global_ddp_mean,2,0.0,2.0606117248535156,2.0606117248535156,0.0,0.0,0.0,0.0,0.0,0.0,0.0,0.0,0.0,0.0,0.0,0.0,0.0,1.0,1.0,0.0,0,0,0,0,0,0,0,0.0,0.0,0.2,0.0
20,1300,0,dpga,roi_cls,0.025338204577565193,0.0,global_ddp_mean,2,0.0,1.2088351249694824,1.2088351249694824,0.0,0.0,0.0,0.0,0.0,0.0,0.0,0.0,0.0,0.0,0.0,0.0,0.0,1.0,1.0,0.0,0,0,0,0,0,0,0,0.0,0.0,0.2,0.0
20,1300,0,dpga,roi_reg,0.025338204577565193,0.0,global_ddp_mean,2,0.0,1.5051100254058838,1.5051100254058838,0.0,0.0,0.0,0.0,0.0,0.0,0.0,0.0,0.0,0.0,0.0,0.0,0.0,1.0,1.0,0.0,0,0,0,0,0,0,0,0.0,0.0,0.2,0.0
20,1400,0,dpga,backbone,0.8229832649230957,0.0,global_ddp_mean,2,0.0,43.176761627197266,43.176761627197266,0.0,0.0,0.0,0.0,0.0,0.0,0.0,0.0,0.0,0.0,0.0,0.0,0.0,1.0,1.0,0.0,0,0,0,0,0,0,0,0.0,0.0,0.2,0.0
20,1400,0,dpga,fpn,0.8229832649230957,0.0,global_ddp_mean,2,0.0,7.219428539276123,7.219428539276123,0.0,0.0,0.0,0.0,0.0,0.0,0.0,0.0,0.0,0.0,0.0,0.0,0.0,1.0,1.0,0.0,0,0,0,0,0,0,0,0.0,0.0,0.2,0.0
20,1400,0,dpga,rpn,0.8229832649230957,0.0,global_ddp_mean,2,0.0,3.894620656967163,3.894620656967163,0.0,0.0,0.0,0.0,0.0,0.0,0.0,0.0,0.0,0.0,0.0,0.0,0.0,1.0,1.0,0.0,0,0,0,0,0,0,0,0.0,0.0,0.2,0.0
20,1400,0,dpga,roi_shared,0.8229832649230957,0.0,global_ddp_mean,2,0.0,15.071070671081543,15.071070671081543,0.0,0.0,0.0,0.0,0.0,0.0,0.0,0.0,0.0,0.0,0.0,0.0,0.0,1.0,1.0,0.0,0,0,0,0,0,0,0,0.0,0.0,0.2,0.0
20,1400,0,dpga,roi_cls,0.8229832649230957,0.0,global_ddp_mean,2,0.0,11.618952751159668,11.618952751159668,0.0,0.0,0.0,0.0,0.0,0.0,0.0,0.0,0.0,0.0,0.0,0.0,0.0,1.0,1.0,0.0,0,0,0,0,0,0,0,0.0,0.0,0.2,0.0
20,1400,0,dpga,roi_reg,0.8229832649230957,0.0,global_ddp_mean,2,0.0,2.9150991439819336,2.9150991439819336,0.0,0.0,0.0,0.0,0.0,0.0,0.0,0.0,0.0,0.0,0.0,0.0,0.0,1.0,1.0,0.0,0,0,0,0,0,0,0,0.0,0.0,0.2,0.0
21,0,0,dpga,backbone,0.010165531188249588,0.0,global_ddp_mean,2,0.0,11.166731834411621,11.166731834411621,0.0,0.0,0.0,0.0,0.0,0.0,0.0,0.0,0.0,0.0,0.0,0.0,0.0,1.0,1.0,0.0,0,0,0,0,0,0,0,0.0,0.0,0.2,0.0
21,0,0,dpga,fpn,0.010165531188249588,0.0,global_ddp_mean,2,0.0,1.0351642370224,1.0351642370224,0.0,0.0,0.0,0.0,0.0,0.0,0.0,0.0,0.0,0.0,0.0,0.0,0.0,1.0,1.0,0.0,0,0,0,0,0,0,0,0.0,0.0,0.2,0.0
21,0,0,dpga,rpn,0.010165531188249588,0.0,global_ddp_mean,2,0.0,1.780001163482666,1.780001163482666,0.0,0.0,0.0,0.0,0.0,0.0,0.0,0.0,0.0,0.0,0.0,0.0,0.0,1.0,1.0,0.0,0,0,0,0,0,0,0,0.0,0.0,0.2,0.0
21,0,0,dpga,roi_shared,0.010165531188249588,0.0,global_ddp_mean,2,0.0,1.547623872756958,1.547623872756958,0.0,0.0,0.0,0.0,0.0,0.0,0.0,0.0,0.0,0.0,0.0,0.0,0.0,1.0,1.0,0.0,0,0,0,0,0,0,0,0.0,0.0,0.2,0.0
21,0,0,dpga,roi_cls,0.010165531188249588,0.0,global_ddp_mean,2,0.0,0.8162460327148438,0.8162460327148438,0.0,0.0,0.0,0.0,0.0,0.0,0.0,0.0,0.0,0.0,0.0,0.0,0.0,1.0,1.0,0.0,0,0,0,0,0,0,0,0.0,0.0,0.2,0.0
21,0,0,dpga,roi_reg,0.010165531188249588,0.0,global_ddp_mean,2,0.0,0.39248377084732056,0.39248377084732056,0.0,0.0,0.0,0.0,0.0,0.0,0.0,0.0,0.0,0.0,0.0,0.0,0.0,1.0,1.0,0.0,0,0,0,0,0,0,0,0.0,0.0,0.2,0.0
21,100,0,dpga,backbone,0.13270413875579834,0.0,global_ddp_mean,2,0.0,15.481826782226562,15.481826782226562,0.0,0.0,0.0,0.0,0.0,0.0,0.0,0.0,0.0,0.0,0.0,0.0,0.0,1.0,1.0,0.0,0,0,0,0,0,0,0,0.0,0.0,0.2,0.0
21,100,0,dpga,fpn,0.13270413875579834,0.0,global_ddp_mean,2,0.0,1.6071393489837646,1.6071393489837646,0.0,0.0,0.0,0.0,0.0,0.0,0.0,0.0,0.0,0.0,0.0,0.0,0.0,1.0,1.0,0.0,0,0,0,0,0,0,0,0.0,0.0,0.2,0.0
21,100,0,dpga,rpn,0.13270413875579834,0.0,global_ddp_mean,2,0.0,3.3883819580078125,3.3883819580078125,0.0,0.0,0.0,0.0,0.0,0.0,0.0,0.0,0.0,0.0,0.0,0.0,0.0,1.0,1.0,0.0,0,0,0,0,0,0,0,0.0,0.0,0.2,0.0
21,100,0,dpga,roi_shared,0.13270413875579834,0.0,global_ddp_mean,2,0.0,2.2936627864837646,2.2936627864837646,0.0,0.0,0.0,0.0,0.0,0.0,0.0,0.0,0.0,0.0,0.0,0.0,0.0,1.0,1.0,0.0,0,0,0,0,0,0,0,0.0,0.0,0.2,0.0
21,100,0,dpga,roi_cls,0.13270413875579834,0.0,global_ddp_mean,2,0.0,1.8101019859313965,1.8101019859313965,0.0,0.0,0.0,0.0,0.0,0.0,0.0,0.0,0.0,0.0,0.0,0.0,0.0,1.0,1.0,0.0,0,0,0,0,0,0,0,0.0,0.0,0.2,0.0
21,100,0,dpga,roi_reg,0.13270413875579834,0.0,global_ddp_mean,2,0.0,1.1279362440109253,1.1279362440109253,0.0,0.0,0.0,0.0,0.0,0.0,0.0,0.0,0.0,0.0,0.0,0.0,0.0,1.0,1.0,0.0,0,0,0,0,0,0,0,0.0,0.0,0.2,0.0
21,200,0,dpga,backbone,0.4524018168449402,-0.0,global_ddp_mean,2,0.0,24.27222442626953,24.27222442626953,0.0,0.0,0.0,0.0,0.0,0.0,0.0,0.0,0.0,0.0,0.0,0.0,0.0,1.0,1.0,0.0,0,0,0,0,0,0,0,0.0,0.0,0.2,0.0
21,200,0,dpga,fpn,0.4524018168449402,-0.0,global_ddp_mean,2,0.0,5.023184299468994,5.023184299468994,0.0,0.0,0.0,0.0,0.0,0.0,0.0,0.0,0.0,0.0,0.0,0.0,0.0,1.0,1.0,0.0,0,0,0,0,0,0,0,0.0,0.0,0.2,0.0
21,200,0,dpga,rpn,0.4524018168449402,-0.0,global_ddp_mean,2,0.0,2.415466070175171,2.415466070175171,0.0,0.0,0.0,0.0,0.0,0.0,0.0,0.0,0.0,0.0,0.0,0.0,0.0,1.0,1.0,0.0,0,0,0,0,0,0,0,0.0,0.0,0.2,0.0
21,200,0,dpga,roi_shared,0.4524018168449402,-0.0,global_ddp_mean,2,0.0,10.216743469238281,10.216743469238281,0.0,0.0,0.0,0.0,0.0,0.0,0.0,0.0,0.0,0.0,0.0,0.0,0.0,1.0,1.0,0.0,0,0,0,0,0,0,0,0.0,0.0,0.2,0.0
21,200,0,dpga,roi_cls,0.4524018168449402,-0.0,global_ddp_mean,2,0.0,7.224133491516113,7.224133491516113,0.0,0.0,0.0,0.0,0.0,0.0,0.0,0.0,0.0,0.0,0.0,0.0,0.0,1.0,1.0,0.0,0,0,0,0,0,0,0,0.0,0.0,0.2,0.0
21,200,0,dpga,roi_reg,0.4524018168449402,-0.0,global_ddp_mean,2,0.0,2.6708178520202637,2.6708178520202637,0.0,0.0,0.0,0.0,0.0,0.0,0.0,0.0,0.0,0.0,0.0,0.0,0.0,1.0,1.0,0.0,0,0,0,0,0,0,0,0.0,0.0,0.2,0.0
21,300,0,dpga,backbone,0.006816072855144739,0.0,global_ddp_mean,2,0.0,4.2682952880859375,4.2682952880859375,0.0,0.0,0.0,0.0,0.0,0.0,0.0,0.0,0.0,0.0,0.0,0.0,0.0,1.0,1.0,0.0,0,0,0,0,0,0,0,0.0,0.0,0.2,0.0
21,300,0,dpga,fpn,0.006816072855144739,0.0,global_ddp_mean,2,0.0,0.7676466703414917,0.7676466703414917,0.0,0.0,0.0,0.0,0.0,0.0,0.0,0.0,0.0,0.0,0.0,0.0,0.0,1.0,1.0,0.0,0,0,0,0,0,0,0,0.0,0.0,0.2,0.0
21,300,0,dpga,rpn,0.006816072855144739,0.0,global_ddp_mean,2,0.0,0.7612286806106567,0.7612286806106567,0.0,0.0,0.0,0.0,0.0,0.0,0.0,0.0,0.0,0.0,0.0,0.0,0.0,1.0,1.0,0.0,0,0,0,0,0,0,0,0.0,0.0,0.2,0.0
21,300,0,dpga,roi_shared,0.006816072855144739,0.0,global_ddp_mean,2,0.0,1.1652331352233887,1.1652331352233887,0.0,0.0,0.0,0.0,0.0,0.0,0.0,0.0,0.0,0.0,0.0,0.0,0.0,1.0,1.0,0.0,0,0,0,0,0,0,0,0.0,0.0,0.2,0.0
21,300,0,dpga,roi_cls,0.006816072855144739,0.0,global_ddp_mean,2,0.0,0.9616423845291138,0.9616423845291138,0.0,0.0,0.0,0.0,0.0,0.0,0.0,0.0,0.0,0.0,0.0,0.0,0.0,1.0,1.0,0.0,0,0,0,0,0,0,0,0.0,0.0,0.2,0.0
21,300,0,dpga,roi_reg,0.006816072855144739,0.0,global_ddp_mean,2,0.0,0.0,0.0,0.0,0.0,0.0,0.0,0.0,0.0,0.0,0.0,0.0,0.0,0.0,0.0,0.0,0.0,0.0,90.0,0,0,0,0,0,0,0,0.0,0.0,0.2,0.0
21,400,0,dpga,backbone,0.0069327400997281075,0.0,global_ddp_mean,2,0.0,10.141812324523926,10.141812324523926,0.0,0.0,0.0,0.0,0.0,0.0,0.0,0.0,0.0,0.0,0.0,0.0,0.0,1.0,1.0,0.0,0,0,0,0,0,0,0,0.0,0.0,0.2,0.0
21,400,0,dpga,fpn,0.0069327400997281075,0.0,global_ddp_mean,2,0.0,2.3917086124420166,2.3917086124420166,0.0,0.0,0.0,0.0,0.0,0.0,0.0,0.0,0.0,0.0,0.0,0.0,0.0,1.0,1.0,0.0,0,0,0,0,0,0,0,0.0,0.0,0.2,0.0
21,400,0,dpga,rpn,0.0069327400997281075,0.0,global_ddp_mean,2,0.0,2.9924798011779785,2.9924798011779785,0.0,0.0,0.0,0.0,0.0,0.0,0.0,0.0,0.0,0.0,0.0,0.0,0.0,1.0,1.0,0.0,0,0,0,0,0,0,0,0.0,0.0,0.2,0.0
21,400,0,dpga,roi_shared,0.0069327400997281075,0.0,global_ddp_mean,2,0.0,4.658078670501709,4.658078670501709,0.0,0.0,0.0,0.0,0.0,0.0,0.0,0.0,0.0,0.0,0.0,0.0,0.0,1.0,1.0,0.0,0,0,0,0,0,0,0,0.0,0.0,0.2,0.0
21,400,0,dpga,roi_cls,0.0069327400997281075,0.0,global_ddp_mean,2,0.0,2.9584128856658936,2.9584128856658936,0.0,0.0,0.0,0.0,0.0,0.0,0.0,0.0,0.0,0.0,0.0,0.0,0.0,1.0,1.0,0.0,0,0,0,0,0,0,0,0.0,0.0,0.2,0.0
21,400,0,dpga,roi_reg,0.0069327400997281075,0.0,global_ddp_mean,2,0.0,1.2553822994232178,1.2553822994232178,0.0,0.0,0.0,0.0,0.0,0.0,0.0,0.0,0.0,0.0,0.0,0.0,0.0,1.0,1.0,0.0,0,0,0,0,0,0,0,0.0,0.0,0.2,0.0
21,500,0,dpga,backbone,0.8371099233627319,-0.0,global_ddp_mean,2,0.0,30.55905532836914,30.55905532836914,0.0,0.0,0.0,0.0,0.0,0.0,0.0,0.0,0.0,0.0,0.0,0.0,0.0,1.0,1.0,0.0,0,0,0,0,0,0,0,0.0,0.0,0.2,0.0
21,500,0,dpga,fpn,0.8371099233627319,-0.0,global_ddp_mean,2,0.0,4.7899041175842285,4.7899041175842285,0.0,0.0,0.0,0.0,0.0,0.0,0.0,0.0,0.0,0.0,0.0,0.0,0.0,1.0,1.0,0.0,0,0,0,0,0,0,0,0.0,0.0,0.2,0.0
21,500,0,dpga,rpn,0.8371099233627319,-0.0,global_ddp_mean,2,0.0,5.755590438842773,5.755590438842773,0.0,0.0,0.0,0.0,0.0,0.0,0.0,0.0,0.0,0.0,0.0,0.0,0.0,1.0,1.0,0.0,0,0,0,0,0,0,0,0.0,0.0,0.2,0.0
21,500,0,dpga,roi_shared,0.8371099233627319,-0.0,global_ddp_mean,2,0.0,9.830554008483887,9.830554008483887,0.0,0.0,0.0,0.0,0.0,0.0,0.0,0.0,0.0,0.0,0.0,0.0,0.0,1.0,1.0,0.0,0,0,0,0,0,0,0,0.0,0.0,0.2,0.0
21,500,0,dpga,roi_cls,0.8371099233627319,-0.0,global_ddp_mean,2,0.0,5.434866905212402,5.434866905212402,0.0,0.0,0.0,0.0,0.0,0.0,0.0,0.0,0.0,0.0,0.0,0.0,0.0,1.0,1.0,0.0,0,0,0,0,0,0,0,0.0,0.0,0.2,0.0
21,500,0,dpga,roi_reg,0.8371099233627319,-0.0,global_ddp_mean,2,0.0,9.840743064880371,9.840743064880371,0.0,0.0,0.0,0.0,0.0,0.0,0.0,0.0,0.0,0.0,0.0,0.0,0.0,1.0,1.0,0.0,0,0,0,0,0,0,0,0.0,0.0,0.2,0.0
21,600,0,dpga,backbone,0.030103713274002075,0.0,global_ddp_mean,2,0.0,10.817743301391602,10.817743301391602,0.0,0.0,0.0,0.0,0.0,0.0,0.0,0.0,0.0,0.0,0.0,0.0,0.0,1.0,1.0,0.0,0,0,0,0,0,0,0,0.0,0.0,0.2,0.0
21,600,0,dpga,fpn,0.030103713274002075,0.0,global_ddp_mean,2,0.0,1.1966643333435059,1.1966643333435059,0.0,0.0,0.0,0.0,0.0,0.0,0.0,0.0,0.0,0.0,0.0,0.0,0.0,1.0,1.0,0.0,0,0,0,0,0,0,0,0.0,0.0,0.2,0.0
21,600,0,dpga,rpn,0.030103713274002075,0.0,global_ddp_mean,2,0.0,1.6696949005126953,1.6696949005126953,0.0,0.0,0.0,0.0,0.0,0.0,0.0,0.0,0.0,0.0,0.0,0.0,0.0,1.0,1.0,0.0,0,0,0,0,0,0,0,0.0,0.0,0.2,0.0
21,600,0,dpga,roi_shared,0.030103713274002075,0.0,global_ddp_mean,2,0.0,2.1816184520721436,2.1816184520721436,0.0,0.0,0.0,0.0,0.0,0.0,0.0,0.0,0.0,0.0,0.0,0.0,0.0,1.0,1.0,0.0,0,0,0,0,0,0,0,0.0,0.0,0.2,0.0
21,600,0,dpga,roi_cls,0.030103713274002075,0.0,global_ddp_mean,2,0.0,1.675920844078064,1.675920844078064,0.0,0.0,0.0,0.0,0.0,0.0,0.0,0.0,0.0,0.0,0.0,0.0,0.0,1.0,1.0,0.0,0,0,0,0,0,0,0,0.0,0.0,0.2,0.0
21,600,0,dpga,roi_reg,0.030103713274002075,0.0,global_ddp_mean,2,0.0,0.9634581804275513,0.9634581804275513,0.0,0.0,0.0,0.0,0.0,0.0,0.0,0.0,0.0,0.0,0.0,0.0,0.0,1.0,1.0,0.0,0,0,0,0,0,0,0,0.0,0.0,0.2,0.0
21,700,0,dpga,backbone,0.0083520682528615,0.0,global_ddp_mean,2,0.0,5.386878490447998,5.386878490447998,0.0,0.0,0.0,0.0,0.0,0.0,0.0,0.0,0.0,0.0,0.0,0.0,0.0,1.0,1.0,0.0,0,0,0,0,0,0,0,0.0,0.0,0.2,0.0
21,700,0,dpga,fpn,0.0083520682528615,0.0,global_ddp_mean,2,0.0,0.8386038541793823,0.8386038541793823,0.0,0.0,0.0,0.0,0.0,0.0,0.0,0.0,0.0,0.0,0.0,0.0,0.0,1.0,1.0,0.0,0,0,0,0,0,0,0,0.0,0.0,0.2,0.0
21,700,0,dpga,rpn,0.0083520682528615,0.0,global_ddp_mean,2,0.0,1.1857084035873413,1.1857084035873413,0.0,0.0,0.0,0.0,0.0,0.0,0.0,0.0,0.0,0.0,0.0,0.0,0.0,1.0,1.0,0.0,0,0,0,0,0,0,0,0.0,0.0,0.2,0.0
21,700,0,dpga,roi_shared,0.0083520682528615,0.0,global_ddp_mean,2,0.0,1.321351170539856,1.321351170539856,0.0,0.0,0.0,0.0,0.0,0.0,0.0,0.0,0.0,0.0,0.0,0.0,0.0,1.0,1.0,0.0,0,0,0,0,0,0,0,0.0,0.0,0.2,0.0
21,700,0,dpga,roi_cls,0.0083520682528615,0.0,global_ddp_mean,2,0.0,1.1133856773376465,1.1133856773376465,0.0,0.0,0.0,0.0,0.0,0.0,0.0,0.0,0.0,0.0,0.0,0.0,0.0,1.0,1.0,0.0,0,0,0,0,0,0,0,0.0,0.0,0.2,0.0
21,700,0,dpga,roi_reg,0.0083520682528615,0.0,global_ddp_mean,2,0.0,0.0,0.0,0.0,0.0,0.0,0.0,0.0,0.0,0.0,0.0,0.0,0.0,0.0,0.0,0.0,0.0,0.0,90.0,0,0,0,0,0,0,0,0.0,0.0,0.2,0.0
21,800,0,dpga,backbone,0.259189635515213,-0.0,global_ddp_mean,2,0.0,6.683439254760742,6.683439254760742,0.0,0.0,0.0,0.0,0.0,0.0,0.0,0.0,0.0,0.0,0.0,0.0,0.0,1.0,1.0,0.0,0,0,0,0,0,0,0,0.0,0.0,0.2,0.0
21,800,0,dpga,fpn,0.259189635515213,-0.0,global_ddp_mean,2,0.0,1.3033567667007446,1.3033567667007446,0.0,0.0,0.0,0.0,0.0,0.0,0.0,0.0,0.0,0.0,0.0,0.0,0.0,1.0,1.0,0.0,0,0,0,0,0,0,0,0.0,0.0,0.2,0.0
21,800,0,dpga,rpn,0.259189635515213,-0.0,global_ddp_mean,2,0.0,2.595489501953125,2.595489501953125,0.0,0.0,0.0,0.0,0.0,0.0,0.0,0.0,0.0,0.0,0.0,0.0,0.0,1.0,1.0,0.0,0,0,0,0,0,0,0,0.0,0.0,0.2,0.0
21,800,0,dpga,roi_shared,0.259189635515213,-0.0,global_ddp_mean,2,0.0,1.9724149703979492,1.9724149703979492,0.0,0.0,0.0,0.0,0.0,0.0,0.0,0.0,0.0,0.0,0.0,0.0,0.0,1.0,1.0,0.0,0,0,0,0,0,0,0,0.0,0.0,0.2,0.0
21,800,0,dpga,roi_cls,0.259189635515213,-0.0,global_ddp_mean,2,0.0,1.0008645057678223,1.0008645057678223,0.0,0.0,0.0,0.0,0.0,0.0,0.0,0.0,0.0,0.0,0.0,0.0,0.0,1.0,1.0,0.0,0,0,0,0,0,0,0,0.0,0.0,0.2,0.0
21,800,0,dpga,roi_reg,0.259189635515213,-0.0,global_ddp_mean,2,0.0,0.8571037650108337,0.8571037650108337,0.0,0.0,0.0,0.0,0.0,0.0,0.0,0.0,0.0,0.0,0.0,0.0,0.0,1.0,1.0,0.0,0,0,0,0,0,0,0,0.0,0.0,0.2,0.0
21,900,0,dpga,backbone,0.8605103492736816,0.0,global_ddp_mean,2,0.0,25.103918075561523,25.103918075561523,0.0,0.0,0.0,0.0,0.0,0.0,0.0,0.0,0.0,0.0,0.0,0.0,0.0,1.0,1.0,0.0,0,0,0,0,0,0,0,0.0,0.0,0.2,0.0
21,900,0,dpga,fpn,0.8605103492736816,0.0,global_ddp_mean,2,0.0,3.5938363075256348,3.5938363075256348,0.0,0.0,0.0,0.0,0.0,0.0,0.0,0.0,0.0,0.0,0.0,0.0,0.0,1.0,1.0,0.0,0,0,0,0,0,0,0,0.0,0.0,0.2,0.0
21,900,0,dpga,rpn,0.8605103492736816,0.0,global_ddp_mean,2,0.0,4.845484733581543,4.845484733581543,0.0,0.0,0.0,0.0,0.0,0.0,0.0,0.0,0.0,0.0,0.0,0.0,0.0,1.0,1.0,0.0,0,0,0,0,0,0,0,0.0,0.0,0.2,0.0
21,900,0,dpga,roi_shared,0.8605103492736816,0.0,global_ddp_mean,2,0.0,6.138962268829346,6.138962268829346,0.0,0.0,0.0,0.0,0.0,0.0,0.0,0.0,0.0,0.0,0.0,0.0,0.0,1.0,1.0,0.0,0,0,0,0,0,0,0,0.0,0.0,0.2,0.0
21,900,0,dpga,roi_cls,0.8605103492736816,0.0,global_ddp_mean,2,0.0,4.165940761566162,4.165940761566162,0.0,0.0,0.0,0.0,0.0,0.0,0.0,0.0,0.0,0.0,0.0,0.0,0.0,1.0,1.0,0.0,0,0,0,0,0,0,0,0.0,0.0,0.2,0.0
21,900,0,dpga,roi_reg,0.8605103492736816,0.0,global_ddp_mean,2,0.0,4.547399520874023,4.547399520874023,0.0,0.0,0.0,0.0,0.0,0.0,0.0,0.0,0.0,0.0,0.0,0.0,0.0,1.0,1.0,0.0,0,0,0,0,0,0,0,0.0,0.0,0.2,0.0
21,1000,0,dpga,backbone,0.9979417324066162,0.0,global_ddp_mean,2,0.0,23.274534225463867,23.274534225463867,0.0,0.0,0.0,0.0,0.0,0.0,0.0,0.0,0.0,0.0,0.0,0.0,0.0,1.0,1.0,0.0,0,0,0,0,0,0,0,0.0,0.0,0.2,0.0
21,1000,0,dpga,fpn,0.9979417324066162,0.0,global_ddp_mean,2,0.0,5.192937850952148,5.192937850952148,0.0,0.0,0.0,0.0,0.0,0.0,0.0,0.0,0.0,0.0,0.0,0.0,0.0,1.0,1.0,0.0,0,0,0,0,0,0,0,0.0,0.0,0.2,0.0
21,1000,0,dpga,rpn,0.9979417324066162,0.0,global_ddp_mean,2,0.0,3.6418471336364746,3.6418471336364746,0.0,0.0,0.0,0.0,0.0,0.0,0.0,0.0,0.0,0.0,0.0,0.0,0.0,1.0,1.0,0.0,0,0,0,0,0,0,0,0.0,0.0,0.2,0.0
21,1000,0,dpga,roi_shared,0.9979417324066162,0.0,global_ddp_mean,2,0.0,11.201821327209473,11.201821327209473,0.0,0.0,0.0,0.0,0.0,0.0,0.0,0.0,0.0,0.0,0.0,0.0,0.0,1.0,1.0,0.0,0,0,0,0,0,0,0,0.0,0.0,0.2,0.0
21,1000,0,dpga,roi_cls,0.9979417324066162,0.0,global_ddp_mean,2,0.0,5.125446319580078,5.125446319580078,0.0,0.0,0.0,0.0,0.0,0.0,0.0,0.0,0.0,0.0,0.0,0.0,0.0,1.0,1.0,0.0,0,0,0,0,0,0,0,0.0,0.0,0.2,0.0
21,1000,0,dpga,roi_reg,0.9979417324066162,0.0,global_ddp_mean,2,0.0,14.596858978271484,14.596858978271484,0.0,0.0,0.0,0.0,0.0,0.0,0.0,0.0,0.0,0.0,0.0,0.0,0.0,1.0,1.0,0.0,0,0,0,0,0,0,0,0.0,0.0,0.2,0.0
21,1100,0,dpga,backbone,0.01194392703473568,0.0,global_ddp_mean,2,0.0,14.587146759033203,14.587146759033203,0.0,0.0,0.0,0.0,0.0,0.0,0.0,0.0,0.0,0.0,0.0,0.0,0.0,1.0,1.0,0.0,0,0,0,0,0,0,0,0.0,0.0,0.2,0.0
21,1100,0,dpga,fpn,0.01194392703473568,0.0,global_ddp_mean,2,0.0,2.9879982471466064,2.9879982471466064,0.0,0.0,0.0,0.0,0.0,0.0,0.0,0.0,0.0,0.0,0.0,0.0,0.0,1.0,1.0,0.0,0,0,0,0,0,0,0,0.0,0.0,0.2,0.0
21,1100,0,dpga,rpn,0.01194392703473568,0.0,global_ddp_mean,2,0.0,2.3874266147613525,2.3874266147613525,0.0,0.0,0.0,0.0,0.0,0.0,0.0,0.0,0.0,0.0,0.0,0.0,0.0,1.0,1.0,0.0,0,0,0,0,0,0,0,0.0,0.0,0.2,0.0
21,1100,0,dpga,roi_shared,0.01194392703473568,0.0,global_ddp_mean,2,0.0,6.229898452758789,6.229898452758789,0.0,0.0,0.0,0.0,0.0,0.0,0.0,0.0,0.0,0.0,0.0,0.0,0.0,1.0,1.0,0.0,0,0,0,0,0,0,0,0.0,0.0,0.2,0.0
21,1100,0,dpga,roi_cls,0.01194392703473568,0.0,global_ddp_mean,2,0.0,4.963530540466309,4.963530540466309,0.0,0.0,0.0,0.0,0.0,0.0,0.0,0.0,0.0,0.0,0.0,0.0,0.0,1.0,1.0,0.0,0,0,0,0,0,0,0,0.0,0.0,0.2,0.0
21,1100,0,dpga,roi_reg,0.01194392703473568,0.0,global_ddp_mean,2,0.0,2.7959647178649902,2.7959647178649902,0.0,0.0,0.0,0.0,0.0,0.0,0.0,0.0,0.0,0.0,0.0,0.0,0.0,1.0,1.0,0.0,0,0,0,0,0,0,0,0.0,0.0,0.2,0.0
21,1200,0,dpga,backbone,0.19188956916332245,-0.0,global_ddp_mean,2,0.0,23.14388084411621,23.14388084411621,0.0,0.0,0.0,0.0,0.0,0.0,0.0,0.0,0.0,0.0,0.0,0.0,0.0,1.0,1.0,0.0,0,0,0,0,0,0,0,0.0,0.0,0.2,0.0
21,1200,0,dpga,fpn,0.19188956916332245,-0.0,global_ddp_mean,2,0.0,3.185486078262329,3.185486078262329,0.0,0.0,0.0,0.0,0.0,0.0,0.0,0.0,0.0,0.0,0.0,0.0,0.0,1.0,1.0,0.0,0,0,0,0,0,0,0,0.0,0.0,0.2,0.0
21,1200,0,dpga,rpn,0.19188956916332245,-0.0,global_ddp_mean,2,0.0,4.353256702423096,4.353256702423096,0.0,0.0,0.0,0.0,0.0,0.0,0.0,0.0,0.0,0.0,0.0,0.0,0.0,1.0,1.0,0.0,0,0,0,0,0,0,0,0.0,0.0,0.2,0.0
21,1200,0,dpga,roi_shared,0.19188956916332245,-0.0,global_ddp_mean,2,0.0,5.328418254852295,5.328418254852295,0.0,0.0,0.0,0.0,0.0,0.0,0.0,0.0,0.0,0.0,0.0,0.0,0.0,1.0,1.0,0.0,0,0,0,0,0,0,0,0.0,0.0,0.2,0.0
21,1200,0,dpga,roi_cls,0.19188956916332245,-0.0,global_ddp_mean,2,0.0,4.033053874969482,4.033053874969482,0.0,0.0,0.0,0.0,0.0,0.0,0.0,0.0,0.0,0.0,0.0,0.0,0.0,1.0,1.0,0.0,0,0,0,0,0,0,0,0.0,0.0,0.2,0.0
21,1200,0,dpga,roi_reg,0.19188956916332245,-0.0,global_ddp_mean,2,0.0,0.8787302374839783,0.8787302374839783,0.0,0.0,0.0,0.0,0.0,0.0,0.0,0.0,0.0,0.0,0.0,0.0,0.0,1.0,1.0,0.0,0,0,0,0,0,0,0,0.0,0.0,0.2,0.0
21,1300,0,dpga,backbone,0.1242583841085434,0.0,global_ddp_mean,2,0.0,15.674665451049805,15.674665451049805,0.0,0.0,0.0,0.0,0.0,0.0,0.0,0.0,0.0,0.0,0.0,0.0,0.0,1.0,1.0,0.0,0,0,0,0,0,0,0,0.0,0.0,0.2,0.0
21,1300,0,dpga,fpn,0.1242583841085434,0.0,global_ddp_mean,2,0.0,4.765975475311279,4.765975475311279,0.0,0.0,0.0,0.0,0.0,0.0,0.0,0.0,0.0,0.0,0.0,0.0,0.0,1.0,1.0,0.0,0,0,0,0,0,0,0,0.0,0.0,0.2,0.0
21,1300,0,dpga,rpn,0.1242583841085434,0.0,global_ddp_mean,2,0.0,5.201759338378906,5.201759338378906,0.0,0.0,0.0,0.0,0.0,0.0,0.0,0.0,0.0,0.0,0.0,0.0,0.0,1.0,1.0,0.0,0,0,0,0,0,0,0,0.0,0.0,0.2,0.0
21,1300,0,dpga,roi_shared,0.1242583841085434,0.0,global_ddp_mean,2,0.0,9.359088897705078,9.359088897705078,0.0,0.0,0.0,0.0,0.0,0.0,0.0,0.0,0.0,0.0,0.0,0.0,0.0,1.0,1.0,0.0,0,0,0,0,0,0,0,0.0,0.0,0.2,0.0
21,1300,0,dpga,roi_cls,0.1242583841085434,0.0,global_ddp_mean,2,0.0,6.547038555145264,6.547038555145264,0.0,0.0,0.0,0.0,0.0,0.0,0.0,0.0,0.0,0.0,0.0,0.0,0.0,1.0,1.0,0.0,0,0,0,0,0,0,0,0.0,0.0,0.2,0.0
21,1300,0,dpga,roi_reg,0.1242583841085434,0.0,global_ddp_mean,2,0.0,5.9247589111328125,5.9247589111328125,0.0,0.0,0.0,0.0,0.0,0.0,0.0,0.0,0.0,0.0,0.0,0.0,0.0,1.0,1.0,0.0,0,0,0,0,0,0,0,0.0,0.0,0.2,0.0
21,1400,0,dpga,backbone,0.9271528720855713,0.0,global_ddp_mean,2,0.0,56.38463592529297,56.38463592529297,0.0,0.0,0.0,0.0,0.0,0.0,0.0,0.0,0.0,0.0,0.0,0.0,0.0,1.0,1.0,0.0,0,0,0,0,0,0,0,0.0,0.0,0.2,0.0
21,1400,0,dpga,fpn,0.9271528720855713,0.0,global_ddp_mean,2,0.0,5.972324848175049,5.972324848175049,0.0,0.0,0.0,0.0,0.0,0.0,0.0,0.0,0.0,0.0,0.0,0.0,0.0,1.0,1.0,0.0,0,0,0,0,0,0,0,0.0,0.0,0.2,0.0
21,1400,0,dpga,rpn,0.9271528720855713,0.0,global_ddp_mean,2,0.0,7.296996593475342,7.296996593475342,0.0,0.0,0.0,0.0,0.0,0.0,0.0,0.0,0.0,0.0,0.0,0.0,0.0,1.0,1.0,0.0,0,0,0,0,0,0,0,0.0,0.0,0.2,0.0
21,1400,0,dpga,roi_shared,0.9271528720855713,0.0,global_ddp_mean,2,0.0,13.790766716003418,13.790766716003418,0.0,0.0,0.0,0.0,0.0,0.0,0.0,0.0,0.0,0.0,0.0,0.0,0.0,1.0,1.0,0.0,0,0,0,0,0,0,0,0.0,0.0,0.2,0.0
21,1400,0,dpga,roi_cls,0.9271528720855713,0.0,global_ddp_mean,2,0.0,14.295074462890625,14.295074462890625,0.0,0.0,0.0,0.0,0.0,0.0,0.0,0.0,0.0,0.0,0.0,0.0,0.0,1.0,1.0,0.0,0,0,0,0,0,0,0,0.0,0.0,0.2,0.0
21,1400,0,dpga,roi_reg,0.9271528720855713,0.0,global_ddp_mean,2,0.0,4.854118347167969,4.854118347167969,0.0,0.0,0.0,0.0,0.0,0.0,0.0,0.0,0.0,0.0,0.0,0.0,0.0,1.0,1.0,0.0,0,0,0,0,0,0,0,0.0,0.0,0.2,0.0
22,0,0,dpga,backbone,1.0212876796722412,0.0,global_ddp_mean,2,0.0,22.832416534423828,22.832416534423828,0.0,0.0,0.0,0.0,0.0,0.0,0.0,0.0,0.0,0.0,0.0,0.0,0.0,1.0,1.0,0.0,0,0,0,0,0,0,0,0.0,0.0,0.2,0.0
22,0,0,dpga,fpn,1.0212876796722412,0.0,global_ddp_mean,2,0.0,7.515521049499512,7.515521049499512,0.0,0.0,0.0,0.0,0.0,0.0,0.0,0.0,0.0,0.0,0.0,0.0,0.0,1.0,1.0,0.0,0,0,0,0,0,0,0,0.0,0.0,0.2,0.0
22,0,0,dpga,rpn,1.0212876796722412,0.0,global_ddp_mean,2,0.0,6.43525505065918,6.43525505065918,0.0,0.0,0.0,0.0,0.0,0.0,0.0,0.0,0.0,0.0,0.0,0.0,0.0,1.0,1.0,0.0,0,0,0,0,0,0,0,0.0,0.0,0.2,0.0
22,0,0,dpga,roi_shared,1.0212876796722412,0.0,global_ddp_mean,2,0.0,16.101572036743164,16.101572036743164,0.0,0.0,0.0,0.0,0.0,0.0,0.0,0.0,0.0,0.0,0.0,0.0,0.0,1.0,1.0,0.0,0,0,0,0,0,0,0,0.0,0.0,0.2,0.0
22,0,0,dpga,roi_cls,1.0212876796722412,0.0,global_ddp_mean,2,0.0,12.998051643371582,12.998051643371582,0.0,0.0,0.0,0.0,0.0,0.0,0.0,0.0,0.0,0.0,0.0,0.0,0.0,1.0,1.0,0.0,0,0,0,0,0,0,0,0.0,0.0,0.2,0.0
22,0,0,dpga,roi_reg,1.0212876796722412,0.0,global_ddp_mean,2,0.0,6.035037994384766,6.035037994384766,0.0,0.0,0.0,0.0,0.0,0.0,0.0,0.0,0.0,0.0,0.0,0.0,0.0,1.0,1.0,0.0,0,0,0,0,0,0,0,0.0,0.0,0.2,0.0
22,100,0,dpga,backbone,0.05949173495173454,-0.0,global_ddp_mean,2,0.0,4.211984634399414,4.211984634399414,0.0,0.0,0.0,0.0,0.0,0.0,0.0,0.0,0.0,0.0,0.0,0.0,0.0,1.0,1.0,0.0,0,0,0,0,0,0,0,0.0,0.0,0.2,0.0
22,100,0,dpga,fpn,0.05949173495173454,-0.0,global_ddp_mean,2,0.0,0.7498623132705688,0.7498623132705688,0.0,0.0,0.0,0.0,0.0,0.0,0.0,0.0,0.0,0.0,0.0,0.0,0.0,1.0,1.0,0.0,0,0,0,0,0,0,0,0.0,0.0,0.2,0.0
22,100,0,dpga,rpn,0.05949173495173454,-0.0,global_ddp_mean,2,0.0,1.1380373239517212,1.1380373239517212,0.0,0.0,0.0,0.0,0.0,0.0,0.0,0.0,0.0,0.0,0.0,0.0,0.0,1.0,1.0,0.0,0,0,0,0,0,0,0,0.0,0.0,0.2,0.0
22,100,0,dpga,roi_shared,0.05949173495173454,-0.0,global_ddp_mean,2,0.0,1.496721625328064,1.496721625328064,0.0,0.0,0.0,0.0,0.0,0.0,0.0,0.0,0.0,0.0,0.0,0.0,0.0,1.0,1.0,0.0,0,0,0,0,0,0,0,0.0,0.0,0.2,0.0
22,100,0,dpga,roi_cls,0.05949173495173454,-0.0,global_ddp_mean,2,0.0,1.111742615699768,1.111742615699768,0.0,0.0,0.0,0.0,0.0,0.0,0.0,0.0,0.0,0.0,0.0,0.0,0.0,1.0,1.0,0.0,0,0,0,0,0,0,0,0.0,0.0,0.2,0.0
22,100,0,dpga,roi_reg,0.05949173495173454,-0.0,global_ddp_mean,2,0.0,0.8607283234596252,0.8607283234596252,0.0,0.0,0.0,0.0,0.0,0.0,0.0,0.0,0.0,0.0,0.0,0.0,0.0,1.0,1.0,0.0,0,0,0,0,0,0,0,0.0,0.0,0.2,0.0
22,200,0,dpga,backbone,0.11718416213989258,-0.0,global_ddp_mean,2,0.0,36.57103729248047,36.57103729248047,0.0,0.0,0.0,0.0,0.0,0.0,0.0,0.0,0.0,0.0,0.0,0.0,0.0,1.0,1.0,0.0,0,0,0,0,0,0,0,0.0,0.0,0.2,0.0
22,200,0,dpga,fpn,0.11718416213989258,-0.0,global_ddp_mean,2,0.0,5.018681526184082,5.018681526184082,0.0,0.0,0.0,0.0,0.0,0.0,0.0,0.0,0.0,0.0,0.0,0.0,0.0,1.0,1.0,0.0,0,0,0,0,0,0,0,0.0,0.0,0.2,0.0
22,200,0,dpga,rpn,0.11718416213989258,-0.0,global_ddp_mean,2,0.0,3.7029058933258057,3.7029058933258057,0.0,0.0,0.0,0.0,0.0,0.0,0.0,0.0,0.0,0.0,0.0,0.0,0.0,1.0,1.0,0.0,0,0,0,0,0,0,0,0.0,0.0,0.2,0.0
22,200,0,dpga,roi_shared,0.11718416213989258,-0.0,global_ddp_mean,2,0.0,10.206001281738281,10.206001281738281,0.0,0.0,0.0,0.0,0.0,0.0,0.0,0.0,0.0,0.0,0.0,0.0,0.0,1.0,1.0,0.0,0,0,0,0,0,0,0,0.0,0.0,0.2,0.0
22,200,0,dpga,roi_cls,0.11718416213989258,-0.0,global_ddp_mean,2,0.0,7.628296375274658,7.628296375274658,0.0,0.0,0.0,0.0,0.0,0.0,0.0,0.0,0.0,0.0,0.0,0.0,0.0,1.0,1.0,0.0,0,0,0,0,0,0,0,0.0,0.0,0.2,0.0
22,200,0,dpga,roi_reg,0.11718416213989258,-0.0,global_ddp_mean,2,0.0,4.145430564880371,4.145430564880371,0.0,0.0,0.0,0.0,0.0,0.0,0.0,0.0,0.0,0.0,0.0,0.0,0.0,1.0,1.0,0.0,0,0,0,0,0,0,0,0.0,0.0,0.2,0.0
22,300,0,dpga,backbone,0.0964408814907074,-0.0,global_ddp_mean,2,0.0,6.624123573303223,6.624123573303223,0.0,0.0,0.0,0.0,0.0,0.0,0.0,0.0,0.0,0.0,0.0,0.0,0.0,1.0,1.0,0.0,0,0,0,0,0,0,0,0.0,0.0,0.2,0.0
22,300,0,dpga,fpn,0.0964408814907074,-0.0,global_ddp_mean,2,0.0,1.0505681037902832,1.0505681037902832,0.0,0.0,0.0,0.0,0.0,0.0,0.0,0.0,0.0,0.0,0.0,0.0,0.0,1.0,1.0,0.0,0,0,0,0,0,0,0,0.0,0.0,0.2,0.0
22,300,0,dpga,rpn,0.0964408814907074,-0.0,global_ddp_mean,2,0.0,0.8300832509994507,0.8300832509994507,0.0,0.0,0.0,0.0,0.0,0.0,0.0,0.0,0.0,0.0,0.0,0.0,0.0,1.0,1.0,0.0,0,0,0,0,0,0,0,0.0,0.0,0.2,0.0
22,300,0,dpga,roi_shared,0.0964408814907074,-0.0,global_ddp_mean,2,0.0,1.9714258909225464,1.9714258909225464,0.0,0.0,0.0,0.0,0.0,0.0,0.0,0.0,0.0,0.0,0.0,0.0,0.0,1.0,1.0,0.0,0,0,0,0,0,0,0,0.0,0.0,0.2,0.0
22,300,0,dpga,roi_cls,0.0964408814907074,-0.0,global_ddp_mean,2,0.0,1.6074591875076294,1.6074591875076294,0.0,0.0,0.0,0.0,0.0,0.0,0.0,0.0,0.0,0.0,0.0,0.0,0.0,1.0,1.0,0.0,0,0,0,0,0,0,0,0.0,0.0,0.2,0.0
22,300,0,dpga,roi_reg,0.0964408814907074,-0.0,global_ddp_mean,2,0.0,1.558181881904602,1.558181881904602,0.0,0.0,0.0,0.0,0.0,0.0,0.0,0.0,0.0,0.0,0.0,0.0,0.0,1.0,1.0,0.0,0,0,0,0,0,0,0,0.0,0.0,0.2,0.0
22,400,0,dpga,backbone,0.004950704984366894,0.0,global_ddp_mean,2,0.0,2.6400840282440186,2.6400840282440186,0.0,0.0,0.0,0.0,0.0,0.0,0.0,0.0,0.0,0.0,0.0,0.0,0.0,1.0,1.0,0.0,0,0,0,0,0,0,0,0.0,0.0,0.2,0.0
22,400,0,dpga,fpn,0.004950704984366894,0.0,global_ddp_mean,2,0.0,0.4304508566856384,0.4304508566856384,0.0,0.0,0.0,0.0,0.0,0.0,0.0,0.0,0.0,0.0,0.0,0.0,0.0,1.0,1.0,0.0,0,0,0,0,0,0,0,0.0,0.0,0.2,0.0
22,400,0,dpga,rpn,0.004950704984366894,0.0,global_ddp_mean,2,0.0,0.8199952244758606,0.8199952244758606,0.0,0.0,0.0,0.0,0.0,0.0,0.0,0.0,0.0,0.0,0.0,0.0,0.0,1.0,1.0,0.0,0,0,0,0,0,0,0,0.0,0.0,0.2,0.0
22,400,0,dpga,roi_shared,0.004950704984366894,0.0,global_ddp_mean,2,0.0,0.0,0.0,0.0,0.0,0.0,0.0,0.0,0.0,0.0,0.0,0.0,0.0,0.0,0.0,0.0,0.0,0.0,90.0,0,0,0,0,0,0,0,0.0,0.0,0.2,0.0
22,400,0,dpga,roi_cls,0.004950704984366894,0.0,global_ddp_mean,2,0.0,0.0,0.0,0.0,0.0,0.0,0.0,0.0,0.0,0.0,0.0,0.0,0.0,0.0,0.0,0.0,0.0,0.0,90.0,0,0,0,0,0,0,0,0.0,0.0,0.2,0.0
22,400,0,dpga,roi_reg,0.004950704984366894,0.0,global_ddp_mean,2,0.0,0.0,0.0,0.0,0.0,0.0,0.0,0.0,0.0,0.0,0.0,0.0,0.0,0.0,0.0,0.0,0.0,0.0,90.0,0,0,0,0,0,0,0,0.0,0.0,0.2,0.0
22,500,0,dpga,backbone,0.16895243525505066,0.0,global_ddp_mean,2,0.0,4.971480846405029,4.971480846405029,0.0,0.0,0.0,0.0,0.0,0.0,0.0,0.0,0.0,0.0,0.0,0.0,0.0,1.0,1.0,0.0,0,0,0,0,0,0,0,0.0,0.0,0.2,0.0
22,500,0,dpga,fpn,0.16895243525505066,0.0,global_ddp_mean,2,0.0,0.8954836130142212,0.8954836130142212,0.0,0.0,0.0,0.0,0.0,0.0,0.0,0.0,0.0,0.0,0.0,0.0,0.0,1.0,1.0,0.0,0,0,0,0,0,0,0,0.0,0.0,0.2,0.0
22,500,0,dpga,rpn,0.16895243525505066,0.0,global_ddp_mean,2,0.0,1.0771337747573853,1.0771337747573853,0.0,0.0,0.0,0.0,0.0,0.0,0.0,0.0,0.0,0.0,0.0,0.0,0.0,1.0,1.0,0.0,0,0,0,0,0,0,0,0.0,0.0,0.2,0.0
22,500,0,dpga,roi_shared,0.16895243525505066,0.0,global_ddp_mean,2,0.0,2.0591039657592773,2.0591039657592773,0.0,0.0,0.0,0.0,0.0,0.0,0.0,0.0,0.0,0.0,0.0,0.0,0.0,1.0,1.0,0.0,0,0,0,0,0,0,0,0.0,0.0,0.2,0.0
22,500,0,dpga,roi_cls,0.16895243525505066,0.0,global_ddp_mean,2,0.0,1.7036031484603882,1.7036031484603882,0.0,0.0,0.0,0.0,0.0,0.0,0.0,0.0,0.0,0.0,0.0,0.0,0.0,1.0,1.0,0.0,0,0,0,0,0,0,0,0.0,0.0,0.2,0.0
22,500,0,dpga,roi_reg,0.16895243525505066,0.0,global_ddp_mean,2,0.0,1.0268861055374146,1.0268861055374146,0.0,0.0,0.0,0.0,0.0,0.0,0.0,0.0,0.0,0.0,0.0,0.0,0.0,1.0,1.0,0.0,0,0,0,0,0,0,0,0.0,0.0,0.2,0.0
22,600,0,dpga,backbone,0.27918264269828796,0.0,global_ddp_mean,2,0.0,149.87039184570312,149.87039184570312,0.0,0.0,0.0,0.0,0.0,0.0,0.0,0.0,0.0,0.0,0.0,0.0,0.0,1.0,1.0,0.0,0,0,0,0,0,0,0,0.0,0.0,0.2,0.0
22,600,0,dpga,fpn,0.27918264269828796,0.0,global_ddp_mean,2,0.0,25.74435043334961,25.74435043334961,0.0,0.0,0.0,0.0,0.0,0.0,0.0,0.0,0.0,0.0,0.0,0.0,0.0,1.0,1.0,0.0,0,0,0,0,0,0,0,0.0,0.0,0.2,0.0
22,600,0,dpga,rpn,0.27918264269828796,0.0,global_ddp_mean,2,0.0,41.109703063964844,41.109703063964844,0.0,0.0,0.0,0.0,0.0,0.0,0.0,0.0,0.0,0.0,0.0,0.0,0.0,1.0,1.0,0.0,0,0,0,0,0,0,0,0.0,0.0,0.2,0.0
22,600,0,dpga,roi_shared,0.27918264269828796,0.0,global_ddp_mean,2,0.0,21.079248428344727,21.079248428344727,0.0,0.0,0.0,0.0,0.0,0.0,0.0,0.0,0.0,0.0,0.0,0.0,0.0,1.0,1.0,0.0,0,0,0,0,0,0,0,0.0,0.0,0.2,0.0
22,600,0,dpga,roi_cls,0.27918264269828796,0.0,global_ddp_mean,2,0.0,18.245275497436523,18.245275497436523,0.0,0.0,0.0,0.0,0.0,0.0,0.0,0.0,0.0,0.0,0.0,0.0,0.0,1.0,1.0,0.0,0,0,0,0,0,0,0,0.0,0.0,0.2,0.0
22,600,0,dpga,roi_reg,0.27918264269828796,0.0,global_ddp_mean,2,0.0,1.6506659984588623,1.6506659984588623,0.0,0.0,0.0,0.0,0.0,0.0,0.0,0.0,0.0,0.0,0.0,0.0,0.0,1.0,1.0,0.0,0,0,0,0,0,0,0,0.0,0.0,0.2,0.0
22,700,0,dpga,backbone,0.003532697446644306,0.0,global_ddp_mean,2,0.0,5.8735504150390625,5.8735504150390625,0.0,0.0,0.0,0.0,0.0,0.0,0.0,0.0,0.0,0.0,0.0,0.0,0.0,1.0,1.0,0.0,0,0,0,0,0,0,0,0.0,0.0,0.2,0.0
22,700,0,dpga,fpn,0.003532697446644306,0.0,global_ddp_mean,2,0.0,0.8748199343681335,0.8748199343681335,0.0,0.0,0.0,0.0,0.0,0.0,0.0,0.0,0.0,0.0,0.0,0.0,0.0,1.0,1.0,0.0,0,0,0,0,0,0,0,0.0,0.0,0.2,0.0
22,700,0,dpga,rpn,0.003532697446644306,0.0,global_ddp_mean,2,0.0,0.6165699362754822,0.6165699362754822,0.0,0.0,0.0,0.0,0.0,0.0,0.0,0.0,0.0,0.0,0.0,0.0,0.0,1.0,1.0,0.0,0,0,0,0,0,0,0,0.0,0.0,0.2,0.0
22,700,0,dpga,roi_shared,0.003532697446644306,0.0,global_ddp_mean,2,0.0,1.7753818035125732,1.7753818035125732,0.0,0.0,0.0,0.0,0.0,0.0,0.0,0.0,0.0,0.0,0.0,0.0,0.0,1.0,1.0,0.0,0,0,0,0,0,0,0,0.0,0.0,0.2,0.0
22,700,0,dpga,roi_cls,0.003532697446644306,0.0,global_ddp_mean,2,0.0,1.5141465663909912,1.5141465663909912,0.0,0.0,0.0,0.0,0.0,0.0,0.0,0.0,0.0,0.0,0.0,0.0,0.0,1.0,1.0,0.0,0,0,0,0,0,0,0,0.0,0.0,0.2,0.0
22,700,0,dpga,roi_reg,0.003532697446644306,0.0,global_ddp_mean,2,0.0,0.0,0.0,0.0,0.0,0.0,0.0,0.0,0.0,0.0,0.0,0.0,0.0,0.0,0.0,0.0,0.0,0.0,90.0,0,0,0,0,0,0,0,0.0,0.0,0.2,0.0
22,800,0,dpga,backbone,0.058981455862522125,0.0,global_ddp_mean,2,0.0,7.888269424438477,7.888269424438477,0.0,0.0,0.0,0.0,0.0,0.0,0.0,0.0,0.0,0.0,0.0,0.0,0.0,1.0,1.0,0.0,0,0,0,0,0,0,0,0.0,0.0,0.2,0.0
22,800,0,dpga,fpn,0.058981455862522125,0.0,global_ddp_mean,2,0.0,1.6633360385894775,1.6633360385894775,0.0,0.0,0.0,0.0,0.0,0.0,0.0,0.0,0.0,0.0,0.0,0.0,0.0,1.0,1.0,0.0,0,0,0,0,0,0,0,0.0,0.0,0.2,0.0
22,800,0,dpga,rpn,0.058981455862522125,0.0,global_ddp_mean,2,0.0,1.0865566730499268,1.0865566730499268,0.0,0.0,0.0,0.0,0.0,0.0,0.0,0.0,0.0,0.0,0.0,0.0,0.0,1.0,1.0,0.0,0,0,0,0,0,0,0,0.0,0.0,0.2,0.0
22,800,0,dpga,roi_shared,0.058981455862522125,0.0,global_ddp_mean,2,0.0,3.346212148666382,3.346212148666382,0.0,0.0,0.0,0.0,0.0,0.0,0.0,0.0,0.0,0.0,0.0,0.0,0.0,1.0,1.0,0.0,0,0,0,0,0,0,0,0.0,0.0,0.2,0.0
22,800,0,dpga,roi_cls,0.058981455862522125,0.0,global_ddp_mean,2,0.0,3.2468292713165283,3.2468292713165283,0.0,0.0,0.0,0.0,0.0,0.0,0.0,0.0,0.0,0.0,0.0,0.0,0.0,1.0,1.0,0.0,0,0,0,0,0,0,0,0.0,0.0,0.2,0.0
22,800,0,dpga,roi_reg,0.058981455862522125,0.0,global_ddp_mean,2,0.0,0.7223262786865234,0.7223262786865234,0.0,0.0,0.0,0.0,0.0,0.0,0.0,0.0,0.0,0.0,0.0,0.0,0.0,1.0,1.0,0.0,0,0,0,0,0,0,0,0.0,0.0,0.2,0.0
22,900,0,dpga,backbone,0.29222434759140015,0.06568845361471176,global_ddp_mean,2,0.018907293677330017,19.05416488647461,19.05416488647461,2.6970200538635254,2.6970200538635254,2.6970200538635254,2.6970200538635254,0.5394040188104512,2.6970200538635254,0.14154490999382374,0.14154490999382374,0.14154490999382374,0.028308982420601453,0.028308982420601453,0.0005352462443326845,0.0005352462443326845,1.0005352462443327,0.999599972717751,1.620678663480491,0,0,0,0,0,0,0,1.0,1.0,0.2,0.20000000298023224
22,900,0,dpga,fpn,0.29222434759140015,0.06568845361471176,global_ddp_mean,2,-0.010139397345483303,2.0234243869781494,2.0234243869781494,0.6073350310325623,0.6073350310325623,0.6073037981987,0.6073037981987,0.12146076144964635,0.6073037981987,0.30015207632224744,0.30013664069042284,0.30013664069042284,0.060027329032561465,0.060027329032561465,-8.611072743304777e-11,-8.611072743304777e-11,0.9999999999138892,0.9982032743158911,3.4351330698263416,1,0,0,0,0,1,0,1.0,1.0,0.2,0.20000000298023224
22,900,0,dpga,rpn,0.29222434759140015,0.06568845361471176,global_ddp_mean,2,0.0,2.373849630355835,2.373849630355835,0.0,0.0,0.0,0.0,0.0,0.0,0.0,0.0,0.0,0.0,0.0,0.0,0.0,1.0,1.0,0.0,0,0,0,0,0,0,0,0.0,0.0,0.2,0.0
22,900,0,dpga,roi_shared,0.29222434759140015,0.06568845361471176,global_ddp_mean,2,-0.07723229378461838,4.121728420257568,4.121728420257568,0.6171640753746033,0.6171640753746033,0.6153206825256348,0.6153206825256348,0.12306413833892549,0.6153206825256348,0.14973428922229584,0.14928705139849635,0.14928705139849635,0.029857410724609353,0.029857410724609353,1.3457317417073276e-10,1.3457317417073276e-10,1.0000000001345732,0.9995545659905986,1.7101942376247985,1,0,0,0,0,1,0,1.0,1.0,0.2,0.20000000298023224
22,900,0,dpga,roi_cls,0.29222434759140015,0.06568845361471176,global_ddp_mean,2,0.0,2.2159695625305176,2.2159695625305176,0.0,0.0,0.0,0.0,0.0,0.0,0.0,0.0,0.0,0.0,0.0,0.0,0.0,1.0,1.0,0.0,0,0,0,0,0,0,0,0.0,0.0,0.2,0.0
22,900,0,dpga,roi_reg,0.29222434759140015,0.06568845361471176,global_ddp_mean,2,-0.16228441894054413,5.084717750549316,5.084717750549316,2.547851085662842,2.547851085662842,2.5140767097473145,2.5140767097473145,0.5028153494419954,2.5140767097473145,0.5010801406602343,0.4944378101371923,0.4944378101371923,0.09888756350097797,0.09888756350097797,-1.5134398992412285e-09,-1.5134398992412285e-09,0.9999999984865601,0.9951461600550258,5.647499209432477,1,0,0,0,0,1,0,1.0,1.0,0.2,0.20000000298023224
22,1000,0,dpga,backbone,0.6289229393005371,0.0,global_ddp_mean,2,0.0,22.825695037841797,22.825695037841797,0.0,0.0,0.0,0.0,0.0,0.0,0.0,0.0,0.0,0.0,0.0,0.0,0.0,1.0,1.0,0.0,0,0,0,0,0,0,0,0.0,0.0,0.2,0.0
22,1000,0,dpga,fpn,0.6289229393005371,0.0,global_ddp_mean,2,0.0,2.5218253135681152,2.5218253135681152,0.0,0.0,0.0,0.0,0.0,0.0,0.0,0.0,0.0,0.0,0.0,0.0,0.0,1.0,1.0,0.0,0,0,0,0,0,0,0,0.0,0.0,0.2,0.0
22,1000,0,dpga,rpn,0.6289229393005371,0.0,global_ddp_mean,2,0.0,2.5824875831604004,2.5824875831604004,0.0,0.0,0.0,0.0,0.0,0.0,0.0,0.0,0.0,0.0,0.0,0.0,0.0,1.0,1.0,0.0,0,0,0,0,0,0,0,0.0,0.0,0.2,0.0
22,1000,0,dpga,roi_shared,0.6289229393005371,0.0,global_ddp_mean,2,0.0,5.745588302612305,5.745588302612305,0.0,0.0,0.0,0.0,0.0,0.0,0.0,0.0,0.0,0.0,0.0,0.0,0.0,1.0,1.0,0.0,0,0,0,0,0,0,0,0.0,0.0,0.2,0.0
22,1000,0,dpga,roi_cls,0.6289229393005371,0.0,global_ddp_mean,2,0.0,5.346949577331543,5.346949577331543,0.0,0.0,0.0,0.0,0.0,0.0,0.0,0.0,0.0,0.0,0.0,0.0,0.0,1.0,1.0,0.0,0,0,0,0,0,0,0,0.0,0.0,0.2,0.0
22,1000,0,dpga,roi_reg,0.6289229393005371,0.0,global_ddp_mean,2,0.0,2.79245662689209,2.79245662689209,0.0,0.0,0.0,0.0,0.0,0.0,0.0,0.0,0.0,0.0,0.0,0.0,0.0,1.0,1.0,0.0,0,0,0,0,0,0,0,0.0,0.0,0.2,0.0
22,1100,0,dpga,backbone,0.010242221876978874,0.0,global_ddp_mean,2,0.0,11.60426139831543,11.60426139831543,0.0,0.0,0.0,0.0,0.0,0.0,0.0,0.0,0.0,0.0,0.0,0.0,0.0,1.0,1.0,0.0,0,0,0,0,0,0,0,0.0,0.0,0.2,0.0
22,1100,0,dpga,fpn,0.010242221876978874,0.0,global_ddp_mean,2,0.0,2.569988250732422,2.569988250732422,0.0,0.0,0.0,0.0,0.0,0.0,0.0,0.0,0.0,0.0,0.0,0.0,0.0,1.0,1.0,0.0,0,0,0,0,0,0,0,0.0,0.0,0.2,0.0
22,1100,0,dpga,rpn,0.010242221876978874,0.0,global_ddp_mean,2,0.0,1.286677598953247,1.286677598953247,0.0,0.0,0.0,0.0,0.0,0.0,0.0,0.0,0.0,0.0,0.0,0.0,0.0,1.0,1.0,0.0,0,0,0,0,0,0,0,0.0,0.0,0.2,0.0
22,1100,0,dpga,roi_shared,0.010242221876978874,0.0,global_ddp_mean,2,0.0,5.324772357940674,5.324772357940674,0.0,0.0,0.0,0.0,0.0,0.0,0.0,0.0,0.0,0.0,0.0,0.0,0.0,1.0,1.0,0.0,0,0,0,0,0,0,0,0.0,0.0,0.2,0.0
22,1100,0,dpga,roi_cls,0.010242221876978874,0.0,global_ddp_mean,2,0.0,4.97123908996582,4.97123908996582,0.0,0.0,0.0,0.0,0.0,0.0,0.0,0.0,0.0,0.0,0.0,0.0,0.0,1.0,1.0,0.0,0,0,0,0,0,0,0,0.0,0.0,0.2,0.0
22,1100,0,dpga,roi_reg,0.010242221876978874,0.0,global_ddp_mean,2,0.0,1.4164044857025146,1.4164044857025146,0.0,0.0,0.0,0.0,0.0,0.0,0.0,0.0,0.0,0.0,0.0,0.0,0.0,1.0,1.0,0.0,0,0,0,0,0,0,0,0.0,0.0,0.2,0.0
22,1200,0,dpga,backbone,0.08174595981836319,0.0,global_ddp_mean,2,0.0,3.128695249557495,3.128695249557495,0.0,0.0,0.0,0.0,0.0,0.0,0.0,0.0,0.0,0.0,0.0,0.0,0.0,1.0,1.0,0.0,0,0,0,0,0,0,0,0.0,0.0,0.2,0.0
22,1200,0,dpga,fpn,0.08174595981836319,0.0,global_ddp_mean,2,0.0,0.8662497997283936,0.8662497997283936,0.0,0.0,0.0,0.0,0.0,0.0,0.0,0.0,0.0,0.0,0.0,0.0,0.0,1.0,1.0,0.0,0,0,0,0,0,0,0,0.0,0.0,0.2,0.0
22,1200,0,dpga,rpn,0.08174595981836319,0.0,global_ddp_mean,2,0.0,0.5971711874008179,0.5971711874008179,0.0,0.0,0.0,0.0,0.0,0.0,0.0,0.0,0.0,0.0,0.0,0.0,0.0,1.0,1.0,0.0,0,0,0,0,0,0,0,0.0,0.0,0.2,0.0
22,1200,0,dpga,roi_shared,0.08174595981836319,0.0,global_ddp_mean,2,0.0,1.9312773942947388,1.9312773942947388,0.0,0.0,0.0,0.0,0.0,0.0,0.0,0.0,0.0,0.0,0.0,0.0,0.0,1.0,1.0,0.0,0,0,0,0,0,0,0,0.0,0.0,0.2,0.0
22,1200,0,dpga,roi_cls,0.08174595981836319,0.0,global_ddp_mean,2,0.0,1.6493737697601318,1.6493737697601318,0.0,0.0,0.0,0.0,0.0,0.0,0.0,0.0,0.0,0.0,0.0,0.0,0.0,1.0,1.0,0.0,0,0,0,0,0,0,0,0.0,0.0,0.2,0.0
22,1200,0,dpga,roi_reg,0.08174595981836319,0.0,global_ddp_mean,2,0.0,0.1307106912136078,0.1307106912136078,0.0,0.0,0.0,0.0,0.0,0.0,0.0,0.0,0.0,0.0,0.0,0.0,0.0,1.0,1.0,0.0,0,0,0,0,0,0,0,0.0,0.0,0.2,0.0
22,1300,0,dpga,backbone,0.4099096655845642,-0.0,global_ddp_mean,2,0.0,14.678849220275879,14.678849220275879,0.0,0.0,0.0,0.0,0.0,0.0,0.0,0.0,0.0,0.0,0.0,0.0,0.0,1.0,1.0,0.0,0,0,0,0,0,0,0,0.0,0.0,0.2,0.0
22,1300,0,dpga,fpn,0.4099096655845642,-0.0,global_ddp_mean,2,0.0,2.894711971282959,2.894711971282959,0.0,0.0,0.0,0.0,0.0,0.0,0.0,0.0,0.0,0.0,0.0,0.0,0.0,1.0,1.0,0.0,0,0,0,0,0,0,0,0.0,0.0,0.2,0.0
22,1300,0,dpga,rpn,0.4099096655845642,-0.0,global_ddp_mean,2,0.0,1.4310091733932495,1.4310091733932495,0.0,0.0,0.0,0.0,0.0,0.0,0.0,0.0,0.0,0.0,0.0,0.0,0.0,1.0,1.0,0.0,0,0,0,0,0,0,0,0.0,0.0,0.2,0.0
22,1300,0,dpga,roi_shared,0.4099096655845642,-0.0,global_ddp_mean,2,0.0,6.168305397033691,6.168305397033691,0.0,0.0,0.0,0.0,0.0,0.0,0.0,0.0,0.0,0.0,0.0,0.0,0.0,1.0,1.0,0.0,0,0,0,0,0,0,0,0.0,0.0,0.2,0.0
22,1300,0,dpga,roi_cls,0.4099096655845642,-0.0,global_ddp_mean,2,0.0,4.676100730895996,4.676100730895996,0.0,0.0,0.0,0.0,0.0,0.0,0.0,0.0,0.0,0.0,0.0,0.0,0.0,1.0,1.0,0.0,0,0,0,0,0,0,0,0.0,0.0,0.2,0.0
22,1300,0,dpga,roi_reg,0.4099096655845642,-0.0,global_ddp_mean,2,0.0,1.8725875616073608,1.8725875616073608,0.0,0.0,0.0,0.0,0.0,0.0,0.0,0.0,0.0,0.0,0.0,0.0,0.0,1.0,1.0,0.0,0,0,0,0,0,0,0,0.0,0.0,0.2,0.0
22,1400,0,dpga,backbone,0.5379877090454102,0.0,global_ddp_mean,2,0.0,19.391376495361328,19.391376495361328,0.0,0.0,0.0,0.0,0.0,0.0,0.0,0.0,0.0,0.0,0.0,0.0,0.0,1.0,1.0,0.0,0,0,0,0,0,0,0,0.0,0.0,0.2,0.0
22,1400,0,dpga,fpn,0.5379877090454102,0.0,global_ddp_mean,2,0.0,2.4279212951660156,2.4279212951660156,0.0,0.0,0.0,0.0,0.0,0.0,0.0,0.0,0.0,0.0,0.0,0.0,0.0,1.0,1.0,0.0,0,0,0,0,0,0,0,0.0,0.0,0.2,0.0
22,1400,0,dpga,rpn,0.5379877090454102,0.0,global_ddp_mean,2,0.0,3.0240941047668457,3.0240941047668457,0.0,0.0,0.0,0.0,0.0,0.0,0.0,0.0,0.0,0.0,0.0,0.0,0.0,1.0,1.0,0.0,0,0,0,0,0,0,0,0.0,0.0,0.2,0.0
22,1400,0,dpga,roi_shared,0.5379877090454102,0.0,global_ddp_mean,2,0.0,5.061427116394043,5.061427116394043,0.0,0.0,0.0,0.0,0.0,0.0,0.0,0.0,0.0,0.0,0.0,0.0,0.0,1.0,1.0,0.0,0,0,0,0,0,0,0,0.0,0.0,0.2,0.0
22,1400,0,dpga,roi_cls,0.5379877090454102,0.0,global_ddp_mean,2,0.0,2.794919967651367,2.794919967651367,0.0,0.0,0.0,0.0,0.0,0.0,0.0,0.0,0.0,0.0,0.0,0.0,0.0,1.0,1.0,0.0,0,0,0,0,0,0,0,0.0,0.0,0.2,0.0
22,1400,0,dpga,roi_reg,0.5379877090454102,0.0,global_ddp_mean,2,0.0,2.476808547973633,2.476808547973633,0.0,0.0,0.0,0.0,0.0,0.0,0.0,0.0,0.0,0.0,0.0,0.0,0.0,1.0,1.0,0.0,0,0,0,0,0,0,0,0.0,0.0,0.2,0.0
23,0,0,dpga,backbone,0.1466817408800125,0.0,global_ddp_mean,2,0.0,11.878375053405762,11.878375053405762,0.0,0.0,0.0,0.0,0.0,0.0,0.0,0.0,0.0,0.0,0.0,0.0,0.0,1.0,1.0,0.0,0,0,0,0,0,0,0,0.0,0.0,0.2,0.0
23,0,0,dpga,fpn,0.1466817408800125,0.0,global_ddp_mean,2,0.0,2.7119739055633545,2.7119739055633545,0.0,0.0,0.0,0.0,0.0,0.0,0.0,0.0,0.0,0.0,0.0,0.0,0.0,1.0,1.0,0.0,0,0,0,0,0,0,0,0.0,0.0,0.2,0.0
23,0,0,dpga,rpn,0.1466817408800125,0.0,global_ddp_mean,2,0.0,1.3697681427001953,1.3697681427001953,0.0,0.0,0.0,0.0,0.0,0.0,0.0,0.0,0.0,0.0,0.0,0.0,0.0,1.0,1.0,0.0,0,0,0,0,0,0,0,0.0,0.0,0.2,0.0
23,0,0,dpga,roi_shared,0.1466817408800125,0.0,global_ddp_mean,2,0.0,5.840700149536133,5.840700149536133,0.0,0.0,0.0,0.0,0.0,0.0,0.0,0.0,0.0,0.0,0.0,0.0,0.0,1.0,1.0,0.0,0,0,0,0,0,0,0,0.0,0.0,0.2,0.0
23,0,0,dpga,roi_cls,0.1466817408800125,0.0,global_ddp_mean,2,0.0,3.4434244632720947,3.4434244632720947,0.0,0.0,0.0,0.0,0.0,0.0,0.0,0.0,0.0,0.0,0.0,0.0,0.0,1.0,1.0,0.0,0,0,0,0,0,0,0,0.0,0.0,0.2,0.0
23,0,0,dpga,roi_reg,0.1466817408800125,0.0,global_ddp_mean,2,0.0,2.776218891143799,2.776218891143799,0.0,0.0,0.0,0.0,0.0,0.0,0.0,0.0,0.0,0.0,0.0,0.0,0.0,1.0,1.0,0.0,0,0,0,0,0,0,0,0.0,0.0,0.2,0.0
23,100,0,dpga,backbone,0.0855068638920784,0.0,global_ddp_mean,2,0.0,33.408878326416016,33.408878326416016,0.0,0.0,0.0,0.0,0.0,0.0,0.0,0.0,0.0,0.0,0.0,0.0,0.0,1.0,1.0,0.0,0,0,0,0,0,0,0,0.0,0.0,0.2,0.0
23,100,0,dpga,fpn,0.0855068638920784,0.0,global_ddp_mean,2,0.0,4.2475385665893555,4.2475385665893555,0.0,0.0,0.0,0.0,0.0,0.0,0.0,0.0,0.0,0.0,0.0,0.0,0.0,1.0,1.0,0.0,0,0,0,0,0,0,0,0.0,0.0,0.2,0.0
23,100,0,dpga,rpn,0.0855068638920784,0.0,global_ddp_mean,2,0.0,6.788449287414551,6.788449287414551,0.0,0.0,0.0,0.0,0.0,0.0,0.0,0.0,0.0,0.0,0.0,0.0,0.0,1.0,1.0,0.0,0,0,0,0,0,0,0,0.0,0.0,0.2,0.0
23,100,0,dpga,roi_shared,0.0855068638920784,0.0,global_ddp_mean,2,0.0,7.910311698913574,7.910311698913574,0.0,0.0,0.0,0.0,0.0,0.0,0.0,0.0,0.0,0.0,0.0,0.0,0.0,1.0,1.0,0.0,0,0,0,0,0,0,0,0.0,0.0,0.2,0.0
23,100,0,dpga,roi_cls,0.0855068638920784,0.0,global_ddp_mean,2,0.0,5.44342565536499,5.44342565536499,0.0,0.0,0.0,0.0,0.0,0.0,0.0,0.0,0.0,0.0,0.0,0.0,0.0,1.0,1.0,0.0,0,0,0,0,0,0,0,0.0,0.0,0.2,0.0
23,100,0,dpga,roi_reg,0.0855068638920784,0.0,global_ddp_mean,2,0.0,3.0976624488830566,3.0976624488830566,0.0,0.0,0.0,0.0,0.0,0.0,0.0,0.0,0.0,0.0,0.0,0.0,0.0,1.0,1.0,0.0,0,0,0,0,0,0,0,0.0,0.0,0.2,0.0
23,200,0,dpga,backbone,0.4662632644176483,-0.0,global_ddp_mean,2,0.0,10.722959518432617,10.722959518432617,0.0,0.0,0.0,0.0,0.0,0.0,0.0,0.0,0.0,0.0,0.0,0.0,0.0,1.0,1.0,0.0,0,0,0,0,0,0,0,0.0,0.0,0.2,0.0
23,200,0,dpga,fpn,0.4662632644176483,-0.0,global_ddp_mean,2,0.0,1.921843409538269,1.921843409538269,0.0,0.0,0.0,0.0,0.0,0.0,0.0,0.0,0.0,0.0,0.0,0.0,0.0,1.0,1.0,0.0,0,0,0,0,0,0,0,0.0,0.0,0.2,0.0
23,200,0,dpga,rpn,0.4662632644176483,-0.0,global_ddp_mean,2,0.0,2.1512017250061035,2.1512017250061035,0.0,0.0,0.0,0.0,0.0,0.0,0.0,0.0,0.0,0.0,0.0,0.0,0.0,1.0,1.0,0.0,0,0,0,0,0,0,0,0.0,0.0,0.2,0.0
23,200,0,dpga,roi_shared,0.4662632644176483,-0.0,global_ddp_mean,2,0.0,4.224129676818848,4.224129676818848,0.0,0.0,0.0,0.0,0.0,0.0,0.0,0.0,0.0,0.0,0.0,0.0,0.0,1.0,1.0,0.0,0,0,0,0,0,0,0,0.0,0.0,0.2,0.0
23,200,0,dpga,roi_cls,0.4662632644176483,-0.0,global_ddp_mean,2,0.0,3.2098023891448975,3.2098023891448975,0.0,0.0,0.0,0.0,0.0,0.0,0.0,0.0,0.0,0.0,0.0,0.0,0.0,1.0,1.0,0.0,0,0,0,0,0,0,0,0.0,0.0,0.2,0.0
23,200,0,dpga,roi_reg,0.4662632644176483,-0.0,global_ddp_mean,2,0.0,2.9235026836395264,2.9235026836395264,0.0,0.0,0.0,0.0,0.0,0.0,0.0,0.0,0.0,0.0,0.0,0.0,0.0,1.0,1.0,0.0,0,0,0,0,0,0,0,0.0,0.0,0.2,0.0
23,300,0,dpga,backbone,0.44326481223106384,0.0,global_ddp_mean,2,0.0,13.677597999572754,13.677597999572754,0.0,0.0,0.0,0.0,0.0,0.0,0.0,0.0,0.0,0.0,0.0,0.0,0.0,1.0,1.0,0.0,0,0,0,0,0,0,0,0.0,0.0,0.2,0.0
23,300,0,dpga,fpn,0.44326481223106384,0.0,global_ddp_mean,2,0.0,2.0639421939849854,2.0639421939849854,0.0,0.0,0.0,0.0,0.0,0.0,0.0,0.0,0.0,0.0,0.0,0.0,0.0,1.0,1.0,0.0,0,0,0,0,0,0,0,0.0,0.0,0.2,0.0
23,300,0,dpga,rpn,0.44326481223106384,0.0,global_ddp_mean,2,0.0,2.419703960418701,2.419703960418701,0.0,0.0,0.0,0.0,0.0,0.0,0.0,0.0,0.0,0.0,0.0,0.0,0.0,1.0,1.0,0.0,0,0,0,0,0,0,0,0.0,0.0,0.2,0.0
23,300,0,dpga,roi_shared,0.44326481223106384,0.0,global_ddp_mean,2,0.0,4.285242080688477,4.285242080688477,0.0,0.0,0.0,0.0,0.0,0.0,0.0,0.0,0.0,0.0,0.0,0.0,0.0,1.0,1.0,0.0,0,0,0,0,0,0,0,0.0,0.0,0.2,0.0
23,300,0,dpga,roi_cls,0.44326481223106384,0.0,global_ddp_mean,2,0.0,3.105390787124634,3.105390787124634,0.0,0.0,0.0,0.0,0.0,0.0,0.0,0.0,0.0,0.0,0.0,0.0,0.0,1.0,1.0,0.0,0,0,0,0,0,0,0,0.0,0.0,0.2,0.0
23,300,0,dpga,roi_reg,0.44326481223106384,0.0,global_ddp_mean,2,0.0,4.61551570892334,4.61551570892334,0.0,0.0,0.0,0.0,0.0,0.0,0.0,0.0,0.0,0.0,0.0,0.0,0.0,1.0,1.0,0.0,0,0,0,0,0,0,0,0.0,0.0,0.2,0.0
23,400,0,dpga,backbone,0.028626663610339165,0.0,global_ddp_mean,2,0.0,6.971977233886719,6.971977233886719,0.0,0.0,0.0,0.0,0.0,0.0,0.0,0.0,0.0,0.0,0.0,0.0,0.0,1.0,1.0,0.0,0,0,0,0,0,0,0,0.0,0.0,0.2,0.0
23,400,0,dpga,fpn,0.028626663610339165,0.0,global_ddp_mean,2,0.0,1.1470955610275269,1.1470955610275269,0.0,0.0,0.0,0.0,0.0,0.0,0.0,0.0,0.0,0.0,0.0,0.0,0.0,1.0,1.0,0.0,0,0,0,0,0,0,0,0.0,0.0,0.2,0.0
23,400,0,dpga,rpn,0.028626663610339165,0.0,global_ddp_mean,2,0.0,1.8865731954574585,1.8865731954574585,0.0,0.0,0.0,0.0,0.0,0.0,0.0,0.0,0.0,0.0,0.0,0.0,0.0,1.0,1.0,0.0,0,0,0,0,0,0,0,0.0,0.0,0.2,0.0
23,400,0,dpga,roi_shared,0.028626663610339165,0.0,global_ddp_mean,2,0.0,2.163459062576294,2.163459062576294,0.0,0.0,0.0,0.0,0.0,0.0,0.0,0.0,0.0,0.0,0.0,0.0,0.0,1.0,1.0,0.0,0,0,0,0,0,0,0,0.0,0.0,0.2,0.0
23,400,0,dpga,roi_cls,0.028626663610339165,0.0,global_ddp_mean,2,0.0,1.2583433389663696,1.2583433389663696,0.0,0.0,0.0,0.0,0.0,0.0,0.0,0.0,0.0,0.0,0.0,0.0,0.0,1.0,1.0,0.0,0,0,0,0,0,0,0,0.0,0.0,0.2,0.0
23,400,0,dpga,roi_reg,0.028626663610339165,0.0,global_ddp_mean,2,0.0,1.604020357131958,1.604020357131958,0.0,0.0,0.0,0.0,0.0,0.0,0.0,0.0,0.0,0.0,0.0,0.0,0.0,1.0,1.0,0.0,0,0,0,0,0,0,0,0.0,0.0,0.2,0.0
23,500,0,dpga,backbone,0.14652322232723236,-0.0,global_ddp_mean,2,0.0,18.161666870117188,18.161666870117188,0.0,0.0,0.0,0.0,0.0,0.0,0.0,0.0,0.0,0.0,0.0,0.0,0.0,1.0,1.0,0.0,0,0,0,0,0,0,0,0.0,0.0,0.2,0.0
23,500,0,dpga,fpn,0.14652322232723236,-0.0,global_ddp_mean,2,0.0,1.9912855625152588,1.9912855625152588,0.0,0.0,0.0,0.0,0.0,0.0,0.0,0.0,0.0,0.0,0.0,0.0,0.0,1.0,1.0,0.0,0,0,0,0,0,0,0,0.0,0.0,0.2,0.0
23,500,0,dpga,rpn,0.14652322232723236,-0.0,global_ddp_mean,2,0.0,1.6428080797195435,1.6428080797195435,0.0,0.0,0.0,0.0,0.0,0.0,0.0,0.0,0.0,0.0,0.0,0.0,0.0,1.0,1.0,0.0,0,0,0,0,0,0,0,0.0,0.0,0.2,0.0
23,500,0,dpga,roi_shared,0.14652322232723236,-0.0,global_ddp_mean,2,0.0,4.499608516693115,4.499608516693115,0.0,0.0,0.0,0.0,0.0,0.0,0.0,0.0,0.0,0.0,0.0,0.0,0.0,1.0,1.0,0.0,0,0,0,0,0,0,0,0.0,0.0,0.2,0.0
23,500,0,dpga,roi_cls,0.14652322232723236,-0.0,global_ddp_mean,2,0.0,2.6541225910186768,2.6541225910186768,0.0,0.0,0.0,0.0,0.0,0.0,0.0,0.0,0.0,0.0,0.0,0.0,0.0,1.0,1.0,0.0,0,0,0,0,0,0,0,0.0,0.0,0.2,0.0
23,500,0,dpga,roi_reg,0.14652322232723236,-0.0,global_ddp_mean,2,0.0,2.0163469314575195,2.0163469314575195,0.0,0.0,0.0,0.0,0.0,0.0,0.0,0.0,0.0,0.0,0.0,0.0,0.0,1.0,1.0,0.0,0,0,0,0,0,0,0,0.0,0.0,0.2,0.0
23,600,0,dpga,backbone,0.06878705322742462,-0.0,global_ddp_mean,2,0.0,15.148587226867676,15.148587226867676,0.0,0.0,0.0,0.0,0.0,0.0,0.0,0.0,0.0,0.0,0.0,0.0,0.0,1.0,1.0,0.0,0,0,0,0,0,0,0,0.0,0.0,0.2,0.0
23,600,0,dpga,fpn,0.06878705322742462,-0.0,global_ddp_mean,2,0.0,2.2078874111175537,2.2078874111175537,0.0,0.0,0.0,0.0,0.0,0.0,0.0,0.0,0.0,0.0,0.0,0.0,0.0,1.0,1.0,0.0,0,0,0,0,0,0,0,0.0,0.0,0.2,0.0
23,600,0,dpga,rpn,0.06878705322742462,-0.0,global_ddp_mean,2,0.0,1.3113209009170532,1.3113209009170532,0.0,0.0,0.0,0.0,0.0,0.0,0.0,0.0,0.0,0.0,0.0,0.0,0.0,1.0,1.0,0.0,0,0,0,0,0,0,0,0.0,0.0,0.2,0.0
23,600,0,dpga,roi_shared,0.06878705322742462,-0.0,global_ddp_mean,2,0.0,4.892268180847168,4.892268180847168,0.0,0.0,0.0,0.0,0.0,0.0,0.0,0.0,0.0,0.0,0.0,0.0,0.0,1.0,1.0,0.0,0,0,0,0,0,0,0,0.0,0.0,0.2,0.0
23,600,0,dpga,roi_cls,0.06878705322742462,-0.0,global_ddp_mean,2,0.0,3.1701090335845947,3.1701090335845947,0.0,0.0,0.0,0.0,0.0,0.0,0.0,0.0,0.0,0.0,0.0,0.0,0.0,1.0,1.0,0.0,0,0,0,0,0,0,0,0.0,0.0,0.2,0.0
23,600,0,dpga,roi_reg,0.06878705322742462,-0.0,global_ddp_mean,2,0.0,2.503211736679077,2.503211736679077,0.0,0.0,0.0,0.0,0.0,0.0,0.0,0.0,0.0,0.0,0.0,0.0,0.0,1.0,1.0,0.0,0,0,0,0,0,0,0,0.0,0.0,0.2,0.0
23,700,0,dpga,backbone,0.0688035860657692,-0.0,global_ddp_mean,2,0.0,11.074049949645996,11.074049949645996,0.0,0.0,0.0,0.0,0.0,0.0,0.0,0.0,0.0,0.0,0.0,0.0,0.0,1.0,1.0,0.0,0,0,0,0,0,0,0,0.0,0.0,0.2,0.0
23,700,0,dpga,fpn,0.0688035860657692,-0.0,global_ddp_mean,2,0.0,1.901017189025879,1.901017189025879,0.0,0.0,0.0,0.0,0.0,0.0,0.0,0.0,0.0,0.0,0.0,0.0,0.0,1.0,1.0,0.0,0,0,0,0,0,0,0,0.0,0.0,0.2,0.0
23,700,0,dpga,rpn,0.0688035860657692,-0.0,global_ddp_mean,2,0.0,2.4470207691192627,2.4470207691192627,0.0,0.0,0.0,0.0,0.0,0.0,0.0,0.0,0.0,0.0,0.0,0.0,0.0,1.0,1.0,0.0,0,0,0,0,0,0,0,0.0,0.0,0.2,0.0
23,700,0,dpga,roi_shared,0.0688035860657692,-0.0,global_ddp_mean,2,0.0,2.7728986740112305,2.7728986740112305,0.0,0.0,0.0,0.0,0.0,0.0,0.0,0.0,0.0,0.0,0.0,0.0,0.0,1.0,1.0,0.0,0,0,0,0,0,0,0,0.0,0.0,0.2,0.0
23,700,0,dpga,roi_cls,0.0688035860657692,-0.0,global_ddp_mean,2,0.0,1.5213509798049927,1.5213509798049927,0.0,0.0,0.0,0.0,0.0,0.0,0.0,0.0,0.0,0.0,0.0,0.0,0.0,1.0,1.0,0.0,0,0,0,0,0,0,0,0.0,0.0,0.2,0.0
23,700,0,dpga,roi_reg,0.0688035860657692,-0.0,global_ddp_mean,2,0.0,1.6460216045379639,1.6460216045379639,0.0,0.0,0.0,0.0,0.0,0.0,0.0,0.0,0.0,0.0,0.0,0.0,0.0,1.0,1.0,0.0,0,0,0,0,0,0,0,0.0,0.0,0.2,0.0
23,800,0,dpga,backbone,0.30255669355392456,0.0,global_ddp_mean,2,0.0,19.382619857788086,19.382619857788086,0.0,0.0,0.0,0.0,0.0,0.0,0.0,0.0,0.0,0.0,0.0,0.0,0.0,1.0,1.0,0.0,0,0,0,0,0,0,0,0.0,0.0,0.2,0.0
23,800,0,dpga,fpn,0.30255669355392456,0.0,global_ddp_mean,2,0.0,1.4755501747131348,1.4755501747131348,0.0,0.0,0.0,0.0,0.0,0.0,0.0,0.0,0.0,0.0,0.0,0.0,0.0,1.0,1.0,0.0,0,0,0,0,0,0,0,0.0,0.0,0.2,0.0
23,800,0,dpga,rpn,0.30255669355392456,0.0,global_ddp_mean,2,0.0,2.98939847946167,2.98939847946167,0.0,0.0,0.0,0.0,0.0,0.0,0.0,0.0,0.0,0.0,0.0,0.0,0.0,1.0,1.0,0.0,0,0,0,0,0,0,0,0.0,0.0,0.2,0.0
23,800,0,dpga,roi_shared,0.30255669355392456,0.0,global_ddp_mean,2,0.0,2.3367536067962646,2.3367536067962646,0.0,0.0,0.0,0.0,0.0,0.0,0.0,0.0,0.0,0.0,0.0,0.0,0.0,1.0,1.0,0.0,0,0,0,0,0,0,0,0.0,0.0,0.2,0.0
23,800,0,dpga,roi_cls,0.30255669355392456,0.0,global_ddp_mean,2,0.0,1.9253824949264526,1.9253824949264526,0.0,0.0,0.0,0.0,0.0,0.0,0.0,0.0,0.0,0.0,0.0,0.0,0.0,1.0,1.0,0.0,0,0,0,0,0,0,0,0.0,0.0,0.2,0.0
23,800,0,dpga,roi_reg,0.30255669355392456,0.0,global_ddp_mean,2,0.0,0.6783984899520874,0.6783984899520874,0.0,0.0,0.0,0.0,0.0,0.0,0.0,0.0,0.0,0.0,0.0,0.0,0.0,1.0,1.0,0.0,0,0,0,0,0,0,0,0.0,0.0,0.2,0.0
23,900,0,dpga,backbone,0.5079308748245239,0.07554332166910172,global_ddp_mean,2,0.1378912478685379,21.466501235961914,21.466501235961914,4.391890048980713,4.391890048980713,4.391890048980713,4.391890048980713,0.8783780228849949,4.391890048980713,0.20459272802328712,0.20459272802328712,0.20459272802328712,0.04091854621439127,0.04091854621439127,0.005642309398468851,0.005642309398468851,1.0056423093984688,0.9991889606156532,2.307745746668289,0,0,0,0,0,0,0,1.0,1.0,0.2,0.20000000298023224
23,900,0,dpga,fpn,0.5079308748245239,0.07554332166910172,global_ddp_mean,2,0.014848693273961544,4.0365376472473145,4.0365376472473145,1.1523865461349487,1.1523865461349487,1.1523865461349487,1.1523865461349487,0.23047731266136928,1.1523865461349487,0.28548886368514603,0.28548886368514603,0.28548886368514603,0.05709777358785233,0.05709777358785233,0.000847827326632122,0.000847827326632122,1.000847827326632,0.9983770154218577,3.264777449794814,0,0,0,0,0,0,0,1.0,1.0,0.2,0.20000000298023224
23,900,0,dpga,rpn,0.5079308748245239,0.07554332166910172,global_ddp_mean,2,0.0,4.55552864074707,4.55552864074707,0.0,0.0,0.0,0.0,0.0,0.0,0.0,0.0,0.0,0.0,0.0,0.0,0.0,1.0,1.0,0.0,0,0,0,0,0,0,0,0.0,0.0,0.2,0.0
23,900,0,dpga,roi_shared,0.5079308748245239,0.07554332166910172,global_ddp_mean,2,-0.02767687477171421,8.020448684692383,8.020448684692383,1.557271122932434,1.557271122932434,1.5566744804382324,1.5566744804382324,0.31133490072689796,1.5566744804382324,0.1941625941581798,0.19408820399403096,0.19408820399403096,0.03881764137723411,0.03881764137723411,-1.3102116061478855e-10,-1.3102116061478855e-10,0.9999999998689789,0.9992475388653422,2.2228333448253346,1,0,0,0,0,1,0,1.0,1.0,0.2,0.20000000298023224
23,900,0,dpga,roi_cls,0.5079308748245239,0.07554332166910172,global_ddp_mean,2,0.0,5.162590980529785,5.162590980529785,0.0,0.0,0.0,0.0,0.0,0.0,0.0,0.0,0.0,0.0,0.0,0.0,0.0,1.0,1.0,0.0,0,0,0,0,0,0,0,0.0,0.0,0.2,0.0
23,900,0,dpga,roi_reg,0.5079308748245239,0.07554332166910172,global_ddp_mean,2,0.0715620294213295,7.025562286376953,7.025562286376953,4.595170021057129,4.595170021057129,4.595170021057129,4.595170021057129,0.9190340179060996,4.595170021057129,0.6540643771627331,0.6540643771627331,0.6540643771627331,0.13081287738181036,0.13081287738181036,0.009361234979885882,0.009361234979885882,1.009361234979886,0.9917482580888367,7.365623938651218,0,0,0,0,0,0,0,1.0,1.0,0.2,0.20000000298023224
23,1000,0,dpga,backbone,0.13988274335861206,0.0,global_ddp_mean,2,0.0,7.159129619598389,7.159129619598389,0.0,0.0,0.0,0.0,0.0,0.0,0.0,0.0,0.0,0.0,0.0,0.0,0.0,1.0,1.0,0.0,0,0,0,0,0,0,0,0.0,0.0,0.2,0.0
23,1000,0,dpga,fpn,0.13988274335861206,0.0,global_ddp_mean,2,0.0,0.7349028587341309,0.7349028587341309,0.0,0.0,0.0,0.0,0.0,0.0,0.0,0.0,0.0,0.0,0.0,0.0,0.0,1.0,1.0,0.0,0,0,0,0,0,0,0,0.0,0.0,0.2,0.0
23,1000,0,dpga,rpn,0.13988274335861206,0.0,global_ddp_mean,2,0.0,1.0319559574127197,1.0319559574127197,0.0,0.0,0.0,0.0,0.0,0.0,0.0,0.0,0.0,0.0,0.0,0.0,0.0,1.0,1.0,0.0,0,0,0,0,0,0,0,0.0,0.0,0.2,0.0
23,1000,0,dpga,roi_shared,0.13988274335861206,0.0,global_ddp_mean,2,0.0,1.2103114128112793,1.2103114128112793,0.0,0.0,0.0,0.0,0.0,0.0,0.0,0.0,0.0,0.0,0.0,0.0,0.0,1.0,1.0,0.0,0,0,0,0,0,0,0,0.0,0.0,0.2,0.0
23,1000,0,dpga,roi_cls,0.13988274335861206,0.0,global_ddp_mean,2,0.0,0.7925028204917908,0.7925028204917908,0.0,0.0,0.0,0.0,0.0,0.0,0.0,0.0,0.0,0.0,0.0,0.0,0.0,1.0,1.0,0.0,0,0,0,0,0,0,0,0.0,0.0,0.2,0.0
23,1000,0,dpga,roi_reg,0.13988274335861206,0.0,global_ddp_mean,2,0.0,0.6759095191955566,0.6759095191955566,0.0,0.0,0.0,0.0,0.0,0.0,0.0,0.0,0.0,0.0,0.0,0.0,0.0,1.0,1.0,0.0,0,0,0,0,0,0,0,0.0,0.0,0.2,0.0
23,1100,0,dpga,backbone,0.21165849268436432,0.0,global_ddp_mean,2,0.0,29.588287353515625,29.588287353515625,0.0,0.0,0.0,0.0,0.0,0.0,0.0,0.0,0.0,0.0,0.0,0.0,0.0,1.0,1.0,0.0,0,0,0,0,0,0,0,0.0,0.0,0.2,0.0
23,1100,0,dpga,fpn,0.21165849268436432,0.0,global_ddp_mean,2,0.0,3.6446683406829834,3.6446683406829834,0.0,0.0,0.0,0.0,0.0,0.0,0.0,0.0,0.0,0.0,0.0,0.0,0.0,1.0,1.0,0.0,0,0,0,0,0,0,0,0.0,0.0,0.2,0.0
23,1100,0,dpga,rpn,0.21165849268436432,0.0,global_ddp_mean,2,0.0,4.140544891357422,4.140544891357422,0.0,0.0,0.0,0.0,0.0,0.0,0.0,0.0,0.0,0.0,0.0,0.0,0.0,1.0,1.0,0.0,0,0,0,0,0,0,0,0.0,0.0,0.2,0.0
23,1100,0,dpga,roi_shared,0.21165849268436432,0.0,global_ddp_mean,2,0.0,5.517857551574707,5.517857551574707,0.0,0.0,0.0,0.0,0.0,0.0,0.0,0.0,0.0,0.0,0.0,0.0,0.0,1.0,1.0,0.0,0,0,0,0,0,0,0,0.0,0.0,0.2,0.0
23,1100,0,dpga,roi_cls,0.21165849268436432,0.0,global_ddp_mean,2,0.0,3.880918264389038,3.880918264389038,0.0,0.0,0.0,0.0,0.0,0.0,0.0,0.0,0.0,0.0,0.0,0.0,0.0,1.0,1.0,0.0,0,0,0,0,0,0,0,0.0,0.0,0.2,0.0
23,1100,0,dpga,roi_reg,0.21165849268436432,0.0,global_ddp_mean,2,0.0,2.1133766174316406,2.1133766174316406,0.0,0.0,0.0,0.0,0.0,0.0,0.0,0.0,0.0,0.0,0.0,0.0,0.0,1.0,1.0,0.0,0,0,0,0,0,0,0,0.0,0.0,0.2,0.0
23,1200,0,dpga,backbone,0.2784540355205536,0.0,global_ddp_mean,2,0.0,9.505549430847168,9.505549430847168,0.0,0.0,0.0,0.0,0.0,0.0,0.0,0.0,0.0,0.0,0.0,0.0,0.0,1.0,1.0,0.0,0,0,0,0,0,0,0,0.0,0.0,0.2,0.0
23,1200,0,dpga,fpn,0.2784540355205536,0.0,global_ddp_mean,2,0.0,2.0452816486358643,2.0452816486358643,0.0,0.0,0.0,0.0,0.0,0.0,0.0,0.0,0.0,0.0,0.0,0.0,0.0,1.0,1.0,0.0,0,0,0,0,0,0,0,0.0,0.0,0.2,0.0
23,1200,0,dpga,rpn,0.2784540355205536,0.0,global_ddp_mean,2,0.0,2.779186964035034,2.779186964035034,0.0,0.0,0.0,0.0,0.0,0.0,0.0,0.0,0.0,0.0,0.0,0.0,0.0,1.0,1.0,0.0,0,0,0,0,0,0,0,0.0,0.0,0.2,0.0
23,1200,0,dpga,roi_shared,0.2784540355205536,0.0,global_ddp_mean,2,0.0,4.289820671081543,4.289820671081543,0.0,0.0,0.0,0.0,0.0,0.0,0.0,0.0,0.0,0.0,0.0,0.0,0.0,1.0,1.0,0.0,0,0,0,0,0,0,0,0.0,0.0,0.2,0.0
23,1200,0,dpga,roi_cls,0.2784540355205536,0.0,global_ddp_mean,2,0.0,2.7797024250030518,2.7797024250030518,0.0,0.0,0.0,0.0,0.0,0.0,0.0,0.0,0.0,0.0,0.0,0.0,0.0,1.0,1.0,0.0,0,0,0,0,0,0,0,0.0,0.0,0.2,0.0
23,1200,0,dpga,roi_reg,0.2784540355205536,0.0,global_ddp_mean,2,0.0,2.125335216522217,2.125335216522217,0.0,0.0,0.0,0.0,0.0,0.0,0.0,0.0,0.0,0.0,0.0,0.0,0.0,1.0,1.0,0.0,0,0,0,0,0,0,0,0.0,0.0,0.2,0.0
23,1300,0,dpga,backbone,0.1862853765487671,0.0,global_ddp_mean,2,0.0,37.771446228027344,37.771446228027344,0.0,0.0,0.0,0.0,0.0,0.0,0.0,0.0,0.0,0.0,0.0,0.0,0.0,1.0,1.0,0.0,0,0,0,0,0,0,0,0.0,0.0,0.2,0.0
23,1300,0,dpga,fpn,0.1862853765487671,0.0,global_ddp_mean,2,0.0,3.552515745162964,3.552515745162964,0.0,0.0,0.0,0.0,0.0,0.0,0.0,0.0,0.0,0.0,0.0,0.0,0.0,1.0,1.0,0.0,0,0,0,0,0,0,0,0.0,0.0,0.2,0.0
23,1300,0,dpga,rpn,0.1862853765487671,0.0,global_ddp_mean,2,0.0,3.696359157562256,3.696359157562256,0.0,0.0,0.0,0.0,0.0,0.0,0.0,0.0,0.0,0.0,0.0,0.0,0.0,1.0,1.0,0.0,0,0,0,0,0,0,0,0.0,0.0,0.2,0.0
23,1300,0,dpga,roi_shared,0.1862853765487671,0.0,global_ddp_mean,2,0.0,5.958054065704346,5.958054065704346,0.0,0.0,0.0,0.0,0.0,0.0,0.0,0.0,0.0,0.0,0.0,0.0,0.0,1.0,1.0,0.0,0,0,0,0,0,0,0,0.0,0.0,0.2,0.0
23,1300,0,dpga,roi_cls,0.1862853765487671,0.0,global_ddp_mean,2,0.0,4.427607536315918,4.427607536315918,0.0,0.0,0.0,0.0,0.0,0.0,0.0,0.0,0.0,0.0,0.0,0.0,0.0,1.0,1.0,0.0,0,0,0,0,0,0,0,0.0,0.0,0.2,0.0
23,1300,0,dpga,roi_reg,0.1862853765487671,0.0,global_ddp_mean,2,0.0,2.1956210136413574,2.1956210136413574,0.0,0.0,0.0,0.0,0.0,0.0,0.0,0.0,0.0,0.0,0.0,0.0,0.0,1.0,1.0,0.0,0,0,0,0,0,0,0,0.0,0.0,0.2,0.0
23,1400,0,dpga,backbone,0.03350679203867912,0.0,global_ddp_mean,2,0.0,8.705564498901367,8.705564498901367,0.0,0.0,0.0,0.0,0.0,0.0,0.0,0.0,0.0,0.0,0.0,0.0,0.0,1.0,1.0,0.0,0,0,0,0,0,0,0,0.0,0.0,0.2,0.0
23,1400,0,dpga,fpn,0.03350679203867912,0.0,global_ddp_mean,2,0.0,2.1004221439361572,2.1004221439361572,0.0,0.0,0.0,0.0,0.0,0.0,0.0,0.0,0.0,0.0,0.0,0.0,0.0,1.0,1.0,0.0,0,0,0,0,0,0,0,0.0,0.0,0.2,0.0
23,1400,0,dpga,rpn,0.03350679203867912,0.0,global_ddp_mean,2,0.0,5.405508518218994,5.405508518218994,0.0,0.0,0.0,0.0,0.0,0.0,0.0,0.0,0.0,0.0,0.0,0.0,0.0,1.0,1.0,0.0,0,0,0,0,0,0,0,0.0,0.0,0.2,0.0
23,1400,0,dpga,roi_shared,0.03350679203867912,0.0,global_ddp_mean,2,0.0,3.949608564376831,3.949608564376831,0.0,0.0,0.0,0.0,0.0,0.0,0.0,0.0,0.0,0.0,0.0,0.0,0.0,1.0,1.0,0.0,0,0,0,0,0,0,0,0.0,0.0,0.2,0.0
23,1400,0,dpga,roi_cls,0.03350679203867912,0.0,global_ddp_mean,2,0.0,3.2628321647644043,3.2628321647644043,0.0,0.0,0.0,0.0,0.0,0.0,0.0,0.0,0.0,0.0,0.0,0.0,0.0,1.0,1.0,0.0,0,0,0,0,0,0,0,0.0,0.0,0.2,0.0
23,1400,0,dpga,roi_reg,0.03350679203867912,0.0,global_ddp_mean,2,0.0,4.244167804718018,4.244167804718018,0.0,0.0,0.0,0.0,0.0,0.0,0.0,0.0,0.0,0.0,0.0,0.0,0.0,1.0,1.0,0.0,0,0,0,0,0,0,0,0.0,0.0,0.2,0.0
24,0,0,dpga,backbone,0.13866321742534637,-0.0,global_ddp_mean,2,0.0,7.936349391937256,7.936349391937256,0.0,0.0,0.0,0.0,0.0,0.0,0.0,0.0,0.0,0.0,0.0,0.0,0.0,1.0,1.0,0.0,0,0,0,0,0,0,0,0.0,0.0,0.2,0.0
24,0,0,dpga,fpn,0.13866321742534637,-0.0,global_ddp_mean,2,0.0,1.8464943170547485,1.8464943170547485,0.0,0.0,0.0,0.0,0.0,0.0,0.0,0.0,0.0,0.0,0.0,0.0,0.0,1.0,1.0,0.0,0,0,0,0,0,0,0,0.0,0.0,0.2,0.0
24,0,0,dpga,rpn,0.13866321742534637,-0.0,global_ddp_mean,2,0.0,1.6895511150360107,1.6895511150360107,0.0,0.0,0.0,0.0,0.0,0.0,0.0,0.0,0.0,0.0,0.0,0.0,0.0,1.0,1.0,0.0,0,0,0,0,0,0,0,0.0,0.0,0.2,0.0
24,0,0,dpga,roi_shared,0.13866321742534637,-0.0,global_ddp_mean,2,0.0,4.776051044464111,4.776051044464111,0.0,0.0,0.0,0.0,0.0,0.0,0.0,0.0,0.0,0.0,0.0,0.0,0.0,1.0,1.0,0.0,0,0,0,0,0,0,0,0.0,0.0,0.2,0.0
24,0,0,dpga,roi_cls,0.13866321742534637,-0.0,global_ddp_mean,2,0.0,3.2787065505981445,3.2787065505981445,0.0,0.0,0.0,0.0,0.0,0.0,0.0,0.0,0.0,0.0,0.0,0.0,0.0,1.0,1.0,0.0,0,0,0,0,0,0,0,0.0,0.0,0.2,0.0
24,0,0,dpga,roi_reg,0.13866321742534637,-0.0,global_ddp_mean,2,0.0,1.7642155885696411,1.7642155885696411,0.0,0.0,0.0,0.0,0.0,0.0,0.0,0.0,0.0,0.0,0.0,0.0,0.0,1.0,1.0,0.0,0,0,0,0,0,0,0,0.0,0.0,0.2,0.0
24,100,0,dpga,backbone,0.009234096854925156,0.0,global_ddp_mean,2,0.0,8.578289985656738,8.578289985656738,0.0,0.0,0.0,0.0,0.0,0.0,0.0,0.0,0.0,0.0,0.0,0.0,0.0,1.0,1.0,0.0,0,0,0,0,0,0,0,0.0,0.0,0.2,0.0
24,100,0,dpga,fpn,0.009234096854925156,0.0,global_ddp_mean,2,0.0,1.0113078355789185,1.0113078355789185,0.0,0.0,0.0,0.0,0.0,0.0,0.0,0.0,0.0,0.0,0.0,0.0,0.0,1.0,1.0,0.0,0,0,0,0,0,0,0,0.0,0.0,0.2,0.0
24,100,0,dpga,rpn,0.009234096854925156,0.0,global_ddp_mean,2,0.0,1.2410048246383667,1.2410048246383667,0.0,0.0,0.0,0.0,0.0,0.0,0.0,0.0,0.0,0.0,0.0,0.0,0.0,1.0,1.0,0.0,0,0,0,0,0,0,0,0.0,0.0,0.2,0.0
24,100,0,dpga,roi_shared,0.009234096854925156,0.0,global_ddp_mean,2,0.0,1.9591543674468994,1.9591543674468994,0.0,0.0,0.0,0.0,0.0,0.0,0.0,0.0,0.0,0.0,0.0,0.0,0.0,1.0,1.0,0.0,0,0,0,0,0,0,0,0.0,0.0,0.2,0.0
24,100,0,dpga,roi_cls,0.009234096854925156,0.0,global_ddp_mean,2,0.0,0.918349027633667,0.918349027633667,0.0,0.0,0.0,0.0,0.0,0.0,0.0,0.0,0.0,0.0,0.0,0.0,0.0,1.0,1.0,0.0,0,0,0,0,0,0,0,0.0,0.0,0.2,0.0
24,100,0,dpga,roi_reg,0.009234096854925156,0.0,global_ddp_mean,2,0.0,1.8987915515899658,1.8987915515899658,0.0,0.0,0.0,0.0,0.0,0.0,0.0,0.0,0.0,0.0,0.0,0.0,0.0,1.0,1.0,0.0,0,0,0,0,0,0,0,0.0,0.0,0.2,0.0
24,200,0,dpga,backbone,0.1316816210746765,0.0,global_ddp_mean,2,0.0,5.223466396331787,5.223466396331787,0.0,0.0,0.0,0.0,0.0,0.0,0.0,0.0,0.0,0.0,0.0,0.0,0.0,1.0,1.0,0.0,0,0,0,0,0,0,0,0.0,0.0,0.2,0.0
24,200,0,dpga,fpn,0.1316816210746765,0.0,global_ddp_mean,2,0.0,0.8229295015335083,0.8229295015335083,0.0,0.0,0.0,0.0,0.0,0.0,0.0,0.0,0.0,0.0,0.0,0.0,0.0,1.0,1.0,0.0,0,0,0,0,0,0,0,0.0,0.0,0.2,0.0
24,200,0,dpga,rpn,0.1316816210746765,0.0,global_ddp_mean,2,0.0,0.7219319343566895,0.7219319343566895,0.0,0.0,0.0,0.0,0.0,0.0,0.0,0.0,0.0,0.0,0.0,0.0,0.0,1.0,1.0,0.0,0,0,0,0,0,0,0,0.0,0.0,0.2,0.0
24,200,0,dpga,roi_shared,0.1316816210746765,0.0,global_ddp_mean,2,0.0,1.9285026788711548,1.9285026788711548,0.0,0.0,0.0,0.0,0.0,0.0,0.0,0.0,0.0,0.0,0.0,0.0,0.0,1.0,1.0,0.0,0,0,0,0,0,0,0,0.0,0.0,0.2,0.0
24,200,0,dpga,roi_cls,0.1316816210746765,0.0,global_ddp_mean,2,0.0,1.1399760246276855,1.1399760246276855,0.0,0.0,0.0,0.0,0.0,0.0,0.0,0.0,0.0,0.0,0.0,0.0,0.0,1.0,1.0,0.0,0,0,0,0,0,0,0,0.0,0.0,0.2,0.0
24,200,0,dpga,roi_reg,0.1316816210746765,0.0,global_ddp_mean,2,0.0,1.2260814905166626,1.2260814905166626,0.0,0.0,0.0,0.0,0.0,0.0,0.0,0.0,0.0,0.0,0.0,0.0,0.0,1.0,1.0,0.0,0,0,0,0,0,0,0,0.0,0.0,0.2,0.0
24,300,0,dpga,backbone,0.021535273641347885,0.0,global_ddp_mean,2,0.0,5.787691593170166,5.787691593170166,0.0,0.0,0.0,0.0,0.0,0.0,0.0,0.0,0.0,0.0,0.0,0.0,0.0,1.0,1.0,0.0,0,0,0,0,0,0,0,0.0,0.0,0.2,0.0
24,300,0,dpga,fpn,0.021535273641347885,0.0,global_ddp_mean,2,0.0,1.0423705577850342,1.0423705577850342,0.0,0.0,0.0,0.0,0.0,0.0,0.0,0.0,0.0,0.0,0.0,0.0,0.0,1.0,1.0,0.0,0,0,0,0,0,0,0,0.0,0.0,0.2,0.0
24,300,0,dpga,rpn,0.021535273641347885,0.0,global_ddp_mean,2,0.0,1.5051478147506714,1.5051478147506714,0.0,0.0,0.0,0.0,0.0,0.0,0.0,0.0,0.0,0.0,0.0,0.0,0.0,1.0,1.0,0.0,0,0,0,0,0,0,0,0.0,0.0,0.2,0.0
24,300,0,dpga,roi_shared,0.021535273641347885,0.0,global_ddp_mean,2,0.0,2.1314213275909424,2.1314213275909424,0.0,0.0,0.0,0.0,0.0,0.0,0.0,0.0,0.0,0.0,0.0,0.0,0.0,1.0,1.0,0.0,0,0,0,0,0,0,0,0.0,0.0,0.2,0.0
24,300,0,dpga,roi_cls,0.021535273641347885,0.0,global_ddp_mean,2,0.0,1.688551425933838,1.688551425933838,0.0,0.0,0.0,0.0,0.0,0.0,0.0,0.0,0.0,0.0,0.0,0.0,0.0,1.0,1.0,0.0,0,0,0,0,0,0,0,0.0,0.0,0.2,0.0
24,300,0,dpga,roi_reg,0.021535273641347885,0.0,global_ddp_mean,2,0.0,0.5288220643997192,0.5288220643997192,0.0,0.0,0.0,0.0,0.0,0.0,0.0,0.0,0.0,0.0,0.0,0.0,0.0,1.0,1.0,0.0,0,0,0,0,0,0,0,0.0,0.0,0.2,0.0
24,400,0,dpga,backbone,0.028500808402895927,0.0,global_ddp_mean,2,0.0,8.28312873840332,8.28312873840332,0.0,0.0,0.0,0.0,0.0,0.0,0.0,0.0,0.0,0.0,0.0,0.0,0.0,1.0,1.0,0.0,0,0,0,0,0,0,0,0.0,0.0,0.2,0.0
24,400,0,dpga,fpn,0.028500808402895927,0.0,global_ddp_mean,2,0.0,1.6775277853012085,1.6775277853012085,0.0,0.0,0.0,0.0,0.0,0.0,0.0,0.0,0.0,0.0,0.0,0.0,0.0,1.0,1.0,0.0,0,0,0,0,0,0,0,0.0,0.0,0.2,0.0
24,400,0,dpga,rpn,0.028500808402895927,0.0,global_ddp_mean,2,0.0,0.7523348331451416,0.7523348331451416,0.0,0.0,0.0,0.0,0.0,0.0,0.0,0.0,0.0,0.0,0.0,0.0,0.0,1.0,1.0,0.0,0,0,0,0,0,0,0,0.0,0.0,0.2,0.0
24,400,0,dpga,roi_shared,0.028500808402895927,0.0,global_ddp_mean,2,0.0,3.5273263454437256,3.5273263454437256,0.0,0.0,0.0,0.0,0.0,0.0,0.0,0.0,0.0,0.0,0.0,0.0,0.0,1.0,1.0,0.0,0,0,0,0,0,0,0,0.0,0.0,0.2,0.0
24,400,0,dpga,roi_cls,0.028500808402895927,0.0,global_ddp_mean,2,0.0,3.0382397174835205,3.0382397174835205,0.0,0.0,0.0,0.0,0.0,0.0,0.0,0.0,0.0,0.0,0.0,0.0,0.0,1.0,1.0,0.0,0,0,0,0,0,0,0,0.0,0.0,0.2,0.0
24,400,0,dpga,roi_reg,0.028500808402895927,0.0,global_ddp_mean,2,0.0,0.040124647319316864,0.040124647319316864,0.0,0.0,0.0,0.0,0.0,0.0,0.0,0.0,0.0,0.0,0.0,0.0,0.0,1.0,1.0,0.0,0,0,0,0,0,0,0,0.0,0.0,0.2,0.0
24,500,0,dpga,backbone,0.7151187062263489,0.7889374494552612,global_ddp_mean,2,0.514072835445404,15.012548446655273,15.012548446655273,21.068758010864258,21.068758010864258,21.068758010864258,21.068758010864258,4.213751664962643,21.068758010864258,1.4034098265013946,1.4034098265013946,1.4034098265013946,0.28068196948276614,0.28068196948276614,0.14429097591040596,0.14429097591040596,1.144290975910406,0.9785753079685828,11.881557480093933,0,1,0,0,0,0,0,1.0,1.0,0.2,0.20000000298023224
24,500,0,dpga,fpn,0.7151187062263489,0.7889374494552612,global_ddp_mean,2,0.13500727713108063,1.9048073291778564,1.9048073291778564,4.212203502655029,4.212203502655029,4.212203502655029,4.212203502655029,0.8424407130843505,4.212203502655029,2.211354102922882,2.211354102922882,2.211354102922882,0.44227082717492516,0.44227082717492516,0.05970978013139738,0.05970978013139738,1.0597097801313975,0.9241027646739715,22.466553868453765,0,1,0,0,0,0,0,1.0,1.0,0.2,0.20000000298023224
24,500,0,dpga,rpn,0.7151187062263489,0.7889374494552612,global_ddp_mean,2,0.0,2.9080111980438232,2.9080111980438232,0.0,0.0,0.0,0.0,0.0,0.0,0.0,0.0,0.0,0.0,0.0,0.0,0.0,1.0,1.0,0.0,0,0,0,0,0,0,0,0.0,0.0,0.2,0.0
24,500,0,dpga,roi_shared,0.7151187062263489,0.7889374494552612,global_ddp_mean,2,0.423132985830307,4.059018135070801,4.059018135070801,0.11882192641496658,0.11882192641496658,0.11882192641496658,0.11882192641496658,0.023764385637110252,0.11882192641496658,0.029273563817889665,0.029273563817889665,0.029273563817889665,0.005854712850819952,0.005854712850819952,0.0024773221297465153,0.0024773221297465153,1.0024773221297465,0.9999859264787591,0.30397616112065284,0,0,0,0,0,0,0,1.0,1.0,0.2,0.20000000298023224
24,500,0,dpga,roi_cls,0.7151187062263489,0.7889374494552612,global_ddp_mean,2,0.0,2.296295166015625,2.296295166015625,0.0,0.0,0.0,0.0,0.0,0.0,0.0,0.0,0.0,0.0,0.0,0.0,0.0,1.0,1.0,0.0,0,0,0,0,0,0,0,0.0,0.0,0.2,0.0
24,500,0,dpga,roi_reg,0.7151187062263489,0.7889374494552612,global_ddp_mean,2,0.5392338037490845,5.207962512969971,5.207962512969971,0.27022260427474976,0.27022260427474976,0.27022260427474976,0.27022260427474976,0.05404452166027607,0.27022260427474976,0.051886434205658014,0.051886434205658014,0.051886434205658014,0.010377286995765227,0.010377286995765227,0.0055957839393223924,0.0055957839393223924,1.0055957839393224,0.9999622641265892,0.4977556508597465,0,0,0,0,0,0,0,1.0,1.0,0.2,0.20000000298023224
24,600,0,dpga,backbone,0.0026449020951986313,0.0,global_ddp_mean,2,0.11302343755960464,14.415800094604492,14.415800094604492,2.728560447692871,2.728560447692871,2.728560447692871,2.728560447692871,0.545712097670318,2.728560447692871,0.18927568569115422,0.18927568569115422,0.18927568569115422,0.03785513770231634,0.03785513770231634,0.004278517792407986,0.004278517792407986,1.004278517792408,0.9992994276700056,2.1448132217776363,0,0,0,0,0,0,0,1.0,1.0,0.2,0.20000000298023224
24,600,0,dpga,fpn,0.0026449020951986313,0.0,global_ddp_mean,2,0.09118743985891342,3.0537805557250977,3.0537805557250977,0.7172129154205322,0.7172129154205322,0.7172129154205322,0.7172129154205322,0.1434425852215675,0.7172129154205322,0.23486065954409593,0.23486065954409593,0.23486065954409593,0.046972132608758495,0.046972132608758495,0.004283268517306071,0.004283268517306071,1.0042832685173062,0.9989170995880748,2.6666811372702415,0,0,0,0,0,0,0,1.0,1.0,0.2,0.20000000298023224
24,600,0,dpga,rpn,0.0026449020951986313,0.0,global_ddp_mean,2,0.0,1.1334160566329956,1.1334160566329956,0.0,0.0,0.0,0.0,0.0,0.0,0.0,0.0,0.0,0.0,0.0,0.0,0.0,1.0,1.0,0.0,0,0,0,0,0,0,0,0.0,0.0,0.2,0.0
24,600,0,dpga,roi_shared,0.0026449020951986313,0.0,global_ddp_mean,2,0.059408824890851974,6.828425407409668,6.828425407409668,0.16171231865882874,0.16171231865882874,0.16171231865882874,0.16171231865882874,0.03234246421370601,0.16171231865882874,0.02368222672292082,0.02368222672292082,0.02368222672292082,0.0047364454151627,0.0047364454151627,0.00028138665627447954,0.00028138665627447954,1.0002813866562743,0.9999888670051535,0.2703609956727297,0,0,0,0,0,0,0,1.0,1.0,0.2,0.20000000298023224
24,600,0,dpga,roi_cls,0.0026449020951986313,0.0,global_ddp_mean,2,0.0,3.7512450218200684,3.7512450218200684,0.0,0.0,0.0,0.0,0.0,0.0,0.0,0.0,0.0,0.0,0.0,0.0,0.0,1.0,1.0,0.0,0,0,0,0,0,0,0,0.0,0.0,0.2,0.0
24,600,0,dpga,roi_reg,0.0026449020951986313,0.0,global_ddp_mean,2,0.42936915159225464,3.825519561767578,3.825519561767578,0.19194352626800537,0.19194352626800537,0.19194352626800537,0.19194352626800537,0.03838870582563736,0.19194352626800537,0.050174498697196056,0.050174498697196056,0.050174498697196056,0.010034899888970869,0.010034899888970869,0.004308676451640632,0.004308676451640632,1.0043086764516407,0.9999593180311425,0.5168209191317683,0,0,0,0,0,0,0,1.0,1.0,0.2,0.20000000298023224
24,700,0,dpga,backbone,0.2607288956642151,0.0,global_ddp_mean,2,0.0,8.658307075500488,8.658307075500488,0.0,0.0,0.0,0.0,0.0,0.0,0.0,0.0,0.0,0.0,0.0,0.0,0.0,1.0,1.0,0.0,0,0,0,0,0,0,0,0.0,0.0,0.2,0.0
24,700,0,dpga,fpn,0.2607288956642151,0.0,global_ddp_mean,2,0.0,1.5608783960342407,1.5608783960342407,0.0,0.0,0.0,0.0,0.0,0.0,0.0,0.0,0.0,0.0,0.0,0.0,0.0,1.0,1.0,0.0,0,0,0,0,0,0,0,0.0,0.0,0.2,0.0
24,700,0,dpga,rpn,0.2607288956642151,0.0,global_ddp_mean,2,0.0,2.4421417713165283,2.4421417713165283,0.0,0.0,0.0,0.0,0.0,0.0,0.0,0.0,0.0,0.0,0.0,0.0,0.0,1.0,1.0,0.0,0,0,0,0,0,0,0,0.0,0.0,0.2,0.0
24,700,0,dpga,roi_shared,0.2607288956642151,0.0,global_ddp_mean,2,0.0,3.3113508224487305,3.3113508224487305,0.0,0.0,0.0,0.0,0.0,0.0,0.0,0.0,0.0,0.0,0.0,0.0,0.0,1.0,1.0,0.0,0,0,0,0,0,0,0,0.0,0.0,0.2,0.0
24,700,0,dpga,roi_cls,0.2607288956642151,0.0,global_ddp_mean,2,0.0,1.9715112447738647,1.9715112447738647,0.0,0.0,0.0,0.0,0.0,0.0,0.0,0.0,0.0,0.0,0.0,0.0,0.0,1.0,1.0,0.0,0,0,0,0,0,0,0,0.0,0.0,0.2,0.0
24,700,0,dpga,roi_reg,0.2607288956642151,0.0,global_ddp_mean,2,0.0,1.5587624311447144,1.5587624311447144,0.0,0.0,0.0,0.0,0.0,0.0,0.0,0.0,0.0,0.0,0.0,0.0,0.0,1.0,1.0,0.0,0,0,0,0,0,0,0,0.0,0.0,0.2,0.0
24,800,0,dpga,backbone,0.04806376248598099,0.0,global_ddp_mean,2,0.0,11.72811222076416,11.72811222076416,0.0,0.0,0.0,0.0,0.0,0.0,0.0,0.0,0.0,0.0,0.0,0.0,0.0,1.0,1.0,0.0,0,0,0,0,0,0,0,0.0,0.0,0.2,0.0
24,800,0,dpga,fpn,0.04806376248598099,0.0,global_ddp_mean,2,0.0,2.3544750213623047,2.3544750213623047,0.0,0.0,0.0,0.0,0.0,0.0,0.0,0.0,0.0,0.0,0.0,0.0,0.0,1.0,1.0,0.0,0,0,0,0,0,0,0,0.0,0.0,0.2,0.0
24,800,0,dpga,rpn,0.04806376248598099,0.0,global_ddp_mean,2,0.0,2.1391897201538086,2.1391897201538086,0.0,0.0,0.0,0.0,0.0,0.0,0.0,0.0,0.0,0.0,0.0,0.0,0.0,1.0,1.0,0.0,0,0,0,0,0,0,0,0.0,0.0,0.2,0.0
24,800,0,dpga,roi_shared,0.04806376248598099,0.0,global_ddp_mean,2,0.0,5.014313220977783,5.014313220977783,0.0,0.0,0.0,0.0,0.0,0.0,0.0,0.0,0.0,0.0,0.0,0.0,0.0,1.0,1.0,0.0,0,0,0,0,0,0,0,0.0,0.0,0.2,0.0
24,800,0,dpga,roi_cls,0.04806376248598099,0.0,global_ddp_mean,2,0.0,4.438201427459717,4.438201427459717,0.0,0.0,0.0,0.0,0.0,0.0,0.0,0.0,0.0,0.0,0.0,0.0,0.0,1.0,1.0,0.0,0,0,0,0,0,0,0,0.0,0.0,0.2,0.0
24,800,0,dpga,roi_reg,0.04806376248598099,0.0,global_ddp_mean,2,0.0,0.32584241032600403,0.32584241032600403,0.0,0.0,0.0,0.0,0.0,0.0,0.0,0.0,0.0,0.0,0.0,0.0,0.0,1.0,1.0,0.0,0,0,0,0,0,0,0,0.0,0.0,0.2,0.0
24,900,0,dpga,backbone,0.13864055275917053,0.0,global_ddp_mean,2,0.0,14.637988090515137,14.637988090515137,0.0,0.0,0.0,0.0,0.0,0.0,0.0,0.0,0.0,0.0,0.0,0.0,0.0,1.0,1.0,0.0,0,0,0,0,0,0,0,0.0,0.0,0.2,0.0
24,900,0,dpga,fpn,0.13864055275917053,0.0,global_ddp_mean,2,0.0,1.6480629444122314,1.6480629444122314,0.0,0.0,0.0,0.0,0.0,0.0,0.0,0.0,0.0,0.0,0.0,0.0,0.0,1.0,1.0,0.0,0,0,0,0,0,0,0,0.0,0.0,0.2,0.0
24,900,0,dpga,rpn,0.13864055275917053,0.0,global_ddp_mean,2,0.0,2.425629138946533,2.425629138946533,0.0,0.0,0.0,0.0,0.0,0.0,0.0,0.0,0.0,0.0,0.0,0.0,0.0,1.0,1.0,0.0,0,0,0,0,0,0,0,0.0,0.0,0.2,0.0
24,900,0,dpga,roi_shared,0.13864055275917053,0.0,global_ddp_mean,2,0.0,2.8342058658599854,2.8342058658599854,0.0,0.0,0.0,0.0,0.0,0.0,0.0,0.0,0.0,0.0,0.0,0.0,0.0,1.0,1.0,0.0,0,0,0,0,0,0,0,0.0,0.0,0.2,0.0
24,900,0,dpga,roi_cls,0.13864055275917053,0.0,global_ddp_mean,2,0.0,1.6214227676391602,1.6214227676391602,0.0,0.0,0.0,0.0,0.0,0.0,0.0,0.0,0.0,0.0,0.0,0.0,0.0,1.0,1.0,0.0,0,0,0,0,0,0,0,0.0,0.0,0.2,0.0
24,900,0,dpga,roi_reg,0.13864055275917053,0.0,global_ddp_mean,2,0.0,2.5384035110473633,2.5384035110473633,0.0,0.0,0.0,0.0,0.0,0.0,0.0,0.0,0.0,0.0,0.0,0.0,0.0,1.0,1.0,0.0,0,0,0,0,0,0,0,0.0,0.0,0.2,0.0
24,1000,0,dpga,backbone,0.05616825819015503,0.0,global_ddp_mean,2,0.0,15.938838958740234,15.938838958740234,0.0,0.0,0.0,0.0,0.0,0.0,0.0,0.0,0.0,0.0,0.0,0.0,0.0,1.0,1.0,0.0,0,0,0,0,0,0,0,0.0,0.0,0.2,0.0
24,1000,0,dpga,fpn,0.05616825819015503,0.0,global_ddp_mean,2,0.0,4.622245788574219,4.622245788574219,0.0,0.0,0.0,0.0,0.0,0.0,0.0,0.0,0.0,0.0,0.0,0.0,0.0,1.0,1.0,0.0,0,0,0,0,0,0,0,0.0,0.0,0.2,0.0
24,1000,0,dpga,rpn,0.05616825819015503,0.0,global_ddp_mean,2,0.0,3.0736310482025146,3.0736310482025146,0.0,0.0,0.0,0.0,0.0,0.0,0.0,0.0,0.0,0.0,0.0,0.0,0.0,1.0,1.0,0.0,0,0,0,0,0,0,0,0.0,0.0,0.2,0.0
24,1000,0,dpga,roi_shared,0.05616825819015503,0.0,global_ddp_mean,2,0.0,10.80234432220459,10.80234432220459,0.0,0.0,0.0,0.0,0.0,0.0,0.0,0.0,0.0,0.0,0.0,0.0,0.0,1.0,1.0,0.0,0,0,0,0,0,0,0,0.0,0.0,0.2,0.0
24,1000,0,dpga,roi_cls,0.05616825819015503,0.0,global_ddp_mean,2,0.0,7.54974365234375,7.54974365234375,0.0,0.0,0.0,0.0,0.0,0.0,0.0,0.0,0.0,0.0,0.0,0.0,0.0,1.0,1.0,0.0,0,0,0,0,0,0,0,0.0,0.0,0.2,0.0
24,1000,0,dpga,roi_reg,0.05616825819015503,0.0,global_ddp_mean,2,0.0,4.225496292114258,4.225496292114258,0.0,0.0,0.0,0.0,0.0,0.0,0.0,0.0,0.0,0.0,0.0,0.0,0.0,1.0,1.0,0.0,0,0,0,0,0,0,0,0.0,0.0,0.2,0.0
24,1100,0,dpga,backbone,0.04926837235689163,-0.0,global_ddp_mean,2,0.0,11.775980949401855,11.775980949401855,0.0,0.0,0.0,0.0,0.0,0.0,0.0,0.0,0.0,0.0,0.0,0.0,0.0,1.0,1.0,0.0,0,0,0,0,0,0,0,0.0,0.0,0.2,0.0
24,1100,0,dpga,fpn,0.04926837235689163,-0.0,global_ddp_mean,2,0.0,2.1050329208374023,2.1050329208374023,0.0,0.0,0.0,0.0,0.0,0.0,0.0,0.0,0.0,0.0,0.0,0.0,0.0,1.0,1.0,0.0,0,0,0,0,0,0,0,0.0,0.0,0.2,0.0
24,1100,0,dpga,rpn,0.04926837235689163,-0.0,global_ddp_mean,2,0.0,0.9516777396202087,0.9516777396202087,0.0,0.0,0.0,0.0,0.0,0.0,0.0,0.0,0.0,0.0,0.0,0.0,0.0,1.0,1.0,0.0,0,0,0,0,0,0,0,0.0,0.0,0.2,0.0
24,1100,0,dpga,roi_shared,0.04926837235689163,-0.0,global_ddp_mean,2,0.0,4.415266513824463,4.415266513824463,0.0,0.0,0.0,0.0,0.0,0.0,0.0,0.0,0.0,0.0,0.0,0.0,0.0,1.0,1.0,0.0,0,0,0,0,0,0,0,0.0,0.0,0.2,0.0
24,1100,0,dpga,roi_cls,0.04926837235689163,-0.0,global_ddp_mean,2,0.0,3.713655471801758,3.713655471801758,0.0,0.0,0.0,0.0,0.0,0.0,0.0,0.0,0.0,0.0,0.0,0.0,0.0,1.0,1.0,0.0,0,0,0,0,0,0,0,0.0,0.0,0.2,0.0
24,1100,0,dpga,roi_reg,0.04926837235689163,-0.0,global_ddp_mean,2,0.0,0.09099479764699936,0.09099479764699936,0.0,0.0,0.0,0.0,0.0,0.0,0.0,0.0,0.0,0.0,0.0,0.0,0.0,1.0,1.0,0.0,0,0,0,0,0,0,0,0.0,0.0,0.2,0.0
24,1200,0,dpga,backbone,1.105128288269043,0.00010002159251598641,global_ddp_mean,2,0.0,32.685455322265625,32.685455322265625,0.0,0.0,0.0,0.0,0.0,0.0,0.0,0.0,0.0,0.0,0.0,0.0,0.0,1.0,1.0,0.0,0,0,0,0,0,0,0,0.0,0.0,0.2,0.0
24,1200,0,dpga,fpn,1.105128288269043,0.00010002159251598641,global_ddp_mean,2,0.0,5.36241340637207,5.36241340637207,0.0,0.0,0.0,0.0,0.0,0.0,0.0,0.0,0.0,0.0,0.0,0.0,0.0,1.0,1.0,0.0,0,0,0,0,0,0,0,0.0,0.0,0.2,0.0
24,1200,0,dpga,rpn,1.105128288269043,0.00010002159251598641,global_ddp_mean,2,0.0,5.834074974060059,5.834074974060059,0.0,0.0,0.0,0.0,0.0,0.0,0.0,0.0,0.0,0.0,0.0,0.0,0.0,1.0,1.0,0.0,0,0,0,0,0,0,0,0.0,0.0,0.2,0.0
24,1200,0,dpga,roi_shared,1.105128288269043,0.00010002159251598641,global_ddp_mean,2,0.0,11.465313911437988,11.465313911437988,0.0,0.0,0.0,0.0,0.0,0.0,0.0,0.0,0.0,0.0,0.0,0.0,0.0,1.0,1.0,0.0,0,0,0,0,0,0,0,0.0,0.0,0.2,0.0
24,1200,0,dpga,roi_cls,1.105128288269043,0.00010002159251598641,global_ddp_mean,2,0.0,10.714950561523438,10.714950561523438,0.0,0.0,0.0,0.0,0.0,0.0,0.0,0.0,0.0,0.0,0.0,0.0,0.0,1.0,1.0,0.0,0,0,0,0,0,0,0,0.0,0.0,0.2,0.0
24,1200,0,dpga,roi_reg,1.105128288269043,0.00010002159251598641,global_ddp_mean,2,0.0,13.076550483703613,13.076550483703613,0.0,0.0,0.0,0.0,0.0,0.0,0.0,0.0,0.0,0.0,0.0,0.0,0.0,1.0,1.0,0.0,0,0,0,0,0,0,0,0.0,0.0,0.2,0.0
24,1300,0,dpga,backbone,0.09399689733982086,0.0,global_ddp_mean,2,0.0,11.962133407592773,11.962133407592773,0.0,0.0,0.0,0.0,0.0,0.0,0.0,0.0,0.0,0.0,0.0,0.0,0.0,1.0,1.0,0.0,0,0,0,0,0,0,0,0.0,0.0,0.2,0.0
24,1300,0,dpga,fpn,0.09399689733982086,0.0,global_ddp_mean,2,0.0,2.756178855895996,2.756178855895996,0.0,0.0,0.0,0.0,0.0,0.0,0.0,0.0,0.0,0.0,0.0,0.0,0.0,1.0,1.0,0.0,0,0,0,0,0,0,0,0.0,0.0,0.2,0.0
24,1300,0,dpga,rpn,0.09399689733982086,0.0,global_ddp_mean,2,0.0,1.182593584060669,1.182593584060669,0.0,0.0,0.0,0.0,0.0,0.0,0.0,0.0,0.0,0.0,0.0,0.0,0.0,1.0,1.0,0.0,0,0,0,0,0,0,0,0.0,0.0,0.2,0.0
24,1300,0,dpga,roi_shared,0.09399689733982086,0.0,global_ddp_mean,2,0.0,6.430486679077148,6.430486679077148,0.0,0.0,0.0,0.0,0.0,0.0,0.0,0.0,0.0,0.0,0.0,0.0,0.0,1.0,1.0,0.0,0,0,0,0,0,0,0,0.0,0.0,0.2,0.0
24,1300,0,dpga,roi_cls,0.09399689733982086,0.0,global_ddp_mean,2,0.0,5.6713948249816895,5.6713948249816895,0.0,0.0,0.0,0.0,0.0,0.0,0.0,0.0,0.0,0.0,0.0,0.0,0.0,1.0,1.0,0.0,0,0,0,0,0,0,0,0.0,0.0,0.2,0.0
24,1300,0,dpga,roi_reg,0.09399689733982086,0.0,global_ddp_mean,2,0.0,0.3223698139190674,0.3223698139190674,0.0,0.0,0.0,0.0,0.0,0.0,0.0,0.0,0.0,0.0,0.0,0.0,0.0,1.0,1.0,0.0,0,0,0,0,0,0,0,0.0,0.0,0.2,0.0
24,1400,0,dpga,backbone,0.006540003698319197,0.0,global_ddp_mean,2,0.0,8.903536796569824,8.903536796569824,0.0,0.0,0.0,0.0,0.0,0.0,0.0,0.0,0.0,0.0,0.0,0.0,0.0,1.0,1.0,0.0,0,0,0,0,0,0,0,0.0,0.0,0.2,0.0
24,1400,0,dpga,fpn,0.006540003698319197,0.0,global_ddp_mean,2,0.0,2.9901585578918457,2.9901585578918457,0.0,0.0,0.0,0.0,0.0,0.0,0.0,0.0,0.0,0.0,0.0,0.0,0.0,1.0,1.0,0.0,0,0,0,0,0,0,0,0.0,0.0,0.2,0.0
24,1400,0,dpga,rpn,0.006540003698319197,0.0,global_ddp_mean,2,0.0,1.281744122505188,1.281744122505188,0.0,0.0,0.0,0.0,0.0,0.0,0.0,0.0,0.0,0.0,0.0,0.0,0.0,1.0,1.0,0.0,0,0,0,0,0,0,0,0.0,0.0,0.2,0.0
24,1400,0,dpga,roi_shared,0.006540003698319197,0.0,global_ddp_mean,2,0.0,6.583248138427734,6.583248138427734,0.0,0.0,0.0,0.0,0.0,0.0,0.0,0.0,0.0,0.0,0.0,0.0,0.0,1.0,1.0,0.0,0,0,0,0,0,0,0,0.0,0.0,0.2,0.0
24,1400,0,dpga,roi_cls,0.006540003698319197,0.0,global_ddp_mean,2,0.0,4.432765483856201,4.432765483856201,0.0,0.0,0.0,0.0,0.0,0.0,0.0,0.0,0.0,0.0,0.0,0.0,0.0,1.0,1.0,0.0,0,0,0,0,0,0,0,0.0,0.0,0.2,0.0
24,1400,0,dpga,roi_reg,0.006540003698319197,0.0,global_ddp_mean,2,0.0,0.7466903328895569,0.7466903328895569,0.0,0.0,0.0,0.0,0.0,0.0,0.0,0.0,0.0,0.0,0.0,0.0,0.0,1.0,1.0,0.0,0,0,0,0,0,0,0,0.0,0.0,0.2,0.0
25,0,0,dpga,backbone,0.0153533685952425,0.0,global_ddp_mean,2,0.0,6.953048229217529,6.953048229217529,0.0,0.0,0.0,0.0,0.0,0.0,0.0,0.0,0.0,0.0,0.0,0.0,0.0,1.0,1.0,0.0,0,0,0,0,0,0,0,0.0,0.0,0.2,0.0
25,0,0,dpga,fpn,0.0153533685952425,0.0,global_ddp_mean,2,0.0,1.0278685092926025,1.0278685092926025,0.0,0.0,0.0,0.0,0.0,0.0,0.0,0.0,0.0,0.0,0.0,0.0,0.0,1.0,1.0,0.0,0,0,0,0,0,0,0,0.0,0.0,0.2,0.0
25,0,0,dpga,rpn,0.0153533685952425,0.0,global_ddp_mean,2,0.0,2.046297550201416,2.046297550201416,0.0,0.0,0.0,0.0,0.0,0.0,0.0,0.0,0.0,0.0,0.0,0.0,0.0,1.0,1.0,0.0,0,0,0,0,0,0,0,0.0,0.0,0.2,0.0
25,0,0,dpga,roi_shared,0.0153533685952425,0.0,global_ddp_mean,2,0.0,2.0578196048736572,2.0578196048736572,0.0,0.0,0.0,0.0,0.0,0.0,0.0,0.0,0.0,0.0,0.0,0.0,0.0,1.0,1.0,0.0,0,0,0,0,0,0,0,0.0,0.0,0.2,0.0
25,0,0,dpga,roi_cls,0.0153533685952425,0.0,global_ddp_mean,2,0.0,1.4604936838150024,1.4604936838150024,0.0,0.0,0.0,0.0,0.0,0.0,0.0,0.0,0.0,0.0,0.0,0.0,0.0,1.0,1.0,0.0,0,0,0,0,0,0,0,0.0,0.0,0.2,0.0
25,0,0,dpga,roi_reg,0.0153533685952425,0.0,global_ddp_mean,2,0.0,0.5474430918693542,0.5474430918693542,0.0,0.0,0.0,0.0,0.0,0.0,0.0,0.0,0.0,0.0,0.0,0.0,0.0,1.0,1.0,0.0,0,0,0,0,0,0,0,0.0,0.0,0.2,0.0
25,100,0,dpga,backbone,0.05581335723400116,0.0,global_ddp_mean,2,0.0,12.736343383789062,12.736343383789062,0.0,0.0,0.0,0.0,0.0,0.0,0.0,0.0,0.0,0.0,0.0,0.0,0.0,1.0,1.0,0.0,0,0,0,0,0,0,0,0.0,0.0,0.2,0.0
25,100,0,dpga,fpn,0.05581335723400116,0.0,global_ddp_mean,2,0.0,1.9562933444976807,1.9562933444976807,0.0,0.0,0.0,0.0,0.0,0.0,0.0,0.0,0.0,0.0,0.0,0.0,0.0,1.0,1.0,0.0,0,0,0,0,0,0,0,0.0,0.0,0.2,0.0
25,100,0,dpga,rpn,0.05581335723400116,0.0,global_ddp_mean,2,0.0,0.965836226940155,0.965836226940155,0.0,0.0,0.0,0.0,0.0,0.0,0.0,0.0,0.0,0.0,0.0,0.0,0.0,1.0,1.0,0.0,0,0,0,0,0,0,0,0.0,0.0,0.2,0.0
25,100,0,dpga,roi_shared,0.05581335723400116,0.0,global_ddp_mean,2,0.0,3.955430030822754,3.955430030822754,0.0,0.0,0.0,0.0,0.0,0.0,0.0,0.0,0.0,0.0,0.0,0.0,0.0,1.0,1.0,0.0,0,0,0,0,0,0,0,0.0,0.0,0.2,0.0
25,100,0,dpga,roi_cls,0.05581335723400116,0.0,global_ddp_mean,2,0.0,3.3586301803588867,3.3586301803588867,0.0,0.0,0.0,0.0,0.0,0.0,0.0,0.0,0.0,0.0,0.0,0.0,0.0,1.0,1.0,0.0,0,0,0,0,0,0,0,0.0,0.0,0.2,0.0
25,100,0,dpga,roi_reg,0.05581335723400116,0.0,global_ddp_mean,2,0.0,0.0,0.0,0.0,0.0,0.0,0.0,0.0,0.0,0.0,0.0,0.0,0.0,0.0,0.0,0.0,0.0,0.0,90.0,0,0,0,0,0,0,0,0.0,0.0,0.2,0.0
25,200,0,dpga,backbone,0.6178628206253052,0.0,global_ddp_mean,2,0.0,19.51828384399414,19.51828384399414,0.0,0.0,0.0,0.0,0.0,0.0,0.0,0.0,0.0,0.0,0.0,0.0,0.0,1.0,1.0,0.0,0,0,0,0,0,0,0,0.0,0.0,0.2,0.0
25,200,0,dpga,fpn,0.6178628206253052,0.0,global_ddp_mean,2,0.0,2.933166265487671,2.933166265487671,0.0,0.0,0.0,0.0,0.0,0.0,0.0,0.0,0.0,0.0,0.0,0.0,0.0,1.0,1.0,0.0,0,0,0,0,0,0,0,0.0,0.0,0.2,0.0
25,200,0,dpga,rpn,0.6178628206253052,0.0,global_ddp_mean,2,0.0,3.306375026702881,3.306375026702881,0.0,0.0,0.0,0.0,0.0,0.0,0.0,0.0,0.0,0.0,0.0,0.0,0.0,1.0,1.0,0.0,0,0,0,0,0,0,0,0.0,0.0,0.2,0.0
25,200,0,dpga,roi_shared,0.6178628206253052,0.0,global_ddp_mean,2,0.0,7.072180271148682,7.072180271148682,0.0,0.0,0.0,0.0,0.0,0.0,0.0,0.0,0.0,0.0,0.0,0.0,0.0,1.0,1.0,0.0,0,0,0,0,0,0,0,0.0,0.0,0.2,0.0
25,200,0,dpga,roi_cls,0.6178628206253052,0.0,global_ddp_mean,2,0.0,6.666914939880371,6.666914939880371,0.0,0.0,0.0,0.0,0.0,0.0,0.0,0.0,0.0,0.0,0.0,0.0,0.0,1.0,1.0,0.0,0,0,0,0,0,0,0,0.0,0.0,0.2,0.0
25,200,0,dpga,roi_reg,0.6178628206253052,0.0,global_ddp_mean,2,0.0,8.214577674865723,8.214577674865723,0.0,0.0,0.0,0.0,0.0,0.0,0.0,0.0,0.0,0.0,0.0,0.0,0.0,1.0,1.0,0.0,0,0,0,0,0,0,0,0.0,0.0,0.2,0.0
25,300,0,dpga,backbone,0.029780782759189606,-0.0,global_ddp_mean,2,0.0,12.964380264282227,12.964380264282227,0.0,0.0,0.0,0.0,0.0,0.0,0.0,0.0,0.0,0.0,0.0,0.0,0.0,1.0,1.0,0.0,0,0,0,0,0,0,0,0.0,0.0,0.2,0.0
25,300,0,dpga,fpn,0.029780782759189606,-0.0,global_ddp_mean,2,0.0,2.0197255611419678,2.0197255611419678,0.0,0.0,0.0,0.0,0.0,0.0,0.0,0.0,0.0,0.0,0.0,0.0,0.0,1.0,1.0,0.0,0,0,0,0,0,0,0,0.0,0.0,0.2,0.0
25,300,0,dpga,rpn,0.029780782759189606,-0.0,global_ddp_mean,2,0.0,0.9163784384727478,0.9163784384727478,0.0,0.0,0.0,0.0,0.0,0.0,0.0,0.0,0.0,0.0,0.0,0.0,0.0,1.0,1.0,0.0,0,0,0,0,0,0,0,0.0,0.0,0.2,0.0
25,300,0,dpga,roi_shared,0.029780782759189606,-0.0,global_ddp_mean,2,0.0,4.330838680267334,4.330838680267334,0.0,0.0,0.0,0.0,0.0,0.0,0.0,0.0,0.0,0.0,0.0,0.0,0.0,1.0,1.0,0.0,0,0,0,0,0,0,0,0.0,0.0,0.2,0.0
25,300,0,dpga,roi_cls,0.029780782759189606,-0.0,global_ddp_mean,2,0.0,3.02093505859375,3.02093505859375,0.0,0.0,0.0,0.0,0.0,0.0,0.0,0.0,0.0,0.0,0.0,0.0,0.0,1.0,1.0,0.0,0,0,0,0,0,0,0,0.0,0.0,0.2,0.0
25,300,0,dpga,roi_reg,0.029780782759189606,-0.0,global_ddp_mean,2,0.0,1.1050546169281006,1.1050546169281006,0.0,0.0,0.0,0.0,0.0,0.0,0.0,0.0,0.0,0.0,0.0,0.0,0.0,1.0,1.0,0.0,0,0,0,0,0,0,0,0.0,0.0,0.2,0.0
25,400,0,dpga,backbone,0.012352080084383488,0.0,global_ddp_mean,2,0.0,9.94114875793457,9.94114875793457,0.0,0.0,0.0,0.0,0.0,0.0,0.0,0.0,0.0,0.0,0.0,0.0,0.0,1.0,1.0,0.0,0,0,0,0,0,0,0,0.0,0.0,0.2,0.0
25,400,0,dpga,fpn,0.012352080084383488,0.0,global_ddp_mean,2,0.0,1.0219056606292725,1.0219056606292725,0.0,0.0,0.0,0.0,0.0,0.0,0.0,0.0,0.0,0.0,0.0,0.0,0.0,1.0,1.0,0.0,0,0,0,0,0,0,0,0.0,0.0,0.2,0.0
25,400,0,dpga,rpn,0.012352080084383488,0.0,global_ddp_mean,2,0.0,2.9706459045410156,2.9706459045410156,0.0,0.0,0.0,0.0,0.0,0.0,0.0,0.0,0.0,0.0,0.0,0.0,0.0,1.0,1.0,0.0,0,0,0,0,0,0,0,0.0,0.0,0.2,0.0
25,400,0,dpga,roi_shared,0.012352080084383488,0.0,global_ddp_mean,2,0.0,1.5006824731826782,1.5006824731826782,0.0,0.0,0.0,0.0,0.0,0.0,0.0,0.0,0.0,0.0,0.0,0.0,0.0,1.0,1.0,0.0,0,0,0,0,0,0,0,0.0,0.0,0.2,0.0
25,400,0,dpga,roi_cls,0.012352080084383488,0.0,global_ddp_mean,2,0.0,0.736640989780426,0.736640989780426,0.0,0.0,0.0,0.0,0.0,0.0,0.0,0.0,0.0,0.0,0.0,0.0,0.0,1.0,1.0,0.0,0,0,0,0,0,0,0,0.0,0.0,0.2,0.0
25,400,0,dpga,roi_reg,0.012352080084383488,0.0,global_ddp_mean,2,0.0,1.4411770105361938,1.4411770105361938,0.0,0.0,0.0,0.0,0.0,0.0,0.0,0.0,0.0,0.0,0.0,0.0,0.0,1.0,1.0,0.0,0,0,0,0,0,0,0,0.0,0.0,0.2,0.0
25,500,0,dpga,backbone,0.07472024112939835,0.0,global_ddp_mean,2,0.0,51.39189910888672,51.39189910888672,0.0,0.0,0.0,0.0,0.0,0.0,0.0,0.0,0.0,0.0,0.0,0.0,0.0,1.0,1.0,0.0,0,0,0,0,0,0,0,0.0,0.0,0.2,0.0
25,500,0,dpga,fpn,0.07472024112939835,0.0,global_ddp_mean,2,0.0,6.036529064178467,6.036529064178467,0.0,0.0,0.0,0.0,0.0,0.0,0.0,0.0,0.0,0.0,0.0,0.0,0.0,1.0,1.0,0.0,0,0,0,0,0,0,0,0.0,0.0,0.2,0.0
25,500,0,dpga,rpn,0.07472024112939835,0.0,global_ddp_mean,2,0.0,2.2557005882263184,2.2557005882263184,0.0,0.0,0.0,0.0,0.0,0.0,0.0,0.0,0.0,0.0,0.0,0.0,0.0,1.0,1.0,0.0,0,0,0,0,0,0,0,0.0,0.0,0.2,0.0
25,500,0,dpga,roi_shared,0.07472024112939835,0.0,global_ddp_mean,2,0.0,12.459878921508789,12.459878921508789,0.0,0.0,0.0,0.0,0.0,0.0,0.0,0.0,0.0,0.0,0.0,0.0,0.0,1.0,1.0,0.0,0,0,0,0,0,0,0,0.0,0.0,0.2,0.0
25,500,0,dpga,roi_cls,0.07472024112939835,0.0,global_ddp_mean,2,0.0,8.540887832641602,8.540887832641602,0.0,0.0,0.0,0.0,0.0,0.0,0.0,0.0,0.0,0.0,0.0,0.0,0.0,1.0,1.0,0.0,0,0,0,0,0,0,0,0.0,0.0,0.2,0.0
25,500,0,dpga,roi_reg,0.07472024112939835,0.0,global_ddp_mean,2,0.0,5.550361633300781,5.550361633300781,0.0,0.0,0.0,0.0,0.0,0.0,0.0,0.0,0.0,0.0,0.0,0.0,0.0,1.0,1.0,0.0,0,0,0,0,0,0,0,0.0,0.0,0.2,0.0
25,600,0,dpga,backbone,0.04842870682477951,-0.0,global_ddp_mean,2,0.0,7.854234218597412,7.854234218597412,0.0,0.0,0.0,0.0,0.0,0.0,0.0,0.0,0.0,0.0,0.0,0.0,0.0,1.0,1.0,0.0,0,0,0,0,0,0,0,0.0,0.0,0.2,0.0
25,600,0,dpga,fpn,0.04842870682477951,-0.0,global_ddp_mean,2,0.0,1.2097532749176025,1.2097532749176025,0.0,0.0,0.0,0.0,0.0,0.0,0.0,0.0,0.0,0.0,0.0,0.0,0.0,1.0,1.0,0.0,0,0,0,0,0,0,0,0.0,0.0,0.2,0.0
25,600,0,dpga,rpn,0.04842870682477951,-0.0,global_ddp_mean,2,0.0,1.3989282846450806,1.3989282846450806,0.0,0.0,0.0,0.0,0.0,0.0,0.0,0.0,0.0,0.0,0.0,0.0,0.0,1.0,1.0,0.0,0,0,0,0,0,0,0,0.0,0.0,0.2,0.0
25,600,0,dpga,roi_shared,0.04842870682477951,-0.0,global_ddp_mean,2,0.0,1.9183707237243652,1.9183707237243652,0.0,0.0,0.0,0.0,0.0,0.0,0.0,0.0,0.0,0.0,0.0,0.0,0.0,1.0,1.0,0.0,0,0,0,0,0,0,0,0.0,0.0,0.2,0.0
25,600,0,dpga,roi_cls,0.04842870682477951,-0.0,global_ddp_mean,2,0.0,1.5659147500991821,1.5659147500991821,0.0,0.0,0.0,0.0,0.0,0.0,0.0,0.0,0.0,0.0,0.0,0.0,0.0,1.0,1.0,0.0,0,0,0,0,0,0,0,0.0,0.0,0.2,0.0
25,600,0,dpga,roi_reg,0.04842870682477951,-0.0,global_ddp_mean,2,0.0,0.03833106532692909,0.03833106532692909,0.0,0.0,0.0,0.0,0.0,0.0,0.0,0.0,0.0,0.0,0.0,0.0,0.0,1.0,1.0,0.0,0,0,0,0,0,0,0,0.0,0.0,0.2,0.0
25,700,0,dpga,backbone,0.26781195402145386,-0.0,global_ddp_mean,2,0.0,14.532078742980957,14.532078742980957,0.0,0.0,0.0,0.0,0.0,0.0,0.0,0.0,0.0,0.0,0.0,0.0,0.0,1.0,1.0,0.0,0,0,0,0,0,0,0,0.0,0.0,0.2,0.0
25,700,0,dpga,fpn,0.26781195402145386,-0.0,global_ddp_mean,2,0.0,2.305814266204834,2.305814266204834,0.0,0.0,0.0,0.0,0.0,0.0,0.0,0.0,0.0,0.0,0.0,0.0,0.0,1.0,1.0,0.0,0,0,0,0,0,0,0,0.0,0.0,0.2,0.0
25,700,0,dpga,rpn,0.26781195402145386,-0.0,global_ddp_mean,2,0.0,1.2402949333190918,1.2402949333190918,0.0,0.0,0.0,0.0,0.0,0.0,0.0,0.0,0.0,0.0,0.0,0.0,0.0,1.0,1.0,0.0,0,0,0,0,0,0,0,0.0,0.0,0.2,0.0
25,700,0,dpga,roi_shared,0.26781195402145386,-0.0,global_ddp_mean,2,0.0,4.781660079956055,4.781660079956055,0.0,0.0,0.0,0.0,0.0,0.0,0.0,0.0,0.0,0.0,0.0,0.0,0.0,1.0,1.0,0.0,0,0,0,0,0,0,0,0.0,0.0,0.2,0.0
25,700,0,dpga,roi_cls,0.26781195402145386,-0.0,global_ddp_mean,2,0.0,4.3268256187438965,4.3268256187438965,0.0,0.0,0.0,0.0,0.0,0.0,0.0,0.0,0.0,0.0,0.0,0.0,0.0,1.0,1.0,0.0,0,0,0,0,0,0,0,0.0,0.0,0.2,0.0
25,700,0,dpga,roi_reg,0.26781195402145386,-0.0,global_ddp_mean,2,0.0,1.234147071838379,1.234147071838379,0.0,0.0,0.0,0.0,0.0,0.0,0.0,0.0,0.0,0.0,0.0,0.0,0.0,1.0,1.0,0.0,0,0,0,0,0,0,0,0.0,0.0,0.2,0.0
25,800,0,dpga,backbone,0.09643572568893433,0.0,global_ddp_mean,2,0.0,6.026609897613525,6.026609897613525,0.0,0.0,0.0,0.0,0.0,0.0,0.0,0.0,0.0,0.0,0.0,0.0,0.0,1.0,1.0,0.0,0,0,0,0,0,0,0,0.0,0.0,0.2,0.0
25,800,0,dpga,fpn,0.09643572568893433,0.0,global_ddp_mean,2,0.0,0.95110684633255,0.95110684633255,0.0,0.0,0.0,0.0,0.0,0.0,0.0,0.0,0.0,0.0,0.0,0.0,0.0,1.0,1.0,0.0,0,0,0,0,0,0,0,0.0,0.0,0.2,0.0
25,800,0,dpga,rpn,0.09643572568893433,0.0,global_ddp_mean,2,0.0,1.1227619647979736,1.1227619647979736,0.0,0.0,0.0,0.0,0.0,0.0,0.0,0.0,0.0,0.0,0.0,0.0,0.0,1.0,1.0,0.0,0,0,0,0,0,0,0,0.0,0.0,0.2,0.0
25,800,0,dpga,roi_shared,0.09643572568893433,0.0,global_ddp_mean,2,0.0,1.6064566373825073,1.6064566373825073,0.0,0.0,0.0,0.0,0.0,0.0,0.0,0.0,0.0,0.0,0.0,0.0,0.0,1.0,1.0,0.0,0,0,0,0,0,0,0,0.0,0.0,0.2,0.0
25,800,0,dpga,roi_cls,0.09643572568893433,0.0,global_ddp_mean,2,0.0,1.6468617916107178,1.6468617916107178,0.0,0.0,0.0,0.0,0.0,0.0,0.0,0.0,0.0,0.0,0.0,0.0,0.0,1.0,1.0,0.0,0,0,0,0,0,0,0,0.0,0.0,0.2,0.0
25,800,0,dpga,roi_reg,0.09643572568893433,0.0,global_ddp_mean,2,0.0,0.37760889530181885,0.37760889530181885,0.0,0.0,0.0,0.0,0.0,0.0,0.0,0.0,0.0,0.0,0.0,0.0,0.0,1.0,1.0,0.0,0,0,0,0,0,0,0,0.0,0.0,0.2,0.0
25,900,0,dpga,backbone,1.0296517610549927,0.13812679052352905,global_ddp_mean,2,0.3154664635658264,46.57272720336914,46.57272720336914,7.388670921325684,7.388670921325684,7.388670921325684,7.388670921325684,1.477734206285092,7.388670921325684,0.15864801923798819,0.15864801923798819,0.15864801923798819,0.03172960432040558,0.03172960432040558,0.010009626065301315,0.010009626065301315,1.0100096260653013,0.9995559605612958,1.7075147910676494,0,0,0,0,0,0,0,1.0,1.0,0.2,0.20000000298023224
25,900,0,dpga,fpn,1.0296517610549927,0.13812679052352905,global_ddp_mean,2,0.08833329379558563,8.853425025939941,8.853425025939941,2.1095476150512695,2.1095476150512695,2.1095476150512695,2.1095476150512695,0.4219095292971957,2.1095476150512695,0.23827474778071045,0.23827474778071045,0.23827474778071045,0.04765495026625618,0.04765495026625618,0.004209518722683229,0.004209518722683229,1.0042095187226832,0.99888460261637,2.7064051848891624,0,0,0,0,0,0,0,1.0,1.0,0.2,0.20000000298023224
25,900,0,dpga,rpn,1.0296517610549927,0.13812679052352905,global_ddp_mean,2,0.0,7.731657028198242,7.731657028198242,0.0,0.0,0.0,0.0,0.0,0.0,0.0,0.0,0.0,0.0,0.0,0.0,0.0,1.0,1.0,0.0,0,0,0,0,0,0,0,0.0,0.0,0.2,0.0
25,900,0,dpga,roi_shared,1.0296517610549927,0.13812679052352905,global_ddp_mean,2,0.11723686754703522,18.598373413085938,18.598373413085938,2.247619390487671,2.247619390487671,2.247619390487671,2.247619390487671,0.44952388479596195,2.247619390487671,0.12085032064719332,0.12085032064719332,0.12085032064719332,0.024170064489600688,0.024170064489600688,0.0028336226491706153,0.0028336226491706153,1.0028336226491705,0.9997136773686095,1.3711211546311544,0,0,0,0,0,0,0,1.0,1.0,0.2,0.20000000298023224
25,900,0,dpga,roi_cls,1.0296517610549927,0.13812679052352905,global_ddp_mean,2,0.0,15.972025871276855,15.972025871276855,0.0,0.0,0.0,0.0,0.0,0.0,0.0,0.0,0.0,0.0,0.0,0.0,0.0,1.0,1.0,0.0,0,0,0,0,0,0,0,0.0,0.0,0.2,0.0
25,900,0,dpga,roi_reg,1.0296517610549927,0.13812679052352905,global_ddp_mean,2,0.30579036474227905,6.493299961090088,6.493299961090088,6.635066032409668,6.635066032409668,6.635066032409668,6.635066032409668,1.3270132262559713,6.635066032409668,1.021832669392926,1.021832669392926,1.021832669392926,0.2043665369238839,0.2043665369238839,0.06249331786707089,0.06249331786707089,1.062493317867071,0.9836415586357471,10.377730932314813,0,1,0,0,0,0,0,1.0,1.0,0.2,0.20000000298023224
25,1000,0,dpga,backbone,0.3407207131385803,0.0,global_ddp_mean,2,0.0,14.49118423461914,14.49118423461914,0.0,0.0,0.0,0.0,0.0,0.0,0.0,0.0,0.0,0.0,0.0,0.0,0.0,1.0,1.0,0.0,0,0,0,0,0,0,0,0.0,0.0,0.2,0.0
25,1000,0,dpga,fpn,0.3407207131385803,0.0,global_ddp_mean,2,0.0,3.6897401809692383,3.6897401809692383,0.0,0.0,0.0,0.0,0.0,0.0,0.0,0.0,0.0,0.0,0.0,0.0,0.0,1.0,1.0,0.0,0,0,0,0,0,0,0,0.0,0.0,0.2,0.0
25,1000,0,dpga,rpn,0.3407207131385803,0.0,global_ddp_mean,2,0.0,2.5093023777008057,2.5093023777008057,0.0,0.0,0.0,0.0,0.0,0.0,0.0,0.0,0.0,0.0,0.0,0.0,0.0,1.0,1.0,0.0,0,0,0,0,0,0,0,0.0,0.0,0.2,0.0
25,1000,0,dpga,roi_shared,0.3407207131385803,0.0,global_ddp_mean,2,0.0,7.566790580749512,7.566790580749512,0.0,0.0,0.0,0.0,0.0,0.0,0.0,0.0,0.0,0.0,0.0,0.0,0.0,1.0,1.0,0.0,0,0,0,0,0,0,0,0.0,0.0,0.2,0.0
25,1000,0,dpga,roi_cls,0.3407207131385803,0.0,global_ddp_mean,2,0.0,6.196232318878174,6.196232318878174,0.0,0.0,0.0,0.0,0.0,0.0,0.0,0.0,0.0,0.0,0.0,0.0,0.0,1.0,1.0,0.0,0,0,0,0,0,0,0,0.0,0.0,0.2,0.0
25,1000,0,dpga,roi_reg,0.3407207131385803,0.0,global_ddp_mean,2,0.0,4.4826459884643555,4.4826459884643555,0.0,0.0,0.0,0.0,0.0,0.0,0.0,0.0,0.0,0.0,0.0,0.0,0.0,1.0,1.0,0.0,0,0,0,0,0,0,0,0.0,0.0,0.2,0.0
25,1100,0,dpga,backbone,0.07089324295520782,-0.0,global_ddp_mean,2,0.0,7.0976481437683105,7.0976481437683105,0.0,0.0,0.0,0.0,0.0,0.0,0.0,0.0,0.0,0.0,0.0,0.0,0.0,1.0,1.0,0.0,0,0,0,0,0,0,0,0.0,0.0,0.2,0.0
25,1100,0,dpga,fpn,0.07089324295520782,-0.0,global_ddp_mean,2,0.0,1.305988073348999,1.305988073348999,0.0,0.0,0.0,0.0,0.0,0.0,0.0,0.0,0.0,0.0,0.0,0.0,0.0,1.0,1.0,0.0,0,0,0,0,0,0,0,0.0,0.0,0.2,0.0
25,1100,0,dpga,rpn,0.07089324295520782,-0.0,global_ddp_mean,2,0.0,0.731279730796814,0.731279730796814,0.0,0.0,0.0,0.0,0.0,0.0,0.0,0.0,0.0,0.0,0.0,0.0,0.0,1.0,1.0,0.0,0,0,0,0,0,0,0,0.0,0.0,0.2,0.0
25,1100,0,dpga,roi_shared,0.07089324295520782,-0.0,global_ddp_mean,2,0.0,2.694269895553589,2.694269895553589,0.0,0.0,0.0,0.0,0.0,0.0,0.0,0.0,0.0,0.0,0.0,0.0,0.0,1.0,1.0,0.0,0,0,0,0,0,0,0,0.0,0.0,0.2,0.0
25,1100,0,dpga,roi_cls,0.07089324295520782,-0.0,global_ddp_mean,2,0.0,2.2364156246185303,2.2364156246185303,0.0,0.0,0.0,0.0,0.0,0.0,0.0,0.0,0.0,0.0,0.0,0.0,0.0,1.0,1.0,0.0,0,0,0,0,0,0,0,0.0,0.0,0.2,0.0
25,1100,0,dpga,roi_reg,0.07089324295520782,-0.0,global_ddp_mean,2,0.0,0.04269733652472496,0.04269733652472496,0.0,0.0,0.0,0.0,0.0,0.0,0.0,0.0,0.0,0.0,0.0,0.0,0.0,1.0,1.0,0.0,0,0,0,0,0,0,0,0.0,0.0,0.2,0.0
25,1200,0,dpga,backbone,0.13145548105239868,0.0,global_ddp_mean,2,0.0,13.47023868560791,13.47023868560791,0.0,0.0,0.0,0.0,0.0,0.0,0.0,0.0,0.0,0.0,0.0,0.0,0.0,1.0,1.0,0.0,0,0,0,0,0,0,0,0.0,0.0,0.2,0.0
25,1200,0,dpga,fpn,0.13145548105239868,0.0,global_ddp_mean,2,0.0,3.038959264755249,3.038959264755249,0.0,0.0,0.0,0.0,0.0,0.0,0.0,0.0,0.0,0.0,0.0,0.0,0.0,1.0,1.0,0.0,0,0,0,0,0,0,0,0.0,0.0,0.2,0.0
25,1200,0,dpga,rpn,0.13145548105239868,0.0,global_ddp_mean,2,0.0,1.3410561084747314,1.3410561084747314,0.0,0.0,0.0,0.0,0.0,0.0,0.0,0.0,0.0,0.0,0.0,0.0,0.0,1.0,1.0,0.0,0,0,0,0,0,0,0,0.0,0.0,0.2,0.0
25,1200,0,dpga,roi_shared,0.13145548105239868,0.0,global_ddp_mean,2,0.0,6.856316089630127,6.856316089630127,0.0,0.0,0.0,0.0,0.0,0.0,0.0,0.0,0.0,0.0,0.0,0.0,0.0,1.0,1.0,0.0,0,0,0,0,0,0,0,0.0,0.0,0.2,0.0
25,1200,0,dpga,roi_cls,0.13145548105239868,0.0,global_ddp_mean,2,0.0,5.203498840332031,5.203498840332031,0.0,0.0,0.0,0.0,0.0,0.0,0.0,0.0,0.0,0.0,0.0,0.0,0.0,1.0,1.0,0.0,0,0,0,0,0,0,0,0.0,0.0,0.2,0.0
25,1200,0,dpga,roi_reg,0.13145548105239868,0.0,global_ddp_mean,2,0.0,1.8641654253005981,1.8641654253005981,0.0,0.0,0.0,0.0,0.0,0.0,0.0,0.0,0.0,0.0,0.0,0.0,0.0,1.0,1.0,0.0,0,0,0,0,0,0,0,0.0,0.0,0.2,0.0
25,1300,0,dpga,backbone,0.3969496190547943,0.0,global_ddp_mean,2,0.0,9.213410377502441,9.213410377502441,0.0,0.0,0.0,0.0,0.0,0.0,0.0,0.0,0.0,0.0,0.0,0.0,0.0,1.0,1.0,0.0,0,0,0,0,0,0,0,0.0,0.0,0.2,0.0
25,1300,0,dpga,fpn,0.3969496190547943,0.0,global_ddp_mean,2,0.0,1.7161303758621216,1.7161303758621216,0.0,0.0,0.0,0.0,0.0,0.0,0.0,0.0,0.0,0.0,0.0,0.0,0.0,1.0,1.0,0.0,0,0,0,0,0,0,0,0.0,0.0,0.2,0.0
25,1300,0,dpga,rpn,0.3969496190547943,0.0,global_ddp_mean,2,0.0,1.22170090675354,1.22170090675354,0.0,0.0,0.0,0.0,0.0,0.0,0.0,0.0,0.0,0.0,0.0,0.0,0.0,1.0,1.0,0.0,0,0,0,0,0,0,0,0.0,0.0,0.2,0.0
25,1300,0,dpga,roi_shared,0.3969496190547943,0.0,global_ddp_mean,2,0.0,3.65705943107605,3.65705943107605,0.0,0.0,0.0,0.0,0.0,0.0,0.0,0.0,0.0,0.0,0.0,0.0,0.0,1.0,1.0,0.0,0,0,0,0,0,0,0,0.0,0.0,0.2,0.0
25,1300,0,dpga,roi_cls,0.3969496190547943,0.0,global_ddp_mean,2,0.0,2.236222267150879,2.236222267150879,0.0,0.0,0.0,0.0,0.0,0.0,0.0,0.0,0.0,0.0,0.0,0.0,0.0,1.0,1.0,0.0,0,0,0,0,0,0,0,0.0,0.0,0.2,0.0
25,1300,0,dpga,roi_reg,0.3969496190547943,0.0,global_ddp_mean,2,0.0,1.7283488512039185,1.7283488512039185,0.0,0.0,0.0,0.0,0.0,0.0,0.0,0.0,0.0,0.0,0.0,0.0,0.0,1.0,1.0,0.0,0,0,0,0,0,0,0,0.0,0.0,0.2,0.0
25,1400,0,dpga,backbone,0.5772546529769897,0.0,global_ddp_mean,2,0.16857773065567017,8.954270362854004,8.954270362854004,2.5695180892944336,2.5695180892944336,2.5695180892944336,2.5695180892944336,0.5139036255166474,2.5695180892944336,0.28696007437455223,0.28696007437455223,0.28696007437455223,0.05739201573011811,0.05739201573011811,0.009675015769537835,0.009675015769537835,1.0096750157695378,0.998434216425238,3.2067136510163055,0,0,0,0,0,0,0,1.0,1.0,0.2,0.20000000298023224
25,1400,0,dpga,fpn,0.5772546529769897,0.0,global_ddp_mean,2,0.05353086441755295,1.500617504119873,1.500617504119873,0.6364408135414124,0.6364408135414124,0.6364408135414124,0.6364408135414124,0.1272881646050239,0.6364408135414124,0.42411927875964045,0.42411927875964045,0.42411927875964045,0.08482385701590205,0.08482385701590205,0.004540694389292149,0.004540694389292149,1.0045406943892923,0.9964639178243092,4.819776090260451,0,0,0,0,0,0,0,1.0,1.0,0.2,0.20000000298023224
25,1400,0,dpga,rpn,0.5772546529769897,0.0,global_ddp_mean,2,0.0,2.0844202041625977,2.0844202041625977,0.0,0.0,0.0,0.0,0.0,0.0,0.0,0.0,0.0,0.0,0.0,0.0,0.0,1.0,1.0,0.0,0,0,0,0,0,0,0,0.0,0.0,0.2,0.0
25,1400,0,dpga,roi_shared,0.5772546529769897,0.0,global_ddp_mean,2,-0.12933038175106049,3.0126852989196777,3.0126852989196777,0.21734018623828888,0.21734018623828888,0.2155148833990097,0.2155148833990097,0.043102977322086344,0.2155148833990097,0.07214168247716585,0.07153581008819322,0.07153581008819322,0.014307162230831973,0.014307162230831973,4.9020654085038825e-11,4.9020654085038825e-11,1.0000000000490206,0.9998976847883977,0.8196179038188298,1,0,0,0,0,1,0,1.0,1.0,0.2,0.20000000298023224
25,1400,0,dpga,roi_cls,0.5772546529769897,0.0,global_ddp_mean,2,0.0,1.3577483892440796,1.3577483892440796,0.0,0.0,0.0,0.0,0.0,0.0,0.0,0.0,0.0,0.0,0.0,0.0,0.0,1.0,1.0,0.0,0,0,0,0,0,0,0,0.0,0.0,0.2,0.0
25,1400,0,dpga,roi_reg,0.5772546529769897,0.0,global_ddp_mean,2,-0.2863501012325287,2.6992037296295166,2.6992037296295166,0.5814642906188965,0.5814642906188965,0.5571154952049255,0.5571154952049255,0.11142310070131867,0.5571154952049255,0.21542067545183272,0.20639994272732917,0.20639994272732917,0.041279989160585596,0.041279989160585596,3.756969155406143e-10,3.756969155406143e-10,1.0000000003756968,0.9991490546933705,2.363846412263676,1,0,0,0,0,1,0,1.0,1.0,0.2,0.20000000298023224
26,0,0,dpga,backbone,0.5149556994438171,0.00010002159251598641,global_ddp_mean,2,0.0,13.103132247924805,13.103132247924805,0.0,0.0,0.0,0.0,0.0,0.0,0.0,0.0,0.0,0.0,0.0,0.0,0.0,1.0,1.0,0.0,0,0,0,0,0,0,0,0.0,0.0,0.2,0.0
26,0,0,dpga,fpn,0.5149556994438171,0.00010002159251598641,global_ddp_mean,2,0.0,2.45328688621521,2.45328688621521,0.0,0.0,0.0,0.0,0.0,0.0,0.0,0.0,0.0,0.0,0.0,0.0,0.0,1.0,1.0,0.0,0,0,0,0,0,0,0,0.0,0.0,0.2,0.0
26,0,0,dpga,rpn,0.5149556994438171,0.00010002159251598641,global_ddp_mean,2,0.0,3.9628260135650635,3.9628260135650635,0.0,0.0,0.0,0.0,0.0,0.0,0.0,0.0,0.0,0.0,0.0,0.0,0.0,1.0,1.0,0.0,0,0,0,0,0,0,0,0.0,0.0,0.2,0.0
26,0,0,dpga,roi_shared,0.5149556994438171,0.00010002159251598641,global_ddp_mean,2,0.0,4.2059245109558105,4.2059245109558105,0.0,0.0,0.0,0.0,0.0,0.0,0.0,0.0,0.0,0.0,0.0,0.0,0.0,1.0,1.0,0.0,0,0,0,0,0,0,0,0.0,0.0,0.2,0.0
26,0,0,dpga,roi_cls,0.5149556994438171,0.00010002159251598641,global_ddp_mean,2,0.0,2.8267409801483154,2.8267409801483154,0.0,0.0,0.0,0.0,0.0,0.0,0.0,0.0,0.0,0.0,0.0,0.0,0.0,1.0,1.0,0.0,0,0,0,0,0,0,0,0.0,0.0,0.2,0.0
26,0,0,dpga,roi_reg,0.5149556994438171,0.00010002159251598641,global_ddp_mean,2,0.0,1.162114143371582,1.162114143371582,0.0,0.0,0.0,0.0,0.0,0.0,0.0,0.0,0.0,0.0,0.0,0.0,0.0,1.0,1.0,0.0,0,0,0,0,0,0,0,0.0,0.0,0.2,0.0
26,100,0,dpga,backbone,0.12021386623382568,-0.0,global_ddp_mean,2,0.0,13.199109077453613,13.199109077453613,0.0,0.0,0.0,0.0,0.0,0.0,0.0,0.0,0.0,0.0,0.0,0.0,0.0,1.0,1.0,0.0,0,0,0,0,0,0,0,0.0,0.0,0.2,0.0
26,100,0,dpga,fpn,0.12021386623382568,-0.0,global_ddp_mean,2,0.0,3.324674129486084,3.324674129486084,0.0,0.0,0.0,0.0,0.0,0.0,0.0,0.0,0.0,0.0,0.0,0.0,0.0,1.0,1.0,0.0,0,0,0,0,0,0,0,0.0,0.0,0.2,0.0
26,100,0,dpga,rpn,0.12021386623382568,-0.0,global_ddp_mean,2,0.0,1.5288896560668945,1.5288896560668945,0.0,0.0,0.0,0.0,0.0,0.0,0.0,0.0,0.0,0.0,0.0,0.0,0.0,1.0,1.0,0.0,0,0,0,0,0,0,0,0.0,0.0,0.2,0.0
26,100,0,dpga,roi_shared,0.12021386623382568,-0.0,global_ddp_mean,2,0.0,7.455616474151611,7.455616474151611,0.0,0.0,0.0,0.0,0.0,0.0,0.0,0.0,0.0,0.0,0.0,0.0,0.0,1.0,1.0,0.0,0,0,0,0,0,0,0,0.0,0.0,0.2,0.0
26,100,0,dpga,roi_cls,0.12021386623382568,-0.0,global_ddp_mean,2,0.0,6.3313117027282715,6.3313117027282715,0.0,0.0,0.0,0.0,0.0,0.0,0.0,0.0,0.0,0.0,0.0,0.0,0.0,1.0,1.0,0.0,0,0,0,0,0,0,0,0.0,0.0,0.2,0.0
26,100,0,dpga,roi_reg,0.12021386623382568,-0.0,global_ddp_mean,2,0.0,0.8382654190063477,0.8382654190063477,0.0,0.0,0.0,0.0,0.0,0.0,0.0,0.0,0.0,0.0,0.0,0.0,0.0,1.0,1.0,0.0,0,0,0,0,0,0,0,0.0,0.0,0.2,0.0
26,200,0,dpga,backbone,0.16352108120918274,0.0,global_ddp_mean,2,0.0,16.049610137939453,16.049610137939453,0.0,0.0,0.0,0.0,0.0,0.0,0.0,0.0,0.0,0.0,0.0,0.0,0.0,1.0,1.0,0.0,0,0,0,0,0,0,0,0.0,0.0,0.2,0.0
26,200,0,dpga,fpn,0.16352108120918274,0.0,global_ddp_mean,2,0.0,3.646292209625244,3.646292209625244,0.0,0.0,0.0,0.0,0.0,0.0,0.0,0.0,0.0,0.0,0.0,0.0,0.0,1.0,1.0,0.0,0,0,0,0,0,0,0,0.0,0.0,0.2,0.0
26,200,0,dpga,rpn,0.16352108120918274,0.0,global_ddp_mean,2,0.0,2.424589157104492,2.424589157104492,0.0,0.0,0.0,0.0,0.0,0.0,0.0,0.0,0.0,0.0,0.0,0.0,0.0,1.0,1.0,0.0,0,0,0,0,0,0,0,0.0,0.0,0.2,0.0
26,200,0,dpga,roi_shared,0.16352108120918274,0.0,global_ddp_mean,2,0.0,8.100606918334961,8.100606918334961,0.0,0.0,0.0,0.0,0.0,0.0,0.0,0.0,0.0,0.0,0.0,0.0,0.0,1.0,1.0,0.0,0,0,0,0,0,0,0,0.0,0.0,0.2,0.0
26,200,0,dpga,roi_cls,0.16352108120918274,0.0,global_ddp_mean,2,0.0,6.327542781829834,6.327542781829834,0.0,0.0,0.0,0.0,0.0,0.0,0.0,0.0,0.0,0.0,0.0,0.0,0.0,1.0,1.0,0.0,0,0,0,0,0,0,0,0.0,0.0,0.2,0.0
26,200,0,dpga,roi_reg,0.16352108120918274,0.0,global_ddp_mean,2,0.0,1.7005736827850342,1.7005736827850342,0.0,0.0,0.0,0.0,0.0,0.0,0.0,0.0,0.0,0.0,0.0,0.0,0.0,1.0,1.0,0.0,0,0,0,0,0,0,0,0.0,0.0,0.2,0.0
26,300,0,dpga,backbone,0.018679888918995857,-0.0,global_ddp_mean,2,0.0,8.215404510498047,8.215404510498047,0.0,0.0,0.0,0.0,0.0,0.0,0.0,0.0,0.0,0.0,0.0,0.0,0.0,1.0,1.0,0.0,0,0,0,0,0,0,0,0.0,0.0,0.2,0.0
26,300,0,dpga,fpn,0.018679888918995857,-0.0,global_ddp_mean,2,0.0,1.2405617237091064,1.2405617237091064,0.0,0.0,0.0,0.0,0.0,0.0,0.0,0.0,0.0,0.0,0.0,0.0,0.0,1.0,1.0,0.0,0,0,0,0,0,0,0,0.0,0.0,0.2,0.0
26,300,0,dpga,rpn,0.018679888918995857,-0.0,global_ddp_mean,2,0.0,1.8410567045211792,1.8410567045211792,0.0,0.0,0.0,0.0,0.0,0.0,0.0,0.0,0.0,0.0,0.0,0.0,0.0,1.0,1.0,0.0,0,0,0,0,0,0,0,0.0,0.0,0.2,0.0
26,300,0,dpga,roi_shared,0.018679888918995857,-0.0,global_ddp_mean,2,0.0,2.784337282180786,2.784337282180786,0.0,0.0,0.0,0.0,0.0,0.0,0.0,0.0,0.0,0.0,0.0,0.0,0.0,1.0,1.0,0.0,0,0,0,0,0,0,0,0.0,0.0,0.2,0.0
26,300,0,dpga,roi_cls,0.018679888918995857,-0.0,global_ddp_mean,2,0.0,1.9336704015731812,1.9336704015731812,0.0,0.0,0.0,0.0,0.0,0.0,0.0,0.0,0.0,0.0,0.0,0.0,0.0,1.0,1.0,0.0,0,0,0,0,0,0,0,0.0,0.0,0.2,0.0
26,300,0,dpga,roi_reg,0.018679888918995857,-0.0,global_ddp_mean,2,0.0,3.415283441543579,3.415283441543579,0.0,0.0,0.0,0.0,0.0,0.0,0.0,0.0,0.0,0.0,0.0,0.0,0.0,1.0,1.0,0.0,0,0,0,0,0,0,0,0.0,0.0,0.2,0.0
26,400,0,dpga,backbone,0.8366360664367676,0.00010002159251598641,global_ddp_mean,2,0.0,25.269826889038086,25.269826889038086,0.0,0.0,0.0,0.0,0.0,0.0,0.0,0.0,0.0,0.0,0.0,0.0,0.0,1.0,1.0,0.0,0,0,0,0,0,0,0,0.0,0.0,0.2,0.0
26,400,0,dpga,fpn,0.8366360664367676,0.00010002159251598641,global_ddp_mean,2,0.0,6.235655307769775,6.235655307769775,0.0,0.0,0.0,0.0,0.0,0.0,0.0,0.0,0.0,0.0,0.0,0.0,0.0,1.0,1.0,0.0,0,0,0,0,0,0,0,0.0,0.0,0.2,0.0
26,400,0,dpga,rpn,0.8366360664367676,0.00010002159251598641,global_ddp_mean,2,0.0,2.3497400283813477,2.3497400283813477,0.0,0.0,0.0,0.0,0.0,0.0,0.0,0.0,0.0,0.0,0.0,0.0,0.0,1.0,1.0,0.0,0,0,0,0,0,0,0,0.0,0.0,0.2,0.0
26,400,0,dpga,roi_shared,0.8366360664367676,0.00010002159251598641,global_ddp_mean,2,0.0,13.47539234161377,13.47539234161377,0.0,0.0,0.0,0.0,0.0,0.0,0.0,0.0,0.0,0.0,0.0,0.0,0.0,1.0,1.0,0.0,0,0,0,0,0,0,0,0.0,0.0,0.2,0.0
26,400,0,dpga,roi_cls,0.8366360664367676,0.00010002159251598641,global_ddp_mean,2,0.0,9.849678993225098,9.849678993225098,0.0,0.0,0.0,0.0,0.0,0.0,0.0,0.0,0.0,0.0,0.0,0.0,0.0,1.0,1.0,0.0,0,0,0,0,0,0,0,0.0,0.0,0.2,0.0
26,400,0,dpga,roi_reg,0.8366360664367676,0.00010002159251598641,global_ddp_mean,2,0.0,5.33174991607666,5.33174991607666,0.0,0.0,0.0,0.0,0.0,0.0,0.0,0.0,0.0,0.0,0.0,0.0,0.0,1.0,1.0,0.0,0,0,0,0,0,0,0,0.0,0.0,0.2,0.0
26,500,0,dpga,backbone,0.4155350923538208,0.0,global_ddp_mean,2,0.0,8.516467094421387,8.516467094421387,0.0,0.0,0.0,0.0,0.0,0.0,0.0,0.0,0.0,0.0,0.0,0.0,0.0,1.0,1.0,0.0,0,0,0,0,0,0,0,0.0,0.0,0.2,0.0
26,500,0,dpga,fpn,0.4155350923538208,0.0,global_ddp_mean,2,0.0,1.7469913959503174,1.7469913959503174,0.0,0.0,0.0,0.0,0.0,0.0,0.0,0.0,0.0,0.0,0.0,0.0,0.0,1.0,1.0,0.0,0,0,0,0,0,0,0,0.0,0.0,0.2,0.0
26,500,0,dpga,rpn,0.4155350923538208,0.0,global_ddp_mean,2,0.0,2.6525776386260986,2.6525776386260986,0.0,0.0,0.0,0.0,0.0,0.0,0.0,0.0,0.0,0.0,0.0,0.0,0.0,1.0,1.0,0.0,0,0,0,0,0,0,0,0.0,0.0,0.2,0.0
26,500,0,dpga,roi_shared,0.4155350923538208,0.0,global_ddp_mean,2,0.0,4.163208484649658,4.163208484649658,0.0,0.0,0.0,0.0,0.0,0.0,0.0,0.0,0.0,0.0,0.0,0.0,0.0,1.0,1.0,0.0,0,0,0,0,0,0,0,0.0,0.0,0.2,0.0
26,500,0,dpga,roi_cls,0.4155350923538208,0.0,global_ddp_mean,2,0.0,2.459991455078125,2.459991455078125,0.0,0.0,0.0,0.0,0.0,0.0,0.0,0.0,0.0,0.0,0.0,0.0,0.0,1.0,1.0,0.0,0,0,0,0,0,0,0,0.0,0.0,0.2,0.0
26,500,0,dpga,roi_reg,0.4155350923538208,0.0,global_ddp_mean,2,0.0,1.5663561820983887,1.5663561820983887,0.0,0.0,0.0,0.0,0.0,0.0,0.0,0.0,0.0,0.0,0.0,0.0,0.0,1.0,1.0,0.0,0,0,0,0,0,0,0,0.0,0.0,0.2,0.0
26,600,0,dpga,backbone,0.7613523006439209,-0.0,global_ddp_mean,2,0.0,18.992515563964844,18.992515563964844,0.0,0.0,0.0,0.0,0.0,0.0,0.0,0.0,0.0,0.0,0.0,0.0,0.0,1.0,1.0,0.0,0,0,0,0,0,0,0,0.0,0.0,0.2,0.0
26,600,0,dpga,fpn,0.7613523006439209,-0.0,global_ddp_mean,2,0.0,4.832643985748291,4.832643985748291,0.0,0.0,0.0,0.0,0.0,0.0,0.0,0.0,0.0,0.0,0.0,0.0,0.0,1.0,1.0,0.0,0,0,0,0,0,0,0,0.0,0.0,0.2,0.0
26,600,0,dpga,rpn,0.7613523006439209,-0.0,global_ddp_mean,2,0.0,2.1604108810424805,2.1604108810424805,0.0,0.0,0.0,0.0,0.0,0.0,0.0,0.0,0.0,0.0,0.0,0.0,0.0,1.0,1.0,0.0,0,0,0,0,0,0,0,0.0,0.0,0.2,0.0
26,600,0,dpga,roi_shared,0.7613523006439209,-0.0,global_ddp_mean,2,0.0,9.999393463134766,9.999393463134766,0.0,0.0,0.0,0.0,0.0,0.0,0.0,0.0,0.0,0.0,0.0,0.0,0.0,1.0,1.0,0.0,0,0,0,0,0,0,0,0.0,0.0,0.2,0.0
26,600,0,dpga,roi_cls,0.7613523006439209,-0.0,global_ddp_mean,2,0.0,7.500034332275391,7.500034332275391,0.0,0.0,0.0,0.0,0.0,0.0,0.0,0.0,0.0,0.0,0.0,0.0,0.0,1.0,1.0,0.0,0,0,0,0,0,0,0,0.0,0.0,0.2,0.0
26,600,0,dpga,roi_reg,0.7613523006439209,-0.0,global_ddp_mean,2,0.0,3.2253637313842773,3.2253637313842773,0.0,0.0,0.0,0.0,0.0,0.0,0.0,0.0,0.0,0.0,0.0,0.0,0.0,1.0,1.0,0.0,0,0,0,0,0,0,0,0.0,0.0,0.2,0.0
26,700,0,dpga,backbone,0.016534408554434776,0.0,global_ddp_mean,2,0.0,4.715712547302246,4.715712547302246,0.0,0.0,0.0,0.0,0.0,0.0,0.0,0.0,0.0,0.0,0.0,0.0,0.0,1.0,1.0,0.0,0,0,0,0,0,0,0,0.0,0.0,0.2,0.0
26,700,0,dpga,fpn,0.016534408554434776,0.0,global_ddp_mean,2,0.0,0.9731076955795288,0.9731076955795288,0.0,0.0,0.0,0.0,0.0,0.0,0.0,0.0,0.0,0.0,0.0,0.0,0.0,1.0,1.0,0.0,0,0,0,0,0,0,0,0.0,0.0,0.2,0.0
26,700,0,dpga,rpn,0.016534408554434776,0.0,global_ddp_mean,2,0.0,0.8497784733772278,0.8497784733772278,0.0,0.0,0.0,0.0,0.0,0.0,0.0,0.0,0.0,0.0,0.0,0.0,0.0,1.0,1.0,0.0,0,0,0,0,0,0,0,0.0,0.0,0.2,0.0
26,700,0,dpga,roi_shared,0.016534408554434776,0.0,global_ddp_mean,2,0.0,1.975608229637146,1.975608229637146,0.0,0.0,0.0,0.0,0.0,0.0,0.0,0.0,0.0,0.0,0.0,0.0,0.0,1.0,1.0,0.0,0,0,0,0,0,0,0,0.0,0.0,0.2,0.0
26,700,0,dpga,roi_cls,0.016534408554434776,0.0,global_ddp_mean,2,0.0,1.6083239316940308,1.6083239316940308,0.0,0.0,0.0,0.0,0.0,0.0,0.0,0.0,0.0,0.0,0.0,0.0,0.0,1.0,1.0,0.0,0,0,0,0,0,0,0,0.0,0.0,0.2,0.0
26,700,0,dpga,roi_reg,0.016534408554434776,0.0,global_ddp_mean,2,0.0,0.6209030151367188,0.6209030151367188,0.0,0.0,0.0,0.0,0.0,0.0,0.0,0.0,0.0,0.0,0.0,0.0,0.0,1.0,1.0,0.0,0,0,0,0,0,0,0,0.0,0.0,0.2,0.0
26,800,0,dpga,backbone,0.12791362404823303,0.0,global_ddp_mean,2,0.0,14.573164939880371,14.573164939880371,0.0,0.0,0.0,0.0,0.0,0.0,0.0,0.0,0.0,0.0,0.0,0.0,0.0,1.0,1.0,0.0,0,0,0,0,0,0,0,0.0,0.0,0.2,0.0
26,800,0,dpga,fpn,0.12791362404823303,0.0,global_ddp_mean,2,0.0,2.656352996826172,2.656352996826172,0.0,0.0,0.0,0.0,0.0,0.0,0.0,0.0,0.0,0.0,0.0,0.0,0.0,1.0,1.0,0.0,0,0,0,0,0,0,0,0.0,0.0,0.2,0.0
26,800,0,dpga,rpn,0.12791362404823303,0.0,global_ddp_mean,2,0.0,3.1595211029052734,3.1595211029052734,0.0,0.0,0.0,0.0,0.0,0.0,0.0,0.0,0.0,0.0,0.0,0.0,0.0,1.0,1.0,0.0,0,0,0,0,0,0,0,0.0,0.0,0.2,0.0
26,800,0,dpga,roi_shared,0.12791362404823303,0.0,global_ddp_mean,2,0.0,5.071763038635254,5.071763038635254,0.0,0.0,0.0,0.0,0.0,0.0,0.0,0.0,0.0,0.0,0.0,0.0,0.0,1.0,1.0,0.0,0,0,0,0,0,0,0,0.0,0.0,0.2,0.0
26,800,0,dpga,roi_cls,0.12791362404823303,0.0,global_ddp_mean,2,0.0,3.1747331619262695,3.1747331619262695,0.0,0.0,0.0,0.0,0.0,0.0,0.0,0.0,0.0,0.0,0.0,0.0,0.0,1.0,1.0,0.0,0,0,0,0,0,0,0,0.0,0.0,0.2,0.0
26,800,0,dpga,roi_reg,0.12791362404823303,0.0,global_ddp_mean,2,0.0,2.4690513610839844,2.4690513610839844,0.0,0.0,0.0,0.0,0.0,0.0,0.0,0.0,0.0,0.0,0.0,0.0,0.0,1.0,1.0,0.0,0,0,0,0,0,0,0,0.0,0.0,0.2,0.0
26,900,0,dpga,backbone,0.00933388713747263,0.0,global_ddp_mean,2,0.0,3.270991325378418,3.270991325378418,0.0,0.0,0.0,0.0,0.0,0.0,0.0,0.0,0.0,0.0,0.0,0.0,0.0,1.0,1.0,0.0,0,0,0,0,0,0,0,0.0,0.0,0.2,0.0
26,900,0,dpga,fpn,0.00933388713747263,0.0,global_ddp_mean,2,0.0,0.4974011778831482,0.4974011778831482,0.0,0.0,0.0,0.0,0.0,0.0,0.0,0.0,0.0,0.0,0.0,0.0,0.0,1.0,1.0,0.0,0,0,0,0,0,0,0,0.0,0.0,0.2,0.0
26,900,0,dpga,rpn,0.00933388713747263,0.0,global_ddp_mean,2,0.0,0.9937483072280884,0.9937483072280884,0.0,0.0,0.0,0.0,0.0,0.0,0.0,0.0,0.0,0.0,0.0,0.0,0.0,1.0,1.0,0.0,0,0,0,0,0,0,0,0.0,0.0,0.2,0.0
26,900,0,dpga,roi_shared,0.00933388713747263,0.0,global_ddp_mean,2,0.0,0.0,0.0,0.0,0.0,0.0,0.0,0.0,0.0,0.0,0.0,0.0,0.0,0.0,0.0,0.0,0.0,0.0,90.0,0,0,0,0,0,0,0,0.0,0.0,0.2,0.0
26,900,0,dpga,roi_cls,0.00933388713747263,0.0,global_ddp_mean,2,0.0,0.0,0.0,0.0,0.0,0.0,0.0,0.0,0.0,0.0,0.0,0.0,0.0,0.0,0.0,0.0,0.0,0.0,90.0,0,0,0,0,0,0,0,0.0,0.0,0.2,0.0
26,900,0,dpga,roi_reg,0.00933388713747263,0.0,global_ddp_mean,2,0.0,0.0,0.0,0.0,0.0,0.0,0.0,0.0,0.0,0.0,0.0,0.0,0.0,0.0,0.0,0.0,0.0,0.0,90.0,0,0,0,0,0,0,0,0.0,0.0,0.2,0.0
26,1000,0,dpga,backbone,0.18521811068058014,-0.0,global_ddp_mean,2,0.0,14.74736213684082,14.74736213684082,0.0,0.0,0.0,0.0,0.0,0.0,0.0,0.0,0.0,0.0,0.0,0.0,0.0,1.0,1.0,0.0,0,0,0,0,0,0,0,0.0,0.0,0.2,0.0
26,1000,0,dpga,fpn,0.18521811068058014,-0.0,global_ddp_mean,2,0.0,1.4941242933273315,1.4941242933273315,0.0,0.0,0.0,0.0,0.0,0.0,0.0,0.0,0.0,0.0,0.0,0.0,0.0,1.0,1.0,0.0,0,0,0,0,0,0,0,0.0,0.0,0.2,0.0
26,1000,0,dpga,rpn,0.18521811068058014,-0.0,global_ddp_mean,2,0.0,2.4236912727355957,2.4236912727355957,0.0,0.0,0.0,0.0,0.0,0.0,0.0,0.0,0.0,0.0,0.0,0.0,0.0,1.0,1.0,0.0,0,0,0,0,0,0,0,0.0,0.0,0.2,0.0
26,1000,0,dpga,roi_shared,0.18521811068058014,-0.0,global_ddp_mean,2,0.0,2.413160800933838,2.413160800933838,0.0,0.0,0.0,0.0,0.0,0.0,0.0,0.0,0.0,0.0,0.0,0.0,0.0,1.0,1.0,0.0,0,0,0,0,0,0,0,0.0,0.0,0.2,0.0
26,1000,0,dpga,roi_cls,0.18521811068058014,-0.0,global_ddp_mean,2,0.0,1.1414551734924316,1.1414551734924316,0.0,0.0,0.0,0.0,0.0,0.0,0.0,0.0,0.0,0.0,0.0,0.0,0.0,1.0,1.0,0.0,0,0,0,0,0,0,0,0.0,0.0,0.2,0.0
26,1000,0,dpga,roi_reg,0.18521811068058014,-0.0,global_ddp_mean,2,0.0,2.9224507808685303,2.9224507808685303,0.0,0.0,0.0,0.0,0.0,0.0,0.0,0.0,0.0,0.0,0.0,0.0,0.0,1.0,1.0,0.0,0,0,0,0,0,0,0,0.0,0.0,0.2,0.0
26,1100,0,dpga,backbone,0.14941100776195526,-0.0,global_ddp_mean,2,0.0,4.426480293273926,4.426480293273926,0.0,0.0,0.0,0.0,0.0,0.0,0.0,0.0,0.0,0.0,0.0,0.0,0.0,1.0,1.0,0.0,0,0,0,0,0,0,0,0.0,0.0,0.2,0.0
26,1100,0,dpga,fpn,0.14941100776195526,-0.0,global_ddp_mean,2,0.0,0.9479719996452332,0.9479719996452332,0.0,0.0,0.0,0.0,0.0,0.0,0.0,0.0,0.0,0.0,0.0,0.0,0.0,1.0,1.0,0.0,0,0,0,0,0,0,0,0.0,0.0,0.2,0.0
26,1100,0,dpga,rpn,0.14941100776195526,-0.0,global_ddp_mean,2,0.0,1.2275488376617432,1.2275488376617432,0.0,0.0,0.0,0.0,0.0,0.0,0.0,0.0,0.0,0.0,0.0,0.0,0.0,1.0,1.0,0.0,0,0,0,0,0,0,0,0.0,0.0,0.2,0.0
26,1100,0,dpga,roi_shared,0.14941100776195526,-0.0,global_ddp_mean,2,0.0,1.7313647270202637,1.7313647270202637,0.0,0.0,0.0,0.0,0.0,0.0,0.0,0.0,0.0,0.0,0.0,0.0,0.0,1.0,1.0,0.0,0,0,0,0,0,0,0,0.0,0.0,0.2,0.0
26,1100,0,dpga,roi_cls,0.14941100776195526,-0.0,global_ddp_mean,2,0.0,1.3967231512069702,1.3967231512069702,0.0,0.0,0.0,0.0,0.0,0.0,0.0,0.0,0.0,0.0,0.0,0.0,0.0,1.0,1.0,0.0,0,0,0,0,0,0,0,0.0,0.0,0.2,0.0
26,1100,0,dpga,roi_reg,0.14941100776195526,-0.0,global_ddp_mean,2,0.0,0.5504857897758484,0.5504857897758484,0.0,0.0,0.0,0.0,0.0,0.0,0.0,0.0,0.0,0.0,0.0,0.0,0.0,1.0,1.0,0.0,0,0,0,0,0,0,0,0.0,0.0,0.2,0.0
26,1200,0,dpga,backbone,0.14695872366428375,0.0,global_ddp_mean,2,0.0,4.436120510101318,4.436120510101318,0.0,0.0,0.0,0.0,0.0,0.0,0.0,0.0,0.0,0.0,0.0,0.0,0.0,1.0,1.0,0.0,0,0,0,0,0,0,0,0.0,0.0,0.2,0.0
26,1200,0,dpga,fpn,0.14695872366428375,0.0,global_ddp_mean,2,0.0,0.699024498462677,0.699024498462677,0.0,0.0,0.0,0.0,0.0,0.0,0.0,0.0,0.0,0.0,0.0,0.0,0.0,1.0,1.0,0.0,0,0,0,0,0,0,0,0.0,0.0,0.2,0.0
26,1200,0,dpga,rpn,0.14695872366428375,0.0,global_ddp_mean,2,0.0,1.3652094602584839,1.3652094602584839,0.0,0.0,0.0,0.0,0.0,0.0,0.0,0.0,0.0,0.0,0.0,0.0,0.0,1.0,1.0,0.0,0,0,0,0,0,0,0,0.0,0.0,0.2,0.0
26,1200,0,dpga,roi_shared,0.14695872366428375,0.0,global_ddp_mean,2,0.0,1.0406404733657837,1.0406404733657837,0.0,0.0,0.0,0.0,0.0,0.0,0.0,0.0,0.0,0.0,0.0,0.0,0.0,1.0,1.0,0.0,0,0,0,0,0,0,0,0.0,0.0,0.2,0.0
26,1200,0,dpga,roi_cls,0.14695872366428375,0.0,global_ddp_mean,2,0.0,0.481179803609848,0.481179803609848,0.0,0.0,0.0,0.0,0.0,0.0,0.0,0.0,0.0,0.0,0.0,0.0,0.0,1.0,1.0,0.0,0,0,0,0,0,0,0,0.0,0.0,0.2,0.0
26,1200,0,dpga,roi_reg,0.14695872366428375,0.0,global_ddp_mean,2,0.0,1.0296518802642822,1.0296518802642822,0.0,0.0,0.0,0.0,0.0,0.0,0.0,0.0,0.0,0.0,0.0,0.0,0.0,1.0,1.0,0.0,0,0,0,0,0,0,0,0.0,0.0,0.2,0.0
26,1300,0,dpga,backbone,0.01972636766731739,-0.0,global_ddp_mean,2,0.0,4.546956539154053,4.546956539154053,0.0,0.0,0.0,0.0,0.0,0.0,0.0,0.0,0.0,0.0,0.0,0.0,0.0,1.0,1.0,0.0,0,0,0,0,0,0,0,0.0,0.0,0.2,0.0
26,1300,0,dpga,fpn,0.01972636766731739,-0.0,global_ddp_mean,2,0.0,0.672888994216919,0.672888994216919,0.0,0.0,0.0,0.0,0.0,0.0,0.0,0.0,0.0,0.0,0.0,0.0,0.0,1.0,1.0,0.0,0,0,0,0,0,0,0,0.0,0.0,0.2,0.0
26,1300,0,dpga,rpn,0.01972636766731739,-0.0,global_ddp_mean,2,0.0,0.6660128831863403,0.6660128831863403,0.0,0.0,0.0,0.0,0.0,0.0,0.0,0.0,0.0,0.0,0.0,0.0,0.0,1.0,1.0,0.0,0,0,0,0,0,0,0,0.0,0.0,0.2,0.0
26,1300,0,dpga,roi_shared,0.01972636766731739,-0.0,global_ddp_mean,2,0.0,1.0203263759613037,1.0203263759613037,0.0,0.0,0.0,0.0,0.0,0.0,0.0,0.0,0.0,0.0,0.0,0.0,0.0,1.0,1.0,0.0,0,0,0,0,0,0,0,0.0,0.0,0.2,0.0
26,1300,0,dpga,roi_cls,0.01972636766731739,-0.0,global_ddp_mean,2,0.0,0.8433846235275269,0.8433846235275269,0.0,0.0,0.0,0.0,0.0,0.0,0.0,0.0,0.0,0.0,0.0,0.0,0.0,1.0,1.0,0.0,0,0,0,0,0,0,0,0.0,0.0,0.2,0.0
26,1300,0,dpga,roi_reg,0.01972636766731739,-0.0,global_ddp_mean,2,0.0,0.0,0.0,0.0,0.0,0.0,0.0,0.0,0.0,0.0,0.0,0.0,0.0,0.0,0.0,0.0,0.0,0.0,90.0,0,0,0,0,0,0,0,0.0,0.0,0.2,0.0
26,1400,0,dpga,backbone,0.2693402171134949,0.0,global_ddp_mean,2,0.0,8.76529598236084,8.76529598236084,0.0,0.0,0.0,0.0,0.0,0.0,0.0,0.0,0.0,0.0,0.0,0.0,0.0,1.0,1.0,0.0,0,0,0,0,0,0,0,0.0,0.0,0.2,0.0
26,1400,0,dpga,fpn,0.2693402171134949,0.0,global_ddp_mean,2,0.0,1.034635305404663,1.034635305404663,0.0,0.0,0.0,0.0,0.0,0.0,0.0,0.0,0.0,0.0,0.0,0.0,0.0,1.0,1.0,0.0,0,0,0,0,0,0,0,0.0,0.0,0.2,0.0
26,1400,0,dpga,rpn,0.2693402171134949,0.0,global_ddp_mean,2,0.0,1.600424885749817,1.600424885749817,0.0,0.0,0.0,0.0,0.0,0.0,0.0,0.0,0.0,0.0,0.0,0.0,0.0,1.0,1.0,0.0,0,0,0,0,0,0,0,0.0,0.0,0.2,0.0
26,1400,0,dpga,roi_shared,0.2693402171134949,0.0,global_ddp_mean,2,0.0,2.2890892028808594,2.2890892028808594,0.0,0.0,0.0,0.0,0.0,0.0,0.0,0.0,0.0,0.0,0.0,0.0,0.0,1.0,1.0,0.0,0,0,0,0,0,0,0,0.0,0.0,0.2,0.0
26,1400,0,dpga,roi_cls,0.2693402171134949,0.0,global_ddp_mean,2,0.0,1.645067811012268,1.645067811012268,0.0,0.0,0.0,0.0,0.0,0.0,0.0,0.0,0.0,0.0,0.0,0.0,0.0,1.0,1.0,0.0,0,0,0,0,0,0,0,0.0,0.0,0.2,0.0
26,1400,0,dpga,roi_reg,0.2693402171134949,0.0,global_ddp_mean,2,0.0,1.8558872938156128,1.8558872938156128,0.0,0.0,0.0,0.0,0.0,0.0,0.0,0.0,0.0,0.0,0.0,0.0,0.0,1.0,1.0,0.0,0,0,0,0,0,0,0,0.0,0.0,0.2,0.0
27,0,0,dpga,backbone,0.011845054104924202,0.0,global_ddp_mean,2,0.0,8.792183876037598,8.792183876037598,0.0,0.0,0.0,0.0,0.0,0.0,0.0,0.0,0.0,0.0,0.0,0.0,0.0,1.0,1.0,0.0,0,0,0,0,0,0,0,0.0,0.0,0.2,0.0
27,0,0,dpga,fpn,0.011845054104924202,0.0,global_ddp_mean,2,0.0,1.531692624092102,1.531692624092102,0.0,0.0,0.0,0.0,0.0,0.0,0.0,0.0,0.0,0.0,0.0,0.0,0.0,1.0,1.0,0.0,0,0,0,0,0,0,0,0.0,0.0,0.2,0.0
27,0,0,dpga,rpn,0.011845054104924202,0.0,global_ddp_mean,2,0.0,1.0740333795547485,1.0740333795547485,0.0,0.0,0.0,0.0,0.0,0.0,0.0,0.0,0.0,0.0,0.0,0.0,0.0,1.0,1.0,0.0,0,0,0,0,0,0,0,0.0,0.0,0.2,0.0
27,0,0,dpga,roi_shared,0.011845054104924202,0.0,global_ddp_mean,2,0.0,2.994680881500244,2.994680881500244,0.0,0.0,0.0,0.0,0.0,0.0,0.0,0.0,0.0,0.0,0.0,0.0,0.0,1.0,1.0,0.0,0,0,0,0,0,0,0,0.0,0.0,0.2,0.0
27,0,0,dpga,roi_cls,0.011845054104924202,0.0,global_ddp_mean,2,0.0,2.8630025386810303,2.8630025386810303,0.0,0.0,0.0,0.0,0.0,0.0,0.0,0.0,0.0,0.0,0.0,0.0,0.0,1.0,1.0,0.0,0,0,0,0,0,0,0,0.0,0.0,0.2,0.0
27,0,0,dpga,roi_reg,0.011845054104924202,0.0,global_ddp_mean,2,0.0,0.0,0.0,0.0,0.0,0.0,0.0,0.0,0.0,0.0,0.0,0.0,0.0,0.0,0.0,0.0,0.0,0.0,90.0,0,0,0,0,0,0,0,0.0,0.0,0.2,0.0
27,100,0,dpga,backbone,0.4051804542541504,-0.0,global_ddp_mean,2,0.0,38.905879974365234,38.905879974365234,0.0,0.0,0.0,0.0,0.0,0.0,0.0,0.0,0.0,0.0,0.0,0.0,0.0,1.0,1.0,0.0,0,0,0,0,0,0,0,0.0,0.0,0.2,0.0
27,100,0,dpga,fpn,0.4051804542541504,-0.0,global_ddp_mean,2,0.0,5.892467975616455,5.892467975616455,0.0,0.0,0.0,0.0,0.0,0.0,0.0,0.0,0.0,0.0,0.0,0.0,0.0,1.0,1.0,0.0,0,0,0,0,0,0,0,0.0,0.0,0.2,0.0
27,100,0,dpga,rpn,0.4051804542541504,-0.0,global_ddp_mean,2,0.0,3.6733477115631104,3.6733477115631104,0.0,0.0,0.0,0.0,0.0,0.0,0.0,0.0,0.0,0.0,0.0,0.0,0.0,1.0,1.0,0.0,0,0,0,0,0,0,0,0.0,0.0,0.2,0.0
27,100,0,dpga,roi_shared,0.4051804542541504,-0.0,global_ddp_mean,2,0.0,12.6571626663208,12.6571626663208,0.0,0.0,0.0,0.0,0.0,0.0,0.0,0.0,0.0,0.0,0.0,0.0,0.0,1.0,1.0,0.0,0,0,0,0,0,0,0,0.0,0.0,0.2,0.0
27,100,0,dpga,roi_cls,0.4051804542541504,-0.0,global_ddp_mean,2,0.0,10.154228210449219,10.154228210449219,0.0,0.0,0.0,0.0,0.0,0.0,0.0,0.0,0.0,0.0,0.0,0.0,0.0,1.0,1.0,0.0,0,0,0,0,0,0,0,0.0,0.0,0.2,0.0
27,100,0,dpga,roi_reg,0.4051804542541504,-0.0,global_ddp_mean,2,0.0,4.724104881286621,4.724104881286621,0.0,0.0,0.0,0.0,0.0,0.0,0.0,0.0,0.0,0.0,0.0,0.0,0.0,1.0,1.0,0.0,0,0,0,0,0,0,0,0.0,0.0,0.2,0.0
27,200,0,dpga,backbone,0.6839609146118164,0.0,global_ddp_mean,2,0.0,37.13844680786133,37.13844680786133,0.0,0.0,0.0,0.0,0.0,0.0,0.0,0.0,0.0,0.0,0.0,0.0,0.0,1.0,1.0,0.0,0,0,0,0,0,0,0,0.0,0.0,0.2,0.0
27,200,0,dpga,fpn,0.6839609146118164,0.0,global_ddp_mean,2,0.0,4.996172904968262,4.996172904968262,0.0,0.0,0.0,0.0,0.0,0.0,0.0,0.0,0.0,0.0,0.0,0.0,0.0,1.0,1.0,0.0,0,0,0,0,0,0,0,0.0,0.0,0.2,0.0
27,200,0,dpga,rpn,0.6839609146118164,0.0,global_ddp_mean,2,0.0,4.793790817260742,4.793790817260742,0.0,0.0,0.0,0.0,0.0,0.0,0.0,0.0,0.0,0.0,0.0,0.0,0.0,1.0,1.0,0.0,0,0,0,0,0,0,0,0.0,0.0,0.2,0.0
27,200,0,dpga,roi_shared,0.6839609146118164,0.0,global_ddp_mean,2,0.0,10.331160545349121,10.331160545349121,0.0,0.0,0.0,0.0,0.0,0.0,0.0,0.0,0.0,0.0,0.0,0.0,0.0,1.0,1.0,0.0,0,0,0,0,0,0,0,0.0,0.0,0.2,0.0
27,200,0,dpga,roi_cls,0.6839609146118164,0.0,global_ddp_mean,2,0.0,9.710378646850586,9.710378646850586,0.0,0.0,0.0,0.0,0.0,0.0,0.0,0.0,0.0,0.0,0.0,0.0,0.0,1.0,1.0,0.0,0,0,0,0,0,0,0,0.0,0.0,0.2,0.0
27,200,0,dpga,roi_reg,0.6839609146118164,0.0,global_ddp_mean,2,0.0,5.516515731811523,5.516515731811523,0.0,0.0,0.0,0.0,0.0,0.0,0.0,0.0,0.0,0.0,0.0,0.0,0.0,1.0,1.0,0.0,0,0,0,0,0,0,0,0.0,0.0,0.2,0.0
27,300,0,dpga,backbone,0.5044609904289246,-0.0,global_ddp_mean,2,0.0,21.920169830322266,21.920169830322266,0.0,0.0,0.0,0.0,0.0,0.0,0.0,0.0,0.0,0.0,0.0,0.0,0.0,1.0,1.0,0.0,0,0,0,0,0,0,0,0.0,0.0,0.2,0.0
27,300,0,dpga,fpn,0.5044609904289246,-0.0,global_ddp_mean,2,0.0,4.97755765914917,4.97755765914917,0.0,0.0,0.0,0.0,0.0,0.0,0.0,0.0,0.0,0.0,0.0,0.0,0.0,1.0,1.0,0.0,0,0,0,0,0,0,0,0.0,0.0,0.2,0.0
27,300,0,dpga,rpn,0.5044609904289246,-0.0,global_ddp_mean,2,0.0,5.367542743682861,5.367542743682861,0.0,0.0,0.0,0.0,0.0,0.0,0.0,0.0,0.0,0.0,0.0,0.0,0.0,1.0,1.0,0.0,0,0,0,0,0,0,0,0.0,0.0,0.2,0.0
27,300,0,dpga,roi_shared,0.5044609904289246,-0.0,global_ddp_mean,2,0.0,8.980805397033691,8.980805397033691,0.0,0.0,0.0,0.0,0.0,0.0,0.0,0.0,0.0,0.0,0.0,0.0,0.0,1.0,1.0,0.0,0,0,0,0,0,0,0,0.0,0.0,0.2,0.0
27,300,0,dpga,roi_cls,0.5044609904289246,-0.0,global_ddp_mean,2,0.0,6.073218822479248,6.073218822479248,0.0,0.0,0.0,0.0,0.0,0.0,0.0,0.0,0.0,0.0,0.0,0.0,0.0,1.0,1.0,0.0,0,0,0,0,0,0,0,0.0,0.0,0.2,0.0
27,300,0,dpga,roi_reg,0.5044609904289246,-0.0,global_ddp_mean,2,0.0,6.316257953643799,6.316257953643799,0.0,0.0,0.0,0.0,0.0,0.0,0.0,0.0,0.0,0.0,0.0,0.0,0.0,1.0,1.0,0.0,0,0,0,0,0,0,0,0.0,0.0,0.2,0.0
27,400,0,dpga,backbone,0.17311935126781464,0.0,global_ddp_mean,2,0.0,7.397312641143799,7.397312641143799,0.0,0.0,0.0,0.0,0.0,0.0,0.0,0.0,0.0,0.0,0.0,0.0,0.0,1.0,1.0,0.0,0,0,0,0,0,0,0,0.0,0.0,0.2,0.0
27,400,0,dpga,fpn,0.17311935126781464,0.0,global_ddp_mean,2,0.0,1.2459369897842407,1.2459369897842407,0.0,0.0,0.0,0.0,0.0,0.0,0.0,0.0,0.0,0.0,0.0,0.0,0.0,1.0,1.0,0.0,0,0,0,0,0,0,0,0.0,0.0,0.2,0.0
27,400,0,dpga,rpn,0.17311935126781464,0.0,global_ddp_mean,2,0.0,0.7939122915267944,0.7939122915267944,0.0,0.0,0.0,0.0,0.0,0.0,0.0,0.0,0.0,0.0,0.0,0.0,0.0,1.0,1.0,0.0,0,0,0,0,0,0,0,0.0,0.0,0.2,0.0
27,400,0,dpga,roi_shared,0.17311935126781464,0.0,global_ddp_mean,2,0.0,2.717167854309082,2.717167854309082,0.0,0.0,0.0,0.0,0.0,0.0,0.0,0.0,0.0,0.0,0.0,0.0,0.0,1.0,1.0,0.0,0,0,0,0,0,0,0,0.0,0.0,0.2,0.0
27,400,0,dpga,roi_cls,0.17311935126781464,0.0,global_ddp_mean,2,0.0,2.5514423847198486,2.5514423847198486,0.0,0.0,0.0,0.0,0.0,0.0,0.0,0.0,0.0,0.0,0.0,0.0,0.0,1.0,1.0,0.0,0,0,0,0,0,0,0,0.0,0.0,0.2,0.0
27,400,0,dpga,roi_reg,0.17311935126781464,0.0,global_ddp_mean,2,0.0,0.8504952192306519,0.8504952192306519,0.0,0.0,0.0,0.0,0.0,0.0,0.0,0.0,0.0,0.0,0.0,0.0,0.0,1.0,1.0,0.0,0,0,0,0,0,0,0,0.0,0.0,0.2,0.0
27,500,0,dpga,backbone,0.37764978408813477,0.0,global_ddp_mean,2,0.0,18.892555236816406,18.892555236816406,0.0,0.0,0.0,0.0,0.0,0.0,0.0,0.0,0.0,0.0,0.0,0.0,0.0,1.0,1.0,0.0,0,0,0,0,0,0,0,0.0,0.0,0.2,0.0
27,500,0,dpga,fpn,0.37764978408813477,0.0,global_ddp_mean,2,0.0,4.306859016418457,4.306859016418457,0.0,0.0,0.0,0.0,0.0,0.0,0.0,0.0,0.0,0.0,0.0,0.0,0.0,1.0,1.0,0.0,0,0,0,0,0,0,0,0.0,0.0,0.2,0.0
27,500,0,dpga,rpn,0.37764978408813477,0.0,global_ddp_mean,2,0.0,3.611427068710327,3.611427068710327,0.0,0.0,0.0,0.0,0.0,0.0,0.0,0.0,0.0,0.0,0.0,0.0,0.0,1.0,1.0,0.0,0,0,0,0,0,0,0,0.0,0.0,0.2,0.0
27,500,0,dpga,roi_shared,0.37764978408813477,0.0,global_ddp_mean,2,0.0,8.881153106689453,8.881153106689453,0.0,0.0,0.0,0.0,0.0,0.0,0.0,0.0,0.0,0.0,0.0,0.0,0.0,1.0,1.0,0.0,0,0,0,0,0,0,0,0.0,0.0,0.2,0.0
27,500,0,dpga,roi_cls,0.37764978408813477,0.0,global_ddp_mean,2,0.0,5.8720173835754395,5.8720173835754395,0.0,0.0,0.0,0.0,0.0,0.0,0.0,0.0,0.0,0.0,0.0,0.0,0.0,1.0,1.0,0.0,0,0,0,0,0,0,0,0.0,0.0,0.2,0.0
27,500,0,dpga,roi_reg,0.37764978408813477,0.0,global_ddp_mean,2,0.0,7.199435234069824,7.199435234069824,0.0,0.0,0.0,0.0,0.0,0.0,0.0,0.0,0.0,0.0,0.0,0.0,0.0,1.0,1.0,0.0,0,0,0,0,0,0,0,0.0,0.0,0.2,0.0
27,600,0,dpga,backbone,0.09168978780508041,0.0,global_ddp_mean,2,0.0,16.13507080078125,16.13507080078125,0.0,0.0,0.0,0.0,0.0,0.0,0.0,0.0,0.0,0.0,0.0,0.0,0.0,1.0,1.0,0.0,0,0,0,0,0,0,0,0.0,0.0,0.2,0.0
27,600,0,dpga,fpn,0.09168978780508041,0.0,global_ddp_mean,2,0.0,3.232661485671997,3.232661485671997,0.0,0.0,0.0,0.0,0.0,0.0,0.0,0.0,0.0,0.0,0.0,0.0,0.0,1.0,1.0,0.0,0,0,0,0,0,0,0,0.0,0.0,0.2,0.0
27,600,0,dpga,rpn,0.09168978780508041,0.0,global_ddp_mean,2,0.0,1.4011502265930176,1.4011502265930176,0.0,0.0,0.0,0.0,0.0,0.0,0.0,0.0,0.0,0.0,0.0,0.0,0.0,1.0,1.0,0.0,0,0,0,0,0,0,0,0.0,0.0,0.2,0.0
27,600,0,dpga,roi_shared,0.09168978780508041,0.0,global_ddp_mean,2,0.0,7.317188262939453,7.317188262939453,0.0,0.0,0.0,0.0,0.0,0.0,0.0,0.0,0.0,0.0,0.0,0.0,0.0,1.0,1.0,0.0,0,0,0,0,0,0,0,0.0,0.0,0.2,0.0
27,600,0,dpga,roi_cls,0.09168978780508041,0.0,global_ddp_mean,2,0.0,5.207302093505859,5.207302093505859,0.0,0.0,0.0,0.0,0.0,0.0,0.0,0.0,0.0,0.0,0.0,0.0,0.0,1.0,1.0,0.0,0,0,0,0,0,0,0,0.0,0.0,0.2,0.0
27,600,0,dpga,roi_reg,0.09168978780508041,0.0,global_ddp_mean,2,0.0,3.318613052368164,3.318613052368164,0.0,0.0,0.0,0.0,0.0,0.0,0.0,0.0,0.0,0.0,0.0,0.0,0.0,1.0,1.0,0.0,0,0,0,0,0,0,0,0.0,0.0,0.2,0.0
27,700,0,dpga,backbone,0.1569739580154419,-0.0,global_ddp_mean,2,0.0,14.027759552001953,14.027759552001953,0.0,0.0,0.0,0.0,0.0,0.0,0.0,0.0,0.0,0.0,0.0,0.0,0.0,1.0,1.0,0.0,0,0,0,0,0,0,0,0.0,0.0,0.2,0.0
27,700,0,dpga,fpn,0.1569739580154419,-0.0,global_ddp_mean,2,0.0,2.5867204666137695,2.5867204666137695,0.0,0.0,0.0,0.0,0.0,0.0,0.0,0.0,0.0,0.0,0.0,0.0,0.0,1.0,1.0,0.0,0,0,0,0,0,0,0,0.0,0.0,0.2,0.0
27,700,0,dpga,rpn,0.1569739580154419,-0.0,global_ddp_mean,2,0.0,1.87411630153656,1.87411630153656,0.0,0.0,0.0,0.0,0.0,0.0,0.0,0.0,0.0,0.0,0.0,0.0,0.0,1.0,1.0,0.0,0,0,0,0,0,0,0,0.0,0.0,0.2,0.0
27,700,0,dpga,roi_shared,0.1569739580154419,-0.0,global_ddp_mean,2,0.0,5.226049423217773,5.226049423217773,0.0,0.0,0.0,0.0,0.0,0.0,0.0,0.0,0.0,0.0,0.0,0.0,0.0,1.0,1.0,0.0,0,0,0,0,0,0,0,0.0,0.0,0.2,0.0
27,700,0,dpga,roi_cls,0.1569739580154419,-0.0,global_ddp_mean,2,0.0,2.1344504356384277,2.1344504356384277,0.0,0.0,0.0,0.0,0.0,0.0,0.0,0.0,0.0,0.0,0.0,0.0,0.0,1.0,1.0,0.0,0,0,0,0,0,0,0,0.0,0.0,0.2,0.0
27,700,0,dpga,roi_reg,0.1569739580154419,-0.0,global_ddp_mean,2,0.0,7.658238887786865,7.658238887786865,0.0,0.0,0.0,0.0,0.0,0.0,0.0,0.0,0.0,0.0,0.0,0.0,0.0,1.0,1.0,0.0,0,0,0,0,0,0,0,0.0,0.0,0.2,0.0
27,800,0,dpga,backbone,0.2418399602174759,-0.0,global_ddp_mean,2,0.0,30.90659523010254,30.90659523010254,0.0,0.0,0.0,0.0,0.0,0.0,0.0,0.0,0.0,0.0,0.0,0.0,0.0,1.0,1.0,0.0,0,0,0,0,0,0,0,0.0,0.0,0.2,0.0
27,800,0,dpga,fpn,0.2418399602174759,-0.0,global_ddp_mean,2,0.0,4.620446681976318,4.620446681976318,0.0,0.0,0.0,0.0,0.0,0.0,0.0,0.0,0.0,0.0,0.0,0.0,0.0,1.0,1.0,0.0,0,0,0,0,0,0,0,0.0,0.0,0.2,0.0
27,800,0,dpga,rpn,0.2418399602174759,-0.0,global_ddp_mean,2,0.0,2.1126561164855957,2.1126561164855957,0.0,0.0,0.0,0.0,0.0,0.0,0.0,0.0,0.0,0.0,0.0,0.0,0.0,1.0,1.0,0.0,0,0,0,0,0,0,0,0.0,0.0,0.2,0.0
27,800,0,dpga,roi_shared,0.2418399602174759,-0.0,global_ddp_mean,2,0.0,9.29731559753418,9.29731559753418,0.0,0.0,0.0,0.0,0.0,0.0,0.0,0.0,0.0,0.0,0.0,0.0,0.0,1.0,1.0,0.0,0,0,0,0,0,0,0,0.0,0.0,0.2,0.0
27,800,0,dpga,roi_cls,0.2418399602174759,-0.0,global_ddp_mean,2,0.0,6.842478275299072,6.842478275299072,0.0,0.0,0.0,0.0,0.0,0.0,0.0,0.0,0.0,0.0,0.0,0.0,0.0,1.0,1.0,0.0,0,0,0,0,0,0,0,0.0,0.0,0.2,0.0
27,800,0,dpga,roi_reg,0.2418399602174759,-0.0,global_ddp_mean,2,0.0,2.648993968963623,2.648993968963623,0.0,0.0,0.0,0.0,0.0,0.0,0.0,0.0,0.0,0.0,0.0,0.0,0.0,1.0,1.0,0.0,0,0,0,0,0,0,0,0.0,0.0,0.2,0.0
27,900,0,dpga,backbone,0.18955962359905243,0.0,global_ddp_mean,2,0.0,8.402600288391113,8.402600288391113,0.0,0.0,0.0,0.0,0.0,0.0,0.0,0.0,0.0,0.0,0.0,0.0,0.0,1.0,1.0,0.0,0,0,0,0,0,0,0,0.0,0.0,0.2,0.0
27,900,0,dpga,fpn,0.18955962359905243,0.0,global_ddp_mean,2,0.0,1.298077940940857,1.298077940940857,0.0,0.0,0.0,0.0,0.0,0.0,0.0,0.0,0.0,0.0,0.0,0.0,0.0,1.0,1.0,0.0,0,0,0,0,0,0,0,0.0,0.0,0.2,0.0
27,900,0,dpga,rpn,0.18955962359905243,0.0,global_ddp_mean,2,0.0,2.510746955871582,2.510746955871582,0.0,0.0,0.0,0.0,0.0,0.0,0.0,0.0,0.0,0.0,0.0,0.0,0.0,1.0,1.0,0.0,0,0,0,0,0,0,0,0.0,0.0,0.2,0.0
27,900,0,dpga,roi_shared,0.18955962359905243,0.0,global_ddp_mean,2,0.0,2.8131890296936035,2.8131890296936035,0.0,0.0,0.0,0.0,0.0,0.0,0.0,0.0,0.0,0.0,0.0,0.0,0.0,1.0,1.0,0.0,0,0,0,0,0,0,0,0.0,0.0,0.2,0.0
27,900,0,dpga,roi_cls,0.18955962359905243,0.0,global_ddp_mean,2,0.0,2.2297163009643555,2.2297163009643555,0.0,0.0,0.0,0.0,0.0,0.0,0.0,0.0,0.0,0.0,0.0,0.0,0.0,1.0,1.0,0.0,0,0,0,0,0,0,0,0.0,0.0,0.2,0.0
27,900,0,dpga,roi_reg,0.18955962359905243,0.0,global_ddp_mean,2,0.0,1.8734674453735352,1.8734674453735352,0.0,0.0,0.0,0.0,0.0,0.0,0.0,0.0,0.0,0.0,0.0,0.0,0.0,1.0,1.0,0.0,0,0,0,0,0,0,0,0.0,0.0,0.2,0.0
27,1000,0,dpga,backbone,0.3595079183578491,0.0,global_ddp_mean,2,0.0,13.713458061218262,13.713458061218262,0.0,0.0,0.0,0.0,0.0,0.0,0.0,0.0,0.0,0.0,0.0,0.0,0.0,1.0,1.0,0.0,0,0,0,0,0,0,0,0.0,0.0,0.2,0.0
27,1000,0,dpga,fpn,0.3595079183578491,0.0,global_ddp_mean,2,0.0,2.415771007537842,2.415771007537842,0.0,0.0,0.0,0.0,0.0,0.0,0.0,0.0,0.0,0.0,0.0,0.0,0.0,1.0,1.0,0.0,0,0,0,0,0,0,0,0.0,0.0,0.2,0.0
27,1000,0,dpga,rpn,0.3595079183578491,0.0,global_ddp_mean,2,0.0,1.863528847694397,1.863528847694397,0.0,0.0,0.0,0.0,0.0,0.0,0.0,0.0,0.0,0.0,0.0,0.0,0.0,1.0,1.0,0.0,0,0,0,0,0,0,0,0.0,0.0,0.2,0.0
27,1000,0,dpga,roi_shared,0.3595079183578491,0.0,global_ddp_mean,2,0.0,4.650616645812988,4.650616645812988,0.0,0.0,0.0,0.0,0.0,0.0,0.0,0.0,0.0,0.0,0.0,0.0,0.0,1.0,1.0,0.0,0,0,0,0,0,0,0,0.0,0.0,0.2,0.0
27,1000,0,dpga,roi_cls,0.3595079183578491,0.0,global_ddp_mean,2,0.0,2.670968770980835,2.670968770980835,0.0,0.0,0.0,0.0,0.0,0.0,0.0,0.0,0.0,0.0,0.0,0.0,0.0,1.0,1.0,0.0,0,0,0,0,0,0,0,0.0,0.0,0.2,0.0
27,1000,0,dpga,roi_reg,0.3595079183578491,0.0,global_ddp_mean,2,0.0,0.9871041178703308,0.9871041178703308,0.0,0.0,0.0,0.0,0.0,0.0,0.0,0.0,0.0,0.0,0.0,0.0,0.0,1.0,1.0,0.0,0,0,0,0,0,0,0,0.0,0.0,0.2,0.0
27,1100,0,dpga,backbone,0.35251671075820923,0.0,global_ddp_mean,2,0.0,11.207695960998535,11.207695960998535,0.0,0.0,0.0,0.0,0.0,0.0,0.0,0.0,0.0,0.0,0.0,0.0,0.0,1.0,1.0,0.0,0,0,0,0,0,0,0,0.0,0.0,0.2,0.0
27,1100,0,dpga,fpn,0.35251671075820923,0.0,global_ddp_mean,2,0.0,1.2911980152130127,1.2911980152130127,0.0,0.0,0.0,0.0,0.0,0.0,0.0,0.0,0.0,0.0,0.0,0.0,0.0,1.0,1.0,0.0,0,0,0,0,0,0,0,0.0,0.0,0.2,0.0
27,1100,0,dpga,rpn,0.35251671075820923,0.0,global_ddp_mean,2,0.0,1.4782700538635254,1.4782700538635254,0.0,0.0,0.0,0.0,0.0,0.0,0.0,0.0,0.0,0.0,0.0,0.0,0.0,1.0,1.0,0.0,0,0,0,0,0,0,0,0.0,0.0,0.2,0.0
27,1100,0,dpga,roi_shared,0.35251671075820923,0.0,global_ddp_mean,2,0.0,2.5984387397766113,2.5984387397766113,0.0,0.0,0.0,0.0,0.0,0.0,0.0,0.0,0.0,0.0,0.0,0.0,0.0,1.0,1.0,0.0,0,0,0,0,0,0,0,0.0,0.0,0.2,0.0
27,1100,0,dpga,roi_cls,0.35251671075820923,0.0,global_ddp_mean,2,0.0,1.6859514713287354,1.6859514713287354,0.0,0.0,0.0,0.0,0.0,0.0,0.0,0.0,0.0,0.0,0.0,0.0,0.0,1.0,1.0,0.0,0,0,0,0,0,0,0,0.0,0.0,0.2,0.0
27,1100,0,dpga,roi_reg,0.35251671075820923,0.0,global_ddp_mean,2,0.0,2.5593864917755127,2.5593864917755127,0.0,0.0,0.0,0.0,0.0,0.0,0.0,0.0,0.0,0.0,0.0,0.0,0.0,1.0,1.0,0.0,0,0,0,0,0,0,0,0.0,0.0,0.2,0.0
27,1200,0,dpga,backbone,0.14710505306720734,-0.0,global_ddp_mean,2,0.0,12.423970222473145,12.423970222473145,0.0,0.0,0.0,0.0,0.0,0.0,0.0,0.0,0.0,0.0,0.0,0.0,0.0,1.0,1.0,0.0,0,0,0,0,0,0,0,0.0,0.0,0.2,0.0
27,1200,0,dpga,fpn,0.14710505306720734,-0.0,global_ddp_mean,2,0.0,1.4995561838150024,1.4995561838150024,0.0,0.0,0.0,0.0,0.0,0.0,0.0,0.0,0.0,0.0,0.0,0.0,0.0,1.0,1.0,0.0,0,0,0,0,0,0,0,0.0,0.0,0.2,0.0
27,1200,0,dpga,rpn,0.14710505306720734,-0.0,global_ddp_mean,2,0.0,0.6639769077301025,0.6639769077301025,0.0,0.0,0.0,0.0,0.0,0.0,0.0,0.0,0.0,0.0,0.0,0.0,0.0,1.0,1.0,0.0,0,0,0,0,0,0,0,0.0,0.0,0.2,0.0
27,1200,0,dpga,roi_shared,0.14710505306720734,-0.0,global_ddp_mean,2,0.0,3.0825612545013428,3.0825612545013428,0.0,0.0,0.0,0.0,0.0,0.0,0.0,0.0,0.0,0.0,0.0,0.0,0.0,1.0,1.0,0.0,0,0,0,0,0,0,0,0.0,0.0,0.2,0.0
27,1200,0,dpga,roi_cls,0.14710505306720734,-0.0,global_ddp_mean,2,0.0,2.4263229370117188,2.4263229370117188,0.0,0.0,0.0,0.0,0.0,0.0,0.0,0.0,0.0,0.0,0.0,0.0,0.0,1.0,1.0,0.0,0,0,0,0,0,0,0,0.0,0.0,0.2,0.0
27,1200,0,dpga,roi_reg,0.14710505306720734,-0.0,global_ddp_mean,2,0.0,0.9488597512245178,0.9488597512245178,0.0,0.0,0.0,0.0,0.0,0.0,0.0,0.0,0.0,0.0,0.0,0.0,0.0,1.0,1.0,0.0,0,0,0,0,0,0,0,0.0,0.0,0.2,0.0
27,1300,0,dpga,backbone,0.9074087738990784,0.0,global_ddp_mean,2,0.0,43.00704574584961,43.00704574584961,0.0,0.0,0.0,0.0,0.0,0.0,0.0,0.0,0.0,0.0,0.0,0.0,0.0,1.0,1.0,0.0,0,0,0,0,0,0,0,0.0,0.0,0.2,0.0
27,1300,0,dpga,fpn,0.9074087738990784,0.0,global_ddp_mean,2,0.0,5.4504594802856445,5.4504594802856445,0.0,0.0,0.0,0.0,0.0,0.0,0.0,0.0,0.0,0.0,0.0,0.0,0.0,1.0,1.0,0.0,0,0,0,0,0,0,0,0.0,0.0,0.2,0.0
27,1300,0,dpga,rpn,0.9074087738990784,0.0,global_ddp_mean,2,0.0,3.0235517024993896,3.0235517024993896,0.0,0.0,0.0,0.0,0.0,0.0,0.0,0.0,0.0,0.0,0.0,0.0,0.0,1.0,1.0,0.0,0,0,0,0,0,0,0,0.0,0.0,0.2,0.0
27,1300,0,dpga,roi_shared,0.9074087738990784,0.0,global_ddp_mean,2,0.0,11.88468074798584,11.88468074798584,0.0,0.0,0.0,0.0,0.0,0.0,0.0,0.0,0.0,0.0,0.0,0.0,0.0,1.0,1.0,0.0,0,0,0,0,0,0,0,0.0,0.0,0.2,0.0
27,1300,0,dpga,roi_cls,0.9074087738990784,0.0,global_ddp_mean,2,0.0,10.897100448608398,10.897100448608398,0.0,0.0,0.0,0.0,0.0,0.0,0.0,0.0,0.0,0.0,0.0,0.0,0.0,1.0,1.0,0.0,0,0,0,0,0,0,0,0.0,0.0,0.2,0.0
27,1300,0,dpga,roi_reg,0.9074087738990784,0.0,global_ddp_mean,2,0.0,3.457075357437134,3.457075357437134,0.0,0.0,0.0,0.0,0.0,0.0,0.0,0.0,0.0,0.0,0.0,0.0,0.0,1.0,1.0,0.0,0,0,0,0,0,0,0,0.0,0.0,0.2,0.0
27,1400,0,dpga,backbone,0.011860133148729801,0.0,global_ddp_mean,2,0.0,5.831162452697754,5.831162452697754,0.0,0.0,0.0,0.0,0.0,0.0,0.0,0.0,0.0,0.0,0.0,0.0,0.0,1.0,1.0,0.0,0,0,0,0,0,0,0,0.0,0.0,0.2,0.0
27,1400,0,dpga,fpn,0.011860133148729801,0.0,global_ddp_mean,2,0.0,1.0493053197860718,1.0493053197860718,0.0,0.0,0.0,0.0,0.0,0.0,0.0,0.0,0.0,0.0,0.0,0.0,0.0,1.0,1.0,0.0,0,0,0,0,0,0,0,0.0,0.0,0.2,0.0
27,1400,0,dpga,rpn,0.011860133148729801,0.0,global_ddp_mean,2,0.0,0.9678688049316406,0.9678688049316406,0.0,0.0,0.0,0.0,0.0,0.0,0.0,0.0,0.0,0.0,0.0,0.0,0.0,1.0,1.0,0.0,0,0,0,0,0,0,0,0.0,0.0,0.2,0.0
27,1400,0,dpga,roi_shared,0.011860133148729801,0.0,global_ddp_mean,2,0.0,1.9008829593658447,1.9008829593658447,0.0,0.0,0.0,0.0,0.0,0.0,0.0,0.0,0.0,0.0,0.0,0.0,0.0,1.0,1.0,0.0,0,0,0,0,0,0,0,0.0,0.0,0.2,0.0
27,1400,0,dpga,roi_cls,0.011860133148729801,0.0,global_ddp_mean,2,0.0,1.679592251777649,1.679592251777649,0.0,0.0,0.0,0.0,0.0,0.0,0.0,0.0,0.0,0.0,0.0,0.0,0.0,1.0,1.0,0.0,0,0,0,0,0,0,0,0.0,0.0,0.2,0.0
27,1400,0,dpga,roi_reg,0.011860133148729801,0.0,global_ddp_mean,2,0.0,0.0,0.0,0.0,0.0,0.0,0.0,0.0,0.0,0.0,0.0,0.0,0.0,0.0,0.0,0.0,0.0,0.0,90.0,0,0,0,0,0,0,0,0.0,0.0,0.2,0.0
28,0,0,dpga,backbone,0.17469386756420135,-0.0,global_ddp_mean,2,0.0,63.927425384521484,63.927425384521484,0.0,0.0,0.0,0.0,0.0,0.0,0.0,0.0,0.0,0.0,0.0,0.0,0.0,1.0,1.0,0.0,0,0,0,0,0,0,0,0.0,0.0,0.2,0.0
28,0,0,dpga,fpn,0.17469386756420135,-0.0,global_ddp_mean,2,0.0,5.530318737030029,5.530318737030029,0.0,0.0,0.0,0.0,0.0,0.0,0.0,0.0,0.0,0.0,0.0,0.0,0.0,1.0,1.0,0.0,0,0,0,0,0,0,0,0.0,0.0,0.2,0.0
28,0,0,dpga,rpn,0.17469386756420135,-0.0,global_ddp_mean,2,0.0,6.98647403717041,6.98647403717041,0.0,0.0,0.0,0.0,0.0,0.0,0.0,0.0,0.0,0.0,0.0,0.0,0.0,1.0,1.0,0.0,0,0,0,0,0,0,0,0.0,0.0,0.2,0.0
28,0,0,dpga,roi_shared,0.17469386756420135,-0.0,global_ddp_mean,2,0.0,11.87368106842041,11.87368106842041,0.0,0.0,0.0,0.0,0.0,0.0,0.0,0.0,0.0,0.0,0.0,0.0,0.0,1.0,1.0,0.0,0,0,0,0,0,0,0,0.0,0.0,0.2,0.0
28,0,0,dpga,roi_cls,0.17469386756420135,-0.0,global_ddp_mean,2,0.0,13.373909950256348,13.373909950256348,0.0,0.0,0.0,0.0,0.0,0.0,0.0,0.0,0.0,0.0,0.0,0.0,0.0,1.0,1.0,0.0,0,0,0,0,0,0,0,0.0,0.0,0.2,0.0
28,0,0,dpga,roi_reg,0.17469386756420135,-0.0,global_ddp_mean,2,0.0,3.2240755558013916,3.2240755558013916,0.0,0.0,0.0,0.0,0.0,0.0,0.0,0.0,0.0,0.0,0.0,0.0,0.0,1.0,1.0,0.0,0,0,0,0,0,0,0,0.0,0.0,0.2,0.0
28,100,0,dpga,backbone,0.024378087371587753,0.0,global_ddp_mean,2,0.0,11.293404579162598,11.293404579162598,0.0,0.0,0.0,0.0,0.0,0.0,0.0,0.0,0.0,0.0,0.0,0.0,0.0,1.0,1.0,0.0,0,0,0,0,0,0,0,0.0,0.0,0.2,0.0
28,100,0,dpga,fpn,0.024378087371587753,0.0,global_ddp_mean,2,0.0,1.346564769744873,1.346564769744873,0.0,0.0,0.0,0.0,0.0,0.0,0.0,0.0,0.0,0.0,0.0,0.0,0.0,1.0,1.0,0.0,0,0,0,0,0,0,0,0.0,0.0,0.2,0.0
28,100,0,dpga,rpn,0.024378087371587753,0.0,global_ddp_mean,2,0.0,2.176694631576538,2.176694631576538,0.0,0.0,0.0,0.0,0.0,0.0,0.0,0.0,0.0,0.0,0.0,0.0,0.0,1.0,1.0,0.0,0,0,0,0,0,0,0,0.0,0.0,0.2,0.0
28,100,0,dpga,roi_shared,0.024378087371587753,0.0,global_ddp_mean,2,0.0,2.708303213119507,2.708303213119507,0.0,0.0,0.0,0.0,0.0,0.0,0.0,0.0,0.0,0.0,0.0,0.0,0.0,1.0,1.0,0.0,0,0,0,0,0,0,0,0.0,0.0,0.2,0.0
28,100,0,dpga,roi_cls,0.024378087371587753,0.0,global_ddp_mean,2,0.0,1.080827236175537,1.080827236175537,0.0,0.0,0.0,0.0,0.0,0.0,0.0,0.0,0.0,0.0,0.0,0.0,0.0,1.0,1.0,0.0,0,0,0,0,0,0,0,0.0,0.0,0.2,0.0
28,100,0,dpga,roi_reg,0.024378087371587753,0.0,global_ddp_mean,2,0.0,3.920217514038086,3.920217514038086,0.0,0.0,0.0,0.0,0.0,0.0,0.0,0.0,0.0,0.0,0.0,0.0,0.0,1.0,1.0,0.0,0,0,0,0,0,0,0,0.0,0.0,0.2,0.0
28,200,0,dpga,backbone,0.12348657846450806,-0.0,global_ddp_mean,2,0.0,11.78884220123291,11.78884220123291,0.0,0.0,0.0,0.0,0.0,0.0,0.0,0.0,0.0,0.0,0.0,0.0,0.0,1.0,1.0,0.0,0,0,0,0,0,0,0,0.0,0.0,0.2,0.0
28,200,0,dpga,fpn,0.12348657846450806,-0.0,global_ddp_mean,2,0.0,1.3824760913848877,1.3824760913848877,0.0,0.0,0.0,0.0,0.0,0.0,0.0,0.0,0.0,0.0,0.0,0.0,0.0,1.0,1.0,0.0,0,0,0,0,0,0,0,0.0,0.0,0.2,0.0
28,200,0,dpga,rpn,0.12348657846450806,-0.0,global_ddp_mean,2,0.0,3.1893744468688965,3.1893744468688965,0.0,0.0,0.0,0.0,0.0,0.0,0.0,0.0,0.0,0.0,0.0,0.0,0.0,1.0,1.0,0.0,0,0,0,0,0,0,0,0.0,0.0,0.2,0.0
28,200,0,dpga,roi_shared,0.12348657846450806,-0.0,global_ddp_mean,2,0.0,2.334770679473877,2.334770679473877,0.0,0.0,0.0,0.0,0.0,0.0,0.0,0.0,0.0,0.0,0.0,0.0,0.0,1.0,1.0,0.0,0,0,0,0,0,0,0,0.0,0.0,0.2,0.0
28,200,0,dpga,roi_cls,0.12348657846450806,-0.0,global_ddp_mean,2,0.0,1.3216123580932617,1.3216123580932617,0.0,0.0,0.0,0.0,0.0,0.0,0.0,0.0,0.0,0.0,0.0,0.0,0.0,1.0,1.0,0.0,0,0,0,0,0,0,0,0.0,0.0,0.2,0.0
28,200,0,dpga,roi_reg,0.12348657846450806,-0.0,global_ddp_mean,2,0.0,2.4837169647216797,2.4837169647216797,0.0,0.0,0.0,0.0,0.0,0.0,0.0,0.0,0.0,0.0,0.0,0.0,0.0,1.0,1.0,0.0,0,0,0,0,0,0,0,0.0,0.0,0.2,0.0
28,300,0,dpga,backbone,0.10796131193637848,0.0,global_ddp_mean,2,0.0,10.40803337097168,10.40803337097168,0.0,0.0,0.0,0.0,0.0,0.0,0.0,0.0,0.0,0.0,0.0,0.0,0.0,1.0,1.0,0.0,0,0,0,0,0,0,0,0.0,0.0,0.2,0.0
28,300,0,dpga,fpn,0.10796131193637848,0.0,global_ddp_mean,2,0.0,1.3699431419372559,1.3699431419372559,0.0,0.0,0.0,0.0,0.0,0.0,0.0,0.0,0.0,0.0,0.0,0.0,0.0,1.0,1.0,0.0,0,0,0,0,0,0,0,0.0,0.0,0.2,0.0
28,300,0,dpga,rpn,0.10796131193637848,0.0,global_ddp_mean,2,0.0,2.474522113800049,2.474522113800049,0.0,0.0,0.0,0.0,0.0,0.0,0.0,0.0,0.0,0.0,0.0,0.0,0.0,1.0,1.0,0.0,0,0,0,0,0,0,0,0.0,0.0,0.2,0.0
28,300,0,dpga,roi_shared,0.10796131193637848,0.0,global_ddp_mean,2,0.0,2.213357448577881,2.213357448577881,0.0,0.0,0.0,0.0,0.0,0.0,0.0,0.0,0.0,0.0,0.0,0.0,0.0,1.0,1.0,0.0,0,0,0,0,0,0,0,0.0,0.0,0.2,0.0
28,300,0,dpga,roi_cls,0.10796131193637848,0.0,global_ddp_mean,2,0.0,1.1810213327407837,1.1810213327407837,0.0,0.0,0.0,0.0,0.0,0.0,0.0,0.0,0.0,0.0,0.0,0.0,0.0,1.0,1.0,0.0,0,0,0,0,0,0,0,0.0,0.0,0.2,0.0
28,300,0,dpga,roi_reg,0.10796131193637848,0.0,global_ddp_mean,2,0.0,0.8229906558990479,0.8229906558990479,0.0,0.0,0.0,0.0,0.0,0.0,0.0,0.0,0.0,0.0,0.0,0.0,0.0,1.0,1.0,0.0,0,0,0,0,0,0,0,0.0,0.0,0.2,0.0
28,400,0,dpga,backbone,0.14857757091522217,0.0,global_ddp_mean,2,0.0,6.50982666015625,6.50982666015625,0.0,0.0,0.0,0.0,0.0,0.0,0.0,0.0,0.0,0.0,0.0,0.0,0.0,1.0,1.0,0.0,0,0,0,0,0,0,0,0.0,0.0,0.2,0.0
28,400,0,dpga,fpn,0.14857757091522217,0.0,global_ddp_mean,2,0.0,1.1137938499450684,1.1137938499450684,0.0,0.0,0.0,0.0,0.0,0.0,0.0,0.0,0.0,0.0,0.0,0.0,0.0,1.0,1.0,0.0,0,0,0,0,0,0,0,0.0,0.0,0.2,0.0
28,400,0,dpga,rpn,0.14857757091522217,0.0,global_ddp_mean,2,0.0,1.3882074356079102,1.3882074356079102,0.0,0.0,0.0,0.0,0.0,0.0,0.0,0.0,0.0,0.0,0.0,0.0,0.0,1.0,1.0,0.0,0,0,0,0,0,0,0,0.0,0.0,0.2,0.0
28,400,0,dpga,roi_shared,0.14857757091522217,0.0,global_ddp_mean,2,0.0,2.4296417236328125,2.4296417236328125,0.0,0.0,0.0,0.0,0.0,0.0,0.0,0.0,0.0,0.0,0.0,0.0,0.0,1.0,1.0,0.0,0,0,0,0,0,0,0,0.0,0.0,0.2,0.0
28,400,0,dpga,roi_cls,0.14857757091522217,0.0,global_ddp_mean,2,0.0,2.295177936553955,2.295177936553955,0.0,0.0,0.0,0.0,0.0,0.0,0.0,0.0,0.0,0.0,0.0,0.0,0.0,1.0,1.0,0.0,0,0,0,0,0,0,0,0.0,0.0,0.2,0.0
28,400,0,dpga,roi_reg,0.14857757091522217,0.0,global_ddp_mean,2,0.0,2.0266823768615723,2.0266823768615723,0.0,0.0,0.0,0.0,0.0,0.0,0.0,0.0,0.0,0.0,0.0,0.0,0.0,1.0,1.0,0.0,0,0,0,0,0,0,0,0.0,0.0,0.2,0.0
28,500,0,dpga,backbone,1.1523070335388184,0.0,global_ddp_mean,2,0.0,70.75222778320312,70.75222778320312,0.0,0.0,0.0,0.0,0.0,0.0,0.0,0.0,0.0,0.0,0.0,0.0,0.0,1.0,1.0,0.0,0,0,0,0,0,0,0,0.0,0.0,0.2,0.0
28,500,0,dpga,fpn,1.1523070335388184,0.0,global_ddp_mean,2,0.0,7.6437201499938965,7.6437201499938965,0.0,0.0,0.0,0.0,0.0,0.0,0.0,0.0,0.0,0.0,0.0,0.0,0.0,1.0,1.0,0.0,0,0,0,0,0,0,0,0.0,0.0,0.2,0.0
28,500,0,dpga,rpn,1.1523070335388184,0.0,global_ddp_mean,2,0.0,11.068724632263184,11.068724632263184,0.0,0.0,0.0,0.0,0.0,0.0,0.0,0.0,0.0,0.0,0.0,0.0,0.0,1.0,1.0,0.0,0,0,0,0,0,0,0,0.0,0.0,0.2,0.0
28,500,0,dpga,roi_shared,1.1523070335388184,0.0,global_ddp_mean,2,0.0,11.582762718200684,11.582762718200684,0.0,0.0,0.0,0.0,0.0,0.0,0.0,0.0,0.0,0.0,0.0,0.0,0.0,1.0,1.0,0.0,0,0,0,0,0,0,0,0.0,0.0,0.2,0.0
28,500,0,dpga,roi_cls,1.1523070335388184,0.0,global_ddp_mean,2,0.0,8.239129066467285,8.239129066467285,0.0,0.0,0.0,0.0,0.0,0.0,0.0,0.0,0.0,0.0,0.0,0.0,0.0,1.0,1.0,0.0,0,0,0,0,0,0,0,0.0,0.0,0.2,0.0
28,500,0,dpga,roi_reg,1.1523070335388184,0.0,global_ddp_mean,2,0.0,4.935449600219727,4.935449600219727,0.0,0.0,0.0,0.0,0.0,0.0,0.0,0.0,0.0,0.0,0.0,0.0,0.0,1.0,1.0,0.0,0,0,0,0,0,0,0,0.0,0.0,0.2,0.0
28,600,0,dpga,backbone,0.2400202751159668,0.0,global_ddp_mean,2,0.0,7.870988368988037,7.870988368988037,0.0,0.0,0.0,0.0,0.0,0.0,0.0,0.0,0.0,0.0,0.0,0.0,0.0,1.0,1.0,0.0,0,0,0,0,0,0,0,0.0,0.0,0.2,0.0
28,600,0,dpga,fpn,0.2400202751159668,0.0,global_ddp_mean,2,0.0,1.3375647068023682,1.3375647068023682,0.0,0.0,0.0,0.0,0.0,0.0,0.0,0.0,0.0,0.0,0.0,0.0,0.0,1.0,1.0,0.0,0,0,0,0,0,0,0,0.0,0.0,0.2,0.0
28,600,0,dpga,rpn,0.2400202751159668,0.0,global_ddp_mean,2,0.0,1.8256930112838745,1.8256930112838745,0.0,0.0,0.0,0.0,0.0,0.0,0.0,0.0,0.0,0.0,0.0,0.0,0.0,1.0,1.0,0.0,0,0,0,0,0,0,0,0.0,0.0,0.2,0.0
28,600,0,dpga,roi_shared,0.2400202751159668,0.0,global_ddp_mean,2,0.0,2.6819064617156982,2.6819064617156982,0.0,0.0,0.0,0.0,0.0,0.0,0.0,0.0,0.0,0.0,0.0,0.0,0.0,1.0,1.0,0.0,0,0,0,0,0,0,0,0.0,0.0,0.2,0.0
28,600,0,dpga,roi_cls,0.2400202751159668,0.0,global_ddp_mean,2,0.0,1.5858180522918701,1.5858180522918701,0.0,0.0,0.0,0.0,0.0,0.0,0.0,0.0,0.0,0.0,0.0,0.0,0.0,1.0,1.0,0.0,0,0,0,0,0,0,0,0.0,0.0,0.2,0.0
28,600,0,dpga,roi_reg,0.2400202751159668,0.0,global_ddp_mean,2,0.0,2.720273733139038,2.720273733139038,0.0,0.0,0.0,0.0,0.0,0.0,0.0,0.0,0.0,0.0,0.0,0.0,0.0,1.0,1.0,0.0,0,0,0,0,0,0,0,0.0,0.0,0.2,0.0
28,700,0,dpga,backbone,0.1445794403553009,0.0,global_ddp_mean,2,0.0,9.84183406829834,9.84183406829834,0.0,0.0,0.0,0.0,0.0,0.0,0.0,0.0,0.0,0.0,0.0,0.0,0.0,1.0,1.0,0.0,0,0,0,0,0,0,0,0.0,0.0,0.2,0.0
28,700,0,dpga,fpn,0.1445794403553009,0.0,global_ddp_mean,2,0.0,2.2709853649139404,2.2709853649139404,0.0,0.0,0.0,0.0,0.0,0.0,0.0,0.0,0.0,0.0,0.0,0.0,0.0,1.0,1.0,0.0,0,0,0,0,0,0,0,0.0,0.0,0.2,0.0
28,700,0,dpga,rpn,0.1445794403553009,0.0,global_ddp_mean,2,0.0,1.1853370666503906,1.1853370666503906,0.0,0.0,0.0,0.0,0.0,0.0,0.0,0.0,0.0,0.0,0.0,0.0,0.0,1.0,1.0,0.0,0,0,0,0,0,0,0,0.0,0.0,0.2,0.0
28,700,0,dpga,roi_shared,0.1445794403553009,0.0,global_ddp_mean,2,0.0,5.279299736022949,5.279299736022949,0.0,0.0,0.0,0.0,0.0,0.0,0.0,0.0,0.0,0.0,0.0,0.0,0.0,1.0,1.0,0.0,0,0,0,0,0,0,0,0.0,0.0,0.2,0.0
28,700,0,dpga,roi_cls,0.1445794403553009,0.0,global_ddp_mean,2,0.0,4.499162197113037,4.499162197113037,0.0,0.0,0.0,0.0,0.0,0.0,0.0,0.0,0.0,0.0,0.0,0.0,0.0,1.0,1.0,0.0,0,0,0,0,0,0,0,0.0,0.0,0.2,0.0
28,700,0,dpga,roi_reg,0.1445794403553009,0.0,global_ddp_mean,2,0.0,1.0037977695465088,1.0037977695465088,0.0,0.0,0.0,0.0,0.0,0.0,0.0,0.0,0.0,0.0,0.0,0.0,0.0,1.0,1.0,0.0,0,0,0,0,0,0,0,0.0,0.0,0.2,0.0
28,800,0,dpga,backbone,0.28770843148231506,0.0,global_ddp_mean,2,0.0,41.277347564697266,41.277347564697266,0.0,0.0,0.0,0.0,0.0,0.0,0.0,0.0,0.0,0.0,0.0,0.0,0.0,1.0,1.0,0.0,0,0,0,0,0,0,0,0.0,0.0,0.2,0.0
28,800,0,dpga,fpn,0.28770843148231506,0.0,global_ddp_mean,2,0.0,8.760602951049805,8.760602951049805,0.0,0.0,0.0,0.0,0.0,0.0,0.0,0.0,0.0,0.0,0.0,0.0,0.0,1.0,1.0,0.0,0,0,0,0,0,0,0,0.0,0.0,0.2,0.0
28,800,0,dpga,rpn,0.28770843148231506,0.0,global_ddp_mean,2,0.0,4.8190741539001465,4.8190741539001465,0.0,0.0,0.0,0.0,0.0,0.0,0.0,0.0,0.0,0.0,0.0,0.0,0.0,1.0,1.0,0.0,0,0,0,0,0,0,0,0.0,0.0,0.2,0.0
28,800,0,dpga,roi_shared,0.28770843148231506,0.0,global_ddp_mean,2,0.0,17.41423988342285,17.41423988342285,0.0,0.0,0.0,0.0,0.0,0.0,0.0,0.0,0.0,0.0,0.0,0.0,0.0,1.0,1.0,0.0,0,0,0,0,0,0,0,0.0,0.0,0.2,0.0
28,800,0,dpga,roi_cls,0.28770843148231506,0.0,global_ddp_mean,2,0.0,15.920540809631348,15.920540809631348,0.0,0.0,0.0,0.0,0.0,0.0,0.0,0.0,0.0,0.0,0.0,0.0,0.0,1.0,1.0,0.0,0,0,0,0,0,0,0,0.0,0.0,0.2,0.0
28,800,0,dpga,roi_reg,0.28770843148231506,0.0,global_ddp_mean,2,0.0,3.4631454944610596,3.4631454944610596,0.0,0.0,0.0,0.0,0.0,0.0,0.0,0.0,0.0,0.0,0.0,0.0,0.0,1.0,1.0,0.0,0,0,0,0,0,0,0,0.0,0.0,0.2,0.0
28,900,0,dpga,backbone,0.1962985098361969,0.0,global_ddp_mean,2,0.0,9.814981460571289,9.814981460571289,0.0,0.0,0.0,0.0,0.0,0.0,0.0,0.0,0.0,0.0,0.0,0.0,0.0,1.0,1.0,0.0,0,0,0,0,0,0,0,0.0,0.0,0.2,0.0
28,900,0,dpga,fpn,0.1962985098361969,0.0,global_ddp_mean,2,0.0,2.330418825149536,2.330418825149536,0.0,0.0,0.0,0.0,0.0,0.0,0.0,0.0,0.0,0.0,0.0,0.0,0.0,1.0,1.0,0.0,0,0,0,0,0,0,0,0.0,0.0,0.2,0.0
28,900,0,dpga,rpn,0.1962985098361969,0.0,global_ddp_mean,2,0.0,0.955375075340271,0.955375075340271,0.0,0.0,0.0,0.0,0.0,0.0,0.0,0.0,0.0,0.0,0.0,0.0,0.0,1.0,1.0,0.0,0,0,0,0,0,0,0,0.0,0.0,0.2,0.0
28,900,0,dpga,roi_shared,0.1962985098361969,0.0,global_ddp_mean,2,0.0,4.936087131500244,4.936087131500244,0.0,0.0,0.0,0.0,0.0,0.0,0.0,0.0,0.0,0.0,0.0,0.0,0.0,1.0,1.0,0.0,0,0,0,0,0,0,0,0.0,0.0,0.2,0.0
28,900,0,dpga,roi_cls,0.1962985098361969,0.0,global_ddp_mean,2,0.0,3.0218725204467773,3.0218725204467773,0.0,0.0,0.0,0.0,0.0,0.0,0.0,0.0,0.0,0.0,0.0,0.0,0.0,1.0,1.0,0.0,0,0,0,0,0,0,0,0.0,0.0,0.2,0.0
28,900,0,dpga,roi_reg,0.1962985098361969,0.0,global_ddp_mean,2,0.0,1.6716042757034302,1.6716042757034302,0.0,0.0,0.0,0.0,0.0,0.0,0.0,0.0,0.0,0.0,0.0,0.0,0.0,1.0,1.0,0.0,0,0,0,0,0,0,0,0.0,0.0,0.2,0.0
28,1000,0,dpga,backbone,0.4134204387664795,0.0,global_ddp_mean,2,0.0,7.056332588195801,7.056332588195801,0.0,0.0,0.0,0.0,0.0,0.0,0.0,0.0,0.0,0.0,0.0,0.0,0.0,1.0,1.0,0.0,0,0,0,0,0,0,0,0.0,0.0,0.2,0.0
28,1000,0,dpga,fpn,0.4134204387664795,0.0,global_ddp_mean,2,0.0,1.7995579242706299,1.7995579242706299,0.0,0.0,0.0,0.0,0.0,0.0,0.0,0.0,0.0,0.0,0.0,0.0,0.0,1.0,1.0,0.0,0,0,0,0,0,0,0,0.0,0.0,0.2,0.0
28,1000,0,dpga,rpn,0.4134204387664795,0.0,global_ddp_mean,2,0.0,2.905836820602417,2.905836820602417,0.0,0.0,0.0,0.0,0.0,0.0,0.0,0.0,0.0,0.0,0.0,0.0,0.0,1.0,1.0,0.0,0,0,0,0,0,0,0,0.0,0.0,0.2,0.0
28,1000,0,dpga,roi_shared,0.4134204387664795,0.0,global_ddp_mean,2,0.0,4.1945295333862305,4.1945295333862305,0.0,0.0,0.0,0.0,0.0,0.0,0.0,0.0,0.0,0.0,0.0,0.0,0.0,1.0,1.0,0.0,0,0,0,0,0,0,0,0.0,0.0,0.2,0.0
28,1000,0,dpga,roi_cls,0.4134204387664795,0.0,global_ddp_mean,2,0.0,2.408738374710083,2.408738374710083,0.0,0.0,0.0,0.0,0.0,0.0,0.0,0.0,0.0,0.0,0.0,0.0,0.0,1.0,1.0,0.0,0,0,0,0,0,0,0,0.0,0.0,0.2,0.0
28,1000,0,dpga,roi_reg,0.4134204387664795,0.0,global_ddp_mean,2,0.0,4.029036998748779,4.029036998748779,0.0,0.0,0.0,0.0,0.0,0.0,0.0,0.0,0.0,0.0,0.0,0.0,0.0,1.0,1.0,0.0,0,0,0,0,0,0,0,0.0,0.0,0.2,0.0
28,1100,0,dpga,backbone,0.015767019242048264,0.0,global_ddp_mean,2,0.0,68.67402648925781,68.67402648925781,0.0,0.0,0.0,0.0,0.0,0.0,0.0,0.0,0.0,0.0,0.0,0.0,0.0,1.0,1.0,0.0,0,0,0,0,0,0,0,0.0,0.0,0.2,0.0
28,1100,0,dpga,fpn,0.015767019242048264,0.0,global_ddp_mean,2,0.0,8.207659721374512,8.207659721374512,0.0,0.0,0.0,0.0,0.0,0.0,0.0,0.0,0.0,0.0,0.0,0.0,0.0,1.0,1.0,0.0,0,0,0,0,0,0,0,0.0,0.0,0.2,0.0
28,1100,0,dpga,rpn,0.015767019242048264,0.0,global_ddp_mean,2,0.0,7.352977752685547,7.352977752685547,0.0,0.0,0.0,0.0,0.0,0.0,0.0,0.0,0.0,0.0,0.0,0.0,0.0,1.0,1.0,0.0,0,0,0,0,0,0,0,0.0,0.0,0.2,0.0
28,1100,0,dpga,roi_shared,0.015767019242048264,0.0,global_ddp_mean,2,0.0,15.256442070007324,15.256442070007324,0.0,0.0,0.0,0.0,0.0,0.0,0.0,0.0,0.0,0.0,0.0,0.0,0.0,1.0,1.0,0.0,0,0,0,0,0,0,0,0.0,0.0,0.2,0.0
28,1100,0,dpga,roi_cls,0.015767019242048264,0.0,global_ddp_mean,2,0.0,12.457779884338379,12.457779884338379,0.0,0.0,0.0,0.0,0.0,0.0,0.0,0.0,0.0,0.0,0.0,0.0,0.0,1.0,1.0,0.0,0,0,0,0,0,0,0,0.0,0.0,0.2,0.0
28,1100,0,dpga,roi_reg,0.015767019242048264,0.0,global_ddp_mean,2,0.0,3.4047281742095947,3.4047281742095947,0.0,0.0,0.0,0.0,0.0,0.0,0.0,0.0,0.0,0.0,0.0,0.0,0.0,1.0,1.0,0.0,0,0,0,0,0,0,0,0.0,0.0,0.2,0.0
28,1200,0,dpga,backbone,0.016019783914089203,-0.0,global_ddp_mean,2,0.0,19.745813369750977,19.745813369750977,0.0,0.0,0.0,0.0,0.0,0.0,0.0,0.0,0.0,0.0,0.0,0.0,0.0,1.0,1.0,0.0,0,0,0,0,0,0,0,0.0,0.0,0.2,0.0
28,1200,0,dpga,fpn,0.016019783914089203,-0.0,global_ddp_mean,2,0.0,4.483367919921875,4.483367919921875,0.0,0.0,0.0,0.0,0.0,0.0,0.0,0.0,0.0,0.0,0.0,0.0,0.0,1.0,1.0,0.0,0,0,0,0,0,0,0,0.0,0.0,0.2,0.0
28,1200,0,dpga,rpn,0.016019783914089203,-0.0,global_ddp_mean,2,0.0,2.890753984451294,2.890753984451294,0.0,0.0,0.0,0.0,0.0,0.0,0.0,0.0,0.0,0.0,0.0,0.0,0.0,1.0,1.0,0.0,0,0,0,0,0,0,0,0.0,0.0,0.2,0.0
28,1200,0,dpga,roi_shared,0.016019783914089203,-0.0,global_ddp_mean,2,0.0,8.874127388000488,8.874127388000488,0.0,0.0,0.0,0.0,0.0,0.0,0.0,0.0,0.0,0.0,0.0,0.0,0.0,1.0,1.0,0.0,0,0,0,0,0,0,0,0.0,0.0,0.2,0.0
28,1200,0,dpga,roi_cls,0.016019783914089203,-0.0,global_ddp_mean,2,0.0,5.640294075012207,5.640294075012207,0.0,0.0,0.0,0.0,0.0,0.0,0.0,0.0,0.0,0.0,0.0,0.0,0.0,1.0,1.0,0.0,0,0,0,0,0,0,0,0.0,0.0,0.2,0.0
28,1200,0,dpga,roi_reg,0.016019783914089203,-0.0,global_ddp_mean,2,0.0,6.575333595275879,6.575333595275879,0.0,0.0,0.0,0.0,0.0,0.0,0.0,0.0,0.0,0.0,0.0,0.0,0.0,1.0,1.0,0.0,0,0,0,0,0,0,0,0.0,0.0,0.2,0.0
28,1300,0,dpga,backbone,0.017312709242105484,0.0,global_ddp_mean,2,0.0,30.10401725769043,30.10401725769043,0.0,0.0,0.0,0.0,0.0,0.0,0.0,0.0,0.0,0.0,0.0,0.0,0.0,1.0,1.0,0.0,0,0,0,0,0,0,0,0.0,0.0,0.2,0.0
28,1300,0,dpga,fpn,0.017312709242105484,0.0,global_ddp_mean,2,0.0,5.608243465423584,5.608243465423584,0.0,0.0,0.0,0.0,0.0,0.0,0.0,0.0,0.0,0.0,0.0,0.0,0.0,1.0,1.0,0.0,0,0,0,0,0,0,0,0.0,0.0,0.2,0.0
28,1300,0,dpga,rpn,0.017312709242105484,0.0,global_ddp_mean,2,0.0,3.103788375854492,3.103788375854492,0.0,0.0,0.0,0.0,0.0,0.0,0.0,0.0,0.0,0.0,0.0,0.0,0.0,1.0,1.0,0.0,0,0,0,0,0,0,0,0.0,0.0,0.2,0.0
28,1300,0,dpga,roi_shared,0.017312709242105484,0.0,global_ddp_mean,2,0.0,11.517904281616211,11.517904281616211,0.0,0.0,0.0,0.0,0.0,0.0,0.0,0.0,0.0,0.0,0.0,0.0,0.0,1.0,1.0,0.0,0,0,0,0,0,0,0,0.0,0.0,0.2,0.0
28,1300,0,dpga,roi_cls,0.017312709242105484,0.0,global_ddp_mean,2,0.0,7.604090690612793,7.604090690612793,0.0,0.0,0.0,0.0,0.0,0.0,0.0,0.0,0.0,0.0,0.0,0.0,0.0,1.0,1.0,0.0,0,0,0,0,0,0,0,0.0,0.0,0.2,0.0
28,1300,0,dpga,roi_reg,0.017312709242105484,0.0,global_ddp_mean,2,0.0,5.111384391784668,5.111384391784668,0.0,0.0,0.0,0.0,0.0,0.0,0.0,0.0,0.0,0.0,0.0,0.0,0.0,1.0,1.0,0.0,0,0,0,0,0,0,0,0.0,0.0,0.2,0.0
28,1400,0,dpga,backbone,0.16017615795135498,0.0,global_ddp_mean,2,0.0,18.527687072753906,18.527687072753906,0.0,0.0,0.0,0.0,0.0,0.0,0.0,0.0,0.0,0.0,0.0,0.0,0.0,1.0,1.0,0.0,0,0,0,0,0,0,0,0.0,0.0,0.2,0.0
28,1400,0,dpga,fpn,0.16017615795135498,0.0,global_ddp_mean,2,0.0,4.783871173858643,4.783871173858643,0.0,0.0,0.0,0.0,0.0,0.0,0.0,0.0,0.0,0.0,0.0,0.0,0.0,1.0,1.0,0.0,0,0,0,0,0,0,0,0.0,0.0,0.2,0.0
28,1400,0,dpga,rpn,0.16017615795135498,0.0,global_ddp_mean,2,0.0,2.2250936031341553,2.2250936031341553,0.0,0.0,0.0,0.0,0.0,0.0,0.0,0.0,0.0,0.0,0.0,0.0,0.0,1.0,1.0,0.0,0,0,0,0,0,0,0,0.0,0.0,0.2,0.0
28,1400,0,dpga,roi_shared,0.16017615795135498,0.0,global_ddp_mean,2,0.0,10.21276569366455,10.21276569366455,0.0,0.0,0.0,0.0,0.0,0.0,0.0,0.0,0.0,0.0,0.0,0.0,0.0,1.0,1.0,0.0,0,0,0,0,0,0,0,0.0,0.0,0.2,0.0
28,1400,0,dpga,roi_cls,0.16017615795135498,0.0,global_ddp_mean,2,0.0,7.652192115783691,7.652192115783691,0.0,0.0,0.0,0.0,0.0,0.0,0.0,0.0,0.0,0.0,0.0,0.0,0.0,1.0,1.0,0.0,0,0,0,0,0,0,0,0.0,0.0,0.2,0.0
28,1400,0,dpga,roi_reg,0.16017615795135498,0.0,global_ddp_mean,2,0.0,3.779432535171509,3.779432535171509,0.0,0.0,0.0,0.0,0.0,0.0,0.0,0.0,0.0,0.0,0.0,0.0,0.0,1.0,1.0,0.0,0,0,0,0,0,0,0,0.0,0.0,0.2,0.0
29,0,0,dpga,backbone,0.8997156620025635,0.0,global_ddp_mean,2,0.0,37.463008880615234,37.463008880615234,0.0,0.0,0.0,0.0,0.0,0.0,0.0,0.0,0.0,0.0,0.0,0.0,0.0,1.0,1.0,0.0,0,0,0,0,0,0,0,0.0,0.0,0.2,0.0
29,0,0,dpga,fpn,0.8997156620025635,0.0,global_ddp_mean,2,0.0,6.194457054138184,6.194457054138184,0.0,0.0,0.0,0.0,0.0,0.0,0.0,0.0,0.0,0.0,0.0,0.0,0.0,1.0,1.0,0.0,0,0,0,0,0,0,0,0.0,0.0,0.2,0.0
29,0,0,dpga,rpn,0.8997156620025635,0.0,global_ddp_mean,2,0.0,9.98106575012207,9.98106575012207,0.0,0.0,0.0,0.0,0.0,0.0,0.0,0.0,0.0,0.0,0.0,0.0,0.0,1.0,1.0,0.0,0,0,0,0,0,0,0,0.0,0.0,0.2,0.0
29,0,0,dpga,roi_shared,0.8997156620025635,0.0,global_ddp_mean,2,0.0,11.720368385314941,11.720368385314941,0.0,0.0,0.0,0.0,0.0,0.0,0.0,0.0,0.0,0.0,0.0,0.0,0.0,1.0,1.0,0.0,0,0,0,0,0,0,0,0.0,0.0,0.2,0.0
29,0,0,dpga,roi_cls,0.8997156620025635,0.0,global_ddp_mean,2,0.0,8.016827583312988,8.016827583312988,0.0,0.0,0.0,0.0,0.0,0.0,0.0,0.0,0.0,0.0,0.0,0.0,0.0,1.0,1.0,0.0,0,0,0,0,0,0,0,0.0,0.0,0.2,0.0
29,0,0,dpga,roi_reg,0.8997156620025635,0.0,global_ddp_mean,2,0.0,10.24929141998291,10.24929141998291,0.0,0.0,0.0,0.0,0.0,0.0,0.0,0.0,0.0,0.0,0.0,0.0,0.0,1.0,1.0,0.0,0,0,0,0,0,0,0,0.0,0.0,0.2,0.0
29,100,0,dpga,backbone,0.00798569805920124,0.0,global_ddp_mean,2,0.0,4.643435001373291,4.643435001373291,0.0,0.0,0.0,0.0,0.0,0.0,0.0,0.0,0.0,0.0,0.0,0.0,0.0,1.0,1.0,0.0,0,0,0,0,0,0,0,0.0,0.0,0.2,0.0
29,100,0,dpga,fpn,0.00798569805920124,0.0,global_ddp_mean,2,0.0,0.7428541779518127,0.7428541779518127,0.0,0.0,0.0,0.0,0.0,0.0,0.0,0.0,0.0,0.0,0.0,0.0,0.0,1.0,1.0,0.0,0,0,0,0,0,0,0,0.0,0.0,0.2,0.0
29,100,0,dpga,rpn,0.00798569805920124,0.0,global_ddp_mean,2,0.0,0.6038660407066345,0.6038660407066345,0.0,0.0,0.0,0.0,0.0,0.0,0.0,0.0,0.0,0.0,0.0,0.0,0.0,1.0,1.0,0.0,0,0,0,0,0,0,0,0.0,0.0,0.2,0.0
29,100,0,dpga,roi_shared,0.00798569805920124,0.0,global_ddp_mean,2,0.0,1.5239999294281006,1.5239999294281006,0.0,0.0,0.0,0.0,0.0,0.0,0.0,0.0,0.0,0.0,0.0,0.0,0.0,1.0,1.0,0.0,0,0,0,0,0,0,0,0.0,0.0,0.2,0.0
29,100,0,dpga,roi_cls,0.00798569805920124,0.0,global_ddp_mean,2,0.0,1.4768182039260864,1.4768182039260864,0.0,0.0,0.0,0.0,0.0,0.0,0.0,0.0,0.0,0.0,0.0,0.0,0.0,1.0,1.0,0.0,0,0,0,0,0,0,0,0.0,0.0,0.2,0.0
29,100,0,dpga,roi_reg,0.00798569805920124,0.0,global_ddp_mean,2,0.0,0.08582264930009842,0.08582264930009842,0.0,0.0,0.0,0.0,0.0,0.0,0.0,0.0,0.0,0.0,0.0,0.0,0.0,1.0,1.0,0.0,0,0,0,0,0,0,0,0.0,0.0,0.2,0.0
29,200,0,dpga,backbone,0.1799943447113037,-0.0,global_ddp_mean,2,0.0,6.868480682373047,6.868480682373047,0.0,0.0,0.0,0.0,0.0,0.0,0.0,0.0,0.0,0.0,0.0,0.0,0.0,1.0,1.0,0.0,0,0,0,0,0,0,0,0.0,0.0,0.2,0.0
29,200,0,dpga,fpn,0.1799943447113037,-0.0,global_ddp_mean,2,0.0,1.1079477071762085,1.1079477071762085,0.0,0.0,0.0,0.0,0.0,0.0,0.0,0.0,0.0,0.0,0.0,0.0,0.0,1.0,1.0,0.0,0,0,0,0,0,0,0,0.0,0.0,0.2,0.0
29,200,0,dpga,rpn,0.1799943447113037,-0.0,global_ddp_mean,2,0.0,1.6249101161956787,1.6249101161956787,0.0,0.0,0.0,0.0,0.0,0.0,0.0,0.0,0.0,0.0,0.0,0.0,0.0,1.0,1.0,0.0,0,0,0,0,0,0,0,0.0,0.0,0.2,0.0
29,200,0,dpga,roi_shared,0.1799943447113037,-0.0,global_ddp_mean,2,0.0,2.2787301540374756,2.2787301540374756,0.0,0.0,0.0,0.0,0.0,0.0,0.0,0.0,0.0,0.0,0.0,0.0,0.0,1.0,1.0,0.0,0,0,0,0,0,0,0,0.0,0.0,0.2,0.0
29,200,0,dpga,roi_cls,0.1799943447113037,-0.0,global_ddp_mean,2,0.0,1.9473516941070557,1.9473516941070557,0.0,0.0,0.0,0.0,0.0,0.0,0.0,0.0,0.0,0.0,0.0,0.0,0.0,1.0,1.0,0.0,0,0,0,0,0,0,0,0.0,0.0,0.2,0.0
29,200,0,dpga,roi_reg,0.1799943447113037,-0.0,global_ddp_mean,2,0.0,0.5489314198493958,0.5489314198493958,0.0,0.0,0.0,0.0,0.0,0.0,0.0,0.0,0.0,0.0,0.0,0.0,0.0,1.0,1.0,0.0,0,0,0,0,0,0,0,0.0,0.0,0.2,0.0
29,300,0,dpga,backbone,0.29980120062828064,0.0,global_ddp_mean,2,0.0,20.563203811645508,20.563203811645508,0.0,0.0,0.0,0.0,0.0,0.0,0.0,0.0,0.0,0.0,0.0,0.0,0.0,1.0,1.0,0.0,0,0,0,0,0,0,0,0.0,0.0,0.2,0.0
29,300,0,dpga,fpn,0.29980120062828064,0.0,global_ddp_mean,2,0.0,1.510964274406433,1.510964274406433,0.0,0.0,0.0,0.0,0.0,0.0,0.0,0.0,0.0,0.0,0.0,0.0,0.0,1.0,1.0,0.0,0,0,0,0,0,0,0,0.0,0.0,0.2,0.0
29,300,0,dpga,rpn,0.29980120062828064,0.0,global_ddp_mean,2,0.0,1.968915581703186,1.968915581703186,0.0,0.0,0.0,0.0,0.0,0.0,0.0,0.0,0.0,0.0,0.0,0.0,0.0,1.0,1.0,0.0,0,0,0,0,0,0,0,0.0,0.0,0.2,0.0
29,300,0,dpga,roi_shared,0.29980120062828064,0.0,global_ddp_mean,2,0.0,2.2229838371276855,2.2229838371276855,0.0,0.0,0.0,0.0,0.0,0.0,0.0,0.0,0.0,0.0,0.0,0.0,0.0,1.0,1.0,0.0,0,0,0,0,0,0,0,0.0,0.0,0.2,0.0
29,300,0,dpga,roi_cls,0.29980120062828064,0.0,global_ddp_mean,2,0.0,1.2528175115585327,1.2528175115585327,0.0,0.0,0.0,0.0,0.0,0.0,0.0,0.0,0.0,0.0,0.0,0.0,0.0,1.0,1.0,0.0,0,0,0,0,0,0,0,0.0,0.0,0.2,0.0
29,300,0,dpga,roi_reg,0.29980120062828064,0.0,global_ddp_mean,2,0.0,1.0347250699996948,1.0347250699996948,0.0,0.0,0.0,0.0,0.0,0.0,0.0,0.0,0.0,0.0,0.0,0.0,0.0,1.0,1.0,0.0,0,0,0,0,0,0,0,0.0,0.0,0.2,0.0
29,400,0,dpga,backbone,0.2575742304325104,0.0,global_ddp_mean,2,0.0,20.56342887878418,20.56342887878418,0.0,0.0,0.0,0.0,0.0,0.0,0.0,0.0,0.0,0.0,0.0,0.0,0.0,1.0,1.0,0.0,0,0,0,0,0,0,0,0.0,0.0,0.2,0.0
29,400,0,dpga,fpn,0.2575742304325104,0.0,global_ddp_mean,2,0.0,3.7515769004821777,3.7515769004821777,0.0,0.0,0.0,0.0,0.0,0.0,0.0,0.0,0.0,0.0,0.0,0.0,0.0,1.0,1.0,0.0,0,0,0,0,0,0,0,0.0,0.0,0.2,0.0
29,400,0,dpga,rpn,0.2575742304325104,0.0,global_ddp_mean,2,0.0,2.876715660095215,2.876715660095215,0.0,0.0,0.0,0.0,0.0,0.0,0.0,0.0,0.0,0.0,0.0,0.0,0.0,1.0,1.0,0.0,0,0,0,0,0,0,0,0.0,0.0,0.2,0.0
29,400,0,dpga,roi_shared,0.2575742304325104,0.0,global_ddp_mean,2,0.0,7.858826637268066,7.858826637268066,0.0,0.0,0.0,0.0,0.0,0.0,0.0,0.0,0.0,0.0,0.0,0.0,0.0,1.0,1.0,0.0,0,0,0,0,0,0,0,0.0,0.0,0.2,0.0
29,400,0,dpga,roi_cls,0.2575742304325104,0.0,global_ddp_mean,2,0.0,2.9985616207122803,2.9985616207122803,0.0,0.0,0.0,0.0,0.0,0.0,0.0,0.0,0.0,0.0,0.0,0.0,0.0,1.0,1.0,0.0,0,0,0,0,0,0,0,0.0,0.0,0.2,0.0
29,400,0,dpga,roi_reg,0.2575742304325104,0.0,global_ddp_mean,2,0.0,10.745080947875977,10.745080947875977,0.0,0.0,0.0,0.0,0.0,0.0,0.0,0.0,0.0,0.0,0.0,0.0,0.0,1.0,1.0,0.0,0,0,0,0,0,0,0,0.0,0.0,0.2,0.0
29,500,0,dpga,backbone,0.3586488962173462,0.0,global_ddp_mean,2,0.0,27.934528350830078,27.934528350830078,0.0,0.0,0.0,0.0,0.0,0.0,0.0,0.0,0.0,0.0,0.0,0.0,0.0,1.0,1.0,0.0,0,0,0,0,0,0,0,0.0,0.0,0.2,0.0
29,500,0,dpga,fpn,0.3586488962173462,0.0,global_ddp_mean,2,0.0,5.044585227966309,5.044585227966309,0.0,0.0,0.0,0.0,0.0,0.0,0.0,0.0,0.0,0.0,0.0,0.0,0.0,1.0,1.0,0.0,0,0,0,0,0,0,0,0.0,0.0,0.2,0.0
29,500,0,dpga,rpn,0.3586488962173462,0.0,global_ddp_mean,2,0.0,3.6431386470794678,3.6431386470794678,0.0,0.0,0.0,0.0,0.0,0.0,0.0,0.0,0.0,0.0,0.0,0.0,0.0,1.0,1.0,0.0,0,0,0,0,0,0,0,0.0,0.0,0.2,0.0
29,500,0,dpga,roi_shared,0.3586488962173462,0.0,global_ddp_mean,2,0.0,10.159797668457031,10.159797668457031,0.0,0.0,0.0,0.0,0.0,0.0,0.0,0.0,0.0,0.0,0.0,0.0,0.0,1.0,1.0,0.0,0,0,0,0,0,0,0,0.0,0.0,0.2,0.0
29,500,0,dpga,roi_cls,0.3586488962173462,0.0,global_ddp_mean,2,0.0,7.924454689025879,7.924454689025879,0.0,0.0,0.0,0.0,0.0,0.0,0.0,0.0,0.0,0.0,0.0,0.0,0.0,1.0,1.0,0.0,0,0,0,0,0,0,0,0.0,0.0,0.2,0.0
29,500,0,dpga,roi_reg,0.3586488962173462,0.0,global_ddp_mean,2,0.0,6.881051063537598,6.881051063537598,0.0,0.0,0.0,0.0,0.0,0.0,0.0,0.0,0.0,0.0,0.0,0.0,0.0,1.0,1.0,0.0,0,0,0,0,0,0,0,0.0,0.0,0.2,0.0
29,600,0,dpga,backbone,0.27866464853286743,0.0,global_ddp_mean,2,0.0,5.075565814971924,5.075565814971924,0.0,0.0,0.0,0.0,0.0,0.0,0.0,0.0,0.0,0.0,0.0,0.0,0.0,1.0,1.0,0.0,0,0,0,0,0,0,0,0.0,0.0,0.2,0.0
29,600,0,dpga,fpn,0.27866464853286743,0.0,global_ddp_mean,2,0.0,1.0546430349349976,1.0546430349349976,0.0,0.0,0.0,0.0,0.0,0.0,0.0,0.0,0.0,0.0,0.0,0.0,0.0,1.0,1.0,0.0,0,0,0,0,0,0,0,0.0,0.0,0.2,0.0
29,600,0,dpga,rpn,0.27866464853286743,0.0,global_ddp_mean,2,0.0,2.2074062824249268,2.2074062824249268,0.0,0.0,0.0,0.0,0.0,0.0,0.0,0.0,0.0,0.0,0.0,0.0,0.0,1.0,1.0,0.0,0,0,0,0,0,0,0,0.0,0.0,0.2,0.0
29,600,0,dpga,roi_shared,0.27866464853286743,0.0,global_ddp_mean,2,0.0,1.7023944854736328,1.7023944854736328,0.0,0.0,0.0,0.0,0.0,0.0,0.0,0.0,0.0,0.0,0.0,0.0,0.0,1.0,1.0,0.0,0,0,0,0,0,0,0,0.0,0.0,0.2,0.0
29,600,0,dpga,roi_cls,0.27866464853286743,0.0,global_ddp_mean,2,0.0,1.0543757677078247,1.0543757677078247,0.0,0.0,0.0,0.0,0.0,0.0,0.0,0.0,0.0,0.0,0.0,0.0,0.0,1.0,1.0,0.0,0,0,0,0,0,0,0,0.0,0.0,0.2,0.0
29,600,0,dpga,roi_reg,0.27866464853286743,0.0,global_ddp_mean,2,0.0,1.2181026935577393,1.2181026935577393,0.0,0.0,0.0,0.0,0.0,0.0,0.0,0.0,0.0,0.0,0.0,0.0,0.0,1.0,1.0,0.0,0,0,0,0,0,0,0,0.0,0.0,0.2,0.0
29,700,0,dpga,backbone,0.216913640499115,-0.0,global_ddp_mean,2,0.0,5.229436874389648,5.229436874389648,0.0,0.0,0.0,0.0,0.0,0.0,0.0,0.0,0.0,0.0,0.0,0.0,0.0,1.0,1.0,0.0,0,0,0,0,0,0,0,0.0,0.0,0.2,0.0
29,700,0,dpga,fpn,0.216913640499115,-0.0,global_ddp_mean,2,0.0,0.8503561019897461,0.8503561019897461,0.0,0.0,0.0,0.0,0.0,0.0,0.0,0.0,0.0,0.0,0.0,0.0,0.0,1.0,1.0,0.0,0,0,0,0,0,0,0,0.0,0.0,0.2,0.0
29,700,0,dpga,rpn,0.216913640499115,-0.0,global_ddp_mean,2,0.0,0.9608562588691711,0.9608562588691711,0.0,0.0,0.0,0.0,0.0,0.0,0.0,0.0,0.0,0.0,0.0,0.0,0.0,1.0,1.0,0.0,0,0,0,0,0,0,0,0.0,0.0,0.2,0.0
29,700,0,dpga,roi_shared,0.216913640499115,-0.0,global_ddp_mean,2,0.0,1.780170202255249,1.780170202255249,0.0,0.0,0.0,0.0,0.0,0.0,0.0,0.0,0.0,0.0,0.0,0.0,0.0,1.0,1.0,0.0,0,0,0,0,0,0,0,0.0,0.0,0.2,0.0
29,700,0,dpga,roi_cls,0.216913640499115,-0.0,global_ddp_mean,2,0.0,1.0029277801513672,1.0029277801513672,0.0,0.0,0.0,0.0,0.0,0.0,0.0,0.0,0.0,0.0,0.0,0.0,0.0,1.0,1.0,0.0,0,0,0,0,0,0,0,0.0,0.0,0.2,0.0
29,700,0,dpga,roi_reg,0.216913640499115,-0.0,global_ddp_mean,2,0.0,0.9807277321815491,0.9807277321815491,0.0,0.0,0.0,0.0,0.0,0.0,0.0,0.0,0.0,0.0,0.0,0.0,0.0,1.0,1.0,0.0,0,0,0,0,0,0,0,0.0,0.0,0.2,0.0
29,800,0,dpga,backbone,0.04227658361196518,0.0,global_ddp_mean,2,0.0,12.01755428314209,12.01755428314209,0.0,0.0,0.0,0.0,0.0,0.0,0.0,0.0,0.0,0.0,0.0,0.0,0.0,1.0,1.0,0.0,0,0,0,0,0,0,0,0.0,0.0,0.2,0.0
29,800,0,dpga,fpn,0.04227658361196518,0.0,global_ddp_mean,2,0.0,2.7626097202301025,2.7626097202301025,0.0,0.0,0.0,0.0,0.0,0.0,0.0,0.0,0.0,0.0,0.0,0.0,0.0,1.0,1.0,0.0,0,0,0,0,0,0,0,0.0,0.0,0.2,0.0
29,800,0,dpga,rpn,0.04227658361196518,0.0,global_ddp_mean,2,0.0,3.961287498474121,3.961287498474121,0.0,0.0,0.0,0.0,0.0,0.0,0.0,0.0,0.0,0.0,0.0,0.0,0.0,1.0,1.0,0.0,0,0,0,0,0,0,0,0.0,0.0,0.2,0.0
29,800,0,dpga,roi_shared,0.04227658361196518,0.0,global_ddp_mean,2,0.0,5.677061557769775,5.677061557769775,0.0,0.0,0.0,0.0,0.0,0.0,0.0,0.0,0.0,0.0,0.0,0.0,0.0,1.0,1.0,0.0,0,0,0,0,0,0,0,0.0,0.0,0.2,0.0
29,800,0,dpga,roi_cls,0.04227658361196518,0.0,global_ddp_mean,2,0.0,3.2325165271759033,3.2325165271759033,0.0,0.0,0.0,0.0,0.0,0.0,0.0,0.0,0.0,0.0,0.0,0.0,0.0,1.0,1.0,0.0,0,0,0,0,0,0,0,0.0,0.0,0.2,0.0
29,800,0,dpga,roi_reg,0.04227658361196518,0.0,global_ddp_mean,2,0.0,3.858337879180908,3.858337879180908,0.0,0.0,0.0,0.0,0.0,0.0,0.0,0.0,0.0,0.0,0.0,0.0,0.0,1.0,1.0,0.0,0,0,0,0,0,0,0,0.0,0.0,0.2,0.0
29,900,0,dpga,backbone,0.015719739720225334,0.0,global_ddp_mean,2,0.0,5.460393905639648,5.460393905639648,0.0,0.0,0.0,0.0,0.0,0.0,0.0,0.0,0.0,0.0,0.0,0.0,0.0,1.0,1.0,0.0,0,0,0,0,0,0,0,0.0,0.0,0.2,0.0
29,900,0,dpga,fpn,0.015719739720225334,0.0,global_ddp_mean,2,0.0,1.0800795555114746,1.0800795555114746,0.0,0.0,0.0,0.0,0.0,0.0,0.0,0.0,0.0,0.0,0.0,0.0,0.0,1.0,1.0,0.0,0,0,0,0,0,0,0,0.0,0.0,0.2,0.0
29,900,0,dpga,rpn,0.015719739720225334,0.0,global_ddp_mean,2,0.0,1.1922708749771118,1.1922708749771118,0.0,0.0,0.0,0.0,0.0,0.0,0.0,0.0,0.0,0.0,0.0,0.0,0.0,1.0,1.0,0.0,0,0,0,0,0,0,0,0.0,0.0,0.2,0.0
29,900,0,dpga,roi_shared,0.015719739720225334,0.0,global_ddp_mean,2,0.0,2.370872735977173,2.370872735977173,0.0,0.0,0.0,0.0,0.0,0.0,0.0,0.0,0.0,0.0,0.0,0.0,0.0,1.0,1.0,0.0,0,0,0,0,0,0,0,0.0,0.0,0.2,0.0
29,900,0,dpga,roi_cls,0.015719739720225334,0.0,global_ddp_mean,2,0.0,1.489370346069336,1.489370346069336,0.0,0.0,0.0,0.0,0.0,0.0,0.0,0.0,0.0,0.0,0.0,0.0,0.0,1.0,1.0,0.0,0,0,0,0,0,0,0,0.0,0.0,0.2,0.0
29,900,0,dpga,roi_reg,0.015719739720225334,0.0,global_ddp_mean,2,0.0,1.2765053510665894,1.2765053510665894,0.0,0.0,0.0,0.0,0.0,0.0,0.0,0.0,0.0,0.0,0.0,0.0,0.0,1.0,1.0,0.0,0,0,0,0,0,0,0,0.0,0.0,0.2,0.0
29,1000,0,dpga,backbone,0.005215992219746113,0.0,global_ddp_mean,2,0.0,5.564510822296143,5.564510822296143,0.0,0.0,0.0,0.0,0.0,0.0,0.0,0.0,0.0,0.0,0.0,0.0,0.0,1.0,1.0,0.0,0,0,0,0,0,0,0,0.0,0.0,0.2,0.0
29,1000,0,dpga,fpn,0.005215992219746113,0.0,global_ddp_mean,2,0.0,1.233834981918335,1.233834981918335,0.0,0.0,0.0,0.0,0.0,0.0,0.0,0.0,0.0,0.0,0.0,0.0,0.0,1.0,1.0,0.0,0,0,0,0,0,0,0,0.0,0.0,0.2,0.0
29,1000,0,dpga,rpn,0.005215992219746113,0.0,global_ddp_mean,2,0.0,0.8596585392951965,0.8596585392951965,0.0,0.0,0.0,0.0,0.0,0.0,0.0,0.0,0.0,0.0,0.0,0.0,0.0,1.0,1.0,0.0,0,0,0,0,0,0,0,0.0,0.0,0.2,0.0
29,1000,0,dpga,roi_shared,0.005215992219746113,0.0,global_ddp_mean,2,0.0,2.548701763153076,2.548701763153076,0.0,0.0,0.0,0.0,0.0,0.0,0.0,0.0,0.0,0.0,0.0,0.0,0.0,1.0,1.0,0.0,0,0,0,0,0,0,0,0.0,0.0,0.2,0.0
29,1000,0,dpga,roi_cls,0.005215992219746113,0.0,global_ddp_mean,2,0.0,1.546555519104004,1.546555519104004,0.0,0.0,0.0,0.0,0.0,0.0,0.0,0.0,0.0,0.0,0.0,0.0,0.0,1.0,1.0,0.0,0,0,0,0,0,0,0,0.0,0.0,0.2,0.0
29,1000,0,dpga,roi_reg,0.005215992219746113,0.0,global_ddp_mean,2,0.0,1.1528466939926147,1.1528466939926147,0.0,0.0,0.0,0.0,0.0,0.0,0.0,0.0,0.0,0.0,0.0,0.0,0.0,1.0,1.0,0.0,0,0,0,0,0,0,0,0.0,0.0,0.2,0.0
29,1100,0,dpga,backbone,0.9325042963027954,0.0,global_ddp_mean,2,0.0,51.996219635009766,51.996219635009766,0.0,0.0,0.0,0.0,0.0,0.0,0.0,0.0,0.0,0.0,0.0,0.0,0.0,1.0,1.0,0.0,0,0,0,0,0,0,0,0.0,0.0,0.2,0.0
29,1100,0,dpga,fpn,0.9325042963027954,0.0,global_ddp_mean,2,0.0,4.760405540466309,4.760405540466309,0.0,0.0,0.0,0.0,0.0,0.0,0.0,0.0,0.0,0.0,0.0,0.0,0.0,1.0,1.0,0.0,0,0,0,0,0,0,0,0.0,0.0,0.2,0.0
29,1100,0,dpga,rpn,0.9325042963027954,0.0,global_ddp_mean,2,0.0,5.570369720458984,5.570369720458984,0.0,0.0,0.0,0.0,0.0,0.0,0.0,0.0,0.0,0.0,0.0,0.0,0.0,1.0,1.0,0.0,0,0,0,0,0,0,0,0.0,0.0,0.2,0.0
29,1100,0,dpga,roi_shared,0.9325042963027954,0.0,global_ddp_mean,2,0.0,13.696109771728516,13.696109771728516,0.0,0.0,0.0,0.0,0.0,0.0,0.0,0.0,0.0,0.0,0.0,0.0,0.0,1.0,1.0,0.0,0,0,0,0,0,0,0,0.0,0.0,0.2,0.0
29,1100,0,dpga,roi_cls,0.9325042963027954,0.0,global_ddp_mean,2,0.0,14.884648323059082,14.884648323059082,0.0,0.0,0.0,0.0,0.0,0.0,0.0,0.0,0.0,0.0,0.0,0.0,0.0,1.0,1.0,0.0,0,0,0,0,0,0,0,0.0,0.0,0.2,0.0
29,1100,0,dpga,roi_reg,0.9325042963027954,0.0,global_ddp_mean,2,0.0,6.43056058883667,6.43056058883667,0.0,0.0,0.0,0.0,0.0,0.0,0.0,0.0,0.0,0.0,0.0,0.0,0.0,1.0,1.0,0.0,0,0,0,0,0,0,0,0.0,0.0,0.2,0.0
29,1200,0,dpga,backbone,0.6381577253341675,0.00010002159251598641,global_ddp_mean,2,0.1089441105723381,47.951908111572266,47.951908111572266,2.9705404802626845e-10,2.9705404802626845e-10,2.9705404802626845e-10,2.9705404802626845e-10,5.941081049054374e-11,2.9705404802626845e-10,6.194832692269449e-12,6.194832692269449e-12,6.194832692269449e-12,1.2389665569159298e-12,1.2389665569159298e-12,1.349781095720781e-13,1.349781095720781e-13,1.000000000000135,1.000000000000135,0.0,0,0,0,0,0,0,0,1.0,1.0,0.2,0.20000000298023224
29,1200,0,dpga,fpn,0.6381577253341675,0.00010002159251598641,global_ddp_mean,2,-0.046604134142398834,3.685743570327759,3.685743570327759,5.04760400144022e-11,5.04760400144022e-11,5.042059825210998e-11,5.042059825210998e-11,1.0084119800687089e-11,5.042059825210998e-11,1.3694940804010835e-11,1.3679898584921434e-11,1.3679898584921434e-11,2.7359797577535618e-12,2.7359797577535618e-12,-2.6908255007215143e-20,-2.6908255007215143e-20,1.0,1.0,0.0,1,0,0,0,0,1,0,1.0,1.0,0.2,0.20000000298023224
29,1200,0,dpga,rpn,0.6381577253341675,0.00010002159251598641,global_ddp_mean,2,0.0,4.90512752532959,4.90512752532959,0.0,0.0,0.0,0.0,0.0,0.0,0.0,0.0,0.0,0.0,0.0,0.0,0.0,1.0,1.0,0.0,0,0,0,0,0,0,0,0.0,0.0,0.2,0.0
29,1200,0,dpga,roi_shared,0.6381577253341675,0.00010002159251598641,global_ddp_mean,2,-0.14414210617542267,5.210647106170654,5.210647106170654,1.3807535670373738e-10,1.3807535670373738e-10,1.3662940223646558e-10,1.3662940223646558e-10,2.7325880854480465e-11,1.3662940223646558e-10,2.649869658995388e-11,2.6221196610045543e-11,2.6221196610045543e-11,5.2442394001543644e-12,5.2442394001543644e-12,-5.559359074570802e-20,-5.559359074570802e-20,1.0,1.0,0.0,1,0,0,0,0,1,0,1.0,1.0,0.2,0.20000000298023224
29,1200,0,dpga,roi_cls,0.6381577253341675,0.00010002159251598641,global_ddp_mean,2,0.0,4.47762393951416,4.47762393951416,0.0,0.0,0.0,0.0,0.0,0.0,0.0,0.0,0.0,0.0,0.0,0.0,0.0,1.0,1.0,0.0,0,0,0,0,0,0,0,0.0,0.0,0.2,0.0
29,1200,0,dpga,roi_reg,0.6381577253341675,0.00010002159251598641,global_ddp_mean,2,-0.6450105905532837,4.50505256652832,4.50505256652832,4.117460539188045e-10,4.117460539188045e-10,3.145245452973455e-10,3.145245452973455e-10,6.29049099968253e-11,3.145245452973455e-10,9.139650377844623e-11,6.981595456492623e-11,6.981595456492623e-11,1.3963191121053005e-11,1.3963191121053005e-11,2.6089344860335795e-19,2.6089344860335795e-19,1.0,1.0,0.0,1,0,0,0,0,1,0,1.0,1.0,0.2,0.20000000298023224
29,1300,0,dpga,backbone,0.08536222577095032,0.0,global_ddp_mean,2,0.0,6.598787307739258,6.598787307739258,0.0,0.0,0.0,0.0,0.0,0.0,0.0,0.0,0.0,0.0,0.0,0.0,0.0,1.0,1.0,0.0,0,0,0,0,0,0,0,0.0,0.0,0.2,0.0
29,1300,0,dpga,fpn,0.08536222577095032,0.0,global_ddp_mean,2,0.0,1.586260199546814,1.586260199546814,0.0,0.0,0.0,0.0,0.0,0.0,0.0,0.0,0.0,0.0,0.0,0.0,0.0,1.0,1.0,0.0,0,0,0,0,0,0,0,0.0,0.0,0.2,0.0
29,1300,0,dpga,rpn,0.08536222577095032,0.0,global_ddp_mean,2,0.0,1.8101500272750854,1.8101500272750854,0.0,0.0,0.0,0.0,0.0,0.0,0.0,0.0,0.0,0.0,0.0,0.0,0.0,1.0,1.0,0.0,0,0,0,0,0,0,0,0.0,0.0,0.2,0.0
29,1300,0,dpga,roi_shared,0.08536222577095032,0.0,global_ddp_mean,2,0.0,4.06782341003418,4.06782341003418,0.0,0.0,0.0,0.0,0.0,0.0,0.0,0.0,0.0,0.0,0.0,0.0,0.0,1.0,1.0,0.0,0,0,0,0,0,0,0,0.0,0.0,0.2,0.0
29,1300,0,dpga,roi_cls,0.08536222577095032,0.0,global_ddp_mean,2,0.0,3.1272778511047363,3.1272778511047363,0.0,0.0,0.0,0.0,0.0,0.0,0.0,0.0,0.0,0.0,0.0,0.0,0.0,1.0,1.0,0.0,0,0,0,0,0,0,0,0.0,0.0,0.2,0.0
29,1300,0,dpga,roi_reg,0.08536222577095032,0.0,global_ddp_mean,2,0.0,1.7341008186340332,1.7341008186340332,0.0,0.0,0.0,0.0,0.0,0.0,0.0,0.0,0.0,0.0,0.0,0.0,0.0,1.0,1.0,0.0,0,0,0,0,0,0,0,0.0,0.0,0.2,0.0
29,1400,0,dpga,backbone,0.3963790535926819,0.0,global_ddp_mean,2,0.0,9.526651382446289,9.526651382446289,0.0,0.0,0.0,0.0,0.0,0.0,0.0,0.0,0.0,0.0,0.0,0.0,0.0,1.0,1.0,0.0,0,0,0,0,0,0,0,0.0,0.0,0.2,0.0
29,1400,0,dpga,fpn,0.3963790535926819,0.0,global_ddp_mean,2,0.0,2.144716262817383,2.144716262817383,0.0,0.0,0.0,0.0,0.0,0.0,0.0,0.0,0.0,0.0,0.0,0.0,0.0,1.0,1.0,0.0,0,0,0,0,0,0,0,0.0,0.0,0.2,0.0
29,1400,0,dpga,rpn,0.3963790535926819,0.0,global_ddp_mean,2,0.0,1.6693633794784546,1.6693633794784546,0.0,0.0,0.0,0.0,0.0,0.0,0.0,0.0,0.0,0.0,0.0,0.0,0.0,1.0,1.0,0.0,0,0,0,0,0,0,0,0.0,0.0,0.2,0.0
29,1400,0,dpga,roi_shared,0.3963790535926819,0.0,global_ddp_mean,2,0.0,4.6336469650268555,4.6336469650268555,0.0,0.0,0.0,0.0,0.0,0.0,0.0,0.0,0.0,0.0,0.0,0.0,0.0,1.0,1.0,0.0,0,0,0,0,0,0,0,0.0,0.0,0.2,0.0
29,1400,0,dpga,roi_cls,0.3963790535926819,0.0,global_ddp_mean,2,0.0,2.874194860458374,2.874194860458374,0.0,0.0,0.0,0.0,0.0,0.0,0.0,0.0,0.0,0.0,0.0,0.0,0.0,1.0,1.0,0.0,0,0,0,0,0,0,0,0.0,0.0,0.2,0.0
29,1400,0,dpga,roi_reg,0.3963790535926819,0.0,global_ddp_mean,2,0.0,1.496166467666626,1.496166467666626,0.0,0.0,0.0,0.0,0.0,0.0,0.0,0.0,0.0,0.0,0.0,0.0,0.0,1.0,1.0,0.0,0,0,0,0,0,0,0,0.0,0.0,0.2,0.0
