epoch,step,rank,method,module,loss_det,loss_odam,gradient_scope,world_size,cosine_raw,det_norm,det_gradient_norm,odam_norm_raw,raw_odam_norm,projected_odam_norm,capped_odam_norm,final_odam_norm,odam_norm_safe,aux_to_det_raw,aux_to_det_projected,aux_to_det_capped,aux_to_det_final,aux_to_det_effective,directional_margin,aux_directional_margin,final_alignment_margin,final_cosine_to_det,final_angle_deg,conflict_raw,dominance_raw,dominance_effective,unsafe_descent,aux_unsafe,projected,cap_active,norm_scale,gate,alpha,effective_weight
0,0,1,dpga,backbone,28.092636108398438,0.0,global_ddp_mean,2,0.0,1152.1146240234375,1152.1146240234375,0.0,0.0,0.0,0.0,0.0,0.0,0.0,0.0,0.0,0.0,0.0,0.0,0.0,1.0,1.0,0.0,0,0,0,0,0,0,0,0.0,0.0,0.0,0.0
0,0,1,dpga,fpn,28.092636108398438,0.0,global_ddp_mean,2,0.0,486.54119873046875,486.54119873046875,0.0,0.0,0.0,0.0,0.0,0.0,0.0,0.0,0.0,0.0,0.0,0.0,0.0,1.0,1.0,0.0,0,0,0,0,0,0,0,0.0,0.0,0.0,0.0
0,0,1,dpga,rpn,28.092636108398438,0.0,global_ddp_mean,2,0.0,485.7654113769531,485.7654113769531,0.0,0.0,0.0,0.0,0.0,0.0,0.0,0.0,0.0,0.0,0.0,0.0,0.0,1.0,1.0,0.0,0,0,0,0,0,0,0,0.0,0.0,0.0,0.0
0,0,1,dpga,roi_shared,28.092636108398438,0.0,global_ddp_mean,2,0.0,1470.4986572265625,1470.4986572265625,0.0,0.0,0.0,0.0,0.0,0.0,0.0,0.0,0.0,0.0,0.0,0.0,0.0,1.0,1.0,0.0,0,0,0,0,0,0,0,0.0,0.0,0.0,0.0
0,0,1,dpga,roi_cls,28.092636108398438,0.0,global_ddp_mean,2,0.0,1766.97607421875,1766.97607421875,0.0,0.0,0.0,0.0,0.0,0.0,0.0,0.0,0.0,0.0,0.0,0.0,0.0,1.0,1.0,0.0,0,0,0,0,0,0,0,0.0,0.0,0.0,0.0
0,0,1,dpga,roi_reg,28.092636108398438,0.0,global_ddp_mean,2,0.0,589.949951171875,589.949951171875,0.0,0.0,0.0,0.0,0.0,0.0,0.0,0.0,0.0,0.0,0.0,0.0,0.0,1.0,1.0,0.0,0,0,0,0,0,0,0,0.0,0.0,0.0,0.0
0,100,1,dpga,backbone,0.027366051450371742,0.0,global_ddp_mean,2,0.0,6.630303859710693,6.630303859710693,0.0,0.0,0.0,0.0,0.0,0.0,0.0,0.0,0.0,0.0,0.0,0.0,0.0,1.0,1.0,0.0,0,0,0,0,0,0,0,0.0,0.0,0.0,0.0
0,100,1,dpga,fpn,0.027366051450371742,0.0,global_ddp_mean,2,0.0,2.5018999576568604,2.5018999576568604,0.0,0.0,0.0,0.0,0.0,0.0,0.0,0.0,0.0,0.0,0.0,0.0,0.0,1.0,1.0,0.0,0,0,0,0,0,0,0,0.0,0.0,0.0,0.0
0,100,1,dpga,rpn,0.027366051450371742,0.0,global_ddp_mean,2,0.0,9.125041007995605,9.125041007995605,0.0,0.0,0.0,0.0,0.0,0.0,0.0,0.0,0.0,0.0,0.0,0.0,0.0,1.0,1.0,0.0,0,0,0,0,0,0,0,0.0,0.0,0.0,0.0
0,100,1,dpga,roi_shared,0.027366051450371742,0.0,global_ddp_mean,2,0.0,2.384420394897461,2.384420394897461,0.0,0.0,0.0,0.0,0.0,0.0,0.0,0.0,0.0,0.0,0.0,0.0,0.0,1.0,1.0,0.0,0,0,0,0,0,0,0,0.0,0.0,0.0,0.0
0,100,1,dpga,roi_cls,0.027366051450371742,0.0,global_ddp_mean,2,0.0,2.9856555461883545,2.9856555461883545,0.0,0.0,0.0,0.0,0.0,0.0,0.0,0.0,0.0,0.0,0.0,0.0,0.0,1.0,1.0,0.0,0,0,0,0,0,0,0,0.0,0.0,0.0,0.0
0,100,1,dpga,roi_reg,0.027366051450371742,0.0,global_ddp_mean,2,0.0,0.0,0.0,0.0,0.0,0.0,0.0,0.0,0.0,0.0,0.0,0.0,0.0,0.0,0.0,0.0,0.0,0.0,90.0,0,0,0,0,0,0,0,0.0,0.0,0.0,0.0
0,200,1,dpga,backbone,0.6012237668037415,0.0,global_ddp_mean,2,0.0,71.65797424316406,71.65797424316406,0.0,0.0,0.0,0.0,0.0,0.0,0.0,0.0,0.0,0.0,0.0,0.0,0.0,1.0,1.0,0.0,0,0,0,0,0,0,0,0.0,0.0,0.0,0.0
0,200,1,dpga,fpn,0.6012237668037415,0.0,global_ddp_mean,2,0.0,25.997499465942383,25.997499465942383,0.0,0.0,0.0,0.0,0.0,0.0,0.0,0.0,0.0,0.0,0.0,0.0,0.0,1.0,1.0,0.0,0,0,0,0,0,0,0,0.0,0.0,0.0,0.0
0,200,1,dpga,rpn,0.6012237668037415,0.0,global_ddp_mean,2,0.0,17.714366912841797,17.714366912841797,0.0,0.0,0.0,0.0,0.0,0.0,0.0,0.0,0.0,0.0,0.0,0.0,0.0,1.0,1.0,0.0,0,0,0,0,0,0,0,0.0,0.0,0.0,0.0
0,200,1,dpga,roi_shared,0.6012237668037415,0.0,global_ddp_mean,2,0.0,81.87712860107422,81.87712860107422,0.0,0.0,0.0,0.0,0.0,0.0,0.0,0.0,0.0,0.0,0.0,0.0,0.0,1.0,1.0,0.0,0,0,0,0,0,0,0,0.0,0.0,0.0,0.0
0,200,1,dpga,roi_cls,0.6012237668037415,0.0,global_ddp_mean,2,0.0,83.49816131591797,83.49816131591797,0.0,0.0,0.0,0.0,0.0,0.0,0.0,0.0,0.0,0.0,0.0,0.0,0.0,1.0,1.0,0.0,0,0,0,0,0,0,0,0.0,0.0,0.0,0.0
0,200,1,dpga,roi_reg,0.6012237668037415,0.0,global_ddp_mean,2,0.0,5.88895320892334,5.88895320892334,0.0,0.0,0.0,0.0,0.0,0.0,0.0,0.0,0.0,0.0,0.0,0.0,0.0,1.0,1.0,0.0,0,0,0,0,0,0,0,0.0,0.0,0.0,0.0
0,300,1,dpga,backbone,0.6233115792274475,-0.0,global_ddp_mean,2,0.0,26.797353744506836,26.797353744506836,0.0,0.0,0.0,0.0,0.0,0.0,0.0,0.0,0.0,0.0,0.0,0.0,0.0,1.0,1.0,0.0,0,0,0,0,0,0,0,0.0,0.0,0.0,0.0
0,300,1,dpga,fpn,0.6233115792274475,-0.0,global_ddp_mean,2,0.0,10.461273193359375,10.461273193359375,0.0,0.0,0.0,0.0,0.0,0.0,0.0,0.0,0.0,0.0,0.0,0.0,0.0,1.0,1.0,0.0,0,0,0,0,0,0,0,0.0,0.0,0.0,0.0
0,300,1,dpga,rpn,0.6233115792274475,-0.0,global_ddp_mean,2,0.0,23.44327735900879,23.44327735900879,0.0,0.0,0.0,0.0,0.0,0.0,0.0,0.0,0.0,0.0,0.0,0.0,0.0,1.0,1.0,0.0,0,0,0,0,0,0,0,0.0,0.0,0.0,0.0
0,300,1,dpga,roi_shared,0.6233115792274475,-0.0,global_ddp_mean,2,0.0,27.824180603027344,27.824180603027344,0.0,0.0,0.0,0.0,0.0,0.0,0.0,0.0,0.0,0.0,0.0,0.0,0.0,1.0,1.0,0.0,0,0,0,0,0,0,0,0.0,0.0,0.0,0.0
0,300,1,dpga,roi_cls,0.6233115792274475,-0.0,global_ddp_mean,2,0.0,28.50183868408203,28.50183868408203,0.0,0.0,0.0,0.0,0.0,0.0,0.0,0.0,0.0,0.0,0.0,0.0,0.0,1.0,1.0,0.0,0,0,0,0,0,0,0,0.0,0.0,0.0,0.0
0,300,1,dpga,roi_reg,0.6233115792274475,-0.0,global_ddp_mean,2,0.0,6.190985202789307,6.190985202789307,0.0,0.0,0.0,0.0,0.0,0.0,0.0,0.0,0.0,0.0,0.0,0.0,0.0,1.0,1.0,0.0,0,0,0,0,0,0,0,0.0,0.0,0.0,0.0
0,400,1,dpga,backbone,0.6156539916992188,0.0,global_ddp_mean,2,0.0,24.921445846557617,24.921445846557617,0.0,0.0,0.0,0.0,0.0,0.0,0.0,0.0,0.0,0.0,0.0,0.0,0.0,1.0,1.0,0.0,0,0,0,0,0,0,0,0.0,0.0,0.0,0.0
0,400,1,dpga,fpn,0.6156539916992188,0.0,global_ddp_mean,2,0.0,8.601667404174805,8.601667404174805,0.0,0.0,0.0,0.0,0.0,0.0,0.0,0.0,0.0,0.0,0.0,0.0,0.0,1.0,1.0,0.0,0,0,0,0,0,0,0,0.0,0.0,0.0,0.0
0,400,1,dpga,rpn,0.6156539916992188,0.0,global_ddp_mean,2,0.0,18.390901565551758,18.390901565551758,0.0,0.0,0.0,0.0,0.0,0.0,0.0,0.0,0.0,0.0,0.0,0.0,0.0,1.0,1.0,0.0,0,0,0,0,0,0,0,0.0,0.0,0.0,0.0
0,400,1,dpga,roi_shared,0.6156539916992188,0.0,global_ddp_mean,2,0.0,23.16398811340332,23.16398811340332,0.0,0.0,0.0,0.0,0.0,0.0,0.0,0.0,0.0,0.0,0.0,0.0,0.0,1.0,1.0,0.0,0,0,0,0,0,0,0,0.0,0.0,0.0,0.0
0,400,1,dpga,roi_cls,0.6156539916992188,0.0,global_ddp_mean,2,0.0,25.885019302368164,25.885019302368164,0.0,0.0,0.0,0.0,0.0,0.0,0.0,0.0,0.0,0.0,0.0,0.0,0.0,1.0,1.0,0.0,0,0,0,0,0,0,0,0.0,0.0,0.0,0.0
0,400,1,dpga,roi_reg,0.6156539916992188,0.0,global_ddp_mean,2,0.0,4.217801094055176,4.217801094055176,0.0,0.0,0.0,0.0,0.0,0.0,0.0,0.0,0.0,0.0,0.0,0.0,0.0,1.0,1.0,0.0,0,0,0,0,0,0,0,0.0,0.0,0.0,0.0
0,500,1,dpga,backbone,0.09518981724977493,-0.0,global_ddp_mean,2,0.0,19.104883193969727,19.104883193969727,0.0,0.0,0.0,0.0,0.0,0.0,0.0,0.0,0.0,0.0,0.0,0.0,0.0,1.0,1.0,0.0,0,0,0,0,0,0,0,0.0,0.0,0.0,0.0
0,500,1,dpga,fpn,0.09518981724977493,-0.0,global_ddp_mean,2,0.0,6.286310195922852,6.286310195922852,0.0,0.0,0.0,0.0,0.0,0.0,0.0,0.0,0.0,0.0,0.0,0.0,0.0,1.0,1.0,0.0,0,0,0,0,0,0,0,0.0,0.0,0.0,0.0
0,500,1,dpga,rpn,0.09518981724977493,-0.0,global_ddp_mean,2,0.0,15.963960647583008,15.963960647583008,0.0,0.0,0.0,0.0,0.0,0.0,0.0,0.0,0.0,0.0,0.0,0.0,0.0,1.0,1.0,0.0,0,0,0,0,0,0,0,0.0,0.0,0.0,0.0
0,500,1,dpga,roi_shared,0.09518981724977493,-0.0,global_ddp_mean,2,0.0,13.749897956848145,13.749897956848145,0.0,0.0,0.0,0.0,0.0,0.0,0.0,0.0,0.0,0.0,0.0,0.0,0.0,1.0,1.0,0.0,0,0,0,0,0,0,0,0.0,0.0,0.0,0.0
0,500,1,dpga,roi_cls,0.09518981724977493,-0.0,global_ddp_mean,2,0.0,15.759331703186035,15.759331703186035,0.0,0.0,0.0,0.0,0.0,0.0,0.0,0.0,0.0,0.0,0.0,0.0,0.0,1.0,1.0,0.0,0,0,0,0,0,0,0,0.0,0.0,0.0,0.0
0,500,1,dpga,roi_reg,0.09518981724977493,-0.0,global_ddp_mean,2,0.0,1.6289715766906738,1.6289715766906738,0.0,0.0,0.0,0.0,0.0,0.0,0.0,0.0,0.0,0.0,0.0,0.0,0.0,1.0,1.0,0.0,0,0,0,0,0,0,0,0.0,0.0,0.0,0.0
0,600,1,dpga,backbone,0.006588620133697987,0.0,global_ddp_mean,2,0.0,1.9854263067245483,1.9854263067245483,0.0,0.0,0.0,0.0,0.0,0.0,0.0,0.0,0.0,0.0,0.0,0.0,0.0,1.0,1.0,0.0,0,0,0,0,0,0,0,0.0,0.0,0.0,0.0
0,600,1,dpga,fpn,0.006588620133697987,0.0,global_ddp_mean,2,0.0,0.4607172906398773,0.4607172906398773,0.0,0.0,0.0,0.0,0.0,0.0,0.0,0.0,0.0,0.0,0.0,0.0,0.0,1.0,1.0,0.0,0,0,0,0,0,0,0,0.0,0.0,0.0,0.0
0,600,1,dpga,rpn,0.006588620133697987,0.0,global_ddp_mean,2,0.0,1.8791390657424927,1.8791390657424927,0.0,0.0,0.0,0.0,0.0,0.0,0.0,0.0,0.0,0.0,0.0,0.0,0.0,1.0,1.0,0.0,0,0,0,0,0,0,0,0.0,0.0,0.0,0.0
0,600,1,dpga,roi_shared,0.006588620133697987,0.0,global_ddp_mean,2,0.0,0.0,0.0,0.0,0.0,0.0,0.0,0.0,0.0,0.0,0.0,0.0,0.0,0.0,0.0,0.0,0.0,0.0,90.0,0,0,0,0,0,0,0,0.0,0.0,0.0,0.0
0,600,1,dpga,roi_cls,0.006588620133697987,0.0,global_ddp_mean,2,0.0,0.0,0.0,0.0,0.0,0.0,0.0,0.0,0.0,0.0,0.0,0.0,0.0,0.0,0.0,0.0,0.0,0.0,90.0,0,0,0,0,0,0,0,0.0,0.0,0.0,0.0
0,600,1,dpga,roi_reg,0.006588620133697987,0.0,global_ddp_mean,2,0.0,0.0,0.0,0.0,0.0,0.0,0.0,0.0,0.0,0.0,0.0,0.0,0.0,0.0,0.0,0.0,0.0,0.0,90.0,0,0,0,0,0,0,0,0.0,0.0,0.0,0.0
0,700,1,dpga,backbone,0.1472802460193634,0.0,global_ddp_mean,2,0.0,11.496435165405273,11.496435165405273,0.0,0.0,0.0,0.0,0.0,0.0,0.0,0.0,0.0,0.0,0.0,0.0,0.0,1.0,1.0,0.0,0,0,0,0,0,0,0,0.0,0.0,0.0,0.0
0,700,1,dpga,fpn,0.1472802460193634,0.0,global_ddp_mean,2,0.0,4.052984714508057,4.052984714508057,0.0,0.0,0.0,0.0,0.0,0.0,0.0,0.0,0.0,0.0,0.0,0.0,0.0,1.0,1.0,0.0,0,0,0,0,0,0,0,0.0,0.0,0.0,0.0
0,700,1,dpga,rpn,0.1472802460193634,0.0,global_ddp_mean,2,0.0,8.861971855163574,8.861971855163574,0.0,0.0,0.0,0.0,0.0,0.0,0.0,0.0,0.0,0.0,0.0,0.0,0.0,1.0,1.0,0.0,0,0,0,0,0,0,0,0.0,0.0,0.0,0.0
0,700,1,dpga,roi_shared,0.1472802460193634,0.0,global_ddp_mean,2,0.0,10.533905029296875,10.533905029296875,0.0,0.0,0.0,0.0,0.0,0.0,0.0,0.0,0.0,0.0,0.0,0.0,0.0,1.0,1.0,0.0,0,0,0,0,0,0,0,0.0,0.0,0.0,0.0
0,700,1,dpga,roi_cls,0.1472802460193634,0.0,global_ddp_mean,2,0.0,10.723722457885742,10.723722457885742,0.0,0.0,0.0,0.0,0.0,0.0,0.0,0.0,0.0,0.0,0.0,0.0,0.0,1.0,1.0,0.0,0,0,0,0,0,0,0,0.0,0.0,0.0,0.0
0,700,1,dpga,roi_reg,0.1472802460193634,0.0,global_ddp_mean,2,0.0,3.1335556507110596,3.1335556507110596,0.0,0.0,0.0,0.0,0.0,0.0,0.0,0.0,0.0,0.0,0.0,0.0,0.0,1.0,1.0,0.0,0,0,0,0,0,0,0,0.0,0.0,0.0,0.0
0,800,1,dpga,backbone,0.009076792746782303,0.0,global_ddp_mean,2,0.0,11.272309303283691,11.272309303283691,0.0,0.0,0.0,0.0,0.0,0.0,0.0,0.0,0.0,0.0,0.0,0.0,0.0,1.0,1.0,0.0,0,0,0,0,0,0,0,0.0,0.0,0.0,0.0
0,800,1,dpga,fpn,0.009076792746782303,0.0,global_ddp_mean,2,0.0,3.450395345687866,3.450395345687866,0.0,0.0,0.0,0.0,0.0,0.0,0.0,0.0,0.0,0.0,0.0,0.0,0.0,1.0,1.0,0.0,0,0,0,0,0,0,0,0.0,0.0,0.0,0.0
0,800,1,dpga,rpn,0.009076792746782303,0.0,global_ddp_mean,2,0.0,10.938394546508789,10.938394546508789,0.0,0.0,0.0,0.0,0.0,0.0,0.0,0.0,0.0,0.0,0.0,0.0,0.0,1.0,1.0,0.0,0,0,0,0,0,0,0,0.0,0.0,0.0,0.0
0,800,1,dpga,roi_shared,0.009076792746782303,0.0,global_ddp_mean,2,0.0,7.010005474090576,7.010005474090576,0.0,0.0,0.0,0.0,0.0,0.0,0.0,0.0,0.0,0.0,0.0,0.0,0.0,1.0,1.0,0.0,0,0,0,0,0,0,0,0.0,0.0,0.0,0.0
0,800,1,dpga,roi_cls,0.009076792746782303,0.0,global_ddp_mean,2,0.0,7.113070964813232,7.113070964813232,0.0,0.0,0.0,0.0,0.0,0.0,0.0,0.0,0.0,0.0,0.0,0.0,0.0,1.0,1.0,0.0,0,0,0,0,0,0,0,0.0,0.0,0.0,0.0
0,800,1,dpga,roi_reg,0.009076792746782303,0.0,global_ddp_mean,2,0.0,10.30964183807373,10.30964183807373,0.0,0.0,0.0,0.0,0.0,0.0,0.0,0.0,0.0,0.0,0.0,0.0,0.0,1.0,1.0,0.0,0,0,0,0,0,0,0,0.0,0.0,0.0,0.0
0,900,1,dpga,backbone,0.18872223794460297,0.0,global_ddp_mean,2,0.0,21.133195877075195,21.133195877075195,0.0,0.0,0.0,0.0,0.0,0.0,0.0,0.0,0.0,0.0,0.0,0.0,0.0,1.0,1.0,0.0,0,0,0,0,0,0,0,0.0,0.0,0.0,0.0
0,900,1,dpga,fpn,0.18872223794460297,0.0,global_ddp_mean,2,0.0,5.817765712738037,5.817765712738037,0.0,0.0,0.0,0.0,0.0,0.0,0.0,0.0,0.0,0.0,0.0,0.0,0.0,1.0,1.0,0.0,0,0,0,0,0,0,0,0.0,0.0,0.0,0.0
0,900,1,dpga,rpn,0.18872223794460297,0.0,global_ddp_mean,2,0.0,21.68816375732422,21.68816375732422,0.0,0.0,0.0,0.0,0.0,0.0,0.0,0.0,0.0,0.0,0.0,0.0,0.0,1.0,1.0,0.0,0,0,0,0,0,0,0,0.0,0.0,0.0,0.0
0,900,1,dpga,roi_shared,0.18872223794460297,0.0,global_ddp_mean,2,0.0,8.136134147644043,8.136134147644043,0.0,0.0,0.0,0.0,0.0,0.0,0.0,0.0,0.0,0.0,0.0,0.0,0.0,1.0,1.0,0.0,0,0,0,0,0,0,0,0.0,0.0,0.0,0.0
0,900,1,dpga,roi_cls,0.18872223794460297,0.0,global_ddp_mean,2,0.0,8.217175483703613,8.217175483703613,0.0,0.0,0.0,0.0,0.0,0.0,0.0,0.0,0.0,0.0,0.0,0.0,0.0,1.0,1.0,0.0,0,0,0,0,0,0,0,0.0,0.0,0.0,0.0
0,900,1,dpga,roi_reg,0.18872223794460297,0.0,global_ddp_mean,2,0.0,21.32411766052246,21.32411766052246,0.0,0.0,0.0,0.0,0.0,0.0,0.0,0.0,0.0,0.0,0.0,0.0,0.0,1.0,1.0,0.0,0,0,0,0,0,0,0,0.0,0.0,0.0,0.0
0,1000,1,dpga,backbone,0.21317295730113983,-0.0,global_ddp_mean,2,0.0,8.943589210510254,8.943589210510254,0.0,0.0,0.0,0.0,0.0,0.0,0.0,0.0,0.0,0.0,0.0,0.0,0.0,1.0,1.0,0.0,0,0,0,0,0,0,0,0.0,0.0,0.0,0.0
0,1000,1,dpga,fpn,0.21317295730113983,-0.0,global_ddp_mean,2,0.0,2.8954429626464844,2.8954429626464844,0.0,0.0,0.0,0.0,0.0,0.0,0.0,0.0,0.0,0.0,0.0,0.0,0.0,1.0,1.0,0.0,0,0,0,0,0,0,0,0.0,0.0,0.0,0.0
0,1000,1,dpga,rpn,0.21317295730113983,-0.0,global_ddp_mean,2,0.0,6.709332466125488,6.709332466125488,0.0,0.0,0.0,0.0,0.0,0.0,0.0,0.0,0.0,0.0,0.0,0.0,0.0,1.0,1.0,0.0,0,0,0,0,0,0,0,0.0,0.0,0.0,0.0
0,1000,1,dpga,roi_shared,0.21317295730113983,-0.0,global_ddp_mean,2,0.0,7.2604660987854,7.2604660987854,0.0,0.0,0.0,0.0,0.0,0.0,0.0,0.0,0.0,0.0,0.0,0.0,0.0,1.0,1.0,0.0,0,0,0,0,0,0,0,0.0,0.0,0.0,0.0
0,1000,1,dpga,roi_cls,0.21317295730113983,-0.0,global_ddp_mean,2,0.0,5.881923198699951,5.881923198699951,0.0,0.0,0.0,0.0,0.0,0.0,0.0,0.0,0.0,0.0,0.0,0.0,0.0,1.0,1.0,0.0,0,0,0,0,0,0,0,0.0,0.0,0.0,0.0
0,1000,1,dpga,roi_reg,0.21317295730113983,-0.0,global_ddp_mean,2,0.0,3.7180545330047607,3.7180545330047607,0.0,0.0,0.0,0.0,0.0,0.0,0.0,0.0,0.0,0.0,0.0,0.0,0.0,1.0,1.0,0.0,0,0,0,0,0,0,0,0.0,0.0,0.0,0.0
0,1100,1,dpga,backbone,0.17410138249397278,-0.0,global_ddp_mean,2,0.0,30.50464630126953,30.50464630126953,0.0,0.0,0.0,0.0,0.0,0.0,0.0,0.0,0.0,0.0,0.0,0.0,0.0,1.0,1.0,0.0,0,0,0,0,0,0,0,0.0,0.0,0.0,0.0
0,1100,1,dpga,fpn,0.17410138249397278,-0.0,global_ddp_mean,2,0.0,10.969996452331543,10.969996452331543,0.0,0.0,0.0,0.0,0.0,0.0,0.0,0.0,0.0,0.0,0.0,0.0,0.0,1.0,1.0,0.0,0,0,0,0,0,0,0,0.0,0.0,0.0,0.0
0,1100,1,dpga,rpn,0.17410138249397278,-0.0,global_ddp_mean,2,0.0,11.332082748413086,11.332082748413086,0.0,0.0,0.0,0.0,0.0,0.0,0.0,0.0,0.0,0.0,0.0,0.0,0.0,1.0,1.0,0.0,0,0,0,0,0,0,0,0.0,0.0,0.0,0.0
0,1100,1,dpga,roi_shared,0.17410138249397278,-0.0,global_ddp_mean,2,0.0,33.005435943603516,33.005435943603516,0.0,0.0,0.0,0.0,0.0,0.0,0.0,0.0,0.0,0.0,0.0,0.0,0.0,1.0,1.0,0.0,0,0,0,0,0,0,0,0.0,0.0,0.0,0.0
0,1100,1,dpga,roi_cls,0.17410138249397278,-0.0,global_ddp_mean,2,0.0,36.63777542114258,36.63777542114258,0.0,0.0,0.0,0.0,0.0,0.0,0.0,0.0,0.0,0.0,0.0,0.0,0.0,1.0,1.0,0.0,0,0,0,0,0,0,0,0.0,0.0,0.0,0.0
0,1100,1,dpga,roi_reg,0.17410138249397278,-0.0,global_ddp_mean,2,0.0,3.704896926879883,3.704896926879883,0.0,0.0,0.0,0.0,0.0,0.0,0.0,0.0,0.0,0.0,0.0,0.0,0.0,1.0,1.0,0.0,0,0,0,0,0,0,0,0.0,0.0,0.0,0.0
0,1200,1,dpga,backbone,0.9129489660263062,0.0,global_ddp_mean,2,0.0,25.099445343017578,25.099445343017578,0.0,0.0,0.0,0.0,0.0,0.0,0.0,0.0,0.0,0.0,0.0,0.0,0.0,1.0,1.0,0.0,0,0,0,0,0,0,0,0.0,0.0,0.0,0.0
0,1200,1,dpga,fpn,0.9129489660263062,0.0,global_ddp_mean,2,0.0,7.538283348083496,7.538283348083496,0.0,0.0,0.0,0.0,0.0,0.0,0.0,0.0,0.0,0.0,0.0,0.0,0.0,1.0,1.0,0.0,0,0,0,0,0,0,0,0.0,0.0,0.0,0.0
0,1200,1,dpga,rpn,0.9129489660263062,0.0,global_ddp_mean,2,0.0,13.222423553466797,13.222423553466797,0.0,0.0,0.0,0.0,0.0,0.0,0.0,0.0,0.0,0.0,0.0,0.0,0.0,1.0,1.0,0.0,0,0,0,0,0,0,0,0.0,0.0,0.0,0.0
0,1200,1,dpga,roi_shared,0.9129489660263062,0.0,global_ddp_mean,2,0.0,18.995325088500977,18.995325088500977,0.0,0.0,0.0,0.0,0.0,0.0,0.0,0.0,0.0,0.0,0.0,0.0,0.0,1.0,1.0,0.0,0,0,0,0,0,0,0,0.0,0.0,0.0,0.0
0,1200,1,dpga,roi_cls,0.9129489660263062,0.0,global_ddp_mean,2,0.0,19.74559783935547,19.74559783935547,0.0,0.0,0.0,0.0,0.0,0.0,0.0,0.0,0.0,0.0,0.0,0.0,0.0,1.0,1.0,0.0,0,0,0,0,0,0,0,0.0,0.0,0.0,0.0
0,1200,1,dpga,roi_reg,0.9129489660263062,0.0,global_ddp_mean,2,0.0,10.751615524291992,10.751615524291992,0.0,0.0,0.0,0.0,0.0,0.0,0.0,0.0,0.0,0.0,0.0,0.0,0.0,1.0,1.0,0.0,0,0,0,0,0,0,0,0.0,0.0,0.0,0.0
0,1300,1,dpga,backbone,0.8049606680870056,-0.0,global_ddp_mean,2,0.0,21.46229362487793,21.46229362487793,0.0,0.0,0.0,0.0,0.0,0.0,0.0,0.0,0.0,0.0,0.0,0.0,0.0,1.0,1.0,0.0,0,0,0,0,0,0,0,0.0,0.0,0.0,0.0
0,1300,1,dpga,fpn,0.8049606680870056,-0.0,global_ddp_mean,2,0.0,8.446723937988281,8.446723937988281,0.0,0.0,0.0,0.0,0.0,0.0,0.0,0.0,0.0,0.0,0.0,0.0,0.0,1.0,1.0,0.0,0,0,0,0,0,0,0,0.0,0.0,0.0,0.0
0,1300,1,dpga,rpn,0.8049606680870056,-0.0,global_ddp_mean,2,0.0,9.67165756225586,9.67165756225586,0.0,0.0,0.0,0.0,0.0,0.0,0.0,0.0,0.0,0.0,0.0,0.0,0.0,1.0,1.0,0.0,0,0,0,0,0,0,0,0.0,0.0,0.0,0.0
0,1300,1,dpga,roi_shared,0.8049606680870056,-0.0,global_ddp_mean,2,0.0,26.039331436157227,26.039331436157227,0.0,0.0,0.0,0.0,0.0,0.0,0.0,0.0,0.0,0.0,0.0,0.0,0.0,1.0,1.0,0.0,0,0,0,0,0,0,0,0.0,0.0,0.0,0.0
0,1300,1,dpga,roi_cls,0.8049606680870056,-0.0,global_ddp_mean,2,0.0,30.522991180419922,30.522991180419922,0.0,0.0,0.0,0.0,0.0,0.0,0.0,0.0,0.0,0.0,0.0,0.0,0.0,1.0,1.0,0.0,0,0,0,0,0,0,0,0.0,0.0,0.0,0.0
0,1300,1,dpga,roi_reg,0.8049606680870056,-0.0,global_ddp_mean,2,0.0,10.050013542175293,10.050013542175293,0.0,0.0,0.0,0.0,0.0,0.0,0.0,0.0,0.0,0.0,0.0,0.0,0.0,1.0,1.0,0.0,0,0,0,0,0,0,0,0.0,0.0,0.0,0.0
0,1400,1,dpga,backbone,1.2732725143432617,0.0,global_ddp_mean,2,0.0,66.18824005126953,66.18824005126953,0.0,0.0,0.0,0.0,0.0,0.0,0.0,0.0,0.0,0.0,0.0,0.0,0.0,1.0,1.0,0.0,0,0,0,0,0,0,0,0.0,0.0,0.0,0.0
0,1400,1,dpga,fpn,1.2732725143432617,0.0,global_ddp_mean,2,0.0,13.530455589294434,13.530455589294434,0.0,0.0,0.0,0.0,0.0,0.0,0.0,0.0,0.0,0.0,0.0,0.0,0.0,1.0,1.0,0.0,0,0,0,0,0,0,0,0.0,0.0,0.0,0.0
0,1400,1,dpga,rpn,1.2732725143432617,0.0,global_ddp_mean,2,0.0,35.35737609863281,35.35737609863281,0.0,0.0,0.0,0.0,0.0,0.0,0.0,0.0,0.0,0.0,0.0,0.0,0.0,1.0,1.0,0.0,0,0,0,0,0,0,0,0.0,0.0,0.0,0.0
0,1400,1,dpga,roi_shared,1.2732725143432617,0.0,global_ddp_mean,2,0.0,28.10814094543457,28.10814094543457,0.0,0.0,0.0,0.0,0.0,0.0,0.0,0.0,0.0,0.0,0.0,0.0,0.0,1.0,1.0,0.0,0,0,0,0,0,0,0,0.0,0.0,0.0,0.0
0,1400,1,dpga,roi_cls,1.2732725143432617,0.0,global_ddp_mean,2,0.0,36.6474609375,36.6474609375,0.0,0.0,0.0,0.0,0.0,0.0,0.0,0.0,0.0,0.0,0.0,0.0,0.0,1.0,1.0,0.0,0,0,0,0,0,0,0,0.0,0.0,0.0,0.0
0,1400,1,dpga,roi_reg,1.2732725143432617,0.0,global_ddp_mean,2,0.0,15.206297874450684,15.206297874450684,0.0,0.0,0.0,0.0,0.0,0.0,0.0,0.0,0.0,0.0,0.0,0.0,0.0,1.0,1.0,0.0,0,0,0,0,0,0,0,0.0,0.0,0.0,0.0
1,0,1,dpga,backbone,0.032256267964839935,-0.0,global_ddp_mean,2,0.0,9.37108325958252,9.37108325958252,0.0,0.0,0.0,0.0,0.0,0.0,0.0,0.0,0.0,0.0,0.0,0.0,0.0,1.0,1.0,0.0,0,0,0,0,0,0,0,0.0,0.0,0.0,0.0
1,0,1,dpga,fpn,0.032256267964839935,-0.0,global_ddp_mean,2,0.0,1.646412968635559,1.646412968635559,0.0,0.0,0.0,0.0,0.0,0.0,0.0,0.0,0.0,0.0,0.0,0.0,0.0,1.0,1.0,0.0,0,0,0,0,0,0,0,0.0,0.0,0.0,0.0
1,0,1,dpga,rpn,0.032256267964839935,-0.0,global_ddp_mean,2,0.0,5.081297874450684,5.081297874450684,0.0,0.0,0.0,0.0,0.0,0.0,0.0,0.0,0.0,0.0,0.0,0.0,0.0,1.0,1.0,0.0,0,0,0,0,0,0,0,0.0,0.0,0.0,0.0
1,0,1,dpga,roi_shared,0.032256267964839935,-0.0,global_ddp_mean,2,0.0,1.1579899787902832,1.1579899787902832,0.0,0.0,0.0,0.0,0.0,0.0,0.0,0.0,0.0,0.0,0.0,0.0,0.0,1.0,1.0,0.0,0,0,0,0,0,0,0,0.0,0.0,0.0,0.0
1,0,1,dpga,roi_cls,0.032256267964839935,-0.0,global_ddp_mean,2,0.0,1.1502294540405273,1.1502294540405273,0.0,0.0,0.0,0.0,0.0,0.0,0.0,0.0,0.0,0.0,0.0,0.0,0.0,1.0,1.0,0.0,0,0,0,0,0,0,0,0.0,0.0,0.0,0.0
1,0,1,dpga,roi_reg,0.032256267964839935,-0.0,global_ddp_mean,2,0.0,0.2838946580886841,0.2838946580886841,0.0,0.0,0.0,0.0,0.0,0.0,0.0,0.0,0.0,0.0,0.0,0.0,0.0,1.0,1.0,0.0,0,0,0,0,0,0,0,0.0,0.0,0.0,0.0
1,100,1,dpga,backbone,0.13863588869571686,-0.0,global_ddp_mean,2,0.0,15.71694564819336,15.71694564819336,0.0,0.0,0.0,0.0,0.0,0.0,0.0,0.0,0.0,0.0,0.0,0.0,0.0,1.0,1.0,0.0,0,0,0,0,0,0,0,0.0,0.0,0.0,0.0
1,100,1,dpga,fpn,0.13863588869571686,-0.0,global_ddp_mean,2,0.0,3.954153537750244,3.954153537750244,0.0,0.0,0.0,0.0,0.0,0.0,0.0,0.0,0.0,0.0,0.0,0.0,0.0,1.0,1.0,0.0,0,0,0,0,0,0,0,0.0,0.0,0.0,0.0
1,100,1,dpga,rpn,0.13863588869571686,-0.0,global_ddp_mean,2,0.0,8.816563606262207,8.816563606262207,0.0,0.0,0.0,0.0,0.0,0.0,0.0,0.0,0.0,0.0,0.0,0.0,0.0,1.0,1.0,0.0,0,0,0,0,0,0,0,0.0,0.0,0.0,0.0
1,100,1,dpga,roi_shared,0.13863588869571686,-0.0,global_ddp_mean,2,0.0,6.475855827331543,6.475855827331543,0.0,0.0,0.0,0.0,0.0,0.0,0.0,0.0,0.0,0.0,0.0,0.0,0.0,1.0,1.0,0.0,0,0,0,0,0,0,0,0.0,0.0,0.0,0.0
1,100,1,dpga,roi_cls,0.13863588869571686,-0.0,global_ddp_mean,2,0.0,4.500287055969238,4.500287055969238,0.0,0.0,0.0,0.0,0.0,0.0,0.0,0.0,0.0,0.0,0.0,0.0,0.0,1.0,1.0,0.0,0,0,0,0,0,0,0,0.0,0.0,0.0,0.0
1,100,1,dpga,roi_reg,0.13863588869571686,-0.0,global_ddp_mean,2,0.0,9.282400131225586,9.282400131225586,0.0,0.0,0.0,0.0,0.0,0.0,0.0,0.0,0.0,0.0,0.0,0.0,0.0,1.0,1.0,0.0,0,0,0,0,0,0,0,0.0,0.0,0.0,0.0
1,200,1,dpga,backbone,0.8217586278915405,0.0,global_ddp_mean,2,0.0,31.507139205932617,31.507139205932617,0.0,0.0,0.0,0.0,0.0,0.0,0.0,0.0,0.0,0.0,0.0,0.0,0.0,1.0,1.0,0.0,0,0,0,0,0,0,0,0.0,0.0,0.0,0.0
1,200,1,dpga,fpn,0.8217586278915405,0.0,global_ddp_mean,2,0.0,6.7425947189331055,6.7425947189331055,0.0,0.0,0.0,0.0,0.0,0.0,0.0,0.0,0.0,0.0,0.0,0.0,0.0,1.0,1.0,0.0,0,0,0,0,0,0,0,0.0,0.0,0.0,0.0
1,200,1,dpga,rpn,0.8217586278915405,0.0,global_ddp_mean,2,0.0,10.385004043579102,10.385004043579102,0.0,0.0,0.0,0.0,0.0,0.0,0.0,0.0,0.0,0.0,0.0,0.0,0.0,1.0,1.0,0.0,0,0,0,0,0,0,0,0.0,0.0,0.0,0.0
1,200,1,dpga,roi_shared,0.8217586278915405,0.0,global_ddp_mean,2,0.0,19.68587303161621,19.68587303161621,0.0,0.0,0.0,0.0,0.0,0.0,0.0,0.0,0.0,0.0,0.0,0.0,0.0,1.0,1.0,0.0,0,0,0,0,0,0,0,0.0,0.0,0.0,0.0
1,200,1,dpga,roi_cls,0.8217586278915405,0.0,global_ddp_mean,2,0.0,24.24654769897461,24.24654769897461,0.0,0.0,0.0,0.0,0.0,0.0,0.0,0.0,0.0,0.0,0.0,0.0,0.0,1.0,1.0,0.0,0,0,0,0,0,0,0,0.0,0.0,0.0,0.0
1,200,1,dpga,roi_reg,0.8217586278915405,0.0,global_ddp_mean,2,0.0,10.591617584228516,10.591617584228516,0.0,0.0,0.0,0.0,0.0,0.0,0.0,0.0,0.0,0.0,0.0,0.0,0.0,1.0,1.0,0.0,0,0,0,0,0,0,0,0.0,0.0,0.0,0.0
1,300,1,dpga,backbone,0.0444423109292984,0.0,global_ddp_mean,2,0.0,25.74882698059082,25.74882698059082,0.0,0.0,0.0,0.0,0.0,0.0,0.0,0.0,0.0,0.0,0.0,0.0,0.0,1.0,1.0,0.0,0,0,0,0,0,0,0,0.0,0.0,0.0,0.0
1,300,1,dpga,fpn,0.0444423109292984,0.0,global_ddp_mean,2,0.0,5.748487949371338,5.748487949371338,0.0,0.0,0.0,0.0,0.0,0.0,0.0,0.0,0.0,0.0,0.0,0.0,0.0,1.0,1.0,0.0,0,0,0,0,0,0,0,0.0,0.0,0.0,0.0
1,300,1,dpga,rpn,0.0444423109292984,0.0,global_ddp_mean,2,0.0,6.80935001373291,6.80935001373291,0.0,0.0,0.0,0.0,0.0,0.0,0.0,0.0,0.0,0.0,0.0,0.0,0.0,1.0,1.0,0.0,0,0,0,0,0,0,0,0.0,0.0,0.0,0.0
1,300,1,dpga,roi_shared,0.0444423109292984,0.0,global_ddp_mean,2,0.0,17.03976821899414,17.03976821899414,0.0,0.0,0.0,0.0,0.0,0.0,0.0,0.0,0.0,0.0,0.0,0.0,0.0,1.0,1.0,0.0,0,0,0,0,0,0,0,0.0,0.0,0.0,0.0
1,300,1,dpga,roi_cls,0.0444423109292984,0.0,global_ddp_mean,2,0.0,20.1392765045166,20.1392765045166,0.0,0.0,0.0,0.0,0.0,0.0,0.0,0.0,0.0,0.0,0.0,0.0,0.0,1.0,1.0,0.0,0,0,0,0,0,0,0,0.0,0.0,0.0,0.0
1,300,1,dpga,roi_reg,0.0444423109292984,0.0,global_ddp_mean,2,0.0,6.328568458557129,6.328568458557129,0.0,0.0,0.0,0.0,0.0,0.0,0.0,0.0,0.0,0.0,0.0,0.0,0.0,1.0,1.0,0.0,0,0,0,0,0,0,0,0.0,0.0,0.0,0.0
1,400,1,dpga,backbone,0.4175792634487152,-0.0,global_ddp_mean,2,0.0,6.8706254959106445,6.8706254959106445,0.0,0.0,0.0,0.0,0.0,0.0,0.0,0.0,0.0,0.0,0.0,0.0,0.0,1.0,1.0,0.0,0,0,0,0,0,0,0,0.0,0.0,0.0,0.0
1,400,1,dpga,fpn,0.4175792634487152,-0.0,global_ddp_mean,2,0.0,1.7199867963790894,1.7199867963790894,0.0,0.0,0.0,0.0,0.0,0.0,0.0,0.0,0.0,0.0,0.0,0.0,0.0,1.0,1.0,0.0,0,0,0,0,0,0,0,0.0,0.0,0.0,0.0
1,400,1,dpga,rpn,0.4175792634487152,-0.0,global_ddp_mean,2,0.0,5.073318958282471,5.073318958282471,0.0,0.0,0.0,0.0,0.0,0.0,0.0,0.0,0.0,0.0,0.0,0.0,0.0,1.0,1.0,0.0,0,0,0,0,0,0,0,0.0,0.0,0.0,0.0
1,400,1,dpga,roi_shared,0.4175792634487152,-0.0,global_ddp_mean,2,0.0,2.4409990310668945,2.4409990310668945,0.0,0.0,0.0,0.0,0.0,0.0,0.0,0.0,0.0,0.0,0.0,0.0,0.0,1.0,1.0,0.0,0,0,0,0,0,0,0,0.0,0.0,0.0,0.0
1,400,1,dpga,roi_cls,0.4175792634487152,-0.0,global_ddp_mean,2,0.0,1.5624897480010986,1.5624897480010986,0.0,0.0,0.0,0.0,0.0,0.0,0.0,0.0,0.0,0.0,0.0,0.0,0.0,1.0,1.0,0.0,0,0,0,0,0,0,0,0.0,0.0,0.0,0.0
1,400,1,dpga,roi_reg,0.4175792634487152,-0.0,global_ddp_mean,2,0.0,1.1935312747955322,1.1935312747955322,0.0,0.0,0.0,0.0,0.0,0.0,0.0,0.0,0.0,0.0,0.0,0.0,0.0,1.0,1.0,0.0,0,0,0,0,0,0,0,0.0,0.0,0.0,0.0
1,500,1,dpga,backbone,0.025626812130212784,0.0,global_ddp_mean,2,0.0,11.551497459411621,11.551497459411621,0.0,0.0,0.0,0.0,0.0,0.0,0.0,0.0,0.0,0.0,0.0,0.0,0.0,1.0,1.0,0.0,0,0,0,0,0,0,0,0.0,0.0,0.0,0.0
1,500,1,dpga,fpn,0.025626812130212784,0.0,global_ddp_mean,2,0.0,3.5360965728759766,3.5360965728759766,0.0,0.0,0.0,0.0,0.0,0.0,0.0,0.0,0.0,0.0,0.0,0.0,0.0,1.0,1.0,0.0,0,0,0,0,0,0,0,0.0,0.0,0.0,0.0
1,500,1,dpga,rpn,0.025626812130212784,0.0,global_ddp_mean,2,0.0,4.870131015777588,4.870131015777588,0.0,0.0,0.0,0.0,0.0,0.0,0.0,0.0,0.0,0.0,0.0,0.0,0.0,1.0,1.0,0.0,0,0,0,0,0,0,0,0.0,0.0,0.0,0.0
1,500,1,dpga,roi_shared,0.025626812130212784,0.0,global_ddp_mean,2,0.0,10.789998054504395,10.789998054504395,0.0,0.0,0.0,0.0,0.0,0.0,0.0,0.0,0.0,0.0,0.0,0.0,0.0,1.0,1.0,0.0,0,0,0,0,0,0,0,0.0,0.0,0.0,0.0
1,500,1,dpga,roi_cls,0.025626812130212784,0.0,global_ddp_mean,2,0.0,11.718317031860352,11.718317031860352,0.0,0.0,0.0,0.0,0.0,0.0,0.0,0.0,0.0,0.0,0.0,0.0,0.0,1.0,1.0,0.0,0,0,0,0,0,0,0,0.0,0.0,0.0,0.0
1,500,1,dpga,roi_reg,0.025626812130212784,0.0,global_ddp_mean,2,0.0,6.89307165145874,6.89307165145874,0.0,0.0,0.0,0.0,0.0,0.0,0.0,0.0,0.0,0.0,0.0,0.0,0.0,1.0,1.0,0.0,0,0,0,0,0,0,0,0.0,0.0,0.0,0.0
1,600,1,dpga,backbone,0.33226627111434937,-0.0,global_ddp_mean,2,0.0,7.261953353881836,7.261953353881836,0.0,0.0,0.0,0.0,0.0,0.0,0.0,0.0,0.0,0.0,0.0,0.0,0.0,1.0,1.0,0.0,0,0,0,0,0,0,0,0.0,0.0,0.0,0.0
1,600,1,dpga,fpn,0.33226627111434937,-0.0,global_ddp_mean,2,0.0,2.4489686489105225,2.4489686489105225,0.0,0.0,0.0,0.0,0.0,0.0,0.0,0.0,0.0,0.0,0.0,0.0,0.0,1.0,1.0,0.0,0,0,0,0,0,0,0,0.0,0.0,0.0,0.0
1,600,1,dpga,rpn,0.33226627111434937,-0.0,global_ddp_mean,2,0.0,3.7863824367523193,3.7863824367523193,0.0,0.0,0.0,0.0,0.0,0.0,0.0,0.0,0.0,0.0,0.0,0.0,0.0,1.0,1.0,0.0,0,0,0,0,0,0,0,0.0,0.0,0.0,0.0
1,600,1,dpga,roi_shared,0.33226627111434937,-0.0,global_ddp_mean,2,0.0,6.7943806648254395,6.7943806648254395,0.0,0.0,0.0,0.0,0.0,0.0,0.0,0.0,0.0,0.0,0.0,0.0,0.0,1.0,1.0,0.0,0,0,0,0,0,0,0,0.0,0.0,0.0,0.0
1,600,1,dpga,roi_cls,0.33226627111434937,-0.0,global_ddp_mean,2,0.0,7.785632610321045,7.785632610321045,0.0,0.0,0.0,0.0,0.0,0.0,0.0,0.0,0.0,0.0,0.0,0.0,0.0,1.0,1.0,0.0,0,0,0,0,0,0,0,0.0,0.0,0.0,0.0
1,600,1,dpga,roi_reg,0.33226627111434937,-0.0,global_ddp_mean,2,0.0,3.4673242568969727,3.4673242568969727,0.0,0.0,0.0,0.0,0.0,0.0,0.0,0.0,0.0,0.0,0.0,0.0,0.0,1.0,1.0,0.0,0,0,0,0,0,0,0,0.0,0.0,0.0,0.0
1,700,1,dpga,backbone,1.0422812700271606,0.0,global_ddp_mean,2,0.0,44.63289260864258,44.63289260864258,0.0,0.0,0.0,0.0,0.0,0.0,0.0,0.0,0.0,0.0,0.0,0.0,0.0,1.0,1.0,0.0,0,0,0,0,0,0,0,0.0,0.0,0.0,0.0
1,700,1,dpga,fpn,1.0422812700271606,0.0,global_ddp_mean,2,0.0,7.430586814880371,7.430586814880371,0.0,0.0,0.0,0.0,0.0,0.0,0.0,0.0,0.0,0.0,0.0,0.0,0.0,1.0,1.0,0.0,0,0,0,0,0,0,0,0.0,0.0,0.0,0.0
1,700,1,dpga,rpn,1.0422812700271606,0.0,global_ddp_mean,2,0.0,20.189327239990234,20.189327239990234,0.0,0.0,0.0,0.0,0.0,0.0,0.0,0.0,0.0,0.0,0.0,0.0,0.0,1.0,1.0,0.0,0,0,0,0,0,0,0,0.0,0.0,0.0,0.0
1,700,1,dpga,roi_shared,1.0422812700271606,0.0,global_ddp_mean,2,0.0,13.342751502990723,13.342751502990723,0.0,0.0,0.0,0.0,0.0,0.0,0.0,0.0,0.0,0.0,0.0,0.0,0.0,1.0,1.0,0.0,0,0,0,0,0,0,0,0.0,0.0,0.0,0.0
1,700,1,dpga,roi_cls,1.0422812700271606,0.0,global_ddp_mean,2,0.0,15.770838737487793,15.770838737487793,0.0,0.0,0.0,0.0,0.0,0.0,0.0,0.0,0.0,0.0,0.0,0.0,0.0,1.0,1.0,0.0,0,0,0,0,0,0,0,0.0,0.0,0.0,0.0
1,700,1,dpga,roi_reg,1.0422812700271606,0.0,global_ddp_mean,2,0.0,5.136539936065674,5.136539936065674,0.0,0.0,0.0,0.0,0.0,0.0,0.0,0.0,0.0,0.0,0.0,0.0,0.0,1.0,1.0,0.0,0,0,0,0,0,0,0,0.0,0.0,0.0,0.0
1,800,1,dpga,backbone,0.24860048294067383,-0.0,global_ddp_mean,2,0.0,11.593552589416504,11.593552589416504,0.0,0.0,0.0,0.0,0.0,0.0,0.0,0.0,0.0,0.0,0.0,0.0,0.0,1.0,1.0,0.0,0,0,0,0,0,0,0,0.0,0.0,0.0,0.0
1,800,1,dpga,fpn,0.24860048294067383,-0.0,global_ddp_mean,2,0.0,3.5123825073242188,3.5123825073242188,0.0,0.0,0.0,0.0,0.0,0.0,0.0,0.0,0.0,0.0,0.0,0.0,0.0,1.0,1.0,0.0,0,0,0,0,0,0,0,0.0,0.0,0.0,0.0
1,800,1,dpga,rpn,0.24860048294067383,-0.0,global_ddp_mean,2,0.0,5.748506546020508,5.748506546020508,0.0,0.0,0.0,0.0,0.0,0.0,0.0,0.0,0.0,0.0,0.0,0.0,0.0,1.0,1.0,0.0,0,0,0,0,0,0,0,0.0,0.0,0.0,0.0
1,800,1,dpga,roi_shared,0.24860048294067383,-0.0,global_ddp_mean,2,0.0,9.525643348693848,9.525643348693848,0.0,0.0,0.0,0.0,0.0,0.0,0.0,0.0,0.0,0.0,0.0,0.0,0.0,1.0,1.0,0.0,0,0,0,0,0,0,0,0.0,0.0,0.0,0.0
1,800,1,dpga,roi_cls,0.24860048294067383,-0.0,global_ddp_mean,2,0.0,11.26447868347168,11.26447868347168,0.0,0.0,0.0,0.0,0.0,0.0,0.0,0.0,0.0,0.0,0.0,0.0,0.0,1.0,1.0,0.0,0,0,0,0,0,0,0,0.0,0.0,0.0,0.0
1,800,1,dpga,roi_reg,0.24860048294067383,-0.0,global_ddp_mean,2,0.0,7.764810085296631,7.764810085296631,0.0,0.0,0.0,0.0,0.0,0.0,0.0,0.0,0.0,0.0,0.0,0.0,0.0,1.0,1.0,0.0,0,0,0,0,0,0,0,0.0,0.0,0.0,0.0
1,900,1,dpga,backbone,0.2919324040412903,-0.0,global_ddp_mean,2,0.0,28.354333877563477,28.354333877563477,0.0,0.0,0.0,0.0,0.0,0.0,0.0,0.0,0.0,0.0,0.0,0.0,0.0,1.0,1.0,0.0,0,0,0,0,0,0,0,0.0,0.0,0.0,0.0
1,900,1,dpga,fpn,0.2919324040412903,-0.0,global_ddp_mean,2,0.0,6.447537422180176,6.447537422180176,0.0,0.0,0.0,0.0,0.0,0.0,0.0,0.0,0.0,0.0,0.0,0.0,0.0,1.0,1.0,0.0,0,0,0,0,0,0,0,0.0,0.0,0.0,0.0
1,900,1,dpga,rpn,0.2919324040412903,-0.0,global_ddp_mean,2,0.0,11.83956241607666,11.83956241607666,0.0,0.0,0.0,0.0,0.0,0.0,0.0,0.0,0.0,0.0,0.0,0.0,0.0,1.0,1.0,0.0,0,0,0,0,0,0,0,0.0,0.0,0.0,0.0
1,900,1,dpga,roi_shared,0.2919324040412903,-0.0,global_ddp_mean,2,0.0,14.110433578491211,14.110433578491211,0.0,0.0,0.0,0.0,0.0,0.0,0.0,0.0,0.0,0.0,0.0,0.0,0.0,1.0,1.0,0.0,0,0,0,0,0,0,0,0.0,0.0,0.0,0.0
1,900,1,dpga,roi_cls,0.2919324040412903,-0.0,global_ddp_mean,2,0.0,15.896880149841309,15.896880149841309,0.0,0.0,0.0,0.0,0.0,0.0,0.0,0.0,0.0,0.0,0.0,0.0,0.0,1.0,1.0,0.0,0,0,0,0,0,0,0,0.0,0.0,0.0,0.0
1,900,1,dpga,roi_reg,0.2919324040412903,-0.0,global_ddp_mean,2,0.0,4.487401485443115,4.487401485443115,0.0,0.0,0.0,0.0,0.0,0.0,0.0,0.0,0.0,0.0,0.0,0.0,0.0,1.0,1.0,0.0,0,0,0,0,0,0,0,0.0,0.0,0.0,0.0
1,1000,1,dpga,backbone,0.13305377960205078,-0.0,global_ddp_mean,2,0.0,16.720378875732422,16.720378875732422,0.0,0.0,0.0,0.0,0.0,0.0,0.0,0.0,0.0,0.0,0.0,0.0,0.0,1.0,1.0,0.0,0,0,0,0,0,0,0,0.0,0.0,0.0,0.0
1,1000,1,dpga,fpn,0.13305377960205078,-0.0,global_ddp_mean,2,0.0,1.5728261470794678,1.5728261470794678,0.0,0.0,0.0,0.0,0.0,0.0,0.0,0.0,0.0,0.0,0.0,0.0,0.0,1.0,1.0,0.0,0,0,0,0,0,0,0,0.0,0.0,0.0,0.0
1,1000,1,dpga,rpn,0.13305377960205078,-0.0,global_ddp_mean,2,0.0,3.420586109161377,3.420586109161377,0.0,0.0,0.0,0.0,0.0,0.0,0.0,0.0,0.0,0.0,0.0,0.0,0.0,1.0,1.0,0.0,0,0,0,0,0,0,0,0.0,0.0,0.0,0.0
1,1000,1,dpga,roi_shared,0.13305377960205078,-0.0,global_ddp_mean,2,0.0,1.3820695877075195,1.3820695877075195,0.0,0.0,0.0,0.0,0.0,0.0,0.0,0.0,0.0,0.0,0.0,0.0,0.0,1.0,1.0,0.0,0,0,0,0,0,0,0,0.0,0.0,0.0,0.0
1,1000,1,dpga,roi_cls,0.13305377960205078,-0.0,global_ddp_mean,2,0.0,1.3652446269989014,1.3652446269989014,0.0,0.0,0.0,0.0,0.0,0.0,0.0,0.0,0.0,0.0,0.0,0.0,0.0,1.0,1.0,0.0,0,0,0,0,0,0,0,0.0,0.0,0.0,0.0
1,1000,1,dpga,roi_reg,0.13305377960205078,-0.0,global_ddp_mean,2,0.0,0.6502565145492554,0.6502565145492554,0.0,0.0,0.0,0.0,0.0,0.0,0.0,0.0,0.0,0.0,0.0,0.0,0.0,1.0,1.0,0.0,0,0,0,0,0,0,0,0.0,0.0,0.0,0.0
1,1100,1,dpga,backbone,0.03586317226290703,0.0,global_ddp_mean,2,0.0,9.469305038452148,9.469305038452148,0.0,0.0,0.0,0.0,0.0,0.0,0.0,0.0,0.0,0.0,0.0,0.0,0.0,1.0,1.0,0.0,0,0,0,0,0,0,0,0.0,0.0,0.0,0.0
1,1100,1,dpga,fpn,0.03586317226290703,0.0,global_ddp_mean,2,0.0,1.6624575853347778,1.6624575853347778,0.0,0.0,0.0,0.0,0.0,0.0,0.0,0.0,0.0,0.0,0.0,0.0,0.0,1.0,1.0,0.0,0,0,0,0,0,0,0,0.0,0.0,0.0,0.0
1,1100,1,dpga,rpn,0.03586317226290703,0.0,global_ddp_mean,2,0.0,3.6690869331359863,3.6690869331359863,0.0,0.0,0.0,0.0,0.0,0.0,0.0,0.0,0.0,0.0,0.0,0.0,0.0,1.0,1.0,0.0,0,0,0,0,0,0,0,0.0,0.0,0.0,0.0
1,1100,1,dpga,roi_shared,0.03586317226290703,0.0,global_ddp_mean,2,0.0,3.50950288772583,3.50950288772583,0.0,0.0,0.0,0.0,0.0,0.0,0.0,0.0,0.0,0.0,0.0,0.0,0.0,1.0,1.0,0.0,0,0,0,0,0,0,0,0.0,0.0,0.0,0.0
1,1100,1,dpga,roi_cls,0.03586317226290703,0.0,global_ddp_mean,2,0.0,3.7486612796783447,3.7486612796783447,0.0,0.0,0.0,0.0,0.0,0.0,0.0,0.0,0.0,0.0,0.0,0.0,0.0,1.0,1.0,0.0,0,0,0,0,0,0,0,0.0,0.0,0.0,0.0
1,1100,1,dpga,roi_reg,0.03586317226290703,0.0,global_ddp_mean,2,0.0,1.4966269731521606,1.4966269731521606,0.0,0.0,0.0,0.0,0.0,0.0,0.0,0.0,0.0,0.0,0.0,0.0,0.0,1.0,1.0,0.0,0,0,0,0,0,0,0,0.0,0.0,0.0,0.0
1,1200,1,dpga,backbone,0.34627753496170044,-0.0,global_ddp_mean,2,0.0,11.51230239868164,11.51230239868164,0.0,0.0,0.0,0.0,0.0,0.0,0.0,0.0,0.0,0.0,0.0,0.0,0.0,1.0,1.0,0.0,0,0,0,0,0,0,0,0.0,0.0,0.0,0.0
1,1200,1,dpga,fpn,0.34627753496170044,-0.0,global_ddp_mean,2,0.0,3.6991217136383057,3.6991217136383057,0.0,0.0,0.0,0.0,0.0,0.0,0.0,0.0,0.0,0.0,0.0,0.0,0.0,1.0,1.0,0.0,0,0,0,0,0,0,0,0.0,0.0,0.0,0.0
1,1200,1,dpga,rpn,0.34627753496170044,-0.0,global_ddp_mean,2,0.0,4.179193496704102,4.179193496704102,0.0,0.0,0.0,0.0,0.0,0.0,0.0,0.0,0.0,0.0,0.0,0.0,0.0,1.0,1.0,0.0,0,0,0,0,0,0,0,0.0,0.0,0.0,0.0
1,1200,1,dpga,roi_shared,0.34627753496170044,-0.0,global_ddp_mean,2,0.0,10.122876167297363,10.122876167297363,0.0,0.0,0.0,0.0,0.0,0.0,0.0,0.0,0.0,0.0,0.0,0.0,0.0,1.0,1.0,0.0,0,0,0,0,0,0,0,0.0,0.0,0.0,0.0
1,1200,1,dpga,roi_cls,0.34627753496170044,-0.0,global_ddp_mean,2,0.0,11.568873405456543,11.568873405456543,0.0,0.0,0.0,0.0,0.0,0.0,0.0,0.0,0.0,0.0,0.0,0.0,0.0,1.0,1.0,0.0,0,0,0,0,0,0,0,0.0,0.0,0.0,0.0
1,1200,1,dpga,roi_reg,0.34627753496170044,-0.0,global_ddp_mean,2,0.0,6.482666492462158,6.482666492462158,0.0,0.0,0.0,0.0,0.0,0.0,0.0,0.0,0.0,0.0,0.0,0.0,0.0,1.0,1.0,0.0,0,0,0,0,0,0,0,0.0,0.0,0.0,0.0
1,1300,1,dpga,backbone,0.1784539669752121,0.0,global_ddp_mean,2,0.0,13.20853328704834,13.20853328704834,0.0,0.0,0.0,0.0,0.0,0.0,0.0,0.0,0.0,0.0,0.0,0.0,0.0,1.0,1.0,0.0,0,0,0,0,0,0,0,0.0,0.0,0.0,0.0
1,1300,1,dpga,fpn,0.1784539669752121,0.0,global_ddp_mean,2,0.0,6.375290870666504,6.375290870666504,0.0,0.0,0.0,0.0,0.0,0.0,0.0,0.0,0.0,0.0,0.0,0.0,0.0,1.0,1.0,0.0,0,0,0,0,0,0,0,0.0,0.0,0.0,0.0
1,1300,1,dpga,rpn,0.1784539669752121,0.0,global_ddp_mean,2,0.0,2.2837207317352295,2.2837207317352295,0.0,0.0,0.0,0.0,0.0,0.0,0.0,0.0,0.0,0.0,0.0,0.0,0.0,1.0,1.0,0.0,0,0,0,0,0,0,0,0.0,0.0,0.0,0.0
1,1300,1,dpga,roi_shared,0.1784539669752121,0.0,global_ddp_mean,2,0.0,18.700946807861328,18.700946807861328,0.0,0.0,0.0,0.0,0.0,0.0,0.0,0.0,0.0,0.0,0.0,0.0,0.0,1.0,1.0,0.0,0,0,0,0,0,0,0,0.0,0.0,0.0,0.0
1,1300,1,dpga,roi_cls,0.1784539669752121,0.0,global_ddp_mean,2,0.0,24.656496047973633,24.656496047973633,0.0,0.0,0.0,0.0,0.0,0.0,0.0,0.0,0.0,0.0,0.0,0.0,0.0,1.0,1.0,0.0,0,0,0,0,0,0,0,0.0,0.0,0.0,0.0
1,1300,1,dpga,roi_reg,0.1784539669752121,0.0,global_ddp_mean,2,0.0,1.112772822380066,1.112772822380066,0.0,0.0,0.0,0.0,0.0,0.0,0.0,0.0,0.0,0.0,0.0,0.0,0.0,1.0,1.0,0.0,0,0,0,0,0,0,0,0.0,0.0,0.0,0.0
1,1400,1,dpga,backbone,0.007173139601945877,0.0,global_ddp_mean,2,0.0,6.019369125366211,6.019369125366211,0.0,0.0,0.0,0.0,0.0,0.0,0.0,0.0,0.0,0.0,0.0,0.0,0.0,1.0,1.0,0.0,0,0,0,0,0,0,0,0.0,0.0,0.0,0.0
1,1400,1,dpga,fpn,0.007173139601945877,0.0,global_ddp_mean,2,0.0,1.3799817562103271,1.3799817562103271,0.0,0.0,0.0,0.0,0.0,0.0,0.0,0.0,0.0,0.0,0.0,0.0,0.0,1.0,1.0,0.0,0,0,0,0,0,0,0,0.0,0.0,0.0,0.0
1,1400,1,dpga,rpn,0.007173139601945877,0.0,global_ddp_mean,2,0.0,1.234492301940918,1.234492301940918,0.0,0.0,0.0,0.0,0.0,0.0,0.0,0.0,0.0,0.0,0.0,0.0,0.0,1.0,1.0,0.0,0,0,0,0,0,0,0,0.0,0.0,0.0,0.0
1,1400,1,dpga,roi_shared,0.007173139601945877,0.0,global_ddp_mean,2,0.0,3.6618480682373047,3.6618480682373047,0.0,0.0,0.0,0.0,0.0,0.0,0.0,0.0,0.0,0.0,0.0,0.0,0.0,1.0,1.0,0.0,0,0,0,0,0,0,0,0.0,0.0,0.0,0.0
1,1400,1,dpga,roi_cls,0.007173139601945877,0.0,global_ddp_mean,2,0.0,4.5117998123168945,4.5117998123168945,0.0,0.0,0.0,0.0,0.0,0.0,0.0,0.0,0.0,0.0,0.0,0.0,0.0,1.0,1.0,0.0,0,0,0,0,0,0,0,0.0,0.0,0.0,0.0
1,1400,1,dpga,roi_reg,0.007173139601945877,0.0,global_ddp_mean,2,0.0,0.0,0.0,0.0,0.0,0.0,0.0,0.0,0.0,0.0,0.0,0.0,0.0,0.0,0.0,0.0,0.0,0.0,90.0,0,0,0,0,0,0,0,0.0,0.0,0.0,0.0
2,0,1,dpga,backbone,0.06699895858764648,0.0,global_ddp_mean,2,0.0,7.507076740264893,7.507076740264893,0.0,0.0,0.0,0.0,0.0,0.0,0.0,0.0,0.0,0.0,0.0,0.0,0.0,1.0,1.0,0.0,0,0,0,0,0,0,0,0.0,0.0,0.0,0.0
2,0,1,dpga,fpn,0.06699895858764648,0.0,global_ddp_mean,2,0.0,1.4185019731521606,1.4185019731521606,0.0,0.0,0.0,0.0,0.0,0.0,0.0,0.0,0.0,0.0,0.0,0.0,0.0,1.0,1.0,0.0,0,0,0,0,0,0,0,0.0,0.0,0.0,0.0
2,0,1,dpga,rpn,0.06699895858764648,0.0,global_ddp_mean,2,0.0,2.4187541007995605,2.4187541007995605,0.0,0.0,0.0,0.0,0.0,0.0,0.0,0.0,0.0,0.0,0.0,0.0,0.0,1.0,1.0,0.0,0,0,0,0,0,0,0,0.0,0.0,0.0,0.0
2,0,1,dpga,roi_shared,0.06699895858764648,0.0,global_ddp_mean,2,0.0,3.2789418697357178,3.2789418697357178,0.0,0.0,0.0,0.0,0.0,0.0,0.0,0.0,0.0,0.0,0.0,0.0,0.0,1.0,1.0,0.0,0,0,0,0,0,0,0,0.0,0.0,0.0,0.0
2,0,1,dpga,roi_cls,0.06699895858764648,0.0,global_ddp_mean,2,0.0,3.878535509109497,3.878535509109497,0.0,0.0,0.0,0.0,0.0,0.0,0.0,0.0,0.0,0.0,0.0,0.0,0.0,1.0,1.0,0.0,0,0,0,0,0,0,0,0.0,0.0,0.0,0.0
2,0,1,dpga,roi_reg,0.06699895858764648,0.0,global_ddp_mean,2,0.0,1.9362345933914185,1.9362345933914185,0.0,0.0,0.0,0.0,0.0,0.0,0.0,0.0,0.0,0.0,0.0,0.0,0.0,1.0,1.0,0.0,0,0,0,0,0,0,0,0.0,0.0,0.0,0.0
2,100,1,dpga,backbone,0.28320348262786865,0.0,global_ddp_mean,2,0.0,20.234739303588867,20.234739303588867,0.0,0.0,0.0,0.0,0.0,0.0,0.0,0.0,0.0,0.0,0.0,0.0,0.0,1.0,1.0,0.0,0,0,0,0,0,0,0,0.0,0.0,0.0,0.0
2,100,1,dpga,fpn,0.28320348262786865,0.0,global_ddp_mean,2,0.0,3.85148024559021,3.85148024559021,0.0,0.0,0.0,0.0,0.0,0.0,0.0,0.0,0.0,0.0,0.0,0.0,0.0,1.0,1.0,0.0,0,0,0,0,0,0,0,0.0,0.0,0.0,0.0
2,100,1,dpga,rpn,0.28320348262786865,0.0,global_ddp_mean,2,0.0,6.481658935546875,6.481658935546875,0.0,0.0,0.0,0.0,0.0,0.0,0.0,0.0,0.0,0.0,0.0,0.0,0.0,1.0,1.0,0.0,0,0,0,0,0,0,0,0.0,0.0,0.0,0.0
2,100,1,dpga,roi_shared,0.28320348262786865,0.0,global_ddp_mean,2,0.0,6.134284496307373,6.134284496307373,0.0,0.0,0.0,0.0,0.0,0.0,0.0,0.0,0.0,0.0,0.0,0.0,0.0,1.0,1.0,0.0,0,0,0,0,0,0,0,0.0,0.0,0.0,0.0
2,100,1,dpga,roi_cls,0.28320348262786865,0.0,global_ddp_mean,2,0.0,5.933834075927734,5.933834075927734,0.0,0.0,0.0,0.0,0.0,0.0,0.0,0.0,0.0,0.0,0.0,0.0,0.0,1.0,1.0,0.0,0,0,0,0,0,0,0,0.0,0.0,0.0,0.0
2,100,1,dpga,roi_reg,0.28320348262786865,0.0,global_ddp_mean,2,0.0,1.3863604068756104,1.3863604068756104,0.0,0.0,0.0,0.0,0.0,0.0,0.0,0.0,0.0,0.0,0.0,0.0,0.0,1.0,1.0,0.0,0,0,0,0,0,0,0,0.0,0.0,0.0,0.0
2,200,1,dpga,backbone,0.002145415637642145,0.0,global_ddp_mean,2,0.0,1.2684459686279297,1.2684459686279297,0.0,0.0,0.0,0.0,0.0,0.0,0.0,0.0,0.0,0.0,0.0,0.0,0.0,1.0,1.0,0.0,0,0,0,0,0,0,0,0.0,0.0,0.0,0.0
2,200,1,dpga,fpn,0.002145415637642145,0.0,global_ddp_mean,2,0.0,0.30539485812187195,0.30539485812187195,0.0,0.0,0.0,0.0,0.0,0.0,0.0,0.0,0.0,0.0,0.0,0.0,0.0,1.0,1.0,0.0,0,0,0,0,0,0,0,0.0,0.0,0.0,0.0
2,200,1,dpga,rpn,0.002145415637642145,0.0,global_ddp_mean,2,0.0,0.21275004744529724,0.21275004744529724,0.0,0.0,0.0,0.0,0.0,0.0,0.0,0.0,0.0,0.0,0.0,0.0,0.0,1.0,1.0,0.0,0,0,0,0,0,0,0,0.0,0.0,0.0,0.0
2,200,1,dpga,roi_shared,0.002145415637642145,0.0,global_ddp_mean,2,0.0,0.8120383024215698,0.8120383024215698,0.0,0.0,0.0,0.0,0.0,0.0,0.0,0.0,0.0,0.0,0.0,0.0,0.0,1.0,1.0,0.0,0,0,0,0,0,0,0,0.0,0.0,0.0,0.0
2,200,1,dpga,roi_cls,0.002145415637642145,0.0,global_ddp_mean,2,0.0,1.0998400449752808,1.0998400449752808,0.0,0.0,0.0,0.0,0.0,0.0,0.0,0.0,0.0,0.0,0.0,0.0,0.0,1.0,1.0,0.0,0,0,0,0,0,0,0,0.0,0.0,0.0,0.0
2,200,1,dpga,roi_reg,0.002145415637642145,0.0,global_ddp_mean,2,0.0,0.0,0.0,0.0,0.0,0.0,0.0,0.0,0.0,0.0,0.0,0.0,0.0,0.0,0.0,0.0,0.0,0.0,90.0,0,0,0,0,0,0,0,0.0,0.0,0.0,0.0
2,300,1,dpga,backbone,0.05810736492276192,-0.0,global_ddp_mean,2,0.0,3.843629837036133,3.843629837036133,0.0,0.0,0.0,0.0,0.0,0.0,0.0,0.0,0.0,0.0,0.0,0.0,0.0,1.0,1.0,0.0,0,0,0,0,0,0,0,0.0,0.0,0.0,0.0
2,300,1,dpga,fpn,0.05810736492276192,-0.0,global_ddp_mean,2,0.0,0.8213503956794739,0.8213503956794739,0.0,0.0,0.0,0.0,0.0,0.0,0.0,0.0,0.0,0.0,0.0,0.0,0.0,1.0,1.0,0.0,0,0,0,0,0,0,0,0.0,0.0,0.0,0.0
2,300,1,dpga,rpn,0.05810736492276192,-0.0,global_ddp_mean,2,0.0,1.768118977546692,1.768118977546692,0.0,0.0,0.0,0.0,0.0,0.0,0.0,0.0,0.0,0.0,0.0,0.0,0.0,1.0,1.0,0.0,0,0,0,0,0,0,0,0.0,0.0,0.0,0.0
2,300,1,dpga,roi_shared,0.05810736492276192,-0.0,global_ddp_mean,2,0.0,1.5996615886688232,1.5996615886688232,0.0,0.0,0.0,0.0,0.0,0.0,0.0,0.0,0.0,0.0,0.0,0.0,0.0,1.0,1.0,0.0,0,0,0,0,0,0,0,0.0,0.0,0.0,0.0
2,300,1,dpga,roi_cls,0.05810736492276192,-0.0,global_ddp_mean,2,0.0,2.2062368392944336,2.2062368392944336,0.0,0.0,0.0,0.0,0.0,0.0,0.0,0.0,0.0,0.0,0.0,0.0,0.0,1.0,1.0,0.0,0,0,0,0,0,0,0,0.0,0.0,0.0,0.0
2,300,1,dpga,roi_reg,0.05810736492276192,-0.0,global_ddp_mean,2,0.0,0.21020379662513733,0.21020379662513733,0.0,0.0,0.0,0.0,0.0,0.0,0.0,0.0,0.0,0.0,0.0,0.0,0.0,1.0,1.0,0.0,0,0,0,0,0,0,0,0.0,0.0,0.0,0.0
2,400,1,dpga,backbone,0.051775891333818436,0.0,global_ddp_mean,2,0.0,7.874250411987305,7.874250411987305,0.0,0.0,0.0,0.0,0.0,0.0,0.0,0.0,0.0,0.0,0.0,0.0,0.0,1.0,1.0,0.0,0,0,0,0,0,0,0,0.0,0.0,0.0,0.0
2,400,1,dpga,fpn,0.051775891333818436,0.0,global_ddp_mean,2,0.0,2.09142804145813,2.09142804145813,0.0,0.0,0.0,0.0,0.0,0.0,0.0,0.0,0.0,0.0,0.0,0.0,0.0,1.0,1.0,0.0,0,0,0,0,0,0,0,0.0,0.0,0.0,0.0
2,400,1,dpga,rpn,0.051775891333818436,0.0,global_ddp_mean,2,0.0,6.074955463409424,6.074955463409424,0.0,0.0,0.0,0.0,0.0,0.0,0.0,0.0,0.0,0.0,0.0,0.0,0.0,1.0,1.0,0.0,0,0,0,0,0,0,0,0.0,0.0,0.0,0.0
2,400,1,dpga,roi_shared,0.051775891333818436,0.0,global_ddp_mean,2,0.0,2.4610254764556885,2.4610254764556885,0.0,0.0,0.0,0.0,0.0,0.0,0.0,0.0,0.0,0.0,0.0,0.0,0.0,1.0,1.0,0.0,0,0,0,0,0,0,0,0.0,0.0,0.0,0.0
2,400,1,dpga,roi_cls,0.051775891333818436,0.0,global_ddp_mean,2,0.0,2.5156476497650146,2.5156476497650146,0.0,0.0,0.0,0.0,0.0,0.0,0.0,0.0,0.0,0.0,0.0,0.0,0.0,1.0,1.0,0.0,0,0,0,0,0,0,0,0.0,0.0,0.0,0.0
2,400,1,dpga,roi_reg,0.051775891333818436,0.0,global_ddp_mean,2,0.0,2.6601672172546387,2.6601672172546387,0.0,0.0,0.0,0.0,0.0,0.0,0.0,0.0,0.0,0.0,0.0,0.0,0.0,1.0,1.0,0.0,0,0,0,0,0,0,0,0.0,0.0,0.0,0.0
2,500,1,dpga,backbone,0.606665849685669,-0.0,global_ddp_mean,2,0.0,30.765098571777344,30.765098571777344,0.0,0.0,0.0,0.0,0.0,0.0,0.0,0.0,0.0,0.0,0.0,0.0,0.0,1.0,1.0,0.0,0,0,0,0,0,0,0,0.0,0.0,0.0,0.0
2,500,1,dpga,fpn,0.606665849685669,-0.0,global_ddp_mean,2,0.0,5.708548545837402,5.708548545837402,0.0,0.0,0.0,0.0,0.0,0.0,0.0,0.0,0.0,0.0,0.0,0.0,0.0,1.0,1.0,0.0,0,0,0,0,0,0,0,0.0,0.0,0.0,0.0
2,500,1,dpga,rpn,0.606665849685669,-0.0,global_ddp_mean,2,0.0,8.823186874389648,8.823186874389648,0.0,0.0,0.0,0.0,0.0,0.0,0.0,0.0,0.0,0.0,0.0,0.0,0.0,1.0,1.0,0.0,0,0,0,0,0,0,0,0.0,0.0,0.0,0.0
2,500,1,dpga,roi_shared,0.606665849685669,-0.0,global_ddp_mean,2,0.0,12.16663646697998,12.16663646697998,0.0,0.0,0.0,0.0,0.0,0.0,0.0,0.0,0.0,0.0,0.0,0.0,0.0,1.0,1.0,0.0,0,0,0,0,0,0,0,0.0,0.0,0.0,0.0
2,500,1,dpga,roi_cls,0.606665849685669,-0.0,global_ddp_mean,2,0.0,13.504188537597656,13.504188537597656,0.0,0.0,0.0,0.0,0.0,0.0,0.0,0.0,0.0,0.0,0.0,0.0,0.0,1.0,1.0,0.0,0,0,0,0,0,0,0,0.0,0.0,0.0,0.0
2,500,1,dpga,roi_reg,0.606665849685669,-0.0,global_ddp_mean,2,0.0,5.679409980773926,5.679409980773926,0.0,0.0,0.0,0.0,0.0,0.0,0.0,0.0,0.0,0.0,0.0,0.0,0.0,1.0,1.0,0.0,0,0,0,0,0,0,0,0.0,0.0,0.0,0.0
2,600,1,dpga,backbone,0.13660046458244324,0.0,global_ddp_mean,2,0.0,6.314043045043945,6.314043045043945,0.0,0.0,0.0,0.0,0.0,0.0,0.0,0.0,0.0,0.0,0.0,0.0,0.0,1.0,1.0,0.0,0,0,0,0,0,0,0,0.0,0.0,0.0,0.0
2,600,1,dpga,fpn,0.13660046458244324,0.0,global_ddp_mean,2,0.0,1.7768633365631104,1.7768633365631104,0.0,0.0,0.0,0.0,0.0,0.0,0.0,0.0,0.0,0.0,0.0,0.0,0.0,1.0,1.0,0.0,0,0,0,0,0,0,0,0.0,0.0,0.0,0.0
2,600,1,dpga,rpn,0.13660046458244324,0.0,global_ddp_mean,2,0.0,3.090038537979126,3.090038537979126,0.0,0.0,0.0,0.0,0.0,0.0,0.0,0.0,0.0,0.0,0.0,0.0,0.0,1.0,1.0,0.0,0,0,0,0,0,0,0,0.0,0.0,0.0,0.0
2,600,1,dpga,roi_shared,0.13660046458244324,0.0,global_ddp_mean,2,0.0,4.485663890838623,4.485663890838623,0.0,0.0,0.0,0.0,0.0,0.0,0.0,0.0,0.0,0.0,0.0,0.0,0.0,1.0,1.0,0.0,0,0,0,0,0,0,0,0.0,0.0,0.0,0.0
2,600,1,dpga,roi_cls,0.13660046458244324,0.0,global_ddp_mean,2,0.0,5.148370742797852,5.148370742797852,0.0,0.0,0.0,0.0,0.0,0.0,0.0,0.0,0.0,0.0,0.0,0.0,0.0,1.0,1.0,0.0,0,0,0,0,0,0,0,0.0,0.0,0.0,0.0
2,600,1,dpga,roi_reg,0.13660046458244324,0.0,global_ddp_mean,2,0.0,1.5135620832443237,1.5135620832443237,0.0,0.0,0.0,0.0,0.0,0.0,0.0,0.0,0.0,0.0,0.0,0.0,0.0,1.0,1.0,0.0,0,0,0,0,0,0,0,0.0,0.0,0.0,0.0
2,700,1,dpga,backbone,0.09459489583969116,0.0,global_ddp_mean,2,0.0,14.026674270629883,14.026674270629883,0.0,0.0,0.0,0.0,0.0,0.0,0.0,0.0,0.0,0.0,0.0,0.0,0.0,1.0,1.0,0.0,0,0,0,0,0,0,0,0.0,0.0,0.0,0.0
2,700,1,dpga,fpn,0.09459489583969116,0.0,global_ddp_mean,2,0.0,1.9860807657241821,1.9860807657241821,0.0,0.0,0.0,0.0,0.0,0.0,0.0,0.0,0.0,0.0,0.0,0.0,0.0,1.0,1.0,0.0,0,0,0,0,0,0,0,0.0,0.0,0.0,0.0
2,700,1,dpga,rpn,0.09459489583969116,0.0,global_ddp_mean,2,0.0,3.6824352741241455,3.6824352741241455,0.0,0.0,0.0,0.0,0.0,0.0,0.0,0.0,0.0,0.0,0.0,0.0,0.0,1.0,1.0,0.0,0,0,0,0,0,0,0,0.0,0.0,0.0,0.0
2,700,1,dpga,roi_shared,0.09459489583969116,0.0,global_ddp_mean,2,0.0,3.663278341293335,3.663278341293335,0.0,0.0,0.0,0.0,0.0,0.0,0.0,0.0,0.0,0.0,0.0,0.0,0.0,1.0,1.0,0.0,0,0,0,0,0,0,0,0.0,0.0,0.0,0.0
2,700,1,dpga,roi_cls,0.09459489583969116,0.0,global_ddp_mean,2,0.0,4.584684371948242,4.584684371948242,0.0,0.0,0.0,0.0,0.0,0.0,0.0,0.0,0.0,0.0,0.0,0.0,0.0,1.0,1.0,0.0,0,0,0,0,0,0,0,0.0,0.0,0.0,0.0
2,700,1,dpga,roi_reg,0.09459489583969116,0.0,global_ddp_mean,2,0.0,0.07633233815431595,0.07633233815431595,0.0,0.0,0.0,0.0,0.0,0.0,0.0,0.0,0.0,0.0,0.0,0.0,0.0,1.0,1.0,0.0,0,0,0,0,0,0,0,0.0,0.0,0.0,0.0
2,800,1,dpga,backbone,0.16968265175819397,0.0,global_ddp_mean,2,0.0,11.514954566955566,11.514954566955566,0.0,0.0,0.0,0.0,0.0,0.0,0.0,0.0,0.0,0.0,0.0,0.0,0.0,1.0,1.0,0.0,0,0,0,0,0,0,0,0.0,0.0,0.0,0.0
2,800,1,dpga,fpn,0.16968265175819397,0.0,global_ddp_mean,2,0.0,2.691690444946289,2.691690444946289,0.0,0.0,0.0,0.0,0.0,0.0,0.0,0.0,0.0,0.0,0.0,0.0,0.0,1.0,1.0,0.0,0,0,0,0,0,0,0,0.0,0.0,0.0,0.0
2,800,1,dpga,rpn,0.16968265175819397,0.0,global_ddp_mean,2,0.0,4.990021228790283,4.990021228790283,0.0,0.0,0.0,0.0,0.0,0.0,0.0,0.0,0.0,0.0,0.0,0.0,0.0,1.0,1.0,0.0,0,0,0,0,0,0,0,0.0,0.0,0.0,0.0
2,800,1,dpga,roi_shared,0.16968265175819397,0.0,global_ddp_mean,2,0.0,4.295584201812744,4.295584201812744,0.0,0.0,0.0,0.0,0.0,0.0,0.0,0.0,0.0,0.0,0.0,0.0,0.0,1.0,1.0,0.0,0,0,0,0,0,0,0,0.0,0.0,0.0,0.0
2,800,1,dpga,roi_cls,0.16968265175819397,0.0,global_ddp_mean,2,0.0,5.016316890716553,5.016316890716553,0.0,0.0,0.0,0.0,0.0,0.0,0.0,0.0,0.0,0.0,0.0,0.0,0.0,1.0,1.0,0.0,0,0,0,0,0,0,0,0.0,0.0,0.0,0.0
2,800,1,dpga,roi_reg,0.16968265175819397,0.0,global_ddp_mean,2,0.0,2.019376277923584,2.019376277923584,0.0,0.0,0.0,0.0,0.0,0.0,0.0,0.0,0.0,0.0,0.0,0.0,0.0,1.0,1.0,0.0,0,0,0,0,0,0,0,0.0,0.0,0.0,0.0
2,900,1,dpga,backbone,0.07109513133764267,-0.0,global_ddp_mean,2,0.0,6.897789001464844,6.897789001464844,0.0,0.0,0.0,0.0,0.0,0.0,0.0,0.0,0.0,0.0,0.0,0.0,0.0,1.0,1.0,0.0,0,0,0,0,0,0,0,0.0,0.0,0.0,0.0
2,900,1,dpga,fpn,0.07109513133764267,-0.0,global_ddp_mean,2,0.0,1.0708647966384888,1.0708647966384888,0.0,0.0,0.0,0.0,0.0,0.0,0.0,0.0,0.0,0.0,0.0,0.0,0.0,1.0,1.0,0.0,0,0,0,0,0,0,0,0.0,0.0,0.0,0.0
2,900,1,dpga,rpn,0.07109513133764267,-0.0,global_ddp_mean,2,0.0,2.0727107524871826,2.0727107524871826,0.0,0.0,0.0,0.0,0.0,0.0,0.0,0.0,0.0,0.0,0.0,0.0,0.0,1.0,1.0,0.0,0,0,0,0,0,0,0,0.0,0.0,0.0,0.0
2,900,1,dpga,roi_shared,0.07109513133764267,-0.0,global_ddp_mean,2,0.0,1.9418039321899414,1.9418039321899414,0.0,0.0,0.0,0.0,0.0,0.0,0.0,0.0,0.0,0.0,0.0,0.0,0.0,1.0,1.0,0.0,0,0,0,0,0,0,0,0.0,0.0,0.0,0.0
2,900,1,dpga,roi_cls,0.07109513133764267,-0.0,global_ddp_mean,2,0.0,2.708616018295288,2.708616018295288,0.0,0.0,0.0,0.0,0.0,0.0,0.0,0.0,0.0,0.0,0.0,0.0,0.0,1.0,1.0,0.0,0,0,0,0,0,0,0,0.0,0.0,0.0,0.0
2,900,1,dpga,roi_reg,0.07109513133764267,-0.0,global_ddp_mean,2,0.0,0.47744661569595337,0.47744661569595337,0.0,0.0,0.0,0.0,0.0,0.0,0.0,0.0,0.0,0.0,0.0,0.0,0.0,1.0,1.0,0.0,0,0,0,0,0,0,0,0.0,0.0,0.0,0.0
2,1000,1,dpga,backbone,0.06287040561437607,-0.0,global_ddp_mean,2,0.0,13.897564888000488,13.897564888000488,0.0,0.0,0.0,0.0,0.0,0.0,0.0,0.0,0.0,0.0,0.0,0.0,0.0,1.0,1.0,0.0,0,0,0,0,0,0,0,0.0,0.0,0.0,0.0
2,1000,1,dpga,fpn,0.06287040561437607,-0.0,global_ddp_mean,2,0.0,2.6433446407318115,2.6433446407318115,0.0,0.0,0.0,0.0,0.0,0.0,0.0,0.0,0.0,0.0,0.0,0.0,0.0,1.0,1.0,0.0,0,0,0,0,0,0,0,0.0,0.0,0.0,0.0
2,1000,1,dpga,rpn,0.06287040561437607,-0.0,global_ddp_mean,2,0.0,5.267299175262451,5.267299175262451,0.0,0.0,0.0,0.0,0.0,0.0,0.0,0.0,0.0,0.0,0.0,0.0,0.0,1.0,1.0,0.0,0,0,0,0,0,0,0,0.0,0.0,0.0,0.0
2,1000,1,dpga,roi_shared,0.06287040561437607,-0.0,global_ddp_mean,2,0.0,5.622159957885742,5.622159957885742,0.0,0.0,0.0,0.0,0.0,0.0,0.0,0.0,0.0,0.0,0.0,0.0,0.0,1.0,1.0,0.0,0,0,0,0,0,0,0,0.0,0.0,0.0,0.0
2,1000,1,dpga,roi_cls,0.06287040561437607,-0.0,global_ddp_mean,2,0.0,6.447166919708252,6.447166919708252,0.0,0.0,0.0,0.0,0.0,0.0,0.0,0.0,0.0,0.0,0.0,0.0,0.0,1.0,1.0,0.0,0,0,0,0,0,0,0,0.0,0.0,0.0,0.0
2,1000,1,dpga,roi_reg,0.06287040561437607,-0.0,global_ddp_mean,2,0.0,1.3206754922866821,1.3206754922866821,0.0,0.0,0.0,0.0,0.0,0.0,0.0,0.0,0.0,0.0,0.0,0.0,0.0,1.0,1.0,0.0,0,0,0,0,0,0,0,0.0,0.0,0.0,0.0
2,1100,1,dpga,backbone,0.10625659674406052,-0.0,global_ddp_mean,2,0.0,12.992593765258789,12.992593765258789,0.0,0.0,0.0,0.0,0.0,0.0,0.0,0.0,0.0,0.0,0.0,0.0,0.0,1.0,1.0,0.0,0,0,0,0,0,0,0,0.0,0.0,0.0,0.0
2,1100,1,dpga,fpn,0.10625659674406052,-0.0,global_ddp_mean,2,0.0,2.4840972423553467,2.4840972423553467,0.0,0.0,0.0,0.0,0.0,0.0,0.0,0.0,0.0,0.0,0.0,0.0,0.0,1.0,1.0,0.0,0,0,0,0,0,0,0,0.0,0.0,0.0,0.0
2,1100,1,dpga,rpn,0.10625659674406052,-0.0,global_ddp_mean,2,0.0,4.152282238006592,4.152282238006592,0.0,0.0,0.0,0.0,0.0,0.0,0.0,0.0,0.0,0.0,0.0,0.0,0.0,1.0,1.0,0.0,0,0,0,0,0,0,0,0.0,0.0,0.0,0.0
2,1100,1,dpga,roi_shared,0.10625659674406052,-0.0,global_ddp_mean,2,0.0,5.064169883728027,5.064169883728027,0.0,0.0,0.0,0.0,0.0,0.0,0.0,0.0,0.0,0.0,0.0,0.0,0.0,1.0,1.0,0.0,0,0,0,0,0,0,0,0.0,0.0,0.0,0.0
2,1100,1,dpga,roi_cls,0.10625659674406052,-0.0,global_ddp_mean,2,0.0,3.806454658508301,3.806454658508301,0.0,0.0,0.0,0.0,0.0,0.0,0.0,0.0,0.0,0.0,0.0,0.0,0.0,1.0,1.0,0.0,0,0,0,0,0,0,0,0.0,0.0,0.0,0.0
2,1100,1,dpga,roi_reg,0.10625659674406052,-0.0,global_ddp_mean,2,0.0,6.567356586456299,6.567356586456299,0.0,0.0,0.0,0.0,0.0,0.0,0.0,0.0,0.0,0.0,0.0,0.0,0.0,1.0,1.0,0.0,0,0,0,0,0,0,0,0.0,0.0,0.0,0.0
2,1200,1,dpga,backbone,0.14308848977088928,0.0,global_ddp_mean,2,0.0,31.002277374267578,31.002277374267578,0.0,0.0,0.0,0.0,0.0,0.0,0.0,0.0,0.0,0.0,0.0,0.0,0.0,1.0,1.0,0.0,0,0,0,0,0,0,0,0.0,0.0,0.0,0.0
2,1200,1,dpga,fpn,0.14308848977088928,0.0,global_ddp_mean,2,0.0,8.492907524108887,8.492907524108887,0.0,0.0,0.0,0.0,0.0,0.0,0.0,0.0,0.0,0.0,0.0,0.0,0.0,1.0,1.0,0.0,0,0,0,0,0,0,0,0.0,0.0,0.0,0.0
2,1200,1,dpga,rpn,0.14308848977088928,0.0,global_ddp_mean,2,0.0,3.2913978099823,3.2913978099823,0.0,0.0,0.0,0.0,0.0,0.0,0.0,0.0,0.0,0.0,0.0,0.0,0.0,1.0,1.0,0.0,0,0,0,0,0,0,0,0.0,0.0,0.0,0.0
2,1200,1,dpga,roi_shared,0.14308848977088928,0.0,global_ddp_mean,2,0.0,21.629638671875,21.629638671875,0.0,0.0,0.0,0.0,0.0,0.0,0.0,0.0,0.0,0.0,0.0,0.0,0.0,1.0,1.0,0.0,0,0,0,0,0,0,0,0.0,0.0,0.0,0.0
2,1200,1,dpga,roi_cls,0.14308848977088928,0.0,global_ddp_mean,2,0.0,23.416353225708008,23.416353225708008,0.0,0.0,0.0,0.0,0.0,0.0,0.0,0.0,0.0,0.0,0.0,0.0,0.0,1.0,1.0,0.0,0,0,0,0,0,0,0,0.0,0.0,0.0,0.0
2,1200,1,dpga,roi_reg,0.14308848977088928,0.0,global_ddp_mean,2,0.0,5.077110290527344,5.077110290527344,0.0,0.0,0.0,0.0,0.0,0.0,0.0,0.0,0.0,0.0,0.0,0.0,0.0,1.0,1.0,0.0,0,0,0,0,0,0,0,0.0,0.0,0.0,0.0
2,1300,1,dpga,backbone,0.18640245497226715,-0.0,global_ddp_mean,2,0.0,5.978407382965088,5.978407382965088,0.0,0.0,0.0,0.0,0.0,0.0,0.0,0.0,0.0,0.0,0.0,0.0,0.0,1.0,1.0,0.0,0,0,0,0,0,0,0,0.0,0.0,0.0,0.0
2,1300,1,dpga,fpn,0.18640245497226715,-0.0,global_ddp_mean,2,0.0,1.8419828414916992,1.8419828414916992,0.0,0.0,0.0,0.0,0.0,0.0,0.0,0.0,0.0,0.0,0.0,0.0,0.0,1.0,1.0,0.0,0,0,0,0,0,0,0,0.0,0.0,0.0,0.0
2,1300,1,dpga,rpn,0.18640245497226715,-0.0,global_ddp_mean,2,0.0,1.861985445022583,1.861985445022583,0.0,0.0,0.0,0.0,0.0,0.0,0.0,0.0,0.0,0.0,0.0,0.0,0.0,1.0,1.0,0.0,0,0,0,0,0,0,0,0.0,0.0,0.0,0.0
2,1300,1,dpga,roi_shared,0.18640245497226715,-0.0,global_ddp_mean,2,0.0,4.642637729644775,4.642637729644775,0.0,0.0,0.0,0.0,0.0,0.0,0.0,0.0,0.0,0.0,0.0,0.0,0.0,1.0,1.0,0.0,0,0,0,0,0,0,0,0.0,0.0,0.0,0.0
2,1300,1,dpga,roi_cls,0.18640245497226715,-0.0,global_ddp_mean,2,0.0,4.920127868652344,4.920127868652344,0.0,0.0,0.0,0.0,0.0,0.0,0.0,0.0,0.0,0.0,0.0,0.0,0.0,1.0,1.0,0.0,0,0,0,0,0,0,0,0.0,0.0,0.0,0.0
2,1300,1,dpga,roi_reg,0.18640245497226715,-0.0,global_ddp_mean,2,0.0,2.176819086074829,2.176819086074829,0.0,0.0,0.0,0.0,0.0,0.0,0.0,0.0,0.0,0.0,0.0,0.0,0.0,1.0,1.0,0.0,0,0,0,0,0,0,0,0.0,0.0,0.0,0.0
2,1400,1,dpga,backbone,0.002806467469781637,0.0,global_ddp_mean,2,0.0,7.5713114738464355,7.5713114738464355,0.0,0.0,0.0,0.0,0.0,0.0,0.0,0.0,0.0,0.0,0.0,0.0,0.0,1.0,1.0,0.0,0,0,0,0,0,0,0,0.0,0.0,0.0,0.0
2,1400,1,dpga,fpn,0.002806467469781637,0.0,global_ddp_mean,2,0.0,1.3770637512207031,1.3770637512207031,0.0,0.0,0.0,0.0,0.0,0.0,0.0,0.0,0.0,0.0,0.0,0.0,0.0,1.0,1.0,0.0,0,0,0,0,0,0,0,0.0,0.0,0.0,0.0
2,1400,1,dpga,rpn,0.002806467469781637,0.0,global_ddp_mean,2,0.0,1.80558443069458,1.80558443069458,0.0,0.0,0.0,0.0,0.0,0.0,0.0,0.0,0.0,0.0,0.0,0.0,0.0,1.0,1.0,0.0,0,0,0,0,0,0,0,0.0,0.0,0.0,0.0
2,1400,1,dpga,roi_shared,0.002806467469781637,0.0,global_ddp_mean,2,0.0,3.1292004585266113,3.1292004585266113,0.0,0.0,0.0,0.0,0.0,0.0,0.0,0.0,0.0,0.0,0.0,0.0,0.0,1.0,1.0,0.0,0,0,0,0,0,0,0,0.0,0.0,0.0,0.0
2,1400,1,dpga,roi_cls,0.002806467469781637,0.0,global_ddp_mean,2,0.0,2.5187647342681885,2.5187647342681885,0.0,0.0,0.0,0.0,0.0,0.0,0.0,0.0,0.0,0.0,0.0,0.0,0.0,1.0,1.0,0.0,0,0,0,0,0,0,0,0.0,0.0,0.0,0.0
2,1400,1,dpga,roi_reg,0.002806467469781637,0.0,global_ddp_mean,2,0.0,2.6247544288635254,2.6247544288635254,0.0,0.0,0.0,0.0,0.0,0.0,0.0,0.0,0.0,0.0,0.0,0.0,0.0,1.0,1.0,0.0,0,0,0,0,0,0,0,0.0,0.0,0.0,0.0
3,0,1,dpga,backbone,0.009961397387087345,0.0,global_ddp_mean,2,0.0,3.946183443069458,3.946183443069458,0.0,0.0,0.0,0.0,0.0,0.0,0.0,0.0,0.0,0.0,0.0,0.0,0.0,1.0,1.0,0.0,0,0,0,0,0,0,0,0.0,0.0,0.0,0.0
3,0,1,dpga,fpn,0.009961397387087345,0.0,global_ddp_mean,2,0.0,0.7930867075920105,0.7930867075920105,0.0,0.0,0.0,0.0,0.0,0.0,0.0,0.0,0.0,0.0,0.0,0.0,0.0,1.0,1.0,0.0,0,0,0,0,0,0,0,0.0,0.0,0.0,0.0
3,0,1,dpga,rpn,0.009961397387087345,0.0,global_ddp_mean,2,0.0,1.4738285541534424,1.4738285541534424,0.0,0.0,0.0,0.0,0.0,0.0,0.0,0.0,0.0,0.0,0.0,0.0,0.0,1.0,1.0,0.0,0,0,0,0,0,0,0,0.0,0.0,0.0,0.0
3,0,1,dpga,roi_shared,0.009961397387087345,0.0,global_ddp_mean,2,0.0,1.6540833711624146,1.6540833711624146,0.0,0.0,0.0,0.0,0.0,0.0,0.0,0.0,0.0,0.0,0.0,0.0,0.0,1.0,1.0,0.0,0,0,0,0,0,0,0,0.0,0.0,0.0,0.0
3,0,1,dpga,roi_cls,0.009961397387087345,0.0,global_ddp_mean,2,0.0,1.114179253578186,1.114179253578186,0.0,0.0,0.0,0.0,0.0,0.0,0.0,0.0,0.0,0.0,0.0,0.0,0.0,1.0,1.0,0.0,0,0,0,0,0,0,0,0.0,0.0,0.0,0.0
3,0,1,dpga,roi_reg,0.009961397387087345,0.0,global_ddp_mean,2,0.0,0.9490911364555359,0.9490911364555359,0.0,0.0,0.0,0.0,0.0,0.0,0.0,0.0,0.0,0.0,0.0,0.0,0.0,1.0,1.0,0.0,0,0,0,0,0,0,0,0.0,0.0,0.0,0.0
3,100,1,dpga,backbone,0.4686759412288666,0.0,global_ddp_mean,2,0.0,28.60392951965332,28.60392951965332,0.0,0.0,0.0,0.0,0.0,0.0,0.0,0.0,0.0,0.0,0.0,0.0,0.0,1.0,1.0,0.0,0,0,0,0,0,0,0,0.0,0.0,0.0,0.0
3,100,1,dpga,fpn,0.4686759412288666,0.0,global_ddp_mean,2,0.0,2.3148679733276367,2.3148679733276367,0.0,0.0,0.0,0.0,0.0,0.0,0.0,0.0,0.0,0.0,0.0,0.0,0.0,1.0,1.0,0.0,0,0,0,0,0,0,0,0.0,0.0,0.0,0.0
3,100,1,dpga,rpn,0.4686759412288666,0.0,global_ddp_mean,2,0.0,5.927989482879639,5.927989482879639,0.0,0.0,0.0,0.0,0.0,0.0,0.0,0.0,0.0,0.0,0.0,0.0,0.0,1.0,1.0,0.0,0,0,0,0,0,0,0,0.0,0.0,0.0,0.0
3,100,1,dpga,roi_shared,0.4686759412288666,0.0,global_ddp_mean,2,0.0,4.359232425689697,4.359232425689697,0.0,0.0,0.0,0.0,0.0,0.0,0.0,0.0,0.0,0.0,0.0,0.0,0.0,1.0,1.0,0.0,0,0,0,0,0,0,0,0.0,0.0,0.0,0.0
3,100,1,dpga,roi_cls,0.4686759412288666,0.0,global_ddp_mean,2,0.0,3.553685188293457,3.553685188293457,0.0,0.0,0.0,0.0,0.0,0.0,0.0,0.0,0.0,0.0,0.0,0.0,0.0,1.0,1.0,0.0,0,0,0,0,0,0,0,0.0,0.0,0.0,0.0
3,100,1,dpga,roi_reg,0.4686759412288666,0.0,global_ddp_mean,2,0.0,1.4134626388549805,1.4134626388549805,0.0,0.0,0.0,0.0,0.0,0.0,0.0,0.0,0.0,0.0,0.0,0.0,0.0,1.0,1.0,0.0,0,0,0,0,0,0,0,0.0,0.0,0.0,0.0
3,200,1,dpga,backbone,0.18971896171569824,0.0,global_ddp_mean,2,0.0,12.463621139526367,12.463621139526367,0.0,0.0,0.0,0.0,0.0,0.0,0.0,0.0,0.0,0.0,0.0,0.0,0.0,1.0,1.0,0.0,0,0,0,0,0,0,0,0.0,0.0,0.0,0.0
3,200,1,dpga,fpn,0.18971896171569824,0.0,global_ddp_mean,2,0.0,2.3579440116882324,2.3579440116882324,0.0,0.0,0.0,0.0,0.0,0.0,0.0,0.0,0.0,0.0,0.0,0.0,0.0,1.0,1.0,0.0,0,0,0,0,0,0,0,0.0,0.0,0.0,0.0
3,200,1,dpga,rpn,0.18971896171569824,0.0,global_ddp_mean,2,0.0,2.0007591247558594,2.0007591247558594,0.0,0.0,0.0,0.0,0.0,0.0,0.0,0.0,0.0,0.0,0.0,0.0,0.0,1.0,1.0,0.0,0,0,0,0,0,0,0,0.0,0.0,0.0,0.0
3,200,1,dpga,roi_shared,0.18971896171569824,0.0,global_ddp_mean,2,0.0,6.014055252075195,6.014055252075195,0.0,0.0,0.0,0.0,0.0,0.0,0.0,0.0,0.0,0.0,0.0,0.0,0.0,1.0,1.0,0.0,0,0,0,0,0,0,0,0.0,0.0,0.0,0.0
3,200,1,dpga,roi_cls,0.18971896171569824,0.0,global_ddp_mean,2,0.0,6.834527015686035,6.834527015686035,0.0,0.0,0.0,0.0,0.0,0.0,0.0,0.0,0.0,0.0,0.0,0.0,0.0,1.0,1.0,0.0,0,0,0,0,0,0,0,0.0,0.0,0.0,0.0
3,200,1,dpga,roi_reg,0.18971896171569824,0.0,global_ddp_mean,2,0.0,0.0964890792965889,0.0964890792965889,0.0,0.0,0.0,0.0,0.0,0.0,0.0,0.0,0.0,0.0,0.0,0.0,0.0,1.0,1.0,0.0,0,0,0,0,0,0,0,0.0,0.0,0.0,0.0
3,300,1,dpga,backbone,0.029538854956626892,0.0,global_ddp_mean,2,0.0,34.45466613769531,34.45466613769531,0.0,0.0,0.0,0.0,0.0,0.0,0.0,0.0,0.0,0.0,0.0,0.0,0.0,1.0,1.0,0.0,0,0,0,0,0,0,0,0.0,0.0,0.0,0.0
3,300,1,dpga,fpn,0.029538854956626892,0.0,global_ddp_mean,2,0.0,9.8660888671875,9.8660888671875,0.0,0.0,0.0,0.0,0.0,0.0,0.0,0.0,0.0,0.0,0.0,0.0,0.0,1.0,1.0,0.0,0,0,0,0,0,0,0,0.0,0.0,0.0,0.0
3,300,1,dpga,rpn,0.029538854956626892,0.0,global_ddp_mean,2,0.0,15.821701049804688,15.821701049804688,0.0,0.0,0.0,0.0,0.0,0.0,0.0,0.0,0.0,0.0,0.0,0.0,0.0,1.0,1.0,0.0,0,0,0,0,0,0,0,0.0,0.0,0.0,0.0
3,300,1,dpga,roi_shared,0.029538854956626892,0.0,global_ddp_mean,2,0.0,21.803226470947266,21.803226470947266,0.0,0.0,0.0,0.0,0.0,0.0,0.0,0.0,0.0,0.0,0.0,0.0,0.0,1.0,1.0,0.0,0,0,0,0,0,0,0,0.0,0.0,0.0,0.0
3,300,1,dpga,roi_cls,0.029538854956626892,0.0,global_ddp_mean,2,0.0,22.824491500854492,22.824491500854492,0.0,0.0,0.0,0.0,0.0,0.0,0.0,0.0,0.0,0.0,0.0,0.0,0.0,1.0,1.0,0.0,0,0,0,0,0,0,0,0.0,0.0,0.0,0.0
3,300,1,dpga,roi_reg,0.029538854956626892,0.0,global_ddp_mean,2,0.0,9.051645278930664,9.051645278930664,0.0,0.0,0.0,0.0,0.0,0.0,0.0,0.0,0.0,0.0,0.0,0.0,0.0,1.0,1.0,0.0,0,0,0,0,0,0,0,0.0,0.0,0.0,0.0
3,400,1,dpga,backbone,0.6149075031280518,0.0,global_ddp_mean,2,0.0,10.181191444396973,10.181191444396973,0.0,0.0,0.0,0.0,0.0,0.0,0.0,0.0,0.0,0.0,0.0,0.0,0.0,1.0,1.0,0.0,0,0,0,0,0,0,0,0.0,0.0,0.0,0.0
3,400,1,dpga,fpn,0.6149075031280518,0.0,global_ddp_mean,2,0.0,3.4613146781921387,3.4613146781921387,0.0,0.0,0.0,0.0,0.0,0.0,0.0,0.0,0.0,0.0,0.0,0.0,0.0,1.0,1.0,0.0,0,0,0,0,0,0,0,0.0,0.0,0.0,0.0
3,400,1,dpga,rpn,0.6149075031280518,0.0,global_ddp_mean,2,0.0,2.1825037002563477,2.1825037002563477,0.0,0.0,0.0,0.0,0.0,0.0,0.0,0.0,0.0,0.0,0.0,0.0,0.0,1.0,1.0,0.0,0,0,0,0,0,0,0,0.0,0.0,0.0,0.0
3,400,1,dpga,roi_shared,0.6149075031280518,0.0,global_ddp_mean,2,0.0,8.934754371643066,8.934754371643066,0.0,0.0,0.0,0.0,0.0,0.0,0.0,0.0,0.0,0.0,0.0,0.0,0.0,1.0,1.0,0.0,0,0,0,0,0,0,0,0.0,0.0,0.0,0.0
3,400,1,dpga,roi_cls,0.6149075031280518,0.0,global_ddp_mean,2,0.0,8.949024200439453,8.949024200439453,0.0,0.0,0.0,0.0,0.0,0.0,0.0,0.0,0.0,0.0,0.0,0.0,0.0,1.0,1.0,0.0,0,0,0,0,0,0,0,0.0,0.0,0.0,0.0
3,400,1,dpga,roi_reg,0.6149075031280518,0.0,global_ddp_mean,2,0.0,2.5035786628723145,2.5035786628723145,0.0,0.0,0.0,0.0,0.0,0.0,0.0,0.0,0.0,0.0,0.0,0.0,0.0,1.0,1.0,0.0,0,0,0,0,0,0,0,0.0,0.0,0.0,0.0
3,500,1,dpga,backbone,0.8315632939338684,0.0,global_ddp_mean,2,0.0,26.991331100463867,26.991331100463867,0.0,0.0,0.0,0.0,0.0,0.0,0.0,0.0,0.0,0.0,0.0,0.0,0.0,1.0,1.0,0.0,0,0,0,0,0,0,0,0.0,0.0,0.0,0.0
3,500,1,dpga,fpn,0.8315632939338684,0.0,global_ddp_mean,2,0.0,9.509662628173828,9.509662628173828,0.0,0.0,0.0,0.0,0.0,0.0,0.0,0.0,0.0,0.0,0.0,0.0,0.0,1.0,1.0,0.0,0,0,0,0,0,0,0,0.0,0.0,0.0,0.0
3,500,1,dpga,rpn,0.8315632939338684,0.0,global_ddp_mean,2,0.0,11.478218078613281,11.478218078613281,0.0,0.0,0.0,0.0,0.0,0.0,0.0,0.0,0.0,0.0,0.0,0.0,0.0,1.0,1.0,0.0,0,0,0,0,0,0,0,0.0,0.0,0.0,0.0
3,500,1,dpga,roi_shared,0.8315632939338684,0.0,global_ddp_mean,2,0.0,23.093473434448242,23.093473434448242,0.0,0.0,0.0,0.0,0.0,0.0,0.0,0.0,0.0,0.0,0.0,0.0,0.0,1.0,1.0,0.0,0,0,0,0,0,0,0,0.0,0.0,0.0,0.0
3,500,1,dpga,roi_cls,0.8315632939338684,0.0,global_ddp_mean,2,0.0,27.425809860229492,27.425809860229492,0.0,0.0,0.0,0.0,0.0,0.0,0.0,0.0,0.0,0.0,0.0,0.0,0.0,1.0,1.0,0.0,0,0,0,0,0,0,0,0.0,0.0,0.0,0.0
3,500,1,dpga,roi_reg,0.8315632939338684,0.0,global_ddp_mean,2,0.0,17.79401969909668,17.79401969909668,0.0,0.0,0.0,0.0,0.0,0.0,0.0,0.0,0.0,0.0,0.0,0.0,0.0,1.0,1.0,0.0,0,0,0,0,0,0,0,0.0,0.0,0.0,0.0
3,600,1,dpga,backbone,0.1350952684879303,-0.0,global_ddp_mean,2,0.0,14.785244941711426,14.785244941711426,0.0,0.0,0.0,0.0,0.0,0.0,0.0,0.0,0.0,0.0,0.0,0.0,0.0,1.0,1.0,0.0,0,0,0,0,0,0,0,0.0,0.0,0.0,0.0
3,600,1,dpga,fpn,0.1350952684879303,-0.0,global_ddp_mean,2,0.0,3.2669882774353027,3.2669882774353027,0.0,0.0,0.0,0.0,0.0,0.0,0.0,0.0,0.0,0.0,0.0,0.0,0.0,1.0,1.0,0.0,0,0,0,0,0,0,0,0.0,0.0,0.0,0.0
3,600,1,dpga,rpn,0.1350952684879303,-0.0,global_ddp_mean,2,0.0,5.766083240509033,5.766083240509033,0.0,0.0,0.0,0.0,0.0,0.0,0.0,0.0,0.0,0.0,0.0,0.0,0.0,1.0,1.0,0.0,0,0,0,0,0,0,0,0.0,0.0,0.0,0.0
3,600,1,dpga,roi_shared,0.1350952684879303,-0.0,global_ddp_mean,2,0.0,6.702012538909912,6.702012538909912,0.0,0.0,0.0,0.0,0.0,0.0,0.0,0.0,0.0,0.0,0.0,0.0,0.0,1.0,1.0,0.0,0,0,0,0,0,0,0,0.0,0.0,0.0,0.0
3,600,1,dpga,roi_cls,0.1350952684879303,-0.0,global_ddp_mean,2,0.0,4.545310974121094,4.545310974121094,0.0,0.0,0.0,0.0,0.0,0.0,0.0,0.0,0.0,0.0,0.0,0.0,0.0,1.0,1.0,0.0,0,0,0,0,0,0,0,0.0,0.0,0.0,0.0
3,600,1,dpga,roi_reg,0.1350952684879303,-0.0,global_ddp_mean,2,0.0,7.1403679847717285,7.1403679847717285,0.0,0.0,0.0,0.0,0.0,0.0,0.0,0.0,0.0,0.0,0.0,0.0,0.0,1.0,1.0,0.0,0,0,0,0,0,0,0,0.0,0.0,0.0,0.0
3,700,1,dpga,backbone,0.5805776715278625,0.0,global_ddp_mean,2,0.0,16.062929153442383,16.062929153442383,0.0,0.0,0.0,0.0,0.0,0.0,0.0,0.0,0.0,0.0,0.0,0.0,0.0,1.0,1.0,0.0,0,0,0,0,0,0,0,0.0,0.0,0.0,0.0
3,700,1,dpga,fpn,0.5805776715278625,0.0,global_ddp_mean,2,0.0,2.570834159851074,2.570834159851074,0.0,0.0,0.0,0.0,0.0,0.0,0.0,0.0,0.0,0.0,0.0,0.0,0.0,1.0,1.0,0.0,0,0,0,0,0,0,0,0.0,0.0,0.0,0.0
3,700,1,dpga,rpn,0.5805776715278625,0.0,global_ddp_mean,2,0.0,4.425574779510498,4.425574779510498,0.0,0.0,0.0,0.0,0.0,0.0,0.0,0.0,0.0,0.0,0.0,0.0,0.0,1.0,1.0,0.0,0,0,0,0,0,0,0,0.0,0.0,0.0,0.0
3,700,1,dpga,roi_shared,0.5805776715278625,0.0,global_ddp_mean,2,0.0,5.364307880401611,5.364307880401611,0.0,0.0,0.0,0.0,0.0,0.0,0.0,0.0,0.0,0.0,0.0,0.0,0.0,1.0,1.0,0.0,0,0,0,0,0,0,0,0.0,0.0,0.0,0.0
3,700,1,dpga,roi_cls,0.5805776715278625,0.0,global_ddp_mean,2,0.0,4.955484867095947,4.955484867095947,0.0,0.0,0.0,0.0,0.0,0.0,0.0,0.0,0.0,0.0,0.0,0.0,0.0,1.0,1.0,0.0,0,0,0,0,0,0,0,0.0,0.0,0.0,0.0
3,700,1,dpga,roi_reg,0.5805776715278625,0.0,global_ddp_mean,2,0.0,2.0347235202789307,2.0347235202789307,0.0,0.0,0.0,0.0,0.0,0.0,0.0,0.0,0.0,0.0,0.0,0.0,0.0,1.0,1.0,0.0,0,0,0,0,0,0,0,0.0,0.0,0.0,0.0
3,800,1,dpga,backbone,0.027734607458114624,0.0,global_ddp_mean,2,0.0,8.285834312438965,8.285834312438965,0.0,0.0,0.0,0.0,0.0,0.0,0.0,0.0,0.0,0.0,0.0,0.0,0.0,1.0,1.0,0.0,0,0,0,0,0,0,0,0.0,0.0,0.0,0.0
3,800,1,dpga,fpn,0.027734607458114624,0.0,global_ddp_mean,2,0.0,1.6362181901931763,1.6362181901931763,0.0,0.0,0.0,0.0,0.0,0.0,0.0,0.0,0.0,0.0,0.0,0.0,0.0,1.0,1.0,0.0,0,0,0,0,0,0,0,0.0,0.0,0.0,0.0
3,800,1,dpga,rpn,0.027734607458114624,0.0,global_ddp_mean,2,0.0,3.4326210021972656,3.4326210021972656,0.0,0.0,0.0,0.0,0.0,0.0,0.0,0.0,0.0,0.0,0.0,0.0,0.0,1.0,1.0,0.0,0,0,0,0,0,0,0,0.0,0.0,0.0,0.0
3,800,1,dpga,roi_shared,0.027734607458114624,0.0,global_ddp_mean,2,0.0,3.5635855197906494,3.5635855197906494,0.0,0.0,0.0,0.0,0.0,0.0,0.0,0.0,0.0,0.0,0.0,0.0,0.0,1.0,1.0,0.0,0,0,0,0,0,0,0,0.0,0.0,0.0,0.0
3,800,1,dpga,roi_cls,0.027734607458114624,0.0,global_ddp_mean,2,0.0,2.905045986175537,2.905045986175537,0.0,0.0,0.0,0.0,0.0,0.0,0.0,0.0,0.0,0.0,0.0,0.0,0.0,1.0,1.0,0.0,0,0,0,0,0,0,0,0.0,0.0,0.0,0.0
3,800,1,dpga,roi_reg,0.027734607458114624,0.0,global_ddp_mean,2,0.0,2.075594186782837,2.075594186782837,0.0,0.0,0.0,0.0,0.0,0.0,0.0,0.0,0.0,0.0,0.0,0.0,0.0,1.0,1.0,0.0,0,0,0,0,0,0,0,0.0,0.0,0.0,0.0
3,900,1,dpga,backbone,0.19523879885673523,-0.0,global_ddp_mean,2,0.0,8.349058151245117,8.349058151245117,0.0,0.0,0.0,0.0,0.0,0.0,0.0,0.0,0.0,0.0,0.0,0.0,0.0,1.0,1.0,0.0,0,0,0,0,0,0,0,0.0,0.0,0.0,0.0
3,900,1,dpga,fpn,0.19523879885673523,-0.0,global_ddp_mean,2,0.0,1.9017298221588135,1.9017298221588135,0.0,0.0,0.0,0.0,0.0,0.0,0.0,0.0,0.0,0.0,0.0,0.0,0.0,1.0,1.0,0.0,0,0,0,0,0,0,0,0.0,0.0,0.0,0.0
3,900,1,dpga,rpn,0.19523879885673523,-0.0,global_ddp_mean,2,0.0,2.1142241954803467,2.1142241954803467,0.0,0.0,0.0,0.0,0.0,0.0,0.0,0.0,0.0,0.0,0.0,0.0,0.0,1.0,1.0,0.0,0,0,0,0,0,0,0,0.0,0.0,0.0,0.0
3,900,1,dpga,roi_shared,0.19523879885673523,-0.0,global_ddp_mean,2,0.0,3.8060173988342285,3.8060173988342285,0.0,0.0,0.0,0.0,0.0,0.0,0.0,0.0,0.0,0.0,0.0,0.0,0.0,1.0,1.0,0.0,0,0,0,0,0,0,0,0.0,0.0,0.0,0.0
3,900,1,dpga,roi_cls,0.19523879885673523,-0.0,global_ddp_mean,2,0.0,3.27101469039917,3.27101469039917,0.0,0.0,0.0,0.0,0.0,0.0,0.0,0.0,0.0,0.0,0.0,0.0,0.0,1.0,1.0,0.0,0,0,0,0,0,0,0,0.0,0.0,0.0,0.0
3,900,1,dpga,roi_reg,0.19523879885673523,-0.0,global_ddp_mean,2,0.0,2.013157606124878,2.013157606124878,0.0,0.0,0.0,0.0,0.0,0.0,0.0,0.0,0.0,0.0,0.0,0.0,0.0,1.0,1.0,0.0,0,0,0,0,0,0,0,0.0,0.0,0.0,0.0
3,1000,1,dpga,backbone,0.057217396795749664,0.0,global_ddp_mean,2,0.0,2.3770830631256104,2.3770830631256104,0.0,0.0,0.0,0.0,0.0,0.0,0.0,0.0,0.0,0.0,0.0,0.0,0.0,1.0,1.0,0.0,0,0,0,0,0,0,0,0.0,0.0,0.0,0.0
3,1000,1,dpga,fpn,0.057217396795749664,0.0,global_ddp_mean,2,0.0,0.37641316652297974,0.37641316652297974,0.0,0.0,0.0,0.0,0.0,0.0,0.0,0.0,0.0,0.0,0.0,0.0,0.0,1.0,1.0,0.0,0,0,0,0,0,0,0,0.0,0.0,0.0,0.0
3,1000,1,dpga,rpn,0.057217396795749664,0.0,global_ddp_mean,2,0.0,1.0911400318145752,1.0911400318145752,0.0,0.0,0.0,0.0,0.0,0.0,0.0,0.0,0.0,0.0,0.0,0.0,0.0,1.0,1.0,0.0,0,0,0,0,0,0,0,0.0,0.0,0.0,0.0
3,1000,1,dpga,roi_shared,0.057217396795749664,0.0,global_ddp_mean,2,0.0,0.2907351851463318,0.2907351851463318,0.0,0.0,0.0,0.0,0.0,0.0,0.0,0.0,0.0,0.0,0.0,0.0,0.0,1.0,1.0,0.0,0,0,0,0,0,0,0,0.0,0.0,0.0,0.0
3,1000,1,dpga,roi_cls,0.057217396795749664,0.0,global_ddp_mean,2,0.0,0.21864409744739532,0.21864409744739532,0.0,0.0,0.0,0.0,0.0,0.0,0.0,0.0,0.0,0.0,0.0,0.0,0.0,1.0,1.0,0.0,0,0,0,0,0,0,0,0.0,0.0,0.0,0.0
3,1000,1,dpga,roi_reg,0.057217396795749664,0.0,global_ddp_mean,2,0.0,0.2735132575035095,0.2735132575035095,0.0,0.0,0.0,0.0,0.0,0.0,0.0,0.0,0.0,0.0,0.0,0.0,0.0,1.0,1.0,0.0,0,0,0,0,0,0,0,0.0,0.0,0.0,0.0
3,1100,1,dpga,backbone,0.179538756608963,0.0,global_ddp_mean,2,0.0,6.616225719451904,6.616225719451904,0.0,0.0,0.0,0.0,0.0,0.0,0.0,0.0,0.0,0.0,0.0,0.0,0.0,1.0,1.0,0.0,0,0,0,0,0,0,0,0.0,0.0,0.0,0.0
3,1100,1,dpga,fpn,0.179538756608963,0.0,global_ddp_mean,2,0.0,2.0654866695404053,2.0654866695404053,0.0,0.0,0.0,0.0,0.0,0.0,0.0,0.0,0.0,0.0,0.0,0.0,0.0,1.0,1.0,0.0,0,0,0,0,0,0,0,0.0,0.0,0.0,0.0
3,1100,1,dpga,rpn,0.179538756608963,0.0,global_ddp_mean,2,0.0,1.332153558731079,1.332153558731079,0.0,0.0,0.0,0.0,0.0,0.0,0.0,0.0,0.0,0.0,0.0,0.0,0.0,1.0,1.0,0.0,0,0,0,0,0,0,0,0.0,0.0,0.0,0.0
3,1100,1,dpga,roi_shared,0.179538756608963,0.0,global_ddp_mean,2,0.0,5.401503562927246,5.401503562927246,0.0,0.0,0.0,0.0,0.0,0.0,0.0,0.0,0.0,0.0,0.0,0.0,0.0,1.0,1.0,0.0,0,0,0,0,0,0,0,0.0,0.0,0.0,0.0
3,1100,1,dpga,roi_cls,0.179538756608963,0.0,global_ddp_mean,2,0.0,5.856350421905518,5.856350421905518,0.0,0.0,0.0,0.0,0.0,0.0,0.0,0.0,0.0,0.0,0.0,0.0,0.0,1.0,1.0,0.0,0,0,0,0,0,0,0,0.0,0.0,0.0,0.0
3,1100,1,dpga,roi_reg,0.179538756608963,0.0,global_ddp_mean,2,0.0,1.088015079498291,1.088015079498291,0.0,0.0,0.0,0.0,0.0,0.0,0.0,0.0,0.0,0.0,0.0,0.0,0.0,1.0,1.0,0.0,0,0,0,0,0,0,0,0.0,0.0,0.0,0.0
3,1200,1,dpga,backbone,0.39297789335250854,0.0,global_ddp_mean,2,0.0,6.093825340270996,6.093825340270996,0.0,0.0,0.0,0.0,0.0,0.0,0.0,0.0,0.0,0.0,0.0,0.0,0.0,1.0,1.0,0.0,0,0,0,0,0,0,0,0.0,0.0,0.0,0.0
3,1200,1,dpga,fpn,0.39297789335250854,0.0,global_ddp_mean,2,0.0,1.2510253190994263,1.2510253190994263,0.0,0.0,0.0,0.0,0.0,0.0,0.0,0.0,0.0,0.0,0.0,0.0,0.0,1.0,1.0,0.0,0,0,0,0,0,0,0,0.0,0.0,0.0,0.0
3,1200,1,dpga,rpn,0.39297789335250854,0.0,global_ddp_mean,2,0.0,3.1324472427368164,3.1324472427368164,0.0,0.0,0.0,0.0,0.0,0.0,0.0,0.0,0.0,0.0,0.0,0.0,0.0,1.0,1.0,0.0,0,0,0,0,0,0,0,0.0,0.0,0.0,0.0
3,1200,1,dpga,roi_shared,0.39297789335250854,0.0,global_ddp_mean,2,0.0,2.2580018043518066,2.2580018043518066,0.0,0.0,0.0,0.0,0.0,0.0,0.0,0.0,0.0,0.0,0.0,0.0,0.0,1.0,1.0,0.0,0,0,0,0,0,0,0,0.0,0.0,0.0,0.0
3,1200,1,dpga,roi_cls,0.39297789335250854,0.0,global_ddp_mean,2,0.0,1.5346801280975342,1.5346801280975342,0.0,0.0,0.0,0.0,0.0,0.0,0.0,0.0,0.0,0.0,0.0,0.0,0.0,1.0,1.0,0.0,0,0,0,0,0,0,0,0.0,0.0,0.0,0.0
3,1200,1,dpga,roi_reg,0.39297789335250854,0.0,global_ddp_mean,2,0.0,1.8959217071533203,1.8959217071533203,0.0,0.0,0.0,0.0,0.0,0.0,0.0,0.0,0.0,0.0,0.0,0.0,0.0,1.0,1.0,0.0,0,0,0,0,0,0,0,0.0,0.0,0.0,0.0
3,1300,1,dpga,backbone,0.27915331721305847,0.0,global_ddp_mean,2,0.0,27.382081985473633,27.382081985473633,0.0,0.0,0.0,0.0,0.0,0.0,0.0,0.0,0.0,0.0,0.0,0.0,0.0,1.0,1.0,0.0,0,0,0,0,0,0,0,0.0,0.0,0.0,0.0
3,1300,1,dpga,fpn,0.27915331721305847,0.0,global_ddp_mean,2,0.0,6.053829669952393,6.053829669952393,0.0,0.0,0.0,0.0,0.0,0.0,0.0,0.0,0.0,0.0,0.0,0.0,0.0,1.0,1.0,0.0,0,0,0,0,0,0,0,0.0,0.0,0.0,0.0
3,1300,1,dpga,rpn,0.27915331721305847,0.0,global_ddp_mean,2,0.0,5.261837005615234,5.261837005615234,0.0,0.0,0.0,0.0,0.0,0.0,0.0,0.0,0.0,0.0,0.0,0.0,0.0,1.0,1.0,0.0,0,0,0,0,0,0,0,0.0,0.0,0.0,0.0
3,1300,1,dpga,roi_shared,0.27915331721305847,0.0,global_ddp_mean,2,0.0,12.97667407989502,12.97667407989502,0.0,0.0,0.0,0.0,0.0,0.0,0.0,0.0,0.0,0.0,0.0,0.0,0.0,1.0,1.0,0.0,0,0,0,0,0,0,0,0.0,0.0,0.0,0.0
3,1300,1,dpga,roi_cls,0.27915331721305847,0.0,global_ddp_mean,2,0.0,13.020472526550293,13.020472526550293,0.0,0.0,0.0,0.0,0.0,0.0,0.0,0.0,0.0,0.0,0.0,0.0,0.0,1.0,1.0,0.0,0,0,0,0,0,0,0,0.0,0.0,0.0,0.0
3,1300,1,dpga,roi_reg,0.27915331721305847,0.0,global_ddp_mean,2,0.0,6.318538665771484,6.318538665771484,0.0,0.0,0.0,0.0,0.0,0.0,0.0,0.0,0.0,0.0,0.0,0.0,0.0,1.0,1.0,0.0,0,0,0,0,0,0,0,0.0,0.0,0.0,0.0
3,1400,1,dpga,backbone,0.017875302582979202,0.0,global_ddp_mean,2,0.0,7.062859535217285,7.062859535217285,0.0,0.0,0.0,0.0,0.0,0.0,0.0,0.0,0.0,0.0,0.0,0.0,0.0,1.0,1.0,0.0,0,0,0,0,0,0,0,0.0,0.0,0.0,0.0
3,1400,1,dpga,fpn,0.017875302582979202,0.0,global_ddp_mean,2,0.0,1.1319695711135864,1.1319695711135864,0.0,0.0,0.0,0.0,0.0,0.0,0.0,0.0,0.0,0.0,0.0,0.0,0.0,1.0,1.0,0.0,0,0,0,0,0,0,0,0.0,0.0,0.0,0.0
3,1400,1,dpga,rpn,0.017875302582979202,0.0,global_ddp_mean,2,0.0,2.6497609615325928,2.6497609615325928,0.0,0.0,0.0,0.0,0.0,0.0,0.0,0.0,0.0,0.0,0.0,0.0,0.0,1.0,1.0,0.0,0,0,0,0,0,0,0,0.0,0.0,0.0,0.0
3,1400,1,dpga,roi_shared,0.017875302582979202,0.0,global_ddp_mean,2,0.0,0.0,0.0,0.0,0.0,0.0,0.0,0.0,0.0,0.0,0.0,0.0,0.0,0.0,0.0,0.0,0.0,0.0,90.0,0,0,0,0,0,0,0,0.0,0.0,0.0,0.0
3,1400,1,dpga,roi_cls,0.017875302582979202,0.0,global_ddp_mean,2,0.0,0.0,0.0,0.0,0.0,0.0,0.0,0.0,0.0,0.0,0.0,0.0,0.0,0.0,0.0,0.0,0.0,0.0,90.0,0,0,0,0,0,0,0,0.0,0.0,0.0,0.0
3,1400,1,dpga,roi_reg,0.017875302582979202,0.0,global_ddp_mean,2,0.0,0.0,0.0,0.0,0.0,0.0,0.0,0.0,0.0,0.0,0.0,0.0,0.0,0.0,0.0,0.0,0.0,0.0,90.0,0,0,0,0,0,0,0,0.0,0.0,0.0,0.0
4,0,1,dpga,backbone,0.011152200400829315,0.0,global_ddp_mean,2,0.0,2.8858964443206787,2.8858964443206787,0.0,0.0,0.0,0.0,0.0,0.0,0.0,0.0,0.0,0.0,0.0,0.0,0.0,1.0,1.0,0.0,0,0,0,0,0,0,0,0.0,0.0,0.0,0.0
4,0,1,dpga,fpn,0.011152200400829315,0.0,global_ddp_mean,2,0.0,0.35958802700042725,0.35958802700042725,0.0,0.0,0.0,0.0,0.0,0.0,0.0,0.0,0.0,0.0,0.0,0.0,0.0,1.0,1.0,0.0,0,0,0,0,0,0,0,0.0,0.0,0.0,0.0
4,0,1,dpga,rpn,0.011152200400829315,0.0,global_ddp_mean,2,0.0,0.5905210375785828,0.5905210375785828,0.0,0.0,0.0,0.0,0.0,0.0,0.0,0.0,0.0,0.0,0.0,0.0,0.0,1.0,1.0,0.0,0,0,0,0,0,0,0,0.0,0.0,0.0,0.0
4,0,1,dpga,roi_shared,0.011152200400829315,0.0,global_ddp_mean,2,0.0,0.6560050249099731,0.6560050249099731,0.0,0.0,0.0,0.0,0.0,0.0,0.0,0.0,0.0,0.0,0.0,0.0,0.0,1.0,1.0,0.0,0,0,0,0,0,0,0,0.0,0.0,0.0,0.0
4,0,1,dpga,roi_cls,0.011152200400829315,0.0,global_ddp_mean,2,0.0,0.7097300887107849,0.7097300887107849,0.0,0.0,0.0,0.0,0.0,0.0,0.0,0.0,0.0,0.0,0.0,0.0,0.0,1.0,1.0,0.0,0,0,0,0,0,0,0,0.0,0.0,0.0,0.0
4,0,1,dpga,roi_reg,0.011152200400829315,0.0,global_ddp_mean,2,0.0,0.07161491364240646,0.07161491364240646,0.0,0.0,0.0,0.0,0.0,0.0,0.0,0.0,0.0,0.0,0.0,0.0,0.0,1.0,1.0,0.0,0,0,0,0,0,0,0,0.0,0.0,0.0,0.0
4,100,1,dpga,backbone,0.14575088024139404,0.0,global_ddp_mean,2,0.0,9.23237133026123,9.23237133026123,0.0,0.0,0.0,0.0,0.0,0.0,0.0,0.0,0.0,0.0,0.0,0.0,0.0,1.0,1.0,0.0,0,0,0,0,0,0,0,0.0,0.0,0.00336247478143914,0.0
4,100,1,dpga,fpn,0.14575088024139404,0.0,global_ddp_mean,2,0.0,1.3040196895599365,1.3040196895599365,0.0,0.0,0.0,0.0,0.0,0.0,0.0,0.0,0.0,0.0,0.0,0.0,0.0,1.0,1.0,0.0,0,0,0,0,0,0,0,0.0,0.0,0.00336247478143914,0.0
4,100,1,dpga,rpn,0.14575088024139404,0.0,global_ddp_mean,2,0.0,2.0779383182525635,2.0779383182525635,0.0,0.0,0.0,0.0,0.0,0.0,0.0,0.0,0.0,0.0,0.0,0.0,0.0,1.0,1.0,0.0,0,0,0,0,0,0,0,0.0,0.0,0.00336247478143914,0.0
4,100,1,dpga,roi_shared,0.14575088024139404,0.0,global_ddp_mean,2,0.0,2.5453898906707764,2.5453898906707764,0.0,0.0,0.0,0.0,0.0,0.0,0.0,0.0,0.0,0.0,0.0,0.0,0.0,1.0,1.0,0.0,0,0,0,0,0,0,0,0.0,0.0,0.00336247478143914,0.0
4,100,1,dpga,roi_cls,0.14575088024139404,0.0,global_ddp_mean,2,0.0,3.043308973312378,3.043308973312378,0.0,0.0,0.0,0.0,0.0,0.0,0.0,0.0,0.0,0.0,0.0,0.0,0.0,1.0,1.0,0.0,0,0,0,0,0,0,0,0.0,0.0,0.00336247478143914,0.0
4,100,1,dpga,roi_reg,0.14575088024139404,0.0,global_ddp_mean,2,0.0,0.8163677453994751,0.8163677453994751,0.0,0.0,0.0,0.0,0.0,0.0,0.0,0.0,0.0,0.0,0.0,0.0,0.0,1.0,1.0,0.0,0,0,0,0,0,0,0,0.0,0.0,0.00336247478143914,0.0
4,200,1,dpga,backbone,0.0028624343685805798,0.0,global_ddp_mean,2,0.0,6.750617027282715,6.750617027282715,0.0,0.0,0.0,0.0,0.0,0.0,0.0,0.0,0.0,0.0,0.0,0.0,0.0,1.0,1.0,0.0,0,0,0,0,0,0,0,0.0,0.0,0.00672494956287828,0.0
4,200,1,dpga,fpn,0.0028624343685805798,0.0,global_ddp_mean,2,0.0,1.8418136835098267,1.8418136835098267,0.0,0.0,0.0,0.0,0.0,0.0,0.0,0.0,0.0,0.0,0.0,0.0,0.0,1.0,1.0,0.0,0,0,0,0,0,0,0,0.0,0.0,0.00672494956287828,0.0
4,200,1,dpga,rpn,0.0028624343685805798,0.0,global_ddp_mean,2,0.0,0.6708345413208008,0.6708345413208008,0.0,0.0,0.0,0.0,0.0,0.0,0.0,0.0,0.0,0.0,0.0,0.0,0.0,1.0,1.0,0.0,0,0,0,0,0,0,0,0.0,0.0,0.00672494956287828,0.0
4,200,1,dpga,roi_shared,0.0028624343685805798,0.0,global_ddp_mean,2,0.0,4.215916156768799,4.215916156768799,0.0,0.0,0.0,0.0,0.0,0.0,0.0,0.0,0.0,0.0,0.0,0.0,0.0,1.0,1.0,0.0,0,0,0,0,0,0,0,0.0,0.0,0.00672494956287828,0.0
4,200,1,dpga,roi_cls,0.0028624343685805798,0.0,global_ddp_mean,2,0.0,3.9989426136016846,3.9989426136016846,0.0,0.0,0.0,0.0,0.0,0.0,0.0,0.0,0.0,0.0,0.0,0.0,0.0,1.0,1.0,0.0,0,0,0,0,0,0,0,0.0,0.0,0.00672494956287828,0.0
4,200,1,dpga,roi_reg,0.0028624343685805798,0.0,global_ddp_mean,2,0.0,1.3604201078414917,1.3604201078414917,0.0,0.0,0.0,0.0,0.0,0.0,0.0,0.0,0.0,0.0,0.0,0.0,0.0,1.0,1.0,0.0,0,0,0,0,0,0,0,0.0,0.0,0.00672494956287828,0.0
4,300,1,dpga,backbone,0.027461739256978035,0.0,global_ddp_mean,2,0.0,3.4388773441314697,3.4388773441314697,0.0,0.0,0.0,0.0,0.0,0.0,0.0,0.0,0.0,0.0,0.0,0.0,0.0,1.0,1.0,0.0,0,0,0,0,0,0,0,0.0,0.0,0.01008742434431742,0.0
4,300,1,dpga,fpn,0.027461739256978035,0.0,global_ddp_mean,2,0.0,0.8760314583778381,0.8760314583778381,0.0,0.0,0.0,0.0,0.0,0.0,0.0,0.0,0.0,0.0,0.0,0.0,0.0,1.0,1.0,0.0,0,0,0,0,0,0,0,0.0,0.0,0.01008742434431742,0.0
4,300,1,dpga,rpn,0.027461739256978035,0.0,global_ddp_mean,2,0.0,0.5906577110290527,0.5906577110290527,0.0,0.0,0.0,0.0,0.0,0.0,0.0,0.0,0.0,0.0,0.0,0.0,0.0,1.0,1.0,0.0,0,0,0,0,0,0,0,0.0,0.0,0.01008742434431742,0.0
4,300,1,dpga,roi_shared,0.027461739256978035,0.0,global_ddp_mean,2,0.0,1.8416095972061157,1.8416095972061157,0.0,0.0,0.0,0.0,0.0,0.0,0.0,0.0,0.0,0.0,0.0,0.0,0.0,1.0,1.0,0.0,0,0,0,0,0,0,0,0.0,0.0,0.01008742434431742,0.0
4,300,1,dpga,roi_cls,0.027461739256978035,0.0,global_ddp_mean,2,0.0,1.9273098707199097,1.9273098707199097,0.0,0.0,0.0,0.0,0.0,0.0,0.0,0.0,0.0,0.0,0.0,0.0,0.0,1.0,1.0,0.0,0,0,0,0,0,0,0,0.0,0.0,0.01008742434431742,0.0
4,300,1,dpga,roi_reg,0.027461739256978035,0.0,global_ddp_mean,2,0.0,0.08874949812889099,0.08874949812889099,0.0,0.0,0.0,0.0,0.0,0.0,0.0,0.0,0.0,0.0,0.0,0.0,0.0,1.0,1.0,0.0,0,0,0,0,0,0,0,0.0,0.0,0.01008742434431742,0.0
4,400,1,dpga,backbone,0.014694944024085999,0.0,global_ddp_mean,2,0.0,8.023914337158203,8.023914337158203,0.0,0.0,0.0,0.0,0.0,0.0,0.0,0.0,0.0,0.0,0.0,0.0,0.0,1.0,1.0,0.0,0,0,0,0,0,0,0,0.0,0.0,0.01344989912575656,0.0
4,400,1,dpga,fpn,0.014694944024085999,0.0,global_ddp_mean,2,0.0,1.8135924339294434,1.8135924339294434,0.0,0.0,0.0,0.0,0.0,0.0,0.0,0.0,0.0,0.0,0.0,0.0,0.0,1.0,1.0,0.0,0,0,0,0,0,0,0,0.0,0.0,0.01344989912575656,0.0
4,400,1,dpga,rpn,0.014694944024085999,0.0,global_ddp_mean,2,0.0,2.750286102294922,2.750286102294922,0.0,0.0,0.0,0.0,0.0,0.0,0.0,0.0,0.0,0.0,0.0,0.0,0.0,1.0,1.0,0.0,0,0,0,0,0,0,0,0.0,0.0,0.01344989912575656,0.0
4,400,1,dpga,roi_shared,0.014694944024085999,0.0,global_ddp_mean,2,0.0,3.398538827896118,3.398538827896118,0.0,0.0,0.0,0.0,0.0,0.0,0.0,0.0,0.0,0.0,0.0,0.0,0.0,1.0,1.0,0.0,0,0,0,0,0,0,0,0.0,0.0,0.01344989912575656,0.0
4,400,1,dpga,roi_cls,0.014694944024085999,0.0,global_ddp_mean,2,0.0,2.951535701751709,2.951535701751709,0.0,0.0,0.0,0.0,0.0,0.0,0.0,0.0,0.0,0.0,0.0,0.0,0.0,1.0,1.0,0.0,0,0,0,0,0,0,0,0.0,0.0,0.01344989912575656,0.0
4,400,1,dpga,roi_reg,0.014694944024085999,0.0,global_ddp_mean,2,0.0,1.6982678174972534,1.6982678174972534,0.0,0.0,0.0,0.0,0.0,0.0,0.0,0.0,0.0,0.0,0.0,0.0,0.0,1.0,1.0,0.0,0,0,0,0,0,0,0,0.0,0.0,0.01344989912575656,0.0
4,500,1,dpga,backbone,0.19346119463443756,0.0,global_ddp_mean,2,0.0,3.5793707370758057,3.5793707370758057,0.0,0.0,0.0,0.0,0.0,0.0,0.0,0.0,0.0,0.0,0.0,0.0,0.0,1.0,1.0,0.0,0,0,0,0,0,0,0,0.0,0.0,0.0168123739071957,0.0
4,500,1,dpga,fpn,0.19346119463443756,0.0,global_ddp_mean,2,0.0,0.7151737809181213,0.7151737809181213,0.0,0.0,0.0,0.0,0.0,0.0,0.0,0.0,0.0,0.0,0.0,0.0,0.0,1.0,1.0,0.0,0,0,0,0,0,0,0,0.0,0.0,0.0168123739071957,0.0
4,500,1,dpga,rpn,0.19346119463443756,0.0,global_ddp_mean,2,0.0,1.6652438640594482,1.6652438640594482,0.0,0.0,0.0,0.0,0.0,0.0,0.0,0.0,0.0,0.0,0.0,0.0,0.0,1.0,1.0,0.0,0,0,0,0,0,0,0,0.0,0.0,0.0168123739071957,0.0
4,500,1,dpga,roi_shared,0.19346119463443756,0.0,global_ddp_mean,2,0.0,1.3984832763671875,1.3984832763671875,0.0,0.0,0.0,0.0,0.0,0.0,0.0,0.0,0.0,0.0,0.0,0.0,0.0,1.0,1.0,0.0,0,0,0,0,0,0,0,0.0,0.0,0.0168123739071957,0.0
4,500,1,dpga,roi_cls,0.19346119463443756,0.0,global_ddp_mean,2,0.0,1.561194896697998,1.561194896697998,0.0,0.0,0.0,0.0,0.0,0.0,0.0,0.0,0.0,0.0,0.0,0.0,0.0,1.0,1.0,0.0,0,0,0,0,0,0,0,0.0,0.0,0.0168123739071957,0.0
4,500,1,dpga,roi_reg,0.19346119463443756,0.0,global_ddp_mean,2,0.0,0.8003383874893188,0.8003383874893188,0.0,0.0,0.0,0.0,0.0,0.0,0.0,0.0,0.0,0.0,0.0,0.0,0.0,1.0,1.0,0.0,0,0,0,0,0,0,0,0.0,0.0,0.0168123739071957,0.0
4,600,1,dpga,backbone,0.21982517838478088,0.0,global_ddp_mean,2,0.0,8.471856117248535,8.471856117248535,0.0,0.0,0.0,0.0,0.0,0.0,0.0,0.0,0.0,0.0,0.0,0.0,0.0,1.0,1.0,0.0,0,0,0,0,0,0,0,0.0,0.0,0.02017484868863484,0.0
4,600,1,dpga,fpn,0.21982517838478088,0.0,global_ddp_mean,2,0.0,2.2966878414154053,2.2966878414154053,0.0,0.0,0.0,0.0,0.0,0.0,0.0,0.0,0.0,0.0,0.0,0.0,0.0,1.0,1.0,0.0,0,0,0,0,0,0,0,0.0,0.0,0.02017484868863484,0.0
4,600,1,dpga,rpn,0.21982517838478088,0.0,global_ddp_mean,2,0.0,4.202357769012451,4.202357769012451,0.0,0.0,0.0,0.0,0.0,0.0,0.0,0.0,0.0,0.0,0.0,0.0,0.0,1.0,1.0,0.0,0,0,0,0,0,0,0,0.0,0.0,0.02017484868863484,0.0
4,600,1,dpga,roi_shared,0.21982517838478088,0.0,global_ddp_mean,2,0.0,5.267543315887451,5.267543315887451,0.0,0.0,0.0,0.0,0.0,0.0,0.0,0.0,0.0,0.0,0.0,0.0,0.0,1.0,1.0,0.0,0,0,0,0,0,0,0,0.0,0.0,0.02017484868863484,0.0
4,600,1,dpga,roi_cls,0.21982517838478088,0.0,global_ddp_mean,2,0.0,4.090197563171387,4.090197563171387,0.0,0.0,0.0,0.0,0.0,0.0,0.0,0.0,0.0,0.0,0.0,0.0,0.0,1.0,1.0,0.0,0,0,0,0,0,0,0,0.0,0.0,0.02017484868863484,0.0
4,600,1,dpga,roi_reg,0.21982517838478088,0.0,global_ddp_mean,2,0.0,2.330777406692505,2.330777406692505,0.0,0.0,0.0,0.0,0.0,0.0,0.0,0.0,0.0,0.0,0.0,0.0,0.0,1.0,1.0,0.0,0,0,0,0,0,0,0,0.0,0.0,0.02017484868863484,0.0
4,700,1,dpga,backbone,0.2042633295059204,0.0,global_ddp_mean,2,0.0,9.681798934936523,9.681798934936523,0.0,0.0,0.0,0.0,0.0,0.0,0.0,0.0,0.0,0.0,0.0,0.0,0.0,1.0,1.0,0.0,0,0,0,0,0,0,0,0.0,0.0,0.02353732347007398,0.0
4,700,1,dpga,fpn,0.2042633295059204,0.0,global_ddp_mean,2,0.0,2.2602434158325195,2.2602434158325195,0.0,0.0,0.0,0.0,0.0,0.0,0.0,0.0,0.0,0.0,0.0,0.0,0.0,1.0,1.0,0.0,0,0,0,0,0,0,0,0.0,0.0,0.02353732347007398,0.0
4,700,1,dpga,rpn,0.2042633295059204,0.0,global_ddp_mean,2,0.0,2.959765911102295,2.959765911102295,0.0,0.0,0.0,0.0,0.0,0.0,0.0,0.0,0.0,0.0,0.0,0.0,0.0,1.0,1.0,0.0,0,0,0,0,0,0,0,0.0,0.0,0.02353732347007398,0.0
4,700,1,dpga,roi_shared,0.2042633295059204,0.0,global_ddp_mean,2,0.0,4.460048198699951,4.460048198699951,0.0,0.0,0.0,0.0,0.0,0.0,0.0,0.0,0.0,0.0,0.0,0.0,0.0,1.0,1.0,0.0,0,0,0,0,0,0,0,0.0,0.0,0.02353732347007398,0.0
4,700,1,dpga,roi_cls,0.2042633295059204,0.0,global_ddp_mean,2,0.0,4.223379135131836,4.223379135131836,0.0,0.0,0.0,0.0,0.0,0.0,0.0,0.0,0.0,0.0,0.0,0.0,0.0,1.0,1.0,0.0,0,0,0,0,0,0,0,0.0,0.0,0.02353732347007398,0.0
4,700,1,dpga,roi_reg,0.2042633295059204,0.0,global_ddp_mean,2,0.0,1.3805243968963623,1.3805243968963623,0.0,0.0,0.0,0.0,0.0,0.0,0.0,0.0,0.0,0.0,0.0,0.0,0.0,1.0,1.0,0.0,0,0,0,0,0,0,0,0.0,0.0,0.02353732347007398,0.0
4,800,1,dpga,backbone,0.7261152267456055,0.0,global_ddp_mean,2,0.0,15.246088027954102,15.246088027954102,0.0,0.0,0.0,0.0,0.0,0.0,0.0,0.0,0.0,0.0,0.0,0.0,0.0,1.0,1.0,0.0,0,0,0,0,0,0,0,0.0,0.0,0.02689979825151312,0.0
4,800,1,dpga,fpn,0.7261152267456055,0.0,global_ddp_mean,2,0.0,4.782293796539307,4.782293796539307,0.0,0.0,0.0,0.0,0.0,0.0,0.0,0.0,0.0,0.0,0.0,0.0,0.0,1.0,1.0,0.0,0,0,0,0,0,0,0,0.0,0.0,0.02689979825151312,0.0
4,800,1,dpga,rpn,0.7261152267456055,0.0,global_ddp_mean,2,0.0,4.427750110626221,4.427750110626221,0.0,0.0,0.0,0.0,0.0,0.0,0.0,0.0,0.0,0.0,0.0,0.0,0.0,1.0,1.0,0.0,0,0,0,0,0,0,0,0.0,0.0,0.02689979825151312,0.0
4,800,1,dpga,roi_shared,0.7261152267456055,0.0,global_ddp_mean,2,0.0,10.75255012512207,10.75255012512207,0.0,0.0,0.0,0.0,0.0,0.0,0.0,0.0,0.0,0.0,0.0,0.0,0.0,1.0,1.0,0.0,0,0,0,0,0,0,0,0.0,0.0,0.02689979825151312,0.0
4,800,1,dpga,roi_cls,0.7261152267456055,0.0,global_ddp_mean,2,0.0,10.65535831451416,10.65535831451416,0.0,0.0,0.0,0.0,0.0,0.0,0.0,0.0,0.0,0.0,0.0,0.0,0.0,1.0,1.0,0.0,0,0,0,0,0,0,0,0.0,0.0,0.02689979825151312,0.0
4,800,1,dpga,roi_reg,0.7261152267456055,0.0,global_ddp_mean,2,0.0,6.11185359954834,6.11185359954834,0.0,0.0,0.0,0.0,0.0,0.0,0.0,0.0,0.0,0.0,0.0,0.0,0.0,1.0,1.0,0.0,0,0,0,0,0,0,0,0.0,0.0,0.02689979825151312,0.0
4,900,1,dpga,backbone,0.1989021599292755,-0.0,global_ddp_mean,2,0.0,4.671583652496338,4.671583652496338,0.0,0.0,0.0,0.0,0.0,0.0,0.0,0.0,0.0,0.0,0.0,0.0,0.0,1.0,1.0,0.0,0,0,0,0,0,0,0,0.0,0.0,0.030262273032952258,0.0
4,900,1,dpga,fpn,0.1989021599292755,-0.0,global_ddp_mean,2,0.0,1.0665994882583618,1.0665994882583618,0.0,0.0,0.0,0.0,0.0,0.0,0.0,0.0,0.0,0.0,0.0,0.0,0.0,1.0,1.0,0.0,0,0,0,0,0,0,0,0.0,0.0,0.030262273032952258,0.0
4,900,1,dpga,rpn,0.1989021599292755,-0.0,global_ddp_mean,2,0.0,2.7923827171325684,2.7923827171325684,0.0,0.0,0.0,0.0,0.0,0.0,0.0,0.0,0.0,0.0,0.0,0.0,0.0,1.0,1.0,0.0,0,0,0,0,0,0,0,0.0,0.0,0.030262273032952258,0.0
4,900,1,dpga,roi_shared,0.1989021599292755,-0.0,global_ddp_mean,2,0.0,2.0107028484344482,2.0107028484344482,0.0,0.0,0.0,0.0,0.0,0.0,0.0,0.0,0.0,0.0,0.0,0.0,0.0,1.0,1.0,0.0,0,0,0,0,0,0,0,0.0,0.0,0.030262273032952258,0.0
4,900,1,dpga,roi_cls,0.1989021599292755,-0.0,global_ddp_mean,2,0.0,1.1825270652770996,1.1825270652770996,0.0,0.0,0.0,0.0,0.0,0.0,0.0,0.0,0.0,0.0,0.0,0.0,0.0,1.0,1.0,0.0,0,0,0,0,0,0,0,0.0,0.0,0.030262273032952258,0.0
4,900,1,dpga,roi_reg,0.1989021599292755,-0.0,global_ddp_mean,2,0.0,2.6706173419952393,2.6706173419952393,0.0,0.0,0.0,0.0,0.0,0.0,0.0,0.0,0.0,0.0,0.0,0.0,0.0,1.0,1.0,0.0,0,0,0,0,0,0,0,0.0,0.0,0.030262273032952258,0.0
4,1000,1,dpga,backbone,0.0027179005555808544,0.0,global_ddp_mean,2,0.0,0.9871974587440491,0.9871974587440491,0.0,0.0,0.0,0.0,0.0,0.0,0.0,0.0,0.0,0.0,0.0,0.0,0.0,1.0,1.0,0.0,0,0,0,0,0,0,0,0.0,0.0,0.0336247478143914,0.0
4,1000,1,dpga,fpn,0.0027179005555808544,0.0,global_ddp_mean,2,0.0,0.1094120517373085,0.1094120517373085,0.0,0.0,0.0,0.0,0.0,0.0,0.0,0.0,0.0,0.0,0.0,0.0,0.0,1.0,1.0,0.0,0,0,0,0,0,0,0,0.0,0.0,0.0336247478143914,0.0
4,1000,1,dpga,rpn,0.0027179005555808544,0.0,global_ddp_mean,2,0.0,0.15155744552612305,0.15155744552612305,0.0,0.0,0.0,0.0,0.0,0.0,0.0,0.0,0.0,0.0,0.0,0.0,0.0,1.0,1.0,0.0,0,0,0,0,0,0,0,0.0,0.0,0.0336247478143914,0.0
4,1000,1,dpga,roi_shared,0.0027179005555808544,0.0,global_ddp_mean,2,0.0,0.17435108125209808,0.17435108125209808,0.0,0.0,0.0,0.0,0.0,0.0,0.0,0.0,0.0,0.0,0.0,0.0,0.0,1.0,1.0,0.0,0,0,0,0,0,0,0,0.0,0.0,0.0336247478143914,0.0
4,1000,1,dpga,roi_cls,0.0027179005555808544,0.0,global_ddp_mean,2,0.0,0.2203681766986847,0.2203681766986847,0.0,0.0,0.0,0.0,0.0,0.0,0.0,0.0,0.0,0.0,0.0,0.0,0.0,1.0,1.0,0.0,0,0,0,0,0,0,0,0.0,0.0,0.0336247478143914,0.0
4,1000,1,dpga,roi_reg,0.0027179005555808544,0.0,global_ddp_mean,2,0.0,0.0,0.0,0.0,0.0,0.0,0.0,0.0,0.0,0.0,0.0,0.0,0.0,0.0,0.0,0.0,0.0,0.0,90.0,0,0,0,0,0,0,0,0.0,0.0,0.0336247478143914,0.0
4,1100,1,dpga,backbone,0.7884656190872192,0.0,global_ddp_mean,2,0.0,24.623130798339844,24.623130798339844,0.0,0.0,0.0,0.0,0.0,0.0,0.0,0.0,0.0,0.0,0.0,0.0,0.0,1.0,1.0,0.0,0,0,0,0,0,0,0,0.0,0.0,0.03698722259583054,0.0
4,1100,1,dpga,fpn,0.7884656190872192,0.0,global_ddp_mean,2,0.0,5.081605434417725,5.081605434417725,0.0,0.0,0.0,0.0,0.0,0.0,0.0,0.0,0.0,0.0,0.0,0.0,0.0,1.0,1.0,0.0,0,0,0,0,0,0,0,0.0,0.0,0.03698722259583054,0.0
4,1100,1,dpga,rpn,0.7884656190872192,0.0,global_ddp_mean,2,0.0,6.351304054260254,6.351304054260254,0.0,0.0,0.0,0.0,0.0,0.0,0.0,0.0,0.0,0.0,0.0,0.0,0.0,1.0,1.0,0.0,0,0,0,0,0,0,0,0.0,0.0,0.03698722259583054,0.0
4,1100,1,dpga,roi_shared,0.7884656190872192,0.0,global_ddp_mean,2,0.0,11.51235580444336,11.51235580444336,0.0,0.0,0.0,0.0,0.0,0.0,0.0,0.0,0.0,0.0,0.0,0.0,0.0,1.0,1.0,0.0,0,0,0,0,0,0,0,0.0,0.0,0.03698722259583054,0.0
4,1100,1,dpga,roi_cls,0.7884656190872192,0.0,global_ddp_mean,2,0.0,10.779340744018555,10.779340744018555,0.0,0.0,0.0,0.0,0.0,0.0,0.0,0.0,0.0,0.0,0.0,0.0,0.0,1.0,1.0,0.0,0,0,0,0,0,0,0,0.0,0.0,0.03698722259583054,0.0
4,1100,1,dpga,roi_reg,0.7884656190872192,0.0,global_ddp_mean,2,0.0,2.354743719100952,2.354743719100952,0.0,0.0,0.0,0.0,0.0,0.0,0.0,0.0,0.0,0.0,0.0,0.0,0.0,1.0,1.0,0.0,0,0,0,0,0,0,0,0.0,0.0,0.03698722259583054,0.0
4,1200,1,dpga,backbone,0.009187363088130951,0.0,global_ddp_mean,2,0.0,7.973773956298828,7.973773956298828,0.0,0.0,0.0,0.0,0.0,0.0,0.0,0.0,0.0,0.0,0.0,0.0,0.0,1.0,1.0,0.0,0,0,0,0,0,0,0,0.0,0.0,0.04034969737726968,0.0
4,1200,1,dpga,fpn,0.009187363088130951,0.0,global_ddp_mean,2,0.0,1.6520380973815918,1.6520380973815918,0.0,0.0,0.0,0.0,0.0,0.0,0.0,0.0,0.0,0.0,0.0,0.0,0.0,1.0,1.0,0.0,0,0,0,0,0,0,0,0.0,0.0,0.04034969737726968,0.0
4,1200,1,dpga,rpn,0.009187363088130951,0.0,global_ddp_mean,2,0.0,1.280524730682373,1.280524730682373,0.0,0.0,0.0,0.0,0.0,0.0,0.0,0.0,0.0,0.0,0.0,0.0,0.0,1.0,1.0,0.0,0,0,0,0,0,0,0,0.0,0.0,0.04034969737726968,0.0
4,1200,1,dpga,roi_shared,0.009187363088130951,0.0,global_ddp_mean,2,0.0,3.6255838871002197,3.6255838871002197,0.0,0.0,0.0,0.0,0.0,0.0,0.0,0.0,0.0,0.0,0.0,0.0,0.0,1.0,1.0,0.0,0,0,0,0,0,0,0,0.0,0.0,0.04034969737726968,0.0
4,1200,1,dpga,roi_cls,0.009187363088130951,0.0,global_ddp_mean,2,0.0,3.8413028717041016,3.8413028717041016,0.0,0.0,0.0,0.0,0.0,0.0,0.0,0.0,0.0,0.0,0.0,0.0,0.0,1.0,1.0,0.0,0,0,0,0,0,0,0,0.0,0.0,0.04034969737726968,0.0
4,1200,1,dpga,roi_reg,0.009187363088130951,0.0,global_ddp_mean,2,0.0,0.03707774356007576,0.03707774356007576,0.0,0.0,0.0,0.0,0.0,0.0,0.0,0.0,0.0,0.0,0.0,0.0,0.0,1.0,1.0,0.0,0,0,0,0,0,0,0,0.0,0.0,0.04034969737726968,0.0
4,1300,1,dpga,backbone,0.17491674423217773,0.0,global_ddp_mean,2,0.0,5.684123516082764,5.684123516082764,0.0,0.0,0.0,0.0,0.0,0.0,0.0,0.0,0.0,0.0,0.0,0.0,0.0,1.0,1.0,0.0,0,0,0,0,0,0,0,0.0,0.0,0.04371217215870882,0.0
4,1300,1,dpga,fpn,0.17491674423217773,0.0,global_ddp_mean,2,0.0,1.103294014930725,1.103294014930725,0.0,0.0,0.0,0.0,0.0,0.0,0.0,0.0,0.0,0.0,0.0,0.0,0.0,1.0,1.0,0.0,0,0,0,0,0,0,0,0.0,0.0,0.04371217215870882,0.0
4,1300,1,dpga,rpn,0.17491674423217773,0.0,global_ddp_mean,2,0.0,1.9009361267089844,1.9009361267089844,0.0,0.0,0.0,0.0,0.0,0.0,0.0,0.0,0.0,0.0,0.0,0.0,0.0,1.0,1.0,0.0,0,0,0,0,0,0,0,0.0,0.0,0.04371217215870882,0.0
4,1300,1,dpga,roi_shared,0.17491674423217773,0.0,global_ddp_mean,2,0.0,2.272418975830078,2.272418975830078,0.0,0.0,0.0,0.0,0.0,0.0,0.0,0.0,0.0,0.0,0.0,0.0,0.0,1.0,1.0,0.0,0,0,0,0,0,0,0,0.0,0.0,0.04371217215870882,0.0
4,1300,1,dpga,roi_cls,0.17491674423217773,0.0,global_ddp_mean,2,0.0,1.7636879682540894,1.7636879682540894,0.0,0.0,0.0,0.0,0.0,0.0,0.0,0.0,0.0,0.0,0.0,0.0,0.0,1.0,1.0,0.0,0,0,0,0,0,0,0,0.0,0.0,0.04371217215870882,0.0
4,1300,1,dpga,roi_reg,0.17491674423217773,0.0,global_ddp_mean,2,0.0,1.2746398448944092,1.2746398448944092,0.0,0.0,0.0,0.0,0.0,0.0,0.0,0.0,0.0,0.0,0.0,0.0,0.0,1.0,1.0,0.0,0,0,0,0,0,0,0,0.0,0.0,0.04371217215870882,0.0
4,1400,1,dpga,backbone,0.013840759173035622,0.0,global_ddp_mean,2,0.0,2.92830491065979,2.92830491065979,0.0,0.0,0.0,0.0,0.0,0.0,0.0,0.0,0.0,0.0,0.0,0.0,0.0,1.0,1.0,0.0,0,0,0,0,0,0,0,0.0,0.0,0.04707464694014796,0.0
4,1400,1,dpga,fpn,0.013840759173035622,0.0,global_ddp_mean,2,0.0,0.5212609767913818,0.5212609767913818,0.0,0.0,0.0,0.0,0.0,0.0,0.0,0.0,0.0,0.0,0.0,0.0,0.0,1.0,1.0,0.0,0,0,0,0,0,0,0,0.0,0.0,0.04707464694014796,0.0
4,1400,1,dpga,rpn,0.013840759173035622,0.0,global_ddp_mean,2,0.0,0.5439853072166443,0.5439853072166443,0.0,0.0,0.0,0.0,0.0,0.0,0.0,0.0,0.0,0.0,0.0,0.0,0.0,1.0,1.0,0.0,0,0,0,0,0,0,0,0.0,0.0,0.04707464694014796,0.0
4,1400,1,dpga,roi_shared,0.013840759173035622,0.0,global_ddp_mean,2,0.0,0.9608334898948669,0.9608334898948669,0.0,0.0,0.0,0.0,0.0,0.0,0.0,0.0,0.0,0.0,0.0,0.0,0.0,1.0,1.0,0.0,0,0,0,0,0,0,0,0.0,0.0,0.04707464694014796,0.0
4,1400,1,dpga,roi_cls,0.013840759173035622,0.0,global_ddp_mean,2,0.0,1.0612612962722778,1.0612612962722778,0.0,0.0,0.0,0.0,0.0,0.0,0.0,0.0,0.0,0.0,0.0,0.0,0.0,1.0,1.0,0.0,0,0,0,0,0,0,0,0.0,0.0,0.04707464694014796,0.0
4,1400,1,dpga,roi_reg,0.013840759173035622,0.0,global_ddp_mean,2,0.0,0.0,0.0,0.0,0.0,0.0,0.0,0.0,0.0,0.0,0.0,0.0,0.0,0.0,0.0,0.0,0.0,0.0,90.0,0,0,0,0,0,0,0,0.0,0.0,0.04707464694014796,0.0
5,0,1,dpga,backbone,0.12563413381576538,-0.0,global_ddp_mean,2,0.0,4.4235429763793945,4.4235429763793945,0.0,0.0,0.0,0.0,0.0,0.0,0.0,0.0,0.0,0.0,0.0,0.0,0.0,1.0,1.0,0.0,0,0,0,0,0,0,0,0.0,0.0,0.05,0.0
5,0,1,dpga,fpn,0.12563413381576538,-0.0,global_ddp_mean,2,0.0,0.9925564527511597,0.9925564527511597,0.0,0.0,0.0,0.0,0.0,0.0,0.0,0.0,0.0,0.0,0.0,0.0,0.0,1.0,1.0,0.0,0,0,0,0,0,0,0,0.0,0.0,0.05,0.0
5,0,1,dpga,rpn,0.12563413381576538,-0.0,global_ddp_mean,2,0.0,2.259552240371704,2.259552240371704,0.0,0.0,0.0,0.0,0.0,0.0,0.0,0.0,0.0,0.0,0.0,0.0,0.0,1.0,1.0,0.0,0,0,0,0,0,0,0,0.0,0.0,0.05,0.0
5,0,1,dpga,roi_shared,0.12563413381576538,-0.0,global_ddp_mean,2,0.0,1.6853916645050049,1.6853916645050049,0.0,0.0,0.0,0.0,0.0,0.0,0.0,0.0,0.0,0.0,0.0,0.0,0.0,1.0,1.0,0.0,0,0,0,0,0,0,0,0.0,0.0,0.05,0.0
5,0,1,dpga,roi_cls,0.12563413381576538,-0.0,global_ddp_mean,2,0.0,0.8930243849754333,0.8930243849754333,0.0,0.0,0.0,0.0,0.0,0.0,0.0,0.0,0.0,0.0,0.0,0.0,0.0,1.0,1.0,0.0,0,0,0,0,0,0,0,0.0,0.0,0.05,0.0
5,0,1,dpga,roi_reg,0.12563413381576538,-0.0,global_ddp_mean,2,0.0,1.4903738498687744,1.4903738498687744,0.0,0.0,0.0,0.0,0.0,0.0,0.0,0.0,0.0,0.0,0.0,0.0,0.0,1.0,1.0,0.0,0,0,0,0,0,0,0,0.0,0.0,0.05,0.0
5,100,1,dpga,backbone,0.1857113540172577,0.0,global_ddp_mean,2,0.0,10.857428550720215,10.857428550720215,0.0,0.0,0.0,0.0,0.0,0.0,0.0,0.0,0.0,0.0,0.0,0.0,0.0,1.0,1.0,0.0,0,0,0,0,0,0,0,0.0,0.0,0.05336247478143914,0.0
5,100,1,dpga,fpn,0.1857113540172577,0.0,global_ddp_mean,2,0.0,2.173736095428467,2.173736095428467,0.0,0.0,0.0,0.0,0.0,0.0,0.0,0.0,0.0,0.0,0.0,0.0,0.0,1.0,1.0,0.0,0,0,0,0,0,0,0,0.0,0.0,0.05336247478143914,0.0
5,100,1,dpga,rpn,0.1857113540172577,0.0,global_ddp_mean,2,0.0,3.0753092765808105,3.0753092765808105,0.0,0.0,0.0,0.0,0.0,0.0,0.0,0.0,0.0,0.0,0.0,0.0,0.0,1.0,1.0,0.0,0,0,0,0,0,0,0,0.0,0.0,0.05336247478143914,0.0
5,100,1,dpga,roi_shared,0.1857113540172577,0.0,global_ddp_mean,2,0.0,4.644900321960449,4.644900321960449,0.0,0.0,0.0,0.0,0.0,0.0,0.0,0.0,0.0,0.0,0.0,0.0,0.0,1.0,1.0,0.0,0,0,0,0,0,0,0,0.0,0.0,0.05336247478143914,0.0
5,100,1,dpga,roi_cls,0.1857113540172577,0.0,global_ddp_mean,2,0.0,3.731578826904297,3.731578826904297,0.0,0.0,0.0,0.0,0.0,0.0,0.0,0.0,0.0,0.0,0.0,0.0,0.0,1.0,1.0,0.0,0,0,0,0,0,0,0,0.0,0.0,0.05336247478143914,0.0
5,100,1,dpga,roi_reg,0.1857113540172577,0.0,global_ddp_mean,2,0.0,2.3677616119384766,2.3677616119384766,0.0,0.0,0.0,0.0,0.0,0.0,0.0,0.0,0.0,0.0,0.0,0.0,0.0,1.0,1.0,0.0,0,0,0,0,0,0,0,0.0,0.0,0.05336247478143914,0.0
5,200,1,dpga,backbone,0.0347256138920784,-0.0,global_ddp_mean,2,0.0,48.00901794433594,48.00901794433594,0.0,0.0,0.0,0.0,0.0,0.0,0.0,0.0,0.0,0.0,0.0,0.0,0.0,1.0,1.0,0.0,0,0,0,0,0,0,0,0.0,0.0,0.05672494956287828,0.0
5,200,1,dpga,fpn,0.0347256138920784,-0.0,global_ddp_mean,2,0.0,10.760881423950195,10.760881423950195,0.0,0.0,0.0,0.0,0.0,0.0,0.0,0.0,0.0,0.0,0.0,0.0,0.0,1.0,1.0,0.0,0,0,0,0,0,0,0,0.0,0.0,0.05672494956287828,0.0
5,200,1,dpga,rpn,0.0347256138920784,-0.0,global_ddp_mean,2,0.0,0.9174407124519348,0.9174407124519348,0.0,0.0,0.0,0.0,0.0,0.0,0.0,0.0,0.0,0.0,0.0,0.0,0.0,1.0,1.0,0.0,0,0,0,0,0,0,0,0.0,0.0,0.05672494956287828,0.0
5,200,1,dpga,roi_shared,0.0347256138920784,-0.0,global_ddp_mean,2,0.0,24.94689178466797,24.94689178466797,0.0,0.0,0.0,0.0,0.0,0.0,0.0,0.0,0.0,0.0,0.0,0.0,0.0,1.0,1.0,0.0,0,0,0,0,0,0,0,0.0,0.0,0.05672494956287828,0.0
5,200,1,dpga,roi_cls,0.0347256138920784,-0.0,global_ddp_mean,2,0.0,19.530359268188477,19.530359268188477,0.0,0.0,0.0,0.0,0.0,0.0,0.0,0.0,0.0,0.0,0.0,0.0,0.0,1.0,1.0,0.0,0,0,0,0,0,0,0,0.0,0.0,0.05672494956287828,0.0
5,200,1,dpga,roi_reg,0.0347256138920784,-0.0,global_ddp_mean,2,0.0,19.543079376220703,19.543079376220703,0.0,0.0,0.0,0.0,0.0,0.0,0.0,0.0,0.0,0.0,0.0,0.0,0.0,1.0,1.0,0.0,0,0,0,0,0,0,0,0.0,0.0,0.05672494956287828,0.0
5,300,1,dpga,backbone,0.00039090908830985427,0.0,global_ddp_mean,2,0.0,6.692419052124023,6.692419052124023,0.0,0.0,0.0,0.0,0.0,0.0,0.0,0.0,0.0,0.0,0.0,0.0,0.0,1.0,1.0,0.0,0,0,0,0,0,0,0,0.0,0.0,0.06008742434431742,0.0
5,300,1,dpga,fpn,0.00039090908830985427,0.0,global_ddp_mean,2,0.0,0.7203466892242432,0.7203466892242432,0.0,0.0,0.0,0.0,0.0,0.0,0.0,0.0,0.0,0.0,0.0,0.0,0.0,1.0,1.0,0.0,0,0,0,0,0,0,0,0.0,0.0,0.06008742434431742,0.0
5,300,1,dpga,rpn,0.00039090908830985427,0.0,global_ddp_mean,2,0.0,1.9947073459625244,1.9947073459625244,0.0,0.0,0.0,0.0,0.0,0.0,0.0,0.0,0.0,0.0,0.0,0.0,0.0,1.0,1.0,0.0,0,0,0,0,0,0,0,0.0,0.0,0.06008742434431742,0.0
5,300,1,dpga,roi_shared,0.00039090908830985427,0.0,global_ddp_mean,2,0.0,0.35072219371795654,0.35072219371795654,0.0,0.0,0.0,0.0,0.0,0.0,0.0,0.0,0.0,0.0,0.0,0.0,0.0,1.0,1.0,0.0,0,0,0,0,0,0,0,0.0,0.0,0.06008742434431742,0.0
5,300,1,dpga,roi_cls,0.00039090908830985427,0.0,global_ddp_mean,2,0.0,0.23481149971485138,0.23481149971485138,0.0,0.0,0.0,0.0,0.0,0.0,0.0,0.0,0.0,0.0,0.0,0.0,0.0,1.0,1.0,0.0,0,0,0,0,0,0,0,0.0,0.0,0.06008742434431742,0.0
5,300,1,dpga,roi_reg,0.00039090908830985427,0.0,global_ddp_mean,2,0.0,0.1837349534034729,0.1837349534034729,0.0,0.0,0.0,0.0,0.0,0.0,0.0,0.0,0.0,0.0,0.0,0.0,0.0,1.0,1.0,0.0,0,0,0,0,0,0,0,0.0,0.0,0.06008742434431742,0.0
5,400,1,dpga,backbone,0.02026132307946682,0.0,global_ddp_mean,2,0.0,5.908688545227051,5.908688545227051,0.0,0.0,0.0,0.0,0.0,0.0,0.0,0.0,0.0,0.0,0.0,0.0,0.0,1.0,1.0,0.0,0,0,0,0,0,0,0,0.0,0.0,0.06344989912575656,0.0
5,400,1,dpga,fpn,0.02026132307946682,0.0,global_ddp_mean,2,0.0,1.1080658435821533,1.1080658435821533,0.0,0.0,0.0,0.0,0.0,0.0,0.0,0.0,0.0,0.0,0.0,0.0,0.0,1.0,1.0,0.0,0,0,0,0,0,0,0,0.0,0.0,0.06344989912575656,0.0
5,400,1,dpga,rpn,0.02026132307946682,0.0,global_ddp_mean,2,0.0,1.1785151958465576,1.1785151958465576,0.0,0.0,0.0,0.0,0.0,0.0,0.0,0.0,0.0,0.0,0.0,0.0,0.0,1.0,1.0,0.0,0,0,0,0,0,0,0,0.0,0.0,0.06344989912575656,0.0
5,400,1,dpga,roi_shared,0.02026132307946682,0.0,global_ddp_mean,2,0.0,2.1688897609710693,2.1688897609710693,0.0,0.0,0.0,0.0,0.0,0.0,0.0,0.0,0.0,0.0,0.0,0.0,0.0,1.0,1.0,0.0,0,0,0,0,0,0,0,0.0,0.0,0.06344989912575656,0.0
5,400,1,dpga,roi_cls,0.02026132307946682,0.0,global_ddp_mean,2,0.0,1.5440620183944702,1.5440620183944702,0.0,0.0,0.0,0.0,0.0,0.0,0.0,0.0,0.0,0.0,0.0,0.0,0.0,1.0,1.0,0.0,0,0,0,0,0,0,0,0.0,0.0,0.06344989912575656,0.0
5,400,1,dpga,roi_reg,0.02026132307946682,0.0,global_ddp_mean,2,0.0,1.7284586429595947,1.7284586429595947,0.0,0.0,0.0,0.0,0.0,0.0,0.0,0.0,0.0,0.0,0.0,0.0,0.0,1.0,1.0,0.0,0,0,0,0,0,0,0,0.0,0.0,0.06344989912575656,0.0
5,500,1,dpga,backbone,0.013246804475784302,0.0,global_ddp_mean,2,0.0,3.8663387298583984,3.8663387298583984,0.0,0.0,0.0,0.0,0.0,0.0,0.0,0.0,0.0,0.0,0.0,0.0,0.0,1.0,1.0,0.0,0,0,0,0,0,0,0,0.0,0.0,0.0668123739071957,0.0
5,500,1,dpga,fpn,0.013246804475784302,0.0,global_ddp_mean,2,0.0,0.6094513535499573,0.6094513535499573,0.0,0.0,0.0,0.0,0.0,0.0,0.0,0.0,0.0,0.0,0.0,0.0,0.0,1.0,1.0,0.0,0,0,0,0,0,0,0,0.0,0.0,0.0668123739071957,0.0
5,500,1,dpga,rpn,0.013246804475784302,0.0,global_ddp_mean,2,0.0,0.9132225513458252,0.9132225513458252,0.0,0.0,0.0,0.0,0.0,0.0,0.0,0.0,0.0,0.0,0.0,0.0,0.0,1.0,1.0,0.0,0,0,0,0,0,0,0,0.0,0.0,0.0668123739071957,0.0
5,500,1,dpga,roi_shared,0.013246804475784302,0.0,global_ddp_mean,2,0.0,0.8382307887077332,0.8382307887077332,0.0,0.0,0.0,0.0,0.0,0.0,0.0,0.0,0.0,0.0,0.0,0.0,0.0,1.0,1.0,0.0,0,0,0,0,0,0,0,0.0,0.0,0.0668123739071957,0.0
5,500,1,dpga,roi_cls,0.013246804475784302,0.0,global_ddp_mean,2,0.0,0.8215149641036987,0.8215149641036987,0.0,0.0,0.0,0.0,0.0,0.0,0.0,0.0,0.0,0.0,0.0,0.0,0.0,1.0,1.0,0.0,0,0,0,0,0,0,0,0.0,0.0,0.0668123739071957,0.0
5,500,1,dpga,roi_reg,0.013246804475784302,0.0,global_ddp_mean,2,0.0,0.034984834492206573,0.034984834492206573,0.0,0.0,0.0,0.0,0.0,0.0,0.0,0.0,0.0,0.0,0.0,0.0,0.0,1.0,1.0,0.0,0,0,0,0,0,0,0,0.0,0.0,0.0668123739071957,0.0
5,600,1,dpga,backbone,0.2057911455631256,-0.0,global_ddp_mean,2,0.0,11.04315185546875,11.04315185546875,0.0,0.0,0.0,0.0,0.0,0.0,0.0,0.0,0.0,0.0,0.0,0.0,0.0,1.0,1.0,0.0,0,0,0,0,0,0,0,0.0,0.0,0.07017484868863484,0.0
5,600,1,dpga,fpn,0.2057911455631256,-0.0,global_ddp_mean,2,0.0,1.6088476181030273,1.6088476181030273,0.0,0.0,0.0,0.0,0.0,0.0,0.0,0.0,0.0,0.0,0.0,0.0,0.0,1.0,1.0,0.0,0,0,0,0,0,0,0,0.0,0.0,0.07017484868863484,0.0
5,600,1,dpga,rpn,0.2057911455631256,-0.0,global_ddp_mean,2,0.0,3.0876128673553467,3.0876128673553467,0.0,0.0,0.0,0.0,0.0,0.0,0.0,0.0,0.0,0.0,0.0,0.0,0.0,1.0,1.0,0.0,0,0,0,0,0,0,0,0.0,0.0,0.07017484868863484,0.0
5,600,1,dpga,roi_shared,0.2057911455631256,-0.0,global_ddp_mean,2,0.0,2.8794376850128174,2.8794376850128174,0.0,0.0,0.0,0.0,0.0,0.0,0.0,0.0,0.0,0.0,0.0,0.0,0.0,1.0,1.0,0.0,0,0,0,0,0,0,0,0.0,0.0,0.07017484868863484,0.0
5,600,1,dpga,roi_cls,0.2057911455631256,-0.0,global_ddp_mean,2,0.0,2.2103474140167236,2.2103474140167236,0.0,0.0,0.0,0.0,0.0,0.0,0.0,0.0,0.0,0.0,0.0,0.0,0.0,1.0,1.0,0.0,0,0,0,0,0,0,0,0.0,0.0,0.07017484868863484,0.0
5,600,1,dpga,roi_reg,0.2057911455631256,-0.0,global_ddp_mean,2,0.0,1.356356143951416,1.356356143951416,0.0,0.0,0.0,0.0,0.0,0.0,0.0,0.0,0.0,0.0,0.0,0.0,0.0,1.0,1.0,0.0,0,0,0,0,0,0,0,0.0,0.0,0.07017484868863484,0.0
5,700,1,dpga,backbone,0.17847543954849243,-0.0,global_ddp_mean,2,0.0,4.81581449508667,4.81581449508667,0.0,0.0,0.0,0.0,0.0,0.0,0.0,0.0,0.0,0.0,0.0,0.0,0.0,1.0,1.0,0.0,0,0,0,0,0,0,0,0.0,0.0,0.07353732347007398,0.0
5,700,1,dpga,fpn,0.17847543954849243,-0.0,global_ddp_mean,2,0.0,0.7636612057685852,0.7636612057685852,0.0,0.0,0.0,0.0,0.0,0.0,0.0,0.0,0.0,0.0,0.0,0.0,0.0,1.0,1.0,0.0,0,0,0,0,0,0,0,0.0,0.0,0.07353732347007398,0.0
5,700,1,dpga,rpn,0.17847543954849243,-0.0,global_ddp_mean,2,0.0,0.7192803621292114,0.7192803621292114,0.0,0.0,0.0,0.0,0.0,0.0,0.0,0.0,0.0,0.0,0.0,0.0,0.0,1.0,1.0,0.0,0,0,0,0,0,0,0,0.0,0.0,0.07353732347007398,0.0
5,700,1,dpga,roi_shared,0.17847543954849243,-0.0,global_ddp_mean,2,0.0,1.5793914794921875,1.5793914794921875,0.0,0.0,0.0,0.0,0.0,0.0,0.0,0.0,0.0,0.0,0.0,0.0,0.0,1.0,1.0,0.0,0,0,0,0,0,0,0,0.0,0.0,0.07353732347007398,0.0
5,700,1,dpga,roi_cls,0.17847543954849243,-0.0,global_ddp_mean,2,0.0,0.9239083528518677,0.9239083528518677,0.0,0.0,0.0,0.0,0.0,0.0,0.0,0.0,0.0,0.0,0.0,0.0,0.0,1.0,1.0,0.0,0,0,0,0,0,0,0,0.0,0.0,0.07353732347007398,0.0
5,700,1,dpga,roi_reg,0.17847543954849243,-0.0,global_ddp_mean,2,0.0,0.4743121564388275,0.4743121564388275,0.0,0.0,0.0,0.0,0.0,0.0,0.0,0.0,0.0,0.0,0.0,0.0,0.0,1.0,1.0,0.0,0,0,0,0,0,0,0,0.0,0.0,0.07353732347007398,0.0
5,800,1,dpga,backbone,0.08697345852851868,0.0,global_ddp_mean,2,0.0,13.40361213684082,13.40361213684082,0.0,0.0,0.0,0.0,0.0,0.0,0.0,0.0,0.0,0.0,0.0,0.0,0.0,1.0,1.0,0.0,0,0,0,0,0,0,0,0.0,0.0,0.07689979825151312,0.0
5,800,1,dpga,fpn,0.08697345852851868,0.0,global_ddp_mean,2,0.0,1.949257731437683,1.949257731437683,0.0,0.0,0.0,0.0,0.0,0.0,0.0,0.0,0.0,0.0,0.0,0.0,0.0,1.0,1.0,0.0,0,0,0,0,0,0,0,0.0,0.0,0.07689979825151312,0.0
5,800,1,dpga,rpn,0.08697345852851868,0.0,global_ddp_mean,2,0.0,2.9656600952148438,2.9656600952148438,0.0,0.0,0.0,0.0,0.0,0.0,0.0,0.0,0.0,0.0,0.0,0.0,0.0,1.0,1.0,0.0,0,0,0,0,0,0,0,0.0,0.0,0.07689979825151312,0.0
5,800,1,dpga,roi_shared,0.08697345852851868,0.0,global_ddp_mean,2,0.0,3.463691234588623,3.463691234588623,0.0,0.0,0.0,0.0,0.0,0.0,0.0,0.0,0.0,0.0,0.0,0.0,0.0,1.0,1.0,0.0,0,0,0,0,0,0,0,0.0,0.0,0.07689979825151312,0.0
5,800,1,dpga,roi_cls,0.08697345852851868,0.0,global_ddp_mean,2,0.0,4.210550785064697,4.210550785064697,0.0,0.0,0.0,0.0,0.0,0.0,0.0,0.0,0.0,0.0,0.0,0.0,0.0,1.0,1.0,0.0,0,0,0,0,0,0,0,0.0,0.0,0.07689979825151312,0.0
5,800,1,dpga,roi_reg,0.08697345852851868,0.0,global_ddp_mean,2,0.0,0.45280489325523376,0.45280489325523376,0.0,0.0,0.0,0.0,0.0,0.0,0.0,0.0,0.0,0.0,0.0,0.0,0.0,1.0,1.0,0.0,0,0,0,0,0,0,0,0.0,0.0,0.07689979825151312,0.0
5,900,1,dpga,backbone,0.7240450978279114,0.0,global_ddp_mean,2,0.0,45.35901641845703,45.35901641845703,0.0,0.0,0.0,0.0,0.0,0.0,0.0,0.0,0.0,0.0,0.0,0.0,0.0,1.0,1.0,0.0,0,0,0,0,0,0,0,0.0,0.0,0.08026227303295226,0.0
5,900,1,dpga,fpn,0.7240450978279114,0.0,global_ddp_mean,2,0.0,8.67306900024414,8.67306900024414,0.0,0.0,0.0,0.0,0.0,0.0,0.0,0.0,0.0,0.0,0.0,0.0,0.0,1.0,1.0,0.0,0,0,0,0,0,0,0,0.0,0.0,0.08026227303295226,0.0
5,900,1,dpga,rpn,0.7240450978279114,0.0,global_ddp_mean,2,0.0,8.439664840698242,8.439664840698242,0.0,0.0,0.0,0.0,0.0,0.0,0.0,0.0,0.0,0.0,0.0,0.0,0.0,1.0,1.0,0.0,0,0,0,0,0,0,0,0.0,0.0,0.08026227303295226,0.0
5,900,1,dpga,roi_shared,0.7240450978279114,0.0,global_ddp_mean,2,0.0,16.237333297729492,16.237333297729492,0.0,0.0,0.0,0.0,0.0,0.0,0.0,0.0,0.0,0.0,0.0,0.0,0.0,1.0,1.0,0.0,0,0,0,0,0,0,0,0.0,0.0,0.08026227303295226,0.0
5,900,1,dpga,roi_cls,0.7240450978279114,0.0,global_ddp_mean,2,0.0,18.284337997436523,18.284337997436523,0.0,0.0,0.0,0.0,0.0,0.0,0.0,0.0,0.0,0.0,0.0,0.0,0.0,1.0,1.0,0.0,0,0,0,0,0,0,0,0.0,0.0,0.08026227303295226,0.0
5,900,1,dpga,roi_reg,0.7240450978279114,0.0,global_ddp_mean,2,0.0,5.542287349700928,5.542287349700928,0.0,0.0,0.0,0.0,0.0,0.0,0.0,0.0,0.0,0.0,0.0,0.0,0.0,1.0,1.0,0.0,0,0,0,0,0,0,0,0.0,0.0,0.08026227303295226,0.0
5,1000,1,dpga,backbone,0.43640875816345215,0.0,global_ddp_mean,2,0.0,21.349637985229492,21.349637985229492,0.0,0.0,0.0,0.0,0.0,0.0,0.0,0.0,0.0,0.0,0.0,0.0,0.0,1.0,1.0,0.0,0,0,0,0,0,0,0,0.0,0.0,0.0836247478143914,0.0
5,1000,1,dpga,fpn,0.43640875816345215,0.0,global_ddp_mean,2,0.0,4.8443121910095215,4.8443121910095215,0.0,0.0,0.0,0.0,0.0,0.0,0.0,0.0,0.0,0.0,0.0,0.0,0.0,1.0,1.0,0.0,0,0,0,0,0,0,0,0.0,0.0,0.0836247478143914,0.0
5,1000,1,dpga,rpn,0.43640875816345215,0.0,global_ddp_mean,2,0.0,3.1251516342163086,3.1251516342163086,0.0,0.0,0.0,0.0,0.0,0.0,0.0,0.0,0.0,0.0,0.0,0.0,0.0,1.0,1.0,0.0,0,0,0,0,0,0,0,0.0,0.0,0.0836247478143914,0.0
5,1000,1,dpga,roi_shared,0.43640875816345215,0.0,global_ddp_mean,2,0.0,11.039822578430176,11.039822578430176,0.0,0.0,0.0,0.0,0.0,0.0,0.0,0.0,0.0,0.0,0.0,0.0,0.0,1.0,1.0,0.0,0,0,0,0,0,0,0,0.0,0.0,0.0836247478143914,0.0
5,1000,1,dpga,roi_cls,0.43640875816345215,0.0,global_ddp_mean,2,0.0,7.953962326049805,7.953962326049805,0.0,0.0,0.0,0.0,0.0,0.0,0.0,0.0,0.0,0.0,0.0,0.0,0.0,1.0,1.0,0.0,0,0,0,0,0,0,0,0.0,0.0,0.0836247478143914,0.0
5,1000,1,dpga,roi_reg,0.43640875816345215,0.0,global_ddp_mean,2,0.0,1.8482197523117065,1.8482197523117065,0.0,0.0,0.0,0.0,0.0,0.0,0.0,0.0,0.0,0.0,0.0,0.0,0.0,1.0,1.0,0.0,0,0,0,0,0,0,0,0.0,0.0,0.0836247478143914,0.0
5,1100,1,dpga,backbone,0.14007042348384857,0.0,global_ddp_mean,2,0.0,18.087339401245117,18.087339401245117,0.0,0.0,0.0,0.0,0.0,0.0,0.0,0.0,0.0,0.0,0.0,0.0,0.0,1.0,1.0,0.0,0,0,0,0,0,0,0,0.0,0.0,0.08698722259583054,0.0
5,1100,1,dpga,fpn,0.14007042348384857,0.0,global_ddp_mean,2,0.0,3.452045440673828,3.452045440673828,0.0,0.0,0.0,0.0,0.0,0.0,0.0,0.0,0.0,0.0,0.0,0.0,0.0,1.0,1.0,0.0,0,0,0,0,0,0,0,0.0,0.0,0.08698722259583054,0.0
5,1100,1,dpga,rpn,0.14007042348384857,0.0,global_ddp_mean,2,0.0,1.3005716800689697,1.3005716800689697,0.0,0.0,0.0,0.0,0.0,0.0,0.0,0.0,0.0,0.0,0.0,0.0,0.0,1.0,1.0,0.0,0,0,0,0,0,0,0,0.0,0.0,0.08698722259583054,0.0
5,1100,1,dpga,roi_shared,0.14007042348384857,0.0,global_ddp_mean,2,0.0,8.05759334564209,8.05759334564209,0.0,0.0,0.0,0.0,0.0,0.0,0.0,0.0,0.0,0.0,0.0,0.0,0.0,1.0,1.0,0.0,0,0,0,0,0,0,0,0.0,0.0,0.08698722259583054,0.0
5,1100,1,dpga,roi_cls,0.14007042348384857,0.0,global_ddp_mean,2,0.0,8.372475624084473,8.372475624084473,0.0,0.0,0.0,0.0,0.0,0.0,0.0,0.0,0.0,0.0,0.0,0.0,0.0,1.0,1.0,0.0,0,0,0,0,0,0,0,0.0,0.0,0.08698722259583054,0.0
5,1100,1,dpga,roi_reg,0.14007042348384857,0.0,global_ddp_mean,2,0.0,0.3063746690750122,0.3063746690750122,0.0,0.0,0.0,0.0,0.0,0.0,0.0,0.0,0.0,0.0,0.0,0.0,0.0,1.0,1.0,0.0,0,0,0,0,0,0,0,0.0,0.0,0.08698722259583054,0.0
5,1200,1,dpga,backbone,0.733716607093811,0.0,global_ddp_mean,2,0.0,19.53705596923828,19.53705596923828,0.0,0.0,0.0,0.0,0.0,0.0,0.0,0.0,0.0,0.0,0.0,0.0,0.0,1.0,1.0,0.0,0,0,0,0,0,0,0,0.0,0.0,0.09034969737726968,0.0
5,1200,1,dpga,fpn,0.733716607093811,0.0,global_ddp_mean,2,0.0,4.85190486907959,4.85190486907959,0.0,0.0,0.0,0.0,0.0,0.0,0.0,0.0,0.0,0.0,0.0,0.0,0.0,1.0,1.0,0.0,0,0,0,0,0,0,0,0.0,0.0,0.09034969737726968,0.0
5,1200,1,dpga,rpn,0.733716607093811,0.0,global_ddp_mean,2,0.0,4.088726997375488,4.088726997375488,0.0,0.0,0.0,0.0,0.0,0.0,0.0,0.0,0.0,0.0,0.0,0.0,0.0,1.0,1.0,0.0,0,0,0,0,0,0,0,0.0,0.0,0.09034969737726968,0.0
5,1200,1,dpga,roi_shared,0.733716607093811,0.0,global_ddp_mean,2,0.0,10.982309341430664,10.982309341430664,0.0,0.0,0.0,0.0,0.0,0.0,0.0,0.0,0.0,0.0,0.0,0.0,0.0,1.0,1.0,0.0,0,0,0,0,0,0,0,0.0,0.0,0.09034969737726968,0.0
5,1200,1,dpga,roi_cls,0.733716607093811,0.0,global_ddp_mean,2,0.0,8.802518844604492,8.802518844604492,0.0,0.0,0.0,0.0,0.0,0.0,0.0,0.0,0.0,0.0,0.0,0.0,0.0,1.0,1.0,0.0,0,0,0,0,0,0,0,0.0,0.0,0.09034969737726968,0.0
5,1200,1,dpga,roi_reg,0.733716607093811,0.0,global_ddp_mean,2,0.0,2.622854232788086,2.622854232788086,0.0,0.0,0.0,0.0,0.0,0.0,0.0,0.0,0.0,0.0,0.0,0.0,0.0,1.0,1.0,0.0,0,0,0,0,0,0,0,0.0,0.0,0.09034969737726968,0.0
5,1300,1,dpga,backbone,0.20231245458126068,0.0,global_ddp_mean,2,0.0,13.520435333251953,13.520435333251953,0.0,0.0,0.0,0.0,0.0,0.0,0.0,0.0,0.0,0.0,0.0,0.0,0.0,1.0,1.0,0.0,0,0,0,0,0,0,0,0.0,0.0,0.09371217215870882,0.0
5,1300,1,dpga,fpn,0.20231245458126068,0.0,global_ddp_mean,2,0.0,3.490665912628174,3.490665912628174,0.0,0.0,0.0,0.0,0.0,0.0,0.0,0.0,0.0,0.0,0.0,0.0,0.0,1.0,1.0,0.0,0,0,0,0,0,0,0,0.0,0.0,0.09371217215870882,0.0
5,1300,1,dpga,rpn,0.20231245458126068,0.0,global_ddp_mean,2,0.0,1.9203084707260132,1.9203084707260132,0.0,0.0,0.0,0.0,0.0,0.0,0.0,0.0,0.0,0.0,0.0,0.0,0.0,1.0,1.0,0.0,0,0,0,0,0,0,0,0.0,0.0,0.09371217215870882,0.0
5,1300,1,dpga,roi_shared,0.20231245458126068,0.0,global_ddp_mean,2,0.0,7.971670150756836,7.971670150756836,0.0,0.0,0.0,0.0,0.0,0.0,0.0,0.0,0.0,0.0,0.0,0.0,0.0,1.0,1.0,0.0,0,0,0,0,0,0,0,0.0,0.0,0.09371217215870882,0.0
5,1300,1,dpga,roi_cls,0.20231245458126068,0.0,global_ddp_mean,2,0.0,7.516852378845215,7.516852378845215,0.0,0.0,0.0,0.0,0.0,0.0,0.0,0.0,0.0,0.0,0.0,0.0,0.0,1.0,1.0,0.0,0,0,0,0,0,0,0,0.0,0.0,0.09371217215870882,0.0
5,1300,1,dpga,roi_reg,0.20231245458126068,0.0,global_ddp_mean,2,0.0,2.3107125759124756,2.3107125759124756,0.0,0.0,0.0,0.0,0.0,0.0,0.0,0.0,0.0,0.0,0.0,0.0,0.0,1.0,1.0,0.0,0,0,0,0,0,0,0,0.0,0.0,0.09371217215870882,0.0
5,1400,1,dpga,backbone,0.017461754381656647,0.0,global_ddp_mean,2,0.0,10.584074974060059,10.584074974060059,0.0,0.0,0.0,0.0,0.0,0.0,0.0,0.0,0.0,0.0,0.0,0.0,0.0,1.0,1.0,0.0,0,0,0,0,0,0,0,0.0,0.0,0.09707464694014796,0.0
5,1400,1,dpga,fpn,0.017461754381656647,0.0,global_ddp_mean,2,0.0,1.7213698625564575,1.7213698625564575,0.0,0.0,0.0,0.0,0.0,0.0,0.0,0.0,0.0,0.0,0.0,0.0,0.0,1.0,1.0,0.0,0,0,0,0,0,0,0,0.0,0.0,0.09707464694014796,0.0
5,1400,1,dpga,rpn,0.017461754381656647,0.0,global_ddp_mean,2,0.0,1.616189956665039,1.616189956665039,0.0,0.0,0.0,0.0,0.0,0.0,0.0,0.0,0.0,0.0,0.0,0.0,0.0,1.0,1.0,0.0,0,0,0,0,0,0,0,0.0,0.0,0.09707464694014796,0.0
5,1400,1,dpga,roi_shared,0.017461754381656647,0.0,global_ddp_mean,2,0.0,3.594818115234375,3.594818115234375,0.0,0.0,0.0,0.0,0.0,0.0,0.0,0.0,0.0,0.0,0.0,0.0,0.0,1.0,1.0,0.0,0,0,0,0,0,0,0,0.0,0.0,0.09707464694014796,0.0
5,1400,1,dpga,roi_cls,0.017461754381656647,0.0,global_ddp_mean,2,0.0,3.4695146083831787,3.4695146083831787,0.0,0.0,0.0,0.0,0.0,0.0,0.0,0.0,0.0,0.0,0.0,0.0,0.0,1.0,1.0,0.0,0,0,0,0,0,0,0,0.0,0.0,0.09707464694014796,0.0
5,1400,1,dpga,roi_reg,0.017461754381656647,0.0,global_ddp_mean,2,0.0,0.05423977971076965,0.05423977971076965,0.0,0.0,0.0,0.0,0.0,0.0,0.0,0.0,0.0,0.0,0.0,0.0,0.0,1.0,1.0,0.0,0,0,0,0,0,0,0,0.0,0.0,0.09707464694014796,0.0
6,0,1,dpga,backbone,0.0012550163082778454,0.0,global_ddp_mean,2,0.0,1.5235761404037476,1.5235761404037476,0.0,0.0,0.0,0.0,0.0,0.0,0.0,0.0,0.0,0.0,0.0,0.0,0.0,1.0,1.0,0.0,0,0,0,0,0,0,0,0.0,0.0,0.1,0.0
6,0,1,dpga,fpn,0.0012550163082778454,0.0,global_ddp_mean,2,0.0,0.14667567610740662,0.14667567610740662,0.0,0.0,0.0,0.0,0.0,0.0,0.0,0.0,0.0,0.0,0.0,0.0,0.0,1.0,1.0,0.0,0,0,0,0,0,0,0,0.0,0.0,0.1,0.0
6,0,1,dpga,rpn,0.0012550163082778454,0.0,global_ddp_mean,2,0.0,0.36189547181129456,0.36189547181129456,0.0,0.0,0.0,0.0,0.0,0.0,0.0,0.0,0.0,0.0,0.0,0.0,0.0,1.0,1.0,0.0,0,0,0,0,0,0,0,0.0,0.0,0.1,0.0
6,0,1,dpga,roi_shared,0.0012550163082778454,0.0,global_ddp_mean,2,0.0,0.0,0.0,0.0,0.0,0.0,0.0,0.0,0.0,0.0,0.0,0.0,0.0,0.0,0.0,0.0,0.0,0.0,90.0,0,0,0,0,0,0,0,0.0,0.0,0.1,0.0
6,0,1,dpga,roi_cls,0.0012550163082778454,0.0,global_ddp_mean,2,0.0,0.0,0.0,0.0,0.0,0.0,0.0,0.0,0.0,0.0,0.0,0.0,0.0,0.0,0.0,0.0,0.0,0.0,90.0,0,0,0,0,0,0,0,0.0,0.0,0.1,0.0
6,0,1,dpga,roi_reg,0.0012550163082778454,0.0,global_ddp_mean,2,0.0,0.0,0.0,0.0,0.0,0.0,0.0,0.0,0.0,0.0,0.0,0.0,0.0,0.0,0.0,0.0,0.0,0.0,90.0,0,0,0,0,0,0,0,0.0,0.0,0.1,0.0
6,100,1,dpga,backbone,0.06629078090190887,-0.0,global_ddp_mean,2,0.0,8.827286720275879,8.827286720275879,0.0,0.0,0.0,0.0,0.0,0.0,0.0,0.0,0.0,0.0,0.0,0.0,0.0,1.0,1.0,0.0,0,0,0,0,0,0,0,0.0,0.0,0.10336247478143915,0.0
6,100,1,dpga,fpn,0.06629078090190887,-0.0,global_ddp_mean,2,0.0,3.5992634296417236,3.5992634296417236,0.0,0.0,0.0,0.0,0.0,0.0,0.0,0.0,0.0,0.0,0.0,0.0,0.0,1.0,1.0,0.0,0,0,0,0,0,0,0,0.0,0.0,0.10336247478143915,0.0
6,100,1,dpga,rpn,0.06629078090190887,-0.0,global_ddp_mean,2,0.0,1.4900304079055786,1.4900304079055786,0.0,0.0,0.0,0.0,0.0,0.0,0.0,0.0,0.0,0.0,0.0,0.0,0.0,1.0,1.0,0.0,0,0,0,0,0,0,0,0.0,0.0,0.10336247478143915,0.0
6,100,1,dpga,roi_shared,0.06629078090190887,-0.0,global_ddp_mean,2,0.0,8.78173542022705,8.78173542022705,0.0,0.0,0.0,0.0,0.0,0.0,0.0,0.0,0.0,0.0,0.0,0.0,0.0,1.0,1.0,0.0,0,0,0,0,0,0,0,0.0,0.0,0.10336247478143915,0.0
6,100,1,dpga,roi_cls,0.06629078090190887,-0.0,global_ddp_mean,2,0.0,6.448802471160889,6.448802471160889,0.0,0.0,0.0,0.0,0.0,0.0,0.0,0.0,0.0,0.0,0.0,0.0,0.0,1.0,1.0,0.0,0,0,0,0,0,0,0,0.0,0.0,0.10336247478143915,0.0
6,100,1,dpga,roi_reg,0.06629078090190887,-0.0,global_ddp_mean,2,0.0,4.039140701293945,4.039140701293945,0.0,0.0,0.0,0.0,0.0,0.0,0.0,0.0,0.0,0.0,0.0,0.0,0.0,1.0,1.0,0.0,0,0,0,0,0,0,0,0.0,0.0,0.10336247478143915,0.0
6,200,1,dpga,backbone,0.19770798087120056,-0.0,global_ddp_mean,2,0.0,56.49111557006836,56.49111557006836,0.0,0.0,0.0,0.0,0.0,0.0,0.0,0.0,0.0,0.0,0.0,0.0,0.0,1.0,1.0,0.0,0,0,0,0,0,0,0,0.0,0.0,0.10672494956287829,0.0
6,200,1,dpga,fpn,0.19770798087120056,-0.0,global_ddp_mean,2,0.0,9.085830688476562,9.085830688476562,0.0,0.0,0.0,0.0,0.0,0.0,0.0,0.0,0.0,0.0,0.0,0.0,0.0,1.0,1.0,0.0,0,0,0,0,0,0,0,0.0,0.0,0.10672494956287829,0.0
6,200,1,dpga,rpn,0.19770798087120056,-0.0,global_ddp_mean,2,0.0,6.924007415771484,6.924007415771484,0.0,0.0,0.0,0.0,0.0,0.0,0.0,0.0,0.0,0.0,0.0,0.0,0.0,1.0,1.0,0.0,0,0,0,0,0,0,0,0.0,0.0,0.10672494956287829,0.0
6,200,1,dpga,roi_shared,0.19770798087120056,-0.0,global_ddp_mean,2,0.0,18.354684829711914,18.354684829711914,0.0,0.0,0.0,0.0,0.0,0.0,0.0,0.0,0.0,0.0,0.0,0.0,0.0,1.0,1.0,0.0,0,0,0,0,0,0,0,0.0,0.0,0.10672494956287829,0.0
6,200,1,dpga,roi_cls,0.19770798087120056,-0.0,global_ddp_mean,2,0.0,17.683561325073242,17.683561325073242,0.0,0.0,0.0,0.0,0.0,0.0,0.0,0.0,0.0,0.0,0.0,0.0,0.0,1.0,1.0,0.0,0,0,0,0,0,0,0,0.0,0.0,0.10672494956287829,0.0
6,200,1,dpga,roi_reg,0.19770798087120056,-0.0,global_ddp_mean,2,0.0,8.150991439819336,8.150991439819336,0.0,0.0,0.0,0.0,0.0,0.0,0.0,0.0,0.0,0.0,0.0,0.0,0.0,1.0,1.0,0.0,0,0,0,0,0,0,0,0.0,0.0,0.10672494956287829,0.0
6,300,1,dpga,backbone,0.4025613069534302,0.0,global_ddp_mean,2,0.0,7.914954662322998,7.914954662322998,0.0,0.0,0.0,0.0,0.0,0.0,0.0,0.0,0.0,0.0,0.0,0.0,0.0,1.0,1.0,0.0,0,0,0,0,0,0,0,0.0,0.0,0.11008742434431742,0.0
6,300,1,dpga,fpn,0.4025613069534302,0.0,global_ddp_mean,2,0.0,1.9300481081008911,1.9300481081008911,0.0,0.0,0.0,0.0,0.0,0.0,0.0,0.0,0.0,0.0,0.0,0.0,0.0,1.0,1.0,0.0,0,0,0,0,0,0,0,0.0,0.0,0.11008742434431742,0.0
6,300,1,dpga,rpn,0.4025613069534302,0.0,global_ddp_mean,2,0.0,2.60945725440979,2.60945725440979,0.0,0.0,0.0,0.0,0.0,0.0,0.0,0.0,0.0,0.0,0.0,0.0,0.0,1.0,1.0,0.0,0,0,0,0,0,0,0,0.0,0.0,0.11008742434431742,0.0
6,300,1,dpga,roi_shared,0.4025613069534302,0.0,global_ddp_mean,2,0.0,3.813953399658203,3.813953399658203,0.0,0.0,0.0,0.0,0.0,0.0,0.0,0.0,0.0,0.0,0.0,0.0,0.0,1.0,1.0,0.0,0,0,0,0,0,0,0,0.0,0.0,0.11008742434431742,0.0
6,300,1,dpga,roi_cls,0.4025613069534302,0.0,global_ddp_mean,2,0.0,3.121607542037964,3.121607542037964,0.0,0.0,0.0,0.0,0.0,0.0,0.0,0.0,0.0,0.0,0.0,0.0,0.0,1.0,1.0,0.0,0,0,0,0,0,0,0,0.0,0.0,0.11008742434431742,0.0
6,300,1,dpga,roi_reg,0.4025613069534302,0.0,global_ddp_mean,2,0.0,0.8687407374382019,0.8687407374382019,0.0,0.0,0.0,0.0,0.0,0.0,0.0,0.0,0.0,0.0,0.0,0.0,0.0,1.0,1.0,0.0,0,0,0,0,0,0,0,0.0,0.0,0.11008742434431742,0.0
6,400,1,dpga,backbone,0.05269727110862732,0.0,global_ddp_mean,2,0.0,3.583660364151001,3.583660364151001,0.0,0.0,0.0,0.0,0.0,0.0,0.0,0.0,0.0,0.0,0.0,0.0,0.0,1.0,1.0,0.0,0,0,0,0,0,0,0,0.0,0.0,0.11344989912575656,0.0
6,400,1,dpga,fpn,0.05269727110862732,0.0,global_ddp_mean,2,0.0,0.8921554088592529,0.8921554088592529,0.0,0.0,0.0,0.0,0.0,0.0,0.0,0.0,0.0,0.0,0.0,0.0,0.0,1.0,1.0,0.0,0,0,0,0,0,0,0,0.0,0.0,0.11344989912575656,0.0
6,400,1,dpga,rpn,0.05269727110862732,0.0,global_ddp_mean,2,0.0,1.0831626653671265,1.0831626653671265,0.0,0.0,0.0,0.0,0.0,0.0,0.0,0.0,0.0,0.0,0.0,0.0,0.0,1.0,1.0,0.0,0,0,0,0,0,0,0,0.0,0.0,0.11344989912575656,0.0
6,400,1,dpga,roi_shared,0.05269727110862732,0.0,global_ddp_mean,2,0.0,1.823987364768982,1.823987364768982,0.0,0.0,0.0,0.0,0.0,0.0,0.0,0.0,0.0,0.0,0.0,0.0,0.0,1.0,1.0,0.0,0,0,0,0,0,0,0,0.0,0.0,0.11344989912575656,0.0
6,400,1,dpga,roi_cls,0.05269727110862732,0.0,global_ddp_mean,2,0.0,1.8950960636138916,1.8950960636138916,0.0,0.0,0.0,0.0,0.0,0.0,0.0,0.0,0.0,0.0,0.0,0.0,0.0,1.0,1.0,0.0,0,0,0,0,0,0,0,0.0,0.0,0.11344989912575656,0.0
6,400,1,dpga,roi_reg,0.05269727110862732,0.0,global_ddp_mean,2,0.0,0.13668394088745117,0.13668394088745117,0.0,0.0,0.0,0.0,0.0,0.0,0.0,0.0,0.0,0.0,0.0,0.0,0.0,1.0,1.0,0.0,0,0,0,0,0,0,0,0.0,0.0,0.11344989912575656,0.0
6,500,1,dpga,backbone,0.1378515213727951,0.0,global_ddp_mean,2,0.0,14.05276107788086,14.05276107788086,0.0,0.0,0.0,0.0,0.0,0.0,0.0,0.0,0.0,0.0,0.0,0.0,0.0,1.0,1.0,0.0,0,0,0,0,0,0,0,0.0,0.0,0.1168123739071957,0.0
6,500,1,dpga,fpn,0.1378515213727951,0.0,global_ddp_mean,2,0.0,3.952942371368408,3.952942371368408,0.0,0.0,0.0,0.0,0.0,0.0,0.0,0.0,0.0,0.0,0.0,0.0,0.0,1.0,1.0,0.0,0,0,0,0,0,0,0,0.0,0.0,0.1168123739071957,0.0
6,500,1,dpga,rpn,0.1378515213727951,0.0,global_ddp_mean,2,0.0,2.2741622924804688,2.2741622924804688,0.0,0.0,0.0,0.0,0.0,0.0,0.0,0.0,0.0,0.0,0.0,0.0,0.0,1.0,1.0,0.0,0,0,0,0,0,0,0,0.0,0.0,0.1168123739071957,0.0
6,500,1,dpga,roi_shared,0.1378515213727951,0.0,global_ddp_mean,2,0.0,9.208269119262695,9.208269119262695,0.0,0.0,0.0,0.0,0.0,0.0,0.0,0.0,0.0,0.0,0.0,0.0,0.0,1.0,1.0,0.0,0,0,0,0,0,0,0,0.0,0.0,0.1168123739071957,0.0
6,500,1,dpga,roi_cls,0.1378515213727951,0.0,global_ddp_mean,2,0.0,7.088556289672852,7.088556289672852,0.0,0.0,0.0,0.0,0.0,0.0,0.0,0.0,0.0,0.0,0.0,0.0,0.0,1.0,1.0,0.0,0,0,0,0,0,0,0,0.0,0.0,0.1168123739071957,0.0
6,500,1,dpga,roi_reg,0.1378515213727951,0.0,global_ddp_mean,2,0.0,2.04522442817688,2.04522442817688,0.0,0.0,0.0,0.0,0.0,0.0,0.0,0.0,0.0,0.0,0.0,0.0,0.0,1.0,1.0,0.0,0,0,0,0,0,0,0,0.0,0.0,0.1168123739071957,0.0
6,600,1,dpga,backbone,0.1509672850370407,0.0,global_ddp_mean,2,0.0,14.424398422241211,14.424398422241211,0.0,0.0,0.0,0.0,0.0,0.0,0.0,0.0,0.0,0.0,0.0,0.0,0.0,1.0,1.0,0.0,0,0,0,0,0,0,0,0.0,0.0,0.12017484868863484,0.0
6,600,1,dpga,fpn,0.1509672850370407,0.0,global_ddp_mean,2,0.0,2.8278985023498535,2.8278985023498535,0.0,0.0,0.0,0.0,0.0,0.0,0.0,0.0,0.0,0.0,0.0,0.0,0.0,1.0,1.0,0.0,0,0,0,0,0,0,0,0.0,0.0,0.12017484868863484,0.0
6,600,1,dpga,rpn,0.1509672850370407,0.0,global_ddp_mean,2,0.0,2.1458067893981934,2.1458067893981934,0.0,0.0,0.0,0.0,0.0,0.0,0.0,0.0,0.0,0.0,0.0,0.0,0.0,1.0,1.0,0.0,0,0,0,0,0,0,0,0.0,0.0,0.12017484868863484,0.0
6,600,1,dpga,roi_shared,0.1509672850370407,0.0,global_ddp_mean,2,0.0,6.810593605041504,6.810593605041504,0.0,0.0,0.0,0.0,0.0,0.0,0.0,0.0,0.0,0.0,0.0,0.0,0.0,1.0,1.0,0.0,0,0,0,0,0,0,0,0.0,0.0,0.12017484868863484,0.0
6,600,1,dpga,roi_cls,0.1509672850370407,0.0,global_ddp_mean,2,0.0,7.297139644622803,7.297139644622803,0.0,0.0,0.0,0.0,0.0,0.0,0.0,0.0,0.0,0.0,0.0,0.0,0.0,1.0,1.0,0.0,0,0,0,0,0,0,0,0.0,0.0,0.12017484868863484,0.0
6,600,1,dpga,roi_reg,0.1509672850370407,0.0,global_ddp_mean,2,0.0,1.067854642868042,1.067854642868042,0.0,0.0,0.0,0.0,0.0,0.0,0.0,0.0,0.0,0.0,0.0,0.0,0.0,1.0,1.0,0.0,0,0,0,0,0,0,0,0.0,0.0,0.12017484868863484,0.0
6,700,1,dpga,backbone,1.0423907041549683,0.0,global_ddp_mean,2,0.0,24.721981048583984,24.721981048583984,0.0,0.0,0.0,0.0,0.0,0.0,0.0,0.0,0.0,0.0,0.0,0.0,0.0,1.0,1.0,0.0,0,0,0,0,0,0,0,0.0,0.0,0.12353732347007398,0.0
6,700,1,dpga,fpn,1.0423907041549683,0.0,global_ddp_mean,2,0.0,7.221254825592041,7.221254825592041,0.0,0.0,0.0,0.0,0.0,0.0,0.0,0.0,0.0,0.0,0.0,0.0,0.0,1.0,1.0,0.0,0,0,0,0,0,0,0,0.0,0.0,0.12353732347007398,0.0
6,700,1,dpga,rpn,1.0423907041549683,0.0,global_ddp_mean,2,0.0,8.818082809448242,8.818082809448242,0.0,0.0,0.0,0.0,0.0,0.0,0.0,0.0,0.0,0.0,0.0,0.0,0.0,1.0,1.0,0.0,0,0,0,0,0,0,0,0.0,0.0,0.12353732347007398,0.0
6,700,1,dpga,roi_shared,1.0423907041549683,0.0,global_ddp_mean,2,0.0,14.61960220336914,14.61960220336914,0.0,0.0,0.0,0.0,0.0,0.0,0.0,0.0,0.0,0.0,0.0,0.0,0.0,1.0,1.0,0.0,0,0,0,0,0,0,0,0.0,0.0,0.12353732347007398,0.0
6,700,1,dpga,roi_cls,1.0423907041549683,0.0,global_ddp_mean,2,0.0,13.787395477294922,13.787395477294922,0.0,0.0,0.0,0.0,0.0,0.0,0.0,0.0,0.0,0.0,0.0,0.0,0.0,1.0,1.0,0.0,0,0,0,0,0,0,0,0.0,0.0,0.12353732347007398,0.0
6,700,1,dpga,roi_reg,1.0423907041549683,0.0,global_ddp_mean,2,0.0,6.19430685043335,6.19430685043335,0.0,0.0,0.0,0.0,0.0,0.0,0.0,0.0,0.0,0.0,0.0,0.0,0.0,1.0,1.0,0.0,0,0,0,0,0,0,0,0.0,0.0,0.12353732347007398,0.0
6,800,1,dpga,backbone,0.06639347970485687,-0.0,global_ddp_mean,2,0.0,4.438406467437744,4.438406467437744,0.0,0.0,0.0,0.0,0.0,0.0,0.0,0.0,0.0,0.0,0.0,0.0,0.0,1.0,1.0,0.0,0,0,0,0,0,0,0,0.0,0.0,0.12689979825151312,0.0
6,800,1,dpga,fpn,0.06639347970485687,-0.0,global_ddp_mean,2,0.0,0.5861287117004395,0.5861287117004395,0.0,0.0,0.0,0.0,0.0,0.0,0.0,0.0,0.0,0.0,0.0,0.0,0.0,1.0,1.0,0.0,0,0,0,0,0,0,0,0.0,0.0,0.12689979825151312,0.0
6,800,1,dpga,rpn,0.06639347970485687,-0.0,global_ddp_mean,2,0.0,0.7703814506530762,0.7703814506530762,0.0,0.0,0.0,0.0,0.0,0.0,0.0,0.0,0.0,0.0,0.0,0.0,0.0,1.0,1.0,0.0,0,0,0,0,0,0,0,0.0,0.0,0.12689979825151312,0.0
6,800,1,dpga,roi_shared,0.06639347970485687,-0.0,global_ddp_mean,2,0.0,0.9485803246498108,0.9485803246498108,0.0,0.0,0.0,0.0,0.0,0.0,0.0,0.0,0.0,0.0,0.0,0.0,0.0,1.0,1.0,0.0,0,0,0,0,0,0,0,0.0,0.0,0.12689979825151312,0.0
6,800,1,dpga,roi_cls,0.06639347970485687,-0.0,global_ddp_mean,2,0.0,0.5349953174591064,0.5349953174591064,0.0,0.0,0.0,0.0,0.0,0.0,0.0,0.0,0.0,0.0,0.0,0.0,0.0,1.0,1.0,0.0,0,0,0,0,0,0,0,0.0,0.0,0.12689979825151312,0.0
6,800,1,dpga,roi_reg,0.06639347970485687,-0.0,global_ddp_mean,2,0.0,0.6884167790412903,0.6884167790412903,0.0,0.0,0.0,0.0,0.0,0.0,0.0,0.0,0.0,0.0,0.0,0.0,0.0,1.0,1.0,0.0,0,0,0,0,0,0,0,0.0,0.0,0.12689979825151312,0.0
6,900,1,dpga,backbone,0.05496952682733536,0.0,global_ddp_mean,2,0.0,1.6686125993728638,1.6686125993728638,0.0,0.0,0.0,0.0,0.0,0.0,0.0,0.0,0.0,0.0,0.0,0.0,0.0,1.0,1.0,0.0,0,0,0,0,0,0,0,0.0,0.0,0.13026227303295226,0.0
6,900,1,dpga,fpn,0.05496952682733536,0.0,global_ddp_mean,2,0.0,0.2885904610157013,0.2885904610157013,0.0,0.0,0.0,0.0,0.0,0.0,0.0,0.0,0.0,0.0,0.0,0.0,0.0,1.0,1.0,0.0,0,0,0,0,0,0,0,0.0,0.0,0.13026227303295226,0.0
6,900,1,dpga,rpn,0.05496952682733536,0.0,global_ddp_mean,2,0.0,0.28745001554489136,0.28745001554489136,0.0,0.0,0.0,0.0,0.0,0.0,0.0,0.0,0.0,0.0,0.0,0.0,0.0,1.0,1.0,0.0,0,0,0,0,0,0,0,0.0,0.0,0.13026227303295226,0.0
6,900,1,dpga,roi_shared,0.05496952682733536,0.0,global_ddp_mean,2,0.0,0.5968218445777893,0.5968218445777893,0.0,0.0,0.0,0.0,0.0,0.0,0.0,0.0,0.0,0.0,0.0,0.0,0.0,1.0,1.0,0.0,0,0,0,0,0,0,0,0.0,0.0,0.13026227303295226,0.0
6,900,1,dpga,roi_cls,0.05496952682733536,0.0,global_ddp_mean,2,0.0,0.5539981722831726,0.5539981722831726,0.0,0.0,0.0,0.0,0.0,0.0,0.0,0.0,0.0,0.0,0.0,0.0,0.0,1.0,1.0,0.0,0,0,0,0,0,0,0,0.0,0.0,0.13026227303295226,0.0
6,900,1,dpga,roi_reg,0.05496952682733536,0.0,global_ddp_mean,2,0.0,0.18381251394748688,0.18381251394748688,0.0,0.0,0.0,0.0,0.0,0.0,0.0,0.0,0.0,0.0,0.0,0.0,0.0,1.0,1.0,0.0,0,0,0,0,0,0,0,0.0,0.0,0.13026227303295226,0.0
6,1000,1,dpga,backbone,0.03224089741706848,-0.0,global_ddp_mean,2,0.0,3.415525436401367,3.415525436401367,0.0,0.0,0.0,0.0,0.0,0.0,0.0,0.0,0.0,0.0,0.0,0.0,0.0,1.0,1.0,0.0,0,0,0,0,0,0,0,0.0,0.0,0.1336247478143914,0.0
6,1000,1,dpga,fpn,0.03224089741706848,-0.0,global_ddp_mean,2,0.0,0.7436714172363281,0.7436714172363281,0.0,0.0,0.0,0.0,0.0,0.0,0.0,0.0,0.0,0.0,0.0,0.0,0.0,1.0,1.0,0.0,0,0,0,0,0,0,0,0.0,0.0,0.1336247478143914,0.0
6,1000,1,dpga,rpn,0.03224089741706848,-0.0,global_ddp_mean,2,0.0,0.6332494616508484,0.6332494616508484,0.0,0.0,0.0,0.0,0.0,0.0,0.0,0.0,0.0,0.0,0.0,0.0,0.0,1.0,1.0,0.0,0,0,0,0,0,0,0,0.0,0.0,0.1336247478143914,0.0
6,1000,1,dpga,roi_shared,0.03224089741706848,-0.0,global_ddp_mean,2,0.0,1.3893357515335083,1.3893357515335083,0.0,0.0,0.0,0.0,0.0,0.0,0.0,0.0,0.0,0.0,0.0,0.0,0.0,1.0,1.0,0.0,0,0,0,0,0,0,0,0.0,0.0,0.1336247478143914,0.0
6,1000,1,dpga,roi_cls,0.03224089741706848,-0.0,global_ddp_mean,2,0.0,1.1863538026809692,1.1863538026809692,0.0,0.0,0.0,0.0,0.0,0.0,0.0,0.0,0.0,0.0,0.0,0.0,0.0,1.0,1.0,0.0,0,0,0,0,0,0,0,0.0,0.0,0.1336247478143914,0.0
6,1000,1,dpga,roi_reg,0.03224089741706848,-0.0,global_ddp_mean,2,0.0,0.0,0.0,0.0,0.0,0.0,0.0,0.0,0.0,0.0,0.0,0.0,0.0,0.0,0.0,0.0,0.0,0.0,90.0,0,0,0,0,0,0,0,0.0,0.0,0.1336247478143914,0.0
6,1100,1,dpga,backbone,0.32167622447013855,-0.0,global_ddp_mean,2,0.0,8.25943374633789,8.25943374633789,0.0,0.0,0.0,0.0,0.0,0.0,0.0,0.0,0.0,0.0,0.0,0.0,0.0,1.0,1.0,0.0,0,0,0,0,0,0,0,0.0,0.0,0.13698722259583054,0.0
6,1100,1,dpga,fpn,0.32167622447013855,-0.0,global_ddp_mean,2,0.0,1.520094871520996,1.520094871520996,0.0,0.0,0.0,0.0,0.0,0.0,0.0,0.0,0.0,0.0,0.0,0.0,0.0,1.0,1.0,0.0,0,0,0,0,0,0,0,0.0,0.0,0.13698722259583054,0.0
6,1100,1,dpga,rpn,0.32167622447013855,-0.0,global_ddp_mean,2,0.0,2.726844549179077,2.726844549179077,0.0,0.0,0.0,0.0,0.0,0.0,0.0,0.0,0.0,0.0,0.0,0.0,0.0,1.0,1.0,0.0,0,0,0,0,0,0,0,0.0,0.0,0.13698722259583054,0.0
6,1100,1,dpga,roi_shared,0.32167622447013855,-0.0,global_ddp_mean,2,0.0,1.981592059135437,1.981592059135437,0.0,0.0,0.0,0.0,0.0,0.0,0.0,0.0,0.0,0.0,0.0,0.0,0.0,1.0,1.0,0.0,0,0,0,0,0,0,0,0.0,0.0,0.13698722259583054,0.0
6,1100,1,dpga,roi_cls,0.32167622447013855,-0.0,global_ddp_mean,2,0.0,1.104581356048584,1.104581356048584,0.0,0.0,0.0,0.0,0.0,0.0,0.0,0.0,0.0,0.0,0.0,0.0,0.0,1.0,1.0,0.0,0,0,0,0,0,0,0,0.0,0.0,0.13698722259583054,0.0
6,1100,1,dpga,roi_reg,0.32167622447013855,-0.0,global_ddp_mean,2,0.0,1.5792505741119385,1.5792505741119385,0.0,0.0,0.0,0.0,0.0,0.0,0.0,0.0,0.0,0.0,0.0,0.0,0.0,1.0,1.0,0.0,0,0,0,0,0,0,0,0.0,0.0,0.13698722259583054,0.0
6,1200,1,dpga,backbone,0.16876965761184692,0.0,global_ddp_mean,2,0.0,20.977678298950195,20.977678298950195,0.0,0.0,0.0,0.0,0.0,0.0,0.0,0.0,0.0,0.0,0.0,0.0,0.0,1.0,1.0,0.0,0,0,0,0,0,0,0,0.0,0.0,0.14034969737726968,0.0
6,1200,1,dpga,fpn,0.16876965761184692,0.0,global_ddp_mean,2,0.0,4.424108028411865,4.424108028411865,0.0,0.0,0.0,0.0,0.0,0.0,0.0,0.0,0.0,0.0,0.0,0.0,0.0,1.0,1.0,0.0,0,0,0,0,0,0,0,0.0,0.0,0.14034969737726968,0.0
6,1200,1,dpga,rpn,0.16876965761184692,0.0,global_ddp_mean,2,0.0,1.541388988494873,1.541388988494873,0.0,0.0,0.0,0.0,0.0,0.0,0.0,0.0,0.0,0.0,0.0,0.0,0.0,1.0,1.0,0.0,0,0,0,0,0,0,0,0.0,0.0,0.14034969737726968,0.0
6,1200,1,dpga,roi_shared,0.16876965761184692,0.0,global_ddp_mean,2,0.0,10.15553092956543,10.15553092956543,0.0,0.0,0.0,0.0,0.0,0.0,0.0,0.0,0.0,0.0,0.0,0.0,0.0,1.0,1.0,0.0,0,0,0,0,0,0,0,0.0,0.0,0.14034969737726968,0.0
6,1200,1,dpga,roi_cls,0.16876965761184692,0.0,global_ddp_mean,2,0.0,10.870550155639648,10.870550155639648,0.0,0.0,0.0,0.0,0.0,0.0,0.0,0.0,0.0,0.0,0.0,0.0,0.0,1.0,1.0,0.0,0,0,0,0,0,0,0,0.0,0.0,0.14034969737726968,0.0
6,1200,1,dpga,roi_reg,0.16876965761184692,0.0,global_ddp_mean,2,0.0,0.29617536067962646,0.29617536067962646,0.0,0.0,0.0,0.0,0.0,0.0,0.0,0.0,0.0,0.0,0.0,0.0,0.0,1.0,1.0,0.0,0,0,0,0,0,0,0,0.0,0.0,0.14034969737726968,0.0
6,1300,1,dpga,backbone,0.08121132105588913,0.0,global_ddp_mean,2,0.0,8.1425142288208,8.1425142288208,0.0,0.0,0.0,0.0,0.0,0.0,0.0,0.0,0.0,0.0,0.0,0.0,0.0,1.0,1.0,0.0,0,0,0,0,0,0,0,0.0,0.0,0.14371217215870882,0.0
6,1300,1,dpga,fpn,0.08121132105588913,0.0,global_ddp_mean,2,0.0,1.1416336297988892,1.1416336297988892,0.0,0.0,0.0,0.0,0.0,0.0,0.0,0.0,0.0,0.0,0.0,0.0,0.0,1.0,1.0,0.0,0,0,0,0,0,0,0,0.0,0.0,0.14371217215870882,0.0
6,1300,1,dpga,rpn,0.08121132105588913,0.0,global_ddp_mean,2,0.0,2.0432815551757812,2.0432815551757812,0.0,0.0,0.0,0.0,0.0,0.0,0.0,0.0,0.0,0.0,0.0,0.0,0.0,1.0,1.0,0.0,0,0,0,0,0,0,0,0.0,0.0,0.14371217215870882,0.0
6,1300,1,dpga,roi_shared,0.08121132105588913,0.0,global_ddp_mean,2,0.0,1.3153915405273438,1.3153915405273438,0.0,0.0,0.0,0.0,0.0,0.0,0.0,0.0,0.0,0.0,0.0,0.0,0.0,1.0,1.0,0.0,0,0,0,0,0,0,0,0.0,0.0,0.14371217215870882,0.0
6,1300,1,dpga,roi_cls,0.08121132105588913,0.0,global_ddp_mean,2,0.0,0.7303177118301392,0.7303177118301392,0.0,0.0,0.0,0.0,0.0,0.0,0.0,0.0,0.0,0.0,0.0,0.0,0.0,1.0,1.0,0.0,0,0,0,0,0,0,0,0.0,0.0,0.14371217215870882,0.0
6,1300,1,dpga,roi_reg,0.08121132105588913,0.0,global_ddp_mean,2,0.0,0.5885103344917297,0.5885103344917297,0.0,0.0,0.0,0.0,0.0,0.0,0.0,0.0,0.0,0.0,0.0,0.0,0.0,1.0,1.0,0.0,0,0,0,0,0,0,0,0.0,0.0,0.14371217215870882,0.0
6,1400,1,dpga,backbone,0.14832162857055664,0.0,global_ddp_mean,2,0.0,5.9236626625061035,5.9236626625061035,0.0,0.0,0.0,0.0,0.0,0.0,0.0,0.0,0.0,0.0,0.0,0.0,0.0,1.0,1.0,0.0,0,0,0,0,0,0,0,0.0,0.0,0.14707464694014796,0.0
6,1400,1,dpga,fpn,0.14832162857055664,0.0,global_ddp_mean,2,0.0,1.1034446954727173,1.1034446954727173,0.0,0.0,0.0,0.0,0.0,0.0,0.0,0.0,0.0,0.0,0.0,0.0,0.0,1.0,1.0,0.0,0,0,0,0,0,0,0,0.0,0.0,0.14707464694014796,0.0
6,1400,1,dpga,rpn,0.14832162857055664,0.0,global_ddp_mean,2,0.0,2.0391924381256104,2.0391924381256104,0.0,0.0,0.0,0.0,0.0,0.0,0.0,0.0,0.0,0.0,0.0,0.0,0.0,1.0,1.0,0.0,0,0,0,0,0,0,0,0.0,0.0,0.14707464694014796,0.0
6,1400,1,dpga,roi_shared,0.14832162857055664,0.0,global_ddp_mean,2,0.0,2.2808680534362793,2.2808680534362793,0.0,0.0,0.0,0.0,0.0,0.0,0.0,0.0,0.0,0.0,0.0,0.0,0.0,1.0,1.0,0.0,0,0,0,0,0,0,0,0.0,0.0,0.14707464694014796,0.0
6,1400,1,dpga,roi_cls,0.14832162857055664,0.0,global_ddp_mean,2,0.0,1.755933403968811,1.755933403968811,0.0,0.0,0.0,0.0,0.0,0.0,0.0,0.0,0.0,0.0,0.0,0.0,0.0,1.0,1.0,0.0,0,0,0,0,0,0,0,0.0,0.0,0.14707464694014796,0.0
6,1400,1,dpga,roi_reg,0.14832162857055664,0.0,global_ddp_mean,2,0.0,2.0525400638580322,2.0525400638580322,0.0,0.0,0.0,0.0,0.0,0.0,0.0,0.0,0.0,0.0,0.0,0.0,0.0,1.0,1.0,0.0,0,0,0,0,0,0,0,0.0,0.0,0.14707464694014796,0.0
7,0,1,dpga,backbone,0.18788769841194153,0.0,global_ddp_mean,2,0.0,5.189145565032959,5.189145565032959,0.0,0.0,0.0,0.0,0.0,0.0,0.0,0.0,0.0,0.0,0.0,0.0,0.0,1.0,1.0,0.0,0,0,0,0,0,0,0,0.0,0.0,0.15000000000000002,0.0
7,0,1,dpga,fpn,0.18788769841194153,0.0,global_ddp_mean,2,0.0,1.80501127243042,1.80501127243042,0.0,0.0,0.0,0.0,0.0,0.0,0.0,0.0,0.0,0.0,0.0,0.0,0.0,1.0,1.0,0.0,0,0,0,0,0,0,0,0.0,0.0,0.15000000000000002,0.0
7,0,1,dpga,rpn,0.18788769841194153,0.0,global_ddp_mean,2,0.0,1.4209952354431152,1.4209952354431152,0.0,0.0,0.0,0.0,0.0,0.0,0.0,0.0,0.0,0.0,0.0,0.0,0.0,1.0,1.0,0.0,0,0,0,0,0,0,0,0.0,0.0,0.15000000000000002,0.0
7,0,1,dpga,roi_shared,0.18788769841194153,0.0,global_ddp_mean,2,0.0,4.640216827392578,4.640216827392578,0.0,0.0,0.0,0.0,0.0,0.0,0.0,0.0,0.0,0.0,0.0,0.0,0.0,1.0,1.0,0.0,0,0,0,0,0,0,0,0.0,0.0,0.15000000000000002,0.0
7,0,1,dpga,roi_cls,0.18788769841194153,0.0,global_ddp_mean,2,0.0,3.110884666442871,3.110884666442871,0.0,0.0,0.0,0.0,0.0,0.0,0.0,0.0,0.0,0.0,0.0,0.0,0.0,1.0,1.0,0.0,0,0,0,0,0,0,0,0.0,0.0,0.15000000000000002,0.0
7,0,1,dpga,roi_reg,0.18788769841194153,0.0,global_ddp_mean,2,0.0,1.4886103868484497,1.4886103868484497,0.0,0.0,0.0,0.0,0.0,0.0,0.0,0.0,0.0,0.0,0.0,0.0,0.0,1.0,1.0,0.0,0,0,0,0,0,0,0,0.0,0.0,0.15000000000000002,0.0
7,100,1,dpga,backbone,0.20504513382911682,0.0,global_ddp_mean,2,0.0,4.6203742027282715,4.6203742027282715,0.0,0.0,0.0,0.0,0.0,0.0,0.0,0.0,0.0,0.0,0.0,0.0,0.0,1.0,1.0,0.0,0,0,0,0,0,0,0,0.0,0.0,0.15336247478143916,0.0
7,100,1,dpga,fpn,0.20504513382911682,0.0,global_ddp_mean,2,0.0,1.394189476966858,1.394189476966858,0.0,0.0,0.0,0.0,0.0,0.0,0.0,0.0,0.0,0.0,0.0,0.0,0.0,1.0,1.0,0.0,0,0,0,0,0,0,0,0.0,0.0,0.15336247478143916,0.0
7,100,1,dpga,rpn,0.20504513382911682,0.0,global_ddp_mean,2,0.0,1.393180251121521,1.393180251121521,0.0,0.0,0.0,0.0,0.0,0.0,0.0,0.0,0.0,0.0,0.0,0.0,0.0,1.0,1.0,0.0,0,0,0,0,0,0,0,0.0,0.0,0.15336247478143916,0.0
7,100,1,dpga,roi_shared,0.20504513382911682,0.0,global_ddp_mean,2,0.0,3.1318459510803223,3.1318459510803223,0.0,0.0,0.0,0.0,0.0,0.0,0.0,0.0,0.0,0.0,0.0,0.0,0.0,1.0,1.0,0.0,0,0,0,0,0,0,0,0.0,0.0,0.15336247478143916,0.0
7,100,1,dpga,roi_cls,0.20504513382911682,0.0,global_ddp_mean,2,0.0,2.1834685802459717,2.1834685802459717,0.0,0.0,0.0,0.0,0.0,0.0,0.0,0.0,0.0,0.0,0.0,0.0,0.0,1.0,1.0,0.0,0,0,0,0,0,0,0,0.0,0.0,0.15336247478143916,0.0
7,100,1,dpga,roi_reg,0.20504513382911682,0.0,global_ddp_mean,2,0.0,1.0879755020141602,1.0879755020141602,0.0,0.0,0.0,0.0,0.0,0.0,0.0,0.0,0.0,0.0,0.0,0.0,0.0,1.0,1.0,0.0,0,0,0,0,0,0,0,0.0,0.0,0.15336247478143916,0.0
7,200,1,dpga,backbone,0.2465280294418335,0.0,global_ddp_mean,2,0.0,7.832159042358398,7.832159042358398,0.0,0.0,0.0,0.0,0.0,0.0,0.0,0.0,0.0,0.0,0.0,0.0,0.0,1.0,1.0,0.0,0,0,0,0,0,0,0,0.0,0.0,0.1567249495628783,0.0
7,200,1,dpga,fpn,0.2465280294418335,0.0,global_ddp_mean,2,0.0,1.0586029291152954,1.0586029291152954,0.0,0.0,0.0,0.0,0.0,0.0,0.0,0.0,0.0,0.0,0.0,0.0,0.0,1.0,1.0,0.0,0,0,0,0,0,0,0,0.0,0.0,0.1567249495628783,0.0
7,200,1,dpga,rpn,0.2465280294418335,0.0,global_ddp_mean,2,0.0,0.9121900200843811,0.9121900200843811,0.0,0.0,0.0,0.0,0.0,0.0,0.0,0.0,0.0,0.0,0.0,0.0,0.0,1.0,1.0,0.0,0,0,0,0,0,0,0,0.0,0.0,0.1567249495628783,0.0
7,200,1,dpga,roi_shared,0.2465280294418335,0.0,global_ddp_mean,2,0.0,2.32852840423584,2.32852840423584,0.0,0.0,0.0,0.0,0.0,0.0,0.0,0.0,0.0,0.0,0.0,0.0,0.0,1.0,1.0,0.0,0,0,0,0,0,0,0,0.0,0.0,0.1567249495628783,0.0
7,200,1,dpga,roi_cls,0.2465280294418335,0.0,global_ddp_mean,2,0.0,2.037564516067505,2.037564516067505,0.0,0.0,0.0,0.0,0.0,0.0,0.0,0.0,0.0,0.0,0.0,0.0,0.0,1.0,1.0,0.0,0,0,0,0,0,0,0,0.0,0.0,0.1567249495628783,0.0
7,200,1,dpga,roi_reg,0.2465280294418335,0.0,global_ddp_mean,2,0.0,0.6509400606155396,0.6509400606155396,0.0,0.0,0.0,0.0,0.0,0.0,0.0,0.0,0.0,0.0,0.0,0.0,0.0,1.0,1.0,0.0,0,0,0,0,0,0,0,0.0,0.0,0.1567249495628783,0.0
7,300,1,dpga,backbone,0.07314008474349976,-0.0,global_ddp_mean,2,0.0,11.787619590759277,11.787619590759277,0.0,0.0,0.0,0.0,0.0,0.0,0.0,0.0,0.0,0.0,0.0,0.0,0.0,1.0,1.0,0.0,0,0,0,0,0,0,0,0.0,0.0,0.16008742434431744,0.0
7,300,1,dpga,fpn,0.07314008474349976,-0.0,global_ddp_mean,2,0.0,2.397536277770996,2.397536277770996,0.0,0.0,0.0,0.0,0.0,0.0,0.0,0.0,0.0,0.0,0.0,0.0,0.0,1.0,1.0,0.0,0,0,0,0,0,0,0,0.0,0.0,0.16008742434431744,0.0
7,300,1,dpga,rpn,0.07314008474349976,-0.0,global_ddp_mean,2,0.0,3.1660983562469482,3.1660983562469482,0.0,0.0,0.0,0.0,0.0,0.0,0.0,0.0,0.0,0.0,0.0,0.0,0.0,1.0,1.0,0.0,0,0,0,0,0,0,0,0.0,0.0,0.16008742434431744,0.0
7,300,1,dpga,roi_shared,0.07314008474349976,-0.0,global_ddp_mean,2,0.0,5.108142375946045,5.108142375946045,0.0,0.0,0.0,0.0,0.0,0.0,0.0,0.0,0.0,0.0,0.0,0.0,0.0,1.0,1.0,0.0,0,0,0,0,0,0,0,0.0,0.0,0.16008742434431744,0.0
7,300,1,dpga,roi_cls,0.07314008474349976,-0.0,global_ddp_mean,2,0.0,5.042117118835449,5.042117118835449,0.0,0.0,0.0,0.0,0.0,0.0,0.0,0.0,0.0,0.0,0.0,0.0,0.0,1.0,1.0,0.0,0,0,0,0,0,0,0,0.0,0.0,0.16008742434431744,0.0
7,300,1,dpga,roi_reg,0.07314008474349976,-0.0,global_ddp_mean,2,0.0,3.372171640396118,3.372171640396118,0.0,0.0,0.0,0.0,0.0,0.0,0.0,0.0,0.0,0.0,0.0,0.0,0.0,1.0,1.0,0.0,0,0,0,0,0,0,0,0.0,0.0,0.16008742434431744,0.0
7,400,1,dpga,backbone,0.39364901185035706,-0.0,global_ddp_mean,2,0.3155137598514557,11.736780166625977,11.736780166625977,1.0332642380594947e-10,1.0332642380594947e-10,1.0332642380594947e-10,1.0332642380594947e-10,1.3998360741639681e-11,1.0332642380594947e-10,8.80364310645968e-12,8.80364310645968e-12,8.80364310645968e-12,1.1926917385267727e-12,1.1926917385267727e-12,3.763106547663513e-13,3.763106547663513e-13,1.0000000000003764,1.0000000000003764,0.0,0,0,0,0,0,0,0,1.0,0.8288599252700806,0.16344989912575658,0.13547706604003906
7,400,1,dpga,fpn,0.39364901185035706,-0.0,global_ddp_mean,2,0.2094428688287735,2.481022357940674,2.481022357940674,2.804443309523119e-11,2.804443309523119e-11,2.804443309523119e-11,2.804443309523119e-11,3.3931546930406866e-12,2.804443309523119e-11,1.1303579351259433e-11,1.1303579351259433e-11,1.1303579351259433e-11,1.3676437385502285e-12,1.3676437385502285e-12,2.8644322813766896e-13,2.8644322813766896e-13,1.0000000000002864,1.0000000000002864,0.0,0,0,0,0,0,0,0,1.0,0.7402396202087402,0.16344989912575658,0.12099209427833557
7,400,1,dpga,rpn,0.39364901185035706,-0.0,global_ddp_mean,2,0.0,2.1728458404541016,2.1728458404541016,0.0,0.0,0.0,0.0,0.0,0.0,0.0,0.0,0.0,0.0,0.0,0.0,0.0,1.0,1.0,0.0,0,0,0,0,0,0,0,0.0,0.0,0.16344989912575658,0.0
7,400,1,dpga,roi_shared,0.39364901185035706,-0.0,global_ddp_mean,2,0.2075371891260147,5.614619731903076,5.614619731903076,5.625893848004715e-11,5.625893848004715e-11,5.625893848004715e-11,5.625893848004715e-11,6.79000043809717e-12,5.625893848004715e-11,1.0020079928187439e-11,1.0020079928187439e-11,1.0020079928187439e-11,1.2093428873758648e-12,1.2093428873758648e-12,2.509836235355256e-13,2.509836235355256e-13,1.000000000000251,1.000000000000251,0.0,0,0,0,0,0,0,0,1.0,0.7384032607078552,0.16344989912575658,0.1206919401884079
7,400,1,dpga,roi_cls,0.39364901185035706,-0.0,global_ddp_mean,2,0.0,4.441678524017334,4.441678524017334,0.0,0.0,0.0,0.0,0.0,0.0,0.0,0.0,0.0,0.0,0.0,0.0,0.0,1.0,1.0,0.0,0,0,0,0,0,0,0,0.0,0.0,0.16344989912575658,0.0
7,400,1,dpga,roi_reg,0.39364901185035706,-0.0,global_ddp_mean,2,0.36332273483276367,3.5941483974456787,3.5941483974456787,1.4504913936619346e-10,1.4504913936619346e-10,1.4504913936619346e-10,1.4504913936619346e-10,2.039288605066589e-11,1.4504913936619346e-10,4.03570257336281e-11,4.03570257336281e-11,4.03570257336281e-11,5.6739132043515196e-12,5.6739132043515196e-12,2.0614616626087235e-12,2.0614616626087235e-12,1.0000000000020615,1.0000000000020615,0.0,0,0,0,0,0,0,0,1.0,0.8601592779159546,0.16344989912575658,0.14059294760227203
7,500,1,dpga,backbone,0.007370251230895519,0.0,global_ddp_mean,2,0.0,4.434432506561279,4.434432506561279,0.0,0.0,0.0,0.0,0.0,0.0,0.0,0.0,0.0,0.0,0.0,0.0,0.0,1.0,1.0,0.0,0,0,0,0,0,0,0,0.0,0.0,0.16681237390719572,0.0
7,500,1,dpga,fpn,0.007370251230895519,0.0,global_ddp_mean,2,0.0,0.9181495308876038,0.9181495308876038,0.0,0.0,0.0,0.0,0.0,0.0,0.0,0.0,0.0,0.0,0.0,0.0,0.0,1.0,1.0,0.0,0,0,0,0,0,0,0,0.0,0.0,0.16681237390719572,0.0
7,500,1,dpga,rpn,0.007370251230895519,0.0,global_ddp_mean,2,0.0,0.6359913349151611,0.6359913349151611,0.0,0.0,0.0,0.0,0.0,0.0,0.0,0.0,0.0,0.0,0.0,0.0,0.0,1.0,1.0,0.0,0,0,0,0,0,0,0,0.0,0.0,0.16681237390719572,0.0
7,500,1,dpga,roi_shared,0.007370251230895519,0.0,global_ddp_mean,2,0.0,2.0922749042510986,2.0922749042510986,0.0,0.0,0.0,0.0,0.0,0.0,0.0,0.0,0.0,0.0,0.0,0.0,0.0,1.0,1.0,0.0,0,0,0,0,0,0,0,0.0,0.0,0.16681237390719572,0.0
7,500,1,dpga,roi_cls,0.007370251230895519,0.0,global_ddp_mean,2,0.0,1.4273650646209717,1.4273650646209717,0.0,0.0,0.0,0.0,0.0,0.0,0.0,0.0,0.0,0.0,0.0,0.0,0.0,1.0,1.0,0.0,0,0,0,0,0,0,0,0.0,0.0,0.16681237390719572,0.0
7,500,1,dpga,roi_reg,0.007370251230895519,0.0,global_ddp_mean,2,0.0,0.4767085909843445,0.4767085909843445,0.0,0.0,0.0,0.0,0.0,0.0,0.0,0.0,0.0,0.0,0.0,0.0,0.0,1.0,1.0,0.0,0,0,0,0,0,0,0,0.0,0.0,0.16681237390719572,0.0
7,600,1,dpga,backbone,1.0187325477600098,0.0,global_ddp_mean,2,0.0,17.095561981201172,17.095561981201172,0.0,0.0,0.0,0.0,0.0,0.0,0.0,0.0,0.0,0.0,0.0,0.0,0.0,1.0,1.0,0.0,0,0,0,0,0,0,0,0.0,0.0,0.17017484868863486,0.0
7,600,1,dpga,fpn,1.0187325477600098,0.0,global_ddp_mean,2,0.0,5.230576038360596,5.230576038360596,0.0,0.0,0.0,0.0,0.0,0.0,0.0,0.0,0.0,0.0,0.0,0.0,0.0,1.0,1.0,0.0,0,0,0,0,0,0,0,0.0,0.0,0.17017484868863486,0.0
7,600,1,dpga,rpn,1.0187325477600098,0.0,global_ddp_mean,2,0.0,3.777736186981201,3.777736186981201,0.0,0.0,0.0,0.0,0.0,0.0,0.0,0.0,0.0,0.0,0.0,0.0,0.0,1.0,1.0,0.0,0,0,0,0,0,0,0,0.0,0.0,0.17017484868863486,0.0
7,600,1,dpga,roi_shared,1.0187325477600098,0.0,global_ddp_mean,2,0.0,11.471701622009277,11.471701622009277,0.0,0.0,0.0,0.0,0.0,0.0,0.0,0.0,0.0,0.0,0.0,0.0,0.0,1.0,1.0,0.0,0,0,0,0,0,0,0,0.0,0.0,0.17017484868863486,0.0
7,600,1,dpga,roi_cls,1.0187325477600098,0.0,global_ddp_mean,2,0.0,9.430203437805176,9.430203437805176,0.0,0.0,0.0,0.0,0.0,0.0,0.0,0.0,0.0,0.0,0.0,0.0,0.0,1.0,1.0,0.0,0,0,0,0,0,0,0,0.0,0.0,0.17017484868863486,0.0
7,600,1,dpga,roi_reg,1.0187325477600098,0.0,global_ddp_mean,2,0.0,3.421147108078003,3.421147108078003,0.0,0.0,0.0,0.0,0.0,0.0,0.0,0.0,0.0,0.0,0.0,0.0,0.0,1.0,1.0,0.0,0,0,0,0,0,0,0,0.0,0.0,0.17017484868863486,0.0
7,700,1,dpga,backbone,0.011274938471615314,0.0,global_ddp_mean,2,0.0,29.280986785888672,29.280986785888672,0.0,0.0,0.0,0.0,0.0,0.0,0.0,0.0,0.0,0.0,0.0,0.0,0.0,1.0,1.0,0.0,0,0,0,0,0,0,0,0.0,0.0,0.173537323470074,0.0
7,700,1,dpga,fpn,0.011274938471615314,0.0,global_ddp_mean,2,0.0,8.221002578735352,8.221002578735352,0.0,0.0,0.0,0.0,0.0,0.0,0.0,0.0,0.0,0.0,0.0,0.0,0.0,1.0,1.0,0.0,0,0,0,0,0,0,0,0.0,0.0,0.173537323470074,0.0
7,700,1,dpga,rpn,0.011274938471615314,0.0,global_ddp_mean,2,0.0,2.0431711673736572,2.0431711673736572,0.0,0.0,0.0,0.0,0.0,0.0,0.0,0.0,0.0,0.0,0.0,0.0,0.0,1.0,1.0,0.0,0,0,0,0,0,0,0,0.0,0.0,0.173537323470074,0.0
7,700,1,dpga,roi_shared,0.011274938471615314,0.0,global_ddp_mean,2,0.0,18.004173278808594,18.004173278808594,0.0,0.0,0.0,0.0,0.0,0.0,0.0,0.0,0.0,0.0,0.0,0.0,0.0,1.0,1.0,0.0,0,0,0,0,0,0,0,0.0,0.0,0.173537323470074,0.0
7,700,1,dpga,roi_cls,0.011274938471615314,0.0,global_ddp_mean,2,0.0,15.0767822265625,15.0767822265625,0.0,0.0,0.0,0.0,0.0,0.0,0.0,0.0,0.0,0.0,0.0,0.0,0.0,1.0,1.0,0.0,0,0,0,0,0,0,0,0.0,0.0,0.173537323470074,0.0
7,700,1,dpga,roi_reg,0.011274938471615314,0.0,global_ddp_mean,2,0.0,3.2553482055664062,3.2553482055664062,0.0,0.0,0.0,0.0,0.0,0.0,0.0,0.0,0.0,0.0,0.0,0.0,0.0,1.0,1.0,0.0,0,0,0,0,0,0,0,0.0,0.0,0.173537323470074,0.0
7,800,1,dpga,backbone,0.03162180259823799,-0.0,global_ddp_mean,2,0.0,7.785319805145264,7.785319805145264,0.0,0.0,0.0,0.0,0.0,0.0,0.0,0.0,0.0,0.0,0.0,0.0,0.0,1.0,1.0,0.0,0,0,0,0,0,0,0,0.0,0.0,0.17689979825151314,0.0
7,800,1,dpga,fpn,0.03162180259823799,-0.0,global_ddp_mean,2,0.0,1.19184148311615,1.19184148311615,0.0,0.0,0.0,0.0,0.0,0.0,0.0,0.0,0.0,0.0,0.0,0.0,0.0,1.0,1.0,0.0,0,0,0,0,0,0,0,0.0,0.0,0.17689979825151314,0.0
7,800,1,dpga,rpn,0.03162180259823799,-0.0,global_ddp_mean,2,0.0,1.7187968492507935,1.7187968492507935,0.0,0.0,0.0,0.0,0.0,0.0,0.0,0.0,0.0,0.0,0.0,0.0,0.0,1.0,1.0,0.0,0,0,0,0,0,0,0,0.0,0.0,0.17689979825151314,0.0
7,800,1,dpga,roi_shared,0.03162180259823799,-0.0,global_ddp_mean,2,0.0,2.049431562423706,2.049431562423706,0.0,0.0,0.0,0.0,0.0,0.0,0.0,0.0,0.0,0.0,0.0,0.0,0.0,1.0,1.0,0.0,0,0,0,0,0,0,0,0.0,0.0,0.17689979825151314,0.0
7,800,1,dpga,roi_cls,0.03162180259823799,-0.0,global_ddp_mean,2,0.0,1.424336314201355,1.424336314201355,0.0,0.0,0.0,0.0,0.0,0.0,0.0,0.0,0.0,0.0,0.0,0.0,0.0,1.0,1.0,0.0,0,0,0,0,0,0,0,0.0,0.0,0.17689979825151314,0.0
7,800,1,dpga,roi_reg,0.03162180259823799,-0.0,global_ddp_mean,2,0.0,1.2739166021347046,1.2739166021347046,0.0,0.0,0.0,0.0,0.0,0.0,0.0,0.0,0.0,0.0,0.0,0.0,0.0,1.0,1.0,0.0,0,0,0,0,0,0,0,0.0,0.0,0.17689979825151314,0.0
7,900,1,dpga,backbone,0.3064461052417755,-0.0,global_ddp_mean,2,0.0,37.3161735534668,37.3161735534668,0.0,0.0,0.0,0.0,0.0,0.0,0.0,0.0,0.0,0.0,0.0,0.0,0.0,1.0,1.0,0.0,0,0,0,0,0,0,0,0.0,0.0,0.18026227303295228,0.0
7,900,1,dpga,fpn,0.3064461052417755,-0.0,global_ddp_mean,2,0.0,7.285539627075195,7.285539627075195,0.0,0.0,0.0,0.0,0.0,0.0,0.0,0.0,0.0,0.0,0.0,0.0,0.0,1.0,1.0,0.0,0,0,0,0,0,0,0,0.0,0.0,0.18026227303295228,0.0
7,900,1,dpga,rpn,0.3064461052417755,-0.0,global_ddp_mean,2,0.0,8.347643852233887,8.347643852233887,0.0,0.0,0.0,0.0,0.0,0.0,0.0,0.0,0.0,0.0,0.0,0.0,0.0,1.0,1.0,0.0,0,0,0,0,0,0,0,0.0,0.0,0.18026227303295228,0.0
7,900,1,dpga,roi_shared,0.3064461052417755,-0.0,global_ddp_mean,2,0.0,13.936075210571289,13.936075210571289,0.0,0.0,0.0,0.0,0.0,0.0,0.0,0.0,0.0,0.0,0.0,0.0,0.0,1.0,1.0,0.0,0,0,0,0,0,0,0,0.0,0.0,0.18026227303295228,0.0
7,900,1,dpga,roi_cls,0.3064461052417755,-0.0,global_ddp_mean,2,0.0,14.833690643310547,14.833690643310547,0.0,0.0,0.0,0.0,0.0,0.0,0.0,0.0,0.0,0.0,0.0,0.0,0.0,1.0,1.0,0.0,0,0,0,0,0,0,0,0.0,0.0,0.18026227303295228,0.0
7,900,1,dpga,roi_reg,0.3064461052417755,-0.0,global_ddp_mean,2,0.0,5.586216926574707,5.586216926574707,0.0,0.0,0.0,0.0,0.0,0.0,0.0,0.0,0.0,0.0,0.0,0.0,0.0,1.0,1.0,0.0,0,0,0,0,0,0,0,0.0,0.0,0.18026227303295228,0.0
7,1000,1,dpga,backbone,0.005005230195820332,0.0,global_ddp_mean,2,0.0,8.044891357421875,8.044891357421875,0.0,0.0,0.0,0.0,0.0,0.0,0.0,0.0,0.0,0.0,0.0,0.0,0.0,1.0,1.0,0.0,0,0,0,0,0,0,0,0.0,0.0,0.18362474781439142,0.0
7,1000,1,dpga,fpn,0.005005230195820332,0.0,global_ddp_mean,2,0.0,1.3911257982254028,1.3911257982254028,0.0,0.0,0.0,0.0,0.0,0.0,0.0,0.0,0.0,0.0,0.0,0.0,0.0,1.0,1.0,0.0,0,0,0,0,0,0,0,0.0,0.0,0.18362474781439142,0.0
7,1000,1,dpga,rpn,0.005005230195820332,0.0,global_ddp_mean,2,0.0,2.5091652870178223,2.5091652870178223,0.0,0.0,0.0,0.0,0.0,0.0,0.0,0.0,0.0,0.0,0.0,0.0,0.0,1.0,1.0,0.0,0,0,0,0,0,0,0,0.0,0.0,0.18362474781439142,0.0
7,1000,1,dpga,roi_shared,0.005005230195820332,0.0,global_ddp_mean,2,0.0,2.041910409927368,2.041910409927368,0.0,0.0,0.0,0.0,0.0,0.0,0.0,0.0,0.0,0.0,0.0,0.0,0.0,1.0,1.0,0.0,0,0,0,0,0,0,0,0.0,0.0,0.18362474781439142,0.0
7,1000,1,dpga,roi_cls,0.005005230195820332,0.0,global_ddp_mean,2,0.0,1.3072130680084229,1.3072130680084229,0.0,0.0,0.0,0.0,0.0,0.0,0.0,0.0,0.0,0.0,0.0,0.0,0.0,1.0,1.0,0.0,0,0,0,0,0,0,0,0.0,0.0,0.18362474781439142,0.0
7,1000,1,dpga,roi_reg,0.005005230195820332,0.0,global_ddp_mean,2,0.0,0.6688960194587708,0.6688960194587708,0.0,0.0,0.0,0.0,0.0,0.0,0.0,0.0,0.0,0.0,0.0,0.0,0.0,1.0,1.0,0.0,0,0,0,0,0,0,0,0.0,0.0,0.18362474781439142,0.0
7,1100,1,dpga,backbone,0.22075104713439941,0.0,global_ddp_mean,2,0.0,9.236068725585938,9.236068725585938,0.0,0.0,0.0,0.0,0.0,0.0,0.0,0.0,0.0,0.0,0.0,0.0,0.0,1.0,1.0,0.0,0,0,0,0,0,0,0,0.0,0.0,0.18698722259583056,0.0
7,1100,1,dpga,fpn,0.22075104713439941,0.0,global_ddp_mean,2,0.0,2.0070228576660156,2.0070228576660156,0.0,0.0,0.0,0.0,0.0,0.0,0.0,0.0,0.0,0.0,0.0,0.0,0.0,1.0,1.0,0.0,0,0,0,0,0,0,0,0.0,0.0,0.18698722259583056,0.0
7,1100,1,dpga,rpn,0.22075104713439941,0.0,global_ddp_mean,2,0.0,1.8833109140396118,1.8833109140396118,0.0,0.0,0.0,0.0,0.0,0.0,0.0,0.0,0.0,0.0,0.0,0.0,0.0,1.0,1.0,0.0,0,0,0,0,0,0,0,0.0,0.0,0.18698722259583056,0.0
7,1100,1,dpga,roi_shared,0.22075104713439941,0.0,global_ddp_mean,2,0.0,4.177097320556641,4.177097320556641,0.0,0.0,0.0,0.0,0.0,0.0,0.0,0.0,0.0,0.0,0.0,0.0,0.0,1.0,1.0,0.0,0,0,0,0,0,0,0,0.0,0.0,0.18698722259583056,0.0
7,1100,1,dpga,roi_cls,0.22075104713439941,0.0,global_ddp_mean,2,0.0,3.3426787853240967,3.3426787853240967,0.0,0.0,0.0,0.0,0.0,0.0,0.0,0.0,0.0,0.0,0.0,0.0,0.0,1.0,1.0,0.0,0,0,0,0,0,0,0,0.0,0.0,0.18698722259583056,0.0
7,1100,1,dpga,roi_reg,0.22075104713439941,0.0,global_ddp_mean,2,0.0,1.3532887697219849,1.3532887697219849,0.0,0.0,0.0,0.0,0.0,0.0,0.0,0.0,0.0,0.0,0.0,0.0,0.0,1.0,1.0,0.0,0,0,0,0,0,0,0,0.0,0.0,0.18698722259583056,0.0
7,1200,1,dpga,backbone,0.4063214957714081,0.0,global_ddp_mean,2,0.0,31.150239944458008,31.150239944458008,0.0,0.0,0.0,0.0,0.0,0.0,0.0,0.0,0.0,0.0,0.0,0.0,0.0,1.0,1.0,0.0,0,0,0,0,0,0,0,0.0,0.0,0.1903496973772697,0.0
7,1200,1,dpga,fpn,0.4063214957714081,0.0,global_ddp_mean,2,0.0,8.50277042388916,8.50277042388916,0.0,0.0,0.0,0.0,0.0,0.0,0.0,0.0,0.0,0.0,0.0,0.0,0.0,1.0,1.0,0.0,0,0,0,0,0,0,0,0.0,0.0,0.1903496973772697,0.0
7,1200,1,dpga,rpn,0.4063214957714081,0.0,global_ddp_mean,2,0.0,3.0967204570770264,3.0967204570770264,0.0,0.0,0.0,0.0,0.0,0.0,0.0,0.0,0.0,0.0,0.0,0.0,0.0,1.0,1.0,0.0,0,0,0,0,0,0,0,0.0,0.0,0.1903496973772697,0.0
7,1200,1,dpga,roi_shared,0.4063214957714081,0.0,global_ddp_mean,2,0.0,19.5013427734375,19.5013427734375,0.0,0.0,0.0,0.0,0.0,0.0,0.0,0.0,0.0,0.0,0.0,0.0,0.0,1.0,1.0,0.0,0,0,0,0,0,0,0,0.0,0.0,0.1903496973772697,0.0
7,1200,1,dpga,roi_cls,0.4063214957714081,0.0,global_ddp_mean,2,0.0,17.90163803100586,17.90163803100586,0.0,0.0,0.0,0.0,0.0,0.0,0.0,0.0,0.0,0.0,0.0,0.0,0.0,1.0,1.0,0.0,0,0,0,0,0,0,0,0.0,0.0,0.1903496973772697,0.0
7,1200,1,dpga,roi_reg,0.4063214957714081,0.0,global_ddp_mean,2,0.0,2.1781766414642334,2.1781766414642334,0.0,0.0,0.0,0.0,0.0,0.0,0.0,0.0,0.0,0.0,0.0,0.0,0.0,1.0,1.0,0.0,0,0,0,0,0,0,0,0.0,0.0,0.1903496973772697,0.0
7,1300,1,dpga,backbone,0.8076753616333008,0.0,global_ddp_mean,2,0.0,19.434309005737305,19.434309005737305,0.0,0.0,0.0,0.0,0.0,0.0,0.0,0.0,0.0,0.0,0.0,0.0,0.0,1.0,1.0,0.0,0,0,0,0,0,0,0,0.0,0.0,0.19371217215870884,0.0
7,1300,1,dpga,fpn,0.8076753616333008,0.0,global_ddp_mean,2,0.0,4.9299635887146,4.9299635887146,0.0,0.0,0.0,0.0,0.0,0.0,0.0,0.0,0.0,0.0,0.0,0.0,0.0,1.0,1.0,0.0,0,0,0,0,0,0,0,0.0,0.0,0.19371217215870884,0.0
7,1300,1,dpga,rpn,0.8076753616333008,0.0,global_ddp_mean,2,0.0,6.766738414764404,6.766738414764404,0.0,0.0,0.0,0.0,0.0,0.0,0.0,0.0,0.0,0.0,0.0,0.0,0.0,1.0,1.0,0.0,0,0,0,0,0,0,0,0.0,0.0,0.19371217215870884,0.0
7,1300,1,dpga,roi_shared,0.8076753616333008,0.0,global_ddp_mean,2,0.0,10.782997131347656,10.782997131347656,0.0,0.0,0.0,0.0,0.0,0.0,0.0,0.0,0.0,0.0,0.0,0.0,0.0,1.0,1.0,0.0,0,0,0,0,0,0,0,0.0,0.0,0.19371217215870884,0.0
7,1300,1,dpga,roi_cls,0.8076753616333008,0.0,global_ddp_mean,2,0.0,10.207122802734375,10.207122802734375,0.0,0.0,0.0,0.0,0.0,0.0,0.0,0.0,0.0,0.0,0.0,0.0,0.0,1.0,1.0,0.0,0,0,0,0,0,0,0,0.0,0.0,0.19371217215870884,0.0
7,1300,1,dpga,roi_reg,0.8076753616333008,0.0,global_ddp_mean,2,0.0,5.061564922332764,5.061564922332764,0.0,0.0,0.0,0.0,0.0,0.0,0.0,0.0,0.0,0.0,0.0,0.0,0.0,1.0,1.0,0.0,0,0,0,0,0,0,0,0.0,0.0,0.19371217215870884,0.0
7,1400,1,dpga,backbone,0.14770478010177612,0.0,global_ddp_mean,2,0.0,10.541707992553711,10.541707992553711,0.0,0.0,0.0,0.0,0.0,0.0,0.0,0.0,0.0,0.0,0.0,0.0,0.0,1.0,1.0,0.0,0,0,0,0,0,0,0,0.0,0.0,0.19707464694014798,0.0
7,1400,1,dpga,fpn,0.14770478010177612,0.0,global_ddp_mean,2,0.0,1.3890413045883179,1.3890413045883179,0.0,0.0,0.0,0.0,0.0,0.0,0.0,0.0,0.0,0.0,0.0,0.0,0.0,1.0,1.0,0.0,0,0,0,0,0,0,0,0.0,0.0,0.19707464694014798,0.0
7,1400,1,dpga,rpn,0.14770478010177612,0.0,global_ddp_mean,2,0.0,2.5365712642669678,2.5365712642669678,0.0,0.0,0.0,0.0,0.0,0.0,0.0,0.0,0.0,0.0,0.0,0.0,0.0,1.0,1.0,0.0,0,0,0,0,0,0,0,0.0,0.0,0.19707464694014798,0.0
7,1400,1,dpga,roi_shared,0.14770478010177612,0.0,global_ddp_mean,2,0.0,2.318202495574951,2.318202495574951,0.0,0.0,0.0,0.0,0.0,0.0,0.0,0.0,0.0,0.0,0.0,0.0,0.0,1.0,1.0,0.0,0,0,0,0,0,0,0,0.0,0.0,0.19707464694014798,0.0
7,1400,1,dpga,roi_cls,0.14770478010177612,0.0,global_ddp_mean,2,0.0,2.206963062286377,2.206963062286377,0.0,0.0,0.0,0.0,0.0,0.0,0.0,0.0,0.0,0.0,0.0,0.0,0.0,1.0,1.0,0.0,0,0,0,0,0,0,0,0.0,0.0,0.19707464694014798,0.0
7,1400,1,dpga,roi_reg,0.14770478010177612,0.0,global_ddp_mean,2,0.0,1.1531505584716797,1.1531505584716797,0.0,0.0,0.0,0.0,0.0,0.0,0.0,0.0,0.0,0.0,0.0,0.0,0.0,1.0,1.0,0.0,0,0,0,0,0,0,0,0.0,0.0,0.19707464694014798,0.0
8,0,1,dpga,backbone,0.10671579837799072,-0.0,global_ddp_mean,2,0.0,12.450203895568848,12.450203895568848,0.0,0.0,0.0,0.0,0.0,0.0,0.0,0.0,0.0,0.0,0.0,0.0,0.0,1.0,1.0,0.0,0,0,0,0,0,0,0,0.0,0.0,0.2,0.0
8,0,1,dpga,fpn,0.10671579837799072,-0.0,global_ddp_mean,2,0.0,2.875148057937622,2.875148057937622,0.0,0.0,0.0,0.0,0.0,0.0,0.0,0.0,0.0,0.0,0.0,0.0,0.0,1.0,1.0,0.0,0,0,0,0,0,0,0,0.0,0.0,0.2,0.0
8,0,1,dpga,rpn,0.10671579837799072,-0.0,global_ddp_mean,2,0.0,1.8372541666030884,1.8372541666030884,0.0,0.0,0.0,0.0,0.0,0.0,0.0,0.0,0.0,0.0,0.0,0.0,0.0,1.0,1.0,0.0,0,0,0,0,0,0,0,0.0,0.0,0.2,0.0
8,0,1,dpga,roi_shared,0.10671579837799072,-0.0,global_ddp_mean,2,0.0,6.0651655197143555,6.0651655197143555,0.0,0.0,0.0,0.0,0.0,0.0,0.0,0.0,0.0,0.0,0.0,0.0,0.0,1.0,1.0,0.0,0,0,0,0,0,0,0,0.0,0.0,0.2,0.0
8,0,1,dpga,roi_cls,0.10671579837799072,-0.0,global_ddp_mean,2,0.0,5.813587665557861,5.813587665557861,0.0,0.0,0.0,0.0,0.0,0.0,0.0,0.0,0.0,0.0,0.0,0.0,0.0,1.0,1.0,0.0,0,0,0,0,0,0,0,0.0,0.0,0.2,0.0
8,0,1,dpga,roi_reg,0.10671579837799072,-0.0,global_ddp_mean,2,0.0,1.5313527584075928,1.5313527584075928,0.0,0.0,0.0,0.0,0.0,0.0,0.0,0.0,0.0,0.0,0.0,0.0,0.0,1.0,1.0,0.0,0,0,0,0,0,0,0,0.0,0.0,0.2,0.0
8,100,1,dpga,backbone,0.06977133452892303,-0.0,global_ddp_mean,2,0.0,7.537667274475098,7.537667274475098,0.0,0.0,0.0,0.0,0.0,0.0,0.0,0.0,0.0,0.0,0.0,0.0,0.0,1.0,1.0,0.0,0,0,0,0,0,0,0,0.0,0.0,0.2,0.0
8,100,1,dpga,fpn,0.06977133452892303,-0.0,global_ddp_mean,2,0.0,1.7262306213378906,1.7262306213378906,0.0,0.0,0.0,0.0,0.0,0.0,0.0,0.0,0.0,0.0,0.0,0.0,0.0,1.0,1.0,0.0,0,0,0,0,0,0,0,0.0,0.0,0.2,0.0
8,100,1,dpga,rpn,0.06977133452892303,-0.0,global_ddp_mean,2,0.0,1.4242326021194458,1.4242326021194458,0.0,0.0,0.0,0.0,0.0,0.0,0.0,0.0,0.0,0.0,0.0,0.0,0.0,1.0,1.0,0.0,0,0,0,0,0,0,0,0.0,0.0,0.2,0.0
8,100,1,dpga,roi_shared,0.06977133452892303,-0.0,global_ddp_mean,2,0.0,3.514395236968994,3.514395236968994,0.0,0.0,0.0,0.0,0.0,0.0,0.0,0.0,0.0,0.0,0.0,0.0,0.0,1.0,1.0,0.0,0,0,0,0,0,0,0,0.0,0.0,0.2,0.0
8,100,1,dpga,roi_cls,0.06977133452892303,-0.0,global_ddp_mean,2,0.0,3.221890926361084,3.221890926361084,0.0,0.0,0.0,0.0,0.0,0.0,0.0,0.0,0.0,0.0,0.0,0.0,0.0,1.0,1.0,0.0,0,0,0,0,0,0,0,0.0,0.0,0.2,0.0
8,100,1,dpga,roi_reg,0.06977133452892303,-0.0,global_ddp_mean,2,0.0,0.11513519287109375,0.11513519287109375,0.0,0.0,0.0,0.0,0.0,0.0,0.0,0.0,0.0,0.0,0.0,0.0,0.0,1.0,1.0,0.0,0,0,0,0,0,0,0,0.0,0.0,0.2,0.0
8,200,1,dpga,backbone,0.37707555294036865,-0.0,global_ddp_mean,2,0.0,10.022843360900879,10.022843360900879,0.0,0.0,0.0,0.0,0.0,0.0,0.0,0.0,0.0,0.0,0.0,0.0,0.0,1.0,1.0,0.0,0,0,0,0,0,0,0,0.0,0.0,0.2,0.0
8,200,1,dpga,fpn,0.37707555294036865,-0.0,global_ddp_mean,2,0.0,1.8106228113174438,1.8106228113174438,0.0,0.0,0.0,0.0,0.0,0.0,0.0,0.0,0.0,0.0,0.0,0.0,0.0,1.0,1.0,0.0,0,0,0,0,0,0,0,0.0,0.0,0.2,0.0
8,200,1,dpga,rpn,0.37707555294036865,-0.0,global_ddp_mean,2,0.0,2.342235803604126,2.342235803604126,0.0,0.0,0.0,0.0,0.0,0.0,0.0,0.0,0.0,0.0,0.0,0.0,0.0,1.0,1.0,0.0,0,0,0,0,0,0,0,0.0,0.0,0.2,0.0
8,200,1,dpga,roi_shared,0.37707555294036865,-0.0,global_ddp_mean,2,0.0,3.508979558944702,3.508979558944702,0.0,0.0,0.0,0.0,0.0,0.0,0.0,0.0,0.0,0.0,0.0,0.0,0.0,1.0,1.0,0.0,0,0,0,0,0,0,0,0.0,0.0,0.2,0.0
8,200,1,dpga,roi_cls,0.37707555294036865,-0.0,global_ddp_mean,2,0.0,2.2623817920684814,2.2623817920684814,0.0,0.0,0.0,0.0,0.0,0.0,0.0,0.0,0.0,0.0,0.0,0.0,0.0,1.0,1.0,0.0,0,0,0,0,0,0,0,0.0,0.0,0.2,0.0
8,200,1,dpga,roi_reg,0.37707555294036865,-0.0,global_ddp_mean,2,0.0,2.740891456604004,2.740891456604004,0.0,0.0,0.0,0.0,0.0,0.0,0.0,0.0,0.0,0.0,0.0,0.0,0.0,1.0,1.0,0.0,0,0,0,0,0,0,0,0.0,0.0,0.2,0.0
8,300,1,dpga,backbone,0.255993515253067,-0.0,global_ddp_mean,2,0.0,8.169328689575195,8.169328689575195,0.0,0.0,0.0,0.0,0.0,0.0,0.0,0.0,0.0,0.0,0.0,0.0,0.0,1.0,1.0,0.0,0,0,0,0,0,0,0,0.0,0.0,0.2,0.0
8,300,1,dpga,fpn,0.255993515253067,-0.0,global_ddp_mean,2,0.0,1.4279558658599854,1.4279558658599854,0.0,0.0,0.0,0.0,0.0,0.0,0.0,0.0,0.0,0.0,0.0,0.0,0.0,1.0,1.0,0.0,0,0,0,0,0,0,0,0.0,0.0,0.2,0.0
8,300,1,dpga,rpn,0.255993515253067,-0.0,global_ddp_mean,2,0.0,2.1017353534698486,2.1017353534698486,0.0,0.0,0.0,0.0,0.0,0.0,0.0,0.0,0.0,0.0,0.0,0.0,0.0,1.0,1.0,0.0,0,0,0,0,0,0,0,0.0,0.0,0.2,0.0
8,300,1,dpga,roi_shared,0.255993515253067,-0.0,global_ddp_mean,2,0.0,2.695852518081665,2.695852518081665,0.0,0.0,0.0,0.0,0.0,0.0,0.0,0.0,0.0,0.0,0.0,0.0,0.0,1.0,1.0,0.0,0,0,0,0,0,0,0,0.0,0.0,0.2,0.0
8,300,1,dpga,roi_cls,0.255993515253067,-0.0,global_ddp_mean,2,0.0,1.4579716920852661,1.4579716920852661,0.0,0.0,0.0,0.0,0.0,0.0,0.0,0.0,0.0,0.0,0.0,0.0,0.0,1.0,1.0,0.0,0,0,0,0,0,0,0,0.0,0.0,0.2,0.0
8,300,1,dpga,roi_reg,0.255993515253067,-0.0,global_ddp_mean,2,0.0,2.0450775623321533,2.0450775623321533,0.0,0.0,0.0,0.0,0.0,0.0,0.0,0.0,0.0,0.0,0.0,0.0,0.0,1.0,1.0,0.0,0,0,0,0,0,0,0,0.0,0.0,0.2,0.0
8,400,1,dpga,backbone,0.3833412528038025,0.0,global_ddp_mean,2,0.0,6.941555500030518,6.941555500030518,0.0,0.0,0.0,0.0,0.0,0.0,0.0,0.0,0.0,0.0,0.0,0.0,0.0,1.0,1.0,0.0,0,0,0,0,0,0,0,0.0,0.0,0.2,0.0
8,400,1,dpga,fpn,0.3833412528038025,0.0,global_ddp_mean,2,0.0,1.4134082794189453,1.4134082794189453,0.0,0.0,0.0,0.0,0.0,0.0,0.0,0.0,0.0,0.0,0.0,0.0,0.0,1.0,1.0,0.0,0,0,0,0,0,0,0,0.0,0.0,0.2,0.0
8,400,1,dpga,rpn,0.3833412528038025,0.0,global_ddp_mean,2,0.0,2.240091562271118,2.240091562271118,0.0,0.0,0.0,0.0,0.0,0.0,0.0,0.0,0.0,0.0,0.0,0.0,0.0,1.0,1.0,0.0,0,0,0,0,0,0,0,0.0,0.0,0.2,0.0
8,400,1,dpga,roi_shared,0.3833412528038025,0.0,global_ddp_mean,2,0.0,2.266570806503296,2.266570806503296,0.0,0.0,0.0,0.0,0.0,0.0,0.0,0.0,0.0,0.0,0.0,0.0,0.0,1.0,1.0,0.0,0,0,0,0,0,0,0,0.0,0.0,0.2,0.0
8,400,1,dpga,roi_cls,0.3833412528038025,0.0,global_ddp_mean,2,0.0,1.6212369203567505,1.6212369203567505,0.0,0.0,0.0,0.0,0.0,0.0,0.0,0.0,0.0,0.0,0.0,0.0,0.0,1.0,1.0,0.0,0,0,0,0,0,0,0,0.0,0.0,0.2,0.0
8,400,1,dpga,roi_reg,0.3833412528038025,0.0,global_ddp_mean,2,0.0,1.0455960035324097,1.0455960035324097,0.0,0.0,0.0,0.0,0.0,0.0,0.0,0.0,0.0,0.0,0.0,0.0,0.0,1.0,1.0,0.0,0,0,0,0,0,0,0,0.0,0.0,0.2,0.0
8,500,1,dpga,backbone,0.11761297285556793,-0.0,global_ddp_mean,2,0.0,8.550457000732422,8.550457000732422,0.0,0.0,0.0,0.0,0.0,0.0,0.0,0.0,0.0,0.0,0.0,0.0,0.0,1.0,1.0,0.0,0,0,0,0,0,0,0,0.0,0.0,0.2,0.0
8,500,1,dpga,fpn,0.11761297285556793,-0.0,global_ddp_mean,2,0.0,1.4923217296600342,1.4923217296600342,0.0,0.0,0.0,0.0,0.0,0.0,0.0,0.0,0.0,0.0,0.0,0.0,0.0,1.0,1.0,0.0,0,0,0,0,0,0,0,0.0,0.0,0.2,0.0
8,500,1,dpga,rpn,0.11761297285556793,-0.0,global_ddp_mean,2,0.0,2.8060810565948486,2.8060810565948486,0.0,0.0,0.0,0.0,0.0,0.0,0.0,0.0,0.0,0.0,0.0,0.0,0.0,1.0,1.0,0.0,0,0,0,0,0,0,0,0.0,0.0,0.2,0.0
8,500,1,dpga,roi_shared,0.11761297285556793,-0.0,global_ddp_mean,2,0.0,3.8262927532196045,3.8262927532196045,0.0,0.0,0.0,0.0,0.0,0.0,0.0,0.0,0.0,0.0,0.0,0.0,0.0,1.0,1.0,0.0,0,0,0,0,0,0,0,0.0,0.0,0.2,0.0
8,500,1,dpga,roi_cls,0.11761297285556793,-0.0,global_ddp_mean,2,0.0,3.7498693466186523,3.7498693466186523,0.0,0.0,0.0,0.0,0.0,0.0,0.0,0.0,0.0,0.0,0.0,0.0,0.0,1.0,1.0,0.0,0,0,0,0,0,0,0,0.0,0.0,0.2,0.0
8,500,1,dpga,roi_reg,0.11761297285556793,-0.0,global_ddp_mean,2,0.0,1.7154227495193481,1.7154227495193481,0.0,0.0,0.0,0.0,0.0,0.0,0.0,0.0,0.0,0.0,0.0,0.0,0.0,1.0,1.0,0.0,0,0,0,0,0,0,0,0.0,0.0,0.2,0.0
8,600,1,dpga,backbone,0.006565661169588566,0.0,global_ddp_mean,2,0.0,6.246128082275391,6.246128082275391,0.0,0.0,0.0,0.0,0.0,0.0,0.0,0.0,0.0,0.0,0.0,0.0,0.0,1.0,1.0,0.0,0,0,0,0,0,0,0,0.0,0.0,0.2,0.0
8,600,1,dpga,fpn,0.006565661169588566,0.0,global_ddp_mean,2,0.0,0.9777950644493103,0.9777950644493103,0.0,0.0,0.0,0.0,0.0,0.0,0.0,0.0,0.0,0.0,0.0,0.0,0.0,1.0,1.0,0.0,0,0,0,0,0,0,0,0.0,0.0,0.2,0.0
8,600,1,dpga,rpn,0.006565661169588566,0.0,global_ddp_mean,2,0.0,0.7810160517692566,0.7810160517692566,0.0,0.0,0.0,0.0,0.0,0.0,0.0,0.0,0.0,0.0,0.0,0.0,0.0,1.0,1.0,0.0,0,0,0,0,0,0,0,0.0,0.0,0.2,0.0
8,600,1,dpga,roi_shared,0.006565661169588566,0.0,global_ddp_mean,2,0.0,1.888041615486145,1.888041615486145,0.0,0.0,0.0,0.0,0.0,0.0,0.0,0.0,0.0,0.0,0.0,0.0,0.0,1.0,1.0,0.0,0,0,0,0,0,0,0,0.0,0.0,0.2,0.0
8,600,1,dpga,roi_cls,0.006565661169588566,0.0,global_ddp_mean,2,0.0,1.9988247156143188,1.9988247156143188,0.0,0.0,0.0,0.0,0.0,0.0,0.0,0.0,0.0,0.0,0.0,0.0,0.0,1.0,1.0,0.0,0,0,0,0,0,0,0,0.0,0.0,0.2,0.0
8,600,1,dpga,roi_reg,0.006565661169588566,0.0,global_ddp_mean,2,0.0,0.015040199272334576,0.015040199272334576,0.0,0.0,0.0,0.0,0.0,0.0,0.0,0.0,0.0,0.0,0.0,0.0,0.0,1.0,1.0,0.0,0,0,0,0,0,0,0,0.0,0.0,0.2,0.0
8,700,1,dpga,backbone,0.06584949046373367,-0.0,global_ddp_mean,2,0.0,8.909231185913086,8.909231185913086,0.0,0.0,0.0,0.0,0.0,0.0,0.0,0.0,0.0,0.0,0.0,0.0,0.0,1.0,1.0,0.0,0,0,0,0,0,0,0,0.0,0.0,0.2,0.0
8,700,1,dpga,fpn,0.06584949046373367,-0.0,global_ddp_mean,2,0.0,1.588745355606079,1.588745355606079,0.0,0.0,0.0,0.0,0.0,0.0,0.0,0.0,0.0,0.0,0.0,0.0,0.0,1.0,1.0,0.0,0,0,0,0,0,0,0,0.0,0.0,0.2,0.0
8,700,1,dpga,rpn,0.06584949046373367,-0.0,global_ddp_mean,2,0.0,0.760746419429779,0.760746419429779,0.0,0.0,0.0,0.0,0.0,0.0,0.0,0.0,0.0,0.0,0.0,0.0,0.0,1.0,1.0,0.0,0,0,0,0,0,0,0,0.0,0.0,0.2,0.0
8,700,1,dpga,roi_shared,0.06584949046373367,-0.0,global_ddp_mean,2,0.0,3.33986496925354,3.33986496925354,0.0,0.0,0.0,0.0,0.0,0.0,0.0,0.0,0.0,0.0,0.0,0.0,0.0,1.0,1.0,0.0,0,0,0,0,0,0,0,0.0,0.0,0.2,0.0
8,700,1,dpga,roi_cls,0.06584949046373367,-0.0,global_ddp_mean,2,0.0,2.911923408508301,2.911923408508301,0.0,0.0,0.0,0.0,0.0,0.0,0.0,0.0,0.0,0.0,0.0,0.0,0.0,1.0,1.0,0.0,0,0,0,0,0,0,0,0.0,0.0,0.2,0.0
8,700,1,dpga,roi_reg,0.06584949046373367,-0.0,global_ddp_mean,2,0.0,0.40652376413345337,0.40652376413345337,0.0,0.0,0.0,0.0,0.0,0.0,0.0,0.0,0.0,0.0,0.0,0.0,0.0,1.0,1.0,0.0,0,0,0,0,0,0,0,0.0,0.0,0.2,0.0
8,800,1,dpga,backbone,0.16299623250961304,0.0,global_ddp_mean,2,0.0,5.765177249908447,5.765177249908447,0.0,0.0,0.0,0.0,0.0,0.0,0.0,0.0,0.0,0.0,0.0,0.0,0.0,1.0,1.0,0.0,0,0,0,0,0,0,0,0.0,0.0,0.2,0.0
8,800,1,dpga,fpn,0.16299623250961304,0.0,global_ddp_mean,2,0.0,1.1037966012954712,1.1037966012954712,0.0,0.0,0.0,0.0,0.0,0.0,0.0,0.0,0.0,0.0,0.0,0.0,0.0,1.0,1.0,0.0,0,0,0,0,0,0,0,0.0,0.0,0.2,0.0
8,800,1,dpga,rpn,0.16299623250961304,0.0,global_ddp_mean,2,0.0,1.4405807256698608,1.4405807256698608,0.0,0.0,0.0,0.0,0.0,0.0,0.0,0.0,0.0,0.0,0.0,0.0,0.0,1.0,1.0,0.0,0,0,0,0,0,0,0,0.0,0.0,0.2,0.0
8,800,1,dpga,roi_shared,0.16299623250961304,0.0,global_ddp_mean,2,0.0,2.105797052383423,2.105797052383423,0.0,0.0,0.0,0.0,0.0,0.0,0.0,0.0,0.0,0.0,0.0,0.0,0.0,1.0,1.0,0.0,0,0,0,0,0,0,0,0.0,0.0,0.2,0.0
8,800,1,dpga,roi_cls,0.16299623250961304,0.0,global_ddp_mean,2,0.0,1.6961255073547363,1.6961255073547363,0.0,0.0,0.0,0.0,0.0,0.0,0.0,0.0,0.0,0.0,0.0,0.0,0.0,1.0,1.0,0.0,0,0,0,0,0,0,0,0.0,0.0,0.2,0.0
8,800,1,dpga,roi_reg,0.16299623250961304,0.0,global_ddp_mean,2,0.0,1.0506898164749146,1.0506898164749146,0.0,0.0,0.0,0.0,0.0,0.0,0.0,0.0,0.0,0.0,0.0,0.0,0.0,1.0,1.0,0.0,0,0,0,0,0,0,0,0.0,0.0,0.2,0.0
8,900,1,dpga,backbone,1.1033746004104614,-0.0,global_ddp_mean,2,0.0,46.85129165649414,46.85129165649414,0.0,0.0,0.0,0.0,0.0,0.0,0.0,0.0,0.0,0.0,0.0,0.0,0.0,1.0,1.0,0.0,0,0,0,0,0,0,0,0.0,0.0,0.2,0.0
8,900,1,dpga,fpn,1.1033746004104614,-0.0,global_ddp_mean,2,0.0,8.710906028747559,8.710906028747559,0.0,0.0,0.0,0.0,0.0,0.0,0.0,0.0,0.0,0.0,0.0,0.0,0.0,1.0,1.0,0.0,0,0,0,0,0,0,0,0.0,0.0,0.2,0.0
8,900,1,dpga,rpn,1.1033746004104614,-0.0,global_ddp_mean,2,0.0,1.2373117208480835,1.2373117208480835,0.0,0.0,0.0,0.0,0.0,0.0,0.0,0.0,0.0,0.0,0.0,0.0,0.0,1.0,1.0,0.0,0,0,0,0,0,0,0,0.0,0.0,0.2,0.0
8,900,1,dpga,roi_shared,1.1033746004104614,-0.0,global_ddp_mean,2,0.0,20.556535720825195,20.556535720825195,0.0,0.0,0.0,0.0,0.0,0.0,0.0,0.0,0.0,0.0,0.0,0.0,0.0,1.0,1.0,0.0,0,0,0,0,0,0,0,0.0,0.0,0.2,0.0
8,900,1,dpga,roi_cls,1.1033746004104614,-0.0,global_ddp_mean,2,0.0,18.334074020385742,18.334074020385742,0.0,0.0,0.0,0.0,0.0,0.0,0.0,0.0,0.0,0.0,0.0,0.0,0.0,1.0,1.0,0.0,0,0,0,0,0,0,0,0.0,0.0,0.2,0.0
8,900,1,dpga,roi_reg,1.1033746004104614,-0.0,global_ddp_mean,2,0.0,12.303485870361328,12.303485870361328,0.0,0.0,0.0,0.0,0.0,0.0,0.0,0.0,0.0,0.0,0.0,0.0,0.0,1.0,1.0,0.0,0,0,0,0,0,0,0,0.0,0.0,0.2,0.0
8,1000,1,dpga,backbone,0.21919173002243042,0.0,global_ddp_mean,2,0.0,34.995094299316406,34.995094299316406,0.0,0.0,0.0,0.0,0.0,0.0,0.0,0.0,0.0,0.0,0.0,0.0,0.0,1.0,1.0,0.0,0,0,0,0,0,0,0,0.0,0.0,0.2,0.0
8,1000,1,dpga,fpn,0.21919173002243042,0.0,global_ddp_mean,2,0.0,3.552124500274658,3.552124500274658,0.0,0.0,0.0,0.0,0.0,0.0,0.0,0.0,0.0,0.0,0.0,0.0,0.0,1.0,1.0,0.0,0,0,0,0,0,0,0,0.0,0.0,0.2,0.0
8,1000,1,dpga,rpn,0.21919173002243042,0.0,global_ddp_mean,2,0.0,5.067322254180908,5.067322254180908,0.0,0.0,0.0,0.0,0.0,0.0,0.0,0.0,0.0,0.0,0.0,0.0,0.0,1.0,1.0,0.0,0,0,0,0,0,0,0,0.0,0.0,0.2,0.0
8,1000,1,dpga,roi_shared,0.21919173002243042,0.0,global_ddp_mean,2,0.0,7.132224082946777,7.132224082946777,0.0,0.0,0.0,0.0,0.0,0.0,0.0,0.0,0.0,0.0,0.0,0.0,0.0,1.0,1.0,0.0,0,0,0,0,0,0,0,0.0,0.0,0.2,0.0
8,1000,1,dpga,roi_cls,0.21919173002243042,0.0,global_ddp_mean,2,0.0,7.76447868347168,7.76447868347168,0.0,0.0,0.0,0.0,0.0,0.0,0.0,0.0,0.0,0.0,0.0,0.0,0.0,1.0,1.0,0.0,0,0,0,0,0,0,0,0.0,0.0,0.2,0.0
8,1000,1,dpga,roi_reg,0.21919173002243042,0.0,global_ddp_mean,2,0.0,2.3470168113708496,2.3470168113708496,0.0,0.0,0.0,0.0,0.0,0.0,0.0,0.0,0.0,0.0,0.0,0.0,0.0,1.0,1.0,0.0,0,0,0,0,0,0,0,0.0,0.0,0.2,0.0
8,1100,1,dpga,backbone,0.20399945974349976,0.0,global_ddp_mean,2,0.0,6.997178554534912,6.997178554534912,0.0,0.0,0.0,0.0,0.0,0.0,0.0,0.0,0.0,0.0,0.0,0.0,0.0,1.0,1.0,0.0,0,0,0,0,0,0,0,0.0,0.0,0.2,0.0
8,1100,1,dpga,fpn,0.20399945974349976,0.0,global_ddp_mean,2,0.0,1.0603982210159302,1.0603982210159302,0.0,0.0,0.0,0.0,0.0,0.0,0.0,0.0,0.0,0.0,0.0,0.0,0.0,1.0,1.0,0.0,0,0,0,0,0,0,0,0.0,0.0,0.2,0.0
8,1100,1,dpga,rpn,0.20399945974349976,0.0,global_ddp_mean,2,0.0,1.1528884172439575,1.1528884172439575,0.0,0.0,0.0,0.0,0.0,0.0,0.0,0.0,0.0,0.0,0.0,0.0,0.0,1.0,1.0,0.0,0,0,0,0,0,0,0,0.0,0.0,0.2,0.0
8,1100,1,dpga,roi_shared,0.20399945974349976,0.0,global_ddp_mean,2,0.0,2.3108019828796387,2.3108019828796387,0.0,0.0,0.0,0.0,0.0,0.0,0.0,0.0,0.0,0.0,0.0,0.0,0.0,1.0,1.0,0.0,0,0,0,0,0,0,0,0.0,0.0,0.2,0.0
8,1100,1,dpga,roi_cls,0.20399945974349976,0.0,global_ddp_mean,2,0.0,1.3207658529281616,1.3207658529281616,0.0,0.0,0.0,0.0,0.0,0.0,0.0,0.0,0.0,0.0,0.0,0.0,0.0,1.0,1.0,0.0,0,0,0,0,0,0,0,0.0,0.0,0.2,0.0
8,1100,1,dpga,roi_reg,0.20399945974349976,0.0,global_ddp_mean,2,0.0,1.8373268842697144,1.8373268842697144,0.0,0.0,0.0,0.0,0.0,0.0,0.0,0.0,0.0,0.0,0.0,0.0,0.0,1.0,1.0,0.0,0,0,0,0,0,0,0,0.0,0.0,0.2,0.0
8,1200,1,dpga,backbone,0.12883326411247253,0.0,global_ddp_mean,2,0.0,5.61440896987915,5.61440896987915,0.0,0.0,0.0,0.0,0.0,0.0,0.0,0.0,0.0,0.0,0.0,0.0,0.0,1.0,1.0,0.0,0,0,0,0,0,0,0,0.0,0.0,0.2,0.0
8,1200,1,dpga,fpn,0.12883326411247253,0.0,global_ddp_mean,2,0.0,1.8245598077774048,1.8245598077774048,0.0,0.0,0.0,0.0,0.0,0.0,0.0,0.0,0.0,0.0,0.0,0.0,0.0,1.0,1.0,0.0,0,0,0,0,0,0,0,0.0,0.0,0.2,0.0
8,1200,1,dpga,rpn,0.12883326411247253,0.0,global_ddp_mean,2,0.0,1.582779884338379,1.582779884338379,0.0,0.0,0.0,0.0,0.0,0.0,0.0,0.0,0.0,0.0,0.0,0.0,0.0,1.0,1.0,0.0,0,0,0,0,0,0,0,0.0,0.0,0.2,0.0
8,1200,1,dpga,roi_shared,0.12883326411247253,0.0,global_ddp_mean,2,0.0,4.189525604248047,4.189525604248047,0.0,0.0,0.0,0.0,0.0,0.0,0.0,0.0,0.0,0.0,0.0,0.0,0.0,1.0,1.0,0.0,0,0,0,0,0,0,0,0.0,0.0,0.2,0.0
8,1200,1,dpga,roi_cls,0.12883326411247253,0.0,global_ddp_mean,2,0.0,2.5255367755889893,2.5255367755889893,0.0,0.0,0.0,0.0,0.0,0.0,0.0,0.0,0.0,0.0,0.0,0.0,0.0,1.0,1.0,0.0,0,0,0,0,0,0,0,0.0,0.0,0.2,0.0
8,1200,1,dpga,roi_reg,0.12883326411247253,0.0,global_ddp_mean,2,0.0,2.231729745864868,2.231729745864868,0.0,0.0,0.0,0.0,0.0,0.0,0.0,0.0,0.0,0.0,0.0,0.0,0.0,1.0,1.0,0.0,0,0,0,0,0,0,0,0.0,0.0,0.2,0.0
8,1300,1,dpga,backbone,0.0027653854340314865,0.0,global_ddp_mean,2,0.0,5.954699516296387,5.954699516296387,0.0,0.0,0.0,0.0,0.0,0.0,0.0,0.0,0.0,0.0,0.0,0.0,0.0,1.0,1.0,0.0,0,0,0,0,0,0,0,0.0,0.0,0.2,0.0
8,1300,1,dpga,fpn,0.0027653854340314865,0.0,global_ddp_mean,2,0.0,1.0073516368865967,1.0073516368865967,0.0,0.0,0.0,0.0,0.0,0.0,0.0,0.0,0.0,0.0,0.0,0.0,0.0,1.0,1.0,0.0,0,0,0,0,0,0,0,0.0,0.0,0.2,0.0
8,1300,1,dpga,rpn,0.0027653854340314865,0.0,global_ddp_mean,2,0.0,1.4154349565505981,1.4154349565505981,0.0,0.0,0.0,0.0,0.0,0.0,0.0,0.0,0.0,0.0,0.0,0.0,0.0,1.0,1.0,0.0,0,0,0,0,0,0,0,0.0,0.0,0.2,0.0
8,1300,1,dpga,roi_shared,0.0027653854340314865,0.0,global_ddp_mean,2,0.0,1.8805888891220093,1.8805888891220093,0.0,0.0,0.0,0.0,0.0,0.0,0.0,0.0,0.0,0.0,0.0,0.0,0.0,1.0,1.0,0.0,0,0,0,0,0,0,0,0.0,0.0,0.2,0.0
8,1300,1,dpga,roi_cls,0.0027653854340314865,0.0,global_ddp_mean,2,0.0,1.1688523292541504,1.1688523292541504,0.0,0.0,0.0,0.0,0.0,0.0,0.0,0.0,0.0,0.0,0.0,0.0,0.0,1.0,1.0,0.0,0,0,0,0,0,0,0,0.0,0.0,0.2,0.0
8,1300,1,dpga,roi_reg,0.0027653854340314865,0.0,global_ddp_mean,2,0.0,1.4552675485610962,1.4552675485610962,0.0,0.0,0.0,0.0,0.0,0.0,0.0,0.0,0.0,0.0,0.0,0.0,0.0,1.0,1.0,0.0,0,0,0,0,0,0,0,0.0,0.0,0.2,0.0
8,1400,1,dpga,backbone,0.20373204350471497,0.0,global_ddp_mean,2,0.0,5.264458656311035,5.264458656311035,0.0,0.0,0.0,0.0,0.0,0.0,0.0,0.0,0.0,0.0,0.0,0.0,0.0,1.0,1.0,0.0,0,0,0,0,0,0,0,0.0,0.0,0.2,0.0
8,1400,1,dpga,fpn,0.20373204350471497,0.0,global_ddp_mean,2,0.0,1.1478335857391357,1.1478335857391357,0.0,0.0,0.0,0.0,0.0,0.0,0.0,0.0,0.0,0.0,0.0,0.0,0.0,1.0,1.0,0.0,0,0,0,0,0,0,0,0.0,0.0,0.2,0.0
8,1400,1,dpga,rpn,0.20373204350471497,0.0,global_ddp_mean,2,0.0,0.8890570998191833,0.8890570998191833,0.0,0.0,0.0,0.0,0.0,0.0,0.0,0.0,0.0,0.0,0.0,0.0,0.0,1.0,1.0,0.0,0,0,0,0,0,0,0,0.0,0.0,0.2,0.0
8,1400,1,dpga,roi_shared,0.20373204350471497,0.0,global_ddp_mean,2,0.0,2.096714496612549,2.096714496612549,0.0,0.0,0.0,0.0,0.0,0.0,0.0,0.0,0.0,0.0,0.0,0.0,0.0,1.0,1.0,0.0,0,0,0,0,0,0,0,0.0,0.0,0.2,0.0
8,1400,1,dpga,roi_cls,0.20373204350471497,0.0,global_ddp_mean,2,0.0,1.1087993383407593,1.1087993383407593,0.0,0.0,0.0,0.0,0.0,0.0,0.0,0.0,0.0,0.0,0.0,0.0,0.0,1.0,1.0,0.0,0,0,0,0,0,0,0,0.0,0.0,0.2,0.0
8,1400,1,dpga,roi_reg,0.20373204350471497,0.0,global_ddp_mean,2,0.0,1.4548845291137695,1.4548845291137695,0.0,0.0,0.0,0.0,0.0,0.0,0.0,0.0,0.0,0.0,0.0,0.0,0.0,1.0,1.0,0.0,0,0,0,0,0,0,0,0.0,0.0,0.2,0.0
9,0,1,dpga,backbone,0.0050329104997217655,0.0,global_ddp_mean,2,0.0,2.7095158100128174,2.7095158100128174,0.0,0.0,0.0,0.0,0.0,0.0,0.0,0.0,0.0,0.0,0.0,0.0,0.0,1.0,1.0,0.0,0,0,0,0,0,0,0,0.0,0.0,0.2,0.0
9,0,1,dpga,fpn,0.0050329104997217655,0.0,global_ddp_mean,2,0.0,0.37184375524520874,0.37184375524520874,0.0,0.0,0.0,0.0,0.0,0.0,0.0,0.0,0.0,0.0,0.0,0.0,0.0,1.0,1.0,0.0,0,0,0,0,0,0,0,0.0,0.0,0.2,0.0
9,0,1,dpga,rpn,0.0050329104997217655,0.0,global_ddp_mean,2,0.0,0.6502282023429871,0.6502282023429871,0.0,0.0,0.0,0.0,0.0,0.0,0.0,0.0,0.0,0.0,0.0,0.0,0.0,1.0,1.0,0.0,0,0,0,0,0,0,0,0.0,0.0,0.2,0.0
9,0,1,dpga,roi_shared,0.0050329104997217655,0.0,global_ddp_mean,2,0.0,0.5926120281219482,0.5926120281219482,0.0,0.0,0.0,0.0,0.0,0.0,0.0,0.0,0.0,0.0,0.0,0.0,0.0,1.0,1.0,0.0,0,0,0,0,0,0,0,0.0,0.0,0.2,0.0
9,0,1,dpga,roi_cls,0.0050329104997217655,0.0,global_ddp_mean,2,0.0,0.5519278645515442,0.5519278645515442,0.0,0.0,0.0,0.0,0.0,0.0,0.0,0.0,0.0,0.0,0.0,0.0,0.0,1.0,1.0,0.0,0,0,0,0,0,0,0,0.0,0.0,0.2,0.0
9,0,1,dpga,roi_reg,0.0050329104997217655,0.0,global_ddp_mean,2,0.0,0.05670810863375664,0.05670810863375664,0.0,0.0,0.0,0.0,0.0,0.0,0.0,0.0,0.0,0.0,0.0,0.0,0.0,1.0,1.0,0.0,0,0,0,0,0,0,0,0.0,0.0,0.2,0.0
9,100,1,dpga,backbone,0.07605459541082382,-0.0,global_ddp_mean,2,0.0,6.3283586502075195,6.3283586502075195,0.0,0.0,0.0,0.0,0.0,0.0,0.0,0.0,0.0,0.0,0.0,0.0,0.0,1.0,1.0,0.0,0,0,0,0,0,0,0,0.0,0.0,0.2,0.0
9,100,1,dpga,fpn,0.07605459541082382,-0.0,global_ddp_mean,2,0.0,0.9278890490531921,0.9278890490531921,0.0,0.0,0.0,0.0,0.0,0.0,0.0,0.0,0.0,0.0,0.0,0.0,0.0,1.0,1.0,0.0,0,0,0,0,0,0,0,0.0,0.0,0.2,0.0
9,100,1,dpga,rpn,0.07605459541082382,-0.0,global_ddp_mean,2,0.0,0.7655974626541138,0.7655974626541138,0.0,0.0,0.0,0.0,0.0,0.0,0.0,0.0,0.0,0.0,0.0,0.0,0.0,1.0,1.0,0.0,0,0,0,0,0,0,0,0.0,0.0,0.2,0.0
9,100,1,dpga,roi_shared,0.07605459541082382,-0.0,global_ddp_mean,2,0.0,1.6167654991149902,1.6167654991149902,0.0,0.0,0.0,0.0,0.0,0.0,0.0,0.0,0.0,0.0,0.0,0.0,0.0,1.0,1.0,0.0,0,0,0,0,0,0,0,0.0,0.0,0.2,0.0
9,100,1,dpga,roi_cls,0.07605459541082382,-0.0,global_ddp_mean,2,0.0,1.2528207302093506,1.2528207302093506,0.0,0.0,0.0,0.0,0.0,0.0,0.0,0.0,0.0,0.0,0.0,0.0,0.0,1.0,1.0,0.0,0,0,0,0,0,0,0,0.0,0.0,0.2,0.0
9,100,1,dpga,roi_reg,0.07605459541082382,-0.0,global_ddp_mean,2,0.0,0.454060435295105,0.454060435295105,0.0,0.0,0.0,0.0,0.0,0.0,0.0,0.0,0.0,0.0,0.0,0.0,0.0,1.0,1.0,0.0,0,0,0,0,0,0,0,0.0,0.0,0.2,0.0
9,200,1,dpga,backbone,0.17564208805561066,-0.0,global_ddp_mean,2,0.0,14.365013122558594,14.365013122558594,0.0,0.0,0.0,0.0,0.0,0.0,0.0,0.0,0.0,0.0,0.0,0.0,0.0,1.0,1.0,0.0,0,0,0,0,0,0,0,0.0,0.0,0.2,0.0
9,200,1,dpga,fpn,0.17564208805561066,-0.0,global_ddp_mean,2,0.0,2.2324304580688477,2.2324304580688477,0.0,0.0,0.0,0.0,0.0,0.0,0.0,0.0,0.0,0.0,0.0,0.0,0.0,1.0,1.0,0.0,0,0,0,0,0,0,0,0.0,0.0,0.2,0.0
9,200,1,dpga,rpn,0.17564208805561066,-0.0,global_ddp_mean,2,0.0,4.7288818359375,4.7288818359375,0.0,0.0,0.0,0.0,0.0,0.0,0.0,0.0,0.0,0.0,0.0,0.0,0.0,1.0,1.0,0.0,0,0,0,0,0,0,0,0.0,0.0,0.2,0.0
9,200,1,dpga,roi_shared,0.17564208805561066,-0.0,global_ddp_mean,2,0.0,1.7309054136276245,1.7309054136276245,0.0,0.0,0.0,0.0,0.0,0.0,0.0,0.0,0.0,0.0,0.0,0.0,0.0,1.0,1.0,0.0,0,0,0,0,0,0,0,0.0,0.0,0.2,0.0
9,200,1,dpga,roi_cls,0.17564208805561066,-0.0,global_ddp_mean,2,0.0,1.1133400201797485,1.1133400201797485,0.0,0.0,0.0,0.0,0.0,0.0,0.0,0.0,0.0,0.0,0.0,0.0,0.0,1.0,1.0,0.0,0,0,0,0,0,0,0,0.0,0.0,0.2,0.0
9,200,1,dpga,roi_reg,0.17564208805561066,-0.0,global_ddp_mean,2,0.0,1.0041472911834717,1.0041472911834717,0.0,0.0,0.0,0.0,0.0,0.0,0.0,0.0,0.0,0.0,0.0,0.0,0.0,1.0,1.0,0.0,0,0,0,0,0,0,0,0.0,0.0,0.2,0.0
9,300,1,dpga,backbone,0.0251663476228714,0.0,global_ddp_mean,2,0.4961509704589844,20.96222686767578,20.96222686767578,3.821824073791504,3.821824073791504,3.821824073791504,2.0962228775024414,0.3868711808207337,2.0962228775024414,0.1823195645155831,0.1823195645155831,0.10000000909897906,0.018455633710237992,0.018455633710237992,0.009156782225832364,0.009156782225832364,1.0091567822258325,0.9998739006466265,0.9099103893121095,0,0,0,0,0,0,1,0.5484874844551086,0.9227815866470337,0.2,0.18455632030963898
9,300,1,dpga,fpn,0.0251663476228714,0.0,global_ddp_mean,2,0.03575115278363228,2.9380223751068115,2.9380223751068115,0.7130688428878784,0.7130688428878784,0.7130688428878784,0.4407033622264862,0.04799879676845564,0.4407033622264862,0.24270368017941146,0.24270368017941146,0.1500000020287335,0.01633711069566332,0.01633711069566332,0.0005840704796632924,0.0005840704796632924,1.0005840704796634,0.9998668869352223,0.9348733704500845,0,0,0,0,0,0,1,0.6180375814437866,0.5445703268051147,0.2,0.10891406983137131
9,300,1,dpga,rpn,0.0251663476228714,0.0,global_ddp_mean,2,0.0,4.710914611816406,4.710914611816406,0.0,0.0,0.0,0.0,0.0,0.0,0.0,0.0,0.0,0.0,0.0,0.0,0.0,1.0,1.0,0.0,0,0,0,0,0,0,0,0.0,0.0,0.2,0.0
9,300,1,dpga,roi_shared,0.0251663476228714,0.0,global_ddp_mean,2,0.12220145761966705,5.470264911651611,5.470264911651611,0.750526487827301,0.750526487827301,0.750526487827301,0.750526487827301,0.09729384605550617,0.750526487827301,0.1372011227881646,0.1372011227881646,0.1372011227881646,0.01778594777892223,0.01778594777892223,0.002173468743731576,0.002173468743731576,1.0021734687437316,0.9998449374718822,1.0090127927924686,0,0,0,0,0,0,0,1.0,0.6481705904006958,0.2,0.12963412702083588
9,300,1,dpga,roi_cls,0.0251663476228714,0.0,global_ddp_mean,2,0.0,3.9221487045288086,3.9221487045288086,0.0,0.0,0.0,0.0,0.0,0.0,0.0,0.0,0.0,0.0,0.0,0.0,0.0,1.0,1.0,0.0,0,0,0,0,0,0,0,0.0,0.0,0.2,0.0
9,300,1,dpga,roi_reg,0.0251663476228714,0.0,global_ddp_mean,2,0.015704603865742683,3.7271487712860107,3.7271487712860107,1.7437713146209717,1.7437713146209717,1.7437713146209717,0.18635743856430054,0.01936703798613637,0.18635743856430054,0.4678566436776021,0.4678566436776021,0.05,0.005196207389235497,0.005196207389235497,8.160436897349798e-05,8.160436897349798e-05,1.0000816043689735,0.9999865490693987,0.29717637652980183,0,0,0,0,0,0,1,0.10687034577131271,0.5196207165718079,0.2,0.10392414778470993
9,400,1,dpga,backbone,0.3502870798110962,0.0,global_ddp_mean,2,0.14634142816066742,15.118279457092285,15.118279457092285,2.1856329441070557,2.1856329441070557,2.1856329441070557,1.511827826499939,0.20415112472777608,1.511827826499939,0.14456889425216518,0.14456889425216518,0.09999999211489047,0.013503595121864527,0.013503595121864527,0.0019761353954370767,0.0019761353954370767,1.001976135395437,0.9999111141535026,0.7639363116797062,0,0,0,0,0,0,1,0.6917117238044739,0.6751797795295715,0.2,0.13503596186637878
9,400,1,dpga,fpn,0.3502870798110962,0.0,global_ddp_mean,2,-0.0453818142414093,2.655831813812256,2.655831813812256,0.636604905128479,0.636604905128479,0.6359490156173706,0.3983747661113739,0.035337024629573444,0.3983747661113739,0.23970076034847942,0.2394537983580035,0.1499999977557071,0.013305445188884036,0.013305445188884036,1.2577190844866976e-10,1.2577190844866976e-10,1.0000000001257718,0.999911493048067,0.762306329363061,1,0,0,0,0,1,1,0.6264256834983826,0.4435148537158966,0.2,0.0887029692530632
9,400,1,dpga,rpn,0.3502870798110962,0.0,global_ddp_mean,2,0.0,4.534193992614746,4.534193992614746,0.0,0.0,0.0,0.0,0.0,0.0,0.0,0.0,0.0,0.0,0.0,0.0,0.0,1.0,1.0,0.0,0,0,0,0,0,0,0,0.0,0.0,0.2,0.0
9,400,1,dpga,roi_shared,0.3502870798110962,0.0,global_ddp_mean,2,-0.009422366507351398,4.836000442504883,4.836000442504883,0.23675324022769928,0.23675324022769928,0.23674273490905762,0.23674273490905762,0.02311670721972625,0.23674273490905762,0.04895641409517101,0.048954241779687054,0.048954241779687054,0.00478012926064841,0.00478012926064841,-5.520657034154707e-12,-5.520657034154707e-12,0.9999999999944793,0.9999886609443585,0.27285158680415916,1,0,0,0,0,1,0,1.0,0.48822420835494995,0.2,0.09764484316110611
9,400,1,dpga,roi_cls,0.3502870798110962,0.0,global_ddp_mean,2,0.0,4.0200700759887695,4.0200700759887695,0.0,0.0,0.0,0.0,0.0,0.0,0.0,0.0,0.0,0.0,0.0,0.0,0.0,1.0,1.0,0.0,0,0,0,0,0,0,0,0.0,0.0,0.2,0.0
9,400,1,dpga,roi_reg,0.3502870798110962,0.0,global_ddp_mean,2,-0.15459400415420532,3.335313558578491,3.335313558578491,0.435246080160141,0.435246080160141,0.43001359701156616,0.16676566004753113,0.010534152021739018,0.16676566004753113,0.13049630042749044,0.12892748746382865,0.049999994638766906,0.0031583693217223834,0.0031583693217223834,-3.350145649480266e-11,-3.350145649480266e-11,0.9999999999664985,0.9999949961739814,0.18125454768189375,1,0,0,0,0,1,1,0.38781487941741943,0.31583696603775024,0.2,0.06316739320755005
9,500,1,dpga,backbone,0.4906198978424072,0.0,global_ddp_mean,2,0.0,11.488863945007324,11.488863945007324,0.0,0.0,0.0,0.0,0.0,0.0,0.0,0.0,0.0,0.0,0.0,0.0,0.0,1.0,1.0,0.0,0,0,0,0,0,0,0,0.0,0.0,0.2,0.0
9,500,1,dpga,fpn,0.4906198978424072,0.0,global_ddp_mean,2,0.0,2.712505578994751,2.712505578994751,0.0,0.0,0.0,0.0,0.0,0.0,0.0,0.0,0.0,0.0,0.0,0.0,0.0,1.0,1.0,0.0,0,0,0,0,0,0,0,0.0,0.0,0.2,0.0
9,500,1,dpga,rpn,0.4906198978424072,0.0,global_ddp_mean,2,0.0,3.7490179538726807,3.7490179538726807,0.0,0.0,0.0,0.0,0.0,0.0,0.0,0.0,0.0,0.0,0.0,0.0,0.0,1.0,1.0,0.0,0,0,0,0,0,0,0,0.0,0.0,0.2,0.0
9,500,1,dpga,roi_shared,0.4906198978424072,0.0,global_ddp_mean,2,0.0,5.5761542320251465,5.5761542320251465,0.0,0.0,0.0,0.0,0.0,0.0,0.0,0.0,0.0,0.0,0.0,0.0,0.0,1.0,1.0,0.0,0,0,0,0,0,0,0,0.0,0.0,0.2,0.0
9,500,1,dpga,roi_cls,0.4906198978424072,0.0,global_ddp_mean,2,0.0,4.5970869064331055,4.5970869064331055,0.0,0.0,0.0,0.0,0.0,0.0,0.0,0.0,0.0,0.0,0.0,0.0,0.0,1.0,1.0,0.0,0,0,0,0,0,0,0,0.0,0.0,0.2,0.0
9,500,1,dpga,roi_reg,0.4906198978424072,0.0,global_ddp_mean,2,0.0,1.596979022026062,1.596979022026062,0.0,0.0,0.0,0.0,0.0,0.0,0.0,0.0,0.0,0.0,0.0,0.0,0.0,1.0,1.0,0.0,0,0,0,0,0,0,0,0.0,0.0,0.2,0.0
9,600,1,dpga,backbone,0.5493676662445068,0.0,global_ddp_mean,2,0.0,19.71481704711914,19.71481704711914,0.0,0.0,0.0,0.0,0.0,0.0,0.0,0.0,0.0,0.0,0.0,0.0,0.0,1.0,1.0,0.0,0,0,0,0,0,0,0,0.0,0.0,0.2,0.0
9,600,1,dpga,fpn,0.5493676662445068,0.0,global_ddp_mean,2,0.0,2.4890267848968506,2.4890267848968506,0.0,0.0,0.0,0.0,0.0,0.0,0.0,0.0,0.0,0.0,0.0,0.0,0.0,1.0,1.0,0.0,0,0,0,0,0,0,0,0.0,0.0,0.2,0.0
9,600,1,dpga,rpn,0.5493676662445068,0.0,global_ddp_mean,2,0.0,2.785637378692627,2.785637378692627,0.0,0.0,0.0,0.0,0.0,0.0,0.0,0.0,0.0,0.0,0.0,0.0,0.0,1.0,1.0,0.0,0,0,0,0,0,0,0,0.0,0.0,0.2,0.0
9,600,1,dpga,roi_shared,0.5493676662445068,0.0,global_ddp_mean,2,0.0,5.635891437530518,5.635891437530518,0.0,0.0,0.0,0.0,0.0,0.0,0.0,0.0,0.0,0.0,0.0,0.0,0.0,1.0,1.0,0.0,0,0,0,0,0,0,0,0.0,0.0,0.2,0.0
9,600,1,dpga,roi_cls,0.5493676662445068,0.0,global_ddp_mean,2,0.0,5.631707668304443,5.631707668304443,0.0,0.0,0.0,0.0,0.0,0.0,0.0,0.0,0.0,0.0,0.0,0.0,0.0,1.0,1.0,0.0,0,0,0,0,0,0,0,0.0,0.0,0.2,0.0
9,600,1,dpga,roi_reg,0.5493676662445068,0.0,global_ddp_mean,2,0.0,3.254929780960083,3.254929780960083,0.0,0.0,0.0,0.0,0.0,0.0,0.0,0.0,0.0,0.0,0.0,0.0,0.0,1.0,1.0,0.0,0,0,0,0,0,0,0,0.0,0.0,0.2,0.0
9,700,1,dpga,backbone,0.07960610836744308,-0.0,global_ddp_mean,2,0.0,30.397964477539062,30.397964477539062,0.0,0.0,0.0,0.0,0.0,0.0,0.0,0.0,0.0,0.0,0.0,0.0,0.0,1.0,1.0,0.0,0,0,0,0,0,0,0,0.0,0.0,0.2,0.0
9,700,1,dpga,fpn,0.07960610836744308,-0.0,global_ddp_mean,2,0.0,8.469501495361328,8.469501495361328,0.0,0.0,0.0,0.0,0.0,0.0,0.0,0.0,0.0,0.0,0.0,0.0,0.0,1.0,1.0,0.0,0,0,0,0,0,0,0,0.0,0.0,0.2,0.0
9,700,1,dpga,rpn,0.07960610836744308,-0.0,global_ddp_mean,2,0.0,3.3357667922973633,3.3357667922973633,0.0,0.0,0.0,0.0,0.0,0.0,0.0,0.0,0.0,0.0,0.0,0.0,0.0,1.0,1.0,0.0,0,0,0,0,0,0,0,0.0,0.0,0.2,0.0
9,700,1,dpga,roi_shared,0.07960610836744308,-0.0,global_ddp_mean,2,0.0,19.42218780517578,19.42218780517578,0.0,0.0,0.0,0.0,0.0,0.0,0.0,0.0,0.0,0.0,0.0,0.0,0.0,1.0,1.0,0.0,0,0,0,0,0,0,0,0.0,0.0,0.2,0.0
9,700,1,dpga,roi_cls,0.07960610836744308,-0.0,global_ddp_mean,2,0.0,15.785415649414062,15.785415649414062,0.0,0.0,0.0,0.0,0.0,0.0,0.0,0.0,0.0,0.0,0.0,0.0,0.0,1.0,1.0,0.0,0,0,0,0,0,0,0,0.0,0.0,0.2,0.0
9,700,1,dpga,roi_reg,0.07960610836744308,-0.0,global_ddp_mean,2,0.0,5.802457809448242,5.802457809448242,0.0,0.0,0.0,0.0,0.0,0.0,0.0,0.0,0.0,0.0,0.0,0.0,0.0,1.0,1.0,0.0,0,0,0,0,0,0,0,0.0,0.0,0.2,0.0
9,800,1,dpga,backbone,1.0030694007873535,0.0,global_ddp_mean,2,0.0,21.69191551208496,21.69191551208496,0.0,0.0,0.0,0.0,0.0,0.0,0.0,0.0,0.0,0.0,0.0,0.0,0.0,1.0,1.0,0.0,0,0,0,0,0,0,0,0.0,0.0,0.2,0.0
9,800,1,dpga,fpn,1.0030694007873535,0.0,global_ddp_mean,2,0.0,6.005753040313721,6.005753040313721,0.0,0.0,0.0,0.0,0.0,0.0,0.0,0.0,0.0,0.0,0.0,0.0,0.0,1.0,1.0,0.0,0,0,0,0,0,0,0,0.0,0.0,0.2,0.0
9,800,1,dpga,rpn,1.0030694007873535,0.0,global_ddp_mean,2,0.0,4.648773670196533,4.648773670196533,0.0,0.0,0.0,0.0,0.0,0.0,0.0,0.0,0.0,0.0,0.0,0.0,0.0,1.0,1.0,0.0,0,0,0,0,0,0,0,0.0,0.0,0.2,0.0
9,800,1,dpga,roi_shared,1.0030694007873535,0.0,global_ddp_mean,2,0.0,12.569046020507812,12.569046020507812,0.0,0.0,0.0,0.0,0.0,0.0,0.0,0.0,0.0,0.0,0.0,0.0,0.0,1.0,1.0,0.0,0,0,0,0,0,0,0,0.0,0.0,0.2,0.0
9,800,1,dpga,roi_cls,1.0030694007873535,0.0,global_ddp_mean,2,0.0,9.409727096557617,9.409727096557617,0.0,0.0,0.0,0.0,0.0,0.0,0.0,0.0,0.0,0.0,0.0,0.0,0.0,1.0,1.0,0.0,0,0,0,0,0,0,0,0.0,0.0,0.2,0.0
9,800,1,dpga,roi_reg,1.0030694007873535,0.0,global_ddp_mean,2,0.0,7.467599391937256,7.467599391937256,0.0,0.0,0.0,0.0,0.0,0.0,0.0,0.0,0.0,0.0,0.0,0.0,0.0,1.0,1.0,0.0,0,0,0,0,0,0,0,0.0,0.0,0.2,0.0
9,900,1,dpga,backbone,0.37988489866256714,0.0,global_ddp_mean,2,0.0,9.778270721435547,9.778270721435547,0.0,0.0,0.0,0.0,0.0,0.0,0.0,0.0,0.0,0.0,0.0,0.0,0.0,1.0,1.0,0.0,0,0,0,0,0,0,0,0.0,0.0,0.2,0.0
9,900,1,dpga,fpn,0.37988489866256714,0.0,global_ddp_mean,2,0.0,1.8427784442901611,1.8427784442901611,0.0,0.0,0.0,0.0,0.0,0.0,0.0,0.0,0.0,0.0,0.0,0.0,0.0,1.0,1.0,0.0,0,0,0,0,0,0,0,0.0,0.0,0.2,0.0
9,900,1,dpga,rpn,0.37988489866256714,0.0,global_ddp_mean,2,0.0,4.281393527984619,4.281393527984619,0.0,0.0,0.0,0.0,0.0,0.0,0.0,0.0,0.0,0.0,0.0,0.0,0.0,1.0,1.0,0.0,0,0,0,0,0,0,0,0.0,0.0,0.2,0.0
9,900,1,dpga,roi_shared,0.37988489866256714,0.0,global_ddp_mean,2,0.0,3.5544397830963135,3.5544397830963135,0.0,0.0,0.0,0.0,0.0,0.0,0.0,0.0,0.0,0.0,0.0,0.0,0.0,1.0,1.0,0.0,0,0,0,0,0,0,0,0.0,0.0,0.2,0.0
9,900,1,dpga,roi_cls,0.37988489866256714,0.0,global_ddp_mean,2,0.0,2.7672550678253174,2.7672550678253174,0.0,0.0,0.0,0.0,0.0,0.0,0.0,0.0,0.0,0.0,0.0,0.0,0.0,1.0,1.0,0.0,0,0,0,0,0,0,0,0.0,0.0,0.2,0.0
9,900,1,dpga,roi_reg,0.37988489866256714,0.0,global_ddp_mean,2,0.0,2.0560050010681152,2.0560050010681152,0.0,0.0,0.0,0.0,0.0,0.0,0.0,0.0,0.0,0.0,0.0,0.0,0.0,1.0,1.0,0.0,0,0,0,0,0,0,0,0.0,0.0,0.2,0.0
9,1000,1,dpga,backbone,0.020389124751091003,0.0,global_ddp_mean,2,0.0,7.80256986618042,7.80256986618042,0.0,0.0,0.0,0.0,0.0,0.0,0.0,0.0,0.0,0.0,0.0,0.0,0.0,1.0,1.0,0.0,0,0,0,0,0,0,0,0.0,0.0,0.2,0.0
9,1000,1,dpga,fpn,0.020389124751091003,0.0,global_ddp_mean,2,0.0,1.6127350330352783,1.6127350330352783,0.0,0.0,0.0,0.0,0.0,0.0,0.0,0.0,0.0,0.0,0.0,0.0,0.0,1.0,1.0,0.0,0,0,0,0,0,0,0,0.0,0.0,0.2,0.0
9,1000,1,dpga,rpn,0.020389124751091003,0.0,global_ddp_mean,2,0.0,1.4971047639846802,1.4971047639846802,0.0,0.0,0.0,0.0,0.0,0.0,0.0,0.0,0.0,0.0,0.0,0.0,0.0,1.0,1.0,0.0,0,0,0,0,0,0,0,0.0,0.0,0.2,0.0
9,1000,1,dpga,roi_shared,0.020389124751091003,0.0,global_ddp_mean,2,0.0,2.800013542175293,2.800013542175293,0.0,0.0,0.0,0.0,0.0,0.0,0.0,0.0,0.0,0.0,0.0,0.0,0.0,1.0,1.0,0.0,0,0,0,0,0,0,0,0.0,0.0,0.2,0.0
9,1000,1,dpga,roi_cls,0.020389124751091003,0.0,global_ddp_mean,2,0.0,2.5696353912353516,2.5696353912353516,0.0,0.0,0.0,0.0,0.0,0.0,0.0,0.0,0.0,0.0,0.0,0.0,0.0,1.0,1.0,0.0,0,0,0,0,0,0,0,0.0,0.0,0.2,0.0
9,1000,1,dpga,roi_reg,0.020389124751091003,0.0,global_ddp_mean,2,0.0,0.1322147697210312,0.1322147697210312,0.0,0.0,0.0,0.0,0.0,0.0,0.0,0.0,0.0,0.0,0.0,0.0,0.0,1.0,1.0,0.0,0,0,0,0,0,0,0,0.0,0.0,0.2,0.0
9,1100,1,dpga,backbone,0.3389720916748047,-0.0,global_ddp_mean,2,0.0,5.7749247550964355,5.7749247550964355,0.0,0.0,0.0,0.0,0.0,0.0,0.0,0.0,0.0,0.0,0.0,0.0,0.0,1.0,1.0,0.0,0,0,0,0,0,0,0,0.0,0.0,0.2,0.0
9,1100,1,dpga,fpn,0.3389720916748047,-0.0,global_ddp_mean,2,0.0,1.130203366279602,1.130203366279602,0.0,0.0,0.0,0.0,0.0,0.0,0.0,0.0,0.0,0.0,0.0,0.0,0.0,1.0,1.0,0.0,0,0,0,0,0,0,0,0.0,0.0,0.2,0.0
9,1100,1,dpga,rpn,0.3389720916748047,-0.0,global_ddp_mean,2,0.0,1.2199307680130005,1.2199307680130005,0.0,0.0,0.0,0.0,0.0,0.0,0.0,0.0,0.0,0.0,0.0,0.0,0.0,1.0,1.0,0.0,0,0,0,0,0,0,0,0.0,0.0,0.2,0.0
9,1100,1,dpga,roi_shared,0.3389720916748047,-0.0,global_ddp_mean,2,0.0,2.654371738433838,2.654371738433838,0.0,0.0,0.0,0.0,0.0,0.0,0.0,0.0,0.0,0.0,0.0,0.0,0.0,1.0,1.0,0.0,0,0,0,0,0,0,0,0.0,0.0,0.2,0.0
9,1100,1,dpga,roi_cls,0.3389720916748047,-0.0,global_ddp_mean,2,0.0,2.404458522796631,2.404458522796631,0.0,0.0,0.0,0.0,0.0,0.0,0.0,0.0,0.0,0.0,0.0,0.0,0.0,1.0,1.0,0.0,0,0,0,0,0,0,0,0.0,0.0,0.2,0.0
9,1100,1,dpga,roi_reg,0.3389720916748047,-0.0,global_ddp_mean,2,0.0,1.5266369581222534,1.5266369581222534,0.0,0.0,0.0,0.0,0.0,0.0,0.0,0.0,0.0,0.0,0.0,0.0,0.0,1.0,1.0,0.0,0,0,0,0,0,0,0,0.0,0.0,0.2,0.0
9,1200,1,dpga,backbone,0.013468862511217594,0.0,global_ddp_mean,2,0.0,6.641504287719727,6.641504287719727,0.0,0.0,0.0,0.0,0.0,0.0,0.0,0.0,0.0,0.0,0.0,0.0,0.0,1.0,1.0,0.0,0,0,0,0,0,0,0,0.0,0.0,0.2,0.0
9,1200,1,dpga,fpn,0.013468862511217594,0.0,global_ddp_mean,2,0.0,1.5675727128982544,1.5675727128982544,0.0,0.0,0.0,0.0,0.0,0.0,0.0,0.0,0.0,0.0,0.0,0.0,0.0,1.0,1.0,0.0,0,0,0,0,0,0,0,0.0,0.0,0.2,0.0
9,1200,1,dpga,rpn,0.013468862511217594,0.0,global_ddp_mean,2,0.0,2.4177498817443848,2.4177498817443848,0.0,0.0,0.0,0.0,0.0,0.0,0.0,0.0,0.0,0.0,0.0,0.0,0.0,1.0,1.0,0.0,0,0,0,0,0,0,0,0.0,0.0,0.2,0.0
9,1200,1,dpga,roi_shared,0.013468862511217594,0.0,global_ddp_mean,2,0.0,2.7526752948760986,2.7526752948760986,0.0,0.0,0.0,0.0,0.0,0.0,0.0,0.0,0.0,0.0,0.0,0.0,0.0,1.0,1.0,0.0,0,0,0,0,0,0,0,0.0,0.0,0.2,0.0
9,1200,1,dpga,roi_cls,0.013468862511217594,0.0,global_ddp_mean,2,0.0,1.8016852140426636,1.8016852140426636,0.0,0.0,0.0,0.0,0.0,0.0,0.0,0.0,0.0,0.0,0.0,0.0,0.0,1.0,1.0,0.0,0,0,0,0,0,0,0,0.0,0.0,0.2,0.0
9,1200,1,dpga,roi_reg,0.013468862511217594,0.0,global_ddp_mean,2,0.0,1.1885398626327515,1.1885398626327515,0.0,0.0,0.0,0.0,0.0,0.0,0.0,0.0,0.0,0.0,0.0,0.0,0.0,1.0,1.0,0.0,0,0,0,0,0,0,0,0.0,0.0,0.2,0.0
9,1300,1,dpga,backbone,0.266379714012146,0.0,global_ddp_mean,2,0.0,13.227604866027832,13.227604866027832,0.0,0.0,0.0,0.0,0.0,0.0,0.0,0.0,0.0,0.0,0.0,0.0,0.0,1.0,1.0,0.0,0,0,0,0,0,0,0,0.0,0.0,0.2,0.0
9,1300,1,dpga,fpn,0.266379714012146,0.0,global_ddp_mean,2,0.0,3.0596261024475098,3.0596261024475098,0.0,0.0,0.0,0.0,0.0,0.0,0.0,0.0,0.0,0.0,0.0,0.0,0.0,1.0,1.0,0.0,0,0,0,0,0,0,0,0.0,0.0,0.2,0.0
9,1300,1,dpga,rpn,0.266379714012146,0.0,global_ddp_mean,2,0.0,3.726484537124634,3.726484537124634,0.0,0.0,0.0,0.0,0.0,0.0,0.0,0.0,0.0,0.0,0.0,0.0,0.0,1.0,1.0,0.0,0,0,0,0,0,0,0,0.0,0.0,0.2,0.0
9,1300,1,dpga,roi_shared,0.266379714012146,0.0,global_ddp_mean,2,0.0,6.378313064575195,6.378313064575195,0.0,0.0,0.0,0.0,0.0,0.0,0.0,0.0,0.0,0.0,0.0,0.0,0.0,1.0,1.0,0.0,0,0,0,0,0,0,0,0.0,0.0,0.2,0.0
9,1300,1,dpga,roi_cls,0.266379714012146,0.0,global_ddp_mean,2,0.0,4.310835838317871,4.310835838317871,0.0,0.0,0.0,0.0,0.0,0.0,0.0,0.0,0.0,0.0,0.0,0.0,0.0,1.0,1.0,0.0,0,0,0,0,0,0,0,0.0,0.0,0.2,0.0
9,1300,1,dpga,roi_reg,0.266379714012146,0.0,global_ddp_mean,2,0.0,3.333463191986084,3.333463191986084,0.0,0.0,0.0,0.0,0.0,0.0,0.0,0.0,0.0,0.0,0.0,0.0,0.0,1.0,1.0,0.0,0,0,0,0,0,0,0,0.0,0.0,0.2,0.0
9,1400,1,dpga,backbone,0.13316074013710022,-0.0,global_ddp_mean,2,0.0,5.206860065460205,5.206860065460205,0.0,0.0,0.0,0.0,0.0,0.0,0.0,0.0,0.0,0.0,0.0,0.0,0.0,1.0,1.0,0.0,0,0,0,0,0,0,0,0.0,0.0,0.2,0.0
9,1400,1,dpga,fpn,0.13316074013710022,-0.0,global_ddp_mean,2,0.0,0.945067286491394,0.945067286491394,0.0,0.0,0.0,0.0,0.0,0.0,0.0,0.0,0.0,0.0,0.0,0.0,0.0,1.0,1.0,0.0,0,0,0,0,0,0,0,0.0,0.0,0.2,0.0
9,1400,1,dpga,rpn,0.13316074013710022,-0.0,global_ddp_mean,2,0.0,1.8465595245361328,1.8465595245361328,0.0,0.0,0.0,0.0,0.0,0.0,0.0,0.0,0.0,0.0,0.0,0.0,0.0,1.0,1.0,0.0,0,0,0,0,0,0,0,0.0,0.0,0.2,0.0
9,1400,1,dpga,roi_shared,0.13316074013710022,-0.0,global_ddp_mean,2,0.0,1.6594692468643188,1.6594692468643188,0.0,0.0,0.0,0.0,0.0,0.0,0.0,0.0,0.0,0.0,0.0,0.0,0.0,1.0,1.0,0.0,0,0,0,0,0,0,0,0.0,0.0,0.2,0.0
9,1400,1,dpga,roi_cls,0.13316074013710022,-0.0,global_ddp_mean,2,0.0,1.2730553150177002,1.2730553150177002,0.0,0.0,0.0,0.0,0.0,0.0,0.0,0.0,0.0,0.0,0.0,0.0,0.0,1.0,1.0,0.0,0,0,0,0,0,0,0,0.0,0.0,0.2,0.0
9,1400,1,dpga,roi_reg,0.13316074013710022,-0.0,global_ddp_mean,2,0.0,0.5249857902526855,0.5249857902526855,0.0,0.0,0.0,0.0,0.0,0.0,0.0,0.0,0.0,0.0,0.0,0.0,0.0,1.0,1.0,0.0,0,0,0,0,0,0,0,0.0,0.0,0.2,0.0
10,0,1,dpga,backbone,0.4201465845108032,-0.0,global_ddp_mean,2,0.0,15.43036937713623,15.43036937713623,0.0,0.0,0.0,0.0,0.0,0.0,0.0,0.0,0.0,0.0,0.0,0.0,0.0,1.0,1.0,0.0,0,0,0,0,0,0,0,0.0,0.0,0.2,0.0
10,0,1,dpga,fpn,0.4201465845108032,-0.0,global_ddp_mean,2,0.0,2.4041454792022705,2.4041454792022705,0.0,0.0,0.0,0.0,0.0,0.0,0.0,0.0,0.0,0.0,0.0,0.0,0.0,1.0,1.0,0.0,0,0,0,0,0,0,0,0.0,0.0,0.2,0.0
10,0,1,dpga,rpn,0.4201465845108032,-0.0,global_ddp_mean,2,0.0,4.626979827880859,4.626979827880859,0.0,0.0,0.0,0.0,0.0,0.0,0.0,0.0,0.0,0.0,0.0,0.0,0.0,1.0,1.0,0.0,0,0,0,0,0,0,0,0.0,0.0,0.2,0.0
10,0,1,dpga,roi_shared,0.4201465845108032,-0.0,global_ddp_mean,2,0.0,3.334899425506592,3.334899425506592,0.0,0.0,0.0,0.0,0.0,0.0,0.0,0.0,0.0,0.0,0.0,0.0,0.0,1.0,1.0,0.0,0,0,0,0,0,0,0,0.0,0.0,0.2,0.0
10,0,1,dpga,roi_cls,0.4201465845108032,-0.0,global_ddp_mean,2,0.0,2.762336015701294,2.762336015701294,0.0,0.0,0.0,0.0,0.0,0.0,0.0,0.0,0.0,0.0,0.0,0.0,0.0,1.0,1.0,0.0,0,0,0,0,0,0,0,0.0,0.0,0.2,0.0
10,0,1,dpga,roi_reg,0.4201465845108032,-0.0,global_ddp_mean,2,0.0,2.565253973007202,2.565253973007202,0.0,0.0,0.0,0.0,0.0,0.0,0.0,0.0,0.0,0.0,0.0,0.0,0.0,1.0,1.0,0.0,0,0,0,0,0,0,0,0.0,0.0,0.2,0.0
10,100,1,dpga,backbone,0.07959835231304169,0.0,global_ddp_mean,2,0.0,10.893577575683594,10.893577575683594,0.0,0.0,0.0,0.0,0.0,0.0,0.0,0.0,0.0,0.0,0.0,0.0,0.0,1.0,1.0,0.0,0,0,0,0,0,0,0,0.0,0.0,0.2,0.0
10,100,1,dpga,fpn,0.07959835231304169,0.0,global_ddp_mean,2,0.0,1.6040997505187988,1.6040997505187988,0.0,0.0,0.0,0.0,0.0,0.0,0.0,0.0,0.0,0.0,0.0,0.0,0.0,1.0,1.0,0.0,0,0,0,0,0,0,0,0.0,0.0,0.2,0.0
10,100,1,dpga,rpn,0.07959835231304169,0.0,global_ddp_mean,2,0.0,1.2263239622116089,1.2263239622116089,0.0,0.0,0.0,0.0,0.0,0.0,0.0,0.0,0.0,0.0,0.0,0.0,0.0,1.0,1.0,0.0,0,0,0,0,0,0,0,0.0,0.0,0.2,0.0
10,100,1,dpga,roi_shared,0.07959835231304169,0.0,global_ddp_mean,2,0.0,3.281712770462036,3.281712770462036,0.0,0.0,0.0,0.0,0.0,0.0,0.0,0.0,0.0,0.0,0.0,0.0,0.0,1.0,1.0,0.0,0,0,0,0,0,0,0,0.0,0.0,0.2,0.0
10,100,1,dpga,roi_cls,0.07959835231304169,0.0,global_ddp_mean,2,0.0,2.795680284500122,2.795680284500122,0.0,0.0,0.0,0.0,0.0,0.0,0.0,0.0,0.0,0.0,0.0,0.0,0.0,1.0,1.0,0.0,0,0,0,0,0,0,0,0.0,0.0,0.2,0.0
10,100,1,dpga,roi_reg,0.07959835231304169,0.0,global_ddp_mean,2,0.0,0.6952712535858154,0.6952712535858154,0.0,0.0,0.0,0.0,0.0,0.0,0.0,0.0,0.0,0.0,0.0,0.0,0.0,1.0,1.0,0.0,0,0,0,0,0,0,0,0.0,0.0,0.2,0.0
10,200,1,dpga,backbone,0.004508304875344038,0.0,global_ddp_mean,2,0.0,3.5171475410461426,3.5171475410461426,0.0,0.0,0.0,0.0,0.0,0.0,0.0,0.0,0.0,0.0,0.0,0.0,0.0,1.0,1.0,0.0,0,0,0,0,0,0,0,0.0,0.0,0.2,0.0
10,200,1,dpga,fpn,0.004508304875344038,0.0,global_ddp_mean,2,0.0,0.4850557744503021,0.4850557744503021,0.0,0.0,0.0,0.0,0.0,0.0,0.0,0.0,0.0,0.0,0.0,0.0,0.0,1.0,1.0,0.0,0,0,0,0,0,0,0,0.0,0.0,0.2,0.0
10,200,1,dpga,rpn,0.004508304875344038,0.0,global_ddp_mean,2,0.0,1.1483529806137085,1.1483529806137085,0.0,0.0,0.0,0.0,0.0,0.0,0.0,0.0,0.0,0.0,0.0,0.0,0.0,1.0,1.0,0.0,0,0,0,0,0,0,0,0.0,0.0,0.2,0.0
10,200,1,dpga,roi_shared,0.004508304875344038,0.0,global_ddp_mean,2,0.0,0.6371913552284241,0.6371913552284241,0.0,0.0,0.0,0.0,0.0,0.0,0.0,0.0,0.0,0.0,0.0,0.0,0.0,1.0,1.0,0.0,0,0,0,0,0,0,0,0.0,0.0,0.2,0.0
10,200,1,dpga,roi_cls,0.004508304875344038,0.0,global_ddp_mean,2,0.0,0.31831300258636475,0.31831300258636475,0.0,0.0,0.0,0.0,0.0,0.0,0.0,0.0,0.0,0.0,0.0,0.0,0.0,1.0,1.0,0.0,0,0,0,0,0,0,0,0.0,0.0,0.2,0.0
10,200,1,dpga,roi_reg,0.004508304875344038,0.0,global_ddp_mean,2,0.0,0.35385119915008545,0.35385119915008545,0.0,0.0,0.0,0.0,0.0,0.0,0.0,0.0,0.0,0.0,0.0,0.0,0.0,1.0,1.0,0.0,0,0,0,0,0,0,0,0.0,0.0,0.2,0.0
10,300,1,dpga,backbone,0.2753629982471466,0.0,global_ddp_mean,2,0.0,9.560602188110352,9.560602188110352,0.0,0.0,0.0,0.0,0.0,0.0,0.0,0.0,0.0,0.0,0.0,0.0,0.0,1.0,1.0,0.0,0,0,0,0,0,0,0,0.0,0.0,0.2,0.0
10,300,1,dpga,fpn,0.2753629982471466,0.0,global_ddp_mean,2,0.0,1.6691499948501587,1.6691499948501587,0.0,0.0,0.0,0.0,0.0,0.0,0.0,0.0,0.0,0.0,0.0,0.0,0.0,1.0,1.0,0.0,0,0,0,0,0,0,0,0.0,0.0,0.2,0.0
10,300,1,dpga,rpn,0.2753629982471466,0.0,global_ddp_mean,2,0.0,1.7898420095443726,1.7898420095443726,0.0,0.0,0.0,0.0,0.0,0.0,0.0,0.0,0.0,0.0,0.0,0.0,0.0,1.0,1.0,0.0,0,0,0,0,0,0,0,0.0,0.0,0.2,0.0
10,300,1,dpga,roi_shared,0.2753629982471466,0.0,global_ddp_mean,2,0.0,2.9189813137054443,2.9189813137054443,0.0,0.0,0.0,0.0,0.0,0.0,0.0,0.0,0.0,0.0,0.0,0.0,0.0,1.0,1.0,0.0,0,0,0,0,0,0,0,0.0,0.0,0.2,0.0
10,300,1,dpga,roi_cls,0.2753629982471466,0.0,global_ddp_mean,2,0.0,2.519462823867798,2.519462823867798,0.0,0.0,0.0,0.0,0.0,0.0,0.0,0.0,0.0,0.0,0.0,0.0,0.0,1.0,1.0,0.0,0,0,0,0,0,0,0,0.0,0.0,0.2,0.0
10,300,1,dpga,roi_reg,0.2753629982471466,0.0,global_ddp_mean,2,0.0,1.9272791147232056,1.9272791147232056,0.0,0.0,0.0,0.0,0.0,0.0,0.0,0.0,0.0,0.0,0.0,0.0,0.0,1.0,1.0,0.0,0,0,0,0,0,0,0,0.0,0.0,0.2,0.0
10,400,1,dpga,backbone,1.043285846710205,-0.0,global_ddp_mean,2,0.0,37.1188850402832,37.1188850402832,0.0,0.0,0.0,0.0,0.0,0.0,0.0,0.0,0.0,0.0,0.0,0.0,0.0,1.0,1.0,0.0,0,0,0,0,0,0,0,0.0,0.0,0.2,0.0
10,400,1,dpga,fpn,1.043285846710205,-0.0,global_ddp_mean,2,0.0,6.3929443359375,6.3929443359375,0.0,0.0,0.0,0.0,0.0,0.0,0.0,0.0,0.0,0.0,0.0,0.0,0.0,1.0,1.0,0.0,0,0,0,0,0,0,0,0.0,0.0,0.2,0.0
10,400,1,dpga,rpn,1.043285846710205,-0.0,global_ddp_mean,2,0.0,3.1062793731689453,3.1062793731689453,0.0,0.0,0.0,0.0,0.0,0.0,0.0,0.0,0.0,0.0,0.0,0.0,0.0,1.0,1.0,0.0,0,0,0,0,0,0,0,0.0,0.0,0.2,0.0
10,400,1,dpga,roi_shared,1.043285846710205,-0.0,global_ddp_mean,2,0.0,12.816144943237305,12.816144943237305,0.0,0.0,0.0,0.0,0.0,0.0,0.0,0.0,0.0,0.0,0.0,0.0,0.0,1.0,1.0,0.0,0,0,0,0,0,0,0,0.0,0.0,0.2,0.0
10,400,1,dpga,roi_cls,1.043285846710205,-0.0,global_ddp_mean,2,0.0,9.751233100891113,9.751233100891113,0.0,0.0,0.0,0.0,0.0,0.0,0.0,0.0,0.0,0.0,0.0,0.0,0.0,1.0,1.0,0.0,0,0,0,0,0,0,0,0.0,0.0,0.2,0.0
10,400,1,dpga,roi_reg,1.043285846710205,-0.0,global_ddp_mean,2,0.0,2.8541781902313232,2.8541781902313232,0.0,0.0,0.0,0.0,0.0,0.0,0.0,0.0,0.0,0.0,0.0,0.0,0.0,1.0,1.0,0.0,0,0,0,0,0,0,0,0.0,0.0,0.2,0.0
10,500,1,dpga,backbone,0.1644294410943985,-0.0,global_ddp_mean,2,0.0,5.653987884521484,5.653987884521484,0.0,0.0,0.0,0.0,0.0,0.0,0.0,0.0,0.0,0.0,0.0,0.0,0.0,1.0,1.0,0.0,0,0,0,0,0,0,0,0.0,0.0,0.2,0.0
10,500,1,dpga,fpn,0.1644294410943985,-0.0,global_ddp_mean,2,0.0,0.9249863624572754,0.9249863624572754,0.0,0.0,0.0,0.0,0.0,0.0,0.0,0.0,0.0,0.0,0.0,0.0,0.0,1.0,1.0,0.0,0,0,0,0,0,0,0,0.0,0.0,0.2,0.0
10,500,1,dpga,rpn,0.1644294410943985,-0.0,global_ddp_mean,2,0.0,1.304756999015808,1.304756999015808,0.0,0.0,0.0,0.0,0.0,0.0,0.0,0.0,0.0,0.0,0.0,0.0,0.0,1.0,1.0,0.0,0,0,0,0,0,0,0,0.0,0.0,0.2,0.0
10,500,1,dpga,roi_shared,0.1644294410943985,-0.0,global_ddp_mean,2,0.0,1.6713752746582031,1.6713752746582031,0.0,0.0,0.0,0.0,0.0,0.0,0.0,0.0,0.0,0.0,0.0,0.0,0.0,1.0,1.0,0.0,0,0,0,0,0,0,0,0.0,0.0,0.2,0.0
10,500,1,dpga,roi_cls,0.1644294410943985,-0.0,global_ddp_mean,2,0.0,0.8138408064842224,0.8138408064842224,0.0,0.0,0.0,0.0,0.0,0.0,0.0,0.0,0.0,0.0,0.0,0.0,0.0,1.0,1.0,0.0,0,0,0,0,0,0,0,0.0,0.0,0.2,0.0
10,500,1,dpga,roi_reg,0.1644294410943985,-0.0,global_ddp_mean,2,0.0,1.3399074077606201,1.3399074077606201,0.0,0.0,0.0,0.0,0.0,0.0,0.0,0.0,0.0,0.0,0.0,0.0,0.0,1.0,1.0,0.0,0,0,0,0,0,0,0,0.0,0.0,0.2,0.0
10,600,1,dpga,backbone,0.273501455783844,-0.0,global_ddp_mean,2,0.0,14.934062957763672,14.934062957763672,0.0,0.0,0.0,0.0,0.0,0.0,0.0,0.0,0.0,0.0,0.0,0.0,0.0,1.0,1.0,0.0,0,0,0,0,0,0,0,0.0,0.0,0.2,0.0
10,600,1,dpga,fpn,0.273501455783844,-0.0,global_ddp_mean,2,0.0,1.680616021156311,1.680616021156311,0.0,0.0,0.0,0.0,0.0,0.0,0.0,0.0,0.0,0.0,0.0,0.0,0.0,1.0,1.0,0.0,0,0,0,0,0,0,0,0.0,0.0,0.2,0.0
10,600,1,dpga,rpn,0.273501455783844,-0.0,global_ddp_mean,2,0.0,2.2772634029388428,2.2772634029388428,0.0,0.0,0.0,0.0,0.0,0.0,0.0,0.0,0.0,0.0,0.0,0.0,0.0,1.0,1.0,0.0,0,0,0,0,0,0,0,0.0,0.0,0.2,0.0
10,600,1,dpga,roi_shared,0.273501455783844,-0.0,global_ddp_mean,2,0.0,3.2807323932647705,3.2807323932647705,0.0,0.0,0.0,0.0,0.0,0.0,0.0,0.0,0.0,0.0,0.0,0.0,0.0,1.0,1.0,0.0,0,0,0,0,0,0,0,0.0,0.0,0.2,0.0
10,600,1,dpga,roi_cls,0.273501455783844,-0.0,global_ddp_mean,2,0.0,1.652199149131775,1.652199149131775,0.0,0.0,0.0,0.0,0.0,0.0,0.0,0.0,0.0,0.0,0.0,0.0,0.0,1.0,1.0,0.0,0,0,0,0,0,0,0,0.0,0.0,0.2,0.0
10,600,1,dpga,roi_reg,0.273501455783844,-0.0,global_ddp_mean,2,0.0,3.0260465145111084,3.0260465145111084,0.0,0.0,0.0,0.0,0.0,0.0,0.0,0.0,0.0,0.0,0.0,0.0,0.0,1.0,1.0,0.0,0,0,0,0,0,0,0,0.0,0.0,0.2,0.0
10,700,1,dpga,backbone,0.16622480750083923,-0.0,global_ddp_mean,2,0.0,10.971714973449707,10.971714973449707,0.0,0.0,0.0,0.0,0.0,0.0,0.0,0.0,0.0,0.0,0.0,0.0,0.0,1.0,1.0,0.0,0,0,0,0,0,0,0,0.0,0.0,0.2,0.0
10,700,1,dpga,fpn,0.16622480750083923,-0.0,global_ddp_mean,2,0.0,1.4799422025680542,1.4799422025680542,0.0,0.0,0.0,0.0,0.0,0.0,0.0,0.0,0.0,0.0,0.0,0.0,0.0,1.0,1.0,0.0,0,0,0,0,0,0,0,0.0,0.0,0.2,0.0
10,700,1,dpga,rpn,0.16622480750083923,-0.0,global_ddp_mean,2,0.0,1.3507726192474365,1.3507726192474365,0.0,0.0,0.0,0.0,0.0,0.0,0.0,0.0,0.0,0.0,0.0,0.0,0.0,1.0,1.0,0.0,0,0,0,0,0,0,0,0.0,0.0,0.2,0.0
10,700,1,dpga,roi_shared,0.16622480750083923,-0.0,global_ddp_mean,2,0.0,2.769000768661499,2.769000768661499,0.0,0.0,0.0,0.0,0.0,0.0,0.0,0.0,0.0,0.0,0.0,0.0,0.0,1.0,1.0,0.0,0,0,0,0,0,0,0,0.0,0.0,0.2,0.0
10,700,1,dpga,roi_cls,0.16622480750083923,-0.0,global_ddp_mean,2,0.0,1.7418748140335083,1.7418748140335083,0.0,0.0,0.0,0.0,0.0,0.0,0.0,0.0,0.0,0.0,0.0,0.0,0.0,1.0,1.0,0.0,0,0,0,0,0,0,0,0.0,0.0,0.2,0.0
10,700,1,dpga,roi_reg,0.16622480750083923,-0.0,global_ddp_mean,2,0.0,1.4834682941436768,1.4834682941436768,0.0,0.0,0.0,0.0,0.0,0.0,0.0,0.0,0.0,0.0,0.0,0.0,0.0,1.0,1.0,0.0,0,0,0,0,0,0,0,0.0,0.0,0.2,0.0
10,800,1,dpga,backbone,0.031055113300681114,-0.0,global_ddp_mean,2,0.0,18.06214141845703,18.06214141845703,0.0,0.0,0.0,0.0,0.0,0.0,0.0,0.0,0.0,0.0,0.0,0.0,0.0,1.0,1.0,0.0,0,0,0,0,0,0,0,0.0,0.0,0.2,0.0
10,800,1,dpga,fpn,0.031055113300681114,-0.0,global_ddp_mean,2,0.0,4.6238603591918945,4.6238603591918945,0.0,0.0,0.0,0.0,0.0,0.0,0.0,0.0,0.0,0.0,0.0,0.0,0.0,1.0,1.0,0.0,0,0,0,0,0,0,0,0.0,0.0,0.2,0.0
10,800,1,dpga,rpn,0.031055113300681114,-0.0,global_ddp_mean,2,0.0,3.7786169052124023,3.7786169052124023,0.0,0.0,0.0,0.0,0.0,0.0,0.0,0.0,0.0,0.0,0.0,0.0,0.0,1.0,1.0,0.0,0,0,0,0,0,0,0,0.0,0.0,0.2,0.0
10,800,1,dpga,roi_shared,0.031055113300681114,-0.0,global_ddp_mean,2,0.0,9.241596221923828,9.241596221923828,0.0,0.0,0.0,0.0,0.0,0.0,0.0,0.0,0.0,0.0,0.0,0.0,0.0,1.0,1.0,0.0,0,0,0,0,0,0,0,0.0,0.0,0.2,0.0
10,800,1,dpga,roi_cls,0.031055113300681114,-0.0,global_ddp_mean,2,0.0,6.740333557128906,6.740333557128906,0.0,0.0,0.0,0.0,0.0,0.0,0.0,0.0,0.0,0.0,0.0,0.0,0.0,1.0,1.0,0.0,0,0,0,0,0,0,0,0.0,0.0,0.2,0.0
10,800,1,dpga,roi_reg,0.031055113300681114,-0.0,global_ddp_mean,2,0.0,6.186361312866211,6.186361312866211,0.0,0.0,0.0,0.0,0.0,0.0,0.0,0.0,0.0,0.0,0.0,0.0,0.0,1.0,1.0,0.0,0,0,0,0,0,0,0,0.0,0.0,0.2,0.0
10,900,1,dpga,backbone,0.5340974926948547,0.0,global_ddp_mean,2,0.0,17.495908737182617,17.495908737182617,0.0,0.0,0.0,0.0,0.0,0.0,0.0,0.0,0.0,0.0,0.0,0.0,0.0,1.0,1.0,0.0,0,0,0,0,0,0,0,0.0,0.0,0.2,0.0
10,900,1,dpga,fpn,0.5340974926948547,0.0,global_ddp_mean,2,0.0,3.9595866203308105,3.9595866203308105,0.0,0.0,0.0,0.0,0.0,0.0,0.0,0.0,0.0,0.0,0.0,0.0,0.0,1.0,1.0,0.0,0,0,0,0,0,0,0,0.0,0.0,0.2,0.0
10,900,1,dpga,rpn,0.5340974926948547,0.0,global_ddp_mean,2,0.0,3.67282772064209,3.67282772064209,0.0,0.0,0.0,0.0,0.0,0.0,0.0,0.0,0.0,0.0,0.0,0.0,0.0,1.0,1.0,0.0,0,0,0,0,0,0,0,0.0,0.0,0.2,0.0
10,900,1,dpga,roi_shared,0.5340974926948547,0.0,global_ddp_mean,2,0.0,9.157543182373047,9.157543182373047,0.0,0.0,0.0,0.0,0.0,0.0,0.0,0.0,0.0,0.0,0.0,0.0,0.0,1.0,1.0,0.0,0,0,0,0,0,0,0,0.0,0.0,0.2,0.0
10,900,1,dpga,roi_cls,0.5340974926948547,0.0,global_ddp_mean,2,0.0,7.847349166870117,7.847349166870117,0.0,0.0,0.0,0.0,0.0,0.0,0.0,0.0,0.0,0.0,0.0,0.0,0.0,1.0,1.0,0.0,0,0,0,0,0,0,0,0.0,0.0,0.2,0.0
10,900,1,dpga,roi_reg,0.5340974926948547,0.0,global_ddp_mean,2,0.0,2.53080677986145,2.53080677986145,0.0,0.0,0.0,0.0,0.0,0.0,0.0,0.0,0.0,0.0,0.0,0.0,0.0,1.0,1.0,0.0,0,0,0,0,0,0,0,0.0,0.0,0.2,0.0
10,1000,1,dpga,backbone,0.2864064574241638,-0.0,global_ddp_mean,2,0.0,7.277053356170654,7.277053356170654,0.0,0.0,0.0,0.0,0.0,0.0,0.0,0.0,0.0,0.0,0.0,0.0,0.0,1.0,1.0,0.0,0,0,0,0,0,0,0,0.0,0.0,0.2,0.0
10,1000,1,dpga,fpn,0.2864064574241638,-0.0,global_ddp_mean,2,0.0,1.6914422512054443,1.6914422512054443,0.0,0.0,0.0,0.0,0.0,0.0,0.0,0.0,0.0,0.0,0.0,0.0,0.0,1.0,1.0,0.0,0,0,0,0,0,0,0,0.0,0.0,0.2,0.0
10,1000,1,dpga,rpn,0.2864064574241638,-0.0,global_ddp_mean,2,0.0,0.9132975935935974,0.9132975935935974,0.0,0.0,0.0,0.0,0.0,0.0,0.0,0.0,0.0,0.0,0.0,0.0,0.0,1.0,1.0,0.0,0,0,0,0,0,0,0,0.0,0.0,0.2,0.0
10,1000,1,dpga,roi_shared,0.2864064574241638,-0.0,global_ddp_mean,2,0.0,3.554698944091797,3.554698944091797,0.0,0.0,0.0,0.0,0.0,0.0,0.0,0.0,0.0,0.0,0.0,0.0,0.0,1.0,1.0,0.0,0,0,0,0,0,0,0,0.0,0.0,0.2,0.0
10,1000,1,dpga,roi_cls,0.2864064574241638,-0.0,global_ddp_mean,2,0.0,2.5029168128967285,2.5029168128967285,0.0,0.0,0.0,0.0,0.0,0.0,0.0,0.0,0.0,0.0,0.0,0.0,0.0,1.0,1.0,0.0,0,0,0,0,0,0,0,0.0,0.0,0.2,0.0
10,1000,1,dpga,roi_reg,0.2864064574241638,-0.0,global_ddp_mean,2,0.0,0.7742676734924316,0.7742676734924316,0.0,0.0,0.0,0.0,0.0,0.0,0.0,0.0,0.0,0.0,0.0,0.0,0.0,1.0,1.0,0.0,0,0,0,0,0,0,0,0.0,0.0,0.2,0.0
10,1100,1,dpga,backbone,0.09440812468528748,0.0,global_ddp_mean,2,0.0,48.79854202270508,48.79854202270508,0.0,0.0,0.0,0.0,0.0,0.0,0.0,0.0,0.0,0.0,0.0,0.0,0.0,1.0,1.0,0.0,0,0,0,0,0,0,0,0.0,0.0,0.2,0.0
10,1100,1,dpga,fpn,0.09440812468528748,0.0,global_ddp_mean,2,0.0,5.870903491973877,5.870903491973877,0.0,0.0,0.0,0.0,0.0,0.0,0.0,0.0,0.0,0.0,0.0,0.0,0.0,1.0,1.0,0.0,0,0,0,0,0,0,0,0.0,0.0,0.2,0.0
10,1100,1,dpga,rpn,0.09440812468528748,0.0,global_ddp_mean,2,0.0,8.132094383239746,8.132094383239746,0.0,0.0,0.0,0.0,0.0,0.0,0.0,0.0,0.0,0.0,0.0,0.0,0.0,1.0,1.0,0.0,0,0,0,0,0,0,0,0.0,0.0,0.2,0.0
10,1100,1,dpga,roi_shared,0.09440812468528748,0.0,global_ddp_mean,2,0.0,9.630698204040527,9.630698204040527,0.0,0.0,0.0,0.0,0.0,0.0,0.0,0.0,0.0,0.0,0.0,0.0,0.0,1.0,1.0,0.0,0,0,0,0,0,0,0,0.0,0.0,0.2,0.0
10,1100,1,dpga,roi_cls,0.09440812468528748,0.0,global_ddp_mean,2,0.0,10.67538833618164,10.67538833618164,0.0,0.0,0.0,0.0,0.0,0.0,0.0,0.0,0.0,0.0,0.0,0.0,0.0,1.0,1.0,0.0,0,0,0,0,0,0,0,0.0,0.0,0.2,0.0
10,1100,1,dpga,roi_reg,0.09440812468528748,0.0,global_ddp_mean,2,0.0,7.782536029815674,7.782536029815674,0.0,0.0,0.0,0.0,0.0,0.0,0.0,0.0,0.0,0.0,0.0,0.0,0.0,1.0,1.0,0.0,0,0,0,0,0,0,0,0.0,0.0,0.2,0.0
10,1200,1,dpga,backbone,0.7208750247955322,0.0,global_ddp_mean,2,0.0,17.56942367553711,17.56942367553711,0.0,0.0,0.0,0.0,0.0,0.0,0.0,0.0,0.0,0.0,0.0,0.0,0.0,1.0,1.0,0.0,0,0,0,0,0,0,0,0.0,0.0,0.2,0.0
10,1200,1,dpga,fpn,0.7208750247955322,0.0,global_ddp_mean,2,0.0,4.452126502990723,4.452126502990723,0.0,0.0,0.0,0.0,0.0,0.0,0.0,0.0,0.0,0.0,0.0,0.0,0.0,1.0,1.0,0.0,0,0,0,0,0,0,0,0.0,0.0,0.2,0.0
10,1200,1,dpga,rpn,0.7208750247955322,0.0,global_ddp_mean,2,0.0,3.084120512008667,3.084120512008667,0.0,0.0,0.0,0.0,0.0,0.0,0.0,0.0,0.0,0.0,0.0,0.0,0.0,1.0,1.0,0.0,0,0,0,0,0,0,0,0.0,0.0,0.2,0.0
10,1200,1,dpga,roi_shared,0.7208750247955322,0.0,global_ddp_mean,2,0.0,9.370610237121582,9.370610237121582,0.0,0.0,0.0,0.0,0.0,0.0,0.0,0.0,0.0,0.0,0.0,0.0,0.0,1.0,1.0,0.0,0,0,0,0,0,0,0,0.0,0.0,0.2,0.0
10,1200,1,dpga,roi_cls,0.7208750247955322,0.0,global_ddp_mean,2,0.0,7.137959957122803,7.137959957122803,0.0,0.0,0.0,0.0,0.0,0.0,0.0,0.0,0.0,0.0,0.0,0.0,0.0,1.0,1.0,0.0,0,0,0,0,0,0,0,0.0,0.0,0.2,0.0
10,1200,1,dpga,roi_reg,0.7208750247955322,0.0,global_ddp_mean,2,0.0,3.3075075149536133,3.3075075149536133,0.0,0.0,0.0,0.0,0.0,0.0,0.0,0.0,0.0,0.0,0.0,0.0,0.0,1.0,1.0,0.0,0,0,0,0,0,0,0,0.0,0.0,0.2,0.0
10,1300,1,dpga,backbone,0.011979607865214348,0.0,global_ddp_mean,2,0.0,15.999930381774902,15.999930381774902,0.0,0.0,0.0,0.0,0.0,0.0,0.0,0.0,0.0,0.0,0.0,0.0,0.0,1.0,1.0,0.0,0,0,0,0,0,0,0,0.0,0.0,0.2,0.0
10,1300,1,dpga,fpn,0.011979607865214348,0.0,global_ddp_mean,2,0.0,0.7792558670043945,0.7792558670043945,0.0,0.0,0.0,0.0,0.0,0.0,0.0,0.0,0.0,0.0,0.0,0.0,0.0,1.0,1.0,0.0,0,0,0,0,0,0,0,0.0,0.0,0.2,0.0
10,1300,1,dpga,rpn,0.011979607865214348,0.0,global_ddp_mean,2,0.0,1.3217400312423706,1.3217400312423706,0.0,0.0,0.0,0.0,0.0,0.0,0.0,0.0,0.0,0.0,0.0,0.0,0.0,1.0,1.0,0.0,0,0,0,0,0,0,0,0.0,0.0,0.2,0.0
10,1300,1,dpga,roi_shared,0.011979607865214348,0.0,global_ddp_mean,2,0.0,1.5186371803283691,1.5186371803283691,0.0,0.0,0.0,0.0,0.0,0.0,0.0,0.0,0.0,0.0,0.0,0.0,0.0,1.0,1.0,0.0,0,0,0,0,0,0,0,0.0,0.0,0.2,0.0
10,1300,1,dpga,roi_cls,0.011979607865214348,0.0,global_ddp_mean,2,0.0,0.7279687523841858,0.7279687523841858,0.0,0.0,0.0,0.0,0.0,0.0,0.0,0.0,0.0,0.0,0.0,0.0,0.0,1.0,1.0,0.0,0,0,0,0,0,0,0,0.0,0.0,0.2,0.0
10,1300,1,dpga,roi_reg,0.011979607865214348,0.0,global_ddp_mean,2,0.0,1.426679253578186,1.426679253578186,0.0,0.0,0.0,0.0,0.0,0.0,0.0,0.0,0.0,0.0,0.0,0.0,0.0,1.0,1.0,0.0,0,0,0,0,0,0,0,0.0,0.0,0.2,0.0
10,1400,1,dpga,backbone,0.043050073087215424,0.0,global_ddp_mean,2,0.0,4.489917755126953,4.489917755126953,0.0,0.0,0.0,0.0,0.0,0.0,0.0,0.0,0.0,0.0,0.0,0.0,0.0,1.0,1.0,0.0,0,0,0,0,0,0,0,0.0,0.0,0.2,0.0
10,1400,1,dpga,fpn,0.043050073087215424,0.0,global_ddp_mean,2,0.0,0.8526207804679871,0.8526207804679871,0.0,0.0,0.0,0.0,0.0,0.0,0.0,0.0,0.0,0.0,0.0,0.0,0.0,1.0,1.0,0.0,0,0,0,0,0,0,0,0.0,0.0,0.2,0.0
10,1400,1,dpga,rpn,0.043050073087215424,0.0,global_ddp_mean,2,0.0,0.7360194325447083,0.7360194325447083,0.0,0.0,0.0,0.0,0.0,0.0,0.0,0.0,0.0,0.0,0.0,0.0,0.0,1.0,1.0,0.0,0,0,0,0,0,0,0,0.0,0.0,0.2,0.0
10,1400,1,dpga,roi_shared,0.043050073087215424,0.0,global_ddp_mean,2,0.0,1.8592572212219238,1.8592572212219238,0.0,0.0,0.0,0.0,0.0,0.0,0.0,0.0,0.0,0.0,0.0,0.0,0.0,1.0,1.0,0.0,0,0,0,0,0,0,0,0.0,0.0,0.2,0.0
10,1400,1,dpga,roi_cls,0.043050073087215424,0.0,global_ddp_mean,2,0.0,1.7809481620788574,1.7809481620788574,0.0,0.0,0.0,0.0,0.0,0.0,0.0,0.0,0.0,0.0,0.0,0.0,0.0,1.0,1.0,0.0,0,0,0,0,0,0,0,0.0,0.0,0.2,0.0
10,1400,1,dpga,roi_reg,0.043050073087215424,0.0,global_ddp_mean,2,0.0,0.4210221469402313,0.4210221469402313,0.0,0.0,0.0,0.0,0.0,0.0,0.0,0.0,0.0,0.0,0.0,0.0,0.0,1.0,1.0,0.0,0,0,0,0,0,0,0,0.0,0.0,0.2,0.0
11,0,1,dpga,backbone,0.08842889964580536,-0.0,global_ddp_mean,2,0.0,3.867629289627075,3.867629289627075,0.0,0.0,0.0,0.0,0.0,0.0,0.0,0.0,0.0,0.0,0.0,0.0,0.0,1.0,1.0,0.0,0,0,0,0,0,0,0,0.0,0.0,0.2,0.0
11,0,1,dpga,fpn,0.08842889964580536,-0.0,global_ddp_mean,2,0.0,0.7419689297676086,0.7419689297676086,0.0,0.0,0.0,0.0,0.0,0.0,0.0,0.0,0.0,0.0,0.0,0.0,0.0,1.0,1.0,0.0,0,0,0,0,0,0,0,0.0,0.0,0.2,0.0
11,0,1,dpga,rpn,0.08842889964580536,-0.0,global_ddp_mean,2,0.0,0.8399703502655029,0.8399703502655029,0.0,0.0,0.0,0.0,0.0,0.0,0.0,0.0,0.0,0.0,0.0,0.0,0.0,1.0,1.0,0.0,0,0,0,0,0,0,0,0.0,0.0,0.2,0.0
11,0,1,dpga,roi_shared,0.08842889964580536,-0.0,global_ddp_mean,2,0.0,1.3630715608596802,1.3630715608596802,0.0,0.0,0.0,0.0,0.0,0.0,0.0,0.0,0.0,0.0,0.0,0.0,0.0,1.0,1.0,0.0,0,0,0,0,0,0,0,0.0,0.0,0.2,0.0
11,0,1,dpga,roi_cls,0.08842889964580536,-0.0,global_ddp_mean,2,0.0,1.0976158380508423,1.0976158380508423,0.0,0.0,0.0,0.0,0.0,0.0,0.0,0.0,0.0,0.0,0.0,0.0,0.0,1.0,1.0,0.0,0,0,0,0,0,0,0,0.0,0.0,0.2,0.0
11,0,1,dpga,roi_reg,0.08842889964580536,-0.0,global_ddp_mean,2,0.0,0.45499110221862793,0.45499110221862793,0.0,0.0,0.0,0.0,0.0,0.0,0.0,0.0,0.0,0.0,0.0,0.0,0.0,1.0,1.0,0.0,0,0,0,0,0,0,0,0.0,0.0,0.2,0.0
11,100,1,dpga,backbone,0.44944649934768677,0.0,global_ddp_mean,2,0.0,8.681488037109375,8.681488037109375,0.0,0.0,0.0,0.0,0.0,0.0,0.0,0.0,0.0,0.0,0.0,0.0,0.0,1.0,1.0,0.0,0,0,0,0,0,0,0,0.0,0.0,0.2,0.0
11,100,1,dpga,fpn,0.44944649934768677,0.0,global_ddp_mean,2,0.0,1.6734871864318848,1.6734871864318848,0.0,0.0,0.0,0.0,0.0,0.0,0.0,0.0,0.0,0.0,0.0,0.0,0.0,1.0,1.0,0.0,0,0,0,0,0,0,0,0.0,0.0,0.2,0.0
11,100,1,dpga,rpn,0.44944649934768677,0.0,global_ddp_mean,2,0.0,3.6255455017089844,3.6255455017089844,0.0,0.0,0.0,0.0,0.0,0.0,0.0,0.0,0.0,0.0,0.0,0.0,0.0,1.0,1.0,0.0,0,0,0,0,0,0,0,0.0,0.0,0.2,0.0
11,100,1,dpga,roi_shared,0.44944649934768677,0.0,global_ddp_mean,2,0.0,3.0206735134124756,3.0206735134124756,0.0,0.0,0.0,0.0,0.0,0.0,0.0,0.0,0.0,0.0,0.0,0.0,0.0,1.0,1.0,0.0,0,0,0,0,0,0,0,0.0,0.0,0.2,0.0
11,100,1,dpga,roi_cls,0.44944649934768677,0.0,global_ddp_mean,2,0.0,2.1014299392700195,2.1014299392700195,0.0,0.0,0.0,0.0,0.0,0.0,0.0,0.0,0.0,0.0,0.0,0.0,0.0,1.0,1.0,0.0,0,0,0,0,0,0,0,0.0,0.0,0.2,0.0
11,100,1,dpga,roi_reg,0.44944649934768677,0.0,global_ddp_mean,2,0.0,1.5797370672225952,1.5797370672225952,0.0,0.0,0.0,0.0,0.0,0.0,0.0,0.0,0.0,0.0,0.0,0.0,0.0,1.0,1.0,0.0,0,0,0,0,0,0,0,0.0,0.0,0.2,0.0
11,200,1,dpga,backbone,0.13480238616466522,0.0,global_ddp_mean,2,0.2165832668542862,9.940185546875,9.940185546875,1.1330739818626867e-10,1.1330739818626867e-10,1.1330739818626867e-10,1.1330739818626867e-10,1.6929156433184526e-11,1.1330739818626867e-10,1.1398921846271804e-11,1.1398921846271804e-11,1.1398921846271804e-11,1.7031026587332388e-12,1.7031026587332388e-12,3.6886353761666536e-13,3.6886353761666536e-13,1.0000000000003688,1.0000000000003688,0.0,0,0,0,0,0,0,0,1.0,0.7470454573631287,0.2,0.14940910041332245
11,200,1,dpga,fpn,0.13480238616466522,0.0,global_ddp_mean,2,0.08596291393041611,1.5361649990081787,1.5361649990081787,2.8181759009759944e-11,2.8181759009759944e-11,2.8181759009759944e-11,2.8181759009759944e-11,3.4146673942073743e-12,2.8181759009759944e-11,1.834552865607238e-11,1.834552865607238e-11,1.834552865607238e-11,2.2228519699459667e-12,2.2228519699459667e-12,1.9108283257252104e-13,1.9108283257252104e-13,1.000000000000191,1.000000000000191,0.0,0,0,0,0,0,0,0,1.0,0.6058293581008911,0.2,0.12116587162017822
11,200,1,dpga,rpn,0.13480238616466522,0.0,global_ddp_mean,2,0.0,2.5935940742492676,2.5935940742492676,0.0,0.0,0.0,0.0,0.0,0.0,0.0,0.0,0.0,0.0,0.0,0.0,0.0,1.0,1.0,0.0,0,0,0,0,0,0,0,0.0,0.0,0.2,0.0
11,200,1,dpga,roi_shared,0.13480238616466522,0.0,global_ddp_mean,2,0.13860608637332916,2.9599387645721436,2.9599387645721436,7.741309676623231e-11,7.741309676623231e-11,7.741309676623231e-11,7.741309676623231e-11,1.0321344186601991e-11,7.741309676623231e-11,2.6153614288511237e-11,2.6153614288511237e-11,2.6153614288511237e-11,3.487012741661881e-12,3.487012741661881e-12,4.83321189255686e-13,4.83321189255686e-13,1.0000000000004834,1.0000000000004834,0.0,0,0,0,0,0,0,0,1.0,0.6666406989097595,0.2,0.1333281397819519
11,200,1,dpga,roi_cls,0.13480238616466522,0.0,global_ddp_mean,2,0.0,1.5297073125839233,1.5297073125839233,0.0,0.0,0.0,0.0,0.0,0.0,0.0,0.0,0.0,0.0,0.0,0.0,0.0,1.0,1.0,0.0,0,0,0,0,0,0,0,0.0,0.0,0.2,0.0
11,200,1,dpga,roi_reg,0.13480238616466522,0.0,global_ddp_mean,2,0.4397074282169342,3.789884090423584,3.789884090423584,2.601162063520235e-10,2.601162063520235e-10,2.601162063520235e-10,2.601162063520235e-10,4.682705864095597e-11,2.601162063520235e-10,6.863434346430133e-11,6.863434346430133e-11,6.863434346430133e-11,1.2355802321047304e-11,1.2355802321047304e-11,5.432938062144537e-12,5.432938062144537e-12,1.000000000005433,1.000000000005433,0.0,0,0,0,0,0,0,0,1.0,0.9001180529594421,0.2,0.18002361059188843
11,300,1,dpga,backbone,0.3766586184501648,0.0,global_ddp_mean,2,0.0,14.171305656433105,14.171305656433105,0.0,0.0,0.0,0.0,0.0,0.0,0.0,0.0,0.0,0.0,0.0,0.0,0.0,1.0,1.0,0.0,0,0,0,0,0,0,0,0.0,0.0,0.2,0.0
11,300,1,dpga,fpn,0.3766586184501648,0.0,global_ddp_mean,2,0.0,2.993436813354492,2.993436813354492,0.0,0.0,0.0,0.0,0.0,0.0,0.0,0.0,0.0,0.0,0.0,0.0,0.0,1.0,1.0,0.0,0,0,0,0,0,0,0,0.0,0.0,0.2,0.0
11,300,1,dpga,rpn,0.3766586184501648,0.0,global_ddp_mean,2,0.0,3.0063881874084473,3.0063881874084473,0.0,0.0,0.0,0.0,0.0,0.0,0.0,0.0,0.0,0.0,0.0,0.0,0.0,1.0,1.0,0.0,0,0,0,0,0,0,0,0.0,0.0,0.2,0.0
11,300,1,dpga,roi_shared,0.3766586184501648,0.0,global_ddp_mean,2,0.0,5.8984694480896,5.8984694480896,0.0,0.0,0.0,0.0,0.0,0.0,0.0,0.0,0.0,0.0,0.0,0.0,0.0,1.0,1.0,0.0,0,0,0,0,0,0,0,0.0,0.0,0.2,0.0
11,300,1,dpga,roi_cls,0.3766586184501648,0.0,global_ddp_mean,2,0.0,5.726883888244629,5.726883888244629,0.0,0.0,0.0,0.0,0.0,0.0,0.0,0.0,0.0,0.0,0.0,0.0,0.0,1.0,1.0,0.0,0,0,0,0,0,0,0,0.0,0.0,0.2,0.0
11,300,1,dpga,roi_reg,0.3766586184501648,0.0,global_ddp_mean,2,0.0,5.086611270904541,5.086611270904541,0.0,0.0,0.0,0.0,0.0,0.0,0.0,0.0,0.0,0.0,0.0,0.0,0.0,1.0,1.0,0.0,0,0,0,0,0,0,0,0.0,0.0,0.2,0.0
11,400,1,dpga,backbone,0.35621321201324463,0.0,global_ddp_mean,2,0.0,12.696946144104004,12.696946144104004,0.0,0.0,0.0,0.0,0.0,0.0,0.0,0.0,0.0,0.0,0.0,0.0,0.0,1.0,1.0,0.0,0,0,0,0,0,0,0,0.0,0.0,0.2,0.0
11,400,1,dpga,fpn,0.35621321201324463,0.0,global_ddp_mean,2,0.0,2.3598105907440186,2.3598105907440186,0.0,0.0,0.0,0.0,0.0,0.0,0.0,0.0,0.0,0.0,0.0,0.0,0.0,1.0,1.0,0.0,0,0,0,0,0,0,0,0.0,0.0,0.2,0.0
11,400,1,dpga,rpn,0.35621321201324463,0.0,global_ddp_mean,2,0.0,3.7448174953460693,3.7448174953460693,0.0,0.0,0.0,0.0,0.0,0.0,0.0,0.0,0.0,0.0,0.0,0.0,0.0,1.0,1.0,0.0,0,0,0,0,0,0,0,0.0,0.0,0.2,0.0
11,400,1,dpga,roi_shared,0.35621321201324463,0.0,global_ddp_mean,2,0.0,6.019510269165039,6.019510269165039,0.0,0.0,0.0,0.0,0.0,0.0,0.0,0.0,0.0,0.0,0.0,0.0,0.0,1.0,1.0,0.0,0,0,0,0,0,0,0,0.0,0.0,0.2,0.0
11,400,1,dpga,roi_cls,0.35621321201324463,0.0,global_ddp_mean,2,0.0,5.25499153137207,5.25499153137207,0.0,0.0,0.0,0.0,0.0,0.0,0.0,0.0,0.0,0.0,0.0,0.0,0.0,1.0,1.0,0.0,0,0,0,0,0,0,0,0.0,0.0,0.2,0.0
11,400,1,dpga,roi_reg,0.35621321201324463,0.0,global_ddp_mean,2,0.0,2.9301934242248535,2.9301934242248535,0.0,0.0,0.0,0.0,0.0,0.0,0.0,0.0,0.0,0.0,0.0,0.0,0.0,1.0,1.0,0.0,0,0,0,0,0,0,0,0.0,0.0,0.2,0.0
11,500,1,dpga,backbone,0.2664918303489685,0.0,global_ddp_mean,2,0.0,6.595654010772705,6.595654010772705,0.0,0.0,0.0,0.0,0.0,0.0,0.0,0.0,0.0,0.0,0.0,0.0,0.0,1.0,1.0,0.0,0,0,0,0,0,0,0,0.0,0.0,0.2,0.0
11,500,1,dpga,fpn,0.2664918303489685,0.0,global_ddp_mean,2,0.0,1.477950930595398,1.477950930595398,0.0,0.0,0.0,0.0,0.0,0.0,0.0,0.0,0.0,0.0,0.0,0.0,0.0,1.0,1.0,0.0,0,0,0,0,0,0,0,0.0,0.0,0.2,0.0
11,500,1,dpga,rpn,0.2664918303489685,0.0,global_ddp_mean,2,0.0,2.936645984649658,2.936645984649658,0.0,0.0,0.0,0.0,0.0,0.0,0.0,0.0,0.0,0.0,0.0,0.0,0.0,1.0,1.0,0.0,0,0,0,0,0,0,0,0.0,0.0,0.2,0.0
11,500,1,dpga,roi_shared,0.2664918303489685,0.0,global_ddp_mean,2,0.0,2.1139097213745117,2.1139097213745117,0.0,0.0,0.0,0.0,0.0,0.0,0.0,0.0,0.0,0.0,0.0,0.0,0.0,1.0,1.0,0.0,0,0,0,0,0,0,0,0.0,0.0,0.2,0.0
11,500,1,dpga,roi_cls,0.2664918303489685,0.0,global_ddp_mean,2,0.0,1.1949204206466675,1.1949204206466675,0.0,0.0,0.0,0.0,0.0,0.0,0.0,0.0,0.0,0.0,0.0,0.0,0.0,1.0,1.0,0.0,0,0,0,0,0,0,0,0.0,0.0,0.2,0.0
11,500,1,dpga,roi_reg,0.2664918303489685,0.0,global_ddp_mean,2,0.0,2.106994390487671,2.106994390487671,0.0,0.0,0.0,0.0,0.0,0.0,0.0,0.0,0.0,0.0,0.0,0.0,0.0,1.0,1.0,0.0,0,0,0,0,0,0,0,0.0,0.0,0.2,0.0
11,600,1,dpga,backbone,0.08472560346126556,0.0,global_ddp_mean,2,0.0,5.465816020965576,5.465816020965576,0.0,0.0,0.0,0.0,0.0,0.0,0.0,0.0,0.0,0.0,0.0,0.0,0.0,1.0,1.0,0.0,0,0,0,0,0,0,0,0.0,0.0,0.2,0.0
11,600,1,dpga,fpn,0.08472560346126556,0.0,global_ddp_mean,2,0.0,1.3505874872207642,1.3505874872207642,0.0,0.0,0.0,0.0,0.0,0.0,0.0,0.0,0.0,0.0,0.0,0.0,0.0,1.0,1.0,0.0,0,0,0,0,0,0,0,0.0,0.0,0.2,0.0
11,600,1,dpga,rpn,0.08472560346126556,0.0,global_ddp_mean,2,0.0,0.6471954584121704,0.6471954584121704,0.0,0.0,0.0,0.0,0.0,0.0,0.0,0.0,0.0,0.0,0.0,0.0,0.0,1.0,1.0,0.0,0,0,0,0,0,0,0,0.0,0.0,0.2,0.0
11,600,1,dpga,roi_shared,0.08472560346126556,0.0,global_ddp_mean,2,0.0,2.9383835792541504,2.9383835792541504,0.0,0.0,0.0,0.0,0.0,0.0,0.0,0.0,0.0,0.0,0.0,0.0,0.0,1.0,1.0,0.0,0,0,0,0,0,0,0,0.0,0.0,0.2,0.0
11,600,1,dpga,roi_cls,0.08472560346126556,0.0,global_ddp_mean,2,0.0,2.234286069869995,2.234286069869995,0.0,0.0,0.0,0.0,0.0,0.0,0.0,0.0,0.0,0.0,0.0,0.0,0.0,1.0,1.0,0.0,0,0,0,0,0,0,0,0.0,0.0,0.2,0.0
11,600,1,dpga,roi_reg,0.08472560346126556,0.0,global_ddp_mean,2,0.0,0.9135639071464539,0.9135639071464539,0.0,0.0,0.0,0.0,0.0,0.0,0.0,0.0,0.0,0.0,0.0,0.0,0.0,1.0,1.0,0.0,0,0,0,0,0,0,0,0.0,0.0,0.2,0.0
11,700,1,dpga,backbone,0.09572456777095795,-0.0,global_ddp_mean,2,0.0,7.1984076499938965,7.1984076499938965,0.0,0.0,0.0,0.0,0.0,0.0,0.0,0.0,0.0,0.0,0.0,0.0,0.0,1.0,1.0,0.0,0,0,0,0,0,0,0,0.0,0.0,0.2,0.0
11,700,1,dpga,fpn,0.09572456777095795,-0.0,global_ddp_mean,2,0.0,1.2134983539581299,1.2134983539581299,0.0,0.0,0.0,0.0,0.0,0.0,0.0,0.0,0.0,0.0,0.0,0.0,0.0,1.0,1.0,0.0,0,0,0,0,0,0,0,0.0,0.0,0.2,0.0
11,700,1,dpga,rpn,0.09572456777095795,-0.0,global_ddp_mean,2,0.0,1.3385788202285767,1.3385788202285767,0.0,0.0,0.0,0.0,0.0,0.0,0.0,0.0,0.0,0.0,0.0,0.0,0.0,1.0,1.0,0.0,0,0,0,0,0,0,0,0.0,0.0,0.2,0.0
11,700,1,dpga,roi_shared,0.09572456777095795,-0.0,global_ddp_mean,2,0.0,2.3525519371032715,2.3525519371032715,0.0,0.0,0.0,0.0,0.0,0.0,0.0,0.0,0.0,0.0,0.0,0.0,0.0,1.0,1.0,0.0,0,0,0,0,0,0,0,0.0,0.0,0.2,0.0
11,700,1,dpga,roi_cls,0.09572456777095795,-0.0,global_ddp_mean,2,0.0,2.04465913772583,2.04465913772583,0.0,0.0,0.0,0.0,0.0,0.0,0.0,0.0,0.0,0.0,0.0,0.0,0.0,1.0,1.0,0.0,0,0,0,0,0,0,0,0.0,0.0,0.2,0.0
11,700,1,dpga,roi_reg,0.09572456777095795,-0.0,global_ddp_mean,2,0.0,0.3387073576450348,0.3387073576450348,0.0,0.0,0.0,0.0,0.0,0.0,0.0,0.0,0.0,0.0,0.0,0.0,0.0,1.0,1.0,0.0,0,0,0,0,0,0,0,0.0,0.0,0.2,0.0
11,800,1,dpga,backbone,0.03791424259543419,0.0,global_ddp_mean,2,0.0,10.316258430480957,10.316258430480957,0.0,0.0,0.0,0.0,0.0,0.0,0.0,0.0,0.0,0.0,0.0,0.0,0.0,1.0,1.0,0.0,0,0,0,0,0,0,0,0.0,0.0,0.2,0.0
11,800,1,dpga,fpn,0.03791424259543419,0.0,global_ddp_mean,2,0.0,1.7339798212051392,1.7339798212051392,0.0,0.0,0.0,0.0,0.0,0.0,0.0,0.0,0.0,0.0,0.0,0.0,0.0,1.0,1.0,0.0,0,0,0,0,0,0,0,0.0,0.0,0.2,0.0
11,800,1,dpga,rpn,0.03791424259543419,0.0,global_ddp_mean,2,0.0,0.4905730187892914,0.4905730187892914,0.0,0.0,0.0,0.0,0.0,0.0,0.0,0.0,0.0,0.0,0.0,0.0,0.0,1.0,1.0,0.0,0,0,0,0,0,0,0,0.0,0.0,0.2,0.0
11,800,1,dpga,roi_shared,0.03791424259543419,0.0,global_ddp_mean,2,0.0,3.854856491088867,3.854856491088867,0.0,0.0,0.0,0.0,0.0,0.0,0.0,0.0,0.0,0.0,0.0,0.0,0.0,1.0,1.0,0.0,0,0,0,0,0,0,0,0.0,0.0,0.2,0.0
11,800,1,dpga,roi_cls,0.03791424259543419,0.0,global_ddp_mean,2,0.0,3.689842700958252,3.689842700958252,0.0,0.0,0.0,0.0,0.0,0.0,0.0,0.0,0.0,0.0,0.0,0.0,0.0,1.0,1.0,0.0,0,0,0,0,0,0,0,0.0,0.0,0.2,0.0
11,800,1,dpga,roi_reg,0.03791424259543419,0.0,global_ddp_mean,2,0.0,0.0,0.0,0.0,0.0,0.0,0.0,0.0,0.0,0.0,0.0,0.0,0.0,0.0,0.0,0.0,0.0,0.0,90.0,0,0,0,0,0,0,0,0.0,0.0,0.2,0.0
11,900,1,dpga,backbone,0.10496411472558975,0.0,global_ddp_mean,2,0.0,8.667726516723633,8.667726516723633,0.0,0.0,0.0,0.0,0.0,0.0,0.0,0.0,0.0,0.0,0.0,0.0,0.0,1.0,1.0,0.0,0,0,0,0,0,0,0,0.0,0.0,0.2,0.0
11,900,1,dpga,fpn,0.10496411472558975,0.0,global_ddp_mean,2,0.0,1.882880449295044,1.882880449295044,0.0,0.0,0.0,0.0,0.0,0.0,0.0,0.0,0.0,0.0,0.0,0.0,0.0,1.0,1.0,0.0,0,0,0,0,0,0,0,0.0,0.0,0.2,0.0
11,900,1,dpga,rpn,0.10496411472558975,0.0,global_ddp_mean,2,0.0,2.027388095855713,2.027388095855713,0.0,0.0,0.0,0.0,0.0,0.0,0.0,0.0,0.0,0.0,0.0,0.0,0.0,1.0,1.0,0.0,0,0,0,0,0,0,0,0.0,0.0,0.2,0.0
11,900,1,dpga,roi_shared,0.10496411472558975,0.0,global_ddp_mean,2,0.0,3.8813416957855225,3.8813416957855225,0.0,0.0,0.0,0.0,0.0,0.0,0.0,0.0,0.0,0.0,0.0,0.0,0.0,1.0,1.0,0.0,0,0,0,0,0,0,0,0.0,0.0,0.2,0.0
11,900,1,dpga,roi_cls,0.10496411472558975,0.0,global_ddp_mean,2,0.0,2.446953773498535,2.446953773498535,0.0,0.0,0.0,0.0,0.0,0.0,0.0,0.0,0.0,0.0,0.0,0.0,0.0,1.0,1.0,0.0,0,0,0,0,0,0,0,0.0,0.0,0.2,0.0
11,900,1,dpga,roi_reg,0.10496411472558975,0.0,global_ddp_mean,2,0.0,3.4644341468811035,3.4644341468811035,0.0,0.0,0.0,0.0,0.0,0.0,0.0,0.0,0.0,0.0,0.0,0.0,0.0,1.0,1.0,0.0,0,0,0,0,0,0,0,0.0,0.0,0.2,0.0
11,1000,1,dpga,backbone,0.03671113774180412,-0.0,global_ddp_mean,2,0.0,11.899392127990723,11.899392127990723,0.0,0.0,0.0,0.0,0.0,0.0,0.0,0.0,0.0,0.0,0.0,0.0,0.0,1.0,1.0,0.0,0,0,0,0,0,0,0,0.0,0.0,0.2,0.0
11,1000,1,dpga,fpn,0.03671113774180412,-0.0,global_ddp_mean,2,0.0,1.4168126583099365,1.4168126583099365,0.0,0.0,0.0,0.0,0.0,0.0,0.0,0.0,0.0,0.0,0.0,0.0,0.0,1.0,1.0,0.0,0,0,0,0,0,0,0,0.0,0.0,0.2,0.0
11,1000,1,dpga,rpn,0.03671113774180412,-0.0,global_ddp_mean,2,0.0,1.7917232513427734,1.7917232513427734,0.0,0.0,0.0,0.0,0.0,0.0,0.0,0.0,0.0,0.0,0.0,0.0,0.0,1.0,1.0,0.0,0,0,0,0,0,0,0,0.0,0.0,0.2,0.0
11,1000,1,dpga,roi_shared,0.03671113774180412,-0.0,global_ddp_mean,2,0.0,2.9048187732696533,2.9048187732696533,0.0,0.0,0.0,0.0,0.0,0.0,0.0,0.0,0.0,0.0,0.0,0.0,0.0,1.0,1.0,0.0,0,0,0,0,0,0,0,0.0,0.0,0.2,0.0
11,1000,1,dpga,roi_cls,0.03671113774180412,-0.0,global_ddp_mean,2,0.0,1.52919602394104,1.52919602394104,0.0,0.0,0.0,0.0,0.0,0.0,0.0,0.0,0.0,0.0,0.0,0.0,0.0,1.0,1.0,0.0,0,0,0,0,0,0,0,0.0,0.0,0.2,0.0
11,1000,1,dpga,roi_reg,0.03671113774180412,-0.0,global_ddp_mean,2,0.0,1.3517709970474243,1.3517709970474243,0.0,0.0,0.0,0.0,0.0,0.0,0.0,0.0,0.0,0.0,0.0,0.0,0.0,1.0,1.0,0.0,0,0,0,0,0,0,0,0.0,0.0,0.2,0.0
11,1100,1,dpga,backbone,0.009518089704215527,0.0,global_ddp_mean,2,0.0,3.2637977600097656,3.2637977600097656,0.0,0.0,0.0,0.0,0.0,0.0,0.0,0.0,0.0,0.0,0.0,0.0,0.0,1.0,1.0,0.0,0,0,0,0,0,0,0,0.0,0.0,0.2,0.0
11,1100,1,dpga,fpn,0.009518089704215527,0.0,global_ddp_mean,2,0.0,0.5439417958259583,0.5439417958259583,0.0,0.0,0.0,0.0,0.0,0.0,0.0,0.0,0.0,0.0,0.0,0.0,0.0,1.0,1.0,0.0,0,0,0,0,0,0,0,0.0,0.0,0.2,0.0
11,1100,1,dpga,rpn,0.009518089704215527,0.0,global_ddp_mean,2,0.0,1.0989177227020264,1.0989177227020264,0.0,0.0,0.0,0.0,0.0,0.0,0.0,0.0,0.0,0.0,0.0,0.0,0.0,1.0,1.0,0.0,0,0,0,0,0,0,0,0.0,0.0,0.2,0.0
11,1100,1,dpga,roi_shared,0.009518089704215527,0.0,global_ddp_mean,2,0.0,0.0,0.0,0.0,0.0,0.0,0.0,0.0,0.0,0.0,0.0,0.0,0.0,0.0,0.0,0.0,0.0,0.0,90.0,0,0,0,0,0,0,0,0.0,0.0,0.2,0.0
11,1100,1,dpga,roi_cls,0.009518089704215527,0.0,global_ddp_mean,2,0.0,0.0,0.0,0.0,0.0,0.0,0.0,0.0,0.0,0.0,0.0,0.0,0.0,0.0,0.0,0.0,0.0,0.0,90.0,0,0,0,0,0,0,0,0.0,0.0,0.2,0.0
11,1100,1,dpga,roi_reg,0.009518089704215527,0.0,global_ddp_mean,2,0.0,0.0,0.0,0.0,0.0,0.0,0.0,0.0,0.0,0.0,0.0,0.0,0.0,0.0,0.0,0.0,0.0,0.0,90.0,0,0,0,0,0,0,0,0.0,0.0,0.2,0.0
11,1200,1,dpga,backbone,0.09533994644880295,0.0,global_ddp_mean,2,0.0,6.215510368347168,6.215510368347168,0.0,0.0,0.0,0.0,0.0,0.0,0.0,0.0,0.0,0.0,0.0,0.0,0.0,1.0,1.0,0.0,0,0,0,0,0,0,0,0.0,0.0,0.2,0.0
11,1200,1,dpga,fpn,0.09533994644880295,0.0,global_ddp_mean,2,0.0,0.9706195592880249,0.9706195592880249,0.0,0.0,0.0,0.0,0.0,0.0,0.0,0.0,0.0,0.0,0.0,0.0,0.0,1.0,1.0,0.0,0,0,0,0,0,0,0,0.0,0.0,0.2,0.0
11,1200,1,dpga,rpn,0.09533994644880295,0.0,global_ddp_mean,2,0.0,1.1636004447937012,1.1636004447937012,0.0,0.0,0.0,0.0,0.0,0.0,0.0,0.0,0.0,0.0,0.0,0.0,0.0,1.0,1.0,0.0,0,0,0,0,0,0,0,0.0,0.0,0.2,0.0
11,1200,1,dpga,roi_shared,0.09533994644880295,0.0,global_ddp_mean,2,0.0,1.9427623748779297,1.9427623748779297,0.0,0.0,0.0,0.0,0.0,0.0,0.0,0.0,0.0,0.0,0.0,0.0,0.0,1.0,1.0,0.0,0,0,0,0,0,0,0,0.0,0.0,0.2,0.0
11,1200,1,dpga,roi_cls,0.09533994644880295,0.0,global_ddp_mean,2,0.0,1.605392336845398,1.605392336845398,0.0,0.0,0.0,0.0,0.0,0.0,0.0,0.0,0.0,0.0,0.0,0.0,0.0,1.0,1.0,0.0,0,0,0,0,0,0,0,0.0,0.0,0.2,0.0
11,1200,1,dpga,roi_reg,0.09533994644880295,0.0,global_ddp_mean,2,0.0,0.3329700231552124,0.3329700231552124,0.0,0.0,0.0,0.0,0.0,0.0,0.0,0.0,0.0,0.0,0.0,0.0,0.0,1.0,1.0,0.0,0,0,0,0,0,0,0,0.0,0.0,0.2,0.0
11,1300,1,dpga,backbone,0.9978092908859253,0.0,global_ddp_mean,2,0.0,25.462270736694336,25.462270736694336,0.0,0.0,0.0,0.0,0.0,0.0,0.0,0.0,0.0,0.0,0.0,0.0,0.0,1.0,1.0,0.0,0,0,0,0,0,0,0,0.0,0.0,0.2,0.0
11,1300,1,dpga,fpn,0.9978092908859253,0.0,global_ddp_mean,2,0.0,6.476483345031738,6.476483345031738,0.0,0.0,0.0,0.0,0.0,0.0,0.0,0.0,0.0,0.0,0.0,0.0,0.0,1.0,1.0,0.0,0,0,0,0,0,0,0,0.0,0.0,0.2,0.0
11,1300,1,dpga,rpn,0.9978092908859253,0.0,global_ddp_mean,2,0.0,6.436788082122803,6.436788082122803,0.0,0.0,0.0,0.0,0.0,0.0,0.0,0.0,0.0,0.0,0.0,0.0,0.0,1.0,1.0,0.0,0,0,0,0,0,0,0,0.0,0.0,0.2,0.0
11,1300,1,dpga,roi_shared,0.9978092908859253,0.0,global_ddp_mean,2,0.0,14.680656433105469,14.680656433105469,0.0,0.0,0.0,0.0,0.0,0.0,0.0,0.0,0.0,0.0,0.0,0.0,0.0,1.0,1.0,0.0,0,0,0,0,0,0,0,0.0,0.0,0.2,0.0
11,1300,1,dpga,roi_cls,0.9978092908859253,0.0,global_ddp_mean,2,0.0,11.821925163269043,11.821925163269043,0.0,0.0,0.0,0.0,0.0,0.0,0.0,0.0,0.0,0.0,0.0,0.0,0.0,1.0,1.0,0.0,0,0,0,0,0,0,0,0.0,0.0,0.2,0.0
11,1300,1,dpga,roi_reg,0.9978092908859253,0.0,global_ddp_mean,2,0.0,2.312652349472046,2.312652349472046,0.0,0.0,0.0,0.0,0.0,0.0,0.0,0.0,0.0,0.0,0.0,0.0,0.0,1.0,1.0,0.0,0,0,0,0,0,0,0,0.0,0.0,0.2,0.0
11,1400,1,dpga,backbone,0.26001089811325073,0.0,global_ddp_mean,2,0.0,5.395825386047363,5.395825386047363,0.0,0.0,0.0,0.0,0.0,0.0,0.0,0.0,0.0,0.0,0.0,0.0,0.0,1.0,1.0,0.0,0,0,0,0,0,0,0,0.0,0.0,0.2,0.0
11,1400,1,dpga,fpn,0.26001089811325073,0.0,global_ddp_mean,2,0.0,0.9248211979866028,0.9248211979866028,0.0,0.0,0.0,0.0,0.0,0.0,0.0,0.0,0.0,0.0,0.0,0.0,0.0,1.0,1.0,0.0,0,0,0,0,0,0,0,0.0,0.0,0.2,0.0
11,1400,1,dpga,rpn,0.26001089811325073,0.0,global_ddp_mean,2,0.0,1.215714931488037,1.215714931488037,0.0,0.0,0.0,0.0,0.0,0.0,0.0,0.0,0.0,0.0,0.0,0.0,0.0,1.0,1.0,0.0,0,0,0,0,0,0,0,0.0,0.0,0.2,0.0
11,1400,1,dpga,roi_shared,0.26001089811325073,0.0,global_ddp_mean,2,0.0,2.4376091957092285,2.4376091957092285,0.0,0.0,0.0,0.0,0.0,0.0,0.0,0.0,0.0,0.0,0.0,0.0,0.0,1.0,1.0,0.0,0,0,0,0,0,0,0,0.0,0.0,0.2,0.0
11,1400,1,dpga,roi_cls,0.26001089811325073,0.0,global_ddp_mean,2,0.0,2.220416784286499,2.220416784286499,0.0,0.0,0.0,0.0,0.0,0.0,0.0,0.0,0.0,0.0,0.0,0.0,0.0,1.0,1.0,0.0,0,0,0,0,0,0,0,0.0,0.0,0.2,0.0
11,1400,1,dpga,roi_reg,0.26001089811325073,0.0,global_ddp_mean,2,0.0,3.1606523990631104,3.1606523990631104,0.0,0.0,0.0,0.0,0.0,0.0,0.0,0.0,0.0,0.0,0.0,0.0,0.0,1.0,1.0,0.0,0,0,0,0,0,0,0,0.0,0.0,0.2,0.0
12,0,1,dpga,backbone,0.18527783453464508,0.0,global_ddp_mean,2,-0.25694745779037476,9.527310371398926,9.527310371398926,6.453078269958496,6.453078269958496,6.2364182472229,0.9527311325073242,0.04129992205091426,0.9527311325073242,0.6773242414071758,0.6545832983403885,0.10000001000990079,0.004334898354408293,0.004334898354408293,-1.0496642097866282e-10,-1.0496642097866282e-10,0.9999999998950335,0.9999905906768235,0.24855194352084473,1,0,0,0,0,1,1,0.15276895463466644,0.21674488484859467,0.2,0.04334897920489311
12,0,1,dpga,fpn,0.18527783453464508,0.0,global_ddp_mean,2,-0.04049677774310112,2.193535804748535,2.193535804748535,1.7432243824005127,1.7432243824005127,1.741794228553772,0.32903042435646057,0.029583206537458162,0.32903042435646057,0.7947097916645834,0.7940578060240278,0.15000002445557542,0.013486539163580944,0.013486539163580944,-2.0980997177107404e-11,-2.0980997177107404e-11,0.999999999979019,0.9999091421858133,0.7723640671886481,1,0,0,0,0,1,1,0.18890313804149628,0.44955122470855713,0.2,0.08991024643182755
12,0,1,dpga,rpn,0.18527783453464508,0.0,global_ddp_mean,2,0.0,1.1743621826171875,1.1743621826171875,0.0,0.0,0.0,0.0,0.0,0.0,0.0,0.0,0.0,0.0,0.0,0.0,0.0,1.0,1.0,0.0,0,0,0,0,0,0,0,0.0,0.0,0.2,0.0
12,0,1,dpga,roi_shared,0.18527783453464508,0.0,global_ddp_mean,2,0.05498507246375084,4.93878698348999,4.93878698348999,0.7579627633094788,0.7579627633094788,0.7579627633094788,0.7579627633094788,0.08615030200516571,0.7579627633094788,0.15347144265247595,0.15347144265247595,0.15347144265247595,0.017443615667806684,0.017443615667806684,0.0009591384715241701,0.0009591384715241701,1.0009591384715242,0.9998486017777759,0.9970191441514191,0,0,0,0,0,0,0,1.0,0.5683016777038574,0.2,0.11366033554077148
12,0,1,dpga,roi_cls,0.18527783453464508,0.0,global_ddp_mean,2,0.0,4.685837745666504,4.685837745666504,0.0,0.0,0.0,0.0,0.0,0.0,0.0,0.0,0.0,0.0,0.0,0.0,0.0,1.0,1.0,0.0,0,0,0,0,0,0,0,0.0,0.0,0.2,0.0
12,0,1,dpga,roi_reg,0.18527783453464508,0.0,global_ddp_mean,2,0.21352168917655945,0.9353536367416382,0.9353536367416382,1.84031081199646,1.84031081199646,1.84031081199646,0.04676768183708191,0.006960357966829367,0.04676768183708191,1.967502706684603,1.967502706684603,0.05,0.007441418617963791,0.007441418617963791,0.0015889042731775272,0.0015889042731775272,1.0015889042731774,0.9999736662606598,0.4158099232759583,0,1,0,0,0,0,1,0.025412926450371742,0.7441418170928955,0.2,0.14882837235927582
12,100,1,dpga,backbone,0.5883483290672302,0.0,global_ddp_mean,2,0.0,7.283479690551758,7.283479690551758,0.0,0.0,0.0,0.0,0.0,0.0,0.0,0.0,0.0,0.0,0.0,0.0,0.0,1.0,1.0,0.0,0,0,0,0,0,0,0,0.0,0.0,0.2,0.0
12,100,1,dpga,fpn,0.5883483290672302,0.0,global_ddp_mean,2,0.0,1.5612685680389404,1.5612685680389404,0.0,0.0,0.0,0.0,0.0,0.0,0.0,0.0,0.0,0.0,0.0,0.0,0.0,1.0,1.0,0.0,0,0,0,0,0,0,0,0.0,0.0,0.2,0.0
12,100,1,dpga,rpn,0.5883483290672302,0.0,global_ddp_mean,2,0.0,2.6961774826049805,2.6961774826049805,0.0,0.0,0.0,0.0,0.0,0.0,0.0,0.0,0.0,0.0,0.0,0.0,0.0,1.0,1.0,0.0,0,0,0,0,0,0,0,0.0,0.0,0.2,0.0
12,100,1,dpga,roi_shared,0.5883483290672302,0.0,global_ddp_mean,2,0.0,2.725853681564331,2.725853681564331,0.0,0.0,0.0,0.0,0.0,0.0,0.0,0.0,0.0,0.0,0.0,0.0,0.0,1.0,1.0,0.0,0,0,0,0,0,0,0,0.0,0.0,0.2,0.0
12,100,1,dpga,roi_cls,0.5883483290672302,0.0,global_ddp_mean,2,0.0,1.6039761304855347,1.6039761304855347,0.0,0.0,0.0,0.0,0.0,0.0,0.0,0.0,0.0,0.0,0.0,0.0,0.0,1.0,1.0,0.0,0,0,0,0,0,0,0,0.0,0.0,0.2,0.0
12,100,1,dpga,roi_reg,0.5883483290672302,0.0,global_ddp_mean,2,0.0,2.544187068939209,2.544187068939209,0.0,0.0,0.0,0.0,0.0,0.0,0.0,0.0,0.0,0.0,0.0,0.0,0.0,1.0,1.0,0.0,0,0,0,0,0,0,0,0.0,0.0,0.2,0.0
12,200,1,dpga,backbone,0.0718650072813034,0.0,global_ddp_mean,2,0.0,8.293152809143066,8.293152809143066,0.0,0.0,0.0,0.0,0.0,0.0,0.0,0.0,0.0,0.0,0.0,0.0,0.0,1.0,1.0,0.0,0,0,0,0,0,0,0,0.0,0.0,0.2,0.0
12,200,1,dpga,fpn,0.0718650072813034,0.0,global_ddp_mean,2,0.0,1.2597594261169434,1.2597594261169434,0.0,0.0,0.0,0.0,0.0,0.0,0.0,0.0,0.0,0.0,0.0,0.0,0.0,1.0,1.0,0.0,0,0,0,0,0,0,0,0.0,0.0,0.2,0.0
12,200,1,dpga,rpn,0.0718650072813034,0.0,global_ddp_mean,2,0.0,1.6014835834503174,1.6014835834503174,0.0,0.0,0.0,0.0,0.0,0.0,0.0,0.0,0.0,0.0,0.0,0.0,0.0,1.0,1.0,0.0,0,0,0,0,0,0,0,0.0,0.0,0.2,0.0
12,200,1,dpga,roi_shared,0.0718650072813034,0.0,global_ddp_mean,2,0.0,2.424790620803833,2.424790620803833,0.0,0.0,0.0,0.0,0.0,0.0,0.0,0.0,0.0,0.0,0.0,0.0,0.0,1.0,1.0,0.0,0,0,0,0,0,0,0,0.0,0.0,0.2,0.0
12,200,1,dpga,roi_cls,0.0718650072813034,0.0,global_ddp_mean,2,0.0,1.9575186967849731,1.9575186967849731,0.0,0.0,0.0,0.0,0.0,0.0,0.0,0.0,0.0,0.0,0.0,0.0,0.0,1.0,1.0,0.0,0,0,0,0,0,0,0,0.0,0.0,0.2,0.0
12,200,1,dpga,roi_reg,0.0718650072813034,0.0,global_ddp_mean,2,0.0,2.3064441680908203,2.3064441680908203,0.0,0.0,0.0,0.0,0.0,0.0,0.0,0.0,0.0,0.0,0.0,0.0,0.0,1.0,1.0,0.0,0,0,0,0,0,0,0,0.0,0.0,0.2,0.0
12,300,1,dpga,backbone,0.011256610974669456,0.0,global_ddp_mean,2,0.0,6.038715839385986,6.038715839385986,0.0,0.0,0.0,0.0,0.0,0.0,0.0,0.0,0.0,0.0,0.0,0.0,0.0,1.0,1.0,0.0,0,0,0,0,0,0,0,0.0,0.0,0.2,0.0
12,300,1,dpga,fpn,0.011256610974669456,0.0,global_ddp_mean,2,0.0,1.7684069871902466,1.7684069871902466,0.0,0.0,0.0,0.0,0.0,0.0,0.0,0.0,0.0,0.0,0.0,0.0,0.0,1.0,1.0,0.0,0,0,0,0,0,0,0,0.0,0.0,0.2,0.0
12,300,1,dpga,rpn,0.011256610974669456,0.0,global_ddp_mean,2,0.0,1.5177812576293945,1.5177812576293945,0.0,0.0,0.0,0.0,0.0,0.0,0.0,0.0,0.0,0.0,0.0,0.0,0.0,1.0,1.0,0.0,0,0,0,0,0,0,0,0.0,0.0,0.2,0.0
12,300,1,dpga,roi_shared,0.011256610974669456,0.0,global_ddp_mean,2,0.0,4.335445880889893,4.335445880889893,0.0,0.0,0.0,0.0,0.0,0.0,0.0,0.0,0.0,0.0,0.0,0.0,0.0,1.0,1.0,0.0,0,0,0,0,0,0,0,0.0,0.0,0.2,0.0
12,300,1,dpga,roi_cls,0.011256610974669456,0.0,global_ddp_mean,2,0.0,2.7658822536468506,2.7658822536468506,0.0,0.0,0.0,0.0,0.0,0.0,0.0,0.0,0.0,0.0,0.0,0.0,0.0,1.0,1.0,0.0,0,0,0,0,0,0,0,0.0,0.0,0.2,0.0
12,300,1,dpga,roi_reg,0.011256610974669456,0.0,global_ddp_mean,2,0.0,2.3119044303894043,2.3119044303894043,0.0,0.0,0.0,0.0,0.0,0.0,0.0,0.0,0.0,0.0,0.0,0.0,0.0,1.0,1.0,0.0,0,0,0,0,0,0,0,0.0,0.0,0.2,0.0
12,400,1,dpga,backbone,0.5162436366081238,0.0,global_ddp_mean,2,0.0,11.664323806762695,11.664323806762695,0.0,0.0,0.0,0.0,0.0,0.0,0.0,0.0,0.0,0.0,0.0,0.0,0.0,1.0,1.0,0.0,0,0,0,0,0,0,0,0.0,0.0,0.2,0.0
12,400,1,dpga,fpn,0.5162436366081238,0.0,global_ddp_mean,2,0.0,2.140373706817627,2.140373706817627,0.0,0.0,0.0,0.0,0.0,0.0,0.0,0.0,0.0,0.0,0.0,0.0,0.0,1.0,1.0,0.0,0,0,0,0,0,0,0,0.0,0.0,0.2,0.0
12,400,1,dpga,rpn,0.5162436366081238,0.0,global_ddp_mean,2,0.0,1.7248164415359497,1.7248164415359497,0.0,0.0,0.0,0.0,0.0,0.0,0.0,0.0,0.0,0.0,0.0,0.0,0.0,1.0,1.0,0.0,0,0,0,0,0,0,0,0.0,0.0,0.2,0.0
12,400,1,dpga,roi_shared,0.5162436366081238,0.0,global_ddp_mean,2,0.0,4.581303596496582,4.581303596496582,0.0,0.0,0.0,0.0,0.0,0.0,0.0,0.0,0.0,0.0,0.0,0.0,0.0,1.0,1.0,0.0,0,0,0,0,0,0,0,0.0,0.0,0.2,0.0
12,400,1,dpga,roi_cls,0.5162436366081238,0.0,global_ddp_mean,2,0.0,2.6757843494415283,2.6757843494415283,0.0,0.0,0.0,0.0,0.0,0.0,0.0,0.0,0.0,0.0,0.0,0.0,0.0,1.0,1.0,0.0,0,0,0,0,0,0,0,0.0,0.0,0.2,0.0
12,400,1,dpga,roi_reg,0.5162436366081238,0.0,global_ddp_mean,2,0.0,3.8600430488586426,3.8600430488586426,0.0,0.0,0.0,0.0,0.0,0.0,0.0,0.0,0.0,0.0,0.0,0.0,0.0,1.0,1.0,0.0,0,0,0,0,0,0,0,0.0,0.0,0.2,0.0
12,500,1,dpga,backbone,0.013979554176330566,0.0,global_ddp_mean,2,0.0,9.123098373413086,9.123098373413086,0.0,0.0,0.0,0.0,0.0,0.0,0.0,0.0,0.0,0.0,0.0,0.0,0.0,1.0,1.0,0.0,0,0,0,0,0,0,0,0.0,0.0,0.2,0.0
12,500,1,dpga,fpn,0.013979554176330566,0.0,global_ddp_mean,2,0.0,1.821000099182129,1.821000099182129,0.0,0.0,0.0,0.0,0.0,0.0,0.0,0.0,0.0,0.0,0.0,0.0,0.0,1.0,1.0,0.0,0,0,0,0,0,0,0,0.0,0.0,0.2,0.0
12,500,1,dpga,rpn,0.013979554176330566,0.0,global_ddp_mean,2,0.0,1.6300259828567505,1.6300259828567505,0.0,0.0,0.0,0.0,0.0,0.0,0.0,0.0,0.0,0.0,0.0,0.0,0.0,1.0,1.0,0.0,0,0,0,0,0,0,0,0.0,0.0,0.2,0.0
12,500,1,dpga,roi_shared,0.013979554176330566,0.0,global_ddp_mean,2,0.0,3.514431953430176,3.514431953430176,0.0,0.0,0.0,0.0,0.0,0.0,0.0,0.0,0.0,0.0,0.0,0.0,0.0,1.0,1.0,0.0,0,0,0,0,0,0,0,0.0,0.0,0.2,0.0
12,500,1,dpga,roi_cls,0.013979554176330566,0.0,global_ddp_mean,2,0.0,3.288011074066162,3.288011074066162,0.0,0.0,0.0,0.0,0.0,0.0,0.0,0.0,0.0,0.0,0.0,0.0,0.0,1.0,1.0,0.0,0,0,0,0,0,0,0,0.0,0.0,0.2,0.0
12,500,1,dpga,roi_reg,0.013979554176330566,0.0,global_ddp_mean,2,0.0,0.0,0.0,0.0,0.0,0.0,0.0,0.0,0.0,0.0,0.0,0.0,0.0,0.0,0.0,0.0,0.0,0.0,90.0,0,0,0,0,0,0,0,0.0,0.0,0.2,0.0
12,600,1,dpga,backbone,1.0980921983718872,0.0,global_ddp_mean,2,0.0,60.0557861328125,60.0557861328125,0.0,0.0,0.0,0.0,0.0,0.0,0.0,0.0,0.0,0.0,0.0,0.0,0.0,1.0,1.0,0.0,0,0,0,0,0,0,0,0.0,0.0,0.2,0.0
12,600,1,dpga,fpn,1.0980921983718872,0.0,global_ddp_mean,2,0.0,6.3023858070373535,6.3023858070373535,0.0,0.0,0.0,0.0,0.0,0.0,0.0,0.0,0.0,0.0,0.0,0.0,0.0,1.0,1.0,0.0,0,0,0,0,0,0,0,0.0,0.0,0.2,0.0
12,600,1,dpga,rpn,1.0980921983718872,0.0,global_ddp_mean,2,0.0,7.9255290031433105,7.9255290031433105,0.0,0.0,0.0,0.0,0.0,0.0,0.0,0.0,0.0,0.0,0.0,0.0,0.0,1.0,1.0,0.0,0,0,0,0,0,0,0,0.0,0.0,0.2,0.0
12,600,1,dpga,roi_shared,1.0980921983718872,0.0,global_ddp_mean,2,0.0,11.611602783203125,11.611602783203125,0.0,0.0,0.0,0.0,0.0,0.0,0.0,0.0,0.0,0.0,0.0,0.0,0.0,1.0,1.0,0.0,0,0,0,0,0,0,0,0.0,0.0,0.2,0.0
12,600,1,dpga,roi_cls,1.0980921983718872,0.0,global_ddp_mean,2,0.0,8.428050994873047,8.428050994873047,0.0,0.0,0.0,0.0,0.0,0.0,0.0,0.0,0.0,0.0,0.0,0.0,0.0,1.0,1.0,0.0,0,0,0,0,0,0,0,0.0,0.0,0.2,0.0
12,600,1,dpga,roi_reg,1.0980921983718872,0.0,global_ddp_mean,2,0.0,4.181472301483154,4.181472301483154,0.0,0.0,0.0,0.0,0.0,0.0,0.0,0.0,0.0,0.0,0.0,0.0,0.0,1.0,1.0,0.0,0,0,0,0,0,0,0,0.0,0.0,0.2,0.0
12,700,1,dpga,backbone,0.018874552100896835,-0.0,global_ddp_mean,2,0.0,4.9953765869140625,4.9953765869140625,0.0,0.0,0.0,0.0,0.0,0.0,0.0,0.0,0.0,0.0,0.0,0.0,0.0,1.0,1.0,0.0,0,0,0,0,0,0,0,0.0,0.0,0.2,0.0
12,700,1,dpga,fpn,0.018874552100896835,-0.0,global_ddp_mean,2,0.0,1.011867880821228,1.011867880821228,0.0,0.0,0.0,0.0,0.0,0.0,0.0,0.0,0.0,0.0,0.0,0.0,0.0,1.0,1.0,0.0,0,0,0,0,0,0,0,0.0,0.0,0.2,0.0
12,700,1,dpga,rpn,0.018874552100896835,-0.0,global_ddp_mean,2,0.0,1.2071152925491333,1.2071152925491333,0.0,0.0,0.0,0.0,0.0,0.0,0.0,0.0,0.0,0.0,0.0,0.0,0.0,1.0,1.0,0.0,0,0,0,0,0,0,0,0.0,0.0,0.2,0.0
12,700,1,dpga,roi_shared,0.018874552100896835,-0.0,global_ddp_mean,2,0.0,2.0532994270324707,2.0532994270324707,0.0,0.0,0.0,0.0,0.0,0.0,0.0,0.0,0.0,0.0,0.0,0.0,0.0,1.0,1.0,0.0,0,0,0,0,0,0,0,0.0,0.0,0.2,0.0
12,700,1,dpga,roi_cls,0.018874552100896835,-0.0,global_ddp_mean,2,0.0,1.9736615419387817,1.9736615419387817,0.0,0.0,0.0,0.0,0.0,0.0,0.0,0.0,0.0,0.0,0.0,0.0,0.0,1.0,1.0,0.0,0,0,0,0,0,0,0,0.0,0.0,0.2,0.0
12,700,1,dpga,roi_reg,0.018874552100896835,-0.0,global_ddp_mean,2,0.0,0.2505274713039398,0.2505274713039398,0.0,0.0,0.0,0.0,0.0,0.0,0.0,0.0,0.0,0.0,0.0,0.0,0.0,1.0,1.0,0.0,0,0,0,0,0,0,0,0.0,0.0,0.2,0.0
12,800,1,dpga,backbone,0.06258862465620041,-0.0,global_ddp_mean,2,0.0,3.971836566925049,3.971836566925049,0.0,0.0,0.0,0.0,0.0,0.0,0.0,0.0,0.0,0.0,0.0,0.0,0.0,1.0,1.0,0.0,0,0,0,0,0,0,0,0.0,0.0,0.2,0.0
12,800,1,dpga,fpn,0.06258862465620041,-0.0,global_ddp_mean,2,0.0,0.9741412401199341,0.9741412401199341,0.0,0.0,0.0,0.0,0.0,0.0,0.0,0.0,0.0,0.0,0.0,0.0,0.0,1.0,1.0,0.0,0,0,0,0,0,0,0,0.0,0.0,0.2,0.0
12,800,1,dpga,rpn,0.06258862465620041,-0.0,global_ddp_mean,2,0.0,0.9102278351783752,0.9102278351783752,0.0,0.0,0.0,0.0,0.0,0.0,0.0,0.0,0.0,0.0,0.0,0.0,0.0,1.0,1.0,0.0,0,0,0,0,0,0,0,0.0,0.0,0.2,0.0
12,800,1,dpga,roi_shared,0.06258862465620041,-0.0,global_ddp_mean,2,0.0,2.0283408164978027,2.0283408164978027,0.0,0.0,0.0,0.0,0.0,0.0,0.0,0.0,0.0,0.0,0.0,0.0,0.0,1.0,1.0,0.0,0,0,0,0,0,0,0,0.0,0.0,0.2,0.0
12,800,1,dpga,roi_cls,0.06258862465620041,-0.0,global_ddp_mean,2,0.0,1.789006233215332,1.789006233215332,0.0,0.0,0.0,0.0,0.0,0.0,0.0,0.0,0.0,0.0,0.0,0.0,0.0,1.0,1.0,0.0,0,0,0,0,0,0,0,0.0,0.0,0.2,0.0
12,800,1,dpga,roi_reg,0.06258862465620041,-0.0,global_ddp_mean,2,0.0,0.04018975794315338,0.04018975794315338,0.0,0.0,0.0,0.0,0.0,0.0,0.0,0.0,0.0,0.0,0.0,0.0,0.0,1.0,1.0,0.0,0,0,0,0,0,0,0,0.0,0.0,0.2,0.0
12,900,1,dpga,backbone,0.8473453521728516,0.0,global_ddp_mean,2,0.0,69.53102111816406,69.53102111816406,0.0,0.0,0.0,0.0,0.0,0.0,0.0,0.0,0.0,0.0,0.0,0.0,0.0,1.0,1.0,0.0,0,0,0,0,0,0,0,0.0,0.0,0.2,0.0
12,900,1,dpga,fpn,0.8473453521728516,0.0,global_ddp_mean,2,0.0,6.553459644317627,6.553459644317627,0.0,0.0,0.0,0.0,0.0,0.0,0.0,0.0,0.0,0.0,0.0,0.0,0.0,1.0,1.0,0.0,0,0,0,0,0,0,0,0.0,0.0,0.2,0.0
12,900,1,dpga,rpn,0.8473453521728516,0.0,global_ddp_mean,2,0.0,6.436467170715332,6.436467170715332,0.0,0.0,0.0,0.0,0.0,0.0,0.0,0.0,0.0,0.0,0.0,0.0,0.0,1.0,1.0,0.0,0,0,0,0,0,0,0,0.0,0.0,0.2,0.0
12,900,1,dpga,roi_shared,0.8473453521728516,0.0,global_ddp_mean,2,0.0,12.671745300292969,12.671745300292969,0.0,0.0,0.0,0.0,0.0,0.0,0.0,0.0,0.0,0.0,0.0,0.0,0.0,1.0,1.0,0.0,0,0,0,0,0,0,0,0.0,0.0,0.2,0.0
12,900,1,dpga,roi_cls,0.8473453521728516,0.0,global_ddp_mean,2,0.0,12.802078247070312,12.802078247070312,0.0,0.0,0.0,0.0,0.0,0.0,0.0,0.0,0.0,0.0,0.0,0.0,0.0,1.0,1.0,0.0,0,0,0,0,0,0,0,0.0,0.0,0.2,0.0
12,900,1,dpga,roi_reg,0.8473453521728516,0.0,global_ddp_mean,2,0.0,5.600118637084961,5.600118637084961,0.0,0.0,0.0,0.0,0.0,0.0,0.0,0.0,0.0,0.0,0.0,0.0,0.0,1.0,1.0,0.0,0,0,0,0,0,0,0,0.0,0.0,0.2,0.0
12,1000,1,dpga,backbone,0.029606014490127563,-0.0,global_ddp_mean,2,0.0,28.46517562866211,28.46517562866211,0.0,0.0,0.0,0.0,0.0,0.0,0.0,0.0,0.0,0.0,0.0,0.0,0.0,1.0,1.0,0.0,0,0,0,0,0,0,0,0.0,0.0,0.2,0.0
12,1000,1,dpga,fpn,0.029606014490127563,-0.0,global_ddp_mean,2,0.0,7.126046657562256,7.126046657562256,0.0,0.0,0.0,0.0,0.0,0.0,0.0,0.0,0.0,0.0,0.0,0.0,0.0,1.0,1.0,0.0,0,0,0,0,0,0,0,0.0,0.0,0.2,0.0
12,1000,1,dpga,rpn,0.029606014490127563,-0.0,global_ddp_mean,2,0.0,4.435863971710205,4.435863971710205,0.0,0.0,0.0,0.0,0.0,0.0,0.0,0.0,0.0,0.0,0.0,0.0,0.0,1.0,1.0,0.0,0,0,0,0,0,0,0,0.0,0.0,0.2,0.0
12,1000,1,dpga,roi_shared,0.029606014490127563,-0.0,global_ddp_mean,2,0.0,16.300222396850586,16.300222396850586,0.0,0.0,0.0,0.0,0.0,0.0,0.0,0.0,0.0,0.0,0.0,0.0,0.0,1.0,1.0,0.0,0,0,0,0,0,0,0,0.0,0.0,0.2,0.0
12,1000,1,dpga,roi_cls,0.029606014490127563,-0.0,global_ddp_mean,2,0.0,11.197325706481934,11.197325706481934,0.0,0.0,0.0,0.0,0.0,0.0,0.0,0.0,0.0,0.0,0.0,0.0,0.0,1.0,1.0,0.0,0,0,0,0,0,0,0,0.0,0.0,0.2,0.0
12,1000,1,dpga,roi_reg,0.029606014490127563,-0.0,global_ddp_mean,2,0.0,8.393913269042969,8.393913269042969,0.0,0.0,0.0,0.0,0.0,0.0,0.0,0.0,0.0,0.0,0.0,0.0,0.0,1.0,1.0,0.0,0,0,0,0,0,0,0,0.0,0.0,0.2,0.0
12,1100,1,dpga,backbone,0.4151119589805603,0.0,global_ddp_mean,2,0.0,10.039580345153809,10.039580345153809,0.0,0.0,0.0,0.0,0.0,0.0,0.0,0.0,0.0,0.0,0.0,0.0,0.0,1.0,1.0,0.0,0,0,0,0,0,0,0,0.0,0.0,0.2,0.0
12,1100,1,dpga,fpn,0.4151119589805603,0.0,global_ddp_mean,2,0.0,2.2297134399414062,2.2297134399414062,0.0,0.0,0.0,0.0,0.0,0.0,0.0,0.0,0.0,0.0,0.0,0.0,0.0,1.0,1.0,0.0,0,0,0,0,0,0,0,0.0,0.0,0.2,0.0
12,1100,1,dpga,rpn,0.4151119589805603,0.0,global_ddp_mean,2,0.0,2.027254581451416,2.027254581451416,0.0,0.0,0.0,0.0,0.0,0.0,0.0,0.0,0.0,0.0,0.0,0.0,0.0,1.0,1.0,0.0,0,0,0,0,0,0,0,0.0,0.0,0.2,0.0
12,1100,1,dpga,roi_shared,0.4151119589805603,0.0,global_ddp_mean,2,0.0,6.417219161987305,6.417219161987305,0.0,0.0,0.0,0.0,0.0,0.0,0.0,0.0,0.0,0.0,0.0,0.0,0.0,1.0,1.0,0.0,0,0,0,0,0,0,0,0.0,0.0,0.2,0.0
12,1100,1,dpga,roi_cls,0.4151119589805603,0.0,global_ddp_mean,2,0.0,5.528769493103027,5.528769493103027,0.0,0.0,0.0,0.0,0.0,0.0,0.0,0.0,0.0,0.0,0.0,0.0,0.0,1.0,1.0,0.0,0,0,0,0,0,0,0,0.0,0.0,0.2,0.0
12,1100,1,dpga,roi_reg,0.4151119589805603,0.0,global_ddp_mean,2,0.0,1.8775569200515747,1.8775569200515747,0.0,0.0,0.0,0.0,0.0,0.0,0.0,0.0,0.0,0.0,0.0,0.0,0.0,1.0,1.0,0.0,0,0,0,0,0,0,0,0.0,0.0,0.2,0.0
12,1200,1,dpga,backbone,0.050094567239284515,-0.0,global_ddp_mean,2,0.0,12.141191482543945,12.141191482543945,0.0,0.0,0.0,0.0,0.0,0.0,0.0,0.0,0.0,0.0,0.0,0.0,0.0,1.0,1.0,0.0,0,0,0,0,0,0,0,0.0,0.0,0.2,0.0
12,1200,1,dpga,fpn,0.050094567239284515,-0.0,global_ddp_mean,2,0.0,2.8763084411621094,2.8763084411621094,0.0,0.0,0.0,0.0,0.0,0.0,0.0,0.0,0.0,0.0,0.0,0.0,0.0,1.0,1.0,0.0,0,0,0,0,0,0,0,0.0,0.0,0.2,0.0
12,1200,1,dpga,rpn,0.050094567239284515,-0.0,global_ddp_mean,2,0.0,4.544668674468994,4.544668674468994,0.0,0.0,0.0,0.0,0.0,0.0,0.0,0.0,0.0,0.0,0.0,0.0,0.0,1.0,1.0,0.0,0,0,0,0,0,0,0,0.0,0.0,0.2,0.0
12,1200,1,dpga,roi_shared,0.050094567239284515,-0.0,global_ddp_mean,2,0.0,6.057929515838623,6.057929515838623,0.0,0.0,0.0,0.0,0.0,0.0,0.0,0.0,0.0,0.0,0.0,0.0,0.0,1.0,1.0,0.0,0,0,0,0,0,0,0,0.0,0.0,0.2,0.0
12,1200,1,dpga,roi_cls,0.050094567239284515,-0.0,global_ddp_mean,2,0.0,4.3963093757629395,4.3963093757629395,0.0,0.0,0.0,0.0,0.0,0.0,0.0,0.0,0.0,0.0,0.0,0.0,0.0,1.0,1.0,0.0,0,0,0,0,0,0,0,0.0,0.0,0.2,0.0
12,1200,1,dpga,roi_reg,0.050094567239284515,-0.0,global_ddp_mean,2,0.0,3.3369786739349365,3.3369786739349365,0.0,0.0,0.0,0.0,0.0,0.0,0.0,0.0,0.0,0.0,0.0,0.0,0.0,1.0,1.0,0.0,0,0,0,0,0,0,0,0.0,0.0,0.2,0.0
12,1300,1,dpga,backbone,0.2914999723434448,0.0,global_ddp_mean,2,0.0,16.445833206176758,16.445833206176758,0.0,0.0,0.0,0.0,0.0,0.0,0.0,0.0,0.0,0.0,0.0,0.0,0.0,1.0,1.0,0.0,0,0,0,0,0,0,0,0.0,0.0,0.2,0.0
12,1300,1,dpga,fpn,0.2914999723434448,0.0,global_ddp_mean,2,0.0,3.855656385421753,3.855656385421753,0.0,0.0,0.0,0.0,0.0,0.0,0.0,0.0,0.0,0.0,0.0,0.0,0.0,1.0,1.0,0.0,0,0,0,0,0,0,0,0.0,0.0,0.2,0.0
12,1300,1,dpga,rpn,0.2914999723434448,0.0,global_ddp_mean,2,0.0,4.933157444000244,4.933157444000244,0.0,0.0,0.0,0.0,0.0,0.0,0.0,0.0,0.0,0.0,0.0,0.0,0.0,1.0,1.0,0.0,0,0,0,0,0,0,0,0.0,0.0,0.2,0.0
12,1300,1,dpga,roi_shared,0.2914999723434448,0.0,global_ddp_mean,2,0.0,7.913486480712891,7.913486480712891,0.0,0.0,0.0,0.0,0.0,0.0,0.0,0.0,0.0,0.0,0.0,0.0,0.0,1.0,1.0,0.0,0,0,0,0,0,0,0,0.0,0.0,0.2,0.0
12,1300,1,dpga,roi_cls,0.2914999723434448,0.0,global_ddp_mean,2,0.0,6.946347713470459,6.946347713470459,0.0,0.0,0.0,0.0,0.0,0.0,0.0,0.0,0.0,0.0,0.0,0.0,0.0,1.0,1.0,0.0,0,0,0,0,0,0,0,0.0,0.0,0.2,0.0
12,1300,1,dpga,roi_reg,0.2914999723434448,0.0,global_ddp_mean,2,0.0,2.8152120113372803,2.8152120113372803,0.0,0.0,0.0,0.0,0.0,0.0,0.0,0.0,0.0,0.0,0.0,0.0,0.0,1.0,1.0,0.0,0,0,0,0,0,0,0,0.0,0.0,0.2,0.0
12,1400,1,dpga,backbone,0.01597096212208271,0.0,global_ddp_mean,2,0.0,19.560317993164062,19.560317993164062,0.0,0.0,0.0,0.0,0.0,0.0,0.0,0.0,0.0,0.0,0.0,0.0,0.0,1.0,1.0,0.0,0,0,0,0,0,0,0,0.0,0.0,0.2,0.0
12,1400,1,dpga,fpn,0.01597096212208271,0.0,global_ddp_mean,2,0.0,3.4905178546905518,3.4905178546905518,0.0,0.0,0.0,0.0,0.0,0.0,0.0,0.0,0.0,0.0,0.0,0.0,0.0,1.0,1.0,0.0,0,0,0,0,0,0,0,0.0,0.0,0.2,0.0
12,1400,1,dpga,rpn,0.01597096212208271,0.0,global_ddp_mean,2,0.0,3.97691011428833,3.97691011428833,0.0,0.0,0.0,0.0,0.0,0.0,0.0,0.0,0.0,0.0,0.0,0.0,0.0,1.0,1.0,0.0,0,0,0,0,0,0,0,0.0,0.0,0.2,0.0
12,1400,1,dpga,roi_shared,0.01597096212208271,0.0,global_ddp_mean,2,0.0,8.069470405578613,8.069470405578613,0.0,0.0,0.0,0.0,0.0,0.0,0.0,0.0,0.0,0.0,0.0,0.0,0.0,1.0,1.0,0.0,0,0,0,0,0,0,0,0.0,0.0,0.2,0.0
12,1400,1,dpga,roi_cls,0.01597096212208271,0.0,global_ddp_mean,2,0.0,7.918400764465332,7.918400764465332,0.0,0.0,0.0,0.0,0.0,0.0,0.0,0.0,0.0,0.0,0.0,0.0,0.0,1.0,1.0,0.0,0,0,0,0,0,0,0,0.0,0.0,0.2,0.0
12,1400,1,dpga,roi_reg,0.01597096212208271,0.0,global_ddp_mean,2,0.0,4.932675361633301,4.932675361633301,0.0,0.0,0.0,0.0,0.0,0.0,0.0,0.0,0.0,0.0,0.0,0.0,0.0,1.0,1.0,0.0,0,0,0,0,0,0,0,0.0,0.0,0.2,0.0
13,0,1,dpga,backbone,0.4744466245174408,0.0,global_ddp_mean,2,0.0,7.27380895614624,7.27380895614624,0.0,0.0,0.0,0.0,0.0,0.0,0.0,0.0,0.0,0.0,0.0,0.0,0.0,1.0,1.0,0.0,0,0,0,0,0,0,0,0.0,0.0,0.2,0.0
13,0,1,dpga,fpn,0.4744466245174408,0.0,global_ddp_mean,2,0.0,1.8426624536514282,1.8426624536514282,0.0,0.0,0.0,0.0,0.0,0.0,0.0,0.0,0.0,0.0,0.0,0.0,0.0,1.0,1.0,0.0,0,0,0,0,0,0,0,0.0,0.0,0.2,0.0
13,0,1,dpga,rpn,0.4744466245174408,0.0,global_ddp_mean,2,0.0,3.303309440612793,3.303309440612793,0.0,0.0,0.0,0.0,0.0,0.0,0.0,0.0,0.0,0.0,0.0,0.0,0.0,1.0,1.0,0.0,0,0,0,0,0,0,0,0.0,0.0,0.2,0.0
13,0,1,dpga,roi_shared,0.4744466245174408,0.0,global_ddp_mean,2,0.0,3.7621026039123535,3.7621026039123535,0.0,0.0,0.0,0.0,0.0,0.0,0.0,0.0,0.0,0.0,0.0,0.0,0.0,1.0,1.0,0.0,0,0,0,0,0,0,0,0.0,0.0,0.2,0.0
13,0,1,dpga,roi_cls,0.4744466245174408,0.0,global_ddp_mean,2,0.0,2.420016050338745,2.420016050338745,0.0,0.0,0.0,0.0,0.0,0.0,0.0,0.0,0.0,0.0,0.0,0.0,0.0,1.0,1.0,0.0,0,0,0,0,0,0,0,0.0,0.0,0.2,0.0
13,0,1,dpga,roi_reg,0.4744466245174408,0.0,global_ddp_mean,2,0.0,2.340552568435669,2.340552568435669,0.0,0.0,0.0,0.0,0.0,0.0,0.0,0.0,0.0,0.0,0.0,0.0,0.0,1.0,1.0,0.0,0,0,0,0,0,0,0,0.0,0.0,0.2,0.0
13,100,1,dpga,backbone,0.41035327315330505,0.0,global_ddp_mean,2,0.0,15.752889633178711,15.752889633178711,0.0,0.0,0.0,0.0,0.0,0.0,0.0,0.0,0.0,0.0,0.0,0.0,0.0,1.0,1.0,0.0,0,0,0,0,0,0,0,0.0,0.0,0.2,0.0
13,100,1,dpga,fpn,0.41035327315330505,0.0,global_ddp_mean,2,0.0,2.188429355621338,2.188429355621338,0.0,0.0,0.0,0.0,0.0,0.0,0.0,0.0,0.0,0.0,0.0,0.0,0.0,1.0,1.0,0.0,0,0,0,0,0,0,0,0.0,0.0,0.2,0.0
13,100,1,dpga,rpn,0.41035327315330505,0.0,global_ddp_mean,2,0.0,2.219528913497925,2.219528913497925,0.0,0.0,0.0,0.0,0.0,0.0,0.0,0.0,0.0,0.0,0.0,0.0,0.0,1.0,1.0,0.0,0,0,0,0,0,0,0,0.0,0.0,0.2,0.0
13,100,1,dpga,roi_shared,0.41035327315330505,0.0,global_ddp_mean,2,0.0,4.787508964538574,4.787508964538574,0.0,0.0,0.0,0.0,0.0,0.0,0.0,0.0,0.0,0.0,0.0,0.0,0.0,1.0,1.0,0.0,0,0,0,0,0,0,0,0.0,0.0,0.2,0.0
13,100,1,dpga,roi_cls,0.41035327315330505,0.0,global_ddp_mean,2,0.0,3.000844717025757,3.000844717025757,0.0,0.0,0.0,0.0,0.0,0.0,0.0,0.0,0.0,0.0,0.0,0.0,0.0,1.0,1.0,0.0,0,0,0,0,0,0,0,0.0,0.0,0.2,0.0
13,100,1,dpga,roi_reg,0.41035327315330505,0.0,global_ddp_mean,2,0.0,2.9112532138824463,2.9112532138824463,0.0,0.0,0.0,0.0,0.0,0.0,0.0,0.0,0.0,0.0,0.0,0.0,0.0,1.0,1.0,0.0,0,0,0,0,0,0,0,0.0,0.0,0.2,0.0
13,200,1,dpga,backbone,0.3717559576034546,0.0,global_ddp_mean,2,0.0,11.223541259765625,11.223541259765625,0.0,0.0,0.0,0.0,0.0,0.0,0.0,0.0,0.0,0.0,0.0,0.0,0.0,1.0,1.0,0.0,0,0,0,0,0,0,0,0.0,0.0,0.2,0.0
13,200,1,dpga,fpn,0.3717559576034546,0.0,global_ddp_mean,2,0.0,2.9354655742645264,2.9354655742645264,0.0,0.0,0.0,0.0,0.0,0.0,0.0,0.0,0.0,0.0,0.0,0.0,0.0,1.0,1.0,0.0,0,0,0,0,0,0,0,0.0,0.0,0.2,0.0
13,200,1,dpga,rpn,0.3717559576034546,0.0,global_ddp_mean,2,0.0,4.114809989929199,4.114809989929199,0.0,0.0,0.0,0.0,0.0,0.0,0.0,0.0,0.0,0.0,0.0,0.0,0.0,1.0,1.0,0.0,0,0,0,0,0,0,0,0.0,0.0,0.2,0.0
13,200,1,dpga,roi_shared,0.3717559576034546,0.0,global_ddp_mean,2,0.0,6.608813762664795,6.608813762664795,0.0,0.0,0.0,0.0,0.0,0.0,0.0,0.0,0.0,0.0,0.0,0.0,0.0,1.0,1.0,0.0,0,0,0,0,0,0,0,0.0,0.0,0.2,0.0
13,200,1,dpga,roi_cls,0.3717559576034546,0.0,global_ddp_mean,2,0.0,4.286792755126953,4.286792755126953,0.0,0.0,0.0,0.0,0.0,0.0,0.0,0.0,0.0,0.0,0.0,0.0,0.0,1.0,1.0,0.0,0,0,0,0,0,0,0,0.0,0.0,0.2,0.0
13,200,1,dpga,roi_reg,0.3717559576034546,0.0,global_ddp_mean,2,0.0,4.4955010414123535,4.4955010414123535,0.0,0.0,0.0,0.0,0.0,0.0,0.0,0.0,0.0,0.0,0.0,0.0,0.0,1.0,1.0,0.0,0,0,0,0,0,0,0,0.0,0.0,0.2,0.0
13,300,1,dpga,backbone,0.26624763011932373,0.0,global_ddp_mean,2,0.0,8.253754615783691,8.253754615783691,0.0,0.0,0.0,0.0,0.0,0.0,0.0,0.0,0.0,0.0,0.0,0.0,0.0,1.0,1.0,0.0,0,0,0,0,0,0,0,0.0,0.0,0.2,0.0
13,300,1,dpga,fpn,0.26624763011932373,0.0,global_ddp_mean,2,0.0,2.5384247303009033,2.5384247303009033,0.0,0.0,0.0,0.0,0.0,0.0,0.0,0.0,0.0,0.0,0.0,0.0,0.0,1.0,1.0,0.0,0,0,0,0,0,0,0,0.0,0.0,0.2,0.0
13,300,1,dpga,rpn,0.26624763011932373,0.0,global_ddp_mean,2,0.0,3.3493409156799316,3.3493409156799316,0.0,0.0,0.0,0.0,0.0,0.0,0.0,0.0,0.0,0.0,0.0,0.0,0.0,1.0,1.0,0.0,0,0,0,0,0,0,0,0.0,0.0,0.2,0.0
13,300,1,dpga,roi_shared,0.26624763011932373,0.0,global_ddp_mean,2,0.0,6.753777980804443,6.753777980804443,0.0,0.0,0.0,0.0,0.0,0.0,0.0,0.0,0.0,0.0,0.0,0.0,0.0,1.0,1.0,0.0,0,0,0,0,0,0,0,0.0,0.0,0.2,0.0
13,300,1,dpga,roi_cls,0.26624763011932373,0.0,global_ddp_mean,2,0.0,5.837258815765381,5.837258815765381,0.0,0.0,0.0,0.0,0.0,0.0,0.0,0.0,0.0,0.0,0.0,0.0,0.0,1.0,1.0,0.0,0,0,0,0,0,0,0,0.0,0.0,0.2,0.0
13,300,1,dpga,roi_reg,0.26624763011932373,0.0,global_ddp_mean,2,0.0,2.316699504852295,2.316699504852295,0.0,0.0,0.0,0.0,0.0,0.0,0.0,0.0,0.0,0.0,0.0,0.0,0.0,1.0,1.0,0.0,0,0,0,0,0,0,0,0.0,0.0,0.2,0.0
13,400,1,dpga,backbone,0.3265007734298706,0.5642924308776855,global_ddp_mean,2,0.006368081085383892,5.266932010650635,5.266932010650635,8.245004653930664,8.245004653930664,8.245004653930664,0.5266931653022766,0.05350775152701104,0.5266931653022766,1.5654283437222767,1.5654283437222767,0.09999999320993952,0.010159187819172383,0.010159187819172383,6.469457437079837e-05,6.469457437079837e-05,1.0000646945743707,0.9999484547309773,0.5817466633687196,0,1,0,0,0,0,1,0.06388027966022491,0.5079594254493713,0.2,0.10159188508987427
13,400,1,dpga,fpn,0.3265007734298706,0.5642924308776855,global_ddp_mean,2,0.04020961374044418,0.9436460733413696,0.9436460733413696,2.0098323822021484,2.0098323822021484,2.0098323822021484,0.14154691994190216,0.015572806062932765,0.14154691994190216,2.1298582582826895,2.1298582582826895,0.15000000947462927,0.016502803861399854,0.016502803861399854,0.0006635714303789339,0.0006635714303789339,1.0006635714303789,0.9998642738762242,0.9440049368925235,0,1,0,0,0,0,1,0.07042722404003143,0.550093412399292,0.2,0.11001868546009064
13,400,1,dpga,rpn,0.3265007734298706,0.5642924308776855,global_ddp_mean,2,0.0,1.6899908781051636,1.6899908781051636,0.0,0.0,0.0,0.0,0.0,0.0,0.0,0.0,0.0,0.0,0.0,0.0,0.0,1.0,1.0,0.0,0,0,0,0,0,0,0,0.0,0.0,0.2,0.0
13,400,1,dpga,roi_shared,0.3265007734298706,0.5642924308776855,global_ddp_mean,2,-0.15261630713939667,1.8698893785476685,1.8698893785476685,0.16097117960453033,0.16097117960453033,0.1590854823589325,0.1590854823589325,0.01011712491691541,0.1590854823589325,0.08608593719568355,0.0850774832907459,0.0850774832907459,0.00541054729385827,0.00541054729385827,-2.6112836845671007e-11,-2.6112836845671007e-11,0.9999999999738872,0.9999854009665436,0.30959947140371075,1,0,0,0,0,1,0,1.0,0.3179776072502136,0.2,0.06359552592039108
13,400,1,dpga,roi_cls,0.3265007734298706,0.5642924308776855,global_ddp_mean,2,0.0,1.1021089553833008,1.1021089553833008,0.0,0.0,0.0,0.0,0.0,0.0,0.0,0.0,0.0,0.0,0.0,0.0,0.0,1.0,1.0,0.0,0,0,0,0,0,0,0,0.0,0.0,0.2,0.0
13,400,1,dpga,roi_reg,0.3265007734298706,0.5642924308776855,global_ddp_mean,2,-0.2602103352546692,1.2847832441329956,1.2847832441329956,0.36380186676979065,0.36380186676979065,0.3512696325778961,0.06423915922641754,0.002749282733124858,0.06423915922641754,0.28316205743739553,0.2734077006234167,0.04999999768036184,0.00213988059517397,0.00213988059517397,-2.7825436629003788e-11,-2.7825436629003788e-11,0.9999999999721746,0.9999976803393966,0.1234098821219628,1,0,0,0,0,1,1,0.1828770786523819,0.2139880657196045,0.2,0.04279761388897896
13,500,1,dpga,backbone,0.06297749280929565,-0.0,global_ddp_mean,2,0.0,7.156960964202881,7.156960964202881,0.0,0.0,0.0,0.0,0.0,0.0,0.0,0.0,0.0,0.0,0.0,0.0,0.0,1.0,1.0,0.0,0,0,0,0,0,0,0,0.0,0.0,0.2,0.0
13,500,1,dpga,fpn,0.06297749280929565,-0.0,global_ddp_mean,2,0.0,1.251519799232483,1.251519799232483,0.0,0.0,0.0,0.0,0.0,0.0,0.0,0.0,0.0,0.0,0.0,0.0,0.0,1.0,1.0,0.0,0,0,0,0,0,0,0,0.0,0.0,0.2,0.0
13,500,1,dpga,rpn,0.06297749280929565,-0.0,global_ddp_mean,2,0.0,0.8095853328704834,0.8095853328704834,0.0,0.0,0.0,0.0,0.0,0.0,0.0,0.0,0.0,0.0,0.0,0.0,0.0,1.0,1.0,0.0,0,0,0,0,0,0,0,0.0,0.0,0.2,0.0
13,500,1,dpga,roi_shared,0.06297749280929565,-0.0,global_ddp_mean,2,0.0,2.3694660663604736,2.3694660663604736,0.0,0.0,0.0,0.0,0.0,0.0,0.0,0.0,0.0,0.0,0.0,0.0,0.0,1.0,1.0,0.0,0,0,0,0,0,0,0,0.0,0.0,0.2,0.0
13,500,1,dpga,roi_cls,0.06297749280929565,-0.0,global_ddp_mean,2,0.0,1.9175422191619873,1.9175422191619873,0.0,0.0,0.0,0.0,0.0,0.0,0.0,0.0,0.0,0.0,0.0,0.0,0.0,1.0,1.0,0.0,0,0,0,0,0,0,0,0.0,0.0,0.2,0.0
13,500,1,dpga,roi_reg,0.06297749280929565,-0.0,global_ddp_mean,2,0.0,0.14973841607570648,0.14973841607570648,0.0,0.0,0.0,0.0,0.0,0.0,0.0,0.0,0.0,0.0,0.0,0.0,0.0,1.0,1.0,0.0,0,0,0,0,0,0,0,0.0,0.0,0.2,0.0
13,600,1,dpga,backbone,1.0224848985671997,0.0,global_ddp_mean,2,0.0,32.13478469848633,32.13478469848633,0.0,0.0,0.0,0.0,0.0,0.0,0.0,0.0,0.0,0.0,0.0,0.0,0.0,1.0,1.0,0.0,0,0,0,0,0,0,0,0.0,0.0,0.2,0.0
13,600,1,dpga,fpn,1.0224848985671997,0.0,global_ddp_mean,2,0.0,7.097287178039551,7.097287178039551,0.0,0.0,0.0,0.0,0.0,0.0,0.0,0.0,0.0,0.0,0.0,0.0,0.0,1.0,1.0,0.0,0,0,0,0,0,0,0,0.0,0.0,0.2,0.0
13,600,1,dpga,rpn,1.0224848985671997,0.0,global_ddp_mean,2,0.0,8.895946502685547,8.895946502685547,0.0,0.0,0.0,0.0,0.0,0.0,0.0,0.0,0.0,0.0,0.0,0.0,0.0,1.0,1.0,0.0,0,0,0,0,0,0,0,0.0,0.0,0.2,0.0
13,600,1,dpga,roi_shared,1.0224848985671997,0.0,global_ddp_mean,2,0.0,17.581357955932617,17.581357955932617,0.0,0.0,0.0,0.0,0.0,0.0,0.0,0.0,0.0,0.0,0.0,0.0,0.0,1.0,1.0,0.0,0,0,0,0,0,0,0,0.0,0.0,0.2,0.0
13,600,1,dpga,roi_cls,1.0224848985671997,0.0,global_ddp_mean,2,0.0,18.989425659179688,18.989425659179688,0.0,0.0,0.0,0.0,0.0,0.0,0.0,0.0,0.0,0.0,0.0,0.0,0.0,1.0,1.0,0.0,0,0,0,0,0,0,0,0.0,0.0,0.2,0.0
13,600,1,dpga,roi_reg,1.0224848985671997,0.0,global_ddp_mean,2,0.0,7.959843635559082,7.959843635559082,0.0,0.0,0.0,0.0,0.0,0.0,0.0,0.0,0.0,0.0,0.0,0.0,0.0,1.0,1.0,0.0,0,0,0,0,0,0,0,0.0,0.0,0.2,0.0
13,700,1,dpga,backbone,0.011091223917901516,0.0,global_ddp_mean,2,0.0,3.6049611568450928,3.6049611568450928,0.0,0.0,0.0,0.0,0.0,0.0,0.0,0.0,0.0,0.0,0.0,0.0,0.0,1.0,1.0,0.0,0,0,0,0,0,0,0,0.0,0.0,0.2,0.0
13,700,1,dpga,fpn,0.011091223917901516,0.0,global_ddp_mean,2,0.0,0.8187817335128784,0.8187817335128784,0.0,0.0,0.0,0.0,0.0,0.0,0.0,0.0,0.0,0.0,0.0,0.0,0.0,1.0,1.0,0.0,0,0,0,0,0,0,0,0.0,0.0,0.2,0.0
13,700,1,dpga,rpn,0.011091223917901516,0.0,global_ddp_mean,2,0.0,0.5789734721183777,0.5789734721183777,0.0,0.0,0.0,0.0,0.0,0.0,0.0,0.0,0.0,0.0,0.0,0.0,0.0,1.0,1.0,0.0,0,0,0,0,0,0,0,0.0,0.0,0.2,0.0
13,700,1,dpga,roi_shared,0.011091223917901516,0.0,global_ddp_mean,2,0.0,1.6946187019348145,1.6946187019348145,0.0,0.0,0.0,0.0,0.0,0.0,0.0,0.0,0.0,0.0,0.0,0.0,0.0,1.0,1.0,0.0,0,0,0,0,0,0,0,0.0,0.0,0.2,0.0
13,700,1,dpga,roi_cls,0.011091223917901516,0.0,global_ddp_mean,2,0.0,1.4224811792373657,1.4224811792373657,0.0,0.0,0.0,0.0,0.0,0.0,0.0,0.0,0.0,0.0,0.0,0.0,0.0,1.0,1.0,0.0,0,0,0,0,0,0,0,0.0,0.0,0.2,0.0
13,700,1,dpga,roi_reg,0.011091223917901516,0.0,global_ddp_mean,2,0.0,0.0,0.0,0.0,0.0,0.0,0.0,0.0,0.0,0.0,0.0,0.0,0.0,0.0,0.0,0.0,0.0,0.0,90.0,0,0,0,0,0,0,0,0.0,0.0,0.2,0.0
13,800,1,dpga,backbone,0.563234806060791,0.0,global_ddp_mean,2,0.0,11.357426643371582,11.357426643371582,0.0,0.0,0.0,0.0,0.0,0.0,0.0,0.0,0.0,0.0,0.0,0.0,0.0,1.0,1.0,0.0,0,0,0,0,0,0,0,0.0,0.0,0.2,0.0
13,800,1,dpga,fpn,0.563234806060791,0.0,global_ddp_mean,2,0.0,2.445329427719116,2.445329427719116,0.0,0.0,0.0,0.0,0.0,0.0,0.0,0.0,0.0,0.0,0.0,0.0,0.0,1.0,1.0,0.0,0,0,0,0,0,0,0,0.0,0.0,0.2,0.0
13,800,1,dpga,rpn,0.563234806060791,0.0,global_ddp_mean,2,0.0,4.517297267913818,4.517297267913818,0.0,0.0,0.0,0.0,0.0,0.0,0.0,0.0,0.0,0.0,0.0,0.0,0.0,1.0,1.0,0.0,0,0,0,0,0,0,0,0.0,0.0,0.2,0.0
13,800,1,dpga,roi_shared,0.563234806060791,0.0,global_ddp_mean,2,0.0,4.878523349761963,4.878523349761963,0.0,0.0,0.0,0.0,0.0,0.0,0.0,0.0,0.0,0.0,0.0,0.0,0.0,1.0,1.0,0.0,0,0,0,0,0,0,0,0.0,0.0,0.2,0.0
13,800,1,dpga,roi_cls,0.563234806060791,0.0,global_ddp_mean,2,0.0,3.0349864959716797,3.0349864959716797,0.0,0.0,0.0,0.0,0.0,0.0,0.0,0.0,0.0,0.0,0.0,0.0,0.0,1.0,1.0,0.0,0,0,0,0,0,0,0,0.0,0.0,0.2,0.0
13,800,1,dpga,roi_reg,0.563234806060791,0.0,global_ddp_mean,2,0.0,3.5863037109375,3.5863037109375,0.0,0.0,0.0,0.0,0.0,0.0,0.0,0.0,0.0,0.0,0.0,0.0,0.0,1.0,1.0,0.0,0,0,0,0,0,0,0,0.0,0.0,0.2,0.0
13,900,1,dpga,backbone,0.06587173044681549,-0.0,global_ddp_mean,2,0.0,3.0355098247528076,3.0355098247528076,0.0,0.0,0.0,0.0,0.0,0.0,0.0,0.0,0.0,0.0,0.0,0.0,0.0,1.0,1.0,0.0,0,0,0,0,0,0,0,0.0,0.0,0.2,0.0
13,900,1,dpga,fpn,0.06587173044681549,-0.0,global_ddp_mean,2,0.0,0.4130420386791229,0.4130420386791229,0.0,0.0,0.0,0.0,0.0,0.0,0.0,0.0,0.0,0.0,0.0,0.0,0.0,1.0,1.0,0.0,0,0,0,0,0,0,0,0.0,0.0,0.2,0.0
13,900,1,dpga,rpn,0.06587173044681549,-0.0,global_ddp_mean,2,0.0,0.31894493103027344,0.31894493103027344,0.0,0.0,0.0,0.0,0.0,0.0,0.0,0.0,0.0,0.0,0.0,0.0,0.0,1.0,1.0,0.0,0,0,0,0,0,0,0,0.0,0.0,0.2,0.0
13,900,1,dpga,roi_shared,0.06587173044681549,-0.0,global_ddp_mean,2,0.0,0.8228569030761719,0.8228569030761719,0.0,0.0,0.0,0.0,0.0,0.0,0.0,0.0,0.0,0.0,0.0,0.0,0.0,1.0,1.0,0.0,0,0,0,0,0,0,0,0.0,0.0,0.2,0.0
13,900,1,dpga,roi_cls,0.06587173044681549,-0.0,global_ddp_mean,2,0.0,0.6014343500137329,0.6014343500137329,0.0,0.0,0.0,0.0,0.0,0.0,0.0,0.0,0.0,0.0,0.0,0.0,0.0,1.0,1.0,0.0,0,0,0,0,0,0,0,0.0,0.0,0.2,0.0
13,900,1,dpga,roi_reg,0.06587173044681549,-0.0,global_ddp_mean,2,0.0,0.5865151286125183,0.5865151286125183,0.0,0.0,0.0,0.0,0.0,0.0,0.0,0.0,0.0,0.0,0.0,0.0,0.0,1.0,1.0,0.0,0,0,0,0,0,0,0,0.0,0.0,0.2,0.0
13,1000,1,dpga,backbone,0.14039155840873718,-0.0,global_ddp_mean,2,0.0,5.838596820831299,5.838596820831299,0.0,0.0,0.0,0.0,0.0,0.0,0.0,0.0,0.0,0.0,0.0,0.0,0.0,1.0,1.0,0.0,0,0,0,0,0,0,0,0.0,0.0,0.2,0.0
13,1000,1,dpga,fpn,0.14039155840873718,-0.0,global_ddp_mean,2,0.0,0.9239598512649536,0.9239598512649536,0.0,0.0,0.0,0.0,0.0,0.0,0.0,0.0,0.0,0.0,0.0,0.0,0.0,1.0,1.0,0.0,0,0,0,0,0,0,0,0.0,0.0,0.2,0.0
13,1000,1,dpga,rpn,0.14039155840873718,-0.0,global_ddp_mean,2,0.0,1.729332447052002,1.729332447052002,0.0,0.0,0.0,0.0,0.0,0.0,0.0,0.0,0.0,0.0,0.0,0.0,0.0,1.0,1.0,0.0,0,0,0,0,0,0,0,0.0,0.0,0.2,0.0
13,1000,1,dpga,roi_shared,0.14039155840873718,-0.0,global_ddp_mean,2,0.0,1.081063151359558,1.081063151359558,0.0,0.0,0.0,0.0,0.0,0.0,0.0,0.0,0.0,0.0,0.0,0.0,0.0,1.0,1.0,0.0,0,0,0,0,0,0,0,0.0,0.0,0.2,0.0
13,1000,1,dpga,roi_cls,0.14039155840873718,-0.0,global_ddp_mean,2,0.0,0.7265599370002747,0.7265599370002747,0.0,0.0,0.0,0.0,0.0,0.0,0.0,0.0,0.0,0.0,0.0,0.0,0.0,1.0,1.0,0.0,0,0,0,0,0,0,0,0.0,0.0,0.2,0.0
13,1000,1,dpga,roi_reg,0.14039155840873718,-0.0,global_ddp_mean,2,0.0,0.7564545273780823,0.7564545273780823,0.0,0.0,0.0,0.0,0.0,0.0,0.0,0.0,0.0,0.0,0.0,0.0,0.0,1.0,1.0,0.0,0,0,0,0,0,0,0,0.0,0.0,0.2,0.0
13,1100,1,dpga,backbone,0.07308068126440048,0.0,global_ddp_mean,2,0.0,7.937082290649414,7.937082290649414,0.0,0.0,0.0,0.0,0.0,0.0,0.0,0.0,0.0,0.0,0.0,0.0,0.0,1.0,1.0,0.0,0,0,0,0,0,0,0,0.0,0.0,0.2,0.0
13,1100,1,dpga,fpn,0.07308068126440048,0.0,global_ddp_mean,2,0.0,1.5395835638046265,1.5395835638046265,0.0,0.0,0.0,0.0,0.0,0.0,0.0,0.0,0.0,0.0,0.0,0.0,0.0,1.0,1.0,0.0,0,0,0,0,0,0,0,0.0,0.0,0.2,0.0
13,1100,1,dpga,rpn,0.07308068126440048,0.0,global_ddp_mean,2,0.0,1.0380330085754395,1.0380330085754395,0.0,0.0,0.0,0.0,0.0,0.0,0.0,0.0,0.0,0.0,0.0,0.0,0.0,1.0,1.0,0.0,0,0,0,0,0,0,0,0.0,0.0,0.2,0.0
13,1100,1,dpga,roi_shared,0.07308068126440048,0.0,global_ddp_mean,2,0.0,3.309345245361328,3.309345245361328,0.0,0.0,0.0,0.0,0.0,0.0,0.0,0.0,0.0,0.0,0.0,0.0,0.0,1.0,1.0,0.0,0,0,0,0,0,0,0,0.0,0.0,0.2,0.0
13,1100,1,dpga,roi_cls,0.07308068126440048,0.0,global_ddp_mean,2,0.0,2.927885055541992,2.927885055541992,0.0,0.0,0.0,0.0,0.0,0.0,0.0,0.0,0.0,0.0,0.0,0.0,0.0,1.0,1.0,0.0,0,0,0,0,0,0,0,0.0,0.0,0.2,0.0
13,1100,1,dpga,roi_reg,0.07308068126440048,0.0,global_ddp_mean,2,0.0,1.1611945629119873,1.1611945629119873,0.0,0.0,0.0,0.0,0.0,0.0,0.0,0.0,0.0,0.0,0.0,0.0,0.0,1.0,1.0,0.0,0,0,0,0,0,0,0,0.0,0.0,0.2,0.0
13,1200,1,dpga,backbone,0.8230805397033691,-0.0,global_ddp_mean,2,0.0,19.714332580566406,19.714332580566406,0.0,0.0,0.0,0.0,0.0,0.0,0.0,0.0,0.0,0.0,0.0,0.0,0.0,1.0,1.0,0.0,0,0,0,0,0,0,0,0.0,0.0,0.2,0.0
13,1200,1,dpga,fpn,0.8230805397033691,-0.0,global_ddp_mean,2,0.0,3.8039941787719727,3.8039941787719727,0.0,0.0,0.0,0.0,0.0,0.0,0.0,0.0,0.0,0.0,0.0,0.0,0.0,1.0,1.0,0.0,0,0,0,0,0,0,0,0.0,0.0,0.2,0.0
13,1200,1,dpga,rpn,0.8230805397033691,-0.0,global_ddp_mean,2,0.0,2.6156132221221924,2.6156132221221924,0.0,0.0,0.0,0.0,0.0,0.0,0.0,0.0,0.0,0.0,0.0,0.0,0.0,1.0,1.0,0.0,0,0,0,0,0,0,0,0.0,0.0,0.2,0.0
13,1200,1,dpga,roi_shared,0.8230805397033691,-0.0,global_ddp_mean,2,0.0,7.480167388916016,7.480167388916016,0.0,0.0,0.0,0.0,0.0,0.0,0.0,0.0,0.0,0.0,0.0,0.0,0.0,1.0,1.0,0.0,0,0,0,0,0,0,0,0.0,0.0,0.2,0.0
13,1200,1,dpga,roi_cls,0.8230805397033691,-0.0,global_ddp_mean,2,0.0,5.552492618560791,5.552492618560791,0.0,0.0,0.0,0.0,0.0,0.0,0.0,0.0,0.0,0.0,0.0,0.0,0.0,1.0,1.0,0.0,0,0,0,0,0,0,0,0.0,0.0,0.2,0.0
13,1200,1,dpga,roi_reg,0.8230805397033691,-0.0,global_ddp_mean,2,0.0,2.787283182144165,2.787283182144165,0.0,0.0,0.0,0.0,0.0,0.0,0.0,0.0,0.0,0.0,0.0,0.0,0.0,1.0,1.0,0.0,0,0,0,0,0,0,0,0.0,0.0,0.2,0.0
13,1300,1,dpga,backbone,0.5606132745742798,0.0,global_ddp_mean,2,0.0,13.983308792114258,13.983308792114258,0.0,0.0,0.0,0.0,0.0,0.0,0.0,0.0,0.0,0.0,0.0,0.0,0.0,1.0,1.0,0.0,0,0,0,0,0,0,0,0.0,0.0,0.2,0.0
13,1300,1,dpga,fpn,0.5606132745742798,0.0,global_ddp_mean,2,0.0,2.9418811798095703,2.9418811798095703,0.0,0.0,0.0,0.0,0.0,0.0,0.0,0.0,0.0,0.0,0.0,0.0,0.0,1.0,1.0,0.0,0,0,0,0,0,0,0,0.0,0.0,0.2,0.0
13,1300,1,dpga,rpn,0.5606132745742798,0.0,global_ddp_mean,2,0.0,2.125270128250122,2.125270128250122,0.0,0.0,0.0,0.0,0.0,0.0,0.0,0.0,0.0,0.0,0.0,0.0,0.0,1.0,1.0,0.0,0,0,0,0,0,0,0,0.0,0.0,0.2,0.0
13,1300,1,dpga,roi_shared,0.5606132745742798,0.0,global_ddp_mean,2,0.0,6.461456775665283,6.461456775665283,0.0,0.0,0.0,0.0,0.0,0.0,0.0,0.0,0.0,0.0,0.0,0.0,0.0,1.0,1.0,0.0,0,0,0,0,0,0,0,0.0,0.0,0.2,0.0
13,1300,1,dpga,roi_cls,0.5606132745742798,0.0,global_ddp_mean,2,0.0,4.682033061981201,4.682033061981201,0.0,0.0,0.0,0.0,0.0,0.0,0.0,0.0,0.0,0.0,0.0,0.0,0.0,1.0,1.0,0.0,0,0,0,0,0,0,0,0.0,0.0,0.2,0.0
13,1300,1,dpga,roi_reg,0.5606132745742798,0.0,global_ddp_mean,2,0.0,4.046401500701904,4.046401500701904,0.0,0.0,0.0,0.0,0.0,0.0,0.0,0.0,0.0,0.0,0.0,0.0,0.0,1.0,1.0,0.0,0,0,0,0,0,0,0,0.0,0.0,0.2,0.0
13,1400,1,dpga,backbone,0.36549270153045654,0.0,global_ddp_mean,2,0.0,15.70140552520752,15.70140552520752,0.0,0.0,0.0,0.0,0.0,0.0,0.0,0.0,0.0,0.0,0.0,0.0,0.0,1.0,1.0,0.0,0,0,0,0,0,0,0,0.0,0.0,0.2,0.0
13,1400,1,dpga,fpn,0.36549270153045654,0.0,global_ddp_mean,2,0.0,1.8505531549453735,1.8505531549453735,0.0,0.0,0.0,0.0,0.0,0.0,0.0,0.0,0.0,0.0,0.0,0.0,0.0,1.0,1.0,0.0,0,0,0,0,0,0,0,0.0,0.0,0.2,0.0
13,1400,1,dpga,rpn,0.36549270153045654,0.0,global_ddp_mean,2,0.0,3.1094322204589844,3.1094322204589844,0.0,0.0,0.0,0.0,0.0,0.0,0.0,0.0,0.0,0.0,0.0,0.0,0.0,1.0,1.0,0.0,0,0,0,0,0,0,0,0.0,0.0,0.2,0.0
13,1400,1,dpga,roi_shared,0.36549270153045654,0.0,global_ddp_mean,2,0.0,3.68076753616333,3.68076753616333,0.0,0.0,0.0,0.0,0.0,0.0,0.0,0.0,0.0,0.0,0.0,0.0,0.0,1.0,1.0,0.0,0,0,0,0,0,0,0,0.0,0.0,0.2,0.0
13,1400,1,dpga,roi_cls,0.36549270153045654,0.0,global_ddp_mean,2,0.0,3.2607083320617676,3.2607083320617676,0.0,0.0,0.0,0.0,0.0,0.0,0.0,0.0,0.0,0.0,0.0,0.0,0.0,1.0,1.0,0.0,0,0,0,0,0,0,0,0.0,0.0,0.2,0.0
13,1400,1,dpga,roi_reg,0.36549270153045654,0.0,global_ddp_mean,2,0.0,2.4601664543151855,2.4601664543151855,0.0,0.0,0.0,0.0,0.0,0.0,0.0,0.0,0.0,0.0,0.0,0.0,0.0,1.0,1.0,0.0,0,0,0,0,0,0,0,0.0,0.0,0.2,0.0
14,0,1,dpga,backbone,0.0029921887908130884,0.0,global_ddp_mean,2,0.0,13.621416091918945,13.621416091918945,0.0,0.0,0.0,0.0,0.0,0.0,0.0,0.0,0.0,0.0,0.0,0.0,0.0,1.0,1.0,0.0,0,0,0,0,0,0,0,0.0,0.0,0.2,0.0
14,0,1,dpga,fpn,0.0029921887908130884,0.0,global_ddp_mean,2,0.0,2.959629535675049,2.959629535675049,0.0,0.0,0.0,0.0,0.0,0.0,0.0,0.0,0.0,0.0,0.0,0.0,0.0,1.0,1.0,0.0,0,0,0,0,0,0,0,0.0,0.0,0.2,0.0
14,0,1,dpga,rpn,0.0029921887908130884,0.0,global_ddp_mean,2,0.0,1.2851353883743286,1.2851353883743286,0.0,0.0,0.0,0.0,0.0,0.0,0.0,0.0,0.0,0.0,0.0,0.0,0.0,1.0,1.0,0.0,0,0,0,0,0,0,0,0.0,0.0,0.2,0.0
14,0,1,dpga,roi_shared,0.0029921887908130884,0.0,global_ddp_mean,2,0.0,6.3458733558654785,6.3458733558654785,0.0,0.0,0.0,0.0,0.0,0.0,0.0,0.0,0.0,0.0,0.0,0.0,0.0,1.0,1.0,0.0,0,0,0,0,0,0,0,0.0,0.0,0.2,0.0
14,0,1,dpga,roi_cls,0.0029921887908130884,0.0,global_ddp_mean,2,0.0,4.885316371917725,4.885316371917725,0.0,0.0,0.0,0.0,0.0,0.0,0.0,0.0,0.0,0.0,0.0,0.0,0.0,1.0,1.0,0.0,0,0,0,0,0,0,0,0.0,0.0,0.2,0.0
14,0,1,dpga,roi_reg,0.0029921887908130884,0.0,global_ddp_mean,2,0.0,1.577918529510498,1.577918529510498,0.0,0.0,0.0,0.0,0.0,0.0,0.0,0.0,0.0,0.0,0.0,0.0,0.0,1.0,1.0,0.0,0,0,0,0,0,0,0,0.0,0.0,0.2,0.0
14,100,1,dpga,backbone,0.21458400785923004,-0.0,global_ddp_mean,2,0.0,14.851083755493164,14.851083755493164,0.0,0.0,0.0,0.0,0.0,0.0,0.0,0.0,0.0,0.0,0.0,0.0,0.0,1.0,1.0,0.0,0,0,0,0,0,0,0,0.0,0.0,0.2,0.0
14,100,1,dpga,fpn,0.21458400785923004,-0.0,global_ddp_mean,2,0.0,2.1146938800811768,2.1146938800811768,0.0,0.0,0.0,0.0,0.0,0.0,0.0,0.0,0.0,0.0,0.0,0.0,0.0,1.0,1.0,0.0,0,0,0,0,0,0,0,0.0,0.0,0.2,0.0
14,100,1,dpga,rpn,0.21458400785923004,-0.0,global_ddp_mean,2,0.0,2.848167657852173,2.848167657852173,0.0,0.0,0.0,0.0,0.0,0.0,0.0,0.0,0.0,0.0,0.0,0.0,0.0,1.0,1.0,0.0,0,0,0,0,0,0,0,0.0,0.0,0.2,0.0
14,100,1,dpga,roi_shared,0.21458400785923004,-0.0,global_ddp_mean,2,0.0,2.7445433139801025,2.7445433139801025,0.0,0.0,0.0,0.0,0.0,0.0,0.0,0.0,0.0,0.0,0.0,0.0,0.0,1.0,1.0,0.0,0,0,0,0,0,0,0,0.0,0.0,0.2,0.0
14,100,1,dpga,roi_cls,0.21458400785923004,-0.0,global_ddp_mean,2,0.0,1.616120457649231,1.616120457649231,0.0,0.0,0.0,0.0,0.0,0.0,0.0,0.0,0.0,0.0,0.0,0.0,0.0,1.0,1.0,0.0,0,0,0,0,0,0,0,0.0,0.0,0.2,0.0
14,100,1,dpga,roi_reg,0.21458400785923004,-0.0,global_ddp_mean,2,0.0,1.8612440824508667,1.8612440824508667,0.0,0.0,0.0,0.0,0.0,0.0,0.0,0.0,0.0,0.0,0.0,0.0,0.0,1.0,1.0,0.0,0,0,0,0,0,0,0,0.0,0.0,0.2,0.0
14,200,1,dpga,backbone,0.1231699213385582,0.0,global_ddp_mean,2,0.0,15.300293922424316,15.300293922424316,0.0,0.0,0.0,0.0,0.0,0.0,0.0,0.0,0.0,0.0,0.0,0.0,0.0,1.0,1.0,0.0,0,0,0,0,0,0,0,0.0,0.0,0.2,0.0
14,200,1,dpga,fpn,0.1231699213385582,0.0,global_ddp_mean,2,0.0,4.436160564422607,4.436160564422607,0.0,0.0,0.0,0.0,0.0,0.0,0.0,0.0,0.0,0.0,0.0,0.0,0.0,1.0,1.0,0.0,0,0,0,0,0,0,0,0.0,0.0,0.2,0.0
14,200,1,dpga,rpn,0.1231699213385582,0.0,global_ddp_mean,2,0.0,1.4563246965408325,1.4563246965408325,0.0,0.0,0.0,0.0,0.0,0.0,0.0,0.0,0.0,0.0,0.0,0.0,0.0,1.0,1.0,0.0,0,0,0,0,0,0,0,0.0,0.0,0.2,0.0
14,200,1,dpga,roi_shared,0.1231699213385582,0.0,global_ddp_mean,2,0.0,9.962428092956543,9.962428092956543,0.0,0.0,0.0,0.0,0.0,0.0,0.0,0.0,0.0,0.0,0.0,0.0,0.0,1.0,1.0,0.0,0,0,0,0,0,0,0,0.0,0.0,0.2,0.0
14,200,1,dpga,roi_cls,0.1231699213385582,0.0,global_ddp_mean,2,0.0,6.902508735656738,6.902508735656738,0.0,0.0,0.0,0.0,0.0,0.0,0.0,0.0,0.0,0.0,0.0,0.0,0.0,1.0,1.0,0.0,0,0,0,0,0,0,0,0.0,0.0,0.2,0.0
14,200,1,dpga,roi_reg,0.1231699213385582,0.0,global_ddp_mean,2,0.0,3.283548355102539,3.283548355102539,0.0,0.0,0.0,0.0,0.0,0.0,0.0,0.0,0.0,0.0,0.0,0.0,0.0,1.0,1.0,0.0,0,0,0,0,0,0,0,0.0,0.0,0.2,0.0
14,300,1,dpga,backbone,0.6261196136474609,0.0,global_ddp_mean,2,0.0,19.067970275878906,19.067970275878906,0.0,0.0,0.0,0.0,0.0,0.0,0.0,0.0,0.0,0.0,0.0,0.0,0.0,1.0,1.0,0.0,0,0,0,0,0,0,0,0.0,0.0,0.2,0.0
14,300,1,dpga,fpn,0.6261196136474609,0.0,global_ddp_mean,2,0.0,3.338024139404297,3.338024139404297,0.0,0.0,0.0,0.0,0.0,0.0,0.0,0.0,0.0,0.0,0.0,0.0,0.0,1.0,1.0,0.0,0,0,0,0,0,0,0,0.0,0.0,0.2,0.0
14,300,1,dpga,rpn,0.6261196136474609,0.0,global_ddp_mean,2,0.0,7.105247497558594,7.105247497558594,0.0,0.0,0.0,0.0,0.0,0.0,0.0,0.0,0.0,0.0,0.0,0.0,0.0,1.0,1.0,0.0,0,0,0,0,0,0,0,0.0,0.0,0.2,0.0
14,300,1,dpga,roi_shared,0.6261196136474609,0.0,global_ddp_mean,2,0.0,4.4600677490234375,4.4600677490234375,0.0,0.0,0.0,0.0,0.0,0.0,0.0,0.0,0.0,0.0,0.0,0.0,0.0,1.0,1.0,0.0,0,0,0,0,0,0,0,0.0,0.0,0.2,0.0
14,300,1,dpga,roi_cls,0.6261196136474609,0.0,global_ddp_mean,2,0.0,3.2659943103790283,3.2659943103790283,0.0,0.0,0.0,0.0,0.0,0.0,0.0,0.0,0.0,0.0,0.0,0.0,0.0,1.0,1.0,0.0,0,0,0,0,0,0,0,0.0,0.0,0.2,0.0
14,300,1,dpga,roi_reg,0.6261196136474609,0.0,global_ddp_mean,2,0.0,2.534284830093384,2.534284830093384,0.0,0.0,0.0,0.0,0.0,0.0,0.0,0.0,0.0,0.0,0.0,0.0,0.0,1.0,1.0,0.0,0,0,0,0,0,0,0,0.0,0.0,0.2,0.0
14,400,1,dpga,backbone,0.176255464553833,0.0,global_ddp_mean,2,0.0,32.2646598815918,32.2646598815918,0.0,0.0,0.0,0.0,0.0,0.0,0.0,0.0,0.0,0.0,0.0,0.0,0.0,1.0,1.0,0.0,0,0,0,0,0,0,0,0.0,0.0,0.2,0.0
14,400,1,dpga,fpn,0.176255464553833,0.0,global_ddp_mean,2,0.0,2.7438113689422607,2.7438113689422607,0.0,0.0,0.0,0.0,0.0,0.0,0.0,0.0,0.0,0.0,0.0,0.0,0.0,1.0,1.0,0.0,0,0,0,0,0,0,0,0.0,0.0,0.2,0.0
14,400,1,dpga,rpn,0.176255464553833,0.0,global_ddp_mean,2,0.0,5.034223556518555,5.034223556518555,0.0,0.0,0.0,0.0,0.0,0.0,0.0,0.0,0.0,0.0,0.0,0.0,0.0,1.0,1.0,0.0,0,0,0,0,0,0,0,0.0,0.0,0.2,0.0
14,400,1,dpga,roi_shared,0.176255464553833,0.0,global_ddp_mean,2,0.0,4.472156047821045,4.472156047821045,0.0,0.0,0.0,0.0,0.0,0.0,0.0,0.0,0.0,0.0,0.0,0.0,0.0,1.0,1.0,0.0,0,0,0,0,0,0,0,0.0,0.0,0.2,0.0
14,400,1,dpga,roi_cls,0.176255464553833,0.0,global_ddp_mean,2,0.0,2.8929224014282227,2.8929224014282227,0.0,0.0,0.0,0.0,0.0,0.0,0.0,0.0,0.0,0.0,0.0,0.0,0.0,1.0,1.0,0.0,0,0,0,0,0,0,0,0.0,0.0,0.2,0.0
14,400,1,dpga,roi_reg,0.176255464553833,0.0,global_ddp_mean,2,0.0,2.5606021881103516,2.5606021881103516,0.0,0.0,0.0,0.0,0.0,0.0,0.0,0.0,0.0,0.0,0.0,0.0,0.0,1.0,1.0,0.0,0,0,0,0,0,0,0,0.0,0.0,0.2,0.0
14,500,1,dpga,backbone,0.35636961460113525,0.0,global_ddp_mean,2,0.0,12.73594856262207,12.73594856262207,0.0,0.0,0.0,0.0,0.0,0.0,0.0,0.0,0.0,0.0,0.0,0.0,0.0,1.0,1.0,0.0,0,0,0,0,0,0,0,0.0,0.0,0.2,0.0
14,500,1,dpga,fpn,0.35636961460113525,0.0,global_ddp_mean,2,0.0,3.1320011615753174,3.1320011615753174,0.0,0.0,0.0,0.0,0.0,0.0,0.0,0.0,0.0,0.0,0.0,0.0,0.0,1.0,1.0,0.0,0,0,0,0,0,0,0,0.0,0.0,0.2,0.0
14,500,1,dpga,rpn,0.35636961460113525,0.0,global_ddp_mean,2,0.0,3.3336949348449707,3.3336949348449707,0.0,0.0,0.0,0.0,0.0,0.0,0.0,0.0,0.0,0.0,0.0,0.0,0.0,1.0,1.0,0.0,0,0,0,0,0,0,0,0.0,0.0,0.2,0.0
14,500,1,dpga,roi_shared,0.35636961460113525,0.0,global_ddp_mean,2,0.0,7.0579118728637695,7.0579118728637695,0.0,0.0,0.0,0.0,0.0,0.0,0.0,0.0,0.0,0.0,0.0,0.0,0.0,1.0,1.0,0.0,0,0,0,0,0,0,0,0.0,0.0,0.2,0.0
14,500,1,dpga,roi_cls,0.35636961460113525,0.0,global_ddp_mean,2,0.0,5.5068511962890625,5.5068511962890625,0.0,0.0,0.0,0.0,0.0,0.0,0.0,0.0,0.0,0.0,0.0,0.0,0.0,1.0,1.0,0.0,0,0,0,0,0,0,0,0.0,0.0,0.2,0.0
14,500,1,dpga,roi_reg,0.35636961460113525,0.0,global_ddp_mean,2,0.0,0.9519842267036438,0.9519842267036438,0.0,0.0,0.0,0.0,0.0,0.0,0.0,0.0,0.0,0.0,0.0,0.0,0.0,1.0,1.0,0.0,0,0,0,0,0,0,0,0.0,0.0,0.2,0.0
14,600,1,dpga,backbone,0.22083260118961334,0.0,global_ddp_mean,2,0.0,6.025489807128906,6.025489807128906,0.0,0.0,0.0,0.0,0.0,0.0,0.0,0.0,0.0,0.0,0.0,0.0,0.0,1.0,1.0,0.0,0,0,0,0,0,0,0,0.0,0.0,0.2,0.0
14,600,1,dpga,fpn,0.22083260118961334,0.0,global_ddp_mean,2,0.0,0.9193084239959717,0.9193084239959717,0.0,0.0,0.0,0.0,0.0,0.0,0.0,0.0,0.0,0.0,0.0,0.0,0.0,1.0,1.0,0.0,0,0,0,0,0,0,0,0.0,0.0,0.2,0.0
14,600,1,dpga,rpn,0.22083260118961334,0.0,global_ddp_mean,2,0.0,1.0211408138275146,1.0211408138275146,0.0,0.0,0.0,0.0,0.0,0.0,0.0,0.0,0.0,0.0,0.0,0.0,0.0,1.0,1.0,0.0,0,0,0,0,0,0,0,0.0,0.0,0.2,0.0
14,600,1,dpga,roi_shared,0.22083260118961334,0.0,global_ddp_mean,2,0.0,1.971847653388977,1.971847653388977,0.0,0.0,0.0,0.0,0.0,0.0,0.0,0.0,0.0,0.0,0.0,0.0,0.0,1.0,1.0,0.0,0,0,0,0,0,0,0,0.0,0.0,0.2,0.0
14,600,1,dpga,roi_cls,0.22083260118961334,0.0,global_ddp_mean,2,0.0,1.819797396659851,1.819797396659851,0.0,0.0,0.0,0.0,0.0,0.0,0.0,0.0,0.0,0.0,0.0,0.0,0.0,1.0,1.0,0.0,0,0,0,0,0,0,0,0.0,0.0,0.2,0.0
14,600,1,dpga,roi_reg,0.22083260118961334,0.0,global_ddp_mean,2,0.0,1.4210560321807861,1.4210560321807861,0.0,0.0,0.0,0.0,0.0,0.0,0.0,0.0,0.0,0.0,0.0,0.0,0.0,1.0,1.0,0.0,0,0,0,0,0,0,0,0.0,0.0,0.2,0.0
14,700,1,dpga,backbone,0.7664886116981506,0.0,global_ddp_mean,2,0.0,21.924837112426758,21.924837112426758,0.0,0.0,0.0,0.0,0.0,0.0,0.0,0.0,0.0,0.0,0.0,0.0,0.0,1.0,1.0,0.0,0,0,0,0,0,0,0,0.0,0.0,0.2,0.0
14,700,1,dpga,fpn,0.7664886116981506,0.0,global_ddp_mean,2,0.0,3.304541826248169,3.304541826248169,0.0,0.0,0.0,0.0,0.0,0.0,0.0,0.0,0.0,0.0,0.0,0.0,0.0,1.0,1.0,0.0,0,0,0,0,0,0,0,0.0,0.0,0.2,0.0
14,700,1,dpga,rpn,0.7664886116981506,0.0,global_ddp_mean,2,0.0,2.813951015472412,2.813951015472412,0.0,0.0,0.0,0.0,0.0,0.0,0.0,0.0,0.0,0.0,0.0,0.0,0.0,1.0,1.0,0.0,0,0,0,0,0,0,0,0.0,0.0,0.2,0.0
14,700,1,dpga,roi_shared,0.7664886116981506,0.0,global_ddp_mean,2,0.0,6.945329189300537,6.945329189300537,0.0,0.0,0.0,0.0,0.0,0.0,0.0,0.0,0.0,0.0,0.0,0.0,0.0,1.0,1.0,0.0,0,0,0,0,0,0,0,0.0,0.0,0.2,0.0
14,700,1,dpga,roi_cls,0.7664886116981506,0.0,global_ddp_mean,2,0.0,5.0146684646606445,5.0146684646606445,0.0,0.0,0.0,0.0,0.0,0.0,0.0,0.0,0.0,0.0,0.0,0.0,0.0,1.0,1.0,0.0,0,0,0,0,0,0,0,0.0,0.0,0.2,0.0
14,700,1,dpga,roi_reg,0.7664886116981506,0.0,global_ddp_mean,2,0.0,5.3260498046875,5.3260498046875,0.0,0.0,0.0,0.0,0.0,0.0,0.0,0.0,0.0,0.0,0.0,0.0,0.0,1.0,1.0,0.0,0,0,0,0,0,0,0,0.0,0.0,0.2,0.0
14,800,1,dpga,backbone,0.02360849641263485,0.0,global_ddp_mean,2,0.0,7.32682466506958,7.32682466506958,0.0,0.0,0.0,0.0,0.0,0.0,0.0,0.0,0.0,0.0,0.0,0.0,0.0,1.0,1.0,0.0,0,0,0,0,0,0,0,0.0,0.0,0.2,0.0
14,800,1,dpga,fpn,0.02360849641263485,0.0,global_ddp_mean,2,0.0,0.8621668815612793,0.8621668815612793,0.0,0.0,0.0,0.0,0.0,0.0,0.0,0.0,0.0,0.0,0.0,0.0,0.0,1.0,1.0,0.0,0,0,0,0,0,0,0,0.0,0.0,0.2,0.0
14,800,1,dpga,rpn,0.02360849641263485,0.0,global_ddp_mean,2,0.0,1.4181572198867798,1.4181572198867798,0.0,0.0,0.0,0.0,0.0,0.0,0.0,0.0,0.0,0.0,0.0,0.0,0.0,1.0,1.0,0.0,0,0,0,0,0,0,0,0.0,0.0,0.2,0.0
14,800,1,dpga,roi_shared,0.02360849641263485,0.0,global_ddp_mean,2,0.0,0.9706811904907227,0.9706811904907227,0.0,0.0,0.0,0.0,0.0,0.0,0.0,0.0,0.0,0.0,0.0,0.0,0.0,1.0,1.0,0.0,0,0,0,0,0,0,0,0.0,0.0,0.2,0.0
14,800,1,dpga,roi_cls,0.02360849641263485,0.0,global_ddp_mean,2,0.0,0.9411693215370178,0.9411693215370178,0.0,0.0,0.0,0.0,0.0,0.0,0.0,0.0,0.0,0.0,0.0,0.0,0.0,1.0,1.0,0.0,0,0,0,0,0,0,0,0.0,0.0,0.2,0.0
14,800,1,dpga,roi_reg,0.02360849641263485,0.0,global_ddp_mean,2,0.0,0.0,0.0,0.0,0.0,0.0,0.0,0.0,0.0,0.0,0.0,0.0,0.0,0.0,0.0,0.0,0.0,0.0,90.0,0,0,0,0,0,0,0,0.0,0.0,0.2,0.0
14,900,1,dpga,backbone,0.003337523667141795,0.0,global_ddp_mean,2,0.0,6.526138782501221,6.526138782501221,0.0,0.0,0.0,0.0,0.0,0.0,0.0,0.0,0.0,0.0,0.0,0.0,0.0,1.0,1.0,0.0,0,0,0,0,0,0,0,0.0,0.0,0.2,0.0
14,900,1,dpga,fpn,0.003337523667141795,0.0,global_ddp_mean,2,0.0,0.9412496089935303,0.9412496089935303,0.0,0.0,0.0,0.0,0.0,0.0,0.0,0.0,0.0,0.0,0.0,0.0,0.0,1.0,1.0,0.0,0,0,0,0,0,0,0,0.0,0.0,0.2,0.0
14,900,1,dpga,rpn,0.003337523667141795,0.0,global_ddp_mean,2,0.0,1.0608733892440796,1.0608733892440796,0.0,0.0,0.0,0.0,0.0,0.0,0.0,0.0,0.0,0.0,0.0,0.0,0.0,1.0,1.0,0.0,0,0,0,0,0,0,0,0.0,0.0,0.2,0.0
14,900,1,dpga,roi_shared,0.003337523667141795,0.0,global_ddp_mean,2,0.0,1.9123845100402832,1.9123845100402832,0.0,0.0,0.0,0.0,0.0,0.0,0.0,0.0,0.0,0.0,0.0,0.0,0.0,1.0,1.0,0.0,0,0,0,0,0,0,0,0.0,0.0,0.2,0.0
14,900,1,dpga,roi_cls,0.003337523667141795,0.0,global_ddp_mean,2,0.0,1.7912225723266602,1.7912225723266602,0.0,0.0,0.0,0.0,0.0,0.0,0.0,0.0,0.0,0.0,0.0,0.0,0.0,1.0,1.0,0.0,0,0,0,0,0,0,0,0.0,0.0,0.2,0.0
14,900,1,dpga,roi_reg,0.003337523667141795,0.0,global_ddp_mean,2,0.0,0.34740281105041504,0.34740281105041504,0.0,0.0,0.0,0.0,0.0,0.0,0.0,0.0,0.0,0.0,0.0,0.0,0.0,1.0,1.0,0.0,0,0,0,0,0,0,0,0.0,0.0,0.2,0.0
14,1000,1,dpga,backbone,0.13021039962768555,0.0,global_ddp_mean,2,0.0,8.720928192138672,8.720928192138672,0.0,0.0,0.0,0.0,0.0,0.0,0.0,0.0,0.0,0.0,0.0,0.0,0.0,1.0,1.0,0.0,0,0,0,0,0,0,0,0.0,0.0,0.2,0.0
14,1000,1,dpga,fpn,0.13021039962768555,0.0,global_ddp_mean,2,0.0,1.3948259353637695,1.3948259353637695,0.0,0.0,0.0,0.0,0.0,0.0,0.0,0.0,0.0,0.0,0.0,0.0,0.0,1.0,1.0,0.0,0,0,0,0,0,0,0,0.0,0.0,0.2,0.0
14,1000,1,dpga,rpn,0.13021039962768555,0.0,global_ddp_mean,2,0.0,2.0914502143859863,2.0914502143859863,0.0,0.0,0.0,0.0,0.0,0.0,0.0,0.0,0.0,0.0,0.0,0.0,0.0,1.0,1.0,0.0,0,0,0,0,0,0,0,0.0,0.0,0.2,0.0
14,1000,1,dpga,roi_shared,0.13021039962768555,0.0,global_ddp_mean,2,0.0,2.8308608531951904,2.8308608531951904,0.0,0.0,0.0,0.0,0.0,0.0,0.0,0.0,0.0,0.0,0.0,0.0,0.0,1.0,1.0,0.0,0,0,0,0,0,0,0,0.0,0.0,0.2,0.0
14,1000,1,dpga,roi_cls,0.13021039962768555,0.0,global_ddp_mean,2,0.0,1.8484363555908203,1.8484363555908203,0.0,0.0,0.0,0.0,0.0,0.0,0.0,0.0,0.0,0.0,0.0,0.0,0.0,1.0,1.0,0.0,0,0,0,0,0,0,0,0.0,0.0,0.2,0.0
14,1000,1,dpga,roi_reg,0.13021039962768555,0.0,global_ddp_mean,2,0.0,1.3231145143508911,1.3231145143508911,0.0,0.0,0.0,0.0,0.0,0.0,0.0,0.0,0.0,0.0,0.0,0.0,0.0,1.0,1.0,0.0,0,0,0,0,0,0,0,0.0,0.0,0.2,0.0
14,1100,1,dpga,backbone,0.17870664596557617,0.0,global_ddp_mean,2,0.0,7.384619235992432,7.384619235992432,0.0,0.0,0.0,0.0,0.0,0.0,0.0,0.0,0.0,0.0,0.0,0.0,0.0,1.0,1.0,0.0,0,0,0,0,0,0,0,0.0,0.0,0.2,0.0
14,1100,1,dpga,fpn,0.17870664596557617,0.0,global_ddp_mean,2,0.0,1.59028160572052,1.59028160572052,0.0,0.0,0.0,0.0,0.0,0.0,0.0,0.0,0.0,0.0,0.0,0.0,0.0,1.0,1.0,0.0,0,0,0,0,0,0,0,0.0,0.0,0.2,0.0
14,1100,1,dpga,rpn,0.17870664596557617,0.0,global_ddp_mean,2,0.0,2.4549453258514404,2.4549453258514404,0.0,0.0,0.0,0.0,0.0,0.0,0.0,0.0,0.0,0.0,0.0,0.0,0.0,1.0,1.0,0.0,0,0,0,0,0,0,0,0.0,0.0,0.2,0.0
14,1100,1,dpga,roi_shared,0.17870664596557617,0.0,global_ddp_mean,2,0.0,3.8131580352783203,3.8131580352783203,0.0,0.0,0.0,0.0,0.0,0.0,0.0,0.0,0.0,0.0,0.0,0.0,0.0,1.0,1.0,0.0,0,0,0,0,0,0,0,0.0,0.0,0.2,0.0
14,1100,1,dpga,roi_cls,0.17870664596557617,0.0,global_ddp_mean,2,0.0,2.718989610671997,2.718989610671997,0.0,0.0,0.0,0.0,0.0,0.0,0.0,0.0,0.0,0.0,0.0,0.0,0.0,1.0,1.0,0.0,0,0,0,0,0,0,0,0.0,0.0,0.2,0.0
14,1100,1,dpga,roi_reg,0.17870664596557617,0.0,global_ddp_mean,2,0.0,2.9399654865264893,2.9399654865264893,0.0,0.0,0.0,0.0,0.0,0.0,0.0,0.0,0.0,0.0,0.0,0.0,0.0,1.0,1.0,0.0,0,0,0,0,0,0,0,0.0,0.0,0.2,0.0
14,1200,1,dpga,backbone,0.2292635142803192,0.0,global_ddp_mean,2,0.0,4.4630889892578125,4.4630889892578125,0.0,0.0,0.0,0.0,0.0,0.0,0.0,0.0,0.0,0.0,0.0,0.0,0.0,1.0,1.0,0.0,0,0,0,0,0,0,0,0.0,0.0,0.2,0.0
14,1200,1,dpga,fpn,0.2292635142803192,0.0,global_ddp_mean,2,0.0,0.7957353591918945,0.7957353591918945,0.0,0.0,0.0,0.0,0.0,0.0,0.0,0.0,0.0,0.0,0.0,0.0,0.0,1.0,1.0,0.0,0,0,0,0,0,0,0,0.0,0.0,0.2,0.0
14,1200,1,dpga,rpn,0.2292635142803192,0.0,global_ddp_mean,2,0.0,1.163604736328125,1.163604736328125,0.0,0.0,0.0,0.0,0.0,0.0,0.0,0.0,0.0,0.0,0.0,0.0,0.0,1.0,1.0,0.0,0,0,0,0,0,0,0,0.0,0.0,0.2,0.0
14,1200,1,dpga,roi_shared,0.2292635142803192,0.0,global_ddp_mean,2,0.0,1.777138590812683,1.777138590812683,0.0,0.0,0.0,0.0,0.0,0.0,0.0,0.0,0.0,0.0,0.0,0.0,0.0,1.0,1.0,0.0,0,0,0,0,0,0,0,0.0,0.0,0.2,0.0
14,1200,1,dpga,roi_cls,0.2292635142803192,0.0,global_ddp_mean,2,0.0,1.542614221572876,1.542614221572876,0.0,0.0,0.0,0.0,0.0,0.0,0.0,0.0,0.0,0.0,0.0,0.0,0.0,1.0,1.0,0.0,0,0,0,0,0,0,0,0.0,0.0,0.2,0.0
14,1200,1,dpga,roi_reg,0.2292635142803192,0.0,global_ddp_mean,2,0.0,1.5883539915084839,1.5883539915084839,0.0,0.0,0.0,0.0,0.0,0.0,0.0,0.0,0.0,0.0,0.0,0.0,0.0,1.0,1.0,0.0,0,0,0,0,0,0,0,0.0,0.0,0.2,0.0
14,1300,1,dpga,backbone,0.09484715759754181,0.0,global_ddp_mean,2,0.0,12.464695930480957,12.464695930480957,0.0,0.0,0.0,0.0,0.0,0.0,0.0,0.0,0.0,0.0,0.0,0.0,0.0,1.0,1.0,0.0,0,0,0,0,0,0,0,0.0,0.0,0.2,0.0
14,1300,1,dpga,fpn,0.09484715759754181,0.0,global_ddp_mean,2,0.0,1.7569371461868286,1.7569371461868286,0.0,0.0,0.0,0.0,0.0,0.0,0.0,0.0,0.0,0.0,0.0,0.0,0.0,1.0,1.0,0.0,0,0,0,0,0,0,0,0.0,0.0,0.2,0.0
14,1300,1,dpga,rpn,0.09484715759754181,0.0,global_ddp_mean,2,0.0,1.8426116704940796,1.8426116704940796,0.0,0.0,0.0,0.0,0.0,0.0,0.0,0.0,0.0,0.0,0.0,0.0,0.0,1.0,1.0,0.0,0,0,0,0,0,0,0,0.0,0.0,0.2,0.0
14,1300,1,dpga,roi_shared,0.09484715759754181,0.0,global_ddp_mean,2,0.0,3.555088758468628,3.555088758468628,0.0,0.0,0.0,0.0,0.0,0.0,0.0,0.0,0.0,0.0,0.0,0.0,0.0,1.0,1.0,0.0,0,0,0,0,0,0,0,0.0,0.0,0.2,0.0
14,1300,1,dpga,roi_cls,0.09484715759754181,0.0,global_ddp_mean,2,0.0,2.3542208671569824,2.3542208671569824,0.0,0.0,0.0,0.0,0.0,0.0,0.0,0.0,0.0,0.0,0.0,0.0,0.0,1.0,1.0,0.0,0,0,0,0,0,0,0,0.0,0.0,0.2,0.0
14,1300,1,dpga,roi_reg,0.09484715759754181,0.0,global_ddp_mean,2,0.0,2.0504562854766846,2.0504562854766846,0.0,0.0,0.0,0.0,0.0,0.0,0.0,0.0,0.0,0.0,0.0,0.0,0.0,1.0,1.0,0.0,0,0,0,0,0,0,0,0.0,0.0,0.2,0.0
14,1400,1,dpga,backbone,0.032426733523607254,0.0,global_ddp_mean,2,0.0,8.133692741394043,8.133692741394043,0.0,0.0,0.0,0.0,0.0,0.0,0.0,0.0,0.0,0.0,0.0,0.0,0.0,1.0,1.0,0.0,0,0,0,0,0,0,0,0.0,0.0,0.2,0.0
14,1400,1,dpga,fpn,0.032426733523607254,0.0,global_ddp_mean,2,0.0,2.0868945121765137,2.0868945121765137,0.0,0.0,0.0,0.0,0.0,0.0,0.0,0.0,0.0,0.0,0.0,0.0,0.0,1.0,1.0,0.0,0,0,0,0,0,0,0,0.0,0.0,0.2,0.0
14,1400,1,dpga,rpn,0.032426733523607254,0.0,global_ddp_mean,2,0.0,1.2626856565475464,1.2626856565475464,0.0,0.0,0.0,0.0,0.0,0.0,0.0,0.0,0.0,0.0,0.0,0.0,0.0,1.0,1.0,0.0,0,0,0,0,0,0,0,0.0,0.0,0.2,0.0
14,1400,1,dpga,roi_shared,0.032426733523607254,0.0,global_ddp_mean,2,0.0,4.575409412384033,4.575409412384033,0.0,0.0,0.0,0.0,0.0,0.0,0.0,0.0,0.0,0.0,0.0,0.0,0.0,1.0,1.0,0.0,0,0,0,0,0,0,0,0.0,0.0,0.2,0.0
14,1400,1,dpga,roi_cls,0.032426733523607254,0.0,global_ddp_mean,2,0.0,4.165407657623291,4.165407657623291,0.0,0.0,0.0,0.0,0.0,0.0,0.0,0.0,0.0,0.0,0.0,0.0,0.0,1.0,1.0,0.0,0,0,0,0,0,0,0,0.0,0.0,0.2,0.0
14,1400,1,dpga,roi_reg,0.032426733523607254,0.0,global_ddp_mean,2,0.0,0.6606979370117188,0.6606979370117188,0.0,0.0,0.0,0.0,0.0,0.0,0.0,0.0,0.0,0.0,0.0,0.0,0.0,1.0,1.0,0.0,0,0,0,0,0,0,0,0.0,0.0,0.2,0.0
15,0,1,dpga,backbone,0.49867525696754456,0.0,global_ddp_mean,2,0.0,10.815258026123047,10.815258026123047,0.0,0.0,0.0,0.0,0.0,0.0,0.0,0.0,0.0,0.0,0.0,0.0,0.0,1.0,1.0,0.0,0,0,0,0,0,0,0,0.0,0.0,0.2,0.0
15,0,1,dpga,fpn,0.49867525696754456,0.0,global_ddp_mean,2,0.0,2.51725435256958,2.51725435256958,0.0,0.0,0.0,0.0,0.0,0.0,0.0,0.0,0.0,0.0,0.0,0.0,0.0,1.0,1.0,0.0,0,0,0,0,0,0,0,0.0,0.0,0.2,0.0
15,0,1,dpga,rpn,0.49867525696754456,0.0,global_ddp_mean,2,0.0,3.077216625213623,3.077216625213623,0.0,0.0,0.0,0.0,0.0,0.0,0.0,0.0,0.0,0.0,0.0,0.0,0.0,1.0,1.0,0.0,0,0,0,0,0,0,0,0.0,0.0,0.2,0.0
15,0,1,dpga,roi_shared,0.49867525696754456,0.0,global_ddp_mean,2,0.0,4.7674055099487305,4.7674055099487305,0.0,0.0,0.0,0.0,0.0,0.0,0.0,0.0,0.0,0.0,0.0,0.0,0.0,1.0,1.0,0.0,0,0,0,0,0,0,0,0.0,0.0,0.2,0.0
15,0,1,dpga,roi_cls,0.49867525696754456,0.0,global_ddp_mean,2,0.0,2.6533079147338867,2.6533079147338867,0.0,0.0,0.0,0.0,0.0,0.0,0.0,0.0,0.0,0.0,0.0,0.0,0.0,1.0,1.0,0.0,0,0,0,0,0,0,0,0.0,0.0,0.2,0.0
15,0,1,dpga,roi_reg,0.49867525696754456,0.0,global_ddp_mean,2,0.0,4.2113566398620605,4.2113566398620605,0.0,0.0,0.0,0.0,0.0,0.0,0.0,0.0,0.0,0.0,0.0,0.0,0.0,1.0,1.0,0.0,0,0,0,0,0,0,0,0.0,0.0,0.2,0.0
15,100,1,dpga,backbone,0.012574677355587482,0.0,global_ddp_mean,2,0.0,7.77662992477417,7.77662992477417,0.0,0.0,0.0,0.0,0.0,0.0,0.0,0.0,0.0,0.0,0.0,0.0,0.0,1.0,1.0,0.0,0,0,0,0,0,0,0,0.0,0.0,0.2,0.0
15,100,1,dpga,fpn,0.012574677355587482,0.0,global_ddp_mean,2,0.0,1.7944399118423462,1.7944399118423462,0.0,0.0,0.0,0.0,0.0,0.0,0.0,0.0,0.0,0.0,0.0,0.0,0.0,1.0,1.0,0.0,0,0,0,0,0,0,0,0.0,0.0,0.2,0.0
15,100,1,dpga,rpn,0.012574677355587482,0.0,global_ddp_mean,2,0.0,1.7064855098724365,1.7064855098724365,0.0,0.0,0.0,0.0,0.0,0.0,0.0,0.0,0.0,0.0,0.0,0.0,0.0,1.0,1.0,0.0,0,0,0,0,0,0,0,0.0,0.0,0.2,0.0
15,100,1,dpga,roi_shared,0.012574677355587482,0.0,global_ddp_mean,2,0.0,4.567932605743408,4.567932605743408,0.0,0.0,0.0,0.0,0.0,0.0,0.0,0.0,0.0,0.0,0.0,0.0,0.0,1.0,1.0,0.0,0,0,0,0,0,0,0,0.0,0.0,0.2,0.0
15,100,1,dpga,roi_cls,0.012574677355587482,0.0,global_ddp_mean,2,0.0,3.79347825050354,3.79347825050354,0.0,0.0,0.0,0.0,0.0,0.0,0.0,0.0,0.0,0.0,0.0,0.0,0.0,1.0,1.0,0.0,0,0,0,0,0,0,0,0.0,0.0,0.2,0.0
15,100,1,dpga,roi_reg,0.012574677355587482,0.0,global_ddp_mean,2,0.0,1.6777011156082153,1.6777011156082153,0.0,0.0,0.0,0.0,0.0,0.0,0.0,0.0,0.0,0.0,0.0,0.0,0.0,1.0,1.0,0.0,0,0,0,0,0,0,0,0.0,0.0,0.2,0.0
15,200,1,dpga,backbone,0.0762929618358612,-0.0,global_ddp_mean,2,0.0,8.622406959533691,8.622406959533691,0.0,0.0,0.0,0.0,0.0,0.0,0.0,0.0,0.0,0.0,0.0,0.0,0.0,1.0,1.0,0.0,0,0,0,0,0,0,0,0.0,0.0,0.2,0.0
15,200,1,dpga,fpn,0.0762929618358612,-0.0,global_ddp_mean,2,0.0,1.1715489625930786,1.1715489625930786,0.0,0.0,0.0,0.0,0.0,0.0,0.0,0.0,0.0,0.0,0.0,0.0,0.0,1.0,1.0,0.0,0,0,0,0,0,0,0,0.0,0.0,0.2,0.0
15,200,1,dpga,rpn,0.0762929618358612,-0.0,global_ddp_mean,2,0.0,0.9332008957862854,0.9332008957862854,0.0,0.0,0.0,0.0,0.0,0.0,0.0,0.0,0.0,0.0,0.0,0.0,0.0,1.0,1.0,0.0,0,0,0,0,0,0,0,0.0,0.0,0.2,0.0
15,200,1,dpga,roi_shared,0.0762929618358612,-0.0,global_ddp_mean,2,0.0,2.126765727996826,2.126765727996826,0.0,0.0,0.0,0.0,0.0,0.0,0.0,0.0,0.0,0.0,0.0,0.0,0.0,1.0,1.0,0.0,0,0,0,0,0,0,0,0.0,0.0,0.2,0.0
15,200,1,dpga,roi_cls,0.0762929618358612,-0.0,global_ddp_mean,2,0.0,1.860650897026062,1.860650897026062,0.0,0.0,0.0,0.0,0.0,0.0,0.0,0.0,0.0,0.0,0.0,0.0,0.0,1.0,1.0,0.0,0,0,0,0,0,0,0,0.0,0.0,0.2,0.0
15,200,1,dpga,roi_reg,0.0762929618358612,-0.0,global_ddp_mean,2,0.0,0.5214826464653015,0.5214826464653015,0.0,0.0,0.0,0.0,0.0,0.0,0.0,0.0,0.0,0.0,0.0,0.0,0.0,1.0,1.0,0.0,0,0,0,0,0,0,0,0.0,0.0,0.2,0.0
15,300,1,dpga,backbone,0.38884633779525757,0.0,global_ddp_mean,2,0.0,91.65983581542969,91.65983581542969,0.0,0.0,0.0,0.0,0.0,0.0,0.0,0.0,0.0,0.0,0.0,0.0,0.0,1.0,1.0,0.0,0,0,0,0,0,0,0,0.0,0.0,0.2,0.0
15,300,1,dpga,fpn,0.38884633779525757,0.0,global_ddp_mean,2,0.0,11.55693244934082,11.55693244934082,0.0,0.0,0.0,0.0,0.0,0.0,0.0,0.0,0.0,0.0,0.0,0.0,0.0,1.0,1.0,0.0,0,0,0,0,0,0,0,0.0,0.0,0.2,0.0
15,300,1,dpga,rpn,0.38884633779525757,0.0,global_ddp_mean,2,0.0,2.9103715419769287,2.9103715419769287,0.0,0.0,0.0,0.0,0.0,0.0,0.0,0.0,0.0,0.0,0.0,0.0,0.0,1.0,1.0,0.0,0,0,0,0,0,0,0,0.0,0.0,0.2,0.0
15,300,1,dpga,roi_shared,0.38884633779525757,0.0,global_ddp_mean,2,0.0,23.903724670410156,23.903724670410156,0.0,0.0,0.0,0.0,0.0,0.0,0.0,0.0,0.0,0.0,0.0,0.0,0.0,1.0,1.0,0.0,0,0,0,0,0,0,0,0.0,0.0,0.2,0.0
15,300,1,dpga,roi_cls,0.38884633779525757,0.0,global_ddp_mean,2,0.0,17.7427921295166,17.7427921295166,0.0,0.0,0.0,0.0,0.0,0.0,0.0,0.0,0.0,0.0,0.0,0.0,0.0,1.0,1.0,0.0,0,0,0,0,0,0,0,0.0,0.0,0.2,0.0
15,300,1,dpga,roi_reg,0.38884633779525757,0.0,global_ddp_mean,2,0.0,7.319149971008301,7.319149971008301,0.0,0.0,0.0,0.0,0.0,0.0,0.0,0.0,0.0,0.0,0.0,0.0,0.0,1.0,1.0,0.0,0,0,0,0,0,0,0,0.0,0.0,0.2,0.0
15,400,1,dpga,backbone,0.17091506719589233,0.0,global_ddp_mean,2,0.0,8.049668312072754,8.049668312072754,0.0,0.0,0.0,0.0,0.0,0.0,0.0,0.0,0.0,0.0,0.0,0.0,0.0,1.0,1.0,0.0,0,0,0,0,0,0,0,0.0,0.0,0.2,0.0
15,400,1,dpga,fpn,0.17091506719589233,0.0,global_ddp_mean,2,0.0,1.5879888534545898,1.5879888534545898,0.0,0.0,0.0,0.0,0.0,0.0,0.0,0.0,0.0,0.0,0.0,0.0,0.0,1.0,1.0,0.0,0,0,0,0,0,0,0,0.0,0.0,0.2,0.0
15,400,1,dpga,rpn,0.17091506719589233,0.0,global_ddp_mean,2,0.0,2.4586548805236816,2.4586548805236816,0.0,0.0,0.0,0.0,0.0,0.0,0.0,0.0,0.0,0.0,0.0,0.0,0.0,1.0,1.0,0.0,0,0,0,0,0,0,0,0.0,0.0,0.2,0.0
15,400,1,dpga,roi_shared,0.17091506719589233,0.0,global_ddp_mean,2,0.0,2.556710958480835,2.556710958480835,0.0,0.0,0.0,0.0,0.0,0.0,0.0,0.0,0.0,0.0,0.0,0.0,0.0,1.0,1.0,0.0,0,0,0,0,0,0,0,0.0,0.0,0.2,0.0
15,400,1,dpga,roi_cls,0.17091506719589233,0.0,global_ddp_mean,2,0.0,1.2388006448745728,1.2388006448745728,0.0,0.0,0.0,0.0,0.0,0.0,0.0,0.0,0.0,0.0,0.0,0.0,0.0,1.0,1.0,0.0,0,0,0,0,0,0,0,0.0,0.0,0.2,0.0
15,400,1,dpga,roi_reg,0.17091506719589233,0.0,global_ddp_mean,2,0.0,2.460742473602295,2.460742473602295,0.0,0.0,0.0,0.0,0.0,0.0,0.0,0.0,0.0,0.0,0.0,0.0,0.0,1.0,1.0,0.0,0,0,0,0,0,0,0,0.0,0.0,0.2,0.0
15,500,1,dpga,backbone,0.0623059943318367,-0.0,global_ddp_mean,2,0.0,6.368196487426758,6.368196487426758,0.0,0.0,0.0,0.0,0.0,0.0,0.0,0.0,0.0,0.0,0.0,0.0,0.0,1.0,1.0,0.0,0,0,0,0,0,0,0,0.0,0.0,0.2,0.0
15,500,1,dpga,fpn,0.0623059943318367,-0.0,global_ddp_mean,2,0.0,1.1968107223510742,1.1968107223510742,0.0,0.0,0.0,0.0,0.0,0.0,0.0,0.0,0.0,0.0,0.0,0.0,0.0,1.0,1.0,0.0,0,0,0,0,0,0,0,0.0,0.0,0.2,0.0
15,500,1,dpga,rpn,0.0623059943318367,-0.0,global_ddp_mean,2,0.0,1.5127720832824707,1.5127720832824707,0.0,0.0,0.0,0.0,0.0,0.0,0.0,0.0,0.0,0.0,0.0,0.0,0.0,1.0,1.0,0.0,0,0,0,0,0,0,0,0.0,0.0,0.2,0.0
15,500,1,dpga,roi_shared,0.0623059943318367,-0.0,global_ddp_mean,2,0.0,2.735020875930786,2.735020875930786,0.0,0.0,0.0,0.0,0.0,0.0,0.0,0.0,0.0,0.0,0.0,0.0,0.0,1.0,1.0,0.0,0,0,0,0,0,0,0,0.0,0.0,0.2,0.0
15,500,1,dpga,roi_cls,0.0623059943318367,-0.0,global_ddp_mean,2,0.0,1.649169683456421,1.649169683456421,0.0,0.0,0.0,0.0,0.0,0.0,0.0,0.0,0.0,0.0,0.0,0.0,0.0,1.0,1.0,0.0,0,0,0,0,0,0,0,0.0,0.0,0.2,0.0
15,500,1,dpga,roi_reg,0.0623059943318367,-0.0,global_ddp_mean,2,0.0,2.194699287414551,2.194699287414551,0.0,0.0,0.0,0.0,0.0,0.0,0.0,0.0,0.0,0.0,0.0,0.0,0.0,1.0,1.0,0.0,0,0,0,0,0,0,0,0.0,0.0,0.2,0.0
15,600,1,dpga,backbone,0.39153164625167847,0.037998124957084656,global_ddp_mean,2,0.1911907196044922,13.119970321655273,13.119970321655273,2.1691269874572754,2.1691269874572754,2.1691269874572754,1.3119970560073853,0.18953395895504066,1.3119970560073853,0.1653301748615243,0.1653301748615243,0.1000000018172189,0.01444621857430606,0.01444621857430606,0.00276198335531622,0.00276198335531622,1.002761983355316,0.9999001493873281,0.8096859644162702,0,0,0,0,0,0,1,0.6048502922058105,0.7223109006881714,0.2,0.14446218311786652
15,600,1,dpga,fpn,0.39153164625167847,0.037998124957084656,global_ddp_mean,2,0.06912319362163544,2.299739360809326,2.299739360809326,0.673179566860199,0.673179566860199,0.673179566860199,0.34496092796325684,0.040398654097083764,0.34496092796325684,0.2927199396297209,0.2927199396297209,0.1500000103672,0.017566622890198582,0.017566622890198582,0.00121426094443591,0.00121426094443591,1.0012142609444359,0.9998468294023258,1.0028382199049692,0,0,0,0,0,0,1,0.512435257434845,0.5855540633201599,0.2,0.11711081117391586
15,600,1,dpga,rpn,0.39153164625167847,0.037998124957084656,global_ddp_mean,2,0.0,1.706080436706543,1.706080436706543,0.0,0.0,0.0,0.0,0.0,0.0,0.0,0.0,0.0,0.0,0.0,0.0,0.0,1.0,1.0,0.0,0,0,0,0,0,0,0,0.0,0.0,0.2,0.0
15,600,1,dpga,roi_shared,0.39153164625167847,0.037998124957084656,global_ddp_mean,2,0.08135858178138733,4.739181041717529,4.739181041717529,0.37608224153518677,0.37608224153518677,0.37608224153518677,0.37608224153518677,0.045153839351137925,0.37608224153518677,0.07935595585495729,0.07935595585495729,0.07935595585495729,0.009527772615914604,0.009527772615914604,0.000775166067566351,0.000775166067566351,1.0007751660675663,0.999954981844609,0.5436671688416912,0,0,0,0,0,0,0,1.0,0.6003186702728271,0.2,0.12006373703479767
15,600,1,dpga,roi_cls,0.39153164625167847,0.037998124957084656,global_ddp_mean,2,0.0,2.650292158126831,2.650292158126831,0.0,0.0,0.0,0.0,0.0,0.0,0.0,0.0,0.0,0.0,0.0,0.0,0.0,1.0,1.0,0.0,0,0,0,0,0,0,0,0.0,0.0,0.2,0.0
15,600,1,dpga,roi_reg,0.39153164625167847,0.037998124957084656,global_ddp_mean,2,0.5584007501602173,2.245426893234253,2.245426893234253,0.8296991586685181,0.8296991586685181,0.8296991586685181,0.11227134615182877,0.02115736048908856,0.11227134615182877,0.3695061999874071,0.3695061999874071,0.05000000066362264,0.009422422325500014,0.009422422325500014,0.005261488818125859,0.005261488818125859,1.005261488818126,0.9999697626421709,0.445564564427871,0,0,0,0,0,0,1,0.13531573116779327,0.9422422051429749,0.2,0.1884484440088272
15,700,1,dpga,backbone,0.16363173723220825,0.0,global_ddp_mean,2,0.0,4.673207759857178,4.673207759857178,0.0,0.0,0.0,0.0,0.0,0.0,0.0,0.0,0.0,0.0,0.0,0.0,0.0,1.0,1.0,0.0,0,0,0,0,0,0,0,0.0,0.0,0.2,0.0
15,700,1,dpga,fpn,0.16363173723220825,0.0,global_ddp_mean,2,0.0,0.8899776935577393,0.8899776935577393,0.0,0.0,0.0,0.0,0.0,0.0,0.0,0.0,0.0,0.0,0.0,0.0,0.0,1.0,1.0,0.0,0,0,0,0,0,0,0,0.0,0.0,0.2,0.0
15,700,1,dpga,rpn,0.16363173723220825,0.0,global_ddp_mean,2,0.0,1.1840900182724,1.1840900182724,0.0,0.0,0.0,0.0,0.0,0.0,0.0,0.0,0.0,0.0,0.0,0.0,0.0,1.0,1.0,0.0,0,0,0,0,0,0,0,0.0,0.0,0.2,0.0
15,700,1,dpga,roi_shared,0.16363173723220825,0.0,global_ddp_mean,2,0.0,1.8494497537612915,1.8494497537612915,0.0,0.0,0.0,0.0,0.0,0.0,0.0,0.0,0.0,0.0,0.0,0.0,0.0,1.0,1.0,0.0,0,0,0,0,0,0,0,0.0,0.0,0.2,0.0
15,700,1,dpga,roi_cls,0.16363173723220825,0.0,global_ddp_mean,2,0.0,1.2128673791885376,1.2128673791885376,0.0,0.0,0.0,0.0,0.0,0.0,0.0,0.0,0.0,0.0,0.0,0.0,0.0,1.0,1.0,0.0,0,0,0,0,0,0,0,0.0,0.0,0.2,0.0
15,700,1,dpga,roi_reg,0.16363173723220825,0.0,global_ddp_mean,2,0.0,1.3002732992172241,1.3002732992172241,0.0,0.0,0.0,0.0,0.0,0.0,0.0,0.0,0.0,0.0,0.0,0.0,0.0,1.0,1.0,0.0,0,0,0,0,0,0,0,0.0,0.0,0.2,0.0
15,800,1,dpga,backbone,0.011020839214324951,0.0,global_ddp_mean,2,0.0,3.939847230911255,3.939847230911255,0.0,0.0,0.0,0.0,0.0,0.0,0.0,0.0,0.0,0.0,0.0,0.0,0.0,1.0,1.0,0.0,0,0,0,0,0,0,0,0.0,0.0,0.2,0.0
15,800,1,dpga,fpn,0.011020839214324951,0.0,global_ddp_mean,2,0.0,0.6096652150154114,0.6096652150154114,0.0,0.0,0.0,0.0,0.0,0.0,0.0,0.0,0.0,0.0,0.0,0.0,0.0,1.0,1.0,0.0,0,0,0,0,0,0,0,0.0,0.0,0.2,0.0
15,800,1,dpga,rpn,0.011020839214324951,0.0,global_ddp_mean,2,0.0,1.1038459539413452,1.1038459539413452,0.0,0.0,0.0,0.0,0.0,0.0,0.0,0.0,0.0,0.0,0.0,0.0,0.0,1.0,1.0,0.0,0,0,0,0,0,0,0,0.0,0.0,0.2,0.0
15,800,1,dpga,roi_shared,0.011020839214324951,0.0,global_ddp_mean,2,0.0,1.1581529378890991,1.1581529378890991,0.0,0.0,0.0,0.0,0.0,0.0,0.0,0.0,0.0,0.0,0.0,0.0,0.0,1.0,1.0,0.0,0,0,0,0,0,0,0,0.0,0.0,0.2,0.0
15,800,1,dpga,roi_cls,0.011020839214324951,0.0,global_ddp_mean,2,0.0,0.6247175931930542,0.6247175931930542,0.0,0.0,0.0,0.0,0.0,0.0,0.0,0.0,0.0,0.0,0.0,0.0,0.0,1.0,1.0,0.0,0,0,0,0,0,0,0,0.0,0.0,0.2,0.0
15,800,1,dpga,roi_reg,0.011020839214324951,0.0,global_ddp_mean,2,0.0,1.3682774305343628,1.3682774305343628,0.0,0.0,0.0,0.0,0.0,0.0,0.0,0.0,0.0,0.0,0.0,0.0,0.0,1.0,1.0,0.0,0,0,0,0,0,0,0,0.0,0.0,0.2,0.0
15,900,1,dpga,backbone,0.30858689546585083,0.0,global_ddp_mean,2,0.0,9.054709434509277,9.054709434509277,0.0,0.0,0.0,0.0,0.0,0.0,0.0,0.0,0.0,0.0,0.0,0.0,0.0,1.0,1.0,0.0,0,0,0,0,0,0,0,0.0,0.0,0.2,0.0
15,900,1,dpga,fpn,0.30858689546585083,0.0,global_ddp_mean,2,0.0,1.1680703163146973,1.1680703163146973,0.0,0.0,0.0,0.0,0.0,0.0,0.0,0.0,0.0,0.0,0.0,0.0,0.0,1.0,1.0,0.0,0,0,0,0,0,0,0,0.0,0.0,0.2,0.0
15,900,1,dpga,rpn,0.30858689546585083,0.0,global_ddp_mean,2,0.0,2.529371500015259,2.529371500015259,0.0,0.0,0.0,0.0,0.0,0.0,0.0,0.0,0.0,0.0,0.0,0.0,0.0,1.0,1.0,0.0,0,0,0,0,0,0,0,0.0,0.0,0.2,0.0
15,900,1,dpga,roi_shared,0.30858689546585083,0.0,global_ddp_mean,2,0.0,1.6722564697265625,1.6722564697265625,0.0,0.0,0.0,0.0,0.0,0.0,0.0,0.0,0.0,0.0,0.0,0.0,0.0,1.0,1.0,0.0,0,0,0,0,0,0,0,0.0,0.0,0.2,0.0
15,900,1,dpga,roi_cls,0.30858689546585083,0.0,global_ddp_mean,2,0.0,0.9709014296531677,0.9709014296531677,0.0,0.0,0.0,0.0,0.0,0.0,0.0,0.0,0.0,0.0,0.0,0.0,0.0,1.0,1.0,0.0,0,0,0,0,0,0,0,0.0,0.0,0.2,0.0
15,900,1,dpga,roi_reg,0.30858689546585083,0.0,global_ddp_mean,2,0.0,1.5583114624023438,1.5583114624023438,0.0,0.0,0.0,0.0,0.0,0.0,0.0,0.0,0.0,0.0,0.0,0.0,0.0,1.0,1.0,0.0,0,0,0,0,0,0,0,0.0,0.0,0.2,0.0
15,1000,1,dpga,backbone,0.2238791286945343,0.0,global_ddp_mean,2,0.0,8.083693504333496,8.083693504333496,0.0,0.0,0.0,0.0,0.0,0.0,0.0,0.0,0.0,0.0,0.0,0.0,0.0,1.0,1.0,0.0,0,0,0,0,0,0,0,0.0,0.0,0.2,0.0
15,1000,1,dpga,fpn,0.2238791286945343,0.0,global_ddp_mean,2,0.0,1.3480273485183716,1.3480273485183716,0.0,0.0,0.0,0.0,0.0,0.0,0.0,0.0,0.0,0.0,0.0,0.0,0.0,1.0,1.0,0.0,0,0,0,0,0,0,0,0.0,0.0,0.2,0.0
15,1000,1,dpga,rpn,0.2238791286945343,0.0,global_ddp_mean,2,0.0,1.1185897588729858,1.1185897588729858,0.0,0.0,0.0,0.0,0.0,0.0,0.0,0.0,0.0,0.0,0.0,0.0,0.0,1.0,1.0,0.0,0,0,0,0,0,0,0,0.0,0.0,0.2,0.0
15,1000,1,dpga,roi_shared,0.2238791286945343,0.0,global_ddp_mean,2,0.0,2.8144466876983643,2.8144466876983643,0.0,0.0,0.0,0.0,0.0,0.0,0.0,0.0,0.0,0.0,0.0,0.0,0.0,1.0,1.0,0.0,0,0,0,0,0,0,0,0.0,0.0,0.2,0.0
15,1000,1,dpga,roi_cls,0.2238791286945343,0.0,global_ddp_mean,2,0.0,2.1501517295837402,2.1501517295837402,0.0,0.0,0.0,0.0,0.0,0.0,0.0,0.0,0.0,0.0,0.0,0.0,0.0,1.0,1.0,0.0,0,0,0,0,0,0,0,0.0,0.0,0.2,0.0
15,1000,1,dpga,roi_reg,0.2238791286945343,0.0,global_ddp_mean,2,0.0,1.8811366558074951,1.8811366558074951,0.0,0.0,0.0,0.0,0.0,0.0,0.0,0.0,0.0,0.0,0.0,0.0,0.0,1.0,1.0,0.0,0,0,0,0,0,0,0,0.0,0.0,0.2,0.0
15,1100,1,dpga,backbone,0.11044608056545258,0.0,global_ddp_mean,2,0.0,13.70609188079834,13.70609188079834,0.0,0.0,0.0,0.0,0.0,0.0,0.0,0.0,0.0,0.0,0.0,0.0,0.0,1.0,1.0,0.0,0,0,0,0,0,0,0,0.0,0.0,0.2,0.0
15,1100,1,dpga,fpn,0.11044608056545258,0.0,global_ddp_mean,2,0.0,1.4853686094284058,1.4853686094284058,0.0,0.0,0.0,0.0,0.0,0.0,0.0,0.0,0.0,0.0,0.0,0.0,0.0,1.0,1.0,0.0,0,0,0,0,0,0,0,0.0,0.0,0.2,0.0
15,1100,1,dpga,rpn,0.11044608056545258,0.0,global_ddp_mean,2,0.0,3.2454020977020264,3.2454020977020264,0.0,0.0,0.0,0.0,0.0,0.0,0.0,0.0,0.0,0.0,0.0,0.0,0.0,1.0,1.0,0.0,0,0,0,0,0,0,0,0.0,0.0,0.2,0.0
15,1100,1,dpga,roi_shared,0.11044608056545258,0.0,global_ddp_mean,2,0.0,2.8814432621002197,2.8814432621002197,0.0,0.0,0.0,0.0,0.0,0.0,0.0,0.0,0.0,0.0,0.0,0.0,0.0,1.0,1.0,0.0,0,0,0,0,0,0,0,0.0,0.0,0.2,0.0
15,1100,1,dpga,roi_cls,0.11044608056545258,0.0,global_ddp_mean,2,0.0,1.4931784868240356,1.4931784868240356,0.0,0.0,0.0,0.0,0.0,0.0,0.0,0.0,0.0,0.0,0.0,0.0,0.0,1.0,1.0,0.0,0,0,0,0,0,0,0,0.0,0.0,0.2,0.0
15,1100,1,dpga,roi_reg,0.11044608056545258,0.0,global_ddp_mean,2,0.0,2.9768149852752686,2.9768149852752686,0.0,0.0,0.0,0.0,0.0,0.0,0.0,0.0,0.0,0.0,0.0,0.0,0.0,1.0,1.0,0.0,0,0,0,0,0,0,0,0.0,0.0,0.2,0.0
15,1200,1,dpga,backbone,0.5142943859100342,0.0,global_ddp_mean,2,0.0,16.922103881835938,16.922103881835938,0.0,0.0,0.0,0.0,0.0,0.0,0.0,0.0,0.0,0.0,0.0,0.0,0.0,1.0,1.0,0.0,0,0,0,0,0,0,0,0.0,0.0,0.2,0.0
15,1200,1,dpga,fpn,0.5142943859100342,0.0,global_ddp_mean,2,0.0,3.8974668979644775,3.8974668979644775,0.0,0.0,0.0,0.0,0.0,0.0,0.0,0.0,0.0,0.0,0.0,0.0,0.0,1.0,1.0,0.0,0,0,0,0,0,0,0,0.0,0.0,0.2,0.0
15,1200,1,dpga,rpn,0.5142943859100342,0.0,global_ddp_mean,2,0.0,6.168715000152588,6.168715000152588,0.0,0.0,0.0,0.0,0.0,0.0,0.0,0.0,0.0,0.0,0.0,0.0,0.0,1.0,1.0,0.0,0,0,0,0,0,0,0,0.0,0.0,0.2,0.0
15,1200,1,dpga,roi_shared,0.5142943859100342,0.0,global_ddp_mean,2,0.0,4.577871799468994,4.577871799468994,0.0,0.0,0.0,0.0,0.0,0.0,0.0,0.0,0.0,0.0,0.0,0.0,0.0,1.0,1.0,0.0,0,0,0,0,0,0,0,0.0,0.0,0.2,0.0
15,1200,1,dpga,roi_cls,0.5142943859100342,0.0,global_ddp_mean,2,0.0,2.6529557704925537,2.6529557704925537,0.0,0.0,0.0,0.0,0.0,0.0,0.0,0.0,0.0,0.0,0.0,0.0,0.0,1.0,1.0,0.0,0,0,0,0,0,0,0,0.0,0.0,0.2,0.0
15,1200,1,dpga,roi_reg,0.5142943859100342,0.0,global_ddp_mean,2,0.0,1.7865879535675049,1.7865879535675049,0.0,0.0,0.0,0.0,0.0,0.0,0.0,0.0,0.0,0.0,0.0,0.0,0.0,1.0,1.0,0.0,0,0,0,0,0,0,0,0.0,0.0,0.2,0.0
15,1300,1,dpga,backbone,0.07103413343429565,0.00010002159251598641,global_ddp_mean,2,0.2668009400367737,6.281496524810791,6.281496524810791,1.1495910473557913e-10,1.1495910473557913e-10,1.1495910473557913e-10,1.1495910473557913e-10,1.8198079090121103e-11,1.1495910473557913e-10,1.830122874087587e-11,1.830122874087587e-11,1.830122874087587e-11,2.8970929169891183e-12,2.8970929169891183e-12,7.729471136265755e-13,7.729471136265755e-13,1.000000000000773,1.000000000000773,0.0,0,0,0,0,0,0,0,1.0,0.7915022969245911,0.2,0.1583004593849182
15,1300,1,dpga,fpn,0.07103413343429565,0.00010002159251598641,global_ddp_mean,2,-0.005740627646446228,1.395912528038025,1.395912528038025,2.28681986541579e-11,2.28681986541579e-11,2.2867796198311474e-11,2.2867796198311474e-11,2.2539630782473297e-12,2.2867796198311474e-11,1.638225762347694e-11,1.638196931325811e-11,1.638196931325811e-11,1.6146879069960832e-12,1.6146879069960832e-12,-4.846766741569834e-21,-4.846766741569834e-21,1.0,1.0,0.0,1,0,0,0,0,1,0,1.0,0.4928247034549713,0.2,0.09856494516134262
15,1300,1,dpga,rpn,0.07103413343429565,0.00010002159251598641,global_ddp_mean,2,0.0,1.0103696584701538,1.0103696584701538,0.0,0.0,0.0,0.0,0.0,0.0,0.0,0.0,0.0,0.0,0.0,0.0,0.0,1.0,1.0,0.0,0,0,0,0,0,0,0,0.0,0.0,0.2,0.0
15,1300,1,dpga,roi_shared,0.07103413343429565,0.00010002159251598641,global_ddp_mean,2,0.053395602852106094,3.1692473888397217,3.1692473888397217,4.7690809634737263e-11,4.7690809634737263e-11,4.7690809634737263e-11,4.7690809634737263e-11,5.401946517142799e-12,4.7690809634737263e-11,1.5047992088808544e-11,1.5047992088808544e-11,1.5047992088808544e-11,1.7044887490214137e-12,1.7044887490214137e-12,9.101220430863055e-14,9.101220430863055e-14,1.000000000000091,1.000000000000091,0.0,0,0,0,0,0,0,0,1.0,0.5663508772850037,0.2,0.11327017843723297
15,1300,1,dpga,roi_cls,0.07103413343429565,0.00010002159251598641,global_ddp_mean,2,0.0,3.097792863845825,3.097792863845825,0.0,0.0,0.0,0.0,0.0,0.0,0.0,0.0,0.0,0.0,0.0,0.0,0.0,1.0,1.0,0.0,0,0,0,0,0,0,0,0.0,0.0,0.2,0.0
15,1300,1,dpga,roi_reg,0.07103413343429565,0.00010002159251598641,global_ddp_mean,2,0.16237036883831024,0.6794122457504272,0.6794122457504272,1.322088549748912e-10,1.322088549748912e-10,1.322088549748912e-10,1.322088549748912e-10,1.8311031489433766e-11,1.322088549748912e-10,1.945929820986128e-10,1.945929820986128e-10,1.945929820986128e-10,2.6951282676997954e-11,2.6951282676997954e-11,4.376089708929719e-12,4.376089708929719e-12,1.000000000004376,1.000000000004376,0.0,0,0,0,0,0,0,0,1.0,0.6925039887428284,0.2,0.13850079476833344
15,1400,1,dpga,backbone,0.013308847323060036,0.0,global_ddp_mean,2,0.0,4.1036505699157715,4.1036505699157715,0.0,0.0,0.0,0.0,0.0,0.0,0.0,0.0,0.0,0.0,0.0,0.0,0.0,1.0,1.0,0.0,0,0,0,0,0,0,0,0.0,0.0,0.2,0.0
15,1400,1,dpga,fpn,0.013308847323060036,0.0,global_ddp_mean,2,0.0,1.0948679447174072,1.0948679447174072,0.0,0.0,0.0,0.0,0.0,0.0,0.0,0.0,0.0,0.0,0.0,0.0,0.0,1.0,1.0,0.0,0,0,0,0,0,0,0,0.0,0.0,0.2,0.0
15,1400,1,dpga,rpn,0.013308847323060036,0.0,global_ddp_mean,2,0.0,1.1238895654678345,1.1238895654678345,0.0,0.0,0.0,0.0,0.0,0.0,0.0,0.0,0.0,0.0,0.0,0.0,0.0,1.0,1.0,0.0,0,0,0,0,0,0,0,0.0,0.0,0.2,0.0
15,1400,1,dpga,roi_shared,0.013308847323060036,0.0,global_ddp_mean,2,0.0,2.2484371662139893,2.2484371662139893,0.0,0.0,0.0,0.0,0.0,0.0,0.0,0.0,0.0,0.0,0.0,0.0,0.0,1.0,1.0,0.0,0,0,0,0,0,0,0,0.0,0.0,0.2,0.0
15,1400,1,dpga,roi_cls,0.013308847323060036,0.0,global_ddp_mean,2,0.0,1.6790276765823364,1.6790276765823364,0.0,0.0,0.0,0.0,0.0,0.0,0.0,0.0,0.0,0.0,0.0,0.0,0.0,1.0,1.0,0.0,0,0,0,0,0,0,0,0.0,0.0,0.2,0.0
15,1400,1,dpga,roi_reg,0.013308847323060036,0.0,global_ddp_mean,2,0.0,1.9531981945037842,1.9531981945037842,0.0,0.0,0.0,0.0,0.0,0.0,0.0,0.0,0.0,0.0,0.0,0.0,0.0,1.0,1.0,0.0,0,0,0,0,0,0,0,0.0,0.0,0.2,0.0
16,0,1,dpga,backbone,0.8489375114440918,0.0,global_ddp_mean,2,0.0,35.44757080078125,35.44757080078125,0.0,0.0,0.0,0.0,0.0,0.0,0.0,0.0,0.0,0.0,0.0,0.0,0.0,1.0,1.0,0.0,0,0,0,0,0,0,0,0.0,0.0,0.2,0.0
16,0,1,dpga,fpn,0.8489375114440918,0.0,global_ddp_mean,2,0.0,7.114351272583008,7.114351272583008,0.0,0.0,0.0,0.0,0.0,0.0,0.0,0.0,0.0,0.0,0.0,0.0,0.0,1.0,1.0,0.0,0,0,0,0,0,0,0,0.0,0.0,0.2,0.0
16,0,1,dpga,rpn,0.8489375114440918,0.0,global_ddp_mean,2,0.0,5.463102340698242,5.463102340698242,0.0,0.0,0.0,0.0,0.0,0.0,0.0,0.0,0.0,0.0,0.0,0.0,0.0,1.0,1.0,0.0,0,0,0,0,0,0,0,0.0,0.0,0.2,0.0
16,0,1,dpga,roi_shared,0.8489375114440918,0.0,global_ddp_mean,2,0.0,14.344047546386719,14.344047546386719,0.0,0.0,0.0,0.0,0.0,0.0,0.0,0.0,0.0,0.0,0.0,0.0,0.0,1.0,1.0,0.0,0,0,0,0,0,0,0,0.0,0.0,0.2,0.0
16,0,1,dpga,roi_cls,0.8489375114440918,0.0,global_ddp_mean,2,0.0,12.444449424743652,12.444449424743652,0.0,0.0,0.0,0.0,0.0,0.0,0.0,0.0,0.0,0.0,0.0,0.0,0.0,1.0,1.0,0.0,0,0,0,0,0,0,0,0.0,0.0,0.2,0.0
16,0,1,dpga,roi_reg,0.8489375114440918,0.0,global_ddp_mean,2,0.0,6.7365875244140625,6.7365875244140625,0.0,0.0,0.0,0.0,0.0,0.0,0.0,0.0,0.0,0.0,0.0,0.0,0.0,1.0,1.0,0.0,0,0,0,0,0,0,0,0.0,0.0,0.2,0.0
16,100,1,dpga,backbone,0.00720015587285161,0.0,global_ddp_mean,2,0.0,3.758183240890503,3.758183240890503,0.0,0.0,0.0,0.0,0.0,0.0,0.0,0.0,0.0,0.0,0.0,0.0,0.0,1.0,1.0,0.0,0,0,0,0,0,0,0,0.0,0.0,0.2,0.0
16,100,1,dpga,fpn,0.00720015587285161,0.0,global_ddp_mean,2,0.0,0.5436086654663086,0.5436086654663086,0.0,0.0,0.0,0.0,0.0,0.0,0.0,0.0,0.0,0.0,0.0,0.0,0.0,1.0,1.0,0.0,0,0,0,0,0,0,0,0.0,0.0,0.2,0.0
16,100,1,dpga,rpn,0.00720015587285161,0.0,global_ddp_mean,2,0.0,0.9829617738723755,0.9829617738723755,0.0,0.0,0.0,0.0,0.0,0.0,0.0,0.0,0.0,0.0,0.0,0.0,0.0,1.0,1.0,0.0,0,0,0,0,0,0,0,0.0,0.0,0.2,0.0
16,100,1,dpga,roi_shared,0.00720015587285161,0.0,global_ddp_mean,2,0.0,0.7555259466171265,0.7555259466171265,0.0,0.0,0.0,0.0,0.0,0.0,0.0,0.0,0.0,0.0,0.0,0.0,0.0,1.0,1.0,0.0,0,0,0,0,0,0,0,0.0,0.0,0.2,0.0
16,100,1,dpga,roi_cls,0.00720015587285161,0.0,global_ddp_mean,2,0.0,0.5111116170883179,0.5111116170883179,0.0,0.0,0.0,0.0,0.0,0.0,0.0,0.0,0.0,0.0,0.0,0.0,0.0,1.0,1.0,0.0,0,0,0,0,0,0,0,0.0,0.0,0.2,0.0
16,100,1,dpga,roi_reg,0.00720015587285161,0.0,global_ddp_mean,2,0.0,0.12236638367176056,0.12236638367176056,0.0,0.0,0.0,0.0,0.0,0.0,0.0,0.0,0.0,0.0,0.0,0.0,0.0,1.0,1.0,0.0,0,0,0,0,0,0,0,0.0,0.0,0.2,0.0
16,200,1,dpga,backbone,0.04115790128707886,0.0,global_ddp_mean,2,0.0,9.318522453308105,9.318522453308105,0.0,0.0,0.0,0.0,0.0,0.0,0.0,0.0,0.0,0.0,0.0,0.0,0.0,1.0,1.0,0.0,0,0,0,0,0,0,0,0.0,0.0,0.2,0.0
16,200,1,dpga,fpn,0.04115790128707886,0.0,global_ddp_mean,2,0.0,1.8101805448532104,1.8101805448532104,0.0,0.0,0.0,0.0,0.0,0.0,0.0,0.0,0.0,0.0,0.0,0.0,0.0,1.0,1.0,0.0,0,0,0,0,0,0,0,0.0,0.0,0.2,0.0
16,200,1,dpga,rpn,0.04115790128707886,0.0,global_ddp_mean,2,0.0,3.124614715576172,3.124614715576172,0.0,0.0,0.0,0.0,0.0,0.0,0.0,0.0,0.0,0.0,0.0,0.0,0.0,1.0,1.0,0.0,0,0,0,0,0,0,0,0.0,0.0,0.2,0.0
16,200,1,dpga,roi_shared,0.04115790128707886,0.0,global_ddp_mean,2,0.0,3.715641736984253,3.715641736984253,0.0,0.0,0.0,0.0,0.0,0.0,0.0,0.0,0.0,0.0,0.0,0.0,0.0,1.0,1.0,0.0,0,0,0,0,0,0,0,0.0,0.0,0.2,0.0
16,200,1,dpga,roi_cls,0.04115790128707886,0.0,global_ddp_mean,2,0.0,2.745454788208008,2.745454788208008,0.0,0.0,0.0,0.0,0.0,0.0,0.0,0.0,0.0,0.0,0.0,0.0,0.0,1.0,1.0,0.0,0,0,0,0,0,0,0,0.0,0.0,0.2,0.0
16,200,1,dpga,roi_reg,0.04115790128707886,0.0,global_ddp_mean,2,0.0,3.145271062850952,3.145271062850952,0.0,0.0,0.0,0.0,0.0,0.0,0.0,0.0,0.0,0.0,0.0,0.0,0.0,1.0,1.0,0.0,0,0,0,0,0,0,0,0.0,0.0,0.2,0.0
16,300,1,dpga,backbone,0.01093326136469841,0.0,global_ddp_mean,2,0.0,6.135193347930908,6.135193347930908,0.0,0.0,0.0,0.0,0.0,0.0,0.0,0.0,0.0,0.0,0.0,0.0,0.0,1.0,1.0,0.0,0,0,0,0,0,0,0,0.0,0.0,0.2,0.0
16,300,1,dpga,fpn,0.01093326136469841,0.0,global_ddp_mean,2,0.0,0.708118736743927,0.708118736743927,0.0,0.0,0.0,0.0,0.0,0.0,0.0,0.0,0.0,0.0,0.0,0.0,0.0,1.0,1.0,0.0,0,0,0,0,0,0,0,0.0,0.0,0.2,0.0
16,300,1,dpga,rpn,0.01093326136469841,0.0,global_ddp_mean,2,0.0,1.455337643623352,1.455337643623352,0.0,0.0,0.0,0.0,0.0,0.0,0.0,0.0,0.0,0.0,0.0,0.0,0.0,1.0,1.0,0.0,0,0,0,0,0,0,0,0.0,0.0,0.2,0.0
16,300,1,dpga,roi_shared,0.01093326136469841,0.0,global_ddp_mean,2,0.0,0.0,0.0,0.0,0.0,0.0,0.0,0.0,0.0,0.0,0.0,0.0,0.0,0.0,0.0,0.0,0.0,0.0,90.0,0,0,0,0,0,0,0,0.0,0.0,0.2,0.0
16,300,1,dpga,roi_cls,0.01093326136469841,0.0,global_ddp_mean,2,0.0,0.0,0.0,0.0,0.0,0.0,0.0,0.0,0.0,0.0,0.0,0.0,0.0,0.0,0.0,0.0,0.0,0.0,90.0,0,0,0,0,0,0,0,0.0,0.0,0.2,0.0
16,300,1,dpga,roi_reg,0.01093326136469841,0.0,global_ddp_mean,2,0.0,0.0,0.0,0.0,0.0,0.0,0.0,0.0,0.0,0.0,0.0,0.0,0.0,0.0,0.0,0.0,0.0,0.0,90.0,0,0,0,0,0,0,0,0.0,0.0,0.2,0.0
16,400,1,dpga,backbone,0.010520029813051224,0.0,global_ddp_mean,2,0.0,4.082998752593994,4.082998752593994,0.0,0.0,0.0,0.0,0.0,0.0,0.0,0.0,0.0,0.0,0.0,0.0,0.0,1.0,1.0,0.0,0,0,0,0,0,0,0,0.0,0.0,0.2,0.0
16,400,1,dpga,fpn,0.010520029813051224,0.0,global_ddp_mean,2,0.0,0.49164238572120667,0.49164238572120667,0.0,0.0,0.0,0.0,0.0,0.0,0.0,0.0,0.0,0.0,0.0,0.0,0.0,1.0,1.0,0.0,0,0,0,0,0,0,0,0.0,0.0,0.2,0.0
16,400,1,dpga,rpn,0.010520029813051224,0.0,global_ddp_mean,2,0.0,0.83916836977005,0.83916836977005,0.0,0.0,0.0,0.0,0.0,0.0,0.0,0.0,0.0,0.0,0.0,0.0,0.0,1.0,1.0,0.0,0,0,0,0,0,0,0,0.0,0.0,0.2,0.0
16,400,1,dpga,roi_shared,0.010520029813051224,0.0,global_ddp_mean,2,0.0,0.6483277082443237,0.6483277082443237,0.0,0.0,0.0,0.0,0.0,0.0,0.0,0.0,0.0,0.0,0.0,0.0,0.0,1.0,1.0,0.0,0,0,0,0,0,0,0,0.0,0.0,0.2,0.0
16,400,1,dpga,roi_cls,0.010520029813051224,0.0,global_ddp_mean,2,0.0,0.5914502143859863,0.5914502143859863,0.0,0.0,0.0,0.0,0.0,0.0,0.0,0.0,0.0,0.0,0.0,0.0,0.0,1.0,1.0,0.0,0,0,0,0,0,0,0,0.0,0.0,0.2,0.0
16,400,1,dpga,roi_reg,0.010520029813051224,0.0,global_ddp_mean,2,0.0,0.0,0.0,0.0,0.0,0.0,0.0,0.0,0.0,0.0,0.0,0.0,0.0,0.0,0.0,0.0,0.0,0.0,90.0,0,0,0,0,0,0,0,0.0,0.0,0.2,0.0
16,500,1,dpga,backbone,0.2792283296585083,-0.0,global_ddp_mean,2,0.0,19.02480697631836,19.02480697631836,0.0,0.0,0.0,0.0,0.0,0.0,0.0,0.0,0.0,0.0,0.0,0.0,0.0,1.0,1.0,0.0,0,0,0,0,0,0,0,0.0,0.0,0.2,0.0
16,500,1,dpga,fpn,0.2792283296585083,-0.0,global_ddp_mean,2,0.0,2.448254108428955,2.448254108428955,0.0,0.0,0.0,0.0,0.0,0.0,0.0,0.0,0.0,0.0,0.0,0.0,0.0,1.0,1.0,0.0,0,0,0,0,0,0,0,0.0,0.0,0.2,0.0
16,500,1,dpga,rpn,0.2792283296585083,-0.0,global_ddp_mean,2,0.0,5.430797576904297,5.430797576904297,0.0,0.0,0.0,0.0,0.0,0.0,0.0,0.0,0.0,0.0,0.0,0.0,0.0,1.0,1.0,0.0,0,0,0,0,0,0,0,0.0,0.0,0.2,0.0
16,500,1,dpga,roi_shared,0.2792283296585083,-0.0,global_ddp_mean,2,0.0,3.7514870166778564,3.7514870166778564,0.0,0.0,0.0,0.0,0.0,0.0,0.0,0.0,0.0,0.0,0.0,0.0,0.0,1.0,1.0,0.0,0,0,0,0,0,0,0,0.0,0.0,0.2,0.0
16,500,1,dpga,roi_cls,0.2792283296585083,-0.0,global_ddp_mean,2,0.0,2.726855993270874,2.726855993270874,0.0,0.0,0.0,0.0,0.0,0.0,0.0,0.0,0.0,0.0,0.0,0.0,0.0,1.0,1.0,0.0,0,0,0,0,0,0,0,0.0,0.0,0.2,0.0
16,500,1,dpga,roi_reg,0.2792283296585083,-0.0,global_ddp_mean,2,0.0,2.477015495300293,2.477015495300293,0.0,0.0,0.0,0.0,0.0,0.0,0.0,0.0,0.0,0.0,0.0,0.0,0.0,1.0,1.0,0.0,0,0,0,0,0,0,0,0.0,0.0,0.2,0.0
16,600,1,dpga,backbone,0.002376579213887453,0.0,global_ddp_mean,2,0.0,4.060692310333252,4.060692310333252,0.0,0.0,0.0,0.0,0.0,0.0,0.0,0.0,0.0,0.0,0.0,0.0,0.0,1.0,1.0,0.0,0,0,0,0,0,0,0,0.0,0.0,0.2,0.0
16,600,1,dpga,fpn,0.002376579213887453,0.0,global_ddp_mean,2,0.0,0.8654312491416931,0.8654312491416931,0.0,0.0,0.0,0.0,0.0,0.0,0.0,0.0,0.0,0.0,0.0,0.0,0.0,1.0,1.0,0.0,0,0,0,0,0,0,0,0.0,0.0,0.2,0.0
16,600,1,dpga,rpn,0.002376579213887453,0.0,global_ddp_mean,2,0.0,1.3902485370635986,1.3902485370635986,0.0,0.0,0.0,0.0,0.0,0.0,0.0,0.0,0.0,0.0,0.0,0.0,0.0,1.0,1.0,0.0,0,0,0,0,0,0,0,0.0,0.0,0.2,0.0
16,600,1,dpga,roi_shared,0.002376579213887453,0.0,global_ddp_mean,2,0.0,1.8832368850708008,1.8832368850708008,0.0,0.0,0.0,0.0,0.0,0.0,0.0,0.0,0.0,0.0,0.0,0.0,0.0,1.0,1.0,0.0,0,0,0,0,0,0,0,0.0,0.0,0.2,0.0
16,600,1,dpga,roi_cls,0.002376579213887453,0.0,global_ddp_mean,2,0.0,1.172699213027954,1.172699213027954,0.0,0.0,0.0,0.0,0.0,0.0,0.0,0.0,0.0,0.0,0.0,0.0,0.0,1.0,1.0,0.0,0,0,0,0,0,0,0,0.0,0.0,0.2,0.0
16,600,1,dpga,roi_reg,0.002376579213887453,0.0,global_ddp_mean,2,0.0,1.652806043624878,1.652806043624878,0.0,0.0,0.0,0.0,0.0,0.0,0.0,0.0,0.0,0.0,0.0,0.0,0.0,1.0,1.0,0.0,0,0,0,0,0,0,0,0.0,0.0,0.2,0.0
16,700,1,dpga,backbone,0.05250420793890953,0.0,global_ddp_mean,2,0.0,15.283172607421875,15.283172607421875,0.0,0.0,0.0,0.0,0.0,0.0,0.0,0.0,0.0,0.0,0.0,0.0,0.0,1.0,1.0,0.0,0,0,0,0,0,0,0,0.0,0.0,0.2,0.0
16,700,1,dpga,fpn,0.05250420793890953,0.0,global_ddp_mean,2,0.0,2.6472628116607666,2.6472628116607666,0.0,0.0,0.0,0.0,0.0,0.0,0.0,0.0,0.0,0.0,0.0,0.0,0.0,1.0,1.0,0.0,0,0,0,0,0,0,0,0.0,0.0,0.2,0.0
16,700,1,dpga,rpn,0.05250420793890953,0.0,global_ddp_mean,2,0.0,6.9794135093688965,6.9794135093688965,0.0,0.0,0.0,0.0,0.0,0.0,0.0,0.0,0.0,0.0,0.0,0.0,0.0,1.0,1.0,0.0,0,0,0,0,0,0,0,0.0,0.0,0.2,0.0
16,700,1,dpga,roi_shared,0.05250420793890953,0.0,global_ddp_mean,2,0.0,2.0641186237335205,2.0641186237335205,0.0,0.0,0.0,0.0,0.0,0.0,0.0,0.0,0.0,0.0,0.0,0.0,0.0,1.0,1.0,0.0,0,0,0,0,0,0,0,0.0,0.0,0.2,0.0
16,700,1,dpga,roi_cls,0.05250420793890953,0.0,global_ddp_mean,2,0.0,1.1906198263168335,1.1906198263168335,0.0,0.0,0.0,0.0,0.0,0.0,0.0,0.0,0.0,0.0,0.0,0.0,0.0,1.0,1.0,0.0,0,0,0,0,0,0,0,0.0,0.0,0.2,0.0
16,700,1,dpga,roi_reg,0.05250420793890953,0.0,global_ddp_mean,2,0.0,1.8516993522644043,1.8516993522644043,0.0,0.0,0.0,0.0,0.0,0.0,0.0,0.0,0.0,0.0,0.0,0.0,0.0,1.0,1.0,0.0,0,0,0,0,0,0,0,0.0,0.0,0.2,0.0
16,800,1,dpga,backbone,0.23507212102413177,0.0744166374206543,global_ddp_mean,2,0.16037827730178833,12.059813499450684,12.059813499450684,4.056005477905273,4.056005477905273,4.056005477905273,1.2059813737869263,0.1665168234926373,1.2059813737869263,0.33632406322784525,0.33632406322784525,0.10000000197696739,0.013807578657847572,0.013807578657847572,0.0022144354731055767,0.0022144354731055767,1.0022144354731055,0.9999074489943873,0.7795276975499577,0,0,0,0,0,0,1,0.2973322868347168,0.6903789043426514,0.2,0.1380757838487625
16,800,1,dpga,fpn,0.23507212102413177,0.0744166374206543,global_ddp_mean,2,0.1609477549791336,2.129582166671753,2.129582166671753,1.0714095830917358,1.0714095830917358,1.0714095830917358,0.31943732500076294,0.04414541957448126,0.31943732500076294,0.5031078865419892,0.5031078865419892,0.15,0.020729615539312362,0.020729615539312362,0.003336384773737544,0.003336384773737544,1.0033363847737375,0.9997921604808945,1.1681785215648393,0,0,0,0,0,0,1,0.2981467843055725,0.6909871697425842,0.2,0.13819743692874908
16,800,1,dpga,rpn,0.23507212102413177,0.0744166374206543,global_ddp_mean,2,0.0,2.6508543491363525,2.6508543491363525,0.0,0.0,0.0,0.0,0.0,0.0,0.0,0.0,0.0,0.0,0.0,0.0,0.0,1.0,1.0,0.0,0,0,0,0,0,0,0,0.0,0.0,0.2,0.0
16,800,1,dpga,roi_shared,0.23507212102413177,0.0744166374206543,global_ddp_mean,2,0.222788468003273,4.530465126037598,4.530465126037598,0.7686582207679749,0.7686582207679749,0.7686582207679749,0.7686582207679749,0.11573892252960238,0.7686582207679749,0.16966430584584438,0.16966430584584438,0.16966430584584438,0.025546807956742648,0.025546807956742648,0.00569153420705652,0.00569153420705652,1.0056915342070565,0.9996935249933354,1.4185552459120818,0,0,0,0,0,0,0,1.0,0.752863347530365,0.2,0.15057267248630524
16,800,1,dpga,roi_cls,0.23507212102413177,0.0744166374206543,global_ddp_mean,2,0.0,2.6534621715545654,2.6534621715545654,0.0,0.0,0.0,0.0,0.0,0.0,0.0,0.0,0.0,0.0,0.0,0.0,0.0,1.0,1.0,0.0,0,0,0,0,0,0,0,0.0,0.0,0.2,0.0
16,800,1,dpga,roi_reg,0.23507212102413177,0.0744166374206543,global_ddp_mean,2,0.5131999850273132,2.4565412998199463,2.4565412998199463,1.6904616355895996,1.6904616355895996,1.6904616355895996,0.12282706052064896,0.022812451580166426,0.12282706052064896,0.6881470446735428,0.6881470446735428,0.049999998180226664,0.00928641076860319,0.00928641076860319,0.004765786420917853,0.004765786420917853,1.0047657864209179,0.9999685296085309,0.45455856131129224,0,0,0,0,0,0,1,0.07265888899564743,0.9286410808563232,0.2,0.18572822213172913
16,900,1,dpga,backbone,0.06674037873744965,0.0,global_ddp_mean,2,0.0,10.260513305664062,10.260513305664062,0.0,0.0,0.0,0.0,0.0,0.0,0.0,0.0,0.0,0.0,0.0,0.0,0.0,1.0,1.0,0.0,0,0,0,0,0,0,0,0.0,0.0,0.2,0.0
16,900,1,dpga,fpn,0.06674037873744965,0.0,global_ddp_mean,2,0.0,1.950812578201294,1.950812578201294,0.0,0.0,0.0,0.0,0.0,0.0,0.0,0.0,0.0,0.0,0.0,0.0,0.0,1.0,1.0,0.0,0,0,0,0,0,0,0,0.0,0.0,0.2,0.0
16,900,1,dpga,rpn,0.06674037873744965,0.0,global_ddp_mean,2,0.0,0.8249152898788452,0.8249152898788452,0.0,0.0,0.0,0.0,0.0,0.0,0.0,0.0,0.0,0.0,0.0,0.0,0.0,1.0,1.0,0.0,0,0,0,0,0,0,0,0.0,0.0,0.2,0.0
16,900,1,dpga,roi_shared,0.06674037873744965,0.0,global_ddp_mean,2,0.0,4.482406139373779,4.482406139373779,0.0,0.0,0.0,0.0,0.0,0.0,0.0,0.0,0.0,0.0,0.0,0.0,0.0,1.0,1.0,0.0,0,0,0,0,0,0,0,0.0,0.0,0.2,0.0
16,900,1,dpga,roi_cls,0.06674037873744965,0.0,global_ddp_mean,2,0.0,4.475391387939453,4.475391387939453,0.0,0.0,0.0,0.0,0.0,0.0,0.0,0.0,0.0,0.0,0.0,0.0,0.0,1.0,1.0,0.0,0,0,0,0,0,0,0,0.0,0.0,0.2,0.0
16,900,1,dpga,roi_reg,0.06674037873744965,0.0,global_ddp_mean,2,0.0,0.4906459450721741,0.4906459450721741,0.0,0.0,0.0,0.0,0.0,0.0,0.0,0.0,0.0,0.0,0.0,0.0,0.0,1.0,1.0,0.0,0,0,0,0,0,0,0,0.0,0.0,0.2,0.0
16,1000,1,dpga,backbone,0.1726609766483307,0.0,global_ddp_mean,2,0.0,21.076200485229492,21.076200485229492,0.0,0.0,0.0,0.0,0.0,0.0,0.0,0.0,0.0,0.0,0.0,0.0,0.0,1.0,1.0,0.0,0,0,0,0,0,0,0,0.0,0.0,0.2,0.0
16,1000,1,dpga,fpn,0.1726609766483307,0.0,global_ddp_mean,2,0.0,4.646318435668945,4.646318435668945,0.0,0.0,0.0,0.0,0.0,0.0,0.0,0.0,0.0,0.0,0.0,0.0,0.0,1.0,1.0,0.0,0,0,0,0,0,0,0,0.0,0.0,0.2,0.0
16,1000,1,dpga,rpn,0.1726609766483307,0.0,global_ddp_mean,2,0.0,2.260526657104492,2.260526657104492,0.0,0.0,0.0,0.0,0.0,0.0,0.0,0.0,0.0,0.0,0.0,0.0,0.0,1.0,1.0,0.0,0,0,0,0,0,0,0,0.0,0.0,0.2,0.0
16,1000,1,dpga,roi_shared,0.1726609766483307,0.0,global_ddp_mean,2,0.0,10.071017265319824,10.071017265319824,0.0,0.0,0.0,0.0,0.0,0.0,0.0,0.0,0.0,0.0,0.0,0.0,0.0,1.0,1.0,0.0,0,0,0,0,0,0,0,0.0,0.0,0.2,0.0
16,1000,1,dpga,roi_cls,0.1726609766483307,0.0,global_ddp_mean,2,0.0,7.757422924041748,7.757422924041748,0.0,0.0,0.0,0.0,0.0,0.0,0.0,0.0,0.0,0.0,0.0,0.0,0.0,1.0,1.0,0.0,0,0,0,0,0,0,0,0.0,0.0,0.2,0.0
16,1000,1,dpga,roi_reg,0.1726609766483307,0.0,global_ddp_mean,2,0.0,1.5434191226959229,1.5434191226959229,0.0,0.0,0.0,0.0,0.0,0.0,0.0,0.0,0.0,0.0,0.0,0.0,0.0,1.0,1.0,0.0,0,0,0,0,0,0,0,0.0,0.0,0.2,0.0
16,1100,1,dpga,backbone,0.012543866410851479,0.0,global_ddp_mean,2,0.0,13.461807250976562,13.461807250976562,0.0,0.0,0.0,0.0,0.0,0.0,0.0,0.0,0.0,0.0,0.0,0.0,0.0,1.0,1.0,0.0,0,0,0,0,0,0,0,0.0,0.0,0.2,0.0
16,1100,1,dpga,fpn,0.012543866410851479,0.0,global_ddp_mean,2,0.0,2.446789264678955,2.446789264678955,0.0,0.0,0.0,0.0,0.0,0.0,0.0,0.0,0.0,0.0,0.0,0.0,0.0,1.0,1.0,0.0,0,0,0,0,0,0,0,0.0,0.0,0.2,0.0
16,1100,1,dpga,rpn,0.012543866410851479,0.0,global_ddp_mean,2,0.0,2.4003045558929443,2.4003045558929443,0.0,0.0,0.0,0.0,0.0,0.0,0.0,0.0,0.0,0.0,0.0,0.0,0.0,1.0,1.0,0.0,0,0,0,0,0,0,0,0.0,0.0,0.2,0.0
16,1100,1,dpga,roi_shared,0.012543866410851479,0.0,global_ddp_mean,2,0.0,6.217312812805176,6.217312812805176,0.0,0.0,0.0,0.0,0.0,0.0,0.0,0.0,0.0,0.0,0.0,0.0,0.0,1.0,1.0,0.0,0,0,0,0,0,0,0,0.0,0.0,0.2,0.0
16,1100,1,dpga,roi_cls,0.012543866410851479,0.0,global_ddp_mean,2,0.0,4.929220199584961,4.929220199584961,0.0,0.0,0.0,0.0,0.0,0.0,0.0,0.0,0.0,0.0,0.0,0.0,0.0,1.0,1.0,0.0,0,0,0,0,0,0,0,0.0,0.0,0.2,0.0
16,1100,1,dpga,roi_reg,0.012543866410851479,0.0,global_ddp_mean,2,0.0,2.841912269592285,2.841912269592285,0.0,0.0,0.0,0.0,0.0,0.0,0.0,0.0,0.0,0.0,0.0,0.0,0.0,1.0,1.0,0.0,0,0,0,0,0,0,0,0.0,0.0,0.2,0.0
16,1200,1,dpga,backbone,0.06838938593864441,-0.0,global_ddp_mean,2,0.0,5.189632892608643,5.189632892608643,0.0,0.0,0.0,0.0,0.0,0.0,0.0,0.0,0.0,0.0,0.0,0.0,0.0,1.0,1.0,0.0,0,0,0,0,0,0,0,0.0,0.0,0.2,0.0
16,1200,1,dpga,fpn,0.06838938593864441,-0.0,global_ddp_mean,2,0.0,1.0316190719604492,1.0316190719604492,0.0,0.0,0.0,0.0,0.0,0.0,0.0,0.0,0.0,0.0,0.0,0.0,0.0,1.0,1.0,0.0,0,0,0,0,0,0,0,0.0,0.0,0.2,0.0
16,1200,1,dpga,rpn,0.06838938593864441,-0.0,global_ddp_mean,2,0.0,0.9721449017524719,0.9721449017524719,0.0,0.0,0.0,0.0,0.0,0.0,0.0,0.0,0.0,0.0,0.0,0.0,0.0,1.0,1.0,0.0,0,0,0,0,0,0,0,0.0,0.0,0.2,0.0
16,1200,1,dpga,roi_shared,0.06838938593864441,-0.0,global_ddp_mean,2,0.0,2.071561813354492,2.071561813354492,0.0,0.0,0.0,0.0,0.0,0.0,0.0,0.0,0.0,0.0,0.0,0.0,0.0,1.0,1.0,0.0,0,0,0,0,0,0,0,0.0,0.0,0.2,0.0
16,1200,1,dpga,roi_cls,0.06838938593864441,-0.0,global_ddp_mean,2,0.0,1.1112935543060303,1.1112935543060303,0.0,0.0,0.0,0.0,0.0,0.0,0.0,0.0,0.0,0.0,0.0,0.0,0.0,1.0,1.0,0.0,0,0,0,0,0,0,0,0.0,0.0,0.2,0.0
16,1200,1,dpga,roi_reg,0.06838938593864441,-0.0,global_ddp_mean,2,0.0,1.460099220275879,1.460099220275879,0.0,0.0,0.0,0.0,0.0,0.0,0.0,0.0,0.0,0.0,0.0,0.0,0.0,1.0,1.0,0.0,0,0,0,0,0,0,0,0.0,0.0,0.2,0.0
16,1300,1,dpga,backbone,0.3764282166957855,-0.0,global_ddp_mean,2,0.0,16.34609603881836,16.34609603881836,0.0,0.0,0.0,0.0,0.0,0.0,0.0,0.0,0.0,0.0,0.0,0.0,0.0,1.0,1.0,0.0,0,0,0,0,0,0,0,0.0,0.0,0.2,0.0
16,1300,1,dpga,fpn,0.3764282166957855,-0.0,global_ddp_mean,2,0.0,1.5328083038330078,1.5328083038330078,0.0,0.0,0.0,0.0,0.0,0.0,0.0,0.0,0.0,0.0,0.0,0.0,0.0,1.0,1.0,0.0,0,0,0,0,0,0,0,0.0,0.0,0.2,0.0
16,1300,1,dpga,rpn,0.3764282166957855,-0.0,global_ddp_mean,2,0.0,3.1655490398406982,3.1655490398406982,0.0,0.0,0.0,0.0,0.0,0.0,0.0,0.0,0.0,0.0,0.0,0.0,0.0,1.0,1.0,0.0,0,0,0,0,0,0,0,0.0,0.0,0.2,0.0
16,1300,1,dpga,roi_shared,0.3764282166957855,-0.0,global_ddp_mean,2,0.0,2.53730845451355,2.53730845451355,0.0,0.0,0.0,0.0,0.0,0.0,0.0,0.0,0.0,0.0,0.0,0.0,0.0,1.0,1.0,0.0,0,0,0,0,0,0,0,0.0,0.0,0.2,0.0
16,1300,1,dpga,roi_cls,0.3764282166957855,-0.0,global_ddp_mean,2,0.0,1.4065271615982056,1.4065271615982056,0.0,0.0,0.0,0.0,0.0,0.0,0.0,0.0,0.0,0.0,0.0,0.0,0.0,1.0,1.0,0.0,0,0,0,0,0,0,0,0.0,0.0,0.2,0.0
16,1300,1,dpga,roi_reg,0.3764282166957855,-0.0,global_ddp_mean,2,0.0,2.6792619228363037,2.6792619228363037,0.0,0.0,0.0,0.0,0.0,0.0,0.0,0.0,0.0,0.0,0.0,0.0,0.0,1.0,1.0,0.0,0,0,0,0,0,0,0,0.0,0.0,0.2,0.0
16,1400,1,dpga,backbone,0.3556068539619446,0.0,global_ddp_mean,2,0.0,7.70979642868042,7.70979642868042,0.0,0.0,0.0,0.0,0.0,0.0,0.0,0.0,0.0,0.0,0.0,0.0,0.0,1.0,1.0,0.0,0,0,0,0,0,0,0,0.0,0.0,0.2,0.0
16,1400,1,dpga,fpn,0.3556068539619446,0.0,global_ddp_mean,2,0.0,1.2628246545791626,1.2628246545791626,0.0,0.0,0.0,0.0,0.0,0.0,0.0,0.0,0.0,0.0,0.0,0.0,0.0,1.0,1.0,0.0,0,0,0,0,0,0,0,0.0,0.0,0.2,0.0
16,1400,1,dpga,rpn,0.3556068539619446,0.0,global_ddp_mean,2,0.0,1.4036452770233154,1.4036452770233154,0.0,0.0,0.0,0.0,0.0,0.0,0.0,0.0,0.0,0.0,0.0,0.0,0.0,1.0,1.0,0.0,0,0,0,0,0,0,0,0.0,0.0,0.2,0.0
16,1400,1,dpga,roi_shared,0.3556068539619446,0.0,global_ddp_mean,2,0.0,2.3625009059906006,2.3625009059906006,0.0,0.0,0.0,0.0,0.0,0.0,0.0,0.0,0.0,0.0,0.0,0.0,0.0,1.0,1.0,0.0,0,0,0,0,0,0,0,0.0,0.0,0.2,0.0
16,1400,1,dpga,roi_cls,0.3556068539619446,0.0,global_ddp_mean,2,0.0,1.2846875190734863,1.2846875190734863,0.0,0.0,0.0,0.0,0.0,0.0,0.0,0.0,0.0,0.0,0.0,0.0,0.0,1.0,1.0,0.0,0,0,0,0,0,0,0,0.0,0.0,0.2,0.0
16,1400,1,dpga,roi_reg,0.3556068539619446,0.0,global_ddp_mean,2,0.0,0.7507943511009216,0.7507943511009216,0.0,0.0,0.0,0.0,0.0,0.0,0.0,0.0,0.0,0.0,0.0,0.0,0.0,1.0,1.0,0.0,0,0,0,0,0,0,0,0.0,0.0,0.2,0.0
17,0,1,dpga,backbone,0.013847677037119865,0.0,global_ddp_mean,2,-0.21758000552654266,28.127958297729492,28.127958297729492,1.4626319408416748,1.4626319408416748,1.4275909662246704,1.4275909662246704,0.07195456279802448,1.4275909662246704,0.05199922174798373,0.050753451463269074,0.050753451463269074,0.0025581153824389986,0.0025581153824389986,-4.111605869078639e-11,-4.111605869078639e-11,0.999999999958884,0.9999967451035044,0.14618618731446426,1,0,0,0,0,1,0,1.0,0.2520139217376709,0.2,0.05040278658270836
17,0,1,dpga,fpn,0.013847677037119865,0.0,global_ddp_mean,2,-0.06507222354412079,2.853144645690918,2.853144645690918,0.3913536071777344,0.3913536071777344,0.3905241787433624,0.3905241787433624,0.032754805420222466,0.3905241787433624,0.13716570863969083,0.13687500188017737,0.13687500188017737,0.011480247056416083,0.011480247056416083,6.561055543468886e-11,6.561055543468886e-11,1.0000000000656106,0.9999340728587682,0.6579185602700545,1,0,0,0,0,1,0,1.0,0.41936975717544556,0.2,0.08387394994497299
17,0,1,dpga,rpn,0.013847677037119865,0.0,global_ddp_mean,2,0.0,4.677168846130371,4.677168846130371,0.0,0.0,0.0,0.0,0.0,0.0,0.0,0.0,0.0,0.0,0.0,0.0,0.0,1.0,1.0,0.0,0,0,0,0,0,0,0,0.0,0.0,0.2,0.0
17,0,1,dpga,roi_shared,0.013847677037119865,0.0,global_ddp_mean,2,0.23033998906612396,4.7160820960998535,4.7160820960998535,0.32726478576660156,0.32726478576660156,0.32726478576660156,0.32726478576660156,0.049732551689459115,0.32726478576660156,0.06939336065359121,0.06939336065359121,0.06939336065359121,0.010545310848296591,0.010545310848296591,0.0024290067854955155,0.0024290067854955155,1.0024290067854955,0.9999476247427468,0.5864116779134384,0,0,0,0,0,0,0,1.0,0.7598212957382202,0.2,0.15196426212787628
17,0,1,dpga,roi_cls,0.013847677037119865,0.0,global_ddp_mean,2,0.0,2.205716133117676,2.205716133117676,0.0,0.0,0.0,0.0,0.0,0.0,0.0,0.0,0.0,0.0,0.0,0.0,0.0,1.0,1.0,0.0,0,0,0,0,0,0,0,0.0,0.0,0.2,0.0
17,0,1,dpga,roi_reg,0.013847677037119865,0.0,global_ddp_mean,2,0.237881138920784,4.793117046356201,4.793117046356201,0.7686344981193542,0.7686344981193542,0.7686344981193542,0.23965586721897125,0.03674570518768716,0.23965586721897125,0.1603621381838947,0.1603621381838947,0.050000003108866535,0.007666348397567673,0.007666348397567673,0.0018236798024144187,0.0018236798024144187,1.0018236798024145,0.9999723388139413,0.4261613212867959,0,0,0,0,0,0,1,0.31179431080818176,0.7666347622871399,0.2,0.15332695841789246
17,100,1,dpga,backbone,0.23933297395706177,0.0,global_ddp_mean,2,0.0,35.50129699707031,35.50129699707031,0.0,0.0,0.0,0.0,0.0,0.0,0.0,0.0,0.0,0.0,0.0,0.0,0.0,1.0,1.0,0.0,0,0,0,0,0,0,0,0.0,0.0,0.2,0.0
17,100,1,dpga,fpn,0.23933297395706177,0.0,global_ddp_mean,2,0.0,6.014746189117432,6.014746189117432,0.0,0.0,0.0,0.0,0.0,0.0,0.0,0.0,0.0,0.0,0.0,0.0,0.0,1.0,1.0,0.0,0,0,0,0,0,0,0,0.0,0.0,0.2,0.0
17,100,1,dpga,rpn,0.23933297395706177,0.0,global_ddp_mean,2,0.0,4.287790775299072,4.287790775299072,0.0,0.0,0.0,0.0,0.0,0.0,0.0,0.0,0.0,0.0,0.0,0.0,0.0,1.0,1.0,0.0,0,0,0,0,0,0,0,0.0,0.0,0.2,0.0
17,100,1,dpga,roi_shared,0.23933297395706177,0.0,global_ddp_mean,2,0.0,12.889946937561035,12.889946937561035,0.0,0.0,0.0,0.0,0.0,0.0,0.0,0.0,0.0,0.0,0.0,0.0,0.0,1.0,1.0,0.0,0,0,0,0,0,0,0,0.0,0.0,0.2,0.0
17,100,1,dpga,roi_cls,0.23933297395706177,0.0,global_ddp_mean,2,0.0,9.400979995727539,9.400979995727539,0.0,0.0,0.0,0.0,0.0,0.0,0.0,0.0,0.0,0.0,0.0,0.0,0.0,1.0,1.0,0.0,0,0,0,0,0,0,0,0.0,0.0,0.2,0.0
17,100,1,dpga,roi_reg,0.23933297395706177,0.0,global_ddp_mean,2,0.0,3.1765384674072266,3.1765384674072266,0.0,0.0,0.0,0.0,0.0,0.0,0.0,0.0,0.0,0.0,0.0,0.0,0.0,1.0,1.0,0.0,0,0,0,0,0,0,0,0.0,0.0,0.2,0.0
17,200,1,dpga,backbone,0.5139729380607605,0.0,global_ddp_mean,2,0.0,22.810077667236328,22.810077667236328,0.0,0.0,0.0,0.0,0.0,0.0,0.0,0.0,0.0,0.0,0.0,0.0,0.0,1.0,1.0,0.0,0,0,0,0,0,0,0,0.0,0.0,0.2,0.0
17,200,1,dpga,fpn,0.5139729380607605,0.0,global_ddp_mean,2,0.0,2.3731131553649902,2.3731131553649902,0.0,0.0,0.0,0.0,0.0,0.0,0.0,0.0,0.0,0.0,0.0,0.0,0.0,1.0,1.0,0.0,0,0,0,0,0,0,0,0.0,0.0,0.2,0.0
17,200,1,dpga,rpn,0.5139729380607605,0.0,global_ddp_mean,2,0.0,4.465488433837891,4.465488433837891,0.0,0.0,0.0,0.0,0.0,0.0,0.0,0.0,0.0,0.0,0.0,0.0,0.0,1.0,1.0,0.0,0,0,0,0,0,0,0,0.0,0.0,0.2,0.0
17,200,1,dpga,roi_shared,0.5139729380607605,0.0,global_ddp_mean,2,0.0,4.928224563598633,4.928224563598633,0.0,0.0,0.0,0.0,0.0,0.0,0.0,0.0,0.0,0.0,0.0,0.0,0.0,1.0,1.0,0.0,0,0,0,0,0,0,0,0.0,0.0,0.2,0.0
17,200,1,dpga,roi_cls,0.5139729380607605,0.0,global_ddp_mean,2,0.0,4.054444789886475,4.054444789886475,0.0,0.0,0.0,0.0,0.0,0.0,0.0,0.0,0.0,0.0,0.0,0.0,0.0,1.0,1.0,0.0,0,0,0,0,0,0,0,0.0,0.0,0.2,0.0
17,200,1,dpga,roi_reg,0.5139729380607605,0.0,global_ddp_mean,2,0.0,3.069991111755371,3.069991111755371,0.0,0.0,0.0,0.0,0.0,0.0,0.0,0.0,0.0,0.0,0.0,0.0,0.0,1.0,1.0,0.0,0,0,0,0,0,0,0,0.0,0.0,0.2,0.0
17,300,1,dpga,backbone,0.28961071372032166,0.0,global_ddp_mean,2,0.0,9.833621978759766,9.833621978759766,0.0,0.0,0.0,0.0,0.0,0.0,0.0,0.0,0.0,0.0,0.0,0.0,0.0,1.0,1.0,0.0,0,0,0,0,0,0,0,0.0,0.0,0.2,0.0
17,300,1,dpga,fpn,0.28961071372032166,0.0,global_ddp_mean,2,0.0,1.6859763860702515,1.6859763860702515,0.0,0.0,0.0,0.0,0.0,0.0,0.0,0.0,0.0,0.0,0.0,0.0,0.0,1.0,1.0,0.0,0,0,0,0,0,0,0,0.0,0.0,0.2,0.0
17,300,1,dpga,rpn,0.28961071372032166,0.0,global_ddp_mean,2,0.0,2.167940378189087,2.167940378189087,0.0,0.0,0.0,0.0,0.0,0.0,0.0,0.0,0.0,0.0,0.0,0.0,0.0,1.0,1.0,0.0,0,0,0,0,0,0,0,0.0,0.0,0.2,0.0
17,300,1,dpga,roi_shared,0.28961071372032166,0.0,global_ddp_mean,2,0.0,3.63826847076416,3.63826847076416,0.0,0.0,0.0,0.0,0.0,0.0,0.0,0.0,0.0,0.0,0.0,0.0,0.0,1.0,1.0,0.0,0,0,0,0,0,0,0,0.0,0.0,0.2,0.0
17,300,1,dpga,roi_cls,0.28961071372032166,0.0,global_ddp_mean,2,0.0,2.2050840854644775,2.2050840854644775,0.0,0.0,0.0,0.0,0.0,0.0,0.0,0.0,0.0,0.0,0.0,0.0,0.0,1.0,1.0,0.0,0,0,0,0,0,0,0,0.0,0.0,0.2,0.0
17,300,1,dpga,roi_reg,0.28961071372032166,0.0,global_ddp_mean,2,0.0,3.52518367767334,3.52518367767334,0.0,0.0,0.0,0.0,0.0,0.0,0.0,0.0,0.0,0.0,0.0,0.0,0.0,1.0,1.0,0.0,0,0,0,0,0,0,0,0.0,0.0,0.2,0.0
17,400,1,dpga,backbone,0.7832612991333008,0.0,global_ddp_mean,2,0.0,13.371420860290527,13.371420860290527,0.0,0.0,0.0,0.0,0.0,0.0,0.0,0.0,0.0,0.0,0.0,0.0,0.0,1.0,1.0,0.0,0,0,0,0,0,0,0,0.0,0.0,0.2,0.0
17,400,1,dpga,fpn,0.7832612991333008,0.0,global_ddp_mean,2,0.0,3.168201446533203,3.168201446533203,0.0,0.0,0.0,0.0,0.0,0.0,0.0,0.0,0.0,0.0,0.0,0.0,0.0,1.0,1.0,0.0,0,0,0,0,0,0,0,0.0,0.0,0.2,0.0
17,400,1,dpga,rpn,0.7832612991333008,0.0,global_ddp_mean,2,0.0,3.2452704906463623,3.2452704906463623,0.0,0.0,0.0,0.0,0.0,0.0,0.0,0.0,0.0,0.0,0.0,0.0,0.0,1.0,1.0,0.0,0,0,0,0,0,0,0,0.0,0.0,0.2,0.0
17,400,1,dpga,roi_shared,0.7832612991333008,0.0,global_ddp_mean,2,0.0,6.191009044647217,6.191009044647217,0.0,0.0,0.0,0.0,0.0,0.0,0.0,0.0,0.0,0.0,0.0,0.0,0.0,1.0,1.0,0.0,0,0,0,0,0,0,0,0.0,0.0,0.2,0.0
17,400,1,dpga,roi_cls,0.7832612991333008,0.0,global_ddp_mean,2,0.0,3.5956668853759766,3.5956668853759766,0.0,0.0,0.0,0.0,0.0,0.0,0.0,0.0,0.0,0.0,0.0,0.0,0.0,1.0,1.0,0.0,0,0,0,0,0,0,0,0.0,0.0,0.2,0.0
17,400,1,dpga,roi_reg,0.7832612991333008,0.0,global_ddp_mean,2,0.0,2.4686343669891357,2.4686343669891357,0.0,0.0,0.0,0.0,0.0,0.0,0.0,0.0,0.0,0.0,0.0,0.0,0.0,1.0,1.0,0.0,0,0,0,0,0,0,0,0.0,0.0,0.2,0.0
17,500,1,dpga,backbone,0.16140125691890717,0.0,global_ddp_mean,2,0.0,13.016621589660645,13.016621589660645,0.0,0.0,0.0,0.0,0.0,0.0,0.0,0.0,0.0,0.0,0.0,0.0,0.0,1.0,1.0,0.0,0,0,0,0,0,0,0,0.0,0.0,0.2,0.0
17,500,1,dpga,fpn,0.16140125691890717,0.0,global_ddp_mean,2,0.0,3.0533640384674072,3.0533640384674072,0.0,0.0,0.0,0.0,0.0,0.0,0.0,0.0,0.0,0.0,0.0,0.0,0.0,1.0,1.0,0.0,0,0,0,0,0,0,0,0.0,0.0,0.2,0.0
17,500,1,dpga,rpn,0.16140125691890717,0.0,global_ddp_mean,2,0.0,4.553605556488037,4.553605556488037,0.0,0.0,0.0,0.0,0.0,0.0,0.0,0.0,0.0,0.0,0.0,0.0,0.0,1.0,1.0,0.0,0,0,0,0,0,0,0,0.0,0.0,0.2,0.0
17,500,1,dpga,roi_shared,0.16140125691890717,0.0,global_ddp_mean,2,0.0,6.481107711791992,6.481107711791992,0.0,0.0,0.0,0.0,0.0,0.0,0.0,0.0,0.0,0.0,0.0,0.0,0.0,1.0,1.0,0.0,0,0,0,0,0,0,0,0.0,0.0,0.2,0.0
17,500,1,dpga,roi_cls,0.16140125691890717,0.0,global_ddp_mean,2,0.0,5.3438639640808105,5.3438639640808105,0.0,0.0,0.0,0.0,0.0,0.0,0.0,0.0,0.0,0.0,0.0,0.0,0.0,1.0,1.0,0.0,0,0,0,0,0,0,0,0.0,0.0,0.2,0.0
17,500,1,dpga,roi_reg,0.16140125691890717,0.0,global_ddp_mean,2,0.0,4.092066764831543,4.092066764831543,0.0,0.0,0.0,0.0,0.0,0.0,0.0,0.0,0.0,0.0,0.0,0.0,0.0,1.0,1.0,0.0,0,0,0,0,0,0,0,0.0,0.0,0.2,0.0
17,600,1,dpga,backbone,0.21459120512008667,-0.0,global_ddp_mean,2,0.0,8.40418815612793,8.40418815612793,0.0,0.0,0.0,0.0,0.0,0.0,0.0,0.0,0.0,0.0,0.0,0.0,0.0,1.0,1.0,0.0,0,0,0,0,0,0,0,0.0,0.0,0.2,0.0
17,600,1,dpga,fpn,0.21459120512008667,-0.0,global_ddp_mean,2,0.0,2.134500741958618,2.134500741958618,0.0,0.0,0.0,0.0,0.0,0.0,0.0,0.0,0.0,0.0,0.0,0.0,0.0,1.0,1.0,0.0,0,0,0,0,0,0,0,0.0,0.0,0.2,0.0
17,600,1,dpga,rpn,0.21459120512008667,-0.0,global_ddp_mean,2,0.0,2.6600420475006104,2.6600420475006104,0.0,0.0,0.0,0.0,0.0,0.0,0.0,0.0,0.0,0.0,0.0,0.0,0.0,1.0,1.0,0.0,0,0,0,0,0,0,0,0.0,0.0,0.2,0.0
17,600,1,dpga,roi_shared,0.21459120512008667,-0.0,global_ddp_mean,2,0.0,4.901630401611328,4.901630401611328,0.0,0.0,0.0,0.0,0.0,0.0,0.0,0.0,0.0,0.0,0.0,0.0,0.0,1.0,1.0,0.0,0,0,0,0,0,0,0,0.0,0.0,0.2,0.0
17,600,1,dpga,roi_cls,0.21459120512008667,-0.0,global_ddp_mean,2,0.0,2.931577444076538,2.931577444076538,0.0,0.0,0.0,0.0,0.0,0.0,0.0,0.0,0.0,0.0,0.0,0.0,0.0,1.0,1.0,0.0,0,0,0,0,0,0,0,0.0,0.0,0.2,0.0
17,600,1,dpga,roi_reg,0.21459120512008667,-0.0,global_ddp_mean,2,0.0,2.9357619285583496,2.9357619285583496,0.0,0.0,0.0,0.0,0.0,0.0,0.0,0.0,0.0,0.0,0.0,0.0,0.0,1.0,1.0,0.0,0,0,0,0,0,0,0,0.0,0.0,0.2,0.0
17,700,1,dpga,backbone,0.2282533347606659,0.0,global_ddp_mean,2,0.0,10.186763763427734,10.186763763427734,0.0,0.0,0.0,0.0,0.0,0.0,0.0,0.0,0.0,0.0,0.0,0.0,0.0,1.0,1.0,0.0,0,0,0,0,0,0,0,0.0,0.0,0.2,0.0
17,700,1,dpga,fpn,0.2282533347606659,0.0,global_ddp_mean,2,0.0,2.3490068912506104,2.3490068912506104,0.0,0.0,0.0,0.0,0.0,0.0,0.0,0.0,0.0,0.0,0.0,0.0,0.0,1.0,1.0,0.0,0,0,0,0,0,0,0,0.0,0.0,0.2,0.0
17,700,1,dpga,rpn,0.2282533347606659,0.0,global_ddp_mean,2,0.0,3.966761589050293,3.966761589050293,0.0,0.0,0.0,0.0,0.0,0.0,0.0,0.0,0.0,0.0,0.0,0.0,0.0,1.0,1.0,0.0,0,0,0,0,0,0,0,0.0,0.0,0.2,0.0
17,700,1,dpga,roi_shared,0.2282533347606659,0.0,global_ddp_mean,2,0.0,4.351202487945557,4.351202487945557,0.0,0.0,0.0,0.0,0.0,0.0,0.0,0.0,0.0,0.0,0.0,0.0,0.0,1.0,1.0,0.0,0,0,0,0,0,0,0,0.0,0.0,0.2,0.0
17,700,1,dpga,roi_cls,0.2282533347606659,0.0,global_ddp_mean,2,0.0,3.675490379333496,3.675490379333496,0.0,0.0,0.0,0.0,0.0,0.0,0.0,0.0,0.0,0.0,0.0,0.0,0.0,1.0,1.0,0.0,0,0,0,0,0,0,0,0.0,0.0,0.2,0.0
17,700,1,dpga,roi_reg,0.2282533347606659,0.0,global_ddp_mean,2,0.0,1.3248355388641357,1.3248355388641357,0.0,0.0,0.0,0.0,0.0,0.0,0.0,0.0,0.0,0.0,0.0,0.0,0.0,1.0,1.0,0.0,0,0,0,0,0,0,0,0.0,0.0,0.2,0.0
17,800,1,dpga,backbone,0.006140171084553003,0.0,global_ddp_mean,2,0.0,3.8990509510040283,3.8990509510040283,0.0,0.0,0.0,0.0,0.0,0.0,0.0,0.0,0.0,0.0,0.0,0.0,0.0,1.0,1.0,0.0,0,0,0,0,0,0,0,0.0,0.0,0.2,0.0
17,800,1,dpga,fpn,0.006140171084553003,0.0,global_ddp_mean,2,0.0,0.4580239951610565,0.4580239951610565,0.0,0.0,0.0,0.0,0.0,0.0,0.0,0.0,0.0,0.0,0.0,0.0,0.0,1.0,1.0,0.0,0,0,0,0,0,0,0,0.0,0.0,0.2,0.0
17,800,1,dpga,rpn,0.006140171084553003,0.0,global_ddp_mean,2,0.0,0.921319842338562,0.921319842338562,0.0,0.0,0.0,0.0,0.0,0.0,0.0,0.0,0.0,0.0,0.0,0.0,0.0,1.0,1.0,0.0,0,0,0,0,0,0,0,0.0,0.0,0.2,0.0
17,800,1,dpga,roi_shared,0.006140171084553003,0.0,global_ddp_mean,2,0.0,0.0,0.0,0.0,0.0,0.0,0.0,0.0,0.0,0.0,0.0,0.0,0.0,0.0,0.0,0.0,0.0,0.0,90.0,0,0,0,0,0,0,0,0.0,0.0,0.2,0.0
17,800,1,dpga,roi_cls,0.006140171084553003,0.0,global_ddp_mean,2,0.0,0.0,0.0,0.0,0.0,0.0,0.0,0.0,0.0,0.0,0.0,0.0,0.0,0.0,0.0,0.0,0.0,0.0,90.0,0,0,0,0,0,0,0,0.0,0.0,0.2,0.0
17,800,1,dpga,roi_reg,0.006140171084553003,0.0,global_ddp_mean,2,0.0,0.0,0.0,0.0,0.0,0.0,0.0,0.0,0.0,0.0,0.0,0.0,0.0,0.0,0.0,0.0,0.0,0.0,90.0,0,0,0,0,0,0,0,0.0,0.0,0.2,0.0
17,900,1,dpga,backbone,0.42028895020484924,0.0,global_ddp_mean,2,0.0,10.373397827148438,10.373397827148438,0.0,0.0,0.0,0.0,0.0,0.0,0.0,0.0,0.0,0.0,0.0,0.0,0.0,1.0,1.0,0.0,0,0,0,0,0,0,0,0.0,0.0,0.2,0.0
17,900,1,dpga,fpn,0.42028895020484924,0.0,global_ddp_mean,2,0.0,2.6072802543640137,2.6072802543640137,0.0,0.0,0.0,0.0,0.0,0.0,0.0,0.0,0.0,0.0,0.0,0.0,0.0,1.0,1.0,0.0,0,0,0,0,0,0,0,0.0,0.0,0.2,0.0
17,900,1,dpga,rpn,0.42028895020484924,0.0,global_ddp_mean,2,0.0,4.152949333190918,4.152949333190918,0.0,0.0,0.0,0.0,0.0,0.0,0.0,0.0,0.0,0.0,0.0,0.0,0.0,1.0,1.0,0.0,0,0,0,0,0,0,0,0.0,0.0,0.2,0.0
17,900,1,dpga,roi_shared,0.42028895020484924,0.0,global_ddp_mean,2,0.0,6.056050777435303,6.056050777435303,0.0,0.0,0.0,0.0,0.0,0.0,0.0,0.0,0.0,0.0,0.0,0.0,0.0,1.0,1.0,0.0,0,0,0,0,0,0,0,0.0,0.0,0.2,0.0
17,900,1,dpga,roi_cls,0.42028895020484924,0.0,global_ddp_mean,2,0.0,6.776288986206055,6.776288986206055,0.0,0.0,0.0,0.0,0.0,0.0,0.0,0.0,0.0,0.0,0.0,0.0,0.0,1.0,1.0,0.0,0,0,0,0,0,0,0,0.0,0.0,0.2,0.0
17,900,1,dpga,roi_reg,0.42028895020484924,0.0,global_ddp_mean,2,0.0,3.1134657859802246,3.1134657859802246,0.0,0.0,0.0,0.0,0.0,0.0,0.0,0.0,0.0,0.0,0.0,0.0,0.0,1.0,1.0,0.0,0,0,0,0,0,0,0,0.0,0.0,0.2,0.0
17,1000,1,dpga,backbone,0.17239585518836975,-0.0,global_ddp_mean,2,0.0,28.889575958251953,28.889575958251953,0.0,0.0,0.0,0.0,0.0,0.0,0.0,0.0,0.0,0.0,0.0,0.0,0.0,1.0,1.0,0.0,0,0,0,0,0,0,0,0.0,0.0,0.2,0.0
17,1000,1,dpga,fpn,0.17239585518836975,-0.0,global_ddp_mean,2,0.0,5.551347255706787,5.551347255706787,0.0,0.0,0.0,0.0,0.0,0.0,0.0,0.0,0.0,0.0,0.0,0.0,0.0,1.0,1.0,0.0,0,0,0,0,0,0,0,0.0,0.0,0.2,0.0
17,1000,1,dpga,rpn,0.17239585518836975,-0.0,global_ddp_mean,2,0.0,6.458554267883301,6.458554267883301,0.0,0.0,0.0,0.0,0.0,0.0,0.0,0.0,0.0,0.0,0.0,0.0,0.0,1.0,1.0,0.0,0,0,0,0,0,0,0,0.0,0.0,0.2,0.0
17,1000,1,dpga,roi_shared,0.17239585518836975,-0.0,global_ddp_mean,2,0.0,9.815145492553711,9.815145492553711,0.0,0.0,0.0,0.0,0.0,0.0,0.0,0.0,0.0,0.0,0.0,0.0,0.0,1.0,1.0,0.0,0,0,0,0,0,0,0,0.0,0.0,0.2,0.0
17,1000,1,dpga,roi_cls,0.17239585518836975,-0.0,global_ddp_mean,2,0.0,9.708617210388184,9.708617210388184,0.0,0.0,0.0,0.0,0.0,0.0,0.0,0.0,0.0,0.0,0.0,0.0,0.0,1.0,1.0,0.0,0,0,0,0,0,0,0,0.0,0.0,0.2,0.0
17,1000,1,dpga,roi_reg,0.17239585518836975,-0.0,global_ddp_mean,2,0.0,6.239974021911621,6.239974021911621,0.0,0.0,0.0,0.0,0.0,0.0,0.0,0.0,0.0,0.0,0.0,0.0,0.0,1.0,1.0,0.0,0,0,0,0,0,0,0,0.0,0.0,0.2,0.0
17,1100,1,dpga,backbone,1.0225470066070557,0.0,global_ddp_mean,2,0.0,25.15407371520996,25.15407371520996,0.0,0.0,0.0,0.0,0.0,0.0,0.0,0.0,0.0,0.0,0.0,0.0,0.0,1.0,1.0,0.0,0,0,0,0,0,0,0,0.0,0.0,0.2,0.0
17,1100,1,dpga,fpn,1.0225470066070557,0.0,global_ddp_mean,2,0.0,6.341306209564209,6.341306209564209,0.0,0.0,0.0,0.0,0.0,0.0,0.0,0.0,0.0,0.0,0.0,0.0,0.0,1.0,1.0,0.0,0,0,0,0,0,0,0,0.0,0.0,0.2,0.0
17,1100,1,dpga,rpn,1.0225470066070557,0.0,global_ddp_mean,2,0.0,8.17875862121582,8.17875862121582,0.0,0.0,0.0,0.0,0.0,0.0,0.0,0.0,0.0,0.0,0.0,0.0,0.0,1.0,1.0,0.0,0,0,0,0,0,0,0,0.0,0.0,0.2,0.0
17,1100,1,dpga,roi_shared,1.0225470066070557,0.0,global_ddp_mean,2,0.0,12.834003448486328,12.834003448486328,0.0,0.0,0.0,0.0,0.0,0.0,0.0,0.0,0.0,0.0,0.0,0.0,0.0,1.0,1.0,0.0,0,0,0,0,0,0,0,0.0,0.0,0.2,0.0
17,1100,1,dpga,roi_cls,1.0225470066070557,0.0,global_ddp_mean,2,0.0,9.421650886535645,9.421650886535645,0.0,0.0,0.0,0.0,0.0,0.0,0.0,0.0,0.0,0.0,0.0,0.0,0.0,1.0,1.0,0.0,0,0,0,0,0,0,0,0.0,0.0,0.2,0.0
17,1100,1,dpga,roi_reg,1.0225470066070557,0.0,global_ddp_mean,2,0.0,2.0422379970550537,2.0422379970550537,0.0,0.0,0.0,0.0,0.0,0.0,0.0,0.0,0.0,0.0,0.0,0.0,0.0,1.0,1.0,0.0,0,0,0,0,0,0,0,0.0,0.0,0.2,0.0
17,1200,1,dpga,backbone,0.35241270065307617,0.0,global_ddp_mean,2,0.0,11.70947265625,11.70947265625,0.0,0.0,0.0,0.0,0.0,0.0,0.0,0.0,0.0,0.0,0.0,0.0,0.0,1.0,1.0,0.0,0,0,0,0,0,0,0,0.0,0.0,0.2,0.0
17,1200,1,dpga,fpn,0.35241270065307617,0.0,global_ddp_mean,2,0.0,2.600581169128418,2.600581169128418,0.0,0.0,0.0,0.0,0.0,0.0,0.0,0.0,0.0,0.0,0.0,0.0,0.0,1.0,1.0,0.0,0,0,0,0,0,0,0,0.0,0.0,0.2,0.0
17,1200,1,dpga,rpn,0.35241270065307617,0.0,global_ddp_mean,2,0.0,1.3265981674194336,1.3265981674194336,0.0,0.0,0.0,0.0,0.0,0.0,0.0,0.0,0.0,0.0,0.0,0.0,0.0,1.0,1.0,0.0,0,0,0,0,0,0,0,0.0,0.0,0.2,0.0
17,1200,1,dpga,roi_shared,0.35241270065307617,0.0,global_ddp_mean,2,0.0,5.849991798400879,5.849991798400879,0.0,0.0,0.0,0.0,0.0,0.0,0.0,0.0,0.0,0.0,0.0,0.0,0.0,1.0,1.0,0.0,0,0,0,0,0,0,0,0.0,0.0,0.2,0.0
17,1200,1,dpga,roi_cls,0.35241270065307617,0.0,global_ddp_mean,2,0.0,5.077942848205566,5.077942848205566,0.0,0.0,0.0,0.0,0.0,0.0,0.0,0.0,0.0,0.0,0.0,0.0,0.0,1.0,1.0,0.0,0,0,0,0,0,0,0,0.0,0.0,0.2,0.0
17,1200,1,dpga,roi_reg,0.35241270065307617,0.0,global_ddp_mean,2,0.0,2.140608072280884,2.140608072280884,0.0,0.0,0.0,0.0,0.0,0.0,0.0,0.0,0.0,0.0,0.0,0.0,0.0,1.0,1.0,0.0,0,0,0,0,0,0,0,0.0,0.0,0.2,0.0
17,1300,1,dpga,backbone,0.05542704463005066,0.0,global_ddp_mean,2,0.0,13.567913055419922,13.567913055419922,0.0,0.0,0.0,0.0,0.0,0.0,0.0,0.0,0.0,0.0,0.0,0.0,0.0,1.0,1.0,0.0,0,0,0,0,0,0,0,0.0,0.0,0.2,0.0
17,1300,1,dpga,fpn,0.05542704463005066,0.0,global_ddp_mean,2,0.0,2.1433427333831787,2.1433427333831787,0.0,0.0,0.0,0.0,0.0,0.0,0.0,0.0,0.0,0.0,0.0,0.0,0.0,1.0,1.0,0.0,0,0,0,0,0,0,0,0.0,0.0,0.2,0.0
17,1300,1,dpga,rpn,0.05542704463005066,0.0,global_ddp_mean,2,0.0,4.081805229187012,4.081805229187012,0.0,0.0,0.0,0.0,0.0,0.0,0.0,0.0,0.0,0.0,0.0,0.0,0.0,1.0,1.0,0.0,0,0,0,0,0,0,0,0.0,0.0,0.2,0.0
17,1300,1,dpga,roi_shared,0.05542704463005066,0.0,global_ddp_mean,2,0.0,4.517605304718018,4.517605304718018,0.0,0.0,0.0,0.0,0.0,0.0,0.0,0.0,0.0,0.0,0.0,0.0,0.0,1.0,1.0,0.0,0,0,0,0,0,0,0,0.0,0.0,0.2,0.0
17,1300,1,dpga,roi_cls,0.05542704463005066,0.0,global_ddp_mean,2,0.0,4.066059589385986,4.066059589385986,0.0,0.0,0.0,0.0,0.0,0.0,0.0,0.0,0.0,0.0,0.0,0.0,0.0,1.0,1.0,0.0,0,0,0,0,0,0,0,0.0,0.0,0.2,0.0
17,1300,1,dpga,roi_reg,0.05542704463005066,0.0,global_ddp_mean,2,0.0,3.7869338989257812,3.7869338989257812,0.0,0.0,0.0,0.0,0.0,0.0,0.0,0.0,0.0,0.0,0.0,0.0,0.0,1.0,1.0,0.0,0,0,0,0,0,0,0,0.0,0.0,0.2,0.0
17,1400,1,dpga,backbone,0.2121688723564148,0.0,global_ddp_mean,2,0.0,5.401506423950195,5.401506423950195,0.0,0.0,0.0,0.0,0.0,0.0,0.0,0.0,0.0,0.0,0.0,0.0,0.0,1.0,1.0,0.0,0,0,0,0,0,0,0,0.0,0.0,0.2,0.0
17,1400,1,dpga,fpn,0.2121688723564148,0.0,global_ddp_mean,2,0.0,1.0323611497879028,1.0323611497879028,0.0,0.0,0.0,0.0,0.0,0.0,0.0,0.0,0.0,0.0,0.0,0.0,0.0,1.0,1.0,0.0,0,0,0,0,0,0,0,0.0,0.0,0.2,0.0
17,1400,1,dpga,rpn,0.2121688723564148,0.0,global_ddp_mean,2,0.0,1.0837112665176392,1.0837112665176392,0.0,0.0,0.0,0.0,0.0,0.0,0.0,0.0,0.0,0.0,0.0,0.0,0.0,1.0,1.0,0.0,0,0,0,0,0,0,0,0.0,0.0,0.2,0.0
17,1400,1,dpga,roi_shared,0.2121688723564148,0.0,global_ddp_mean,2,0.0,2.072171449661255,2.072171449661255,0.0,0.0,0.0,0.0,0.0,0.0,0.0,0.0,0.0,0.0,0.0,0.0,0.0,1.0,1.0,0.0,0,0,0,0,0,0,0,0.0,0.0,0.2,0.0
17,1400,1,dpga,roi_cls,0.2121688723564148,0.0,global_ddp_mean,2,0.0,0.9761028289794922,0.9761028289794922,0.0,0.0,0.0,0.0,0.0,0.0,0.0,0.0,0.0,0.0,0.0,0.0,0.0,1.0,1.0,0.0,0,0,0,0,0,0,0,0.0,0.0,0.2,0.0
17,1400,1,dpga,roi_reg,0.2121688723564148,0.0,global_ddp_mean,2,0.0,1.830055832862854,1.830055832862854,0.0,0.0,0.0,0.0,0.0,0.0,0.0,0.0,0.0,0.0,0.0,0.0,0.0,1.0,1.0,0.0,0,0,0,0,0,0,0,0.0,0.0,0.2,0.0
18,0,1,dpga,backbone,0.18118664622306824,0.0,global_ddp_mean,2,0.0,13.043580055236816,13.043580055236816,0.0,0.0,0.0,0.0,0.0,0.0,0.0,0.0,0.0,0.0,0.0,0.0,0.0,1.0,1.0,0.0,0,0,0,0,0,0,0,0.0,0.0,0.2,0.0
18,0,1,dpga,fpn,0.18118664622306824,0.0,global_ddp_mean,2,0.0,2.49375581741333,2.49375581741333,0.0,0.0,0.0,0.0,0.0,0.0,0.0,0.0,0.0,0.0,0.0,0.0,0.0,1.0,1.0,0.0,0,0,0,0,0,0,0,0.0,0.0,0.2,0.0
18,0,1,dpga,rpn,0.18118664622306824,0.0,global_ddp_mean,2,0.0,1.336809754371643,1.336809754371643,0.0,0.0,0.0,0.0,0.0,0.0,0.0,0.0,0.0,0.0,0.0,0.0,0.0,1.0,1.0,0.0,0,0,0,0,0,0,0,0.0,0.0,0.2,0.0
18,0,1,dpga,roi_shared,0.18118664622306824,0.0,global_ddp_mean,2,0.0,5.24875020980835,5.24875020980835,0.0,0.0,0.0,0.0,0.0,0.0,0.0,0.0,0.0,0.0,0.0,0.0,0.0,1.0,1.0,0.0,0,0,0,0,0,0,0,0.0,0.0,0.2,0.0
18,0,1,dpga,roi_cls,0.18118664622306824,0.0,global_ddp_mean,2,0.0,4.782850742340088,4.782850742340088,0.0,0.0,0.0,0.0,0.0,0.0,0.0,0.0,0.0,0.0,0.0,0.0,0.0,1.0,1.0,0.0,0,0,0,0,0,0,0,0.0,0.0,0.2,0.0
18,0,1,dpga,roi_reg,0.18118664622306824,0.0,global_ddp_mean,2,0.0,1.347910761833191,1.347910761833191,0.0,0.0,0.0,0.0,0.0,0.0,0.0,0.0,0.0,0.0,0.0,0.0,0.0,1.0,1.0,0.0,0,0,0,0,0,0,0,0.0,0.0,0.2,0.0
18,100,1,dpga,backbone,0.08673183619976044,-0.0,global_ddp_mean,2,0.0,7.51483678817749,7.51483678817749,0.0,0.0,0.0,0.0,0.0,0.0,0.0,0.0,0.0,0.0,0.0,0.0,0.0,1.0,1.0,0.0,0,0,0,0,0,0,0,0.0,0.0,0.2,0.0
18,100,1,dpga,fpn,0.08673183619976044,-0.0,global_ddp_mean,2,0.0,1.306896686553955,1.306896686553955,0.0,0.0,0.0,0.0,0.0,0.0,0.0,0.0,0.0,0.0,0.0,0.0,0.0,1.0,1.0,0.0,0,0,0,0,0,0,0,0.0,0.0,0.2,0.0
18,100,1,dpga,rpn,0.08673183619976044,-0.0,global_ddp_mean,2,0.0,1.6255825757980347,1.6255825757980347,0.0,0.0,0.0,0.0,0.0,0.0,0.0,0.0,0.0,0.0,0.0,0.0,0.0,1.0,1.0,0.0,0,0,0,0,0,0,0,0.0,0.0,0.2,0.0
18,100,1,dpga,roi_shared,0.08673183619976044,-0.0,global_ddp_mean,2,0.0,2.2949395179748535,2.2949395179748535,0.0,0.0,0.0,0.0,0.0,0.0,0.0,0.0,0.0,0.0,0.0,0.0,0.0,1.0,1.0,0.0,0,0,0,0,0,0,0,0.0,0.0,0.2,0.0
18,100,1,dpga,roi_cls,0.08673183619976044,-0.0,global_ddp_mean,2,0.0,1.61179518699646,1.61179518699646,0.0,0.0,0.0,0.0,0.0,0.0,0.0,0.0,0.0,0.0,0.0,0.0,0.0,1.0,1.0,0.0,0,0,0,0,0,0,0,0.0,0.0,0.2,0.0
18,100,1,dpga,roi_reg,0.08673183619976044,-0.0,global_ddp_mean,2,0.0,1.1633949279785156,1.1633949279785156,0.0,0.0,0.0,0.0,0.0,0.0,0.0,0.0,0.0,0.0,0.0,0.0,0.0,1.0,1.0,0.0,0,0,0,0,0,0,0,0.0,0.0,0.2,0.0
18,200,1,dpga,backbone,0.1732262670993805,0.0,global_ddp_mean,2,0.0,6.911368370056152,6.911368370056152,0.0,0.0,0.0,0.0,0.0,0.0,0.0,0.0,0.0,0.0,0.0,0.0,0.0,1.0,1.0,0.0,0,0,0,0,0,0,0,0.0,0.0,0.2,0.0
18,200,1,dpga,fpn,0.1732262670993805,0.0,global_ddp_mean,2,0.0,0.8665897846221924,0.8665897846221924,0.0,0.0,0.0,0.0,0.0,0.0,0.0,0.0,0.0,0.0,0.0,0.0,0.0,1.0,1.0,0.0,0,0,0,0,0,0,0,0.0,0.0,0.2,0.0
18,200,1,dpga,rpn,0.1732262670993805,0.0,global_ddp_mean,2,0.0,0.9233869910240173,0.9233869910240173,0.0,0.0,0.0,0.0,0.0,0.0,0.0,0.0,0.0,0.0,0.0,0.0,0.0,1.0,1.0,0.0,0,0,0,0,0,0,0,0.0,0.0,0.2,0.0
18,200,1,dpga,roi_shared,0.1732262670993805,0.0,global_ddp_mean,2,0.0,1.786571979522705,1.786571979522705,0.0,0.0,0.0,0.0,0.0,0.0,0.0,0.0,0.0,0.0,0.0,0.0,0.0,1.0,1.0,0.0,0,0,0,0,0,0,0,0.0,0.0,0.2,0.0
18,200,1,dpga,roi_cls,0.1732262670993805,0.0,global_ddp_mean,2,0.0,1.318514108657837,1.318514108657837,0.0,0.0,0.0,0.0,0.0,0.0,0.0,0.0,0.0,0.0,0.0,0.0,0.0,1.0,1.0,0.0,0,0,0,0,0,0,0,0.0,0.0,0.2,0.0
18,200,1,dpga,roi_reg,0.1732262670993805,0.0,global_ddp_mean,2,0.0,0.4419580399990082,0.4419580399990082,0.0,0.0,0.0,0.0,0.0,0.0,0.0,0.0,0.0,0.0,0.0,0.0,0.0,1.0,1.0,0.0,0,0,0,0,0,0,0,0.0,0.0,0.2,0.0
18,300,1,dpga,backbone,0.009306598454713821,0.0,global_ddp_mean,2,0.0,66.13526916503906,66.13526916503906,0.0,0.0,0.0,0.0,0.0,0.0,0.0,0.0,0.0,0.0,0.0,0.0,0.0,1.0,1.0,0.0,0,0,0,0,0,0,0,0.0,0.0,0.2,0.0
18,300,1,dpga,fpn,0.009306598454713821,0.0,global_ddp_mean,2,0.0,6.800729274749756,6.800729274749756,0.0,0.0,0.0,0.0,0.0,0.0,0.0,0.0,0.0,0.0,0.0,0.0,0.0,1.0,1.0,0.0,0,0,0,0,0,0,0,0.0,0.0,0.2,0.0
18,300,1,dpga,rpn,0.009306598454713821,0.0,global_ddp_mean,2,0.0,7.979785919189453,7.979785919189453,0.0,0.0,0.0,0.0,0.0,0.0,0.0,0.0,0.0,0.0,0.0,0.0,0.0,1.0,1.0,0.0,0,0,0,0,0,0,0,0.0,0.0,0.2,0.0
18,300,1,dpga,roi_shared,0.009306598454713821,0.0,global_ddp_mean,2,0.0,12.15796184539795,12.15796184539795,0.0,0.0,0.0,0.0,0.0,0.0,0.0,0.0,0.0,0.0,0.0,0.0,0.0,1.0,1.0,0.0,0,0,0,0,0,0,0,0.0,0.0,0.2,0.0
18,300,1,dpga,roi_cls,0.009306598454713821,0.0,global_ddp_mean,2,0.0,9.544578552246094,9.544578552246094,0.0,0.0,0.0,0.0,0.0,0.0,0.0,0.0,0.0,0.0,0.0,0.0,0.0,1.0,1.0,0.0,0,0,0,0,0,0,0,0.0,0.0,0.2,0.0
18,300,1,dpga,roi_reg,0.009306598454713821,0.0,global_ddp_mean,2,0.0,2.8636679649353027,2.8636679649353027,0.0,0.0,0.0,0.0,0.0,0.0,0.0,0.0,0.0,0.0,0.0,0.0,0.0,1.0,1.0,0.0,0,0,0,0,0,0,0,0.0,0.0,0.2,0.0
18,400,1,dpga,backbone,0.1873299479484558,0.0,global_ddp_mean,2,0.0,4.890455722808838,4.890455722808838,0.0,0.0,0.0,0.0,0.0,0.0,0.0,0.0,0.0,0.0,0.0,0.0,0.0,1.0,1.0,0.0,0,0,0,0,0,0,0,0.0,0.0,0.2,0.0
18,400,1,dpga,fpn,0.1873299479484558,0.0,global_ddp_mean,2,0.0,0.9746595025062561,0.9746595025062561,0.0,0.0,0.0,0.0,0.0,0.0,0.0,0.0,0.0,0.0,0.0,0.0,0.0,1.0,1.0,0.0,0,0,0,0,0,0,0,0.0,0.0,0.2,0.0
18,400,1,dpga,rpn,0.1873299479484558,0.0,global_ddp_mean,2,0.0,0.973792314529419,0.973792314529419,0.0,0.0,0.0,0.0,0.0,0.0,0.0,0.0,0.0,0.0,0.0,0.0,0.0,1.0,1.0,0.0,0,0,0,0,0,0,0,0.0,0.0,0.2,0.0
18,400,1,dpga,roi_shared,0.1873299479484558,0.0,global_ddp_mean,2,0.0,2.188396692276001,2.188396692276001,0.0,0.0,0.0,0.0,0.0,0.0,0.0,0.0,0.0,0.0,0.0,0.0,0.0,1.0,1.0,0.0,0,0,0,0,0,0,0,0.0,0.0,0.2,0.0
18,400,1,dpga,roi_cls,0.1873299479484558,0.0,global_ddp_mean,2,0.0,1.209981918334961,1.209981918334961,0.0,0.0,0.0,0.0,0.0,0.0,0.0,0.0,0.0,0.0,0.0,0.0,0.0,1.0,1.0,0.0,0,0,0,0,0,0,0,0.0,0.0,0.2,0.0
18,400,1,dpga,roi_reg,0.1873299479484558,0.0,global_ddp_mean,2,0.0,1.4554246664047241,1.4554246664047241,0.0,0.0,0.0,0.0,0.0,0.0,0.0,0.0,0.0,0.0,0.0,0.0,0.0,1.0,1.0,0.0,0,0,0,0,0,0,0,0.0,0.0,0.2,0.0
18,500,1,dpga,backbone,0.19646231830120087,-0.0,global_ddp_mean,2,0.0,30.25090789794922,30.25090789794922,0.0,0.0,0.0,0.0,0.0,0.0,0.0,0.0,0.0,0.0,0.0,0.0,0.0,1.0,1.0,0.0,0,0,0,0,0,0,0,0.0,0.0,0.2,0.0
18,500,1,dpga,fpn,0.19646231830120087,-0.0,global_ddp_mean,2,0.0,7.0199503898620605,7.0199503898620605,0.0,0.0,0.0,0.0,0.0,0.0,0.0,0.0,0.0,0.0,0.0,0.0,0.0,1.0,1.0,0.0,0,0,0,0,0,0,0,0.0,0.0,0.2,0.0
18,500,1,dpga,rpn,0.19646231830120087,-0.0,global_ddp_mean,2,0.0,7.333040714263916,7.333040714263916,0.0,0.0,0.0,0.0,0.0,0.0,0.0,0.0,0.0,0.0,0.0,0.0,0.0,1.0,1.0,0.0,0,0,0,0,0,0,0,0.0,0.0,0.2,0.0
18,500,1,dpga,roi_shared,0.19646231830120087,-0.0,global_ddp_mean,2,0.0,13.031745910644531,13.031745910644531,0.0,0.0,0.0,0.0,0.0,0.0,0.0,0.0,0.0,0.0,0.0,0.0,0.0,1.0,1.0,0.0,0,0,0,0,0,0,0,0.0,0.0,0.2,0.0
18,500,1,dpga,roi_cls,0.19646231830120087,-0.0,global_ddp_mean,2,0.0,12.812565803527832,12.812565803527832,0.0,0.0,0.0,0.0,0.0,0.0,0.0,0.0,0.0,0.0,0.0,0.0,0.0,1.0,1.0,0.0,0,0,0,0,0,0,0,0.0,0.0,0.2,0.0
18,500,1,dpga,roi_reg,0.19646231830120087,-0.0,global_ddp_mean,2,0.0,7.1433305740356445,7.1433305740356445,0.0,0.0,0.0,0.0,0.0,0.0,0.0,0.0,0.0,0.0,0.0,0.0,0.0,1.0,1.0,0.0,0,0,0,0,0,0,0,0.0,0.0,0.2,0.0
18,600,1,dpga,backbone,0.013465742580592632,0.0,global_ddp_mean,2,0.0,4.0860114097595215,4.0860114097595215,0.0,0.0,0.0,0.0,0.0,0.0,0.0,0.0,0.0,0.0,0.0,0.0,0.0,1.0,1.0,0.0,0,0,0,0,0,0,0,0.0,0.0,0.2,0.0
18,600,1,dpga,fpn,0.013465742580592632,0.0,global_ddp_mean,2,0.0,0.523443877696991,0.523443877696991,0.0,0.0,0.0,0.0,0.0,0.0,0.0,0.0,0.0,0.0,0.0,0.0,0.0,1.0,1.0,0.0,0,0,0,0,0,0,0,0.0,0.0,0.2,0.0
18,600,1,dpga,rpn,0.013465742580592632,0.0,global_ddp_mean,2,0.0,1.023258924484253,1.023258924484253,0.0,0.0,0.0,0.0,0.0,0.0,0.0,0.0,0.0,0.0,0.0,0.0,0.0,1.0,1.0,0.0,0,0,0,0,0,0,0,0.0,0.0,0.2,0.0
18,600,1,dpga,roi_shared,0.013465742580592632,0.0,global_ddp_mean,2,0.0,0.0,0.0,0.0,0.0,0.0,0.0,0.0,0.0,0.0,0.0,0.0,0.0,0.0,0.0,0.0,0.0,0.0,90.0,0,0,0,0,0,0,0,0.0,0.0,0.2,0.0
18,600,1,dpga,roi_cls,0.013465742580592632,0.0,global_ddp_mean,2,0.0,0.0,0.0,0.0,0.0,0.0,0.0,0.0,0.0,0.0,0.0,0.0,0.0,0.0,0.0,0.0,0.0,0.0,90.0,0,0,0,0,0,0,0,0.0,0.0,0.2,0.0
18,600,1,dpga,roi_reg,0.013465742580592632,0.0,global_ddp_mean,2,0.0,0.0,0.0,0.0,0.0,0.0,0.0,0.0,0.0,0.0,0.0,0.0,0.0,0.0,0.0,0.0,0.0,0.0,90.0,0,0,0,0,0,0,0,0.0,0.0,0.2,0.0
18,700,1,dpga,backbone,0.17573651671409607,0.0,global_ddp_mean,2,0.0,9.262585639953613,9.262585639953613,0.0,0.0,0.0,0.0,0.0,0.0,0.0,0.0,0.0,0.0,0.0,0.0,0.0,1.0,1.0,0.0,0,0,0,0,0,0,0,0.0,0.0,0.2,0.0
18,700,1,dpga,fpn,0.17573651671409607,0.0,global_ddp_mean,2,0.0,1.321819543838501,1.321819543838501,0.0,0.0,0.0,0.0,0.0,0.0,0.0,0.0,0.0,0.0,0.0,0.0,0.0,1.0,1.0,0.0,0,0,0,0,0,0,0,0.0,0.0,0.2,0.0
18,700,1,dpga,rpn,0.17573651671409607,0.0,global_ddp_mean,2,0.0,1.1662328243255615,1.1662328243255615,0.0,0.0,0.0,0.0,0.0,0.0,0.0,0.0,0.0,0.0,0.0,0.0,0.0,1.0,1.0,0.0,0,0,0,0,0,0,0,0.0,0.0,0.2,0.0
18,700,1,dpga,roi_shared,0.17573651671409607,0.0,global_ddp_mean,2,0.0,2.5813393592834473,2.5813393592834473,0.0,0.0,0.0,0.0,0.0,0.0,0.0,0.0,0.0,0.0,0.0,0.0,0.0,1.0,1.0,0.0,0,0,0,0,0,0,0,0.0,0.0,0.2,0.0
18,700,1,dpga,roi_cls,0.17573651671409607,0.0,global_ddp_mean,2,0.0,2.3002090454101562,2.3002090454101562,0.0,0.0,0.0,0.0,0.0,0.0,0.0,0.0,0.0,0.0,0.0,0.0,0.0,1.0,1.0,0.0,0,0,0,0,0,0,0,0.0,0.0,0.2,0.0
18,700,1,dpga,roi_reg,0.17573651671409607,0.0,global_ddp_mean,2,0.0,1.0222536325454712,1.0222536325454712,0.0,0.0,0.0,0.0,0.0,0.0,0.0,0.0,0.0,0.0,0.0,0.0,0.0,1.0,1.0,0.0,0,0,0,0,0,0,0,0.0,0.0,0.2,0.0
18,800,1,dpga,backbone,0.007453159429132938,0.0,global_ddp_mean,2,0.0,2.8784685134887695,2.8784685134887695,0.0,0.0,0.0,0.0,0.0,0.0,0.0,0.0,0.0,0.0,0.0,0.0,0.0,1.0,1.0,0.0,0,0,0,0,0,0,0,0.0,0.0,0.2,0.0
18,800,1,dpga,fpn,0.007453159429132938,0.0,global_ddp_mean,2,0.0,0.2909625470638275,0.2909625470638275,0.0,0.0,0.0,0.0,0.0,0.0,0.0,0.0,0.0,0.0,0.0,0.0,0.0,1.0,1.0,0.0,0,0,0,0,0,0,0,0.0,0.0,0.2,0.0
18,800,1,dpga,rpn,0.007453159429132938,0.0,global_ddp_mean,2,0.0,0.4964212477207184,0.4964212477207184,0.0,0.0,0.0,0.0,0.0,0.0,0.0,0.0,0.0,0.0,0.0,0.0,0.0,1.0,1.0,0.0,0,0,0,0,0,0,0,0.0,0.0,0.2,0.0
18,800,1,dpga,roi_shared,0.007453159429132938,0.0,global_ddp_mean,2,0.0,0.0,0.0,0.0,0.0,0.0,0.0,0.0,0.0,0.0,0.0,0.0,0.0,0.0,0.0,0.0,0.0,0.0,90.0,0,0,0,0,0,0,0,0.0,0.0,0.2,0.0
18,800,1,dpga,roi_cls,0.007453159429132938,0.0,global_ddp_mean,2,0.0,0.0,0.0,0.0,0.0,0.0,0.0,0.0,0.0,0.0,0.0,0.0,0.0,0.0,0.0,0.0,0.0,0.0,90.0,0,0,0,0,0,0,0,0.0,0.0,0.2,0.0
18,800,1,dpga,roi_reg,0.007453159429132938,0.0,global_ddp_mean,2,0.0,0.0,0.0,0.0,0.0,0.0,0.0,0.0,0.0,0.0,0.0,0.0,0.0,0.0,0.0,0.0,0.0,0.0,90.0,0,0,0,0,0,0,0,0.0,0.0,0.2,0.0
18,900,1,dpga,backbone,0.24519692361354828,-0.0,global_ddp_mean,2,0.0,12.96427059173584,12.96427059173584,0.0,0.0,0.0,0.0,0.0,0.0,0.0,0.0,0.0,0.0,0.0,0.0,0.0,1.0,1.0,0.0,0,0,0,0,0,0,0,0.0,0.0,0.2,0.0
18,900,1,dpga,fpn,0.24519692361354828,-0.0,global_ddp_mean,2,0.0,1.6303497552871704,1.6303497552871704,0.0,0.0,0.0,0.0,0.0,0.0,0.0,0.0,0.0,0.0,0.0,0.0,0.0,1.0,1.0,0.0,0,0,0,0,0,0,0,0.0,0.0,0.2,0.0
18,900,1,dpga,rpn,0.24519692361354828,-0.0,global_ddp_mean,2,0.0,1.5961800813674927,1.5961800813674927,0.0,0.0,0.0,0.0,0.0,0.0,0.0,0.0,0.0,0.0,0.0,0.0,0.0,1.0,1.0,0.0,0,0,0,0,0,0,0,0.0,0.0,0.2,0.0
18,900,1,dpga,roi_shared,0.24519692361354828,-0.0,global_ddp_mean,2,0.0,3.362236976623535,3.362236976623535,0.0,0.0,0.0,0.0,0.0,0.0,0.0,0.0,0.0,0.0,0.0,0.0,0.0,1.0,1.0,0.0,0,0,0,0,0,0,0,0.0,0.0,0.2,0.0
18,900,1,dpga,roi_cls,0.24519692361354828,-0.0,global_ddp_mean,2,0.0,1.7329227924346924,1.7329227924346924,0.0,0.0,0.0,0.0,0.0,0.0,0.0,0.0,0.0,0.0,0.0,0.0,0.0,1.0,1.0,0.0,0,0,0,0,0,0,0,0.0,0.0,0.2,0.0
18,900,1,dpga,roi_reg,0.24519692361354828,-0.0,global_ddp_mean,2,0.0,1.0818161964416504,1.0818161964416504,0.0,0.0,0.0,0.0,0.0,0.0,0.0,0.0,0.0,0.0,0.0,0.0,0.0,1.0,1.0,0.0,0,0,0,0,0,0,0,0.0,0.0,0.2,0.0
18,1000,1,dpga,backbone,0.9740114212036133,0.0,global_ddp_mean,2,0.0,16.13356590270996,16.13356590270996,0.0,0.0,0.0,0.0,0.0,0.0,0.0,0.0,0.0,0.0,0.0,0.0,0.0,1.0,1.0,0.0,0,0,0,0,0,0,0,0.0,0.0,0.2,0.0
18,1000,1,dpga,fpn,0.9740114212036133,0.0,global_ddp_mean,2,0.0,3.9776065349578857,3.9776065349578857,0.0,0.0,0.0,0.0,0.0,0.0,0.0,0.0,0.0,0.0,0.0,0.0,0.0,1.0,1.0,0.0,0,0,0,0,0,0,0,0.0,0.0,0.2,0.0
18,1000,1,dpga,rpn,0.9740114212036133,0.0,global_ddp_mean,2,0.0,3.675757884979248,3.675757884979248,0.0,0.0,0.0,0.0,0.0,0.0,0.0,0.0,0.0,0.0,0.0,0.0,0.0,1.0,1.0,0.0,0,0,0,0,0,0,0,0.0,0.0,0.2,0.0
18,1000,1,dpga,roi_shared,0.9740114212036133,0.0,global_ddp_mean,2,0.0,7.975691318511963,7.975691318511963,0.0,0.0,0.0,0.0,0.0,0.0,0.0,0.0,0.0,0.0,0.0,0.0,0.0,1.0,1.0,0.0,0,0,0,0,0,0,0,0.0,0.0,0.2,0.0
18,1000,1,dpga,roi_cls,0.9740114212036133,0.0,global_ddp_mean,2,0.0,5.822536945343018,5.822536945343018,0.0,0.0,0.0,0.0,0.0,0.0,0.0,0.0,0.0,0.0,0.0,0.0,0.0,1.0,1.0,0.0,0,0,0,0,0,0,0,0.0,0.0,0.2,0.0
18,1000,1,dpga,roi_reg,0.9740114212036133,0.0,global_ddp_mean,2,0.0,7.14267110824585,7.14267110824585,0.0,0.0,0.0,0.0,0.0,0.0,0.0,0.0,0.0,0.0,0.0,0.0,0.0,1.0,1.0,0.0,0,0,0,0,0,0,0,0.0,0.0,0.2,0.0
18,1100,1,dpga,backbone,0.29501989483833313,0.0,global_ddp_mean,2,0.0,10.599557876586914,10.599557876586914,0.0,0.0,0.0,0.0,0.0,0.0,0.0,0.0,0.0,0.0,0.0,0.0,0.0,1.0,1.0,0.0,0,0,0,0,0,0,0,0.0,0.0,0.2,0.0
18,1100,1,dpga,fpn,0.29501989483833313,0.0,global_ddp_mean,2,0.0,1.7385680675506592,1.7385680675506592,0.0,0.0,0.0,0.0,0.0,0.0,0.0,0.0,0.0,0.0,0.0,0.0,0.0,1.0,1.0,0.0,0,0,0,0,0,0,0,0.0,0.0,0.2,0.0
18,1100,1,dpga,rpn,0.29501989483833313,0.0,global_ddp_mean,2,0.0,2.8764824867248535,2.8764824867248535,0.0,0.0,0.0,0.0,0.0,0.0,0.0,0.0,0.0,0.0,0.0,0.0,0.0,1.0,1.0,0.0,0,0,0,0,0,0,0,0.0,0.0,0.2,0.0
18,1100,1,dpga,roi_shared,0.29501989483833313,0.0,global_ddp_mean,2,0.0,3.0206515789031982,3.0206515789031982,0.0,0.0,0.0,0.0,0.0,0.0,0.0,0.0,0.0,0.0,0.0,0.0,0.0,1.0,1.0,0.0,0,0,0,0,0,0,0,0.0,0.0,0.2,0.0
18,1100,1,dpga,roi_cls,0.29501989483833313,0.0,global_ddp_mean,2,0.0,1.582111120223999,1.582111120223999,0.0,0.0,0.0,0.0,0.0,0.0,0.0,0.0,0.0,0.0,0.0,0.0,0.0,1.0,1.0,0.0,0,0,0,0,0,0,0,0.0,0.0,0.2,0.0
18,1100,1,dpga,roi_reg,0.29501989483833313,0.0,global_ddp_mean,2,0.0,1.9451217651367188,1.9451217651367188,0.0,0.0,0.0,0.0,0.0,0.0,0.0,0.0,0.0,0.0,0.0,0.0,0.0,1.0,1.0,0.0,0,0,0,0,0,0,0,0.0,0.0,0.2,0.0
18,1200,1,dpga,backbone,0.06577499210834503,0.0,global_ddp_mean,2,0.0,35.905670166015625,35.905670166015625,0.0,0.0,0.0,0.0,0.0,0.0,0.0,0.0,0.0,0.0,0.0,0.0,0.0,1.0,1.0,0.0,0,0,0,0,0,0,0,0.0,0.0,0.2,0.0
18,1200,1,dpga,fpn,0.06577499210834503,0.0,global_ddp_mean,2,0.0,4.875003814697266,4.875003814697266,0.0,0.0,0.0,0.0,0.0,0.0,0.0,0.0,0.0,0.0,0.0,0.0,0.0,1.0,1.0,0.0,0,0,0,0,0,0,0,0.0,0.0,0.2,0.0
18,1200,1,dpga,rpn,0.06577499210834503,0.0,global_ddp_mean,2,0.0,3.3839595317840576,3.3839595317840576,0.0,0.0,0.0,0.0,0.0,0.0,0.0,0.0,0.0,0.0,0.0,0.0,0.0,1.0,1.0,0.0,0,0,0,0,0,0,0,0.0,0.0,0.2,0.0
18,1200,1,dpga,roi_shared,0.06577499210834503,0.0,global_ddp_mean,2,0.0,9.844025611877441,9.844025611877441,0.0,0.0,0.0,0.0,0.0,0.0,0.0,0.0,0.0,0.0,0.0,0.0,0.0,1.0,1.0,0.0,0,0,0,0,0,0,0,0.0,0.0,0.2,0.0
18,1200,1,dpga,roi_cls,0.06577499210834503,0.0,global_ddp_mean,2,0.0,6.91742467880249,6.91742467880249,0.0,0.0,0.0,0.0,0.0,0.0,0.0,0.0,0.0,0.0,0.0,0.0,0.0,1.0,1.0,0.0,0,0,0,0,0,0,0,0.0,0.0,0.2,0.0
18,1200,1,dpga,roi_reg,0.06577499210834503,0.0,global_ddp_mean,2,0.0,1.9234328269958496,1.9234328269958496,0.0,0.0,0.0,0.0,0.0,0.0,0.0,0.0,0.0,0.0,0.0,0.0,0.0,1.0,1.0,0.0,0,0,0,0,0,0,0,0.0,0.0,0.2,0.0
18,1300,1,dpga,backbone,0.5758346319198608,-0.0,global_ddp_mean,2,0.0,26.050554275512695,26.050554275512695,0.0,0.0,0.0,0.0,0.0,0.0,0.0,0.0,0.0,0.0,0.0,0.0,0.0,1.0,1.0,0.0,0,0,0,0,0,0,0,0.0,0.0,0.2,0.0
18,1300,1,dpga,fpn,0.5758346319198608,-0.0,global_ddp_mean,2,0.0,4.5336408615112305,4.5336408615112305,0.0,0.0,0.0,0.0,0.0,0.0,0.0,0.0,0.0,0.0,0.0,0.0,0.0,1.0,1.0,0.0,0,0,0,0,0,0,0,0.0,0.0,0.2,0.0
18,1300,1,dpga,rpn,0.5758346319198608,-0.0,global_ddp_mean,2,0.0,1.887037754058838,1.887037754058838,0.0,0.0,0.0,0.0,0.0,0.0,0.0,0.0,0.0,0.0,0.0,0.0,0.0,1.0,1.0,0.0,0,0,0,0,0,0,0,0.0,0.0,0.2,0.0
18,1300,1,dpga,roi_shared,0.5758346319198608,-0.0,global_ddp_mean,2,0.0,9.720827102661133,9.720827102661133,0.0,0.0,0.0,0.0,0.0,0.0,0.0,0.0,0.0,0.0,0.0,0.0,0.0,1.0,1.0,0.0,0,0,0,0,0,0,0,0.0,0.0,0.2,0.0
18,1300,1,dpga,roi_cls,0.5758346319198608,-0.0,global_ddp_mean,2,0.0,6.290663719177246,6.290663719177246,0.0,0.0,0.0,0.0,0.0,0.0,0.0,0.0,0.0,0.0,0.0,0.0,0.0,1.0,1.0,0.0,0,0,0,0,0,0,0,0.0,0.0,0.2,0.0
18,1300,1,dpga,roi_reg,0.5758346319198608,-0.0,global_ddp_mean,2,0.0,3.227829694747925,3.227829694747925,0.0,0.0,0.0,0.0,0.0,0.0,0.0,0.0,0.0,0.0,0.0,0.0,0.0,1.0,1.0,0.0,0,0,0,0,0,0,0,0.0,0.0,0.2,0.0
18,1400,1,dpga,backbone,0.1882229447364807,0.0,global_ddp_mean,2,0.0,6.943215370178223,6.943215370178223,0.0,0.0,0.0,0.0,0.0,0.0,0.0,0.0,0.0,0.0,0.0,0.0,0.0,1.0,1.0,0.0,0,0,0,0,0,0,0,0.0,0.0,0.2,0.0
18,1400,1,dpga,fpn,0.1882229447364807,0.0,global_ddp_mean,2,0.0,1.0539132356643677,1.0539132356643677,0.0,0.0,0.0,0.0,0.0,0.0,0.0,0.0,0.0,0.0,0.0,0.0,0.0,1.0,1.0,0.0,0,0,0,0,0,0,0,0.0,0.0,0.2,0.0
18,1400,1,dpga,rpn,0.1882229447364807,0.0,global_ddp_mean,2,0.0,1.034417986869812,1.034417986869812,0.0,0.0,0.0,0.0,0.0,0.0,0.0,0.0,0.0,0.0,0.0,0.0,0.0,1.0,1.0,0.0,0,0,0,0,0,0,0,0.0,0.0,0.2,0.0
18,1400,1,dpga,roi_shared,0.1882229447364807,0.0,global_ddp_mean,2,0.0,2.3005921840667725,2.3005921840667725,0.0,0.0,0.0,0.0,0.0,0.0,0.0,0.0,0.0,0.0,0.0,0.0,0.0,1.0,1.0,0.0,0,0,0,0,0,0,0,0.0,0.0,0.2,0.0
18,1400,1,dpga,roi_cls,0.1882229447364807,0.0,global_ddp_mean,2,0.0,1.3599530458450317,1.3599530458450317,0.0,0.0,0.0,0.0,0.0,0.0,0.0,0.0,0.0,0.0,0.0,0.0,0.0,1.0,1.0,0.0,0,0,0,0,0,0,0,0.0,0.0,0.2,0.0
18,1400,1,dpga,roi_reg,0.1882229447364807,0.0,global_ddp_mean,2,0.0,0.7742383480072021,0.7742383480072021,0.0,0.0,0.0,0.0,0.0,0.0,0.0,0.0,0.0,0.0,0.0,0.0,0.0,1.0,1.0,0.0,0,0,0,0,0,0,0,0.0,0.0,0.2,0.0
19,0,1,dpga,backbone,0.29071861505508423,0.0,global_ddp_mean,2,0.0,10.218988418579102,10.218988418579102,0.0,0.0,0.0,0.0,0.0,0.0,0.0,0.0,0.0,0.0,0.0,0.0,0.0,1.0,1.0,0.0,0,0,0,0,0,0,0,0.0,0.0,0.2,0.0
19,0,1,dpga,fpn,0.29071861505508423,0.0,global_ddp_mean,2,0.0,1.48794424533844,1.48794424533844,0.0,0.0,0.0,0.0,0.0,0.0,0.0,0.0,0.0,0.0,0.0,0.0,0.0,1.0,1.0,0.0,0,0,0,0,0,0,0,0.0,0.0,0.2,0.0
19,0,1,dpga,rpn,0.29071861505508423,0.0,global_ddp_mean,2,0.0,2.5309648513793945,2.5309648513793945,0.0,0.0,0.0,0.0,0.0,0.0,0.0,0.0,0.0,0.0,0.0,0.0,0.0,1.0,1.0,0.0,0,0,0,0,0,0,0,0.0,0.0,0.2,0.0
19,0,1,dpga,roi_shared,0.29071861505508423,0.0,global_ddp_mean,2,0.0,2.581112861633301,2.581112861633301,0.0,0.0,0.0,0.0,0.0,0.0,0.0,0.0,0.0,0.0,0.0,0.0,0.0,1.0,1.0,0.0,0,0,0,0,0,0,0,0.0,0.0,0.2,0.0
19,0,1,dpga,roi_cls,0.29071861505508423,0.0,global_ddp_mean,2,0.0,1.4649126529693604,1.4649126529693604,0.0,0.0,0.0,0.0,0.0,0.0,0.0,0.0,0.0,0.0,0.0,0.0,0.0,1.0,1.0,0.0,0,0,0,0,0,0,0,0.0,0.0,0.2,0.0
19,0,1,dpga,roi_reg,0.29071861505508423,0.0,global_ddp_mean,2,0.0,1.6567332744598389,1.6567332744598389,0.0,0.0,0.0,0.0,0.0,0.0,0.0,0.0,0.0,0.0,0.0,0.0,0.0,1.0,1.0,0.0,0,0,0,0,0,0,0,0.0,0.0,0.2,0.0
19,100,1,dpga,backbone,0.24378079175949097,-0.0,global_ddp_mean,2,0.0,8.576513290405273,8.576513290405273,0.0,0.0,0.0,0.0,0.0,0.0,0.0,0.0,0.0,0.0,0.0,0.0,0.0,1.0,1.0,0.0,0,0,0,0,0,0,0,0.0,0.0,0.2,0.0
19,100,1,dpga,fpn,0.24378079175949097,-0.0,global_ddp_mean,2,0.0,1.3063292503356934,1.3063292503356934,0.0,0.0,0.0,0.0,0.0,0.0,0.0,0.0,0.0,0.0,0.0,0.0,0.0,1.0,1.0,0.0,0,0,0,0,0,0,0,0.0,0.0,0.2,0.0
19,100,1,dpga,rpn,0.24378079175949097,-0.0,global_ddp_mean,2,0.0,2.2504031658172607,2.2504031658172607,0.0,0.0,0.0,0.0,0.0,0.0,0.0,0.0,0.0,0.0,0.0,0.0,0.0,1.0,1.0,0.0,0,0,0,0,0,0,0,0.0,0.0,0.2,0.0
19,100,1,dpga,roi_shared,0.24378079175949097,-0.0,global_ddp_mean,2,0.0,2.3175246715545654,2.3175246715545654,0.0,0.0,0.0,0.0,0.0,0.0,0.0,0.0,0.0,0.0,0.0,0.0,0.0,1.0,1.0,0.0,0,0,0,0,0,0,0,0.0,0.0,0.2,0.0
19,100,1,dpga,roi_cls,0.24378079175949097,-0.0,global_ddp_mean,2,0.0,1.3596127033233643,1.3596127033233643,0.0,0.0,0.0,0.0,0.0,0.0,0.0,0.0,0.0,0.0,0.0,0.0,0.0,1.0,1.0,0.0,0,0,0,0,0,0,0,0.0,0.0,0.2,0.0
19,100,1,dpga,roi_reg,0.24378079175949097,-0.0,global_ddp_mean,2,0.0,2.3324618339538574,2.3324618339538574,0.0,0.0,0.0,0.0,0.0,0.0,0.0,0.0,0.0,0.0,0.0,0.0,0.0,1.0,1.0,0.0,0,0,0,0,0,0,0,0.0,0.0,0.2,0.0
19,200,1,dpga,backbone,0.18355891108512878,0.00010002159251598641,global_ddp_mean,2,0.0,22.87466812133789,22.87466812133789,0.0,0.0,0.0,0.0,0.0,0.0,0.0,0.0,0.0,0.0,0.0,0.0,0.0,1.0,1.0,0.0,0,0,0,0,0,0,0,0.0,0.0,0.2,0.0
19,200,1,dpga,fpn,0.18355891108512878,0.00010002159251598641,global_ddp_mean,2,0.0,5.078817367553711,5.078817367553711,0.0,0.0,0.0,0.0,0.0,0.0,0.0,0.0,0.0,0.0,0.0,0.0,0.0,1.0,1.0,0.0,0,0,0,0,0,0,0,0.0,0.0,0.2,0.0
19,200,1,dpga,rpn,0.18355891108512878,0.00010002159251598641,global_ddp_mean,2,0.0,2.834723472595215,2.834723472595215,0.0,0.0,0.0,0.0,0.0,0.0,0.0,0.0,0.0,0.0,0.0,0.0,0.0,1.0,1.0,0.0,0,0,0,0,0,0,0,0.0,0.0,0.2,0.0
19,200,1,dpga,roi_shared,0.18355891108512878,0.00010002159251598641,global_ddp_mean,2,0.0,10.390020370483398,10.390020370483398,0.0,0.0,0.0,0.0,0.0,0.0,0.0,0.0,0.0,0.0,0.0,0.0,0.0,1.0,1.0,0.0,0,0,0,0,0,0,0,0.0,0.0,0.2,0.0
19,200,1,dpga,roi_cls,0.18355891108512878,0.00010002159251598641,global_ddp_mean,2,0.0,7.290359973907471,7.290359973907471,0.0,0.0,0.0,0.0,0.0,0.0,0.0,0.0,0.0,0.0,0.0,0.0,0.0,1.0,1.0,0.0,0,0,0,0,0,0,0,0.0,0.0,0.2,0.0
19,200,1,dpga,roi_reg,0.18355891108512878,0.00010002159251598641,global_ddp_mean,2,0.0,5.400694847106934,5.400694847106934,0.0,0.0,0.0,0.0,0.0,0.0,0.0,0.0,0.0,0.0,0.0,0.0,0.0,1.0,1.0,0.0,0,0,0,0,0,0,0,0.0,0.0,0.2,0.0
19,300,1,dpga,backbone,0.5104769468307495,0.0,global_ddp_mean,2,0.0,11.501901626586914,11.501901626586914,0.0,0.0,0.0,0.0,0.0,0.0,0.0,0.0,0.0,0.0,0.0,0.0,0.0,1.0,1.0,0.0,0,0,0,0,0,0,0,0.0,0.0,0.2,0.0
19,300,1,dpga,fpn,0.5104769468307495,0.0,global_ddp_mean,2,0.0,2.083557367324829,2.083557367324829,0.0,0.0,0.0,0.0,0.0,0.0,0.0,0.0,0.0,0.0,0.0,0.0,0.0,1.0,1.0,0.0,0,0,0,0,0,0,0,0.0,0.0,0.2,0.0
19,300,1,dpga,rpn,0.5104769468307495,0.0,global_ddp_mean,2,0.0,3.602116584777832,3.602116584777832,0.0,0.0,0.0,0.0,0.0,0.0,0.0,0.0,0.0,0.0,0.0,0.0,0.0,1.0,1.0,0.0,0,0,0,0,0,0,0,0.0,0.0,0.2,0.0
19,300,1,dpga,roi_shared,0.5104769468307495,0.0,global_ddp_mean,2,0.0,3.9013476371765137,3.9013476371765137,0.0,0.0,0.0,0.0,0.0,0.0,0.0,0.0,0.0,0.0,0.0,0.0,0.0,1.0,1.0,0.0,0,0,0,0,0,0,0,0.0,0.0,0.2,0.0
19,300,1,dpga,roi_cls,0.5104769468307495,0.0,global_ddp_mean,2,0.0,2.899616003036499,2.899616003036499,0.0,0.0,0.0,0.0,0.0,0.0,0.0,0.0,0.0,0.0,0.0,0.0,0.0,1.0,1.0,0.0,0,0,0,0,0,0,0,0.0,0.0,0.2,0.0
19,300,1,dpga,roi_reg,0.5104769468307495,0.0,global_ddp_mean,2,0.0,3.232130289077759,3.232130289077759,0.0,0.0,0.0,0.0,0.0,0.0,0.0,0.0,0.0,0.0,0.0,0.0,0.0,1.0,1.0,0.0,0,0,0,0,0,0,0,0.0,0.0,0.2,0.0
19,400,1,dpga,backbone,0.8459776639938354,0.0,global_ddp_mean,2,0.0,124.19510650634766,124.19510650634766,0.0,0.0,0.0,0.0,0.0,0.0,0.0,0.0,0.0,0.0,0.0,0.0,0.0,1.0,1.0,0.0,0,0,0,0,0,0,0,0.0,0.0,0.2,0.0
19,400,1,dpga,fpn,0.8459776639938354,0.0,global_ddp_mean,2,0.0,19.040616989135742,19.040616989135742,0.0,0.0,0.0,0.0,0.0,0.0,0.0,0.0,0.0,0.0,0.0,0.0,0.0,1.0,1.0,0.0,0,0,0,0,0,0,0,0.0,0.0,0.2,0.0
19,400,1,dpga,rpn,0.8459776639938354,0.0,global_ddp_mean,2,0.0,3.3462305068969727,3.3462305068969727,0.0,0.0,0.0,0.0,0.0,0.0,0.0,0.0,0.0,0.0,0.0,0.0,0.0,1.0,1.0,0.0,0,0,0,0,0,0,0,0.0,0.0,0.2,0.0
19,400,1,dpga,roi_shared,0.8459776639938354,0.0,global_ddp_mean,2,0.0,40.73388671875,40.73388671875,0.0,0.0,0.0,0.0,0.0,0.0,0.0,0.0,0.0,0.0,0.0,0.0,0.0,1.0,1.0,0.0,0,0,0,0,0,0,0,0.0,0.0,0.2,0.0
19,400,1,dpga,roi_cls,0.8459776639938354,0.0,global_ddp_mean,2,0.0,30.746360778808594,30.746360778808594,0.0,0.0,0.0,0.0,0.0,0.0,0.0,0.0,0.0,0.0,0.0,0.0,0.0,1.0,1.0,0.0,0,0,0,0,0,0,0,0.0,0.0,0.2,0.0
19,400,1,dpga,roi_reg,0.8459776639938354,0.0,global_ddp_mean,2,0.0,8.551219940185547,8.551219940185547,0.0,0.0,0.0,0.0,0.0,0.0,0.0,0.0,0.0,0.0,0.0,0.0,0.0,1.0,1.0,0.0,0,0,0,0,0,0,0,0.0,0.0,0.2,0.0
19,500,1,dpga,backbone,0.012487849220633507,0.0,global_ddp_mean,2,0.0,6.289505958557129,6.289505958557129,0.0,0.0,0.0,0.0,0.0,0.0,0.0,0.0,0.0,0.0,0.0,0.0,0.0,1.0,1.0,0.0,0,0,0,0,0,0,0,0.0,0.0,0.2,0.0
19,500,1,dpga,fpn,0.012487849220633507,0.0,global_ddp_mean,2,0.0,1.102500557899475,1.102500557899475,0.0,0.0,0.0,0.0,0.0,0.0,0.0,0.0,0.0,0.0,0.0,0.0,0.0,1.0,1.0,0.0,0,0,0,0,0,0,0,0.0,0.0,0.2,0.0
19,500,1,dpga,rpn,0.012487849220633507,0.0,global_ddp_mean,2,0.0,2.6933906078338623,2.6933906078338623,0.0,0.0,0.0,0.0,0.0,0.0,0.0,0.0,0.0,0.0,0.0,0.0,0.0,1.0,1.0,0.0,0,0,0,0,0,0,0,0.0,0.0,0.2,0.0
19,500,1,dpga,roi_shared,0.012487849220633507,0.0,global_ddp_mean,2,0.0,1.760994791984558,1.760994791984558,0.0,0.0,0.0,0.0,0.0,0.0,0.0,0.0,0.0,0.0,0.0,0.0,0.0,1.0,1.0,0.0,0,0,0,0,0,0,0,0.0,0.0,0.2,0.0
19,500,1,dpga,roi_cls,0.012487849220633507,0.0,global_ddp_mean,2,0.0,1.1634498834609985,1.1634498834609985,0.0,0.0,0.0,0.0,0.0,0.0,0.0,0.0,0.0,0.0,0.0,0.0,0.0,1.0,1.0,0.0,0,0,0,0,0,0,0,0.0,0.0,0.2,0.0
19,500,1,dpga,roi_reg,0.012487849220633507,0.0,global_ddp_mean,2,0.0,1.0688138008117676,1.0688138008117676,0.0,0.0,0.0,0.0,0.0,0.0,0.0,0.0,0.0,0.0,0.0,0.0,0.0,1.0,1.0,0.0,0,0,0,0,0,0,0,0.0,0.0,0.2,0.0
19,600,1,dpga,backbone,0.10918861627578735,0.0,global_ddp_mean,2,0.0,6.878675937652588,6.878675937652588,0.0,0.0,0.0,0.0,0.0,0.0,0.0,0.0,0.0,0.0,0.0,0.0,0.0,1.0,1.0,0.0,0,0,0,0,0,0,0,0.0,0.0,0.2,0.0
19,600,1,dpga,fpn,0.10918861627578735,0.0,global_ddp_mean,2,0.0,1.1922335624694824,1.1922335624694824,0.0,0.0,0.0,0.0,0.0,0.0,0.0,0.0,0.0,0.0,0.0,0.0,0.0,1.0,1.0,0.0,0,0,0,0,0,0,0,0.0,0.0,0.2,0.0
19,600,1,dpga,rpn,0.10918861627578735,0.0,global_ddp_mean,2,0.0,1.3339471817016602,1.3339471817016602,0.0,0.0,0.0,0.0,0.0,0.0,0.0,0.0,0.0,0.0,0.0,0.0,0.0,1.0,1.0,0.0,0,0,0,0,0,0,0,0.0,0.0,0.2,0.0
19,600,1,dpga,roi_shared,0.10918861627578735,0.0,global_ddp_mean,2,0.0,2.516249895095825,2.516249895095825,0.0,0.0,0.0,0.0,0.0,0.0,0.0,0.0,0.0,0.0,0.0,0.0,0.0,1.0,1.0,0.0,0,0,0,0,0,0,0,0.0,0.0,0.2,0.0
19,600,1,dpga,roi_cls,0.10918861627578735,0.0,global_ddp_mean,2,0.0,2.2088444232940674,2.2088444232940674,0.0,0.0,0.0,0.0,0.0,0.0,0.0,0.0,0.0,0.0,0.0,0.0,0.0,1.0,1.0,0.0,0,0,0,0,0,0,0,0.0,0.0,0.2,0.0
19,600,1,dpga,roi_reg,0.10918861627578735,0.0,global_ddp_mean,2,0.0,0.44355472922325134,0.44355472922325134,0.0,0.0,0.0,0.0,0.0,0.0,0.0,0.0,0.0,0.0,0.0,0.0,0.0,1.0,1.0,0.0,0,0,0,0,0,0,0,0.0,0.0,0.2,0.0
19,700,1,dpga,backbone,0.010120854713022709,0.0,global_ddp_mean,2,0.0,8.442292213439941,8.442292213439941,0.0,0.0,0.0,0.0,0.0,0.0,0.0,0.0,0.0,0.0,0.0,0.0,0.0,1.0,1.0,0.0,0,0,0,0,0,0,0,0.0,0.0,0.2,0.0
19,700,1,dpga,fpn,0.010120854713022709,0.0,global_ddp_mean,2,0.0,1.2566360235214233,1.2566360235214233,0.0,0.0,0.0,0.0,0.0,0.0,0.0,0.0,0.0,0.0,0.0,0.0,0.0,1.0,1.0,0.0,0,0,0,0,0,0,0,0.0,0.0,0.2,0.0
19,700,1,dpga,rpn,0.010120854713022709,0.0,global_ddp_mean,2,0.0,2.062455892562866,2.062455892562866,0.0,0.0,0.0,0.0,0.0,0.0,0.0,0.0,0.0,0.0,0.0,0.0,0.0,1.0,1.0,0.0,0,0,0,0,0,0,0,0.0,0.0,0.2,0.0
19,700,1,dpga,roi_shared,0.010120854713022709,0.0,global_ddp_mean,2,0.0,1.737249732017517,1.737249732017517,0.0,0.0,0.0,0.0,0.0,0.0,0.0,0.0,0.0,0.0,0.0,0.0,0.0,1.0,1.0,0.0,0,0,0,0,0,0,0,0.0,0.0,0.2,0.0
19,700,1,dpga,roi_cls,0.010120854713022709,0.0,global_ddp_mean,2,0.0,1.0101839303970337,1.0101839303970337,0.0,0.0,0.0,0.0,0.0,0.0,0.0,0.0,0.0,0.0,0.0,0.0,0.0,1.0,1.0,0.0,0,0,0,0,0,0,0,0.0,0.0,0.2,0.0
19,700,1,dpga,roi_reg,0.010120854713022709,0.0,global_ddp_mean,2,0.0,1.496937870979309,1.496937870979309,0.0,0.0,0.0,0.0,0.0,0.0,0.0,0.0,0.0,0.0,0.0,0.0,0.0,1.0,1.0,0.0,0,0,0,0,0,0,0,0.0,0.0,0.2,0.0
19,800,1,dpga,backbone,0.00429429579526186,0.0,global_ddp_mean,2,0.0,1.5587246417999268,1.5587246417999268,0.0,0.0,0.0,0.0,0.0,0.0,0.0,0.0,0.0,0.0,0.0,0.0,0.0,1.0,1.0,0.0,0,0,0,0,0,0,0,0.0,0.0,0.2,0.0
19,800,1,dpga,fpn,0.00429429579526186,0.0,global_ddp_mean,2,0.0,0.18120521306991577,0.18120521306991577,0.0,0.0,0.0,0.0,0.0,0.0,0.0,0.0,0.0,0.0,0.0,0.0,0.0,1.0,1.0,0.0,0,0,0,0,0,0,0,0.0,0.0,0.2,0.0
19,800,1,dpga,rpn,0.00429429579526186,0.0,global_ddp_mean,2,0.0,0.3345012664794922,0.3345012664794922,0.0,0.0,0.0,0.0,0.0,0.0,0.0,0.0,0.0,0.0,0.0,0.0,0.0,1.0,1.0,0.0,0,0,0,0,0,0,0,0.0,0.0,0.2,0.0
19,800,1,dpga,roi_shared,0.00429429579526186,0.0,global_ddp_mean,2,0.0,0.0,0.0,0.0,0.0,0.0,0.0,0.0,0.0,0.0,0.0,0.0,0.0,0.0,0.0,0.0,0.0,0.0,90.0,0,0,0,0,0,0,0,0.0,0.0,0.2,0.0
19,800,1,dpga,roi_cls,0.00429429579526186,0.0,global_ddp_mean,2,0.0,0.0,0.0,0.0,0.0,0.0,0.0,0.0,0.0,0.0,0.0,0.0,0.0,0.0,0.0,0.0,0.0,0.0,90.0,0,0,0,0,0,0,0,0.0,0.0,0.2,0.0
19,800,1,dpga,roi_reg,0.00429429579526186,0.0,global_ddp_mean,2,0.0,0.0,0.0,0.0,0.0,0.0,0.0,0.0,0.0,0.0,0.0,0.0,0.0,0.0,0.0,0.0,0.0,0.0,90.0,0,0,0,0,0,0,0,0.0,0.0,0.2,0.0
19,900,1,dpga,backbone,0.9716639518737793,0.0,global_ddp_mean,2,0.0,27.18772315979004,27.18772315979004,0.0,0.0,0.0,0.0,0.0,0.0,0.0,0.0,0.0,0.0,0.0,0.0,0.0,1.0,1.0,0.0,0,0,0,0,0,0,0,0.0,0.0,0.2,0.0
19,900,1,dpga,fpn,0.9716639518737793,0.0,global_ddp_mean,2,0.0,6.817595481872559,6.817595481872559,0.0,0.0,0.0,0.0,0.0,0.0,0.0,0.0,0.0,0.0,0.0,0.0,0.0,1.0,1.0,0.0,0,0,0,0,0,0,0,0.0,0.0,0.2,0.0
19,900,1,dpga,rpn,0.9716639518737793,0.0,global_ddp_mean,2,0.0,2.583752393722534,2.583752393722534,0.0,0.0,0.0,0.0,0.0,0.0,0.0,0.0,0.0,0.0,0.0,0.0,0.0,1.0,1.0,0.0,0,0,0,0,0,0,0,0.0,0.0,0.2,0.0
19,900,1,dpga,roi_shared,0.9716639518737793,0.0,global_ddp_mean,2,0.0,14.016741752624512,14.016741752624512,0.0,0.0,0.0,0.0,0.0,0.0,0.0,0.0,0.0,0.0,0.0,0.0,0.0,1.0,1.0,0.0,0,0,0,0,0,0,0,0.0,0.0,0.2,0.0
19,900,1,dpga,roi_cls,0.9716639518737793,0.0,global_ddp_mean,2,0.0,10.866165161132812,10.866165161132812,0.0,0.0,0.0,0.0,0.0,0.0,0.0,0.0,0.0,0.0,0.0,0.0,0.0,1.0,1.0,0.0,0,0,0,0,0,0,0,0.0,0.0,0.2,0.0
19,900,1,dpga,roi_reg,0.9716639518737793,0.0,global_ddp_mean,2,0.0,4.690232276916504,4.690232276916504,0.0,0.0,0.0,0.0,0.0,0.0,0.0,0.0,0.0,0.0,0.0,0.0,0.0,1.0,1.0,0.0,0,0,0,0,0,0,0,0.0,0.0,0.2,0.0
19,1000,1,dpga,backbone,0.001558183110319078,0.0,global_ddp_mean,2,0.0,14.354254722595215,14.354254722595215,0.0,0.0,0.0,0.0,0.0,0.0,0.0,0.0,0.0,0.0,0.0,0.0,0.0,1.0,1.0,0.0,0,0,0,0,0,0,0,0.0,0.0,0.2,0.0
19,1000,1,dpga,fpn,0.001558183110319078,0.0,global_ddp_mean,2,0.0,2.640453815460205,2.640453815460205,0.0,0.0,0.0,0.0,0.0,0.0,0.0,0.0,0.0,0.0,0.0,0.0,0.0,1.0,1.0,0.0,0,0,0,0,0,0,0,0.0,0.0,0.2,0.0
19,1000,1,dpga,rpn,0.001558183110319078,0.0,global_ddp_mean,2,0.0,2.0884952545166016,2.0884952545166016,0.0,0.0,0.0,0.0,0.0,0.0,0.0,0.0,0.0,0.0,0.0,0.0,0.0,1.0,1.0,0.0,0,0,0,0,0,0,0,0.0,0.0,0.2,0.0
19,1000,1,dpga,roi_shared,0.001558183110319078,0.0,global_ddp_mean,2,0.0,5.377603530883789,5.377603530883789,0.0,0.0,0.0,0.0,0.0,0.0,0.0,0.0,0.0,0.0,0.0,0.0,0.0,1.0,1.0,0.0,0,0,0,0,0,0,0,0.0,0.0,0.2,0.0
19,1000,1,dpga,roi_cls,0.001558183110319078,0.0,global_ddp_mean,2,0.0,3.1303162574768066,3.1303162574768066,0.0,0.0,0.0,0.0,0.0,0.0,0.0,0.0,0.0,0.0,0.0,0.0,0.0,1.0,1.0,0.0,0,0,0,0,0,0,0,0.0,0.0,0.2,0.0
19,1000,1,dpga,roi_reg,0.001558183110319078,0.0,global_ddp_mean,2,0.0,3.047471284866333,3.047471284866333,0.0,0.0,0.0,0.0,0.0,0.0,0.0,0.0,0.0,0.0,0.0,0.0,0.0,1.0,1.0,0.0,0,0,0,0,0,0,0,0.0,0.0,0.2,0.0
19,1100,1,dpga,backbone,0.36877065896987915,0.0,global_ddp_mean,2,0.0,24.308921813964844,24.308921813964844,0.0,0.0,0.0,0.0,0.0,0.0,0.0,0.0,0.0,0.0,0.0,0.0,0.0,1.0,1.0,0.0,0,0,0,0,0,0,0,0.0,0.0,0.2,0.0
19,1100,1,dpga,fpn,0.36877065896987915,0.0,global_ddp_mean,2,0.0,2.743727445602417,2.743727445602417,0.0,0.0,0.0,0.0,0.0,0.0,0.0,0.0,0.0,0.0,0.0,0.0,0.0,1.0,1.0,0.0,0,0,0,0,0,0,0,0.0,0.0,0.2,0.0
19,1100,1,dpga,rpn,0.36877065896987915,0.0,global_ddp_mean,2,0.0,1.6328543424606323,1.6328543424606323,0.0,0.0,0.0,0.0,0.0,0.0,0.0,0.0,0.0,0.0,0.0,0.0,0.0,1.0,1.0,0.0,0,0,0,0,0,0,0,0.0,0.0,0.2,0.0
19,1100,1,dpga,roi_shared,0.36877065896987915,0.0,global_ddp_mean,2,0.0,6.0779900550842285,6.0779900550842285,0.0,0.0,0.0,0.0,0.0,0.0,0.0,0.0,0.0,0.0,0.0,0.0,0.0,1.0,1.0,0.0,0,0,0,0,0,0,0,0.0,0.0,0.2,0.0
19,1100,1,dpga,roi_cls,0.36877065896987915,0.0,global_ddp_mean,2,0.0,3.0308167934417725,3.0308167934417725,0.0,0.0,0.0,0.0,0.0,0.0,0.0,0.0,0.0,0.0,0.0,0.0,0.0,1.0,1.0,0.0,0,0,0,0,0,0,0,0.0,0.0,0.2,0.0
19,1100,1,dpga,roi_reg,0.36877065896987915,0.0,global_ddp_mean,2,0.0,4.832141399383545,4.832141399383545,0.0,0.0,0.0,0.0,0.0,0.0,0.0,0.0,0.0,0.0,0.0,0.0,0.0,1.0,1.0,0.0,0,0,0,0,0,0,0,0.0,0.0,0.2,0.0
19,1200,1,dpga,backbone,0.08927805721759796,0.0,global_ddp_mean,2,0.0,20.17350959777832,20.17350959777832,0.0,0.0,0.0,0.0,0.0,0.0,0.0,0.0,0.0,0.0,0.0,0.0,0.0,1.0,1.0,0.0,0,0,0,0,0,0,0,0.0,0.0,0.2,0.0
19,1200,1,dpga,fpn,0.08927805721759796,0.0,global_ddp_mean,2,0.0,3.3323121070861816,3.3323121070861816,0.0,0.0,0.0,0.0,0.0,0.0,0.0,0.0,0.0,0.0,0.0,0.0,0.0,1.0,1.0,0.0,0,0,0,0,0,0,0,0.0,0.0,0.2,0.0
19,1200,1,dpga,rpn,0.08927805721759796,0.0,global_ddp_mean,2,0.0,3.3912765979766846,3.3912765979766846,0.0,0.0,0.0,0.0,0.0,0.0,0.0,0.0,0.0,0.0,0.0,0.0,0.0,1.0,1.0,0.0,0,0,0,0,0,0,0,0.0,0.0,0.2,0.0
19,1200,1,dpga,roi_shared,0.08927805721759796,0.0,global_ddp_mean,2,0.0,6.644006729125977,6.644006729125977,0.0,0.0,0.0,0.0,0.0,0.0,0.0,0.0,0.0,0.0,0.0,0.0,0.0,1.0,1.0,0.0,0,0,0,0,0,0,0,0.0,0.0,0.2,0.0
19,1200,1,dpga,roi_cls,0.08927805721759796,0.0,global_ddp_mean,2,0.0,6.002427101135254,6.002427101135254,0.0,0.0,0.0,0.0,0.0,0.0,0.0,0.0,0.0,0.0,0.0,0.0,0.0,1.0,1.0,0.0,0,0,0,0,0,0,0,0.0,0.0,0.2,0.0
19,1200,1,dpga,roi_reg,0.08927805721759796,0.0,global_ddp_mean,2,0.0,4.623427867889404,4.623427867889404,0.0,0.0,0.0,0.0,0.0,0.0,0.0,0.0,0.0,0.0,0.0,0.0,0.0,1.0,1.0,0.0,0,0,0,0,0,0,0,0.0,0.0,0.2,0.0
19,1300,1,dpga,backbone,0.005365964490920305,0.0,global_ddp_mean,2,0.0,9.559948921203613,9.559948921203613,0.0,0.0,0.0,0.0,0.0,0.0,0.0,0.0,0.0,0.0,0.0,0.0,0.0,1.0,1.0,0.0,0,0,0,0,0,0,0,0.0,0.0,0.2,0.0
19,1300,1,dpga,fpn,0.005365964490920305,0.0,global_ddp_mean,2,0.0,1.0560595989227295,1.0560595989227295,0.0,0.0,0.0,0.0,0.0,0.0,0.0,0.0,0.0,0.0,0.0,0.0,0.0,1.0,1.0,0.0,0,0,0,0,0,0,0,0.0,0.0,0.2,0.0
19,1300,1,dpga,rpn,0.005365964490920305,0.0,global_ddp_mean,2,0.0,1.7347791194915771,1.7347791194915771,0.0,0.0,0.0,0.0,0.0,0.0,0.0,0.0,0.0,0.0,0.0,0.0,0.0,1.0,1.0,0.0,0,0,0,0,0,0,0,0.0,0.0,0.2,0.0
19,1300,1,dpga,roi_shared,0.005365964490920305,0.0,global_ddp_mean,2,0.0,1.7096478939056396,1.7096478939056396,0.0,0.0,0.0,0.0,0.0,0.0,0.0,0.0,0.0,0.0,0.0,0.0,0.0,1.0,1.0,0.0,0,0,0,0,0,0,0,0.0,0.0,0.2,0.0
19,1300,1,dpga,roi_cls,0.005365964490920305,0.0,global_ddp_mean,2,0.0,1.182487964630127,1.182487964630127,0.0,0.0,0.0,0.0,0.0,0.0,0.0,0.0,0.0,0.0,0.0,0.0,0.0,1.0,1.0,0.0,0,0,0,0,0,0,0,0.0,0.0,0.2,0.0
19,1300,1,dpga,roi_reg,0.005365964490920305,0.0,global_ddp_mean,2,0.0,1.2851288318634033,1.2851288318634033,0.0,0.0,0.0,0.0,0.0,0.0,0.0,0.0,0.0,0.0,0.0,0.0,0.0,1.0,1.0,0.0,0,0,0,0,0,0,0,0.0,0.0,0.2,0.0
19,1400,1,dpga,backbone,0.5658444166183472,0.0,global_ddp_mean,2,0.15917587280273438,14.690943717956543,14.690943717956543,1.0496397018432617,1.0496397018432617,1.0496397018432617,1.0496397018432617,0.14465973838620982,1.0496397018432617,0.0714480786254937,0.0714480786254937,0.0714480786254937,0.009846864923278834,0.009846864923278834,0.0015673833185335386,0.0015673833185335386,1.0015673833185337,0.9999529385193947,0.5558685800999063,0,0,0,0,0,0,0,1.0,0.6890923380851746,0.2,0.13781847059726715
19,1400,1,dpga,fpn,0.5658444166183472,0.0,global_ddp_mean,2,-0.056090615689754486,2.4379217624664307,2.4379217624664307,0.2724274694919586,0.2724274694919586,0.2719985842704773,0.2719985842704773,0.023410519224416948,0.2719985842704773,0.11174578023223576,0.11156985776085693,0.11156985776085693,0.009602654024767664,0.009602654024767664,-2.1708029802750484e-11,-2.1708029802750484e-11,0.9999999999782919,0.9999539402645633,0.5499206356028159,1,0,0,0,0,1,0,1.0,0.4303426742553711,0.2,0.0860685333609581
19,1400,1,dpga,rpn,0.5658444166183472,0.0,global_ddp_mean,2,0.0,4.026712417602539,4.026712417602539,0.0,0.0,0.0,0.0,0.0,0.0,0.0,0.0,0.0,0.0,0.0,0.0,0.0,1.0,1.0,0.0,0,0,0,0,0,0,0,0.0,0.0,0.2,0.0
19,1400,1,dpga,roi_shared,0.5658444166183472,0.0,global_ddp_mean,2,0.017606714740395546,4.720272541046143,4.720272541046143,0.024159936234354973,0.024159936234354973,0.024159936234354973,0.024159936234354973,0.0025222692974256194,0.024159936234354973,0.00511833501652014,0.00511833501652014,0.00511833501652014,0.0005343482342370458,0.0005343482342370458,9.408116932245727e-06,9.408116932245727e-06,1.0000094081169322,0.9999998113148221,0.035197071461394454,0,0,0,0,0,0,0,1.0,0.5219941735267639,0.2,0.10439883917570114
19,1400,1,dpga,roi_cls,0.5658444166183472,0.0,global_ddp_mean,2,0.0,2.6748650074005127,2.6748650074005127,0.0,0.0,0.0,0.0,0.0,0.0,0.0,0.0,0.0,0.0,0.0,0.0,0.0,1.0,1.0,0.0,0,0,0,0,0,0,0,0.0,0.0,0.2,0.0
19,1400,1,dpga,roi_reg,0.5658444166183472,0.0,global_ddp_mean,2,0.17713627219200134,2.2867257595062256,2.2867257595062256,0.02265949174761772,0.02265949174761772,0.02265949174761772,0.02265949174761772,0.003208575879715181,0.02265949174761772,0.009909142647918832,0.009909142647918832,0.009909142647918832,0.0014031310341332801,0.0014031310341332801,0.0002485454007832771,0.0002485454007832771,1.0002485454007832,0.999999150931587,0.07466361325710384,0,0,0,0,0,0,0,1.0,0.7079981565475464,0.2,0.141599640250206
20,0,1,dpga,backbone,0.4080977141857147,0.0,global_ddp_mean,2,0.0,28.740198135375977,28.740198135375977,0.0,0.0,0.0,0.0,0.0,0.0,0.0,0.0,0.0,0.0,0.0,0.0,0.0,1.0,1.0,0.0,0,0,0,0,0,0,0,0.0,0.0,0.2,0.0
20,0,1,dpga,fpn,0.4080977141857147,0.0,global_ddp_mean,2,0.0,5.8650360107421875,5.8650360107421875,0.0,0.0,0.0,0.0,0.0,0.0,0.0,0.0,0.0,0.0,0.0,0.0,0.0,1.0,1.0,0.0,0,0,0,0,0,0,0,0.0,0.0,0.2,0.0
20,0,1,dpga,rpn,0.4080977141857147,0.0,global_ddp_mean,2,0.0,2.478238105773926,2.478238105773926,0.0,0.0,0.0,0.0,0.0,0.0,0.0,0.0,0.0,0.0,0.0,0.0,0.0,1.0,1.0,0.0,0,0,0,0,0,0,0,0.0,0.0,0.2,0.0
20,0,1,dpga,roi_shared,0.4080977141857147,0.0,global_ddp_mean,2,0.0,12.00603199005127,12.00603199005127,0.0,0.0,0.0,0.0,0.0,0.0,0.0,0.0,0.0,0.0,0.0,0.0,0.0,1.0,1.0,0.0,0,0,0,0,0,0,0,0.0,0.0,0.2,0.0
20,0,1,dpga,roi_cls,0.4080977141857147,0.0,global_ddp_mean,2,0.0,9.170953750610352,9.170953750610352,0.0,0.0,0.0,0.0,0.0,0.0,0.0,0.0,0.0,0.0,0.0,0.0,0.0,1.0,1.0,0.0,0,0,0,0,0,0,0,0.0,0.0,0.2,0.0
20,0,1,dpga,roi_reg,0.4080977141857147,0.0,global_ddp_mean,2,0.0,3.994603395462036,3.994603395462036,0.0,0.0,0.0,0.0,0.0,0.0,0.0,0.0,0.0,0.0,0.0,0.0,0.0,1.0,1.0,0.0,0,0,0,0,0,0,0,0.0,0.0,0.2,0.0
20,100,1,dpga,backbone,0.2605037987232208,-0.0,global_ddp_mean,2,0.0,14.171894073486328,14.171894073486328,0.0,0.0,0.0,0.0,0.0,0.0,0.0,0.0,0.0,0.0,0.0,0.0,0.0,1.0,1.0,0.0,0,0,0,0,0,0,0,0.0,0.0,0.2,0.0
20,100,1,dpga,fpn,0.2605037987232208,-0.0,global_ddp_mean,2,0.0,1.6838104724884033,1.6838104724884033,0.0,0.0,0.0,0.0,0.0,0.0,0.0,0.0,0.0,0.0,0.0,0.0,0.0,1.0,1.0,0.0,0,0,0,0,0,0,0,0.0,0.0,0.2,0.0
20,100,1,dpga,rpn,0.2605037987232208,-0.0,global_ddp_mean,2,0.0,3.72965669631958,3.72965669631958,0.0,0.0,0.0,0.0,0.0,0.0,0.0,0.0,0.0,0.0,0.0,0.0,0.0,1.0,1.0,0.0,0,0,0,0,0,0,0,0.0,0.0,0.2,0.0
20,100,1,dpga,roi_shared,0.2605037987232208,-0.0,global_ddp_mean,2,0.0,3.86569881439209,3.86569881439209,0.0,0.0,0.0,0.0,0.0,0.0,0.0,0.0,0.0,0.0,0.0,0.0,0.0,1.0,1.0,0.0,0,0,0,0,0,0,0,0.0,0.0,0.2,0.0
20,100,1,dpga,roi_cls,0.2605037987232208,-0.0,global_ddp_mean,2,0.0,3.153867721557617,3.153867721557617,0.0,0.0,0.0,0.0,0.0,0.0,0.0,0.0,0.0,0.0,0.0,0.0,0.0,1.0,1.0,0.0,0,0,0,0,0,0,0,0.0,0.0,0.2,0.0
20,100,1,dpga,roi_reg,0.2605037987232208,-0.0,global_ddp_mean,2,0.0,1.9764981269836426,1.9764981269836426,0.0,0.0,0.0,0.0,0.0,0.0,0.0,0.0,0.0,0.0,0.0,0.0,0.0,1.0,1.0,0.0,0,0,0,0,0,0,0,0.0,0.0,0.2,0.0
20,200,1,dpga,backbone,0.069520965218544,0.0,global_ddp_mean,2,0.0,5.588663578033447,5.588663578033447,0.0,0.0,0.0,0.0,0.0,0.0,0.0,0.0,0.0,0.0,0.0,0.0,0.0,1.0,1.0,0.0,0,0,0,0,0,0,0,0.0,0.0,0.2,0.0
20,200,1,dpga,fpn,0.069520965218544,0.0,global_ddp_mean,2,0.0,0.6523300409317017,0.6523300409317017,0.0,0.0,0.0,0.0,0.0,0.0,0.0,0.0,0.0,0.0,0.0,0.0,0.0,1.0,1.0,0.0,0,0,0,0,0,0,0,0.0,0.0,0.2,0.0
20,200,1,dpga,rpn,0.069520965218544,0.0,global_ddp_mean,2,0.0,0.6929631233215332,0.6929631233215332,0.0,0.0,0.0,0.0,0.0,0.0,0.0,0.0,0.0,0.0,0.0,0.0,0.0,1.0,1.0,0.0,0,0,0,0,0,0,0,0.0,0.0,0.2,0.0
20,200,1,dpga,roi_shared,0.069520965218544,0.0,global_ddp_mean,2,0.0,1.2566032409667969,1.2566032409667969,0.0,0.0,0.0,0.0,0.0,0.0,0.0,0.0,0.0,0.0,0.0,0.0,0.0,1.0,1.0,0.0,0,0,0,0,0,0,0,0.0,0.0,0.2,0.0
20,200,1,dpga,roi_cls,0.069520965218544,0.0,global_ddp_mean,2,0.0,0.9691421389579773,0.9691421389579773,0.0,0.0,0.0,0.0,0.0,0.0,0.0,0.0,0.0,0.0,0.0,0.0,0.0,1.0,1.0,0.0,0,0,0,0,0,0,0,0.0,0.0,0.2,0.0
20,200,1,dpga,roi_reg,0.069520965218544,0.0,global_ddp_mean,2,0.0,0.9270581007003784,0.9270581007003784,0.0,0.0,0.0,0.0,0.0,0.0,0.0,0.0,0.0,0.0,0.0,0.0,0.0,1.0,1.0,0.0,0,0,0,0,0,0,0,0.0,0.0,0.2,0.0
20,300,1,dpga,backbone,0.00283066020347178,0.0,global_ddp_mean,2,0.0,4.422997951507568,4.422997951507568,0.0,0.0,0.0,0.0,0.0,0.0,0.0,0.0,0.0,0.0,0.0,0.0,0.0,1.0,1.0,0.0,0,0,0,0,0,0,0,0.0,0.0,0.2,0.0
20,300,1,dpga,fpn,0.00283066020347178,0.0,global_ddp_mean,2,0.0,0.3059452474117279,0.3059452474117279,0.0,0.0,0.0,0.0,0.0,0.0,0.0,0.0,0.0,0.0,0.0,0.0,0.0,1.0,1.0,0.0,0,0,0,0,0,0,0,0.0,0.0,0.2,0.0
20,300,1,dpga,rpn,0.00283066020347178,0.0,global_ddp_mean,2,0.0,0.5601744651794434,0.5601744651794434,0.0,0.0,0.0,0.0,0.0,0.0,0.0,0.0,0.0,0.0,0.0,0.0,0.0,1.0,1.0,0.0,0,0,0,0,0,0,0,0.0,0.0,0.2,0.0
20,300,1,dpga,roi_shared,0.00283066020347178,0.0,global_ddp_mean,2,0.0,0.0,0.0,0.0,0.0,0.0,0.0,0.0,0.0,0.0,0.0,0.0,0.0,0.0,0.0,0.0,0.0,0.0,90.0,0,0,0,0,0,0,0,0.0,0.0,0.2,0.0
20,300,1,dpga,roi_cls,0.00283066020347178,0.0,global_ddp_mean,2,0.0,0.0,0.0,0.0,0.0,0.0,0.0,0.0,0.0,0.0,0.0,0.0,0.0,0.0,0.0,0.0,0.0,0.0,90.0,0,0,0,0,0,0,0,0.0,0.0,0.2,0.0
20,300,1,dpga,roi_reg,0.00283066020347178,0.0,global_ddp_mean,2,0.0,0.0,0.0,0.0,0.0,0.0,0.0,0.0,0.0,0.0,0.0,0.0,0.0,0.0,0.0,0.0,0.0,0.0,90.0,0,0,0,0,0,0,0,0.0,0.0,0.2,0.0
20,400,1,dpga,backbone,0.31122100353240967,0.0,global_ddp_mean,2,0.0,18.411218643188477,18.411218643188477,0.0,0.0,0.0,0.0,0.0,0.0,0.0,0.0,0.0,0.0,0.0,0.0,0.0,1.0,1.0,0.0,0,0,0,0,0,0,0,0.0,0.0,0.2,0.0
20,400,1,dpga,fpn,0.31122100353240967,0.0,global_ddp_mean,2,0.0,3.2759478092193604,3.2759478092193604,0.0,0.0,0.0,0.0,0.0,0.0,0.0,0.0,0.0,0.0,0.0,0.0,0.0,1.0,1.0,0.0,0,0,0,0,0,0,0,0.0,0.0,0.2,0.0
20,400,1,dpga,rpn,0.31122100353240967,0.0,global_ddp_mean,2,0.0,2.836129665374756,2.836129665374756,0.0,0.0,0.0,0.0,0.0,0.0,0.0,0.0,0.0,0.0,0.0,0.0,0.0,1.0,1.0,0.0,0,0,0,0,0,0,0,0.0,0.0,0.2,0.0
20,400,1,dpga,roi_shared,0.31122100353240967,0.0,global_ddp_mean,2,0.0,9.047064781188965,9.047064781188965,0.0,0.0,0.0,0.0,0.0,0.0,0.0,0.0,0.0,0.0,0.0,0.0,0.0,1.0,1.0,0.0,0,0,0,0,0,0,0,0.0,0.0,0.2,0.0
20,400,1,dpga,roi_cls,0.31122100353240967,0.0,global_ddp_mean,2,0.0,8.776948928833008,8.776948928833008,0.0,0.0,0.0,0.0,0.0,0.0,0.0,0.0,0.0,0.0,0.0,0.0,0.0,1.0,1.0,0.0,0,0,0,0,0,0,0,0.0,0.0,0.2,0.0
20,400,1,dpga,roi_reg,0.31122100353240967,0.0,global_ddp_mean,2,0.0,3.7074508666992188,3.7074508666992188,0.0,0.0,0.0,0.0,0.0,0.0,0.0,0.0,0.0,0.0,0.0,0.0,0.0,1.0,1.0,0.0,0,0,0,0,0,0,0,0.0,0.0,0.2,0.0
20,500,1,dpga,backbone,0.5594006776809692,0.050601374357938766,global_ddp_mean,2,-0.14323274791240692,7.31158971786499,7.31158971786499,2.501842975616455,2.501842975616455,2.4760468006134033,0.731158971786499,0.04799887681848247,0.731158971786499,0.3421749677096217,0.33864684646671034,0.1,0.00656476616859436,0.00656476616859436,1.0864740801056391e-10,1.0864740801056391e-10,1.0000000001086473,0.9999784138738543,0.37646600624178717,1,0,0,0,0,1,1,0.2952928841114044,0.328238308429718,0.2,0.0656476616859436
20,500,1,dpga,fpn,0.5594006776809692,0.050601374357938766,global_ddp_mean,2,-0.002050752053037286,1.497889518737793,1.497889518737793,0.5672817826271057,0.5672817826271057,0.5672805905342102,0.22468344867229462,0.022353152390320985,0.22468344867229462,0.3787207103933337,0.37871991454498805,0.15000001392734605,0.014923098206306313,0.014923098206306313,4.5065762215120347e-11,4.5065762215120347e-11,1.0000000000450657,0.9998886732565331,0.8549513688736007,1,0,0,0,0,1,1,0.39607107639312744,0.4974365532398224,0.2,0.0994873121380806
20,500,1,dpga,rpn,0.5594006776809692,0.050601374357938766,global_ddp_mean,2,0.0,3.8858957290649414,3.8858957290649414,0.0,0.0,0.0,0.0,0.0,0.0,0.0,0.0,0.0,0.0,0.0,0.0,0.0,1.0,1.0,0.0,0,0,0,0,0,0,0,0.0,0.0,0.2,0.0
20,500,1,dpga,roi_shared,0.5594006776809692,0.050601374357938766,global_ddp_mean,2,0.03265100345015526,2.5652637481689453,2.5652637481689453,0.2161337286233902,0.2161337286233902,0.2161337286233902,0.2161337286233902,0.023373712524836443,0.2161337286233902,0.08425399874678145,0.08425399874678145,0.08425399874678145,0.009111621579465394,0.009111621579465394,0.00029750358762763374,0.00029750358762763374,1.0002975035876276,0.9999585612363475,0.5216059355275023,0,0,0,0,0,0,0,1.0,0.5407233834266663,0.2,0.10814467817544937
20,500,1,dpga,roi_cls,0.5594006776809692,0.050601374357938766,global_ddp_mean,2,0.0,1.111399531364441,1.111399531364441,0.0,0.0,0.0,0.0,0.0,0.0,0.0,0.0,0.0,0.0,0.0,0.0,0.0,1.0,1.0,0.0,0,0,0,0,0,0,0,0.0,0.0,0.2,0.0
20,500,1,dpga,roi_reg,0.5594006776809692,0.050601374357938766,global_ddp_mean,2,0.08586394041776657,2.5463082790374756,2.5463082790374756,0.4405641257762909,0.4405641257762909,0.4405641257762909,0.12731541693210602,0.015423275535824232,0.12731541693210602,0.17302073335080526,0.17302073335080526,0.05000000117041297,0.0060571124332417245,0.0060571124332417245,0.0005200876313295893,0.0005200876313295893,1.0005200876313296,0.999981707513013,0.3465569953668921,0,0,0,0,0,0,1,0.28898271918296814,0.6057112216949463,0.2,0.12114224582910538
20,600,1,dpga,backbone,0.22166727483272552,0.0,global_ddp_mean,2,0.0,7.457822322845459,7.457822322845459,0.0,0.0,0.0,0.0,0.0,0.0,0.0,0.0,0.0,0.0,0.0,0.0,0.0,1.0,1.0,0.0,0,0,0,0,0,0,0,0.0,0.0,0.2,0.0
20,600,1,dpga,fpn,0.22166727483272552,0.0,global_ddp_mean,2,0.0,1.6067665815353394,1.6067665815353394,0.0,0.0,0.0,0.0,0.0,0.0,0.0,0.0,0.0,0.0,0.0,0.0,0.0,1.0,1.0,0.0,0,0,0,0,0,0,0,0.0,0.0,0.2,0.0
20,600,1,dpga,rpn,0.22166727483272552,0.0,global_ddp_mean,2,0.0,1.3749206066131592,1.3749206066131592,0.0,0.0,0.0,0.0,0.0,0.0,0.0,0.0,0.0,0.0,0.0,0.0,0.0,1.0,1.0,0.0,0,0,0,0,0,0,0,0.0,0.0,0.2,0.0
20,600,1,dpga,roi_shared,0.22166727483272552,0.0,global_ddp_mean,2,0.0,3.398641347885132,3.398641347885132,0.0,0.0,0.0,0.0,0.0,0.0,0.0,0.0,0.0,0.0,0.0,0.0,0.0,1.0,1.0,0.0,0,0,0,0,0,0,0,0.0,0.0,0.2,0.0
20,600,1,dpga,roi_cls,0.22166727483272552,0.0,global_ddp_mean,2,0.0,2.5738821029663086,2.5738821029663086,0.0,0.0,0.0,0.0,0.0,0.0,0.0,0.0,0.0,0.0,0.0,0.0,0.0,1.0,1.0,0.0,0,0,0,0,0,0,0,0.0,0.0,0.2,0.0
20,600,1,dpga,roi_reg,0.22166727483272552,0.0,global_ddp_mean,2,0.0,1.1867629289627075,1.1867629289627075,0.0,0.0,0.0,0.0,0.0,0.0,0.0,0.0,0.0,0.0,0.0,0.0,0.0,1.0,1.0,0.0,0,0,0,0,0,0,0,0.0,0.0,0.2,0.0
20,700,1,dpga,backbone,0.0060270847752690315,0.0,global_ddp_mean,2,0.0,2.770277500152588,2.770277500152588,0.0,0.0,0.0,0.0,0.0,0.0,0.0,0.0,0.0,0.0,0.0,0.0,0.0,1.0,1.0,0.0,0,0,0,0,0,0,0,0.0,0.0,0.2,0.0
20,700,1,dpga,fpn,0.0060270847752690315,0.0,global_ddp_mean,2,0.0,0.2891606092453003,0.2891606092453003,0.0,0.0,0.0,0.0,0.0,0.0,0.0,0.0,0.0,0.0,0.0,0.0,0.0,1.0,1.0,0.0,0,0,0,0,0,0,0,0.0,0.0,0.2,0.0
20,700,1,dpga,rpn,0.0060270847752690315,0.0,global_ddp_mean,2,0.0,0.6273961663246155,0.6273961663246155,0.0,0.0,0.0,0.0,0.0,0.0,0.0,0.0,0.0,0.0,0.0,0.0,0.0,1.0,1.0,0.0,0,0,0,0,0,0,0,0.0,0.0,0.2,0.0
20,700,1,dpga,roi_shared,0.0060270847752690315,0.0,global_ddp_mean,2,0.0,0.0,0.0,0.0,0.0,0.0,0.0,0.0,0.0,0.0,0.0,0.0,0.0,0.0,0.0,0.0,0.0,0.0,90.0,0,0,0,0,0,0,0,0.0,0.0,0.2,0.0
20,700,1,dpga,roi_cls,0.0060270847752690315,0.0,global_ddp_mean,2,0.0,0.0,0.0,0.0,0.0,0.0,0.0,0.0,0.0,0.0,0.0,0.0,0.0,0.0,0.0,0.0,0.0,0.0,90.0,0,0,0,0,0,0,0,0.0,0.0,0.2,0.0
20,700,1,dpga,roi_reg,0.0060270847752690315,0.0,global_ddp_mean,2,0.0,0.0,0.0,0.0,0.0,0.0,0.0,0.0,0.0,0.0,0.0,0.0,0.0,0.0,0.0,0.0,0.0,0.0,90.0,0,0,0,0,0,0,0,0.0,0.0,0.2,0.0
20,800,1,dpga,backbone,0.16971534490585327,0.00010002159251598641,global_ddp_mean,2,0.0,9.495373725891113,9.495373725891113,0.0,0.0,0.0,0.0,0.0,0.0,0.0,0.0,0.0,0.0,0.0,0.0,0.0,1.0,1.0,0.0,0,0,0,0,0,0,0,0.0,0.0,0.2,0.0
20,800,1,dpga,fpn,0.16971534490585327,0.00010002159251598641,global_ddp_mean,2,0.0,1.4349056482315063,1.4349056482315063,0.0,0.0,0.0,0.0,0.0,0.0,0.0,0.0,0.0,0.0,0.0,0.0,0.0,1.0,1.0,0.0,0,0,0,0,0,0,0,0.0,0.0,0.2,0.0
20,800,1,dpga,rpn,0.16971534490585327,0.00010002159251598641,global_ddp_mean,2,0.0,1.5011460781097412,1.5011460781097412,0.0,0.0,0.0,0.0,0.0,0.0,0.0,0.0,0.0,0.0,0.0,0.0,0.0,1.0,1.0,0.0,0,0,0,0,0,0,0,0.0,0.0,0.2,0.0
20,800,1,dpga,roi_shared,0.16971534490585327,0.00010002159251598641,global_ddp_mean,2,0.0,2.7034168243408203,2.7034168243408203,0.0,0.0,0.0,0.0,0.0,0.0,0.0,0.0,0.0,0.0,0.0,0.0,0.0,1.0,1.0,0.0,0,0,0,0,0,0,0,0.0,0.0,0.2,0.0
20,800,1,dpga,roi_cls,0.16971534490585327,0.00010002159251598641,global_ddp_mean,2,0.0,2.175515651702881,2.175515651702881,0.0,0.0,0.0,0.0,0.0,0.0,0.0,0.0,0.0,0.0,0.0,0.0,0.0,1.0,1.0,0.0,0,0,0,0,0,0,0,0.0,0.0,0.2,0.0
20,800,1,dpga,roi_reg,0.16971534490585327,0.00010002159251598641,global_ddp_mean,2,0.0,0.7100936770439148,0.7100936770439148,0.0,0.0,0.0,0.0,0.0,0.0,0.0,0.0,0.0,0.0,0.0,0.0,0.0,1.0,1.0,0.0,0,0,0,0,0,0,0,0.0,0.0,0.2,0.0
20,900,1,dpga,backbone,0.01434490829706192,0.0,global_ddp_mean,2,0.0,31.612089157104492,31.612089157104492,0.0,0.0,0.0,0.0,0.0,0.0,0.0,0.0,0.0,0.0,0.0,0.0,0.0,1.0,1.0,0.0,0,0,0,0,0,0,0,0.0,0.0,0.2,0.0
20,900,1,dpga,fpn,0.01434490829706192,0.0,global_ddp_mean,2,0.0,8.733203887939453,8.733203887939453,0.0,0.0,0.0,0.0,0.0,0.0,0.0,0.0,0.0,0.0,0.0,0.0,0.0,1.0,1.0,0.0,0,0,0,0,0,0,0,0.0,0.0,0.2,0.0
20,900,1,dpga,rpn,0.01434490829706192,0.0,global_ddp_mean,2,0.0,3.1769046783447266,3.1769046783447266,0.0,0.0,0.0,0.0,0.0,0.0,0.0,0.0,0.0,0.0,0.0,0.0,0.0,1.0,1.0,0.0,0,0,0,0,0,0,0,0.0,0.0,0.2,0.0
20,900,1,dpga,roi_shared,0.01434490829706192,0.0,global_ddp_mean,2,0.0,18.494430541992188,18.494430541992188,0.0,0.0,0.0,0.0,0.0,0.0,0.0,0.0,0.0,0.0,0.0,0.0,0.0,1.0,1.0,0.0,0,0,0,0,0,0,0,0.0,0.0,0.2,0.0
20,900,1,dpga,roi_cls,0.01434490829706192,0.0,global_ddp_mean,2,0.0,15.066140174865723,15.066140174865723,0.0,0.0,0.0,0.0,0.0,0.0,0.0,0.0,0.0,0.0,0.0,0.0,0.0,1.0,1.0,0.0,0,0,0,0,0,0,0,0.0,0.0,0.2,0.0
20,900,1,dpga,roi_reg,0.01434490829706192,0.0,global_ddp_mean,2,0.0,1.8647758960723877,1.8647758960723877,0.0,0.0,0.0,0.0,0.0,0.0,0.0,0.0,0.0,0.0,0.0,0.0,0.0,1.0,1.0,0.0,0,0,0,0,0,0,0,0.0,0.0,0.2,0.0
20,1000,1,dpga,backbone,0.15654602646827698,-0.0,global_ddp_mean,2,0.0,9.961472511291504,9.961472511291504,0.0,0.0,0.0,0.0,0.0,0.0,0.0,0.0,0.0,0.0,0.0,0.0,0.0,1.0,1.0,0.0,0,0,0,0,0,0,0,0.0,0.0,0.2,0.0
20,1000,1,dpga,fpn,0.15654602646827698,-0.0,global_ddp_mean,2,0.0,1.2180813550949097,1.2180813550949097,0.0,0.0,0.0,0.0,0.0,0.0,0.0,0.0,0.0,0.0,0.0,0.0,0.0,1.0,1.0,0.0,0,0,0,0,0,0,0,0.0,0.0,0.2,0.0
20,1000,1,dpga,rpn,0.15654602646827698,-0.0,global_ddp_mean,2,0.0,2.2799806594848633,2.2799806594848633,0.0,0.0,0.0,0.0,0.0,0.0,0.0,0.0,0.0,0.0,0.0,0.0,0.0,1.0,1.0,0.0,0,0,0,0,0,0,0,0.0,0.0,0.2,0.0
20,1000,1,dpga,roi_shared,0.15654602646827698,-0.0,global_ddp_mean,2,0.0,1.8016893863677979,1.8016893863677979,0.0,0.0,0.0,0.0,0.0,0.0,0.0,0.0,0.0,0.0,0.0,0.0,0.0,1.0,1.0,0.0,0,0,0,0,0,0,0,0.0,0.0,0.2,0.0
20,1000,1,dpga,roi_cls,0.15654602646827698,-0.0,global_ddp_mean,2,0.0,1.484057068824768,1.484057068824768,0.0,0.0,0.0,0.0,0.0,0.0,0.0,0.0,0.0,0.0,0.0,0.0,0.0,1.0,1.0,0.0,0,0,0,0,0,0,0,0.0,0.0,0.2,0.0
20,1000,1,dpga,roi_reg,0.15654602646827698,-0.0,global_ddp_mean,2,0.0,0.3495370149612427,0.3495370149612427,0.0,0.0,0.0,0.0,0.0,0.0,0.0,0.0,0.0,0.0,0.0,0.0,0.0,1.0,1.0,0.0,0,0,0,0,0,0,0,0.0,0.0,0.2,0.0
20,1100,1,dpga,backbone,0.30147266387939453,0.0,global_ddp_mean,2,-0.04614138975739479,11.456670761108398,11.456670761108398,6.215979099273682,6.215979099273682,6.209358215332031,1.1456670761108398,0.10140935124215389,1.1456670761108398,0.5425641732129435,0.5419862667617843,0.1,0.008851554989814759,0.008851554989814759,1.1807574383642808e-10,1.1807574383642808e-10,1.0000000001180758,0.9999607947501155,0.5073540859348096,1,0,0,0,0,1,1,0.18450652062892914,0.4425777494907379,0.2,0.08851554989814758
20,1100,1,dpga,fpn,0.30147266387939453,0.0,global_ddp_mean,2,0.0016708148177713156,2.333853006362915,2.333853006362915,1.5807632207870483,1.5807632207870483,1.5807632207870483,0.35007792711257935,0.03515401883993574,0.35007792711257935,0.6773191012790113,0.6773191012790113,0.1499999897843361,0.015062653365097697,0.015062653365097697,2.516687462745634e-05,2.516687462745634e-05,1.0000251668746274,0.9998866581727224,0.8626543910652715,0,0,0,0,0,0,1,0.22146135568618774,0.5020884871482849,0.2,0.10041769593954086
20,1100,1,dpga,rpn,0.30147266387939453,0.0,global_ddp_mean,2,0.0,2.45448637008667,2.45448637008667,0.0,0.0,0.0,0.0,0.0,0.0,0.0,0.0,0.0,0.0,0.0,0.0,0.0,1.0,1.0,0.0,0,0,0,0,0,0,0,0.0,0.0,0.2,0.0
20,1100,1,dpga,roi_shared,0.30147266387939453,0.0,global_ddp_mean,2,0.07968103885650635,4.753359794616699,4.753359794616699,0.2603733241558075,0.2603733241558075,0.2603733241558075,0.2603733241558075,0.031156504115387618,0.2603733241558075,0.05477669173090724,0.05477669173090724,0.05477669173090724,0.006554627771008025,0.006554627771008025,0.000522279550111626,0.000522279550111626,1.0005222795501116,0.9999786797426452,0.37414041463441167,0,0,0,0,0,0,0,1.0,0.5983044505119324,0.2,0.1196608915925026
20,1100,1,dpga,roi_cls,0.30147266387939453,0.0,global_ddp_mean,2,0.0,3.1313321590423584,3.1313321590423584,0.0,0.0,0.0,0.0,0.0,0.0,0.0,0.0,0.0,0.0,0.0,0.0,0.0,1.0,1.0,0.0,0,0,0,0,0,0,0,0.0,0.0,0.2,0.0
20,1100,1,dpga,roi_reg,0.30147266387939453,0.0,global_ddp_mean,2,0.19068381190299988,4.041372776031494,4.041372776031494,0.6194649934768677,0.6194649934768677,0.6194649934768677,0.20206864178180695,0.02917072064256887,0.20206864178180695,0.15328083495558248,0.15328083495558248,0.05000000073743067,0.007218022750975632,0.007218022750975632,0.0013763602001155317,0.0013763602001155317,1.0013763602001156,0.9999749231027024,0.4057657988428408,0,0,0,0,0,0,1,0.32619863748550415,0.7218022346496582,0.2,0.14436045289039612
20,1200,1,dpga,backbone,0.22131682932376862,0.0,global_ddp_mean,2,0.0,6.207638263702393,6.207638263702393,0.0,0.0,0.0,0.0,0.0,0.0,0.0,0.0,0.0,0.0,0.0,0.0,0.0,1.0,1.0,0.0,0,0,0,0,0,0,0,0.0,0.0,0.2,0.0
20,1200,1,dpga,fpn,0.22131682932376862,0.0,global_ddp_mean,2,0.0,1.2135118246078491,1.2135118246078491,0.0,0.0,0.0,0.0,0.0,0.0,0.0,0.0,0.0,0.0,0.0,0.0,0.0,1.0,1.0,0.0,0,0,0,0,0,0,0,0.0,0.0,0.2,0.0
20,1200,1,dpga,rpn,0.22131682932376862,0.0,global_ddp_mean,2,0.0,1.6321381330490112,1.6321381330490112,0.0,0.0,0.0,0.0,0.0,0.0,0.0,0.0,0.0,0.0,0.0,0.0,0.0,1.0,1.0,0.0,0,0,0,0,0,0,0,0.0,0.0,0.2,0.0
20,1200,1,dpga,roi_shared,0.22131682932376862,0.0,global_ddp_mean,2,0.0,2.4260427951812744,2.4260427951812744,0.0,0.0,0.0,0.0,0.0,0.0,0.0,0.0,0.0,0.0,0.0,0.0,0.0,1.0,1.0,0.0,0,0,0,0,0,0,0,0.0,0.0,0.2,0.0
20,1200,1,dpga,roi_cls,0.22131682932376862,0.0,global_ddp_mean,2,0.0,1.9048653841018677,1.9048653841018677,0.0,0.0,0.0,0.0,0.0,0.0,0.0,0.0,0.0,0.0,0.0,0.0,0.0,1.0,1.0,0.0,0,0,0,0,0,0,0,0.0,0.0,0.2,0.0
20,1200,1,dpga,roi_reg,0.22131682932376862,0.0,global_ddp_mean,2,0.0,0.9607368111610413,0.9607368111610413,0.0,0.0,0.0,0.0,0.0,0.0,0.0,0.0,0.0,0.0,0.0,0.0,0.0,1.0,1.0,0.0,0,0,0,0,0,0,0,0.0,0.0,0.2,0.0
20,1300,1,dpga,backbone,0.13344836235046387,0.0,global_ddp_mean,2,0.0,5.812816143035889,5.812816143035889,0.0,0.0,0.0,0.0,0.0,0.0,0.0,0.0,0.0,0.0,0.0,0.0,0.0,1.0,1.0,0.0,0,0,0,0,0,0,0,0.0,0.0,0.2,0.0
20,1300,1,dpga,fpn,0.13344836235046387,0.0,global_ddp_mean,2,0.0,0.9393237233161926,0.9393237233161926,0.0,0.0,0.0,0.0,0.0,0.0,0.0,0.0,0.0,0.0,0.0,0.0,0.0,1.0,1.0,0.0,0,0,0,0,0,0,0,0.0,0.0,0.2,0.0
20,1300,1,dpga,rpn,0.13344836235046387,0.0,global_ddp_mean,2,0.0,1.5250746011734009,1.5250746011734009,0.0,0.0,0.0,0.0,0.0,0.0,0.0,0.0,0.0,0.0,0.0,0.0,0.0,1.0,1.0,0.0,0,0,0,0,0,0,0,0.0,0.0,0.2,0.0
20,1300,1,dpga,roi_shared,0.13344836235046387,0.0,global_ddp_mean,2,0.0,1.6043881177902222,1.6043881177902222,0.0,0.0,0.0,0.0,0.0,0.0,0.0,0.0,0.0,0.0,0.0,0.0,0.0,1.0,1.0,0.0,0,0,0,0,0,0,0,0.0,0.0,0.2,0.0
20,1300,1,dpga,roi_cls,0.13344836235046387,0.0,global_ddp_mean,2,0.0,1.1076557636260986,1.1076557636260986,0.0,0.0,0.0,0.0,0.0,0.0,0.0,0.0,0.0,0.0,0.0,0.0,0.0,1.0,1.0,0.0,0,0,0,0,0,0,0,0.0,0.0,0.2,0.0
20,1300,1,dpga,roi_reg,0.13344836235046387,0.0,global_ddp_mean,2,0.0,1.3097877502441406,1.3097877502441406,0.0,0.0,0.0,0.0,0.0,0.0,0.0,0.0,0.0,0.0,0.0,0.0,0.0,1.0,1.0,0.0,0,0,0,0,0,0,0,0.0,0.0,0.2,0.0
20,1400,1,dpga,backbone,0.3527172803878784,-0.0,global_ddp_mean,2,0.0,45.11132049560547,45.11132049560547,0.0,0.0,0.0,0.0,0.0,0.0,0.0,0.0,0.0,0.0,0.0,0.0,0.0,1.0,1.0,0.0,0,0,0,0,0,0,0,0.0,0.0,0.2,0.0
20,1400,1,dpga,fpn,0.3527172803878784,-0.0,global_ddp_mean,2,0.0,8.222237586975098,8.222237586975098,0.0,0.0,0.0,0.0,0.0,0.0,0.0,0.0,0.0,0.0,0.0,0.0,0.0,1.0,1.0,0.0,0,0,0,0,0,0,0,0.0,0.0,0.2,0.0
20,1400,1,dpga,rpn,0.3527172803878784,-0.0,global_ddp_mean,2,0.0,3.5246238708496094,3.5246238708496094,0.0,0.0,0.0,0.0,0.0,0.0,0.0,0.0,0.0,0.0,0.0,0.0,0.0,1.0,1.0,0.0,0,0,0,0,0,0,0,0.0,0.0,0.2,0.0
20,1400,1,dpga,roi_shared,0.3527172803878784,-0.0,global_ddp_mean,2,0.0,16.981464385986328,16.981464385986328,0.0,0.0,0.0,0.0,0.0,0.0,0.0,0.0,0.0,0.0,0.0,0.0,0.0,1.0,1.0,0.0,0,0,0,0,0,0,0,0.0,0.0,0.2,0.0
20,1400,1,dpga,roi_cls,0.3527172803878784,-0.0,global_ddp_mean,2,0.0,13.060553550720215,13.060553550720215,0.0,0.0,0.0,0.0,0.0,0.0,0.0,0.0,0.0,0.0,0.0,0.0,0.0,1.0,1.0,0.0,0,0,0,0,0,0,0,0.0,0.0,0.2,0.0
20,1400,1,dpga,roi_reg,0.3527172803878784,-0.0,global_ddp_mean,2,0.0,3.8073606491088867,3.8073606491088867,0.0,0.0,0.0,0.0,0.0,0.0,0.0,0.0,0.0,0.0,0.0,0.0,0.0,1.0,1.0,0.0,0,0,0,0,0,0,0,0.0,0.0,0.2,0.0
21,0,1,dpga,backbone,0.19036871194839478,-0.0,global_ddp_mean,2,0.0,6.046746730804443,6.046746730804443,0.0,0.0,0.0,0.0,0.0,0.0,0.0,0.0,0.0,0.0,0.0,0.0,0.0,1.0,1.0,0.0,0,0,0,0,0,0,0,0.0,0.0,0.2,0.0
21,0,1,dpga,fpn,0.19036871194839478,-0.0,global_ddp_mean,2,0.0,0.8480184078216553,0.8480184078216553,0.0,0.0,0.0,0.0,0.0,0.0,0.0,0.0,0.0,0.0,0.0,0.0,0.0,1.0,1.0,0.0,0,0,0,0,0,0,0,0.0,0.0,0.2,0.0
21,0,1,dpga,rpn,0.19036871194839478,-0.0,global_ddp_mean,2,0.0,1.2145544290542603,1.2145544290542603,0.0,0.0,0.0,0.0,0.0,0.0,0.0,0.0,0.0,0.0,0.0,0.0,0.0,1.0,1.0,0.0,0,0,0,0,0,0,0,0.0,0.0,0.2,0.0
21,0,1,dpga,roi_shared,0.19036871194839478,-0.0,global_ddp_mean,2,0.0,1.3065379858016968,1.3065379858016968,0.0,0.0,0.0,0.0,0.0,0.0,0.0,0.0,0.0,0.0,0.0,0.0,0.0,1.0,1.0,0.0,0,0,0,0,0,0,0,0.0,0.0,0.2,0.0
21,0,1,dpga,roi_cls,0.19036871194839478,-0.0,global_ddp_mean,2,0.0,0.6437729001045227,0.6437729001045227,0.0,0.0,0.0,0.0,0.0,0.0,0.0,0.0,0.0,0.0,0.0,0.0,0.0,1.0,1.0,0.0,0,0,0,0,0,0,0,0.0,0.0,0.2,0.0
21,0,1,dpga,roi_reg,0.19036871194839478,-0.0,global_ddp_mean,2,0.0,0.5216507911682129,0.5216507911682129,0.0,0.0,0.0,0.0,0.0,0.0,0.0,0.0,0.0,0.0,0.0,0.0,0.0,1.0,1.0,0.0,0,0,0,0,0,0,0,0.0,0.0,0.2,0.0
21,100,1,dpga,backbone,0.28547966480255127,0.0,global_ddp_mean,2,0.0,13.542792320251465,13.542792320251465,0.0,0.0,0.0,0.0,0.0,0.0,0.0,0.0,0.0,0.0,0.0,0.0,0.0,1.0,1.0,0.0,0,0,0,0,0,0,0,0.0,0.0,0.2,0.0
21,100,1,dpga,fpn,0.28547966480255127,0.0,global_ddp_mean,2,0.0,1.3747233152389526,1.3747233152389526,0.0,0.0,0.0,0.0,0.0,0.0,0.0,0.0,0.0,0.0,0.0,0.0,0.0,1.0,1.0,0.0,0,0,0,0,0,0,0,0.0,0.0,0.2,0.0
21,100,1,dpga,rpn,0.28547966480255127,0.0,global_ddp_mean,2,0.0,2.9277241230010986,2.9277241230010986,0.0,0.0,0.0,0.0,0.0,0.0,0.0,0.0,0.0,0.0,0.0,0.0,0.0,1.0,1.0,0.0,0,0,0,0,0,0,0,0.0,0.0,0.2,0.0
21,100,1,dpga,roi_shared,0.28547966480255127,0.0,global_ddp_mean,2,0.0,2.1633999347686768,2.1633999347686768,0.0,0.0,0.0,0.0,0.0,0.0,0.0,0.0,0.0,0.0,0.0,0.0,0.0,1.0,1.0,0.0,0,0,0,0,0,0,0,0.0,0.0,0.2,0.0
21,100,1,dpga,roi_cls,0.28547966480255127,0.0,global_ddp_mean,2,0.0,1.8103827238082886,1.8103827238082886,0.0,0.0,0.0,0.0,0.0,0.0,0.0,0.0,0.0,0.0,0.0,0.0,0.0,1.0,1.0,0.0,0,0,0,0,0,0,0,0.0,0.0,0.2,0.0
21,100,1,dpga,roi_reg,0.28547966480255127,0.0,global_ddp_mean,2,0.0,1.2227758169174194,1.2227758169174194,0.0,0.0,0.0,0.0,0.0,0.0,0.0,0.0,0.0,0.0,0.0,0.0,0.0,1.0,1.0,0.0,0,0,0,0,0,0,0,0.0,0.0,0.2,0.0
21,200,1,dpga,backbone,0.34109336137771606,0.0,global_ddp_mean,2,0.0,22.40270233154297,22.40270233154297,0.0,0.0,0.0,0.0,0.0,0.0,0.0,0.0,0.0,0.0,0.0,0.0,0.0,1.0,1.0,0.0,0,0,0,0,0,0,0,0.0,0.0,0.2,0.0
21,200,1,dpga,fpn,0.34109336137771606,0.0,global_ddp_mean,2,0.0,3.8916079998016357,3.8916079998016357,0.0,0.0,0.0,0.0,0.0,0.0,0.0,0.0,0.0,0.0,0.0,0.0,0.0,1.0,1.0,0.0,0,0,0,0,0,0,0,0.0,0.0,0.2,0.0
21,200,1,dpga,rpn,0.34109336137771606,0.0,global_ddp_mean,2,0.0,2.6444053649902344,2.6444053649902344,0.0,0.0,0.0,0.0,0.0,0.0,0.0,0.0,0.0,0.0,0.0,0.0,0.0,1.0,1.0,0.0,0,0,0,0,0,0,0,0.0,0.0,0.2,0.0
21,200,1,dpga,roi_shared,0.34109336137771606,0.0,global_ddp_mean,2,0.0,7.622882843017578,7.622882843017578,0.0,0.0,0.0,0.0,0.0,0.0,0.0,0.0,0.0,0.0,0.0,0.0,0.0,1.0,1.0,0.0,0,0,0,0,0,0,0,0.0,0.0,0.2,0.0
21,200,1,dpga,roi_cls,0.34109336137771606,0.0,global_ddp_mean,2,0.0,4.9897332191467285,4.9897332191467285,0.0,0.0,0.0,0.0,0.0,0.0,0.0,0.0,0.0,0.0,0.0,0.0,0.0,1.0,1.0,0.0,0,0,0,0,0,0,0,0.0,0.0,0.2,0.0
21,200,1,dpga,roi_reg,0.34109336137771606,0.0,global_ddp_mean,2,0.0,3.9746246337890625,3.9746246337890625,0.0,0.0,0.0,0.0,0.0,0.0,0.0,0.0,0.0,0.0,0.0,0.0,0.0,1.0,1.0,0.0,0,0,0,0,0,0,0,0.0,0.0,0.2,0.0
21,300,1,dpga,backbone,0.013715562410652637,0.0,global_ddp_mean,2,0.0,4.397437572479248,4.397437572479248,0.0,0.0,0.0,0.0,0.0,0.0,0.0,0.0,0.0,0.0,0.0,0.0,0.0,1.0,1.0,0.0,0,0,0,0,0,0,0,0.0,0.0,0.2,0.0
21,300,1,dpga,fpn,0.013715562410652637,0.0,global_ddp_mean,2,0.0,0.6783245205879211,0.6783245205879211,0.0,0.0,0.0,0.0,0.0,0.0,0.0,0.0,0.0,0.0,0.0,0.0,0.0,1.0,1.0,0.0,0,0,0,0,0,0,0,0.0,0.0,0.2,0.0
21,300,1,dpga,rpn,0.013715562410652637,0.0,global_ddp_mean,2,0.0,0.6428349018096924,0.6428349018096924,0.0,0.0,0.0,0.0,0.0,0.0,0.0,0.0,0.0,0.0,0.0,0.0,0.0,1.0,1.0,0.0,0,0,0,0,0,0,0,0.0,0.0,0.2,0.0
21,300,1,dpga,roi_shared,0.013715562410652637,0.0,global_ddp_mean,2,0.0,1.1722420454025269,1.1722420454025269,0.0,0.0,0.0,0.0,0.0,0.0,0.0,0.0,0.0,0.0,0.0,0.0,0.0,1.0,1.0,0.0,0,0,0,0,0,0,0,0.0,0.0,0.2,0.0
21,300,1,dpga,roi_cls,0.013715562410652637,0.0,global_ddp_mean,2,0.0,0.9915620684623718,0.9915620684623718,0.0,0.0,0.0,0.0,0.0,0.0,0.0,0.0,0.0,0.0,0.0,0.0,0.0,1.0,1.0,0.0,0,0,0,0,0,0,0,0.0,0.0,0.2,0.0
21,300,1,dpga,roi_reg,0.013715562410652637,0.0,global_ddp_mean,2,0.0,0.0,0.0,0.0,0.0,0.0,0.0,0.0,0.0,0.0,0.0,0.0,0.0,0.0,0.0,0.0,0.0,0.0,90.0,0,0,0,0,0,0,0,0.0,0.0,0.2,0.0
21,400,1,dpga,backbone,0.48428720235824585,0.0,global_ddp_mean,2,0.0,8.721819877624512,8.721819877624512,0.0,0.0,0.0,0.0,0.0,0.0,0.0,0.0,0.0,0.0,0.0,0.0,0.0,1.0,1.0,0.0,0,0,0,0,0,0,0,0.0,0.0,0.2,0.0
21,400,1,dpga,fpn,0.48428720235824585,0.0,global_ddp_mean,2,0.0,1.9266074895858765,1.9266074895858765,0.0,0.0,0.0,0.0,0.0,0.0,0.0,0.0,0.0,0.0,0.0,0.0,0.0,1.0,1.0,0.0,0,0,0,0,0,0,0,0.0,0.0,0.2,0.0
21,400,1,dpga,rpn,0.48428720235824585,0.0,global_ddp_mean,2,0.0,2.970773935317993,2.970773935317993,0.0,0.0,0.0,0.0,0.0,0.0,0.0,0.0,0.0,0.0,0.0,0.0,0.0,1.0,1.0,0.0,0,0,0,0,0,0,0,0.0,0.0,0.2,0.0
21,400,1,dpga,roi_shared,0.48428720235824585,0.0,global_ddp_mean,2,0.0,3.4850072860717773,3.4850072860717773,0.0,0.0,0.0,0.0,0.0,0.0,0.0,0.0,0.0,0.0,0.0,0.0,0.0,1.0,1.0,0.0,0,0,0,0,0,0,0,0.0,0.0,0.2,0.0
21,400,1,dpga,roi_cls,0.48428720235824585,0.0,global_ddp_mean,2,0.0,2.2758829593658447,2.2758829593658447,0.0,0.0,0.0,0.0,0.0,0.0,0.0,0.0,0.0,0.0,0.0,0.0,0.0,1.0,1.0,0.0,0,0,0,0,0,0,0,0.0,0.0,0.2,0.0
21,400,1,dpga,roi_reg,0.48428720235824585,0.0,global_ddp_mean,2,0.0,1.2641355991363525,1.2641355991363525,0.0,0.0,0.0,0.0,0.0,0.0,0.0,0.0,0.0,0.0,0.0,0.0,0.0,1.0,1.0,0.0,0,0,0,0,0,0,0,0.0,0.0,0.2,0.0
21,500,1,dpga,backbone,0.1074972152709961,-0.0,global_ddp_mean,2,0.0,29.97101402282715,29.97101402282715,0.0,0.0,0.0,0.0,0.0,0.0,0.0,0.0,0.0,0.0,0.0,0.0,0.0,1.0,1.0,0.0,0,0,0,0,0,0,0,0.0,0.0,0.2,0.0
21,500,1,dpga,fpn,0.1074972152709961,-0.0,global_ddp_mean,2,0.0,4.8582634925842285,4.8582634925842285,0.0,0.0,0.0,0.0,0.0,0.0,0.0,0.0,0.0,0.0,0.0,0.0,0.0,1.0,1.0,0.0,0,0,0,0,0,0,0,0.0,0.0,0.2,0.0
21,500,1,dpga,rpn,0.1074972152709961,-0.0,global_ddp_mean,2,0.0,5.663316249847412,5.663316249847412,0.0,0.0,0.0,0.0,0.0,0.0,0.0,0.0,0.0,0.0,0.0,0.0,0.0,1.0,1.0,0.0,0,0,0,0,0,0,0,0.0,0.0,0.2,0.0
21,500,1,dpga,roi_shared,0.1074972152709961,-0.0,global_ddp_mean,2,0.0,10.391775131225586,10.391775131225586,0.0,0.0,0.0,0.0,0.0,0.0,0.0,0.0,0.0,0.0,0.0,0.0,0.0,1.0,1.0,0.0,0,0,0,0,0,0,0,0.0,0.0,0.2,0.0
21,500,1,dpga,roi_cls,0.1074972152709961,-0.0,global_ddp_mean,2,0.0,6.364642143249512,6.364642143249512,0.0,0.0,0.0,0.0,0.0,0.0,0.0,0.0,0.0,0.0,0.0,0.0,0.0,1.0,1.0,0.0,0,0,0,0,0,0,0,0.0,0.0,0.2,0.0
21,500,1,dpga,roi_reg,0.1074972152709961,-0.0,global_ddp_mean,2,0.0,8.01948356628418,8.01948356628418,0.0,0.0,0.0,0.0,0.0,0.0,0.0,0.0,0.0,0.0,0.0,0.0,0.0,1.0,1.0,0.0,0,0,0,0,0,0,0,0.0,0.0,0.2,0.0
21,600,1,dpga,backbone,0.12621599435806274,0.0,global_ddp_mean,2,0.0,9.738645553588867,9.738645553588867,0.0,0.0,0.0,0.0,0.0,0.0,0.0,0.0,0.0,0.0,0.0,0.0,0.0,1.0,1.0,0.0,0,0,0,0,0,0,0,0.0,0.0,0.2,0.0
21,600,1,dpga,fpn,0.12621599435806274,0.0,global_ddp_mean,2,0.0,1.196792721748352,1.196792721748352,0.0,0.0,0.0,0.0,0.0,0.0,0.0,0.0,0.0,0.0,0.0,0.0,0.0,1.0,1.0,0.0,0,0,0,0,0,0,0,0.0,0.0,0.2,0.0
21,600,1,dpga,rpn,0.12621599435806274,0.0,global_ddp_mean,2,0.0,1.3366974592208862,1.3366974592208862,0.0,0.0,0.0,0.0,0.0,0.0,0.0,0.0,0.0,0.0,0.0,0.0,0.0,1.0,1.0,0.0,0,0,0,0,0,0,0,0.0,0.0,0.2,0.0
21,600,1,dpga,roi_shared,0.12621599435806274,0.0,global_ddp_mean,2,0.0,2.289907455444336,2.289907455444336,0.0,0.0,0.0,0.0,0.0,0.0,0.0,0.0,0.0,0.0,0.0,0.0,0.0,1.0,1.0,0.0,0,0,0,0,0,0,0,0.0,0.0,0.2,0.0
21,600,1,dpga,roi_cls,0.12621599435806274,0.0,global_ddp_mean,2,0.0,2.2995359897613525,2.2995359897613525,0.0,0.0,0.0,0.0,0.0,0.0,0.0,0.0,0.0,0.0,0.0,0.0,0.0,1.0,1.0,0.0,0,0,0,0,0,0,0,0.0,0.0,0.2,0.0
21,600,1,dpga,roi_reg,0.12621599435806274,0.0,global_ddp_mean,2,0.0,0.7768124938011169,0.7768124938011169,0.0,0.0,0.0,0.0,0.0,0.0,0.0,0.0,0.0,0.0,0.0,0.0,0.0,1.0,1.0,0.0,0,0,0,0,0,0,0,0.0,0.0,0.2,0.0
21,700,1,dpga,backbone,0.017677728086709976,0.0,global_ddp_mean,2,0.0,5.6153364181518555,5.6153364181518555,0.0,0.0,0.0,0.0,0.0,0.0,0.0,0.0,0.0,0.0,0.0,0.0,0.0,1.0,1.0,0.0,0,0,0,0,0,0,0,0.0,0.0,0.2,0.0
21,700,1,dpga,fpn,0.017677728086709976,0.0,global_ddp_mean,2,0.0,0.8421109914779663,0.8421109914779663,0.0,0.0,0.0,0.0,0.0,0.0,0.0,0.0,0.0,0.0,0.0,0.0,0.0,1.0,1.0,0.0,0,0,0,0,0,0,0,0.0,0.0,0.2,0.0
21,700,1,dpga,rpn,0.017677728086709976,0.0,global_ddp_mean,2,0.0,0.8363948464393616,0.8363948464393616,0.0,0.0,0.0,0.0,0.0,0.0,0.0,0.0,0.0,0.0,0.0,0.0,0.0,1.0,1.0,0.0,0,0,0,0,0,0,0,0.0,0.0,0.2,0.0
21,700,1,dpga,roi_shared,0.017677728086709976,0.0,global_ddp_mean,2,0.0,1.567550539970398,1.567550539970398,0.0,0.0,0.0,0.0,0.0,0.0,0.0,0.0,0.0,0.0,0.0,0.0,0.0,1.0,1.0,0.0,0,0,0,0,0,0,0,0.0,0.0,0.2,0.0
21,700,1,dpga,roi_cls,0.017677728086709976,0.0,global_ddp_mean,2,0.0,1.3039919137954712,1.3039919137954712,0.0,0.0,0.0,0.0,0.0,0.0,0.0,0.0,0.0,0.0,0.0,0.0,0.0,1.0,1.0,0.0,0,0,0,0,0,0,0,0.0,0.0,0.2,0.0
21,700,1,dpga,roi_reg,0.017677728086709976,0.0,global_ddp_mean,2,0.0,0.0,0.0,0.0,0.0,0.0,0.0,0.0,0.0,0.0,0.0,0.0,0.0,0.0,0.0,0.0,0.0,0.0,90.0,0,0,0,0,0,0,0,0.0,0.0,0.2,0.0
21,800,1,dpga,backbone,0.13175150752067566,-0.0,global_ddp_mean,2,0.0,7.534696578979492,7.534696578979492,0.0,0.0,0.0,0.0,0.0,0.0,0.0,0.0,0.0,0.0,0.0,0.0,0.0,1.0,1.0,0.0,0,0,0,0,0,0,0,0.0,0.0,0.2,0.0
21,800,1,dpga,fpn,0.13175150752067566,-0.0,global_ddp_mean,2,0.0,1.2874788045883179,1.2874788045883179,0.0,0.0,0.0,0.0,0.0,0.0,0.0,0.0,0.0,0.0,0.0,0.0,0.0,1.0,1.0,0.0,0,0,0,0,0,0,0,0.0,0.0,0.2,0.0
21,800,1,dpga,rpn,0.13175150752067566,-0.0,global_ddp_mean,2,0.0,1.9803324937820435,1.9803324937820435,0.0,0.0,0.0,0.0,0.0,0.0,0.0,0.0,0.0,0.0,0.0,0.0,0.0,1.0,1.0,0.0,0,0,0,0,0,0,0,0.0,0.0,0.2,0.0
21,800,1,dpga,roi_shared,0.13175150752067566,-0.0,global_ddp_mean,2,0.0,2.1261303424835205,2.1261303424835205,0.0,0.0,0.0,0.0,0.0,0.0,0.0,0.0,0.0,0.0,0.0,0.0,0.0,1.0,1.0,0.0,0,0,0,0,0,0,0,0.0,0.0,0.2,0.0
21,800,1,dpga,roi_cls,0.13175150752067566,-0.0,global_ddp_mean,2,0.0,1.0686540603637695,1.0686540603637695,0.0,0.0,0.0,0.0,0.0,0.0,0.0,0.0,0.0,0.0,0.0,0.0,0.0,1.0,1.0,0.0,0,0,0,0,0,0,0,0.0,0.0,0.2,0.0
21,800,1,dpga,roi_reg,0.13175150752067566,-0.0,global_ddp_mean,2,0.0,0.804936408996582,0.804936408996582,0.0,0.0,0.0,0.0,0.0,0.0,0.0,0.0,0.0,0.0,0.0,0.0,0.0,1.0,1.0,0.0,0,0,0,0,0,0,0,0.0,0.0,0.2,0.0
21,900,1,dpga,backbone,0.11752206832170486,0.0,global_ddp_mean,2,0.0,25.10502052307129,25.10502052307129,0.0,0.0,0.0,0.0,0.0,0.0,0.0,0.0,0.0,0.0,0.0,0.0,0.0,1.0,1.0,0.0,0,0,0,0,0,0,0,0.0,0.0,0.2,0.0
21,900,1,dpga,fpn,0.11752206832170486,0.0,global_ddp_mean,2,0.0,3.4000051021575928,3.4000051021575928,0.0,0.0,0.0,0.0,0.0,0.0,0.0,0.0,0.0,0.0,0.0,0.0,0.0,1.0,1.0,0.0,0,0,0,0,0,0,0,0.0,0.0,0.2,0.0
21,900,1,dpga,rpn,0.11752206832170486,0.0,global_ddp_mean,2,0.0,4.8301801681518555,4.8301801681518555,0.0,0.0,0.0,0.0,0.0,0.0,0.0,0.0,0.0,0.0,0.0,0.0,0.0,1.0,1.0,0.0,0,0,0,0,0,0,0,0.0,0.0,0.2,0.0
21,900,1,dpga,roi_shared,0.11752206832170486,0.0,global_ddp_mean,2,0.0,5.820253372192383,5.820253372192383,0.0,0.0,0.0,0.0,0.0,0.0,0.0,0.0,0.0,0.0,0.0,0.0,0.0,1.0,1.0,0.0,0,0,0,0,0,0,0,0.0,0.0,0.2,0.0
21,900,1,dpga,roi_cls,0.11752206832170486,0.0,global_ddp_mean,2,0.0,4.724691390991211,4.724691390991211,0.0,0.0,0.0,0.0,0.0,0.0,0.0,0.0,0.0,0.0,0.0,0.0,0.0,1.0,1.0,0.0,0,0,0,0,0,0,0,0.0,0.0,0.2,0.0
21,900,1,dpga,roi_reg,0.11752206832170486,0.0,global_ddp_mean,2,0.0,5.175531387329102,5.175531387329102,0.0,0.0,0.0,0.0,0.0,0.0,0.0,0.0,0.0,0.0,0.0,0.0,0.0,1.0,1.0,0.0,0,0,0,0,0,0,0,0.0,0.0,0.2,0.0
21,1000,1,dpga,backbone,0.008385995402932167,0.0,global_ddp_mean,2,-0.12292101234197617,24.934192657470703,24.934192657470703,4.518063545227051,4.518063545227051,4.483800411224365,2.4934194087982178,0.17504277034756832,2.4934194087982178,0.18119951214355293,0.17982536963678042,0.10000000573714776,0.007020190015862518,0.007020190015862518,-3.028662299494408e-11,-3.028662299494408e-11,0.9999999999697133,0.9999752925971795,0.40276532342005444,1,0,0,0,0,1,1,0.5560950636863708,0.35100945830345154,0.2,0.07020189613103867
21,1000,1,dpga,fpn,0.008385995402932167,0.0,global_ddp_mean,2,-0.057327479124069214,4.908926963806152,4.908926963806152,1.4175024032592773,1.4175024032592773,1.4151712656021118,0.7363391518592834,0.06315246507633043,0.7363391518592834,0.2887601330617908,0.28828525582805864,0.15000002185576633,0.012864820670985287,0.012864820670985287,8.626105210231857e-11,8.626105210231857e-11,1.000000000086261,0.9999172464331949,0.7371128564019165,1,0,0,0,0,1,1,0.5203180313110352,0.42882728576660156,0.2,0.08576545864343643
21,1000,1,dpga,rpn,0.008385995402932167,0.0,global_ddp_mean,2,0.0,5.825619697570801,5.825619697570801,0.0,0.0,0.0,0.0,0.0,0.0,0.0,0.0,0.0,0.0,0.0,0.0,0.0,1.0,1.0,0.0,0,0,0,0,0,0,0,0.0,0.0,0.2,0.0
21,1000,1,dpga,roi_shared,0.008385995402932167,0.0,global_ddp_mean,2,-0.02733858861029148,10.235334396362305,10.235334396362305,0.5819886326789856,0.5819886326789856,0.5817711353302002,0.5817711353302002,0.05420709419734493,0.5817711353302002,0.05686073460245985,0.05683948494510985,0.05683948494510985,0.005296074568566166,0.005296074568566166,-1.2732017854271573e-11,-1.2732017854271573e-11,0.999999999987268,0.9999860239760665,0.3029213990081675,1,0,0,0,0,1,0,1.0,0.465879887342453,0.2,0.0931759774684906
21,1000,1,dpga,roi_cls,0.008385995402932167,0.0,global_ddp_mean,2,0.0,4.766059398651123,4.766059398651123,0.0,0.0,0.0,0.0,0.0,0.0,0.0,0.0,0.0,0.0,0.0,0.0,0.0,1.0,1.0,0.0,0,0,0,0,0,0,0,0.0,0.0,0.2,0.0
21,1000,1,dpga,roi_reg,0.008385995402932167,0.0,global_ddp_mean,2,-0.09763122349977493,14.980023384094238,14.980023384094238,1.0423200130462646,1.0423200130462646,1.0373404026031494,0.7490012645721436,0.05697323610978877,0.7490012645721436,0.06958066661985308,0.06924824988621818,0.05000000636630726,0.003803280852704332,0.003803280852704332,-7.204651382797684e-12,-7.204651382797684e-12,0.9999999999927953,0.99999274245519,0.2182894546536812,1,0,0,0,0,1,1,0.7220399379730225,0.3803280293941498,0.2,0.07606560736894608
21,1100,1,dpga,backbone,0.7586685419082642,0.0,global_ddp_mean,2,0.0,26.613018035888672,26.613018035888672,0.0,0.0,0.0,0.0,0.0,0.0,0.0,0.0,0.0,0.0,0.0,0.0,0.0,1.0,1.0,0.0,0,0,0,0,0,0,0,0.0,0.0,0.2,0.0
21,1100,1,dpga,fpn,0.7586685419082642,0.0,global_ddp_mean,2,0.0,4.829857349395752,4.829857349395752,0.0,0.0,0.0,0.0,0.0,0.0,0.0,0.0,0.0,0.0,0.0,0.0,0.0,1.0,1.0,0.0,0,0,0,0,0,0,0,0.0,0.0,0.2,0.0
21,1100,1,dpga,rpn,0.7586685419082642,0.0,global_ddp_mean,2,0.0,3.413210391998291,3.413210391998291,0.0,0.0,0.0,0.0,0.0,0.0,0.0,0.0,0.0,0.0,0.0,0.0,0.0,1.0,1.0,0.0,0,0,0,0,0,0,0,0.0,0.0,0.2,0.0
21,1100,1,dpga,roi_shared,0.7586685419082642,0.0,global_ddp_mean,2,0.0,10.287796974182129,10.287796974182129,0.0,0.0,0.0,0.0,0.0,0.0,0.0,0.0,0.0,0.0,0.0,0.0,0.0,1.0,1.0,0.0,0,0,0,0,0,0,0,0.0,0.0,0.2,0.0
21,1100,1,dpga,roi_cls,0.7586685419082642,0.0,global_ddp_mean,2,0.0,8.19324016571045,8.19324016571045,0.0,0.0,0.0,0.0,0.0,0.0,0.0,0.0,0.0,0.0,0.0,0.0,0.0,1.0,1.0,0.0,0,0,0,0,0,0,0,0.0,0.0,0.2,0.0
21,1100,1,dpga,roi_reg,0.7586685419082642,0.0,global_ddp_mean,2,0.0,4.6548333168029785,4.6548333168029785,0.0,0.0,0.0,0.0,0.0,0.0,0.0,0.0,0.0,0.0,0.0,0.0,0.0,1.0,1.0,0.0,0,0,0,0,0,0,0,0.0,0.0,0.2,0.0
21,1200,1,dpga,backbone,0.45052921772003174,0.0,global_ddp_mean,2,0.0,25.136398315429688,25.136398315429688,0.0,0.0,0.0,0.0,0.0,0.0,0.0,0.0,0.0,0.0,0.0,0.0,0.0,1.0,1.0,0.0,0,0,0,0,0,0,0,0.0,0.0,0.2,0.0
21,1200,1,dpga,fpn,0.45052921772003174,0.0,global_ddp_mean,2,0.0,2.8775794506073,2.8775794506073,0.0,0.0,0.0,0.0,0.0,0.0,0.0,0.0,0.0,0.0,0.0,0.0,0.0,1.0,1.0,0.0,0,0,0,0,0,0,0,0.0,0.0,0.2,0.0
21,1200,1,dpga,rpn,0.45052921772003174,0.0,global_ddp_mean,2,0.0,4.859276294708252,4.859276294708252,0.0,0.0,0.0,0.0,0.0,0.0,0.0,0.0,0.0,0.0,0.0,0.0,0.0,1.0,1.0,0.0,0,0,0,0,0,0,0,0.0,0.0,0.2,0.0
21,1200,1,dpga,roi_shared,0.45052921772003174,0.0,global_ddp_mean,2,0.0,4.564902305603027,4.564902305603027,0.0,0.0,0.0,0.0,0.0,0.0,0.0,0.0,0.0,0.0,0.0,0.0,0.0,1.0,1.0,0.0,0,0,0,0,0,0,0,0.0,0.0,0.2,0.0
21,1200,1,dpga,roi_cls,0.45052921772003174,0.0,global_ddp_mean,2,0.0,3.403407573699951,3.403407573699951,0.0,0.0,0.0,0.0,0.0,0.0,0.0,0.0,0.0,0.0,0.0,0.0,0.0,1.0,1.0,0.0,0,0,0,0,0,0,0,0.0,0.0,0.2,0.0
21,1200,1,dpga,roi_reg,0.45052921772003174,0.0,global_ddp_mean,2,0.0,0.9105399250984192,0.9105399250984192,0.0,0.0,0.0,0.0,0.0,0.0,0.0,0.0,0.0,0.0,0.0,0.0,0.0,1.0,1.0,0.0,0,0,0,0,0,0,0,0.0,0.0,0.2,0.0
21,1300,1,dpga,backbone,0.87416011095047,0.0,global_ddp_mean,2,0.0,17.828907012939453,17.828907012939453,0.0,0.0,0.0,0.0,0.0,0.0,0.0,0.0,0.0,0.0,0.0,0.0,0.0,1.0,1.0,0.0,0,0,0,0,0,0,0,0.0,0.0,0.2,0.0
21,1300,1,dpga,fpn,0.87416011095047,0.0,global_ddp_mean,2,0.0,4.583284854888916,4.583284854888916,0.0,0.0,0.0,0.0,0.0,0.0,0.0,0.0,0.0,0.0,0.0,0.0,0.0,1.0,1.0,0.0,0,0,0,0,0,0,0,0.0,0.0,0.2,0.0
21,1300,1,dpga,rpn,0.87416011095047,0.0,global_ddp_mean,2,0.0,5.754213333129883,5.754213333129883,0.0,0.0,0.0,0.0,0.0,0.0,0.0,0.0,0.0,0.0,0.0,0.0,0.0,1.0,1.0,0.0,0,0,0,0,0,0,0,0.0,0.0,0.2,0.0
21,1300,1,dpga,roi_shared,0.87416011095047,0.0,global_ddp_mean,2,0.0,8.888699531555176,8.888699531555176,0.0,0.0,0.0,0.0,0.0,0.0,0.0,0.0,0.0,0.0,0.0,0.0,0.0,1.0,1.0,0.0,0,0,0,0,0,0,0,0.0,0.0,0.2,0.0
21,1300,1,dpga,roi_cls,0.87416011095047,0.0,global_ddp_mean,2,0.0,6.449416637420654,6.449416637420654,0.0,0.0,0.0,0.0,0.0,0.0,0.0,0.0,0.0,0.0,0.0,0.0,0.0,1.0,1.0,0.0,0,0,0,0,0,0,0,0.0,0.0,0.2,0.0
21,1300,1,dpga,roi_reg,0.87416011095047,0.0,global_ddp_mean,2,0.0,6.274055480957031,6.274055480957031,0.0,0.0,0.0,0.0,0.0,0.0,0.0,0.0,0.0,0.0,0.0,0.0,0.0,1.0,1.0,0.0,0,0,0,0,0,0,0,0.0,0.0,0.2,0.0
21,1400,1,dpga,backbone,0.17906589806079865,0.0,global_ddp_mean,2,0.0,50.716739654541016,50.716739654541016,0.0,0.0,0.0,0.0,0.0,0.0,0.0,0.0,0.0,0.0,0.0,0.0,0.0,1.0,1.0,0.0,0,0,0,0,0,0,0,0.0,0.0,0.2,0.0
21,1400,1,dpga,fpn,0.17906589806079865,0.0,global_ddp_mean,2,0.0,5.510497570037842,5.510497570037842,0.0,0.0,0.0,0.0,0.0,0.0,0.0,0.0,0.0,0.0,0.0,0.0,0.0,1.0,1.0,0.0,0,0,0,0,0,0,0,0.0,0.0,0.2,0.0
21,1400,1,dpga,rpn,0.17906589806079865,0.0,global_ddp_mean,2,0.0,7.008750915527344,7.008750915527344,0.0,0.0,0.0,0.0,0.0,0.0,0.0,0.0,0.0,0.0,0.0,0.0,0.0,1.0,1.0,0.0,0,0,0,0,0,0,0,0.0,0.0,0.2,0.0
21,1400,1,dpga,roi_shared,0.17906589806079865,0.0,global_ddp_mean,2,0.0,13.022492408752441,13.022492408752441,0.0,0.0,0.0,0.0,0.0,0.0,0.0,0.0,0.0,0.0,0.0,0.0,0.0,1.0,1.0,0.0,0,0,0,0,0,0,0,0.0,0.0,0.2,0.0
21,1400,1,dpga,roi_cls,0.17906589806079865,0.0,global_ddp_mean,2,0.0,13.62948226928711,13.62948226928711,0.0,0.0,0.0,0.0,0.0,0.0,0.0,0.0,0.0,0.0,0.0,0.0,0.0,1.0,1.0,0.0,0,0,0,0,0,0,0,0.0,0.0,0.2,0.0
21,1400,1,dpga,roi_reg,0.17906589806079865,0.0,global_ddp_mean,2,0.0,4.243968963623047,4.243968963623047,0.0,0.0,0.0,0.0,0.0,0.0,0.0,0.0,0.0,0.0,0.0,0.0,0.0,1.0,1.0,0.0,0,0,0,0,0,0,0,0.0,0.0,0.2,0.0
22,0,1,dpga,backbone,0.33126959204673767,0.0,global_ddp_mean,2,0.0,22.79965591430664,22.79965591430664,0.0,0.0,0.0,0.0,0.0,0.0,0.0,0.0,0.0,0.0,0.0,0.0,0.0,1.0,1.0,0.0,0,0,0,0,0,0,0,0.0,0.0,0.2,0.0
22,0,1,dpga,fpn,0.33126959204673767,0.0,global_ddp_mean,2,0.0,7.182003974914551,7.182003974914551,0.0,0.0,0.0,0.0,0.0,0.0,0.0,0.0,0.0,0.0,0.0,0.0,0.0,1.0,1.0,0.0,0,0,0,0,0,0,0,0.0,0.0,0.2,0.0
22,0,1,dpga,rpn,0.33126959204673767,0.0,global_ddp_mean,2,0.0,5.8297014236450195,5.8297014236450195,0.0,0.0,0.0,0.0,0.0,0.0,0.0,0.0,0.0,0.0,0.0,0.0,0.0,1.0,1.0,0.0,0,0,0,0,0,0,0,0.0,0.0,0.2,0.0
22,0,1,dpga,roi_shared,0.33126959204673767,0.0,global_ddp_mean,2,0.0,15.184432029724121,15.184432029724121,0.0,0.0,0.0,0.0,0.0,0.0,0.0,0.0,0.0,0.0,0.0,0.0,0.0,1.0,1.0,0.0,0,0,0,0,0,0,0,0.0,0.0,0.2,0.0
22,0,1,dpga,roi_cls,0.33126959204673767,0.0,global_ddp_mean,2,0.0,12.664907455444336,12.664907455444336,0.0,0.0,0.0,0.0,0.0,0.0,0.0,0.0,0.0,0.0,0.0,0.0,0.0,1.0,1.0,0.0,0,0,0,0,0,0,0,0.0,0.0,0.2,0.0
22,0,1,dpga,roi_reg,0.33126959204673767,0.0,global_ddp_mean,2,0.0,4.577054023742676,4.577054023742676,0.0,0.0,0.0,0.0,0.0,0.0,0.0,0.0,0.0,0.0,0.0,0.0,0.0,1.0,1.0,0.0,0,0,0,0,0,0,0,0.0,0.0,0.2,0.0
22,100,1,dpga,backbone,0.15476948022842407,-0.0,global_ddp_mean,2,0.0,3.912672758102417,3.912672758102417,0.0,0.0,0.0,0.0,0.0,0.0,0.0,0.0,0.0,0.0,0.0,0.0,0.0,1.0,1.0,0.0,0,0,0,0,0,0,0,0.0,0.0,0.2,0.0
22,100,1,dpga,fpn,0.15476948022842407,-0.0,global_ddp_mean,2,0.0,0.728054940700531,0.728054940700531,0.0,0.0,0.0,0.0,0.0,0.0,0.0,0.0,0.0,0.0,0.0,0.0,0.0,1.0,1.0,0.0,0,0,0,0,0,0,0,0.0,0.0,0.2,0.0
22,100,1,dpga,rpn,0.15476948022842407,-0.0,global_ddp_mean,2,0.0,0.9172992706298828,0.9172992706298828,0.0,0.0,0.0,0.0,0.0,0.0,0.0,0.0,0.0,0.0,0.0,0.0,0.0,1.0,1.0,0.0,0,0,0,0,0,0,0,0.0,0.0,0.2,0.0
22,100,1,dpga,roi_shared,0.15476948022842407,-0.0,global_ddp_mean,2,0.0,1.4539532661437988,1.4539532661437988,0.0,0.0,0.0,0.0,0.0,0.0,0.0,0.0,0.0,0.0,0.0,0.0,0.0,1.0,1.0,0.0,0,0,0,0,0,0,0,0.0,0.0,0.2,0.0
22,100,1,dpga,roi_cls,0.15476948022842407,-0.0,global_ddp_mean,2,0.0,1.2490123510360718,1.2490123510360718,0.0,0.0,0.0,0.0,0.0,0.0,0.0,0.0,0.0,0.0,0.0,0.0,0.0,1.0,1.0,0.0,0,0,0,0,0,0,0,0.0,0.0,0.2,0.0
22,100,1,dpga,roi_reg,0.15476948022842407,-0.0,global_ddp_mean,2,0.0,0.5275870561599731,0.5275870561599731,0.0,0.0,0.0,0.0,0.0,0.0,0.0,0.0,0.0,0.0,0.0,0.0,0.0,1.0,1.0,0.0,0,0,0,0,0,0,0,0.0,0.0,0.2,0.0
22,200,1,dpga,backbone,0.8166553974151611,0.0,global_ddp_mean,2,0.0,36.28410339355469,36.28410339355469,0.0,0.0,0.0,0.0,0.0,0.0,0.0,0.0,0.0,0.0,0.0,0.0,0.0,1.0,1.0,0.0,0,0,0,0,0,0,0,0.0,0.0,0.2,0.0
22,200,1,dpga,fpn,0.8166553974151611,0.0,global_ddp_mean,2,0.0,5.720340728759766,5.720340728759766,0.0,0.0,0.0,0.0,0.0,0.0,0.0,0.0,0.0,0.0,0.0,0.0,0.0,1.0,1.0,0.0,0,0,0,0,0,0,0,0.0,0.0,0.2,0.0
22,200,1,dpga,rpn,0.8166553974151611,0.0,global_ddp_mean,2,0.0,3.721470355987549,3.721470355987549,0.0,0.0,0.0,0.0,0.0,0.0,0.0,0.0,0.0,0.0,0.0,0.0,0.0,1.0,1.0,0.0,0,0,0,0,0,0,0,0.0,0.0,0.2,0.0
22,200,1,dpga,roi_shared,0.8166553974151611,0.0,global_ddp_mean,2,0.0,11.613569259643555,11.613569259643555,0.0,0.0,0.0,0.0,0.0,0.0,0.0,0.0,0.0,0.0,0.0,0.0,0.0,1.0,1.0,0.0,0,0,0,0,0,0,0,0.0,0.0,0.2,0.0
22,200,1,dpga,roi_cls,0.8166553974151611,0.0,global_ddp_mean,2,0.0,8.745076179504395,8.745076179504395,0.0,0.0,0.0,0.0,0.0,0.0,0.0,0.0,0.0,0.0,0.0,0.0,0.0,1.0,1.0,0.0,0,0,0,0,0,0,0,0.0,0.0,0.2,0.0
22,200,1,dpga,roi_reg,0.8166553974151611,0.0,global_ddp_mean,2,0.0,3.4207513332366943,3.4207513332366943,0.0,0.0,0.0,0.0,0.0,0.0,0.0,0.0,0.0,0.0,0.0,0.0,0.0,1.0,1.0,0.0,0,0,0,0,0,0,0,0.0,0.0,0.2,0.0
22,300,1,dpga,backbone,0.0033116452395915985,0.0,global_ddp_mean,2,0.0,7.064319610595703,7.064319610595703,0.0,0.0,0.0,0.0,0.0,0.0,0.0,0.0,0.0,0.0,0.0,0.0,0.0,1.0,1.0,0.0,0,0,0,0,0,0,0,0.0,0.0,0.2,0.0
22,300,1,dpga,fpn,0.0033116452395915985,0.0,global_ddp_mean,2,0.0,1.1538537740707397,1.1538537740707397,0.0,0.0,0.0,0.0,0.0,0.0,0.0,0.0,0.0,0.0,0.0,0.0,0.0,1.0,1.0,0.0,0,0,0,0,0,0,0,0.0,0.0,0.2,0.0
22,300,1,dpga,rpn,0.0033116452395915985,0.0,global_ddp_mean,2,0.0,1.1231632232666016,1.1231632232666016,0.0,0.0,0.0,0.0,0.0,0.0,0.0,0.0,0.0,0.0,0.0,0.0,0.0,1.0,1.0,0.0,0,0,0,0,0,0,0,0.0,0.0,0.2,0.0
22,300,1,dpga,roi_shared,0.0033116452395915985,0.0,global_ddp_mean,2,0.0,2.0586304664611816,2.0586304664611816,0.0,0.0,0.0,0.0,0.0,0.0,0.0,0.0,0.0,0.0,0.0,0.0,0.0,1.0,1.0,0.0,0,0,0,0,0,0,0,0.0,0.0,0.2,0.0
22,300,1,dpga,roi_cls,0.0033116452395915985,0.0,global_ddp_mean,2,0.0,1.6524362564086914,1.6524362564086914,0.0,0.0,0.0,0.0,0.0,0.0,0.0,0.0,0.0,0.0,0.0,0.0,0.0,1.0,1.0,0.0,0,0,0,0,0,0,0,0.0,0.0,0.2,0.0
22,300,1,dpga,roi_reg,0.0033116452395915985,0.0,global_ddp_mean,2,0.0,0.8903063535690308,0.8903063535690308,0.0,0.0,0.0,0.0,0.0,0.0,0.0,0.0,0.0,0.0,0.0,0.0,0.0,1.0,1.0,0.0,0,0,0,0,0,0,0,0.0,0.0,0.2,0.0
22,400,1,dpga,backbone,0.004011049866676331,0.0,global_ddp_mean,2,0.0,3.0158300399780273,3.0158300399780273,0.0,0.0,0.0,0.0,0.0,0.0,0.0,0.0,0.0,0.0,0.0,0.0,0.0,1.0,1.0,0.0,0,0,0,0,0,0,0,0.0,0.0,0.2,0.0
22,400,1,dpga,fpn,0.004011049866676331,0.0,global_ddp_mean,2,0.0,0.6425792574882507,0.6425792574882507,0.0,0.0,0.0,0.0,0.0,0.0,0.0,0.0,0.0,0.0,0.0,0.0,0.0,1.0,1.0,0.0,0,0,0,0,0,0,0,0.0,0.0,0.2,0.0
22,400,1,dpga,rpn,0.004011049866676331,0.0,global_ddp_mean,2,0.0,0.9981321692466736,0.9981321692466736,0.0,0.0,0.0,0.0,0.0,0.0,0.0,0.0,0.0,0.0,0.0,0.0,0.0,1.0,1.0,0.0,0,0,0,0,0,0,0,0.0,0.0,0.2,0.0
22,400,1,dpga,roi_shared,0.004011049866676331,0.0,global_ddp_mean,2,0.0,0.0,0.0,0.0,0.0,0.0,0.0,0.0,0.0,0.0,0.0,0.0,0.0,0.0,0.0,0.0,0.0,0.0,90.0,0,0,0,0,0,0,0,0.0,0.0,0.2,0.0
22,400,1,dpga,roi_cls,0.004011049866676331,0.0,global_ddp_mean,2,0.0,0.0,0.0,0.0,0.0,0.0,0.0,0.0,0.0,0.0,0.0,0.0,0.0,0.0,0.0,0.0,0.0,0.0,90.0,0,0,0,0,0,0,0,0.0,0.0,0.2,0.0
22,400,1,dpga,roi_reg,0.004011049866676331,0.0,global_ddp_mean,2,0.0,0.0,0.0,0.0,0.0,0.0,0.0,0.0,0.0,0.0,0.0,0.0,0.0,0.0,0.0,0.0,0.0,0.0,90.0,0,0,0,0,0,0,0,0.0,0.0,0.2,0.0
22,500,1,dpga,backbone,0.1680963933467865,0.0,global_ddp_mean,2,0.0,5.792479515075684,5.792479515075684,0.0,0.0,0.0,0.0,0.0,0.0,0.0,0.0,0.0,0.0,0.0,0.0,0.0,1.0,1.0,0.0,0,0,0,0,0,0,0,0.0,0.0,0.2,0.0
22,500,1,dpga,fpn,0.1680963933467865,0.0,global_ddp_mean,2,0.0,1.1949299573898315,1.1949299573898315,0.0,0.0,0.0,0.0,0.0,0.0,0.0,0.0,0.0,0.0,0.0,0.0,0.0,1.0,1.0,0.0,0,0,0,0,0,0,0,0.0,0.0,0.2,0.0
22,500,1,dpga,rpn,0.1680963933467865,0.0,global_ddp_mean,2,0.0,1.5609393119812012,1.5609393119812012,0.0,0.0,0.0,0.0,0.0,0.0,0.0,0.0,0.0,0.0,0.0,0.0,0.0,1.0,1.0,0.0,0,0,0,0,0,0,0,0.0,0.0,0.2,0.0
22,500,1,dpga,roi_shared,0.1680963933467865,0.0,global_ddp_mean,2,0.0,2.1556150913238525,2.1556150913238525,0.0,0.0,0.0,0.0,0.0,0.0,0.0,0.0,0.0,0.0,0.0,0.0,0.0,1.0,1.0,0.0,0,0,0,0,0,0,0,0.0,0.0,0.2,0.0
22,500,1,dpga,roi_cls,0.1680963933467865,0.0,global_ddp_mean,2,0.0,1.6210951805114746,1.6210951805114746,0.0,0.0,0.0,0.0,0.0,0.0,0.0,0.0,0.0,0.0,0.0,0.0,0.0,1.0,1.0,0.0,0,0,0,0,0,0,0,0.0,0.0,0.2,0.0
22,500,1,dpga,roi_reg,0.1680963933467865,0.0,global_ddp_mean,2,0.0,1.508378505706787,1.508378505706787,0.0,0.0,0.0,0.0,0.0,0.0,0.0,0.0,0.0,0.0,0.0,0.0,0.0,1.0,1.0,0.0,0,0,0,0,0,0,0,0.0,0.0,0.2,0.0
22,600,1,dpga,backbone,3.365382194519043,-0.0,global_ddp_mean,2,0.0,148.24942016601562,148.24942016601562,0.0,0.0,0.0,0.0,0.0,0.0,0.0,0.0,0.0,0.0,0.0,0.0,0.0,1.0,1.0,0.0,0,0,0,0,0,0,0,0.0,0.0,0.2,0.0
22,600,1,dpga,fpn,3.365382194519043,-0.0,global_ddp_mean,2,0.0,25.4975643157959,25.4975643157959,0.0,0.0,0.0,0.0,0.0,0.0,0.0,0.0,0.0,0.0,0.0,0.0,0.0,1.0,1.0,0.0,0,0,0,0,0,0,0,0.0,0.0,0.2,0.0
22,600,1,dpga,rpn,3.365382194519043,-0.0,global_ddp_mean,2,0.0,40.207313537597656,40.207313537597656,0.0,0.0,0.0,0.0,0.0,0.0,0.0,0.0,0.0,0.0,0.0,0.0,0.0,1.0,1.0,0.0,0,0,0,0,0,0,0,0.0,0.0,0.2,0.0
22,600,1,dpga,roi_shared,3.365382194519043,-0.0,global_ddp_mean,2,0.0,19.736255645751953,19.736255645751953,0.0,0.0,0.0,0.0,0.0,0.0,0.0,0.0,0.0,0.0,0.0,0.0,0.0,1.0,1.0,0.0,0,0,0,0,0,0,0,0.0,0.0,0.2,0.0
22,600,1,dpga,roi_cls,3.365382194519043,-0.0,global_ddp_mean,2,0.0,17.955673217773438,17.955673217773438,0.0,0.0,0.0,0.0,0.0,0.0,0.0,0.0,0.0,0.0,0.0,0.0,0.0,1.0,1.0,0.0,0,0,0,0,0,0,0,0.0,0.0,0.2,0.0
22,600,1,dpga,roi_reg,3.365382194519043,-0.0,global_ddp_mean,2,0.0,2.6456425189971924,2.6456425189971924,0.0,0.0,0.0,0.0,0.0,0.0,0.0,0.0,0.0,0.0,0.0,0.0,0.0,1.0,1.0,0.0,0,0,0,0,0,0,0,0.0,0.0,0.2,0.0
22,700,1,dpga,backbone,0.02415880560874939,-0.0,global_ddp_mean,2,0.0,4.9599528312683105,4.9599528312683105,0.0,0.0,0.0,0.0,0.0,0.0,0.0,0.0,0.0,0.0,0.0,0.0,0.0,1.0,1.0,0.0,0,0,0,0,0,0,0,0.0,0.0,0.2,0.0
22,700,1,dpga,fpn,0.02415880560874939,-0.0,global_ddp_mean,2,0.0,0.7505499124526978,0.7505499124526978,0.0,0.0,0.0,0.0,0.0,0.0,0.0,0.0,0.0,0.0,0.0,0.0,0.0,1.0,1.0,0.0,0,0,0,0,0,0,0,0.0,0.0,0.2,0.0
22,700,1,dpga,rpn,0.02415880560874939,-0.0,global_ddp_mean,2,0.0,0.39786750078201294,0.39786750078201294,0.0,0.0,0.0,0.0,0.0,0.0,0.0,0.0,0.0,0.0,0.0,0.0,0.0,1.0,1.0,0.0,0,0,0,0,0,0,0,0.0,0.0,0.2,0.0
22,700,1,dpga,roi_shared,0.02415880560874939,-0.0,global_ddp_mean,2,0.0,1.47688889503479,1.47688889503479,0.0,0.0,0.0,0.0,0.0,0.0,0.0,0.0,0.0,0.0,0.0,0.0,0.0,1.0,1.0,0.0,0,0,0,0,0,0,0,0.0,0.0,0.2,0.0
22,700,1,dpga,roi_cls,0.02415880560874939,-0.0,global_ddp_mean,2,0.0,1.3125267028808594,1.3125267028808594,0.0,0.0,0.0,0.0,0.0,0.0,0.0,0.0,0.0,0.0,0.0,0.0,0.0,1.0,1.0,0.0,0,0,0,0,0,0,0,0.0,0.0,0.2,0.0
22,700,1,dpga,roi_reg,0.02415880560874939,-0.0,global_ddp_mean,2,0.0,0.0,0.0,0.0,0.0,0.0,0.0,0.0,0.0,0.0,0.0,0.0,0.0,0.0,0.0,0.0,0.0,0.0,90.0,0,0,0,0,0,0,0,0.0,0.0,0.2,0.0
22,800,1,dpga,backbone,0.17732760310173035,0.0,global_ddp_mean,2,0.0,8.609634399414062,8.609634399414062,0.0,0.0,0.0,0.0,0.0,0.0,0.0,0.0,0.0,0.0,0.0,0.0,0.0,1.0,1.0,0.0,0,0,0,0,0,0,0,0.0,0.0,0.2,0.0
22,800,1,dpga,fpn,0.17732760310173035,0.0,global_ddp_mean,2,0.0,1.7581795454025269,1.7581795454025269,0.0,0.0,0.0,0.0,0.0,0.0,0.0,0.0,0.0,0.0,0.0,0.0,0.0,1.0,1.0,0.0,0,0,0,0,0,0,0,0.0,0.0,0.2,0.0
22,800,1,dpga,rpn,0.17732760310173035,0.0,global_ddp_mean,2,0.0,1.1519832611083984,1.1519832611083984,0.0,0.0,0.0,0.0,0.0,0.0,0.0,0.0,0.0,0.0,0.0,0.0,0.0,1.0,1.0,0.0,0,0,0,0,0,0,0,0.0,0.0,0.2,0.0
22,800,1,dpga,roi_shared,0.17732760310173035,0.0,global_ddp_mean,2,0.0,3.756789445877075,3.756789445877075,0.0,0.0,0.0,0.0,0.0,0.0,0.0,0.0,0.0,0.0,0.0,0.0,0.0,1.0,1.0,0.0,0,0,0,0,0,0,0,0.0,0.0,0.2,0.0
22,800,1,dpga,roi_cls,0.17732760310173035,0.0,global_ddp_mean,2,0.0,3.6694884300231934,3.6694884300231934,0.0,0.0,0.0,0.0,0.0,0.0,0.0,0.0,0.0,0.0,0.0,0.0,0.0,1.0,1.0,0.0,0,0,0,0,0,0,0,0.0,0.0,0.2,0.0
22,800,1,dpga,roi_reg,0.17732760310173035,0.0,global_ddp_mean,2,0.0,0.46334242820739746,0.46334242820739746,0.0,0.0,0.0,0.0,0.0,0.0,0.0,0.0,0.0,0.0,0.0,0.0,0.0,1.0,1.0,0.0,0,0,0,0,0,0,0,0.0,0.0,0.2,0.0
22,900,1,dpga,backbone,0.4021848440170288,0.0,global_ddp_mean,2,0.045981697738170624,14.933399200439453,14.933399200439453,3.3434431552886963,3.3434431552886963,3.3434431552886963,1.493340015411377,0.1664253703992209,1.493340015411377,0.22389029519751316,0.22389029519751316,0.10000000638618377,0.011144506897955517,0.011144506897955517,0.0005124432230731779,0.0005124432230731779,1.0005124432230732,0.9999381054051905,0.6374795133120191,0,0,0,0,0,0,1,0.4466473162174225,0.5572252869606018,0.2,0.11144506186246872
22,900,1,dpga,fpn,0.4021848440170288,0.0,global_ddp_mean,2,0.02250675857067108,1.9478800296783447,1.9478800296783447,0.8803751468658447,0.8803751468658447,0.8803751468658447,0.2921820282936096,0.030860486935758935,0.2921820282936096,0.45196579535302384,0.45196579535302384,0.1500000122399006,0.01584311480458833,0.01584311480458833,0.00035657713040419326,0.00035657713040419326,1.0003565771304042,0.9998747525992955,0.9068313464924486,0,0,0,0,0,0,1,0.3318835496902466,0.528103768825531,0.2,0.10562075674533844
22,900,1,dpga,rpn,0.4021848440170288,0.0,global_ddp_mean,2,0.0,2.550361156463623,2.550361156463623,0.0,0.0,0.0,0.0,0.0,0.0,0.0,0.0,0.0,0.0,0.0,0.0,0.0,1.0,1.0,0.0,0,0,0,0,0,0,0,0.0,0.0,0.2,0.0
22,900,1,dpga,roi_shared,0.4021848440170288,0.0,global_ddp_mean,2,0.01486013364046812,4.6750383377075195,4.6750383377075195,0.5447737574577332,0.5447737574577332,0.5447737574577332,0.5447737574577332,0.05650029838851944,0.5447737574577332,0.1165281903816155,0.1165281903816155,0.1165281903816155,0.012085526215433193,0.012085526215433193,0.00017959253467671817,0.00017959253467671817,1.0001795925346766,0.9999269658623239,0.6924736087309354,0,0,0,0,0,0,0,1.0,0.5185666084289551,0.2,0.10371332615613937
22,900,1,dpga,roi_cls,0.4021848440170288,0.0,global_ddp_mean,2,0.0,3.1282474994659424,3.1282474994659424,0.0,0.0,0.0,0.0,0.0,0.0,0.0,0.0,0.0,0.0,0.0,0.0,0.0,1.0,1.0,0.0,0,0,0,0,0,0,0,0.0,0.0,0.2,0.0
22,900,1,dpga,roi_reg,0.4021848440170288,0.0,global_ddp_mean,2,0.09600856900215149,5.860005855560303,5.860005855560303,1.4750174283981323,1.4750174283981323,1.4750174283981323,0.29300031065940857,0.036200657089110466,0.29300031065940857,0.2517092072525069,0.2517092072525069,0.05000000305142928,0.006177580361077839,0.006177580361077839,0.0005931006503628776,0.0005931006503628776,1.0005931006503628,0.9999811988706222,0.3513421702904861,0,0,0,0,0,0,1,0.19864192605018616,0.6177579760551453,0.2,0.12355159968137741
22,1000,1,dpga,backbone,0.0933074951171875,0.0,global_ddp_mean,2,0.0,19.18194007873535,19.18194007873535,0.0,0.0,0.0,0.0,0.0,0.0,0.0,0.0,0.0,0.0,0.0,0.0,0.0,1.0,1.0,0.0,0,0,0,0,0,0,0,0.0,0.0,0.2,0.0
22,1000,1,dpga,fpn,0.0933074951171875,0.0,global_ddp_mean,2,0.0,2.7661397457122803,2.7661397457122803,0.0,0.0,0.0,0.0,0.0,0.0,0.0,0.0,0.0,0.0,0.0,0.0,0.0,1.0,1.0,0.0,0,0,0,0,0,0,0,0.0,0.0,0.2,0.0
22,1000,1,dpga,rpn,0.0933074951171875,0.0,global_ddp_mean,2,0.0,2.6415510177612305,2.6415510177612305,0.0,0.0,0.0,0.0,0.0,0.0,0.0,0.0,0.0,0.0,0.0,0.0,0.0,1.0,1.0,0.0,0,0,0,0,0,0,0,0.0,0.0,0.2,0.0
22,1000,1,dpga,roi_shared,0.0933074951171875,0.0,global_ddp_mean,2,0.0,6.202327728271484,6.202327728271484,0.0,0.0,0.0,0.0,0.0,0.0,0.0,0.0,0.0,0.0,0.0,0.0,0.0,1.0,1.0,0.0,0,0,0,0,0,0,0,0.0,0.0,0.2,0.0
22,1000,1,dpga,roi_cls,0.0933074951171875,0.0,global_ddp_mean,2,0.0,5.673453330993652,5.673453330993652,0.0,0.0,0.0,0.0,0.0,0.0,0.0,0.0,0.0,0.0,0.0,0.0,0.0,1.0,1.0,0.0,0,0,0,0,0,0,0,0.0,0.0,0.2,0.0
22,1000,1,dpga,roi_reg,0.0933074951171875,0.0,global_ddp_mean,2,0.0,3.018507957458496,3.018507957458496,0.0,0.0,0.0,0.0,0.0,0.0,0.0,0.0,0.0,0.0,0.0,0.0,0.0,1.0,1.0,0.0,0,0,0,0,0,0,0,0.0,0.0,0.2,0.0
22,1100,1,dpga,backbone,0.16761021316051483,0.0,global_ddp_mean,2,0.0,14.299641609191895,14.299641609191895,0.0,0.0,0.0,0.0,0.0,0.0,0.0,0.0,0.0,0.0,0.0,0.0,0.0,1.0,1.0,0.0,0,0,0,0,0,0,0,0.0,0.0,0.2,0.0
22,1100,1,dpga,fpn,0.16761021316051483,0.0,global_ddp_mean,2,0.0,2.9824512004852295,2.9824512004852295,0.0,0.0,0.0,0.0,0.0,0.0,0.0,0.0,0.0,0.0,0.0,0.0,0.0,1.0,1.0,0.0,0,0,0,0,0,0,0,0.0,0.0,0.2,0.0
22,1100,1,dpga,rpn,0.16761021316051483,0.0,global_ddp_mean,2,0.0,0.9214449524879456,0.9214449524879456,0.0,0.0,0.0,0.0,0.0,0.0,0.0,0.0,0.0,0.0,0.0,0.0,0.0,1.0,1.0,0.0,0,0,0,0,0,0,0,0.0,0.0,0.2,0.0
22,1100,1,dpga,roi_shared,0.16761021316051483,0.0,global_ddp_mean,2,0.0,6.802486896514893,6.802486896514893,0.0,0.0,0.0,0.0,0.0,0.0,0.0,0.0,0.0,0.0,0.0,0.0,0.0,1.0,1.0,0.0,0,0,0,0,0,0,0,0.0,0.0,0.2,0.0
22,1100,1,dpga,roi_cls,0.16761021316051483,0.0,global_ddp_mean,2,0.0,6.375711917877197,6.375711917877197,0.0,0.0,0.0,0.0,0.0,0.0,0.0,0.0,0.0,0.0,0.0,0.0,0.0,1.0,1.0,0.0,0,0,0,0,0,0,0,0.0,0.0,0.2,0.0
22,1100,1,dpga,roi_reg,0.16761021316051483,0.0,global_ddp_mean,2,0.0,1.0860731601715088,1.0860731601715088,0.0,0.0,0.0,0.0,0.0,0.0,0.0,0.0,0.0,0.0,0.0,0.0,0.0,1.0,1.0,0.0,0,0,0,0,0,0,0,0.0,0.0,0.2,0.0
22,1200,1,dpga,backbone,0.0055709644220769405,0.0,global_ddp_mean,2,0.0,4.055296421051025,4.055296421051025,0.0,0.0,0.0,0.0,0.0,0.0,0.0,0.0,0.0,0.0,0.0,0.0,0.0,1.0,1.0,0.0,0,0,0,0,0,0,0,0.0,0.0,0.2,0.0
22,1200,1,dpga,fpn,0.0055709644220769405,0.0,global_ddp_mean,2,0.0,0.8327044248580933,0.8327044248580933,0.0,0.0,0.0,0.0,0.0,0.0,0.0,0.0,0.0,0.0,0.0,0.0,0.0,1.0,1.0,0.0,0,0,0,0,0,0,0,0.0,0.0,0.2,0.0
22,1200,1,dpga,rpn,0.0055709644220769405,0.0,global_ddp_mean,2,0.0,0.7648234963417053,0.7648234963417053,0.0,0.0,0.0,0.0,0.0,0.0,0.0,0.0,0.0,0.0,0.0,0.0,0.0,1.0,1.0,0.0,0,0,0,0,0,0,0,0.0,0.0,0.2,0.0
22,1200,1,dpga,roi_shared,0.0055709644220769405,0.0,global_ddp_mean,2,0.0,1.6978282928466797,1.6978282928466797,0.0,0.0,0.0,0.0,0.0,0.0,0.0,0.0,0.0,0.0,0.0,0.0,0.0,1.0,1.0,0.0,0,0,0,0,0,0,0,0.0,0.0,0.2,0.0
22,1200,1,dpga,roi_cls,0.0055709644220769405,0.0,global_ddp_mean,2,0.0,1.5045746564865112,1.5045746564865112,0.0,0.0,0.0,0.0,0.0,0.0,0.0,0.0,0.0,0.0,0.0,0.0,0.0,1.0,1.0,0.0,0,0,0,0,0,0,0,0.0,0.0,0.2,0.0
22,1200,1,dpga,roi_reg,0.0055709644220769405,0.0,global_ddp_mean,2,0.0,0.12793228030204773,0.12793228030204773,0.0,0.0,0.0,0.0,0.0,0.0,0.0,0.0,0.0,0.0,0.0,0.0,0.0,1.0,1.0,0.0,0,0,0,0,0,0,0,0.0,0.0,0.2,0.0
22,1300,1,dpga,backbone,0.19249972701072693,-0.0,global_ddp_mean,2,0.0,13.69851303100586,13.69851303100586,0.0,0.0,0.0,0.0,0.0,0.0,0.0,0.0,0.0,0.0,0.0,0.0,0.0,1.0,1.0,0.0,0,0,0,0,0,0,0,0.0,0.0,0.2,0.0
22,1300,1,dpga,fpn,0.19249972701072693,-0.0,global_ddp_mean,2,0.0,2.7897751331329346,2.7897751331329346,0.0,0.0,0.0,0.0,0.0,0.0,0.0,0.0,0.0,0.0,0.0,0.0,0.0,1.0,1.0,0.0,0,0,0,0,0,0,0,0.0,0.0,0.2,0.0
22,1300,1,dpga,rpn,0.19249972701072693,-0.0,global_ddp_mean,2,0.0,1.4540313482284546,1.4540313482284546,0.0,0.0,0.0,0.0,0.0,0.0,0.0,0.0,0.0,0.0,0.0,0.0,0.0,1.0,1.0,0.0,0,0,0,0,0,0,0,0.0,0.0,0.2,0.0
22,1300,1,dpga,roi_shared,0.19249972701072693,-0.0,global_ddp_mean,2,0.0,5.9791059494018555,5.9791059494018555,0.0,0.0,0.0,0.0,0.0,0.0,0.0,0.0,0.0,0.0,0.0,0.0,0.0,1.0,1.0,0.0,0,0,0,0,0,0,0,0.0,0.0,0.2,0.0
22,1300,1,dpga,roi_cls,0.19249972701072693,-0.0,global_ddp_mean,2,0.0,4.509802341461182,4.509802341461182,0.0,0.0,0.0,0.0,0.0,0.0,0.0,0.0,0.0,0.0,0.0,0.0,0.0,1.0,1.0,0.0,0,0,0,0,0,0,0,0.0,0.0,0.2,0.0
22,1300,1,dpga,roi_reg,0.19249972701072693,-0.0,global_ddp_mean,2,0.0,1.0100685358047485,1.0100685358047485,0.0,0.0,0.0,0.0,0.0,0.0,0.0,0.0,0.0,0.0,0.0,0.0,0.0,1.0,1.0,0.0,0,0,0,0,0,0,0,0.0,0.0,0.2,0.0
22,1400,1,dpga,backbone,0.002435277448967099,0.0,global_ddp_mean,2,0.0,17.802732467651367,17.802732467651367,0.0,0.0,0.0,0.0,0.0,0.0,0.0,0.0,0.0,0.0,0.0,0.0,0.0,1.0,1.0,0.0,0,0,0,0,0,0,0,0.0,0.0,0.2,0.0
22,1400,1,dpga,fpn,0.002435277448967099,0.0,global_ddp_mean,2,0.0,2.9179108142852783,2.9179108142852783,0.0,0.0,0.0,0.0,0.0,0.0,0.0,0.0,0.0,0.0,0.0,0.0,0.0,1.0,1.0,0.0,0,0,0,0,0,0,0,0.0,0.0,0.2,0.0
22,1400,1,dpga,rpn,0.002435277448967099,0.0,global_ddp_mean,2,0.0,3.129234552383423,3.129234552383423,0.0,0.0,0.0,0.0,0.0,0.0,0.0,0.0,0.0,0.0,0.0,0.0,0.0,1.0,1.0,0.0,0,0,0,0,0,0,0,0.0,0.0,0.2,0.0
22,1400,1,dpga,roi_shared,0.002435277448967099,0.0,global_ddp_mean,2,0.0,6.302403926849365,6.302403926849365,0.0,0.0,0.0,0.0,0.0,0.0,0.0,0.0,0.0,0.0,0.0,0.0,0.0,1.0,1.0,0.0,0,0,0,0,0,0,0,0.0,0.0,0.2,0.0
22,1400,1,dpga,roi_cls,0.002435277448967099,0.0,global_ddp_mean,2,0.0,4.028012275695801,4.028012275695801,0.0,0.0,0.0,0.0,0.0,0.0,0.0,0.0,0.0,0.0,0.0,0.0,0.0,1.0,1.0,0.0,0,0,0,0,0,0,0,0.0,0.0,0.2,0.0
22,1400,1,dpga,roi_reg,0.002435277448967099,0.0,global_ddp_mean,2,0.0,2.7658779621124268,2.7658779621124268,0.0,0.0,0.0,0.0,0.0,0.0,0.0,0.0,0.0,0.0,0.0,0.0,0.0,1.0,1.0,0.0,0,0,0,0,0,0,0,0.0,0.0,0.2,0.0
23,0,1,dpga,backbone,0.3257114589214325,0.0,global_ddp_mean,2,0.0,9.986515045166016,9.986515045166016,0.0,0.0,0.0,0.0,0.0,0.0,0.0,0.0,0.0,0.0,0.0,0.0,0.0,1.0,1.0,0.0,0,0,0,0,0,0,0,0.0,0.0,0.2,0.0
23,0,1,dpga,fpn,0.3257114589214325,0.0,global_ddp_mean,2,0.0,2.896766424179077,2.896766424179077,0.0,0.0,0.0,0.0,0.0,0.0,0.0,0.0,0.0,0.0,0.0,0.0,0.0,1.0,1.0,0.0,0,0,0,0,0,0,0,0.0,0.0,0.2,0.0
23,0,1,dpga,rpn,0.3257114589214325,0.0,global_ddp_mean,2,0.0,2.2669825553894043,2.2669825553894043,0.0,0.0,0.0,0.0,0.0,0.0,0.0,0.0,0.0,0.0,0.0,0.0,0.0,1.0,1.0,0.0,0,0,0,0,0,0,0,0.0,0.0,0.2,0.0
23,0,1,dpga,roi_shared,0.3257114589214325,0.0,global_ddp_mean,2,0.0,5.905043601989746,5.905043601989746,0.0,0.0,0.0,0.0,0.0,0.0,0.0,0.0,0.0,0.0,0.0,0.0,0.0,1.0,1.0,0.0,0,0,0,0,0,0,0,0.0,0.0,0.2,0.0
23,0,1,dpga,roi_cls,0.3257114589214325,0.0,global_ddp_mean,2,0.0,3.5255589485168457,3.5255589485168457,0.0,0.0,0.0,0.0,0.0,0.0,0.0,0.0,0.0,0.0,0.0,0.0,0.0,1.0,1.0,0.0,0,0,0,0,0,0,0,0.0,0.0,0.2,0.0
23,0,1,dpga,roi_reg,0.3257114589214325,0.0,global_ddp_mean,2,0.0,2.79296612739563,2.79296612739563,0.0,0.0,0.0,0.0,0.0,0.0,0.0,0.0,0.0,0.0,0.0,0.0,0.0,1.0,1.0,0.0,0,0,0,0,0,0,0,0.0,0.0,0.2,0.0
23,100,1,dpga,backbone,0.9646655321121216,0.0,global_ddp_mean,2,0.0,28.7243709564209,28.7243709564209,0.0,0.0,0.0,0.0,0.0,0.0,0.0,0.0,0.0,0.0,0.0,0.0,0.0,1.0,1.0,0.0,0,0,0,0,0,0,0,0.0,0.0,0.2,0.0
23,100,1,dpga,fpn,0.9646655321121216,0.0,global_ddp_mean,2,0.0,3.4852442741394043,3.4852442741394043,0.0,0.0,0.0,0.0,0.0,0.0,0.0,0.0,0.0,0.0,0.0,0.0,0.0,1.0,1.0,0.0,0,0,0,0,0,0,0,0.0,0.0,0.2,0.0
23,100,1,dpga,rpn,0.9646655321121216,0.0,global_ddp_mean,2,0.0,6.294926643371582,6.294926643371582,0.0,0.0,0.0,0.0,0.0,0.0,0.0,0.0,0.0,0.0,0.0,0.0,0.0,1.0,1.0,0.0,0,0,0,0,0,0,0,0.0,0.0,0.2,0.0
23,100,1,dpga,roi_shared,0.9646655321121216,0.0,global_ddp_mean,2,0.0,6.947697639465332,6.947697639465332,0.0,0.0,0.0,0.0,0.0,0.0,0.0,0.0,0.0,0.0,0.0,0.0,0.0,1.0,1.0,0.0,0,0,0,0,0,0,0,0.0,0.0,0.2,0.0
23,100,1,dpga,roi_cls,0.9646655321121216,0.0,global_ddp_mean,2,0.0,4.650475978851318,4.650475978851318,0.0,0.0,0.0,0.0,0.0,0.0,0.0,0.0,0.0,0.0,0.0,0.0,0.0,1.0,1.0,0.0,0,0,0,0,0,0,0,0.0,0.0,0.2,0.0
23,100,1,dpga,roi_reg,0.9646655321121216,0.0,global_ddp_mean,2,0.0,2.6860663890838623,2.6860663890838623,0.0,0.0,0.0,0.0,0.0,0.0,0.0,0.0,0.0,0.0,0.0,0.0,0.0,1.0,1.0,0.0,0,0,0,0,0,0,0,0.0,0.0,0.2,0.0
23,200,1,dpga,backbone,0.21968533098697662,0.0,global_ddp_mean,2,0.0,13.149017333984375,13.149017333984375,0.0,0.0,0.0,0.0,0.0,0.0,0.0,0.0,0.0,0.0,0.0,0.0,0.0,1.0,1.0,0.0,0,0,0,0,0,0,0,0.0,0.0,0.2,0.0
23,200,1,dpga,fpn,0.21968533098697662,0.0,global_ddp_mean,2,0.0,1.92042076587677,1.92042076587677,0.0,0.0,0.0,0.0,0.0,0.0,0.0,0.0,0.0,0.0,0.0,0.0,0.0,1.0,1.0,0.0,0,0,0,0,0,0,0,0.0,0.0,0.2,0.0
23,200,1,dpga,rpn,0.21968533098697662,0.0,global_ddp_mean,2,0.0,1.9342291355133057,1.9342291355133057,0.0,0.0,0.0,0.0,0.0,0.0,0.0,0.0,0.0,0.0,0.0,0.0,0.0,1.0,1.0,0.0,0,0,0,0,0,0,0,0.0,0.0,0.2,0.0
23,200,1,dpga,roi_shared,0.21968533098697662,0.0,global_ddp_mean,2,0.0,4.23483419418335,4.23483419418335,0.0,0.0,0.0,0.0,0.0,0.0,0.0,0.0,0.0,0.0,0.0,0.0,0.0,1.0,1.0,0.0,0,0,0,0,0,0,0,0.0,0.0,0.2,0.0
23,200,1,dpga,roi_cls,0.21968533098697662,0.0,global_ddp_mean,2,0.0,3.368034601211548,3.368034601211548,0.0,0.0,0.0,0.0,0.0,0.0,0.0,0.0,0.0,0.0,0.0,0.0,0.0,1.0,1.0,0.0,0,0,0,0,0,0,0,0.0,0.0,0.2,0.0
23,200,1,dpga,roi_reg,0.21968533098697662,0.0,global_ddp_mean,2,0.0,3.1321582794189453,3.1321582794189453,0.0,0.0,0.0,0.0,0.0,0.0,0.0,0.0,0.0,0.0,0.0,0.0,0.0,1.0,1.0,0.0,0,0,0,0,0,0,0,0.0,0.0,0.2,0.0
23,300,1,dpga,backbone,0.004285242408514023,0.0,global_ddp_mean,2,0.0,18.495296478271484,18.495296478271484,0.0,0.0,0.0,0.0,0.0,0.0,0.0,0.0,0.0,0.0,0.0,0.0,0.0,1.0,1.0,0.0,0,0,0,0,0,0,0,0.0,0.0,0.2,0.0
23,300,1,dpga,fpn,0.004285242408514023,0.0,global_ddp_mean,2,0.0,2.1893906593322754,2.1893906593322754,0.0,0.0,0.0,0.0,0.0,0.0,0.0,0.0,0.0,0.0,0.0,0.0,0.0,1.0,1.0,0.0,0,0,0,0,0,0,0,0.0,0.0,0.2,0.0
23,300,1,dpga,rpn,0.004285242408514023,0.0,global_ddp_mean,2,0.0,3.20967960357666,3.20967960357666,0.0,0.0,0.0,0.0,0.0,0.0,0.0,0.0,0.0,0.0,0.0,0.0,0.0,1.0,1.0,0.0,0,0,0,0,0,0,0,0.0,0.0,0.2,0.0
23,300,1,dpga,roi_shared,0.004285242408514023,0.0,global_ddp_mean,2,0.0,4.029688835144043,4.029688835144043,0.0,0.0,0.0,0.0,0.0,0.0,0.0,0.0,0.0,0.0,0.0,0.0,0.0,1.0,1.0,0.0,0,0,0,0,0,0,0,0.0,0.0,0.2,0.0
23,300,1,dpga,roi_cls,0.004285242408514023,0.0,global_ddp_mean,2,0.0,3.575270652770996,3.575270652770996,0.0,0.0,0.0,0.0,0.0,0.0,0.0,0.0,0.0,0.0,0.0,0.0,0.0,1.0,1.0,0.0,0,0,0,0,0,0,0,0.0,0.0,0.2,0.0
23,300,1,dpga,roi_reg,0.004285242408514023,0.0,global_ddp_mean,2,0.0,3.40877103805542,3.40877103805542,0.0,0.0,0.0,0.0,0.0,0.0,0.0,0.0,0.0,0.0,0.0,0.0,0.0,1.0,1.0,0.0,0,0,0,0,0,0,0,0.0,0.0,0.2,0.0
23,400,1,dpga,backbone,0.20874647796154022,-0.0,global_ddp_mean,2,0.0,6.168918609619141,6.168918609619141,0.0,0.0,0.0,0.0,0.0,0.0,0.0,0.0,0.0,0.0,0.0,0.0,0.0,1.0,1.0,0.0,0,0,0,0,0,0,0,0.0,0.0,0.2,0.0
23,400,1,dpga,fpn,0.20874647796154022,-0.0,global_ddp_mean,2,0.0,1.2597678899765015,1.2597678899765015,0.0,0.0,0.0,0.0,0.0,0.0,0.0,0.0,0.0,0.0,0.0,0.0,0.0,1.0,1.0,0.0,0,0,0,0,0,0,0,0.0,0.0,0.2,0.0
23,400,1,dpga,rpn,0.20874647796154022,-0.0,global_ddp_mean,2,0.0,2.315204381942749,2.315204381942749,0.0,0.0,0.0,0.0,0.0,0.0,0.0,0.0,0.0,0.0,0.0,0.0,0.0,1.0,1.0,0.0,0,0,0,0,0,0,0,0.0,0.0,0.2,0.0
23,400,1,dpga,roi_shared,0.20874647796154022,-0.0,global_ddp_mean,2,0.0,1.5094356536865234,1.5094356536865234,0.0,0.0,0.0,0.0,0.0,0.0,0.0,0.0,0.0,0.0,0.0,0.0,0.0,1.0,1.0,0.0,0,0,0,0,0,0,0,0.0,0.0,0.2,0.0
23,400,1,dpga,roi_cls,0.20874647796154022,-0.0,global_ddp_mean,2,0.0,0.7612137198448181,0.7612137198448181,0.0,0.0,0.0,0.0,0.0,0.0,0.0,0.0,0.0,0.0,0.0,0.0,0.0,1.0,1.0,0.0,0,0,0,0,0,0,0,0.0,0.0,0.2,0.0
23,400,1,dpga,roi_reg,0.20874647796154022,-0.0,global_ddp_mean,2,0.0,1.052963137626648,1.052963137626648,0.0,0.0,0.0,0.0,0.0,0.0,0.0,0.0,0.0,0.0,0.0,0.0,0.0,1.0,1.0,0.0,0,0,0,0,0,0,0,0.0,0.0,0.2,0.0
23,500,1,dpga,backbone,0.3642732799053192,0.0,global_ddp_mean,2,0.0,14.077485084533691,14.077485084533691,0.0,0.0,0.0,0.0,0.0,0.0,0.0,0.0,0.0,0.0,0.0,0.0,0.0,1.0,1.0,0.0,0,0,0,0,0,0,0,0.0,0.0,0.2,0.0
23,500,1,dpga,fpn,0.3642732799053192,0.0,global_ddp_mean,2,0.0,1.7808729410171509,1.7808729410171509,0.0,0.0,0.0,0.0,0.0,0.0,0.0,0.0,0.0,0.0,0.0,0.0,0.0,1.0,1.0,0.0,0,0,0,0,0,0,0,0.0,0.0,0.2,0.0
23,500,1,dpga,rpn,0.3642732799053192,0.0,global_ddp_mean,2,0.0,1.4133925437927246,1.4133925437927246,0.0,0.0,0.0,0.0,0.0,0.0,0.0,0.0,0.0,0.0,0.0,0.0,0.0,1.0,1.0,0.0,0,0,0,0,0,0,0,0.0,0.0,0.2,0.0
23,500,1,dpga,roi_shared,0.3642732799053192,0.0,global_ddp_mean,2,0.0,3.6085281372070312,3.6085281372070312,0.0,0.0,0.0,0.0,0.0,0.0,0.0,0.0,0.0,0.0,0.0,0.0,0.0,1.0,1.0,0.0,0,0,0,0,0,0,0,0.0,0.0,0.2,0.0
23,500,1,dpga,roi_cls,0.3642732799053192,0.0,global_ddp_mean,2,0.0,1.9588383436203003,1.9588383436203003,0.0,0.0,0.0,0.0,0.0,0.0,0.0,0.0,0.0,0.0,0.0,0.0,0.0,1.0,1.0,0.0,0,0,0,0,0,0,0,0.0,0.0,0.2,0.0
23,500,1,dpga,roi_reg,0.3642732799053192,0.0,global_ddp_mean,2,0.0,1.126562476158142,1.126562476158142,0.0,0.0,0.0,0.0,0.0,0.0,0.0,0.0,0.0,0.0,0.0,0.0,0.0,1.0,1.0,0.0,0,0,0,0,0,0,0,0.0,0.0,0.2,0.0
23,600,1,dpga,backbone,0.3200641870498657,-0.0,global_ddp_mean,2,0.0,10.322179794311523,10.322179794311523,0.0,0.0,0.0,0.0,0.0,0.0,0.0,0.0,0.0,0.0,0.0,0.0,0.0,1.0,1.0,0.0,0,0,0,0,0,0,0,0.0,0.0,0.2,0.0
23,600,1,dpga,fpn,0.3200641870498657,-0.0,global_ddp_mean,2,0.0,1.3010317087173462,1.3010317087173462,0.0,0.0,0.0,0.0,0.0,0.0,0.0,0.0,0.0,0.0,0.0,0.0,0.0,1.0,1.0,0.0,0,0,0,0,0,0,0,0.0,0.0,0.2,0.0
23,600,1,dpga,rpn,0.3200641870498657,-0.0,global_ddp_mean,2,0.0,1.0966278314590454,1.0966278314590454,0.0,0.0,0.0,0.0,0.0,0.0,0.0,0.0,0.0,0.0,0.0,0.0,0.0,1.0,1.0,0.0,0,0,0,0,0,0,0,0.0,0.0,0.2,0.0
23,600,1,dpga,roi_shared,0.3200641870498657,-0.0,global_ddp_mean,2,0.0,2.861745595932007,2.861745595932007,0.0,0.0,0.0,0.0,0.0,0.0,0.0,0.0,0.0,0.0,0.0,0.0,0.0,1.0,1.0,0.0,0,0,0,0,0,0,0,0.0,0.0,0.2,0.0
23,600,1,dpga,roi_cls,0.3200641870498657,-0.0,global_ddp_mean,2,0.0,1.6745586395263672,1.6745586395263672,0.0,0.0,0.0,0.0,0.0,0.0,0.0,0.0,0.0,0.0,0.0,0.0,0.0,1.0,1.0,0.0,0,0,0,0,0,0,0,0.0,0.0,0.2,0.0
23,600,1,dpga,roi_reg,0.3200641870498657,-0.0,global_ddp_mean,2,0.0,1.5606505870819092,1.5606505870819092,0.0,0.0,0.0,0.0,0.0,0.0,0.0,0.0,0.0,0.0,0.0,0.0,0.0,1.0,1.0,0.0,0,0,0,0,0,0,0,0.0,0.0,0.2,0.0
23,700,1,dpga,backbone,0.38540905714035034,0.0,global_ddp_mean,2,0.0,8.485306739807129,8.485306739807129,0.0,0.0,0.0,0.0,0.0,0.0,0.0,0.0,0.0,0.0,0.0,0.0,0.0,1.0,1.0,0.0,0,0,0,0,0,0,0,0.0,0.0,0.2,0.0
23,700,1,dpga,fpn,0.38540905714035034,0.0,global_ddp_mean,2,0.0,1.310219645500183,1.310219645500183,0.0,0.0,0.0,0.0,0.0,0.0,0.0,0.0,0.0,0.0,0.0,0.0,0.0,1.0,1.0,0.0,0,0,0,0,0,0,0,0.0,0.0,0.2,0.0
23,700,1,dpga,rpn,0.38540905714035034,0.0,global_ddp_mean,2,0.0,2.066720962524414,2.066720962524414,0.0,0.0,0.0,0.0,0.0,0.0,0.0,0.0,0.0,0.0,0.0,0.0,0.0,1.0,1.0,0.0,0,0,0,0,0,0,0,0.0,0.0,0.2,0.0
23,700,1,dpga,roi_shared,0.38540905714035034,0.0,global_ddp_mean,2,0.0,1.881016492843628,1.881016492843628,0.0,0.0,0.0,0.0,0.0,0.0,0.0,0.0,0.0,0.0,0.0,0.0,0.0,1.0,1.0,0.0,0,0,0,0,0,0,0,0.0,0.0,0.2,0.0
23,700,1,dpga,roi_cls,0.38540905714035034,0.0,global_ddp_mean,2,0.0,0.9793657064437866,0.9793657064437866,0.0,0.0,0.0,0.0,0.0,0.0,0.0,0.0,0.0,0.0,0.0,0.0,0.0,1.0,1.0,0.0,0,0,0,0,0,0,0,0.0,0.0,0.2,0.0
23,700,1,dpga,roi_reg,0.38540905714035034,0.0,global_ddp_mean,2,0.0,1.4564708471298218,1.4564708471298218,0.0,0.0,0.0,0.0,0.0,0.0,0.0,0.0,0.0,0.0,0.0,0.0,0.0,1.0,1.0,0.0,0,0,0,0,0,0,0,0.0,0.0,0.2,0.0
23,800,1,dpga,backbone,0.20282268524169922,-0.0,global_ddp_mean,2,0.0,19.52715301513672,19.52715301513672,0.0,0.0,0.0,0.0,0.0,0.0,0.0,0.0,0.0,0.0,0.0,0.0,0.0,1.0,1.0,0.0,0,0,0,0,0,0,0,0.0,0.0,0.2,0.0
23,800,1,dpga,fpn,0.20282268524169922,-0.0,global_ddp_mean,2,0.0,2.0214009284973145,2.0214009284973145,0.0,0.0,0.0,0.0,0.0,0.0,0.0,0.0,0.0,0.0,0.0,0.0,0.0,1.0,1.0,0.0,0,0,0,0,0,0,0,0.0,0.0,0.2,0.0
23,800,1,dpga,rpn,0.20282268524169922,-0.0,global_ddp_mean,2,0.0,3.1016201972961426,3.1016201972961426,0.0,0.0,0.0,0.0,0.0,0.0,0.0,0.0,0.0,0.0,0.0,0.0,0.0,1.0,1.0,0.0,0,0,0,0,0,0,0,0.0,0.0,0.2,0.0
23,800,1,dpga,roi_shared,0.20282268524169922,-0.0,global_ddp_mean,2,0.0,3.8247222900390625,3.8247222900390625,0.0,0.0,0.0,0.0,0.0,0.0,0.0,0.0,0.0,0.0,0.0,0.0,0.0,1.0,1.0,0.0,0,0,0,0,0,0,0,0.0,0.0,0.2,0.0
23,800,1,dpga,roi_cls,0.20282268524169922,-0.0,global_ddp_mean,2,0.0,3.727539539337158,3.727539539337158,0.0,0.0,0.0,0.0,0.0,0.0,0.0,0.0,0.0,0.0,0.0,0.0,0.0,1.0,1.0,0.0,0,0,0,0,0,0,0,0.0,0.0,0.2,0.0
23,800,1,dpga,roi_reg,0.20282268524169922,-0.0,global_ddp_mean,2,0.0,1.0835827589035034,1.0835827589035034,0.0,0.0,0.0,0.0,0.0,0.0,0.0,0.0,0.0,0.0,0.0,0.0,0.0,1.0,1.0,0.0,0,0,0,0,0,0,0,0.0,0.0,0.2,0.0
23,900,1,dpga,backbone,0.8382364511489868,0.0,global_ddp_mean,2,0.27395397424697876,19.64303207397461,19.64303207397461,3.8631317615509033,3.8631317615509033,3.8631317615509033,1.964302897453308,0.3132446450433317,1.964302897453308,0.1966667746100783,0.1966667746100783,0.09999998422116546,0.01594685809521,0.01594685809521,0.004368705627188792,0.004368705627188792,1.0043687056271888,0.9998833789392626,0.8750449134200264,0,0,0,0,0,0,1,0.5084742903709412,0.7973430156707764,0.2,0.1594686061143875
23,900,1,dpga,fpn,0.8382364511489868,0.0,global_ddp_mean,2,0.028973866254091263,3.9848990440368652,3.9848990440368652,0.9424682855606079,0.9424682855606079,0.9424682855606079,0.5977348685264587,0.06409559995227587,0.5977348685264587,0.23650995298637456,0.23650995298637456,0.15000000299152597,0.016084623285046742,0.016084623285046742,0.00046603366388849537,0.00046603366388849537,1.0004660336638884,0.9998708567005701,0.9208274201468777,0,0,0,0,0,0,1,0.6342228055000305,0.5361540913581848,0.2,0.10723081976175308
23,900,1,dpga,rpn,0.8382364511489868,0.0,global_ddp_mean,2,0.0,4.303264141082764,4.303264141082764,0.0,0.0,0.0,0.0,0.0,0.0,0.0,0.0,0.0,0.0,0.0,0.0,0.0,1.0,1.0,0.0,0,0,0,0,0,0,0,0.0,0.0,0.2,0.0
23,900,1,dpga,roi_shared,0.8382364511489868,0.0,global_ddp_mean,2,-0.027925798669457436,7.9808669090271,7.9808669090271,1.3299580812454224,1.3299580812454224,1.3294395208358765,1.3294395208358765,0.1236775978058029,1.3294395208358765,0.16664331035781546,0.16657833490897553,0.16657833490897553,0.015496762346194758,0.015496762346194758,-1.8735437888533452e-11,-1.8735437888533452e-11,0.9999999999812645,0.9998799815812333,0.8876993958003052,1,0,0,0,0,1,0,1.0,0.4651493728160858,0.2,0.09302987903356552
23,900,1,dpga,roi_cls,0.8382364511489868,0.0,global_ddp_mean,2,0.0,6.367559909820557,6.367559909820557,0.0,0.0,0.0,0.0,0.0,0.0,0.0,0.0,0.0,0.0,0.0,0.0,0.0,1.0,1.0,0.0,0,0,0,0,0,0,0,0.0,0.0,0.2,0.0
23,900,1,dpga,roi_reg,0.8382364511489868,0.0,global_ddp_mean,2,-0.0023974606301635504,6.679494380950928,6.679494380950928,3.9330739974975586,3.9330739974975586,3.933062791824341,0.3339747190475464,0.033197305638124064,0.3339747190475464,0.5888281018267173,0.5888264242037448,0.05,0.004970032721757889,0.004970032721757889,-9.989624236895453e-12,-9.989624236895453e-12,0.9999999999900103,0.9999876499819295,0.2847553377745559,1,0,0,0,0,1,1,0.0849146693944931,0.4970032572746277,0.2,0.09940065443515778
23,1000,1,dpga,backbone,0.013740047812461853,0.0,global_ddp_mean,2,0.0,9.635290145874023,9.635290145874023,0.0,0.0,0.0,0.0,0.0,0.0,0.0,0.0,0.0,0.0,0.0,0.0,0.0,1.0,1.0,0.0,0,0,0,0,0,0,0,0.0,0.0,0.2,0.0
23,1000,1,dpga,fpn,0.013740047812461853,0.0,global_ddp_mean,2,0.0,0.7908380627632141,0.7908380627632141,0.0,0.0,0.0,0.0,0.0,0.0,0.0,0.0,0.0,0.0,0.0,0.0,0.0,1.0,1.0,0.0,0,0,0,0,0,0,0,0.0,0.0,0.2,0.0
23,1000,1,dpga,rpn,0.013740047812461853,0.0,global_ddp_mean,2,0.0,1.1577881574630737,1.1577881574630737,0.0,0.0,0.0,0.0,0.0,0.0,0.0,0.0,0.0,0.0,0.0,0.0,0.0,1.0,1.0,0.0,0,0,0,0,0,0,0,0.0,0.0,0.2,0.0
23,1000,1,dpga,roi_shared,0.013740047812461853,0.0,global_ddp_mean,2,0.0,1.378856897354126,1.378856897354126,0.0,0.0,0.0,0.0,0.0,0.0,0.0,0.0,0.0,0.0,0.0,0.0,0.0,1.0,1.0,0.0,0,0,0,0,0,0,0,0.0,0.0,0.2,0.0
23,1000,1,dpga,roi_cls,0.013740047812461853,0.0,global_ddp_mean,2,0.0,0.8572807312011719,0.8572807312011719,0.0,0.0,0.0,0.0,0.0,0.0,0.0,0.0,0.0,0.0,0.0,0.0,0.0,1.0,1.0,0.0,0,0,0,0,0,0,0,0.0,0.0,0.2,0.0
23,1000,1,dpga,roi_reg,0.013740047812461853,0.0,global_ddp_mean,2,0.0,0.49170219898223877,0.49170219898223877,0.0,0.0,0.0,0.0,0.0,0.0,0.0,0.0,0.0,0.0,0.0,0.0,0.0,1.0,1.0,0.0,0,0,0,0,0,0,0,0.0,0.0,0.2,0.0
23,1100,1,dpga,backbone,0.7629373073577881,0.0,global_ddp_mean,2,0.0,19.576358795166016,19.576358795166016,0.0,0.0,0.0,0.0,0.0,0.0,0.0,0.0,0.0,0.0,0.0,0.0,0.0,1.0,1.0,0.0,0,0,0,0,0,0,0,0.0,0.0,0.2,0.0
23,1100,1,dpga,fpn,0.7629373073577881,0.0,global_ddp_mean,2,0.0,2.8867604732513428,2.8867604732513428,0.0,0.0,0.0,0.0,0.0,0.0,0.0,0.0,0.0,0.0,0.0,0.0,0.0,1.0,1.0,0.0,0,0,0,0,0,0,0,0.0,0.0,0.2,0.0
23,1100,1,dpga,rpn,0.7629373073577881,0.0,global_ddp_mean,2,0.0,4.269974231719971,4.269974231719971,0.0,0.0,0.0,0.0,0.0,0.0,0.0,0.0,0.0,0.0,0.0,0.0,0.0,1.0,1.0,0.0,0,0,0,0,0,0,0,0.0,0.0,0.2,0.0
23,1100,1,dpga,roi_shared,0.7629373073577881,0.0,global_ddp_mean,2,0.0,4.052335262298584,4.052335262298584,0.0,0.0,0.0,0.0,0.0,0.0,0.0,0.0,0.0,0.0,0.0,0.0,0.0,1.0,1.0,0.0,0,0,0,0,0,0,0,0.0,0.0,0.2,0.0
23,1100,1,dpga,roi_cls,0.7629373073577881,0.0,global_ddp_mean,2,0.0,3.66096568107605,3.66096568107605,0.0,0.0,0.0,0.0,0.0,0.0,0.0,0.0,0.0,0.0,0.0,0.0,0.0,1.0,1.0,0.0,0,0,0,0,0,0,0,0.0,0.0,0.2,0.0
23,1100,1,dpga,roi_reg,0.7629373073577881,0.0,global_ddp_mean,2,0.0,3.9802732467651367,3.9802732467651367,0.0,0.0,0.0,0.0,0.0,0.0,0.0,0.0,0.0,0.0,0.0,0.0,0.0,1.0,1.0,0.0,0,0,0,0,0,0,0,0.0,0.0,0.2,0.0
23,1200,1,dpga,backbone,0.02158076874911785,0.0,global_ddp_mean,2,0.0,8.234342575073242,8.234342575073242,0.0,0.0,0.0,0.0,0.0,0.0,0.0,0.0,0.0,0.0,0.0,0.0,0.0,1.0,1.0,0.0,0,0,0,0,0,0,0,0.0,0.0,0.2,0.0
23,1200,1,dpga,fpn,0.02158076874911785,0.0,global_ddp_mean,2,0.0,2.023879051208496,2.023879051208496,0.0,0.0,0.0,0.0,0.0,0.0,0.0,0.0,0.0,0.0,0.0,0.0,0.0,1.0,1.0,0.0,0,0,0,0,0,0,0,0.0,0.0,0.2,0.0
23,1200,1,dpga,rpn,0.02158076874911785,0.0,global_ddp_mean,2,0.0,2.3625285625457764,2.3625285625457764,0.0,0.0,0.0,0.0,0.0,0.0,0.0,0.0,0.0,0.0,0.0,0.0,0.0,1.0,1.0,0.0,0,0,0,0,0,0,0,0.0,0.0,0.2,0.0
23,1200,1,dpga,roi_shared,0.02158076874911785,0.0,global_ddp_mean,2,0.0,4.163717746734619,4.163717746734619,0.0,0.0,0.0,0.0,0.0,0.0,0.0,0.0,0.0,0.0,0.0,0.0,0.0,1.0,1.0,0.0,0,0,0,0,0,0,0,0.0,0.0,0.2,0.0
23,1200,1,dpga,roi_cls,0.02158076874911785,0.0,global_ddp_mean,2,0.0,2.7811036109924316,2.7811036109924316,0.0,0.0,0.0,0.0,0.0,0.0,0.0,0.0,0.0,0.0,0.0,0.0,0.0,1.0,1.0,0.0,0,0,0,0,0,0,0,0.0,0.0,0.2,0.0
23,1200,1,dpga,roi_reg,0.02158076874911785,0.0,global_ddp_mean,2,0.0,2.77406907081604,2.77406907081604,0.0,0.0,0.0,0.0,0.0,0.0,0.0,0.0,0.0,0.0,0.0,0.0,0.0,1.0,1.0,0.0,0,0,0,0,0,0,0,0.0,0.0,0.2,0.0
23,1300,1,dpga,backbone,0.5914078950881958,0.0,global_ddp_mean,2,0.0,36.91561508178711,36.91561508178711,0.0,0.0,0.0,0.0,0.0,0.0,0.0,0.0,0.0,0.0,0.0,0.0,0.0,1.0,1.0,0.0,0,0,0,0,0,0,0,0.0,0.0,0.2,0.0
23,1300,1,dpga,fpn,0.5914078950881958,0.0,global_ddp_mean,2,0.0,3.0351054668426514,3.0351054668426514,0.0,0.0,0.0,0.0,0.0,0.0,0.0,0.0,0.0,0.0,0.0,0.0,0.0,1.0,1.0,0.0,0,0,0,0,0,0,0,0.0,0.0,0.2,0.0
23,1300,1,dpga,rpn,0.5914078950881958,0.0,global_ddp_mean,2,0.0,3.6444191932678223,3.6444191932678223,0.0,0.0,0.0,0.0,0.0,0.0,0.0,0.0,0.0,0.0,0.0,0.0,0.0,1.0,1.0,0.0,0,0,0,0,0,0,0,0.0,0.0,0.2,0.0
23,1300,1,dpga,roi_shared,0.5914078950881958,0.0,global_ddp_mean,2,0.0,5.067103862762451,5.067103862762451,0.0,0.0,0.0,0.0,0.0,0.0,0.0,0.0,0.0,0.0,0.0,0.0,0.0,1.0,1.0,0.0,0,0,0,0,0,0,0,0.0,0.0,0.2,0.0
23,1300,1,dpga,roi_cls,0.5914078950881958,0.0,global_ddp_mean,2,0.0,4.305592060089111,4.305592060089111,0.0,0.0,0.0,0.0,0.0,0.0,0.0,0.0,0.0,0.0,0.0,0.0,0.0,1.0,1.0,0.0,0,0,0,0,0,0,0,0.0,0.0,0.2,0.0
23,1300,1,dpga,roi_reg,0.5914078950881958,0.0,global_ddp_mean,2,0.0,2.5492899417877197,2.5492899417877197,0.0,0.0,0.0,0.0,0.0,0.0,0.0,0.0,0.0,0.0,0.0,0.0,0.0,1.0,1.0,0.0,0,0,0,0,0,0,0,0.0,0.0,0.2,0.0
23,1400,1,dpga,backbone,0.6834909915924072,0.007621780503541231,global_ddp_mean,2,0.032606907188892365,9.751333236694336,9.751333236694336,0.9010018706321716,0.9010018706321716,0.9010018706321716,0.9010018706321716,0.09742867581804893,0.9010018706321716,0.0923978135873457,0.0923978135873457,0.0923978135873457,0.009991318464168996,0.009991318464168996,0.000325785993855825,0.000325785993855825,1.000325785993856,0.9999502550674964,0.5714968665492357,0,0,0,0,0,0,0,1.0,0.5406685471534729,0.2,0.1081337109208107
23,1400,1,dpga,fpn,0.6834909915924072,0.007621780503541231,global_ddp_mean,2,0.010842428542673588,2.169300079345703,2.169300079345703,0.24854756891727448,0.24854756891727448,0.24854756891727448,0.24854756891727448,0.02552830813168594,0.24854756891727448,0.11457500568212792,0.11457500568212792,0.11457500568212792,0.011767992992184695,0.011767992992184695,0.00012759362310844612,0.00012759362310844612,1.0001275936231084,0.9999307660307435,0.6742170816031623,0,0,0,0,0,0,0,1.0,0.5135497450828552,0.2,0.10270994901657104
23,1400,1,dpga,rpn,0.6834909915924072,0.007621780503541231,global_ddp_mean,2,0.0,3.8777575492858887,3.8777575492858887,0.0,0.0,0.0,0.0,0.0,0.0,0.0,0.0,0.0,0.0,0.0,0.0,0.0,1.0,1.0,0.0,0,0,0,0,0,0,0,0.0,0.0,0.2,0.0
23,1400,1,dpga,roi_shared,0.6834909915924072,0.007621780503541231,global_ddp_mean,2,-0.08268380165100098,4.078437328338623,4.078437328338623,0.01600128971040249,0.01600128971040249,0.01594649814069271,0.01594649814069271,0.0012696364788341574,0.01594649814069271,0.003923387420769983,0.003909952968969273,0.003909952968969273,0.00031130464357321673,0.00031130464357321673,1.4087161163803207e-12,1.4087161163803207e-12,1.0000000000014089,0.99999988308479,0.027705956079564283,1,0,0,0,0,1,0,1.0,0.3980925679206848,0.2,0.07961851358413696
23,1400,1,dpga,roi_cls,0.6834909915924072,0.007621780503541231,global_ddp_mean,2,0.0,2.608368158340454,2.608368158340454,0.0,0.0,0.0,0.0,0.0,0.0,0.0,0.0,0.0,0.0,0.0,0.0,0.0,1.0,1.0,0.0,0,0,0,0,0,0,0,0.0,0.0,0.2,0.0
23,1400,1,dpga,roi_reg,0.6834909915924072,0.007621780503541231,global_ddp_mean,2,0.06592058390378952,4.11448335647583,4.11448335647583,0.014121590182185173,0.014121590182185173,0.014121590182185173,0.014121590182185173,0.0016428006429322767,0.014121590182185173,0.0034321660725541757,0.0034321660725541757,0.0034321660725541757,0.0003992726426628157,0.0003992726426628157,2.6320285741141918e-05,2.6320285741141918e-05,1.0000263202857411,0.9999998968319476,0.026026169271463017,0,0,0,0,0,0,0,1.0,0.5816627740859985,0.2,0.11633255332708359
24,0,1,dpga,backbone,0.1041913628578186,0.0,global_ddp_mean,2,0.0,10.87732219696045,10.87732219696045,0.0,0.0,0.0,0.0,0.0,0.0,0.0,0.0,0.0,0.0,0.0,0.0,0.0,1.0,1.0,0.0,0,0,0,0,0,0,0,0.0,0.0,0.2,0.0
24,0,1,dpga,fpn,0.1041913628578186,0.0,global_ddp_mean,2,0.0,2.1098692417144775,2.1098692417144775,0.0,0.0,0.0,0.0,0.0,0.0,0.0,0.0,0.0,0.0,0.0,0.0,0.0,1.0,1.0,0.0,0,0,0,0,0,0,0,0.0,0.0,0.2,0.0
24,0,1,dpga,rpn,0.1041913628578186,0.0,global_ddp_mean,2,0.0,2.4431662559509277,2.4431662559509277,0.0,0.0,0.0,0.0,0.0,0.0,0.0,0.0,0.0,0.0,0.0,0.0,0.0,1.0,1.0,0.0,0,0,0,0,0,0,0,0.0,0.0,0.2,0.0
24,0,1,dpga,roi_shared,0.1041913628578186,0.0,global_ddp_mean,2,0.0,4.639485836029053,4.639485836029053,0.0,0.0,0.0,0.0,0.0,0.0,0.0,0.0,0.0,0.0,0.0,0.0,0.0,1.0,1.0,0.0,0,0,0,0,0,0,0,0.0,0.0,0.2,0.0
24,0,1,dpga,roi_cls,0.1041913628578186,0.0,global_ddp_mean,2,0.0,2.778296947479248,2.778296947479248,0.0,0.0,0.0,0.0,0.0,0.0,0.0,0.0,0.0,0.0,0.0,0.0,0.0,1.0,1.0,0.0,0,0,0,0,0,0,0,0.0,0.0,0.2,0.0
24,0,1,dpga,roi_reg,0.1041913628578186,0.0,global_ddp_mean,2,0.0,1.5892523527145386,1.5892523527145386,0.0,0.0,0.0,0.0,0.0,0.0,0.0,0.0,0.0,0.0,0.0,0.0,0.0,1.0,1.0,0.0,0,0,0,0,0,0,0,0.0,0.0,0.2,0.0
24,100,1,dpga,backbone,0.18178829550743103,0.00010002159251598641,global_ddp_mean,2,-0.6381294131278992,8.270320892333984,8.270320892333984,1.892383333368386e-10,1.892383333368386e-10,1.4563612815710059e-10,1.4563612815710059e-10,1.1510849836515927e-12,1.4563612815710059e-10,2.2881619202013003e-11,1.7609489408336646e-11,1.7609489408336646e-11,1.3918262648291784e-13,1.3918262648291784e-13,8.612551918255453e-21,8.612551918255453e-21,1.0,1.0,0.0,1,0,0,0,0,1,0,1.0,0.039519209414720535,0.2,0.007903842255473137
24,100,1,dpga,fpn,0.18178829550743103,0.00010002159251598641,global_ddp_mean,2,-0.3233606219291687,1.0410540103912354,1.0410540103912354,2.6238322278770987e-11,2.6238322278770987e-11,2.4720371583075718e-11,2.4720371583075718e-11,8.189672477248075e-13,2.4720371583075718e-11,2.5203612893158582e-11,2.3745522649478706e-11,2.3745522649478706e-11,7.86671238523959e-13,7.86671238523959e-13,-3.870772165986799e-21,-3.870772165986799e-21,1.0,1.0,0.0,1,0,0,0,0,1,0,1.0,0.16564622521400452,0.2,0.0331292450428009
24,100,1,dpga,rpn,0.18178829550743103,0.00010002159251598641,global_ddp_mean,2,0.0,1.3879048824310303,1.3879048824310303,0.0,0.0,0.0,0.0,0.0,0.0,0.0,0.0,0.0,0.0,0.0,0.0,0.0,1.0,1.0,0.0,0,0,0,0,0,0,0,0.0,0.0,0.2,0.0
24,100,1,dpga,roi_shared,0.18178829550743103,0.00010002159251598641,global_ddp_mean,2,-0.27974456548690796,1.996272325515747,1.996272325515747,5.91305823749444e-11,5.91305823749444e-11,5.672874323070509e-11,5.672874323070509e-11,2.2466722981035336e-12,5.672874323070509e-11,2.9620498976595145e-11,2.8417336906200376e-11,2.8417336906200376e-11,1.125433774434104e-12,1.125433774434104e-12,-2.3120905778153493e-20,-2.3120905778153493e-20,1.0,1.0,0.0,1,0,0,0,0,1,0,1.0,0.1980188637971878,0.2,0.03960377350449562
24,100,1,dpga,roi_cls,0.18178829550743103,0.00010002159251598641,global_ddp_mean,2,0.0,1.1486032009124756,1.1486032009124756,0.0,0.0,0.0,0.0,0.0,0.0,0.0,0.0,0.0,0.0,0.0,0.0,0.0,1.0,1.0,0.0,0,0,0,0,0,0,0,0.0,0.0,0.2,0.0
24,100,1,dpga,roi_reg,0.18178829550743103,0.00010002159251598641,global_ddp_mean,2,-0.6389884352684021,1.4025342464447021,1.4025342464447021,1.318128245442196e-10,1.318128245442196e-10,1.0101235820014764e-10,1.0101235820014764e-10,7.950985732897638e-13,1.0101235820014764e-10,9.398189376006556e-11,7.202131317378158e-11,7.202131317378158e-11,5.669013610935113e-13,5.669013610935113e-13,-5.799678434788378e-20,-5.799678434788378e-20,1.0,1.0,0.0,1,0,0,0,0,1,0,1.0,0.039356499910354614,0.2,0.007871299982070923
24,200,1,dpga,backbone,0.0042532808147370815,0.0,global_ddp_mean,2,0.0,5.2004923820495605,5.2004923820495605,0.0,0.0,0.0,0.0,0.0,0.0,0.0,0.0,0.0,0.0,0.0,0.0,0.0,1.0,1.0,0.0,0,0,0,0,0,0,0,0.0,0.0,0.2,0.0
24,200,1,dpga,fpn,0.0042532808147370815,0.0,global_ddp_mean,2,0.0,0.9230262637138367,0.9230262637138367,0.0,0.0,0.0,0.0,0.0,0.0,0.0,0.0,0.0,0.0,0.0,0.0,0.0,1.0,1.0,0.0,0,0,0,0,0,0,0,0.0,0.0,0.2,0.0
24,200,1,dpga,rpn,0.0042532808147370815,0.0,global_ddp_mean,2,0.0,0.8024513125419617,0.8024513125419617,0.0,0.0,0.0,0.0,0.0,0.0,0.0,0.0,0.0,0.0,0.0,0.0,0.0,1.0,1.0,0.0,0,0,0,0,0,0,0,0.0,0.0,0.2,0.0
24,200,1,dpga,roi_shared,0.0042532808147370815,0.0,global_ddp_mean,2,0.0,2.2394704818725586,2.2394704818725586,0.0,0.0,0.0,0.0,0.0,0.0,0.0,0.0,0.0,0.0,0.0,0.0,0.0,1.0,1.0,0.0,0,0,0,0,0,0,0,0.0,0.0,0.2,0.0
24,200,1,dpga,roi_cls,0.0042532808147370815,0.0,global_ddp_mean,2,0.0,1.6160774230957031,1.6160774230957031,0.0,0.0,0.0,0.0,0.0,0.0,0.0,0.0,0.0,0.0,0.0,0.0,0.0,1.0,1.0,0.0,0,0,0,0,0,0,0,0.0,0.0,0.2,0.0
24,200,1,dpga,roi_reg,0.0042532808147370815,0.0,global_ddp_mean,2,0.0,0.9276063442230225,0.9276063442230225,0.0,0.0,0.0,0.0,0.0,0.0,0.0,0.0,0.0,0.0,0.0,0.0,0.0,1.0,1.0,0.0,0,0,0,0,0,0,0,0.0,0.0,0.2,0.0
24,300,1,dpga,backbone,0.11679872870445251,0.0,global_ddp_mean,2,0.0,5.340378284454346,5.340378284454346,0.0,0.0,0.0,0.0,0.0,0.0,0.0,0.0,0.0,0.0,0.0,0.0,0.0,1.0,1.0,0.0,0,0,0,0,0,0,0,0.0,0.0,0.2,0.0
24,300,1,dpga,fpn,0.11679872870445251,0.0,global_ddp_mean,2,0.0,1.2515662908554077,1.2515662908554077,0.0,0.0,0.0,0.0,0.0,0.0,0.0,0.0,0.0,0.0,0.0,0.0,0.0,1.0,1.0,0.0,0,0,0,0,0,0,0,0.0,0.0,0.2,0.0
24,300,1,dpga,rpn,0.11679872870445251,0.0,global_ddp_mean,2,0.0,1.6548981666564941,1.6548981666564941,0.0,0.0,0.0,0.0,0.0,0.0,0.0,0.0,0.0,0.0,0.0,0.0,0.0,1.0,1.0,0.0,0,0,0,0,0,0,0,0.0,0.0,0.2,0.0
24,300,1,dpga,roi_shared,0.11679872870445251,0.0,global_ddp_mean,2,0.0,2.423492431640625,2.423492431640625,0.0,0.0,0.0,0.0,0.0,0.0,0.0,0.0,0.0,0.0,0.0,0.0,0.0,1.0,1.0,0.0,0,0,0,0,0,0,0,0.0,0.0,0.2,0.0
24,300,1,dpga,roi_cls,0.11679872870445251,0.0,global_ddp_mean,2,0.0,1.993607997894287,1.993607997894287,0.0,0.0,0.0,0.0,0.0,0.0,0.0,0.0,0.0,0.0,0.0,0.0,0.0,1.0,1.0,0.0,0,0,0,0,0,0,0,0.0,0.0,0.2,0.0
24,300,1,dpga,roi_reg,0.11679872870445251,0.0,global_ddp_mean,2,0.0,0.3381463885307312,0.3381463885307312,0.0,0.0,0.0,0.0,0.0,0.0,0.0,0.0,0.0,0.0,0.0,0.0,0.0,1.0,1.0,0.0,0,0,0,0,0,0,0,0.0,0.0,0.2,0.0
24,400,1,dpga,backbone,0.04491826891899109,0.0,global_ddp_mean,2,0.0,7.793598175048828,7.793598175048828,0.0,0.0,0.0,0.0,0.0,0.0,0.0,0.0,0.0,0.0,0.0,0.0,0.0,1.0,1.0,0.0,0,0,0,0,0,0,0,0.0,0.0,0.2,0.0
24,400,1,dpga,fpn,0.04491826891899109,0.0,global_ddp_mean,2,0.0,1.5680959224700928,1.5680959224700928,0.0,0.0,0.0,0.0,0.0,0.0,0.0,0.0,0.0,0.0,0.0,0.0,0.0,1.0,1.0,0.0,0,0,0,0,0,0,0,0.0,0.0,0.2,0.0
24,400,1,dpga,rpn,0.04491826891899109,0.0,global_ddp_mean,2,0.0,0.39134833216667175,0.39134833216667175,0.0,0.0,0.0,0.0,0.0,0.0,0.0,0.0,0.0,0.0,0.0,0.0,0.0,1.0,1.0,0.0,0,0,0,0,0,0,0,0.0,0.0,0.2,0.0
24,400,1,dpga,roi_shared,0.04491826891899109,0.0,global_ddp_mean,2,0.0,3.4470386505126953,3.4470386505126953,0.0,0.0,0.0,0.0,0.0,0.0,0.0,0.0,0.0,0.0,0.0,0.0,0.0,1.0,1.0,0.0,0,0,0,0,0,0,0,0.0,0.0,0.2,0.0
24,400,1,dpga,roi_cls,0.04491826891899109,0.0,global_ddp_mean,2,0.0,3.061028242111206,3.061028242111206,0.0,0.0,0.0,0.0,0.0,0.0,0.0,0.0,0.0,0.0,0.0,0.0,0.0,1.0,1.0,0.0,0,0,0,0,0,0,0,0.0,0.0,0.2,0.0
24,400,1,dpga,roi_reg,0.04491826891899109,0.0,global_ddp_mean,2,0.0,0.07157927006483078,0.07157927006483078,0.0,0.0,0.0,0.0,0.0,0.0,0.0,0.0,0.0,0.0,0.0,0.0,0.0,1.0,1.0,0.0,0,0,0,0,0,0,0,0.0,0.0,0.2,0.0
24,500,1,dpga,backbone,0.10025855153799057,-0.0,global_ddp_mean,2,0.4521150290966034,18.052221298217773,18.052221298217773,25.05633544921875,25.05633544921875,25.05633544921875,1.8052221536636353,0.3269469756807286,1.8052221536636353,1.3879918174774684,1.3879918174774684,0.10000000132071603,0.01811117702800413,0.01811117702800413,0.008188336948255232,0.008188336948255232,1.0081883369482552,0.9998717455299977,0.9176530812641488,0,1,0,0,0,0,1,0.07204653322696686,0.9055588245391846,0.2,0.18111176788806915
24,500,1,dpga,fpn,0.10025855153799057,-0.0,global_ddp_mean,2,0.06074998900294304,2.7200400829315186,2.7200400829315186,6.503700256347656,6.503700256347656,6.503700256347656,0.40800604224205017,0.046949984971126124,0.40800604224205017,2.3910310355935285,2.3910310355935285,0.15000001095657473,0.017260769525324737,0.017260769525324737,0.0010485914302430575,0.0010485914302430575,1.0010485914302432,0.9998518725019702,0.9861905461999483,0,1,0,0,0,0,1,0.0627344474196434,0.5753589272499084,0.2,0.11507178843021393
24,500,1,dpga,rpn,0.10025855153799057,-0.0,global_ddp_mean,2,0.0,3.470947742462158,3.470947742462158,0.0,0.0,0.0,0.0,0.0,0.0,0.0,0.0,0.0,0.0,0.0,0.0,0.0,1.0,1.0,0.0,0,0,0,0,0,0,0,0.0,0.0,0.2,0.0
24,500,1,dpga,roi_shared,0.10025855153799057,-0.0,global_ddp_mean,2,-0.07782425731420517,6.057189464569092,6.057189464569092,0.023831263184547424,0.023831263184547424,0.023758985102176666,0.023758985102176666,0.0019193878166575695,0.023758985102176666,0.003934376384286137,0.003922443773824876,0.003922443773824876,0.00031687762581719323,0.00031687762581719323,1.8586914759947437e-12,1.8586914759947437e-12,1.0000000000018587,0.999999921279355,0.02273431928525947,1,0,0,0,0,1,0,1.0,0.40392881631851196,0.2,0.08078576624393463
24,500,1,dpga,roi_cls,0.10025855153799057,-0.0,global_ddp_mean,2,0.0,5.120973587036133,5.120973587036133,0.0,0.0,0.0,0.0,0.0,0.0,0.0,0.0,0.0,0.0,0.0,0.0,0.0,1.0,1.0,0.0,0,0,0,0,0,0,0,0.0,0.0,0.2,0.0
24,500,1,dpga,roi_reg,0.10025855153799057,-0.0,global_ddp_mean,2,-0.09100691229104996,4.954333782196045,4.954333782196045,0.015989072620868683,0.015989072620868683,0.015922721475362778,0.015922721475362778,0.001236126989921732,0.015922721475362778,0.003227290151165675,0.0032138976046754996,0.0032138976046754996,0.00024950418043368275,0.00024950418043368275,-1.7865317408749695e-12,-1.7865317408749695e-12,0.9999999999982134,0.9999999999982134,0.00010830481306449157,1,0,0,0,0,1,0,1.0,0.3881644606590271,0.2,0.07763289660215378
24,600,1,dpga,backbone,0.3732852339744568,0.03808509558439255,global_ddp_mean,2,0.23274800181388855,11.568540573120117,11.568540573120117,2.1962482929229736,2.1962482929229736,2.1962482929229736,1.1568541526794434,0.17630726424864207,1.1568541526794434,0.1898466171287006,0.1898466171287006,0.10000000824368735,0.015240233902822434,0.015240233902822434,0.0035471339880582013,0.0035471339880582013,1.0035471339880582,0.9998910448547933,0.8457956465890242,0,0,0,0,0,0,1,0.5267410278320312,0.7620116472244263,0.2,0.15240232646465302
24,600,1,dpga,fpn,0.3732852339744568,0.03808509558439255,global_ddp_mean,2,0.1178458109498024,2.1514344215393066,2.1514344215393066,0.6494303345680237,0.6494303345680237,0.6494303345680237,0.322715163230896,0.04151332233745997,0.322715163230896,0.30185922845994523,0.30185922845994523,0.15,0.019295648485422135,0.019295648485422135,0.0022739114873306823,0.0022739114873306823,1.0022739114873307,0.9998172942366897,1.095267916975856,0,0,0,0,0,0,1,0.4969203770160675,0.6431882381439209,0.2,0.1286376565694809
24,600,1,dpga,rpn,0.3732852339744568,0.03808509558439255,global_ddp_mean,2,0.0,1.263379693031311,1.263379693031311,0.0,0.0,0.0,0.0,0.0,0.0,0.0,0.0,0.0,0.0,0.0,0.0,0.0,1.0,1.0,0.0,0,0,0,0,0,0,0,0.0,0.0,0.2,0.0
24,600,1,dpga,roi_shared,0.3732852339744568,0.03808509558439255,global_ddp_mean,2,0.11790820211172104,4.4911065101623535,4.4911065101623535,0.3901633322238922,0.3901633322238922,0.3901633322238922,0.3901633322238922,0.050195278067858506,0.3901633322238922,0.08687465579830744,0.08687465579830744,0.08687465579830744,0.011176594889094258,0.011176594889094258,0.0013178122091041542,0.0013178122091041542,1.0013178122091042,0.9999385950541237,0.6349529262639275,0,0,0,0,0,0,0,1.0,0.6432598233222961,0.2,0.128651961684227
24,600,1,dpga,roi_cls,0.3732852339744568,0.03808509558439255,global_ddp_mean,2,0.0,2.4092700481414795,2.4092700481414795,0.0,0.0,0.0,0.0,0.0,0.0,0.0,0.0,0.0,0.0,0.0,0.0,0.0,1.0,1.0,0.0,0,0,0,0,0,0,0,0.0,0.0,0.2,0.0
24,600,1,dpga,roi_reg,0.3732852339744568,0.03808509558439255,global_ddp_mean,2,0.5737220644950867,2.3623836040496826,2.3623836040496826,0.8579622507095337,0.8579622507095337,0.8579622507095337,0.11811917275190353,0.022354592896759784,0.11811917275190353,0.36317651766579484,0.36317651766579484,0.04999999684615971,0.00946272775447592,0.00946272775447592,0.005428975703052881,0.005428975703052881,1.005428975703053,0.999970219188515,0.44218801952770914,0,0,0,0,0,0,1,0.13767409324645996,0.9462727904319763,0.2,0.18925456702709198
24,700,1,dpga,backbone,0.10003326088190079,-0.0,global_ddp_mean,2,0.0,8.471181869506836,8.471181869506836,0.0,0.0,0.0,0.0,0.0,0.0,0.0,0.0,0.0,0.0,0.0,0.0,0.0,1.0,1.0,0.0,0,0,0,0,0,0,0,0.0,0.0,0.2,0.0
24,700,1,dpga,fpn,0.10003326088190079,-0.0,global_ddp_mean,2,0.0,1.3040850162506104,1.3040850162506104,0.0,0.0,0.0,0.0,0.0,0.0,0.0,0.0,0.0,0.0,0.0,0.0,0.0,1.0,1.0,0.0,0,0,0,0,0,0,0,0.0,0.0,0.2,0.0
24,700,1,dpga,rpn,0.10003326088190079,-0.0,global_ddp_mean,2,0.0,1.814850926399231,1.814850926399231,0.0,0.0,0.0,0.0,0.0,0.0,0.0,0.0,0.0,0.0,0.0,0.0,0.0,1.0,1.0,0.0,0,0,0,0,0,0,0,0.0,0.0,0.2,0.0
24,700,1,dpga,roi_shared,0.10003326088190079,-0.0,global_ddp_mean,2,0.0,2.6296098232269287,2.6296098232269287,0.0,0.0,0.0,0.0,0.0,0.0,0.0,0.0,0.0,0.0,0.0,0.0,0.0,1.0,1.0,0.0,0,0,0,0,0,0,0,0.0,0.0,0.2,0.0
24,700,1,dpga,roi_cls,0.10003326088190079,-0.0,global_ddp_mean,2,0.0,1.5517784357070923,1.5517784357070923,0.0,0.0,0.0,0.0,0.0,0.0,0.0,0.0,0.0,0.0,0.0,0.0,0.0,1.0,1.0,0.0,0,0,0,0,0,0,0,0.0,0.0,0.2,0.0
24,700,1,dpga,roi_reg,0.10003326088190079,-0.0,global_ddp_mean,2,0.0,1.5051504373550415,1.5051504373550415,0.0,0.0,0.0,0.0,0.0,0.0,0.0,0.0,0.0,0.0,0.0,0.0,0.0,1.0,1.0,0.0,0,0,0,0,0,0,0,0.0,0.0,0.2,0.0
24,800,1,dpga,backbone,0.23234596848487854,-0.0,global_ddp_mean,2,0.0,12.77029037475586,12.77029037475586,0.0,0.0,0.0,0.0,0.0,0.0,0.0,0.0,0.0,0.0,0.0,0.0,0.0,1.0,1.0,0.0,0,0,0,0,0,0,0,0.0,0.0,0.2,0.0
24,800,1,dpga,fpn,0.23234596848487854,-0.0,global_ddp_mean,2,0.0,2.2852442264556885,2.2852442264556885,0.0,0.0,0.0,0.0,0.0,0.0,0.0,0.0,0.0,0.0,0.0,0.0,0.0,1.0,1.0,0.0,0,0,0,0,0,0,0,0.0,0.0,0.2,0.0
24,800,1,dpga,rpn,0.23234596848487854,-0.0,global_ddp_mean,2,0.0,2.058206558227539,2.058206558227539,0.0,0.0,0.0,0.0,0.0,0.0,0.0,0.0,0.0,0.0,0.0,0.0,0.0,1.0,1.0,0.0,0,0,0,0,0,0,0,0.0,0.0,0.2,0.0
24,800,1,dpga,roi_shared,0.23234596848487854,-0.0,global_ddp_mean,2,0.0,4.540942192077637,4.540942192077637,0.0,0.0,0.0,0.0,0.0,0.0,0.0,0.0,0.0,0.0,0.0,0.0,0.0,1.0,1.0,0.0,0,0,0,0,0,0,0,0.0,0.0,0.2,0.0
24,800,1,dpga,roi_cls,0.23234596848487854,-0.0,global_ddp_mean,2,0.0,3.894263744354248,3.894263744354248,0.0,0.0,0.0,0.0,0.0,0.0,0.0,0.0,0.0,0.0,0.0,0.0,0.0,1.0,1.0,0.0,0,0,0,0,0,0,0,0.0,0.0,0.2,0.0
24,800,1,dpga,roi_reg,0.23234596848487854,-0.0,global_ddp_mean,2,0.0,0.304092139005661,0.304092139005661,0.0,0.0,0.0,0.0,0.0,0.0,0.0,0.0,0.0,0.0,0.0,0.0,0.0,1.0,1.0,0.0,0,0,0,0,0,0,0,0.0,0.0,0.2,0.0
24,900,1,dpga,backbone,0.5133612155914307,0.0,global_ddp_mean,2,0.0,14.091644287109375,14.091644287109375,0.0,0.0,0.0,0.0,0.0,0.0,0.0,0.0,0.0,0.0,0.0,0.0,0.0,1.0,1.0,0.0,0,0,0,0,0,0,0,0.0,0.0,0.2,0.0
24,900,1,dpga,fpn,0.5133612155914307,0.0,global_ddp_mean,2,0.0,1.5930238962173462,1.5930238962173462,0.0,0.0,0.0,0.0,0.0,0.0,0.0,0.0,0.0,0.0,0.0,0.0,0.0,1.0,1.0,0.0,0,0,0,0,0,0,0,0.0,0.0,0.2,0.0
24,900,1,dpga,rpn,0.5133612155914307,0.0,global_ddp_mean,2,0.0,2.416325807571411,2.416325807571411,0.0,0.0,0.0,0.0,0.0,0.0,0.0,0.0,0.0,0.0,0.0,0.0,0.0,1.0,1.0,0.0,0,0,0,0,0,0,0,0.0,0.0,0.2,0.0
24,900,1,dpga,roi_shared,0.5133612155914307,0.0,global_ddp_mean,2,0.0,2.7466533184051514,2.7466533184051514,0.0,0.0,0.0,0.0,0.0,0.0,0.0,0.0,0.0,0.0,0.0,0.0,0.0,1.0,1.0,0.0,0,0,0,0,0,0,0,0.0,0.0,0.2,0.0
24,900,1,dpga,roi_cls,0.5133612155914307,0.0,global_ddp_mean,2,0.0,1.1916314363479614,1.1916314363479614,0.0,0.0,0.0,0.0,0.0,0.0,0.0,0.0,0.0,0.0,0.0,0.0,0.0,1.0,1.0,0.0,0,0,0,0,0,0,0,0.0,0.0,0.2,0.0
24,900,1,dpga,roi_reg,0.5133612155914307,0.0,global_ddp_mean,2,0.0,3.0803287029266357,3.0803287029266357,0.0,0.0,0.0,0.0,0.0,0.0,0.0,0.0,0.0,0.0,0.0,0.0,0.0,1.0,1.0,0.0,0,0,0,0,0,0,0,0.0,0.0,0.2,0.0
24,1000,1,dpga,backbone,1.0351977348327637,0.0,global_ddp_mean,2,0.0,22.03447914123535,22.03447914123535,0.0,0.0,0.0,0.0,0.0,0.0,0.0,0.0,0.0,0.0,0.0,0.0,0.0,1.0,1.0,0.0,0,0,0,0,0,0,0,0.0,0.0,0.2,0.0
24,1000,1,dpga,fpn,1.0351977348327637,0.0,global_ddp_mean,2,0.0,5.348159313201904,5.348159313201904,0.0,0.0,0.0,0.0,0.0,0.0,0.0,0.0,0.0,0.0,0.0,0.0,0.0,1.0,1.0,0.0,0,0,0,0,0,0,0,0.0,0.0,0.2,0.0
24,1000,1,dpga,rpn,1.0351977348327637,0.0,global_ddp_mean,2,0.0,3.5745551586151123,3.5745551586151123,0.0,0.0,0.0,0.0,0.0,0.0,0.0,0.0,0.0,0.0,0.0,0.0,0.0,1.0,1.0,0.0,0,0,0,0,0,0,0,0.0,0.0,0.2,0.0
24,1000,1,dpga,roi_shared,1.0351977348327637,0.0,global_ddp_mean,2,0.0,11.714269638061523,11.714269638061523,0.0,0.0,0.0,0.0,0.0,0.0,0.0,0.0,0.0,0.0,0.0,0.0,0.0,1.0,1.0,0.0,0,0,0,0,0,0,0,0.0,0.0,0.2,0.0
24,1000,1,dpga,roi_cls,1.0351977348327637,0.0,global_ddp_mean,2,0.0,8.102519989013672,8.102519989013672,0.0,0.0,0.0,0.0,0.0,0.0,0.0,0.0,0.0,0.0,0.0,0.0,0.0,1.0,1.0,0.0,0,0,0,0,0,0,0,0.0,0.0,0.2,0.0
24,1000,1,dpga,roi_reg,1.0351977348327637,0.0,global_ddp_mean,2,0.0,3.2569684982299805,3.2569684982299805,0.0,0.0,0.0,0.0,0.0,0.0,0.0,0.0,0.0,0.0,0.0,0.0,0.0,1.0,1.0,0.0,0,0,0,0,0,0,0,0.0,0.0,0.2,0.0
24,1100,1,dpga,backbone,0.09675917029380798,-0.0,global_ddp_mean,2,0.0,11.635695457458496,11.635695457458496,0.0,0.0,0.0,0.0,0.0,0.0,0.0,0.0,0.0,0.0,0.0,0.0,0.0,1.0,1.0,0.0,0,0,0,0,0,0,0,0.0,0.0,0.2,0.0
24,1100,1,dpga,fpn,0.09675917029380798,-0.0,global_ddp_mean,2,0.0,2.0205764770507812,2.0205764770507812,0.0,0.0,0.0,0.0,0.0,0.0,0.0,0.0,0.0,0.0,0.0,0.0,0.0,1.0,1.0,0.0,0,0,0,0,0,0,0,0.0,0.0,0.2,0.0
24,1100,1,dpga,rpn,0.09675917029380798,-0.0,global_ddp_mean,2,0.0,1.619808316230774,1.619808316230774,0.0,0.0,0.0,0.0,0.0,0.0,0.0,0.0,0.0,0.0,0.0,0.0,0.0,1.0,1.0,0.0,0,0,0,0,0,0,0,0.0,0.0,0.2,0.0
24,1100,1,dpga,roi_shared,0.09675917029380798,-0.0,global_ddp_mean,2,0.0,3.4335410594940186,3.4335410594940186,0.0,0.0,0.0,0.0,0.0,0.0,0.0,0.0,0.0,0.0,0.0,0.0,0.0,1.0,1.0,0.0,0,0,0,0,0,0,0,0.0,0.0,0.2,0.0
24,1100,1,dpga,roi_cls,0.09675917029380798,-0.0,global_ddp_mean,2,0.0,2.841463327407837,2.841463327407837,0.0,0.0,0.0,0.0,0.0,0.0,0.0,0.0,0.0,0.0,0.0,0.0,0.0,1.0,1.0,0.0,0,0,0,0,0,0,0,0.0,0.0,0.2,0.0
24,1100,1,dpga,roi_reg,0.09675917029380798,-0.0,global_ddp_mean,2,0.0,0.691840648651123,0.691840648651123,0.0,0.0,0.0,0.0,0.0,0.0,0.0,0.0,0.0,0.0,0.0,0.0,0.0,1.0,1.0,0.0,0,0,0,0,0,0,0,0.0,0.0,0.2,0.0
24,1200,1,dpga,backbone,0.6713239550590515,0.37274113297462463,global_ddp_mean,2,0.0998467430472374,32.271995544433594,32.271995544433594,11.107804298400879,11.107804298400879,11.107804298400879,3.2271997928619385,0.4016438831622029,3.2271997928619385,0.3441932892903116,0.3441932892903116,0.10000000738778544,0.012445585604063461,0.012445585604063461,0.0012426509097008052,0.0012426509097008052,1.0012426509097008,0.9999233526592014,0.7093963510818162,0,0,0,0,0,0,1,0.29053443670272827,0.6222792267799377,0.2,0.12445584684610367
24,1200,1,dpga,fpn,0.6713239550590515,0.37274113297462463,global_ddp_mean,2,-0.008613942191004753,5.05515718460083,5.05515718460083,3.0622708797454834,3.0622708797454834,3.062157392501831,0.7582736015319824,0.07419468391891115,0.7582736015319824,0.6057716442673363,0.6057491944721058,0.15000000471634353,0.014677028074403938,0.014677028074403938,-4.036568833202656e-12,-4.036568833202656e-12,0.9999999999959635,0.9998921960056882,0.8413156314944986,1,0,0,0,0,1,1,0.24762724339962006,0.48923423886299133,0.2,0.0978468507528305
24,1200,1,dpga,rpn,0.6713239550590515,0.37274113297462463,global_ddp_mean,2,0.0,6.119758605957031,6.119758605957031,0.0,0.0,0.0,0.0,0.0,0.0,0.0,0.0,0.0,0.0,0.0,0.0,0.0,1.0,1.0,0.0,0,0,0,0,0,0,0,0.0,0.0,0.2,0.0
24,1200,1,dpga,roi_shared,0.6713239550590515,0.37274113297462463,global_ddp_mean,2,0.25934240221977234,10.641993522644043,10.641993522644043,1.2664644506721334e-11,1.2664644506721334e-11,1.2664644506721334e-11,1.2664644506721334e-11,1.9890610979376726e-12,1.2664644506721334e-11,1.1900631662454495e-12,1.1900631662454495e-12,1.1900631662454495e-12,1.8690681343728942e-13,1.8690681343728942e-13,4.847286198806946e-14,4.847286198806946e-14,1.0000000000000484,1.0000000000000484,0.0,0,0,0,0,0,0,0,1.0,0.7852810621261597,0.2,0.15705621242523193
24,1200,1,dpga,roi_cls,0.6713239550590515,0.37274113297462463,global_ddp_mean,2,0.0,9.764060974121094,9.764060974121094,0.0,0.0,0.0,0.0,0.0,0.0,0.0,0.0,0.0,0.0,0.0,0.0,0.0,1.0,1.0,0.0,0,0,0,0,0,0,0,0.0,0.0,0.2,0.0
24,1200,1,dpga,roi_reg,0.6713239550590515,0.37274113297462463,global_ddp_mean,2,0.3457697927951813,13.845426559448242,13.845426559448242,3.286550198655647e-11,3.286550198655647e-11,3.286550198655647e-11,3.286550198655647e-11,5.582305148632079e-12,3.286550198655647e-11,2.3737442718316797e-12,2.3737442718316797e-12,2.3737442718316797e-12,4.031876608975015e-13,4.031876608975015e-13,1.3941011396610291e-13,1.3941011396610291e-13,1.0000000000001394,1.0000000000001394,0.0,0,0,0,0,0,0,0,1.0,0.8492651581764221,0.2,0.16985303163528442
24,1300,1,dpga,backbone,0.10893665254116058,0.0,global_ddp_mean,2,0.0,14.272637367248535,14.272637367248535,0.0,0.0,0.0,0.0,0.0,0.0,0.0,0.0,0.0,0.0,0.0,0.0,0.0,1.0,1.0,0.0,0,0,0,0,0,0,0,0.0,0.0,0.2,0.0
24,1300,1,dpga,fpn,0.10893665254116058,0.0,global_ddp_mean,2,0.0,2.3671648502349854,2.3671648502349854,0.0,0.0,0.0,0.0,0.0,0.0,0.0,0.0,0.0,0.0,0.0,0.0,0.0,1.0,1.0,0.0,0,0,0,0,0,0,0,0.0,0.0,0.2,0.0
24,1300,1,dpga,rpn,0.10893665254116058,0.0,global_ddp_mean,2,0.0,1.926318645477295,1.926318645477295,0.0,0.0,0.0,0.0,0.0,0.0,0.0,0.0,0.0,0.0,0.0,0.0,0.0,1.0,1.0,0.0,0,0,0,0,0,0,0,0.0,0.0,0.2,0.0
24,1300,1,dpga,roi_shared,0.10893665254116058,0.0,global_ddp_mean,2,0.0,4.78995418548584,4.78995418548584,0.0,0.0,0.0,0.0,0.0,0.0,0.0,0.0,0.0,0.0,0.0,0.0,0.0,1.0,1.0,0.0,0,0,0,0,0,0,0,0.0,0.0,0.2,0.0
24,1300,1,dpga,roi_cls,0.10893665254116058,0.0,global_ddp_mean,2,0.0,4.5200514793396,4.5200514793396,0.0,0.0,0.0,0.0,0.0,0.0,0.0,0.0,0.0,0.0,0.0,0.0,0.0,1.0,1.0,0.0,0,0,0,0,0,0,0,0.0,0.0,0.2,0.0
24,1300,1,dpga,roi_reg,0.10893665254116058,0.0,global_ddp_mean,2,0.0,0.2774979770183563,0.2774979770183563,0.0,0.0,0.0,0.0,0.0,0.0,0.0,0.0,0.0,0.0,0.0,0.0,0.0,1.0,1.0,0.0,0,0,0,0,0,0,0,0.0,0.0,0.2,0.0
24,1400,1,dpga,backbone,0.1442168802022934,0.0,global_ddp_mean,2,0.0,8.781789779663086,8.781789779663086,0.0,0.0,0.0,0.0,0.0,0.0,0.0,0.0,0.0,0.0,0.0,0.0,0.0,1.0,1.0,0.0,0,0,0,0,0,0,0,0.0,0.0,0.2,0.0
24,1400,1,dpga,fpn,0.1442168802022934,0.0,global_ddp_mean,2,0.0,2.822786569595337,2.822786569595337,0.0,0.0,0.0,0.0,0.0,0.0,0.0,0.0,0.0,0.0,0.0,0.0,0.0,1.0,1.0,0.0,0,0,0,0,0,0,0,0.0,0.0,0.2,0.0
24,1400,1,dpga,rpn,0.1442168802022934,0.0,global_ddp_mean,2,0.0,1.0955519676208496,1.0955519676208496,0.0,0.0,0.0,0.0,0.0,0.0,0.0,0.0,0.0,0.0,0.0,0.0,0.0,1.0,1.0,0.0,0,0,0,0,0,0,0,0.0,0.0,0.2,0.0
24,1400,1,dpga,roi_shared,0.1442168802022934,0.0,global_ddp_mean,2,0.0,6.219748497009277,6.219748497009277,0.0,0.0,0.0,0.0,0.0,0.0,0.0,0.0,0.0,0.0,0.0,0.0,0.0,1.0,1.0,0.0,0,0,0,0,0,0,0,0.0,0.0,0.2,0.0
24,1400,1,dpga,roi_cls,0.1442168802022934,0.0,global_ddp_mean,2,0.0,4.726109981536865,4.726109981536865,0.0,0.0,0.0,0.0,0.0,0.0,0.0,0.0,0.0,0.0,0.0,0.0,0.0,1.0,1.0,0.0,0,0,0,0,0,0,0,0.0,0.0,0.2,0.0
24,1400,1,dpga,roi_reg,0.1442168802022934,0.0,global_ddp_mean,2,0.0,0.9158874750137329,0.9158874750137329,0.0,0.0,0.0,0.0,0.0,0.0,0.0,0.0,0.0,0.0,0.0,0.0,0.0,1.0,1.0,0.0,0,0,0,0,0,0,0,0.0,0.0,0.2,0.0
25,0,1,dpga,backbone,0.24866032600402832,0.0,global_ddp_mean,2,0.0,7.878602504730225,7.878602504730225,0.0,0.0,0.0,0.0,0.0,0.0,0.0,0.0,0.0,0.0,0.0,0.0,0.0,1.0,1.0,0.0,0,0,0,0,0,0,0,0.0,0.0,0.2,0.0
25,0,1,dpga,fpn,0.24866032600402832,0.0,global_ddp_mean,2,0.0,1.09431791305542,1.09431791305542,0.0,0.0,0.0,0.0,0.0,0.0,0.0,0.0,0.0,0.0,0.0,0.0,0.0,1.0,1.0,0.0,0,0,0,0,0,0,0,0.0,0.0,0.2,0.0
25,0,1,dpga,rpn,0.24866032600402832,0.0,global_ddp_mean,2,0.0,2.2203989028930664,2.2203989028930664,0.0,0.0,0.0,0.0,0.0,0.0,0.0,0.0,0.0,0.0,0.0,0.0,0.0,1.0,1.0,0.0,0,0,0,0,0,0,0,0.0,0.0,0.2,0.0
25,0,1,dpga,roi_shared,0.24866032600402832,0.0,global_ddp_mean,2,0.0,2.1084048748016357,2.1084048748016357,0.0,0.0,0.0,0.0,0.0,0.0,0.0,0.0,0.0,0.0,0.0,0.0,0.0,1.0,1.0,0.0,0,0,0,0,0,0,0,0.0,0.0,0.2,0.0
25,0,1,dpga,roi_cls,0.24866032600402832,0.0,global_ddp_mean,2,0.0,1.2520623207092285,1.2520623207092285,0.0,0.0,0.0,0.0,0.0,0.0,0.0,0.0,0.0,0.0,0.0,0.0,0.0,1.0,1.0,0.0,0,0,0,0,0,0,0,0.0,0.0,0.2,0.0
25,0,1,dpga,roi_reg,0.24866032600402832,0.0,global_ddp_mean,2,0.0,1.1960409879684448,1.1960409879684448,0.0,0.0,0.0,0.0,0.0,0.0,0.0,0.0,0.0,0.0,0.0,0.0,0.0,1.0,1.0,0.0,0,0,0,0,0,0,0,0.0,0.0,0.2,0.0
25,100,1,dpga,backbone,0.012781178578734398,0.0,global_ddp_mean,2,0.0,10.854020118713379,10.854020118713379,0.0,0.0,0.0,0.0,0.0,0.0,0.0,0.0,0.0,0.0,0.0,0.0,0.0,1.0,1.0,0.0,0,0,0,0,0,0,0,0.0,0.0,0.2,0.0
25,100,1,dpga,fpn,0.012781178578734398,0.0,global_ddp_mean,2,0.0,1.7134209871292114,1.7134209871292114,0.0,0.0,0.0,0.0,0.0,0.0,0.0,0.0,0.0,0.0,0.0,0.0,0.0,1.0,1.0,0.0,0,0,0,0,0,0,0,0.0,0.0,0.2,0.0
25,100,1,dpga,rpn,0.012781178578734398,0.0,global_ddp_mean,2,0.0,0.8521667122840881,0.8521667122840881,0.0,0.0,0.0,0.0,0.0,0.0,0.0,0.0,0.0,0.0,0.0,0.0,0.0,1.0,1.0,0.0,0,0,0,0,0,0,0,0.0,0.0,0.2,0.0
25,100,1,dpga,roi_shared,0.012781178578734398,0.0,global_ddp_mean,2,0.0,3.3965814113616943,3.3965814113616943,0.0,0.0,0.0,0.0,0.0,0.0,0.0,0.0,0.0,0.0,0.0,0.0,0.0,1.0,1.0,0.0,0,0,0,0,0,0,0,0.0,0.0,0.2,0.0
25,100,1,dpga,roi_cls,0.012781178578734398,0.0,global_ddp_mean,2,0.0,2.9098308086395264,2.9098308086395264,0.0,0.0,0.0,0.0,0.0,0.0,0.0,0.0,0.0,0.0,0.0,0.0,0.0,1.0,1.0,0.0,0,0,0,0,0,0,0,0.0,0.0,0.2,0.0
25,100,1,dpga,roi_reg,0.012781178578734398,0.0,global_ddp_mean,2,0.0,0.0,0.0,0.0,0.0,0.0,0.0,0.0,0.0,0.0,0.0,0.0,0.0,0.0,0.0,0.0,0.0,0.0,90.0,0,0,0,0,0,0,0,0.0,0.0,0.2,0.0
25,200,1,dpga,backbone,0.24817541241645813,0.0,global_ddp_mean,2,0.0,26.885883331298828,26.885883331298828,0.0,0.0,0.0,0.0,0.0,0.0,0.0,0.0,0.0,0.0,0.0,0.0,0.0,1.0,1.0,0.0,0,0,0,0,0,0,0,0.0,0.0,0.2,0.0
25,200,1,dpga,fpn,0.24817541241645813,0.0,global_ddp_mean,2,0.0,3.7366347312927246,3.7366347312927246,0.0,0.0,0.0,0.0,0.0,0.0,0.0,0.0,0.0,0.0,0.0,0.0,0.0,1.0,1.0,0.0,0,0,0,0,0,0,0,0.0,0.0,0.2,0.0
25,200,1,dpga,rpn,0.24817541241645813,0.0,global_ddp_mean,2,0.0,3.8238067626953125,3.8238067626953125,0.0,0.0,0.0,0.0,0.0,0.0,0.0,0.0,0.0,0.0,0.0,0.0,0.0,1.0,1.0,0.0,0,0,0,0,0,0,0,0.0,0.0,0.2,0.0
25,200,1,dpga,roi_shared,0.24817541241645813,0.0,global_ddp_mean,2,0.0,9.084449768066406,9.084449768066406,0.0,0.0,0.0,0.0,0.0,0.0,0.0,0.0,0.0,0.0,0.0,0.0,0.0,1.0,1.0,0.0,0,0,0,0,0,0,0,0.0,0.0,0.2,0.0
25,200,1,dpga,roi_cls,0.24817541241645813,0.0,global_ddp_mean,2,0.0,8.185262680053711,8.185262680053711,0.0,0.0,0.0,0.0,0.0,0.0,0.0,0.0,0.0,0.0,0.0,0.0,0.0,1.0,1.0,0.0,0,0,0,0,0,0,0,0.0,0.0,0.2,0.0
25,200,1,dpga,roi_reg,0.24817541241645813,0.0,global_ddp_mean,2,0.0,10.74006175994873,10.74006175994873,0.0,0.0,0.0,0.0,0.0,0.0,0.0,0.0,0.0,0.0,0.0,0.0,0.0,1.0,1.0,0.0,0,0,0,0,0,0,0,0.0,0.0,0.2,0.0
25,300,1,dpga,backbone,0.23161283135414124,0.0,global_ddp_mean,2,0.0,12.43188762664795,12.43188762664795,0.0,0.0,0.0,0.0,0.0,0.0,0.0,0.0,0.0,0.0,0.0,0.0,0.0,1.0,1.0,0.0,0,0,0,0,0,0,0,0.0,0.0,0.2,0.0
25,300,1,dpga,fpn,0.23161283135414124,0.0,global_ddp_mean,2,0.0,2.248753547668457,2.248753547668457,0.0,0.0,0.0,0.0,0.0,0.0,0.0,0.0,0.0,0.0,0.0,0.0,0.0,1.0,1.0,0.0,0,0,0,0,0,0,0,0.0,0.0,0.2,0.0
25,300,1,dpga,rpn,0.23161283135414124,0.0,global_ddp_mean,2,0.0,1.6476651430130005,1.6476651430130005,0.0,0.0,0.0,0.0,0.0,0.0,0.0,0.0,0.0,0.0,0.0,0.0,0.0,1.0,1.0,0.0,0,0,0,0,0,0,0,0.0,0.0,0.2,0.0
25,300,1,dpga,roi_shared,0.23161283135414124,0.0,global_ddp_mean,2,0.0,5.3030314445495605,5.3030314445495605,0.0,0.0,0.0,0.0,0.0,0.0,0.0,0.0,0.0,0.0,0.0,0.0,0.0,1.0,1.0,0.0,0,0,0,0,0,0,0,0.0,0.0,0.2,0.0
25,300,1,dpga,roi_cls,0.23161283135414124,0.0,global_ddp_mean,2,0.0,4.648919582366943,4.648919582366943,0.0,0.0,0.0,0.0,0.0,0.0,0.0,0.0,0.0,0.0,0.0,0.0,0.0,1.0,1.0,0.0,0,0,0,0,0,0,0,0.0,0.0,0.2,0.0
25,300,1,dpga,roi_reg,0.23161283135414124,0.0,global_ddp_mean,2,0.0,0.9681293368339539,0.9681293368339539,0.0,0.0,0.0,0.0,0.0,0.0,0.0,0.0,0.0,0.0,0.0,0.0,0.0,1.0,1.0,0.0,0,0,0,0,0,0,0,0.0,0.0,0.2,0.0
25,400,1,dpga,backbone,0.23304420709609985,0.0,global_ddp_mean,2,0.0,8.40383529663086,8.40383529663086,0.0,0.0,0.0,0.0,0.0,0.0,0.0,0.0,0.0,0.0,0.0,0.0,0.0,1.0,1.0,0.0,0,0,0,0,0,0,0,0.0,0.0,0.2,0.0
25,400,1,dpga,fpn,0.23304420709609985,0.0,global_ddp_mean,2,0.0,1.1001372337341309,1.1001372337341309,0.0,0.0,0.0,0.0,0.0,0.0,0.0,0.0,0.0,0.0,0.0,0.0,0.0,1.0,1.0,0.0,0,0,0,0,0,0,0,0.0,0.0,0.2,0.0
25,400,1,dpga,rpn,0.23304420709609985,0.0,global_ddp_mean,2,0.0,2.6601085662841797,2.6601085662841797,0.0,0.0,0.0,0.0,0.0,0.0,0.0,0.0,0.0,0.0,0.0,0.0,0.0,1.0,1.0,0.0,0,0,0,0,0,0,0,0.0,0.0,0.2,0.0
25,400,1,dpga,roi_shared,0.23304420709609985,0.0,global_ddp_mean,2,0.0,1.8361388444900513,1.8361388444900513,0.0,0.0,0.0,0.0,0.0,0.0,0.0,0.0,0.0,0.0,0.0,0.0,0.0,1.0,1.0,0.0,0,0,0,0,0,0,0,0.0,0.0,0.2,0.0
25,400,1,dpga,roi_cls,0.23304420709609985,0.0,global_ddp_mean,2,0.0,0.7951962947845459,0.7951962947845459,0.0,0.0,0.0,0.0,0.0,0.0,0.0,0.0,0.0,0.0,0.0,0.0,0.0,1.0,1.0,0.0,0,0,0,0,0,0,0,0.0,0.0,0.2,0.0
25,400,1,dpga,roi_reg,0.23304420709609985,0.0,global_ddp_mean,2,0.0,1.370756983757019,1.370756983757019,0.0,0.0,0.0,0.0,0.0,0.0,0.0,0.0,0.0,0.0,0.0,0.0,0.0,1.0,1.0,0.0,0,0,0,0,0,0,0,0.0,0.0,0.2,0.0
25,500,1,dpga,backbone,0.911133348941803,0.0,global_ddp_mean,2,0.0,56.293128967285156,56.293128967285156,0.0,0.0,0.0,0.0,0.0,0.0,0.0,0.0,0.0,0.0,0.0,0.0,0.0,1.0,1.0,0.0,0,0,0,0,0,0,0,0.0,0.0,0.2,0.0
25,500,1,dpga,fpn,0.911133348941803,0.0,global_ddp_mean,2,0.0,6.8938493728637695,6.8938493728637695,0.0,0.0,0.0,0.0,0.0,0.0,0.0,0.0,0.0,0.0,0.0,0.0,0.0,1.0,1.0,0.0,0,0,0,0,0,0,0,0.0,0.0,0.2,0.0
25,500,1,dpga,rpn,0.911133348941803,0.0,global_ddp_mean,2,0.0,2.0269031524658203,2.0269031524658203,0.0,0.0,0.0,0.0,0.0,0.0,0.0,0.0,0.0,0.0,0.0,0.0,0.0,1.0,1.0,0.0,0,0,0,0,0,0,0,0.0,0.0,0.2,0.0
25,500,1,dpga,roi_shared,0.911133348941803,0.0,global_ddp_mean,2,0.0,13.921125411987305,13.921125411987305,0.0,0.0,0.0,0.0,0.0,0.0,0.0,0.0,0.0,0.0,0.0,0.0,0.0,1.0,1.0,0.0,0,0,0,0,0,0,0,0.0,0.0,0.2,0.0
25,500,1,dpga,roi_cls,0.911133348941803,0.0,global_ddp_mean,2,0.0,9.218633651733398,9.218633651733398,0.0,0.0,0.0,0.0,0.0,0.0,0.0,0.0,0.0,0.0,0.0,0.0,0.0,1.0,1.0,0.0,0,0,0,0,0,0,0,0.0,0.0,0.2,0.0
25,500,1,dpga,roi_reg,0.911133348941803,0.0,global_ddp_mean,2,0.0,4.094252586364746,4.094252586364746,0.0,0.0,0.0,0.0,0.0,0.0,0.0,0.0,0.0,0.0,0.0,0.0,0.0,1.0,1.0,0.0,0,0,0,0,0,0,0,0.0,0.0,0.2,0.0
25,600,1,dpga,backbone,0.013795409351587296,0.0,global_ddp_mean,2,0.0,5.701199531555176,5.701199531555176,0.0,0.0,0.0,0.0,0.0,0.0,0.0,0.0,0.0,0.0,0.0,0.0,0.0,1.0,1.0,0.0,0,0,0,0,0,0,0,0.0,0.0,0.2,0.0
25,600,1,dpga,fpn,0.013795409351587296,0.0,global_ddp_mean,2,0.0,0.8649698495864868,0.8649698495864868,0.0,0.0,0.0,0.0,0.0,0.0,0.0,0.0,0.0,0.0,0.0,0.0,0.0,1.0,1.0,0.0,0,0,0,0,0,0,0,0.0,0.0,0.2,0.0
25,600,1,dpga,rpn,0.013795409351587296,0.0,global_ddp_mean,2,0.0,1.0320472717285156,1.0320472717285156,0.0,0.0,0.0,0.0,0.0,0.0,0.0,0.0,0.0,0.0,0.0,0.0,0.0,1.0,1.0,0.0,0,0,0,0,0,0,0,0.0,0.0,0.2,0.0
25,600,1,dpga,roi_shared,0.013795409351587296,0.0,global_ddp_mean,2,0.0,1.5213261842727661,1.5213261842727661,0.0,0.0,0.0,0.0,0.0,0.0,0.0,0.0,0.0,0.0,0.0,0.0,0.0,1.0,1.0,0.0,0,0,0,0,0,0,0,0.0,0.0,0.2,0.0
25,600,1,dpga,roi_cls,0.013795409351587296,0.0,global_ddp_mean,2,0.0,1.312070369720459,1.312070369720459,0.0,0.0,0.0,0.0,0.0,0.0,0.0,0.0,0.0,0.0,0.0,0.0,0.0,1.0,1.0,0.0,0,0,0,0,0,0,0,0.0,0.0,0.2,0.0
25,600,1,dpga,roi_reg,0.013795409351587296,0.0,global_ddp_mean,2,0.0,0.048798818141222,0.048798818141222,0.0,0.0,0.0,0.0,0.0,0.0,0.0,0.0,0.0,0.0,0.0,0.0,0.0,1.0,1.0,0.0,0,0,0,0,0,0,0,0.0,0.0,0.2,0.0
25,700,1,dpga,backbone,0.06538267433643341,0.0,global_ddp_mean,2,0.0,14.260640144348145,14.260640144348145,0.0,0.0,0.0,0.0,0.0,0.0,0.0,0.0,0.0,0.0,0.0,0.0,0.0,1.0,1.0,0.0,0,0,0,0,0,0,0,0.0,0.0,0.2,0.0
25,700,1,dpga,fpn,0.06538267433643341,0.0,global_ddp_mean,2,0.0,2.308070659637451,2.308070659637451,0.0,0.0,0.0,0.0,0.0,0.0,0.0,0.0,0.0,0.0,0.0,0.0,0.0,1.0,1.0,0.0,0,0,0,0,0,0,0,0.0,0.0,0.2,0.0
25,700,1,dpga,rpn,0.06538267433643341,0.0,global_ddp_mean,2,0.0,0.9547327160835266,0.9547327160835266,0.0,0.0,0.0,0.0,0.0,0.0,0.0,0.0,0.0,0.0,0.0,0.0,0.0,1.0,1.0,0.0,0,0,0,0,0,0,0,0.0,0.0,0.2,0.0
25,700,1,dpga,roi_shared,0.06538267433643341,0.0,global_ddp_mean,2,0.0,4.979684829711914,4.979684829711914,0.0,0.0,0.0,0.0,0.0,0.0,0.0,0.0,0.0,0.0,0.0,0.0,0.0,1.0,1.0,0.0,0,0,0,0,0,0,0,0.0,0.0,0.2,0.0
25,700,1,dpga,roi_cls,0.06538267433643341,0.0,global_ddp_mean,2,0.0,4.456588268280029,4.456588268280029,0.0,0.0,0.0,0.0,0.0,0.0,0.0,0.0,0.0,0.0,0.0,0.0,0.0,1.0,1.0,0.0,0,0,0,0,0,0,0,0.0,0.0,0.2,0.0
25,700,1,dpga,roi_reg,0.06538267433643341,0.0,global_ddp_mean,2,0.0,1.367077350616455,1.367077350616455,0.0,0.0,0.0,0.0,0.0,0.0,0.0,0.0,0.0,0.0,0.0,0.0,0.0,1.0,1.0,0.0,0,0,0,0,0,0,0,0.0,0.0,0.2,0.0
25,800,1,dpga,backbone,0.02077462524175644,0.0,global_ddp_mean,2,0.0,6.572818279266357,6.572818279266357,0.0,0.0,0.0,0.0,0.0,0.0,0.0,0.0,0.0,0.0,0.0,0.0,0.0,1.0,1.0,0.0,0,0,0,0,0,0,0,0.0,0.0,0.2,0.0
25,800,1,dpga,fpn,0.02077462524175644,0.0,global_ddp_mean,2,0.0,1.0413818359375,1.0413818359375,0.0,0.0,0.0,0.0,0.0,0.0,0.0,0.0,0.0,0.0,0.0,0.0,0.0,1.0,1.0,0.0,0,0,0,0,0,0,0,0.0,0.0,0.2,0.0
25,800,1,dpga,rpn,0.02077462524175644,0.0,global_ddp_mean,2,0.0,1.292174220085144,1.292174220085144,0.0,0.0,0.0,0.0,0.0,0.0,0.0,0.0,0.0,0.0,0.0,0.0,0.0,1.0,1.0,0.0,0,0,0,0,0,0,0,0.0,0.0,0.2,0.0
25,800,1,dpga,roi_shared,0.02077462524175644,0.0,global_ddp_mean,2,0.0,1.8213443756103516,1.8213443756103516,0.0,0.0,0.0,0.0,0.0,0.0,0.0,0.0,0.0,0.0,0.0,0.0,0.0,1.0,1.0,0.0,0,0,0,0,0,0,0,0.0,0.0,0.2,0.0
25,800,1,dpga,roi_cls,0.02077462524175644,0.0,global_ddp_mean,2,0.0,1.6273339986801147,1.6273339986801147,0.0,0.0,0.0,0.0,0.0,0.0,0.0,0.0,0.0,0.0,0.0,0.0,0.0,1.0,1.0,0.0,0,0,0,0,0,0,0,0.0,0.0,0.2,0.0
25,800,1,dpga,roi_reg,0.02077462524175644,0.0,global_ddp_mean,2,0.0,0.4127143621444702,0.4127143621444702,0.0,0.0,0.0,0.0,0.0,0.0,0.0,0.0,0.0,0.0,0.0,0.0,0.0,1.0,1.0,0.0,0,0,0,0,0,0,0,0.0,0.0,0.2,0.0
25,900,1,dpga,backbone,0.9961535334587097,0.00010002159251598641,global_ddp_mean,2,0.0,44.094703674316406,44.094703674316406,0.0,0.0,0.0,0.0,0.0,0.0,0.0,0.0,0.0,0.0,0.0,0.0,0.0,1.0,1.0,0.0,0,0,0,0,0,0,0,0.0,0.0,0.2,0.0
25,900,1,dpga,fpn,0.9961535334587097,0.00010002159251598641,global_ddp_mean,2,0.0,8.772642135620117,8.772642135620117,0.0,0.0,0.0,0.0,0.0,0.0,0.0,0.0,0.0,0.0,0.0,0.0,0.0,1.0,1.0,0.0,0,0,0,0,0,0,0,0.0,0.0,0.2,0.0
25,900,1,dpga,rpn,0.9961535334587097,0.00010002159251598641,global_ddp_mean,2,0.0,7.663601398468018,7.663601398468018,0.0,0.0,0.0,0.0,0.0,0.0,0.0,0.0,0.0,0.0,0.0,0.0,0.0,1.0,1.0,0.0,0,0,0,0,0,0,0,0.0,0.0,0.2,0.0
25,900,1,dpga,roi_shared,0.9961535334587097,0.00010002159251598641,global_ddp_mean,2,0.0,18.09318733215332,18.09318733215332,0.0,0.0,0.0,0.0,0.0,0.0,0.0,0.0,0.0,0.0,0.0,0.0,0.0,1.0,1.0,0.0,0,0,0,0,0,0,0,0.0,0.0,0.2,0.0
25,900,1,dpga,roi_cls,0.9961535334587097,0.00010002159251598641,global_ddp_mean,2,0.0,15.390591621398926,15.390591621398926,0.0,0.0,0.0,0.0,0.0,0.0,0.0,0.0,0.0,0.0,0.0,0.0,0.0,1.0,1.0,0.0,0,0,0,0,0,0,0,0.0,0.0,0.2,0.0
25,900,1,dpga,roi_reg,0.9961535334587097,0.00010002159251598641,global_ddp_mean,2,0.0,5.885465145111084,5.885465145111084,0.0,0.0,0.0,0.0,0.0,0.0,0.0,0.0,0.0,0.0,0.0,0.0,0.0,1.0,1.0,0.0,0,0,0,0,0,0,0,0.0,0.0,0.2,0.0
25,1000,1,dpga,backbone,0.5266501903533936,0.0,global_ddp_mean,2,0.0,16.341299057006836,16.341299057006836,0.0,0.0,0.0,0.0,0.0,0.0,0.0,0.0,0.0,0.0,0.0,0.0,0.0,1.0,1.0,0.0,0,0,0,0,0,0,0,0.0,0.0,0.2,0.0
25,1000,1,dpga,fpn,0.5266501903533936,0.0,global_ddp_mean,2,0.0,3.6919915676116943,3.6919915676116943,0.0,0.0,0.0,0.0,0.0,0.0,0.0,0.0,0.0,0.0,0.0,0.0,0.0,1.0,1.0,0.0,0,0,0,0,0,0,0,0.0,0.0,0.2,0.0
25,1000,1,dpga,rpn,0.5266501903533936,0.0,global_ddp_mean,2,0.0,2.775252103805542,2.775252103805542,0.0,0.0,0.0,0.0,0.0,0.0,0.0,0.0,0.0,0.0,0.0,0.0,0.0,1.0,1.0,0.0,0,0,0,0,0,0,0,0.0,0.0,0.2,0.0
25,1000,1,dpga,roi_shared,0.5266501903533936,0.0,global_ddp_mean,2,0.0,7.933574676513672,7.933574676513672,0.0,0.0,0.0,0.0,0.0,0.0,0.0,0.0,0.0,0.0,0.0,0.0,0.0,1.0,1.0,0.0,0,0,0,0,0,0,0,0.0,0.0,0.2,0.0
25,1000,1,dpga,roi_cls,0.5266501903533936,0.0,global_ddp_mean,2,0.0,7.689716339111328,7.689716339111328,0.0,0.0,0.0,0.0,0.0,0.0,0.0,0.0,0.0,0.0,0.0,0.0,0.0,1.0,1.0,0.0,0,0,0,0,0,0,0,0.0,0.0,0.2,0.0
25,1000,1,dpga,roi_reg,0.5266501903533936,0.0,global_ddp_mean,2,0.0,4.721964359283447,4.721964359283447,0.0,0.0,0.0,0.0,0.0,0.0,0.0,0.0,0.0,0.0,0.0,0.0,0.0,1.0,1.0,0.0,0,0,0,0,0,0,0,0.0,0.0,0.2,0.0
25,1100,1,dpga,backbone,0.008883275091648102,0.0,global_ddp_mean,2,0.0,7.693140983581543,7.693140983581543,0.0,0.0,0.0,0.0,0.0,0.0,0.0,0.0,0.0,0.0,0.0,0.0,0.0,1.0,1.0,0.0,0,0,0,0,0,0,0,0.0,0.0,0.2,0.0
25,1100,1,dpga,fpn,0.008883275091648102,0.0,global_ddp_mean,2,0.0,1.2742743492126465,1.2742743492126465,0.0,0.0,0.0,0.0,0.0,0.0,0.0,0.0,0.0,0.0,0.0,0.0,0.0,1.0,1.0,0.0,0,0,0,0,0,0,0,0.0,0.0,0.2,0.0
25,1100,1,dpga,rpn,0.008883275091648102,0.0,global_ddp_mean,2,0.0,1.0143921375274658,1.0143921375274658,0.0,0.0,0.0,0.0,0.0,0.0,0.0,0.0,0.0,0.0,0.0,0.0,0.0,1.0,1.0,0.0,0,0,0,0,0,0,0,0.0,0.0,0.2,0.0
25,1100,1,dpga,roi_shared,0.008883275091648102,0.0,global_ddp_mean,2,0.0,2.4160242080688477,2.4160242080688477,0.0,0.0,0.0,0.0,0.0,0.0,0.0,0.0,0.0,0.0,0.0,0.0,0.0,1.0,1.0,0.0,0,0,0,0,0,0,0,0.0,0.0,0.2,0.0
25,1100,1,dpga,roi_cls,0.008883275091648102,0.0,global_ddp_mean,2,0.0,2.0107948780059814,2.0107948780059814,0.0,0.0,0.0,0.0,0.0,0.0,0.0,0.0,0.0,0.0,0.0,0.0,0.0,1.0,1.0,0.0,0,0,0,0,0,0,0,0.0,0.0,0.2,0.0
25,1100,1,dpga,roi_reg,0.008883275091648102,0.0,global_ddp_mean,2,0.0,0.06756871938705444,0.06756871938705444,0.0,0.0,0.0,0.0,0.0,0.0,0.0,0.0,0.0,0.0,0.0,0.0,0.0,1.0,1.0,0.0,0,0,0,0,0,0,0,0.0,0.0,0.2,0.0
25,1200,1,dpga,backbone,0.1950625628232956,0.0,global_ddp_mean,2,0.0,12.415152549743652,12.415152549743652,0.0,0.0,0.0,0.0,0.0,0.0,0.0,0.0,0.0,0.0,0.0,0.0,0.0,1.0,1.0,0.0,0,0,0,0,0,0,0,0.0,0.0,0.2,0.0
25,1200,1,dpga,fpn,0.1950625628232956,0.0,global_ddp_mean,2,0.0,3.1376867294311523,3.1376867294311523,0.0,0.0,0.0,0.0,0.0,0.0,0.0,0.0,0.0,0.0,0.0,0.0,0.0,1.0,1.0,0.0,0,0,0,0,0,0,0,0.0,0.0,0.2,0.0
25,1200,1,dpga,rpn,0.1950625628232956,0.0,global_ddp_mean,2,0.0,1.1357423067092896,1.1357423067092896,0.0,0.0,0.0,0.0,0.0,0.0,0.0,0.0,0.0,0.0,0.0,0.0,0.0,1.0,1.0,0.0,0,0,0,0,0,0,0,0.0,0.0,0.2,0.0
25,1200,1,dpga,roi_shared,0.1950625628232956,0.0,global_ddp_mean,2,0.0,7.0098395347595215,7.0098395347595215,0.0,0.0,0.0,0.0,0.0,0.0,0.0,0.0,0.0,0.0,0.0,0.0,0.0,1.0,1.0,0.0,0,0,0,0,0,0,0,0.0,0.0,0.2,0.0
25,1200,1,dpga,roi_cls,0.1950625628232956,0.0,global_ddp_mean,2,0.0,5.976778030395508,5.976778030395508,0.0,0.0,0.0,0.0,0.0,0.0,0.0,0.0,0.0,0.0,0.0,0.0,0.0,1.0,1.0,0.0,0,0,0,0,0,0,0,0.0,0.0,0.2,0.0
25,1200,1,dpga,roi_reg,0.1950625628232956,0.0,global_ddp_mean,2,0.0,2.057736873626709,2.057736873626709,0.0,0.0,0.0,0.0,0.0,0.0,0.0,0.0,0.0,0.0,0.0,0.0,0.0,1.0,1.0,0.0,0,0,0,0,0,0,0,0.0,0.0,0.2,0.0
25,1300,1,dpga,backbone,0.06694084405899048,0.0,global_ddp_mean,2,0.0,11.55981731414795,11.55981731414795,0.0,0.0,0.0,0.0,0.0,0.0,0.0,0.0,0.0,0.0,0.0,0.0,0.0,1.0,1.0,0.0,0,0,0,0,0,0,0,0.0,0.0,0.2,0.0
25,1300,1,dpga,fpn,0.06694084405899048,0.0,global_ddp_mean,2,0.0,2.2371652126312256,2.2371652126312256,0.0,0.0,0.0,0.0,0.0,0.0,0.0,0.0,0.0,0.0,0.0,0.0,0.0,1.0,1.0,0.0,0,0,0,0,0,0,0,0.0,0.0,0.2,0.0
25,1300,1,dpga,rpn,0.06694084405899048,0.0,global_ddp_mean,2,0.0,2.0510737895965576,2.0510737895965576,0.0,0.0,0.0,0.0,0.0,0.0,0.0,0.0,0.0,0.0,0.0,0.0,0.0,1.0,1.0,0.0,0,0,0,0,0,0,0,0.0,0.0,0.2,0.0
25,1300,1,dpga,roi_shared,0.06694084405899048,0.0,global_ddp_mean,2,0.0,4.755783557891846,4.755783557891846,0.0,0.0,0.0,0.0,0.0,0.0,0.0,0.0,0.0,0.0,0.0,0.0,0.0,1.0,1.0,0.0,0,0,0,0,0,0,0,0.0,0.0,0.2,0.0
25,1300,1,dpga,roi_cls,0.06694084405899048,0.0,global_ddp_mean,2,0.0,3.7024803161621094,3.7024803161621094,0.0,0.0,0.0,0.0,0.0,0.0,0.0,0.0,0.0,0.0,0.0,0.0,0.0,1.0,1.0,0.0,0,0,0,0,0,0,0,0.0,0.0,0.2,0.0
25,1300,1,dpga,roi_reg,0.06694084405899048,0.0,global_ddp_mean,2,0.0,1.3654608726501465,1.3654608726501465,0.0,0.0,0.0,0.0,0.0,0.0,0.0,0.0,0.0,0.0,0.0,0.0,0.0,1.0,1.0,0.0,0,0,0,0,0,0,0,0.0,0.0,0.2,0.0
25,1400,1,dpga,backbone,0.11102806776762009,0.0,global_ddp_mean,2,0.0,10.060111999511719,10.060111999511719,0.0,0.0,0.0,0.0,0.0,0.0,0.0,0.0,0.0,0.0,0.0,0.0,0.0,1.0,1.0,0.0,0,0,0,0,0,0,0,0.0,0.0,0.2,0.0
25,1400,1,dpga,fpn,0.11102806776762009,0.0,global_ddp_mean,2,0.0,1.6391576528549194,1.6391576528549194,0.0,0.0,0.0,0.0,0.0,0.0,0.0,0.0,0.0,0.0,0.0,0.0,0.0,1.0,1.0,0.0,0,0,0,0,0,0,0,0.0,0.0,0.2,0.0
25,1400,1,dpga,rpn,0.11102806776762009,0.0,global_ddp_mean,2,0.0,2.11600923538208,2.11600923538208,0.0,0.0,0.0,0.0,0.0,0.0,0.0,0.0,0.0,0.0,0.0,0.0,0.0,1.0,1.0,0.0,0,0,0,0,0,0,0,0.0,0.0,0.2,0.0
25,1400,1,dpga,roi_shared,0.11102806776762009,0.0,global_ddp_mean,2,0.0,3.0511839389801025,3.0511839389801025,0.0,0.0,0.0,0.0,0.0,0.0,0.0,0.0,0.0,0.0,0.0,0.0,0.0,1.0,1.0,0.0,0,0,0,0,0,0,0,0.0,0.0,0.2,0.0
25,1400,1,dpga,roi_cls,0.11102806776762009,0.0,global_ddp_mean,2,0.0,1.670148253440857,1.670148253440857,0.0,0.0,0.0,0.0,0.0,0.0,0.0,0.0,0.0,0.0,0.0,0.0,0.0,1.0,1.0,0.0,0,0,0,0,0,0,0,0.0,0.0,0.2,0.0
25,1400,1,dpga,roi_reg,0.11102806776762009,0.0,global_ddp_mean,2,0.0,3.3100759983062744,3.3100759983062744,0.0,0.0,0.0,0.0,0.0,0.0,0.0,0.0,0.0,0.0,0.0,0.0,0.0,1.0,1.0,0.0,0,0,0,0,0,0,0,0.0,0.0,0.2,0.0
26,0,1,dpga,backbone,0.07728681713342667,-0.0,global_ddp_mean,2,0.0,11.361327171325684,11.361327171325684,0.0,0.0,0.0,0.0,0.0,0.0,0.0,0.0,0.0,0.0,0.0,0.0,0.0,1.0,1.0,0.0,0,0,0,0,0,0,0,0.0,0.0,0.2,0.0
26,0,1,dpga,fpn,0.07728681713342667,-0.0,global_ddp_mean,2,0.0,1.9132275581359863,1.9132275581359863,0.0,0.0,0.0,0.0,0.0,0.0,0.0,0.0,0.0,0.0,0.0,0.0,0.0,1.0,1.0,0.0,0,0,0,0,0,0,0,0.0,0.0,0.2,0.0
26,0,1,dpga,rpn,0.07728681713342667,-0.0,global_ddp_mean,2,0.0,3.3901820182800293,3.3901820182800293,0.0,0.0,0.0,0.0,0.0,0.0,0.0,0.0,0.0,0.0,0.0,0.0,0.0,1.0,1.0,0.0,0,0,0,0,0,0,0,0.0,0.0,0.2,0.0
26,0,1,dpga,roi_shared,0.07728681713342667,-0.0,global_ddp_mean,2,0.0,3.4316909313201904,3.4316909313201904,0.0,0.0,0.0,0.0,0.0,0.0,0.0,0.0,0.0,0.0,0.0,0.0,0.0,1.0,1.0,0.0,0,0,0,0,0,0,0,0.0,0.0,0.2,0.0
26,0,1,dpga,roi_cls,0.07728681713342667,-0.0,global_ddp_mean,2,0.0,2.166224479675293,2.166224479675293,0.0,0.0,0.0,0.0,0.0,0.0,0.0,0.0,0.0,0.0,0.0,0.0,0.0,1.0,1.0,0.0,0,0,0,0,0,0,0,0.0,0.0,0.2,0.0
26,0,1,dpga,roi_reg,0.07728681713342667,-0.0,global_ddp_mean,2,0.0,1.525288462638855,1.525288462638855,0.0,0.0,0.0,0.0,0.0,0.0,0.0,0.0,0.0,0.0,0.0,0.0,0.0,1.0,1.0,0.0,0,0,0,0,0,0,0,0.0,0.0,0.2,0.0
26,100,1,dpga,backbone,0.1539401412010193,0.0,global_ddp_mean,2,0.0,11.880474090576172,11.880474090576172,0.0,0.0,0.0,0.0,0.0,0.0,0.0,0.0,0.0,0.0,0.0,0.0,0.0,1.0,1.0,0.0,0,0,0,0,0,0,0,0.0,0.0,0.2,0.0
26,100,1,dpga,fpn,0.1539401412010193,0.0,global_ddp_mean,2,0.0,2.6893584728240967,2.6893584728240967,0.0,0.0,0.0,0.0,0.0,0.0,0.0,0.0,0.0,0.0,0.0,0.0,0.0,1.0,1.0,0.0,0,0,0,0,0,0,0,0.0,0.0,0.2,0.0
26,100,1,dpga,rpn,0.1539401412010193,0.0,global_ddp_mean,2,0.0,1.9435144662857056,1.9435144662857056,0.0,0.0,0.0,0.0,0.0,0.0,0.0,0.0,0.0,0.0,0.0,0.0,0.0,1.0,1.0,0.0,0,0,0,0,0,0,0,0.0,0.0,0.2,0.0
26,100,1,dpga,roi_shared,0.1539401412010193,0.0,global_ddp_mean,2,0.0,5.874963760375977,5.874963760375977,0.0,0.0,0.0,0.0,0.0,0.0,0.0,0.0,0.0,0.0,0.0,0.0,0.0,1.0,1.0,0.0,0,0,0,0,0,0,0,0.0,0.0,0.2,0.0
26,100,1,dpga,roi_cls,0.1539401412010193,0.0,global_ddp_mean,2,0.0,4.913591384887695,4.913591384887695,0.0,0.0,0.0,0.0,0.0,0.0,0.0,0.0,0.0,0.0,0.0,0.0,0.0,1.0,1.0,0.0,0,0,0,0,0,0,0,0.0,0.0,0.2,0.0
26,100,1,dpga,roi_reg,0.1539401412010193,0.0,global_ddp_mean,2,0.0,1.3582820892333984,1.3582820892333984,0.0,0.0,0.0,0.0,0.0,0.0,0.0,0.0,0.0,0.0,0.0,0.0,0.0,1.0,1.0,0.0,0,0,0,0,0,0,0,0.0,0.0,0.2,0.0
26,200,1,dpga,backbone,0.2302992343902588,0.00010002159251598641,global_ddp_mean,2,0.0,14.140872955322266,14.140872955322266,0.0,0.0,0.0,0.0,0.0,0.0,0.0,0.0,0.0,0.0,0.0,0.0,0.0,1.0,1.0,0.0,0,0,0,0,0,0,0,0.0,0.0,0.2,0.0
26,200,1,dpga,fpn,0.2302992343902588,0.00010002159251598641,global_ddp_mean,2,0.0,2.6415576934814453,2.6415576934814453,0.0,0.0,0.0,0.0,0.0,0.0,0.0,0.0,0.0,0.0,0.0,0.0,0.0,1.0,1.0,0.0,0,0,0,0,0,0,0,0.0,0.0,0.2,0.0
26,200,1,dpga,rpn,0.2302992343902588,0.00010002159251598641,global_ddp_mean,2,0.0,1.754478931427002,1.754478931427002,0.0,0.0,0.0,0.0,0.0,0.0,0.0,0.0,0.0,0.0,0.0,0.0,0.0,1.0,1.0,0.0,0,0,0,0,0,0,0,0.0,0.0,0.2,0.0
26,200,1,dpga,roi_shared,0.2302992343902588,0.00010002159251598641,global_ddp_mean,2,0.0,5.8629302978515625,5.8629302978515625,0.0,0.0,0.0,0.0,0.0,0.0,0.0,0.0,0.0,0.0,0.0,0.0,0.0,1.0,1.0,0.0,0,0,0,0,0,0,0,0.0,0.0,0.2,0.0
26,200,1,dpga,roi_cls,0.2302992343902588,0.00010002159251598641,global_ddp_mean,2,0.0,4.520681381225586,4.520681381225586,0.0,0.0,0.0,0.0,0.0,0.0,0.0,0.0,0.0,0.0,0.0,0.0,0.0,1.0,1.0,0.0,0,0,0,0,0,0,0,0.0,0.0,0.2,0.0
26,200,1,dpga,roi_reg,0.2302992343902588,0.00010002159251598641,global_ddp_mean,2,0.0,0.8785780072212219,0.8785780072212219,0.0,0.0,0.0,0.0,0.0,0.0,0.0,0.0,0.0,0.0,0.0,0.0,0.0,1.0,1.0,0.0,0,0,0,0,0,0,0,0.0,0.0,0.2,0.0
26,300,1,dpga,backbone,0.397733211517334,0.0,global_ddp_mean,2,0.0,8.355825424194336,8.355825424194336,0.0,0.0,0.0,0.0,0.0,0.0,0.0,0.0,0.0,0.0,0.0,0.0,0.0,1.0,1.0,0.0,0,0,0,0,0,0,0,0.0,0.0,0.2,0.0
26,300,1,dpga,fpn,0.397733211517334,0.0,global_ddp_mean,2,0.0,1.7597734928131104,1.7597734928131104,0.0,0.0,0.0,0.0,0.0,0.0,0.0,0.0,0.0,0.0,0.0,0.0,0.0,1.0,1.0,0.0,0,0,0,0,0,0,0,0.0,0.0,0.2,0.0
26,300,1,dpga,rpn,0.397733211517334,0.0,global_ddp_mean,2,0.0,1.7440978288650513,1.7440978288650513,0.0,0.0,0.0,0.0,0.0,0.0,0.0,0.0,0.0,0.0,0.0,0.0,0.0,1.0,1.0,0.0,0,0,0,0,0,0,0,0.0,0.0,0.2,0.0
26,300,1,dpga,roi_shared,0.397733211517334,0.0,global_ddp_mean,2,0.0,4.642072677612305,4.642072677612305,0.0,0.0,0.0,0.0,0.0,0.0,0.0,0.0,0.0,0.0,0.0,0.0,0.0,1.0,1.0,0.0,0,0,0,0,0,0,0,0.0,0.0,0.2,0.0
26,300,1,dpga,roi_cls,0.397733211517334,0.0,global_ddp_mean,2,0.0,4.198575019836426,4.198575019836426,0.0,0.0,0.0,0.0,0.0,0.0,0.0,0.0,0.0,0.0,0.0,0.0,0.0,1.0,1.0,0.0,0,0,0,0,0,0,0,0.0,0.0,0.2,0.0
26,300,1,dpga,roi_reg,0.397733211517334,0.0,global_ddp_mean,2,0.0,4.649015426635742,4.649015426635742,0.0,0.0,0.0,0.0,0.0,0.0,0.0,0.0,0.0,0.0,0.0,0.0,0.0,1.0,1.0,0.0,0,0,0,0,0,0,0,0.0,0.0,0.2,0.0
26,400,1,dpga,backbone,0.39970672130584717,0.0,global_ddp_mean,2,0.16166654229164124,26.699342727661133,26.699342727661133,2.237722635269165,2.237722635269165,2.237722635269165,2.237722635269165,0.309590749395646,2.237722635269165,0.08381189971956998,0.08381189971956998,0.08381189971956998,0.011595444597776667,0.011595444597776667,0.0018745954344568444,0.0018745954344568444,1.001874595434457,0.9999348219794133,0.6541699232247021,0,0,0,0,0,0,0,1.0,0.6917540431022644,0.2,0.13835081458091736
26,400,1,dpga,fpn,0.39970672130584717,0.0,global_ddp_mean,2,-0.05591551214456558,6.650611877441406,6.650611877441406,0.5435079336166382,0.5435079336166382,0.5426576137542725,0.5426576137542725,0.046729045400628166,0.5426576137542725,0.08172299686592659,0.08159514098168082,0.08159514098168082,0.007026277621030797,0.007026277621030797,5.2231451273397876e-11,5.2231451273397876e-11,1.0000000000522316,0.999975193077025,0.4035756706401072,1,0,0,0,0,1,0,1.0,0.43055734038352966,0.2,0.08611147105693817
26,400,1,dpga,rpn,0.39970672130584717,0.0,global_ddp_mean,2,0.0,3.375854015350342,3.375854015350342,0.0,0.0,0.0,0.0,0.0,0.0,0.0,0.0,0.0,0.0,0.0,0.0,0.0,1.0,1.0,0.0,0,0,0,0,0,0,0,0.0,0.0,0.2,0.0
26,400,1,dpga,roi_shared,0.39970672130584717,0.0,global_ddp_mean,2,-0.13367339968681335,14.548088073730469,14.548088073730469,0.4117581248283386,0.4117581248283386,0.40806275606155396,0.40806275606155396,0.02765544234462869,0.40806275606155396,0.028303246635676592,0.028049236022869167,0.028049236022869167,0.0019009674813947693,0.0019009674813947693,-5.3533711234182825e-12,-5.3533711234182825e-12,0.9999999999946466,0.9999982300602857,0.10779954589326128,1,0,0,0,0,1,0,1.0,0.3388625979423523,0.2,0.0677725225687027
26,400,1,dpga,roi_cls,0.39970672130584717,0.0,global_ddp_mean,2,0.0,10.646246910095215,10.646246910095215,0.0,0.0,0.0,0.0,0.0,0.0,0.0,0.0,0.0,0.0,0.0,0.0,0.0,1.0,1.0,0.0,0,0,0,0,0,0,0,0.0,0.0,0.2,0.0
26,400,1,dpga,roi_reg,0.39970672130584717,0.0,global_ddp_mean,2,-0.6168288588523865,5.061232566833496,5.061232566833496,0.7444816827774048,0.7444816827774048,0.5859795808792114,0.2530616223812103,0.0022151013654407026,0.2530616223812103,0.14709493645007138,0.11577803887518709,0.049999998822329465,0.0004376604584338546,0.0004376604584338546,1.7236554414314003e-11,1.7236554414314003e-11,1.0000000000172364,0.9999999058036023,0.024868797209080546,1,0,0,0,0,1,1,0.4318608343601227,0.043766044080257416,0.2,0.008753209374845028
26,500,1,dpga,backbone,0.16912347078323364,0.0,global_ddp_mean,2,0.0,9.007633209228516,9.007633209228516,0.0,0.0,0.0,0.0,0.0,0.0,0.0,0.0,0.0,0.0,0.0,0.0,0.0,1.0,1.0,0.0,0,0,0,0,0,0,0,0.0,0.0,0.2,0.0
26,500,1,dpga,fpn,0.16912347078323364,0.0,global_ddp_mean,2,0.0,1.8994901180267334,1.8994901180267334,0.0,0.0,0.0,0.0,0.0,0.0,0.0,0.0,0.0,0.0,0.0,0.0,0.0,1.0,1.0,0.0,0,0,0,0,0,0,0,0.0,0.0,0.2,0.0
26,500,1,dpga,rpn,0.16912347078323364,0.0,global_ddp_mean,2,0.0,2.4203741550445557,2.4203741550445557,0.0,0.0,0.0,0.0,0.0,0.0,0.0,0.0,0.0,0.0,0.0,0.0,0.0,1.0,1.0,0.0,0,0,0,0,0,0,0,0.0,0.0,0.2,0.0
26,500,1,dpga,roi_shared,0.16912347078323364,0.0,global_ddp_mean,2,0.0,4.28809118270874,4.28809118270874,0.0,0.0,0.0,0.0,0.0,0.0,0.0,0.0,0.0,0.0,0.0,0.0,0.0,1.0,1.0,0.0,0,0,0,0,0,0,0,0.0,0.0,0.2,0.0
26,500,1,dpga,roi_cls,0.16912347078323364,0.0,global_ddp_mean,2,0.0,2.706920862197876,2.706920862197876,0.0,0.0,0.0,0.0,0.0,0.0,0.0,0.0,0.0,0.0,0.0,0.0,0.0,1.0,1.0,0.0,0,0,0,0,0,0,0,0.0,0.0,0.2,0.0
26,500,1,dpga,roi_reg,0.16912347078323364,0.0,global_ddp_mean,2,0.0,1.8616975545883179,1.8616975545883179,0.0,0.0,0.0,0.0,0.0,0.0,0.0,0.0,0.0,0.0,0.0,0.0,0.0,1.0,1.0,0.0,0,0,0,0,0,0,0,0.0,0.0,0.2,0.0
26,600,1,dpga,backbone,0.1558523178100586,0.0,global_ddp_mean,2,0.0,19.016563415527344,19.016563415527344,0.0,0.0,0.0,0.0,0.0,0.0,0.0,0.0,0.0,0.0,0.0,0.0,0.0,1.0,1.0,0.0,0,0,0,0,0,0,0,0.0,0.0,0.2,0.0
26,600,1,dpga,fpn,0.1558523178100586,0.0,global_ddp_mean,2,0.0,4.952438831329346,4.952438831329346,0.0,0.0,0.0,0.0,0.0,0.0,0.0,0.0,0.0,0.0,0.0,0.0,0.0,1.0,1.0,0.0,0,0,0,0,0,0,0,0.0,0.0,0.2,0.0
26,600,1,dpga,rpn,0.1558523178100586,0.0,global_ddp_mean,2,0.0,2.3186228275299072,2.3186228275299072,0.0,0.0,0.0,0.0,0.0,0.0,0.0,0.0,0.0,0.0,0.0,0.0,0.0,1.0,1.0,0.0,0,0,0,0,0,0,0,0.0,0.0,0.2,0.0
26,600,1,dpga,roi_shared,0.1558523178100586,0.0,global_ddp_mean,2,0.0,10.796141624450684,10.796141624450684,0.0,0.0,0.0,0.0,0.0,0.0,0.0,0.0,0.0,0.0,0.0,0.0,0.0,1.0,1.0,0.0,0,0,0,0,0,0,0,0.0,0.0,0.2,0.0
26,600,1,dpga,roi_cls,0.1558523178100586,0.0,global_ddp_mean,2,0.0,9.439729690551758,9.439729690551758,0.0,0.0,0.0,0.0,0.0,0.0,0.0,0.0,0.0,0.0,0.0,0.0,0.0,1.0,1.0,0.0,0,0,0,0,0,0,0,0.0,0.0,0.2,0.0
26,600,1,dpga,roi_reg,0.1558523178100586,0.0,global_ddp_mean,2,0.0,3.5829429626464844,3.5829429626464844,0.0,0.0,0.0,0.0,0.0,0.0,0.0,0.0,0.0,0.0,0.0,0.0,0.0,1.0,1.0,0.0,0,0,0,0,0,0,0,0.0,0.0,0.2,0.0
26,700,1,dpga,backbone,0.11682918667793274,0.0,global_ddp_mean,2,0.0,4.095431327819824,4.095431327819824,0.0,0.0,0.0,0.0,0.0,0.0,0.0,0.0,0.0,0.0,0.0,0.0,0.0,1.0,1.0,0.0,0,0,0,0,0,0,0,0.0,0.0,0.2,0.0
26,700,1,dpga,fpn,0.11682918667793274,0.0,global_ddp_mean,2,0.0,0.8472837209701538,0.8472837209701538,0.0,0.0,0.0,0.0,0.0,0.0,0.0,0.0,0.0,0.0,0.0,0.0,0.0,1.0,1.0,0.0,0,0,0,0,0,0,0,0.0,0.0,0.2,0.0
26,700,1,dpga,rpn,0.11682918667793274,0.0,global_ddp_mean,2,0.0,0.6878820657730103,0.6878820657730103,0.0,0.0,0.0,0.0,0.0,0.0,0.0,0.0,0.0,0.0,0.0,0.0,0.0,1.0,1.0,0.0,0,0,0,0,0,0,0,0.0,0.0,0.2,0.0
26,700,1,dpga,roi_shared,0.11682918667793274,0.0,global_ddp_mean,2,0.0,1.6502277851104736,1.6502277851104736,0.0,0.0,0.0,0.0,0.0,0.0,0.0,0.0,0.0,0.0,0.0,0.0,0.0,1.0,1.0,0.0,0,0,0,0,0,0,0,0.0,0.0,0.2,0.0
26,700,1,dpga,roi_cls,0.11682918667793274,0.0,global_ddp_mean,2,0.0,1.3063771724700928,1.3063771724700928,0.0,0.0,0.0,0.0,0.0,0.0,0.0,0.0,0.0,0.0,0.0,0.0,0.0,1.0,1.0,0.0,0,0,0,0,0,0,0,0.0,0.0,0.2,0.0
26,700,1,dpga,roi_reg,0.11682918667793274,0.0,global_ddp_mean,2,0.0,0.380221426486969,0.380221426486969,0.0,0.0,0.0,0.0,0.0,0.0,0.0,0.0,0.0,0.0,0.0,0.0,0.0,1.0,1.0,0.0,0,0,0,0,0,0,0,0.0,0.0,0.2,0.0
26,800,1,dpga,backbone,0.7892875671386719,0.0,global_ddp_mean,2,0.0,14.679981231689453,14.679981231689453,0.0,0.0,0.0,0.0,0.0,0.0,0.0,0.0,0.0,0.0,0.0,0.0,0.0,1.0,1.0,0.0,0,0,0,0,0,0,0,0.0,0.0,0.2,0.0
26,800,1,dpga,fpn,0.7892875671386719,0.0,global_ddp_mean,2,0.0,2.729318857192993,2.729318857192993,0.0,0.0,0.0,0.0,0.0,0.0,0.0,0.0,0.0,0.0,0.0,0.0,0.0,1.0,1.0,0.0,0,0,0,0,0,0,0,0.0,0.0,0.2,0.0
26,800,1,dpga,rpn,0.7892875671386719,0.0,global_ddp_mean,2,0.0,2.5429158210754395,2.5429158210754395,0.0,0.0,0.0,0.0,0.0,0.0,0.0,0.0,0.0,0.0,0.0,0.0,0.0,1.0,1.0,0.0,0,0,0,0,0,0,0,0.0,0.0,0.2,0.0
26,800,1,dpga,roi_shared,0.7892875671386719,0.0,global_ddp_mean,2,0.0,4.9829816818237305,4.9829816818237305,0.0,0.0,0.0,0.0,0.0,0.0,0.0,0.0,0.0,0.0,0.0,0.0,0.0,1.0,1.0,0.0,0,0,0,0,0,0,0,0.0,0.0,0.2,0.0
26,800,1,dpga,roi_cls,0.7892875671386719,0.0,global_ddp_mean,2,0.0,2.947521209716797,2.947521209716797,0.0,0.0,0.0,0.0,0.0,0.0,0.0,0.0,0.0,0.0,0.0,0.0,0.0,1.0,1.0,0.0,0,0,0,0,0,0,0,0.0,0.0,0.2,0.0
26,800,1,dpga,roi_reg,0.7892875671386719,0.0,global_ddp_mean,2,0.0,2.5888760089874268,2.5888760089874268,0.0,0.0,0.0,0.0,0.0,0.0,0.0,0.0,0.0,0.0,0.0,0.0,0.0,1.0,1.0,0.0,0,0,0,0,0,0,0,0.0,0.0,0.2,0.0
26,900,1,dpga,backbone,0.009519337676465511,0.0,global_ddp_mean,2,0.0,2.2235164642333984,2.2235164642333984,0.0,0.0,0.0,0.0,0.0,0.0,0.0,0.0,0.0,0.0,0.0,0.0,0.0,1.0,1.0,0.0,0,0,0,0,0,0,0,0.0,0.0,0.2,0.0
26,900,1,dpga,fpn,0.009519337676465511,0.0,global_ddp_mean,2,0.0,0.4055143892765045,0.4055143892765045,0.0,0.0,0.0,0.0,0.0,0.0,0.0,0.0,0.0,0.0,0.0,0.0,0.0,1.0,1.0,0.0,0,0,0,0,0,0,0,0.0,0.0,0.2,0.0
26,900,1,dpga,rpn,0.009519337676465511,0.0,global_ddp_mean,2,0.0,0.6866451501846313,0.6866451501846313,0.0,0.0,0.0,0.0,0.0,0.0,0.0,0.0,0.0,0.0,0.0,0.0,0.0,1.0,1.0,0.0,0,0,0,0,0,0,0,0.0,0.0,0.2,0.0
26,900,1,dpga,roi_shared,0.009519337676465511,0.0,global_ddp_mean,2,0.0,0.0,0.0,0.0,0.0,0.0,0.0,0.0,0.0,0.0,0.0,0.0,0.0,0.0,0.0,0.0,0.0,0.0,90.0,0,0,0,0,0,0,0,0.0,0.0,0.2,0.0
26,900,1,dpga,roi_cls,0.009519337676465511,0.0,global_ddp_mean,2,0.0,0.0,0.0,0.0,0.0,0.0,0.0,0.0,0.0,0.0,0.0,0.0,0.0,0.0,0.0,0.0,0.0,0.0,90.0,0,0,0,0,0,0,0,0.0,0.0,0.2,0.0
26,900,1,dpga,roi_reg,0.009519337676465511,0.0,global_ddp_mean,2,0.0,0.0,0.0,0.0,0.0,0.0,0.0,0.0,0.0,0.0,0.0,0.0,0.0,0.0,0.0,0.0,0.0,0.0,90.0,0,0,0,0,0,0,0,0.0,0.0,0.2,0.0
26,1000,1,dpga,backbone,0.13254188001155853,0.0,global_ddp_mean,2,0.0,10.31053352355957,10.31053352355957,0.0,0.0,0.0,0.0,0.0,0.0,0.0,0.0,0.0,0.0,0.0,0.0,0.0,1.0,1.0,0.0,0,0,0,0,0,0,0,0.0,0.0,0.2,0.0
26,1000,1,dpga,fpn,0.13254188001155853,0.0,global_ddp_mean,2,0.0,1.4305166006088257,1.4305166006088257,0.0,0.0,0.0,0.0,0.0,0.0,0.0,0.0,0.0,0.0,0.0,0.0,0.0,1.0,1.0,0.0,0,0,0,0,0,0,0,0.0,0.0,0.2,0.0
26,1000,1,dpga,rpn,0.13254188001155853,0.0,global_ddp_mean,2,0.0,2.0150768756866455,2.0150768756866455,0.0,0.0,0.0,0.0,0.0,0.0,0.0,0.0,0.0,0.0,0.0,0.0,0.0,1.0,1.0,0.0,0,0,0,0,0,0,0,0.0,0.0,0.2,0.0
26,1000,1,dpga,roi_shared,0.13254188001155853,0.0,global_ddp_mean,2,0.0,2.197732448577881,2.197732448577881,0.0,0.0,0.0,0.0,0.0,0.0,0.0,0.0,0.0,0.0,0.0,0.0,0.0,1.0,1.0,0.0,0,0,0,0,0,0,0,0.0,0.0,0.2,0.0
26,1000,1,dpga,roi_cls,0.13254188001155853,0.0,global_ddp_mean,2,0.0,1.014373779296875,1.014373779296875,0.0,0.0,0.0,0.0,0.0,0.0,0.0,0.0,0.0,0.0,0.0,0.0,0.0,1.0,1.0,0.0,0,0,0,0,0,0,0,0.0,0.0,0.2,0.0
26,1000,1,dpga,roi_reg,0.13254188001155853,0.0,global_ddp_mean,2,0.0,2.279649019241333,2.279649019241333,0.0,0.0,0.0,0.0,0.0,0.0,0.0,0.0,0.0,0.0,0.0,0.0,0.0,1.0,1.0,0.0,0,0,0,0,0,0,0,0.0,0.0,0.2,0.0
26,1100,1,dpga,backbone,0.0200689397752285,0.0,global_ddp_mean,2,0.0,3.970498561859131,3.970498561859131,0.0,0.0,0.0,0.0,0.0,0.0,0.0,0.0,0.0,0.0,0.0,0.0,0.0,1.0,1.0,0.0,0,0,0,0,0,0,0,0.0,0.0,0.2,0.0
26,1100,1,dpga,fpn,0.0200689397752285,0.0,global_ddp_mean,2,0.0,0.8306551575660706,0.8306551575660706,0.0,0.0,0.0,0.0,0.0,0.0,0.0,0.0,0.0,0.0,0.0,0.0,0.0,1.0,1.0,0.0,0,0,0,0,0,0,0,0.0,0.0,0.2,0.0
26,1100,1,dpga,rpn,0.0200689397752285,0.0,global_ddp_mean,2,0.0,0.9961196184158325,0.9961196184158325,0.0,0.0,0.0,0.0,0.0,0.0,0.0,0.0,0.0,0.0,0.0,0.0,0.0,1.0,1.0,0.0,0,0,0,0,0,0,0,0.0,0.0,0.2,0.0
26,1100,1,dpga,roi_shared,0.0200689397752285,0.0,global_ddp_mean,2,0.0,1.505767583847046,1.505767583847046,0.0,0.0,0.0,0.0,0.0,0.0,0.0,0.0,0.0,0.0,0.0,0.0,0.0,1.0,1.0,0.0,0,0,0,0,0,0,0,0.0,0.0,0.2,0.0
26,1100,1,dpga,roi_cls,0.0200689397752285,0.0,global_ddp_mean,2,0.0,1.1077214479446411,1.1077214479446411,0.0,0.0,0.0,0.0,0.0,0.0,0.0,0.0,0.0,0.0,0.0,0.0,0.0,1.0,1.0,0.0,0,0,0,0,0,0,0,0.0,0.0,0.2,0.0
26,1100,1,dpga,roi_reg,0.0200689397752285,0.0,global_ddp_mean,2,0.0,0.6167044639587402,0.6167044639587402,0.0,0.0,0.0,0.0,0.0,0.0,0.0,0.0,0.0,0.0,0.0,0.0,0.0,1.0,1.0,0.0,0,0,0,0,0,0,0,0.0,0.0,0.2,0.0
26,1200,1,dpga,backbone,0.0075070494785904884,0.0,global_ddp_mean,2,0.0,3.9725959300994873,3.9725959300994873,0.0,0.0,0.0,0.0,0.0,0.0,0.0,0.0,0.0,0.0,0.0,0.0,0.0,1.0,1.0,0.0,0,0,0,0,0,0,0,0.0,0.0,0.2,0.0
26,1200,1,dpga,fpn,0.0075070494785904884,0.0,global_ddp_mean,2,0.0,0.5831363201141357,0.5831363201141357,0.0,0.0,0.0,0.0,0.0,0.0,0.0,0.0,0.0,0.0,0.0,0.0,0.0,1.0,1.0,0.0,0,0,0,0,0,0,0,0.0,0.0,0.2,0.0
26,1200,1,dpga,rpn,0.0075070494785904884,0.0,global_ddp_mean,2,0.0,0.8866022825241089,0.8866022825241089,0.0,0.0,0.0,0.0,0.0,0.0,0.0,0.0,0.0,0.0,0.0,0.0,0.0,1.0,1.0,0.0,0,0,0,0,0,0,0,0.0,0.0,0.2,0.0
26,1200,1,dpga,roi_shared,0.0075070494785904884,0.0,global_ddp_mean,2,0.0,1.1465506553649902,1.1465506553649902,0.0,0.0,0.0,0.0,0.0,0.0,0.0,0.0,0.0,0.0,0.0,0.0,0.0,1.0,1.0,0.0,0,0,0,0,0,0,0,0.0,0.0,0.2,0.0
26,1200,1,dpga,roi_cls,0.0075070494785904884,0.0,global_ddp_mean,2,0.0,0.770858883857727,0.770858883857727,0.0,0.0,0.0,0.0,0.0,0.0,0.0,0.0,0.0,0.0,0.0,0.0,0.0,1.0,1.0,0.0,0,0,0,0,0,0,0,0.0,0.0,0.2,0.0
26,1200,1,dpga,roi_reg,0.0075070494785904884,0.0,global_ddp_mean,2,0.0,0.7587888836860657,0.7587888836860657,0.0,0.0,0.0,0.0,0.0,0.0,0.0,0.0,0.0,0.0,0.0,0.0,0.0,1.0,1.0,0.0,0,0,0,0,0,0,0,0.0,0.0,0.2,0.0
26,1300,1,dpga,backbone,0.0373804047703743,0.0,global_ddp_mean,2,0.0,10.000823974609375,10.000823974609375,0.0,0.0,0.0,0.0,0.0,0.0,0.0,0.0,0.0,0.0,0.0,0.0,0.0,1.0,1.0,0.0,0,0,0,0,0,0,0,0.0,0.0,0.2,0.0
26,1300,1,dpga,fpn,0.0373804047703743,0.0,global_ddp_mean,2,0.0,1.1330695152282715,1.1330695152282715,0.0,0.0,0.0,0.0,0.0,0.0,0.0,0.0,0.0,0.0,0.0,0.0,0.0,1.0,1.0,0.0,0,0,0,0,0,0,0,0.0,0.0,0.2,0.0
26,1300,1,dpga,rpn,0.0373804047703743,0.0,global_ddp_mean,2,0.0,1.9655438661575317,1.9655438661575317,0.0,0.0,0.0,0.0,0.0,0.0,0.0,0.0,0.0,0.0,0.0,0.0,0.0,1.0,1.0,0.0,0,0,0,0,0,0,0,0.0,0.0,0.2,0.0
26,1300,1,dpga,roi_shared,0.0373804047703743,0.0,global_ddp_mean,2,0.0,1.4500043392181396,1.4500043392181396,0.0,0.0,0.0,0.0,0.0,0.0,0.0,0.0,0.0,0.0,0.0,0.0,0.0,1.0,1.0,0.0,0,0,0,0,0,0,0,0.0,0.0,0.2,0.0
26,1300,1,dpga,roi_cls,0.0373804047703743,0.0,global_ddp_mean,2,0.0,1.1305127143859863,1.1305127143859863,0.0,0.0,0.0,0.0,0.0,0.0,0.0,0.0,0.0,0.0,0.0,0.0,0.0,1.0,1.0,0.0,0,0,0,0,0,0,0,0.0,0.0,0.2,0.0
26,1300,1,dpga,roi_reg,0.0373804047703743,0.0,global_ddp_mean,2,0.0,0.0,0.0,0.0,0.0,0.0,0.0,0.0,0.0,0.0,0.0,0.0,0.0,0.0,0.0,0.0,0.0,0.0,90.0,0,0,0,0,0,0,0,0.0,0.0,0.2,0.0
26,1400,1,dpga,backbone,0.1324433982372284,0.0,global_ddp_mean,2,0.0,9.53309154510498,9.53309154510498,0.0,0.0,0.0,0.0,0.0,0.0,0.0,0.0,0.0,0.0,0.0,0.0,0.0,1.0,1.0,0.0,0,0,0,0,0,0,0,0.0,0.0,0.2,0.0
26,1400,1,dpga,fpn,0.1324433982372284,0.0,global_ddp_mean,2,0.0,1.1769907474517822,1.1769907474517822,0.0,0.0,0.0,0.0,0.0,0.0,0.0,0.0,0.0,0.0,0.0,0.0,0.0,1.0,1.0,0.0,0,0,0,0,0,0,0,0.0,0.0,0.2,0.0
26,1400,1,dpga,rpn,0.1324433982372284,0.0,global_ddp_mean,2,0.0,1.4721158742904663,1.4721158742904663,0.0,0.0,0.0,0.0,0.0,0.0,0.0,0.0,0.0,0.0,0.0,0.0,0.0,1.0,1.0,0.0,0,0,0,0,0,0,0,0.0,0.0,0.2,0.0
26,1400,1,dpga,roi_shared,0.1324433982372284,0.0,global_ddp_mean,2,0.0,2.5474436283111572,2.5474436283111572,0.0,0.0,0.0,0.0,0.0,0.0,0.0,0.0,0.0,0.0,0.0,0.0,0.0,1.0,1.0,0.0,0,0,0,0,0,0,0,0.0,0.0,0.2,0.0
26,1400,1,dpga,roi_cls,0.1324433982372284,0.0,global_ddp_mean,2,0.0,1.9388482570648193,1.9388482570648193,0.0,0.0,0.0,0.0,0.0,0.0,0.0,0.0,0.0,0.0,0.0,0.0,0.0,1.0,1.0,0.0,0,0,0,0,0,0,0,0.0,0.0,0.2,0.0
26,1400,1,dpga,roi_reg,0.1324433982372284,0.0,global_ddp_mean,2,0.0,2.085695505142212,2.085695505142212,0.0,0.0,0.0,0.0,0.0,0.0,0.0,0.0,0.0,0.0,0.0,0.0,0.0,1.0,1.0,0.0,0,0,0,0,0,0,0,0.0,0.0,0.2,0.0
27,0,1,dpga,backbone,0.061453141272068024,0.0,global_ddp_mean,2,0.0,9.370929718017578,9.370929718017578,0.0,0.0,0.0,0.0,0.0,0.0,0.0,0.0,0.0,0.0,0.0,0.0,0.0,1.0,1.0,0.0,0,0,0,0,0,0,0,0.0,0.0,0.2,0.0
27,0,1,dpga,fpn,0.061453141272068024,0.0,global_ddp_mean,2,0.0,1.6336737871170044,1.6336737871170044,0.0,0.0,0.0,0.0,0.0,0.0,0.0,0.0,0.0,0.0,0.0,0.0,0.0,1.0,1.0,0.0,0,0,0,0,0,0,0,0.0,0.0,0.2,0.0
27,0,1,dpga,rpn,0.061453141272068024,0.0,global_ddp_mean,2,0.0,1.4831098318099976,1.4831098318099976,0.0,0.0,0.0,0.0,0.0,0.0,0.0,0.0,0.0,0.0,0.0,0.0,0.0,1.0,1.0,0.0,0,0,0,0,0,0,0,0.0,0.0,0.2,0.0
27,0,1,dpga,roi_shared,0.061453141272068024,0.0,global_ddp_mean,2,0.0,3.103214740753174,3.103214740753174,0.0,0.0,0.0,0.0,0.0,0.0,0.0,0.0,0.0,0.0,0.0,0.0,0.0,1.0,1.0,0.0,0,0,0,0,0,0,0,0.0,0.0,0.2,0.0
27,0,1,dpga,roi_cls,0.061453141272068024,0.0,global_ddp_mean,2,0.0,2.7167325019836426,2.7167325019836426,0.0,0.0,0.0,0.0,0.0,0.0,0.0,0.0,0.0,0.0,0.0,0.0,0.0,1.0,1.0,0.0,0,0,0,0,0,0,0,0.0,0.0,0.2,0.0
27,0,1,dpga,roi_reg,0.061453141272068024,0.0,global_ddp_mean,2,0.0,0.0,0.0,0.0,0.0,0.0,0.0,0.0,0.0,0.0,0.0,0.0,0.0,0.0,0.0,0.0,0.0,0.0,90.0,0,0,0,0,0,0,0,0.0,0.0,0.2,0.0
27,100,1,dpga,backbone,0.5637646913528442,0.0,global_ddp_mean,2,0.0,38.68732833862305,38.68732833862305,0.0,0.0,0.0,0.0,0.0,0.0,0.0,0.0,0.0,0.0,0.0,0.0,0.0,1.0,1.0,0.0,0,0,0,0,0,0,0,0.0,0.0,0.2,0.0
27,100,1,dpga,fpn,0.5637646913528442,0.0,global_ddp_mean,2,0.0,5.079043388366699,5.079043388366699,0.0,0.0,0.0,0.0,0.0,0.0,0.0,0.0,0.0,0.0,0.0,0.0,0.0,1.0,1.0,0.0,0,0,0,0,0,0,0,0.0,0.0,0.2,0.0
27,100,1,dpga,rpn,0.5637646913528442,0.0,global_ddp_mean,2,0.0,4.672892093658447,4.672892093658447,0.0,0.0,0.0,0.0,0.0,0.0,0.0,0.0,0.0,0.0,0.0,0.0,0.0,1.0,1.0,0.0,0,0,0,0,0,0,0,0.0,0.0,0.2,0.0
27,100,1,dpga,roi_shared,0.5637646913528442,0.0,global_ddp_mean,2,0.0,10.801008224487305,10.801008224487305,0.0,0.0,0.0,0.0,0.0,0.0,0.0,0.0,0.0,0.0,0.0,0.0,0.0,1.0,1.0,0.0,0,0,0,0,0,0,0,0.0,0.0,0.2,0.0
27,100,1,dpga,roi_cls,0.5637646913528442,0.0,global_ddp_mean,2,0.0,8.307206153869629,8.307206153869629,0.0,0.0,0.0,0.0,0.0,0.0,0.0,0.0,0.0,0.0,0.0,0.0,0.0,1.0,1.0,0.0,0,0,0,0,0,0,0,0.0,0.0,0.2,0.0
27,100,1,dpga,roi_reg,0.5637646913528442,0.0,global_ddp_mean,2,0.0,4.536990642547607,4.536990642547607,0.0,0.0,0.0,0.0,0.0,0.0,0.0,0.0,0.0,0.0,0.0,0.0,0.0,1.0,1.0,0.0,0,0,0,0,0,0,0,0.0,0.0,0.2,0.0
27,200,1,dpga,backbone,0.3814072608947754,0.0,global_ddp_mean,2,-0.29439523816108704,32.80044937133789,32.80044937133789,14.03384017944336,14.03384017944336,13.411914825439453,3.2800450325012207,0.12243912532449386,3.2800450325012207,0.42785511931756,0.40889424024657495,0.10000000290750381,0.0037328490210102178,0.0037328490210102178,-1.3959334045518867e-10,-1.3959334045518867e-10,0.9999999998604067,0.9999932544970599,0.21044811608309305,1,0,0,0,0,1,1,0.244562029838562,0.18664243817329407,0.2,0.03732848912477493
27,200,1,dpga,fpn,0.3814072608947754,0.0,global_ddp_mean,2,-0.017185214906930923,4.311213493347168,4.311213493347168,3.712350368499756,3.712350368499756,3.7118020057678223,0.6466820240020752,0.06189156720379252,0.6466820240020752,0.8610917492785859,0.860964554758347,0.15,0.014355950430035591,0.014355950430035591,7.306691023769271e-11,7.306691023769271e-11,1.0000000000730669,0.9998969278346821,0.8226442386113225,1,0,0,0,0,1,1,0.17422319948673248,0.47853168845176697,0.2,0.09570633620023727
27,200,1,dpga,rpn,0.3814072608947754,0.0,global_ddp_mean,2,0.0,4.477914810180664,4.477914810180664,0.0,0.0,0.0,0.0,0.0,0.0,0.0,0.0,0.0,0.0,0.0,0.0,0.0,1.0,1.0,0.0,0,0,0,0,0,0,0,0.0,0.0,0.2,0.0
27,200,1,dpga,roi_shared,0.3814072608947754,0.0,global_ddp_mean,2,0.011424371972680092,9.288941383361816,9.288941383361816,0.06112927198410034,0.06112927198410034,0.06112927198410034,0.06112927198410034,0.006287470665912398,0.06112927198410034,0.0065808652957584585,0.0065808652957584585,0.0065808652957584585,0.0006768769880682422,0.0006768769880682422,7.732894491438943e-06,7.732894491438943e-06,1.0000077328944914,0.9999997248155145,0.04250593883121979,0,0,0,0,0,0,0,1.0,0.5142765641212463,0.2,0.10285531729459763
27,200,1,dpga,roi_cls,0.3814072608947754,0.0,global_ddp_mean,2,0.0,9.267462730407715,9.267462730407715,0.0,0.0,0.0,0.0,0.0,0.0,0.0,0.0,0.0,0.0,0.0,0.0,0.0,1.0,1.0,0.0,0,0,0,0,0,0,0,0.0,0.0,0.2,0.0
27,200,1,dpga,roi_reg,0.3814072608947754,0.0,global_ddp_mean,2,0.46937403082847595,4.813209056854248,4.813209056854248,0.07298586517572403,0.07298586517572403,0.07298586517572403,0.07298586517572403,0.013322623364335873,0.07298586517572403,0.0151636599020748,0.0151636599020748,0.0151636599020748,0.0027679295054437326,0.0027679295054437326,0.0012991942290191947,0.0012991942290191947,1.0012991942290193,0.9999970423805605,0.13935061293642398,0,0,0,0,0,0,0,1.0,0.9126851558685303,0.2,0.1825370341539383
27,300,1,dpga,backbone,0.6193246245384216,0.0,global_ddp_mean,2,0.0,22.597152709960938,22.597152709960938,0.0,0.0,0.0,0.0,0.0,0.0,0.0,0.0,0.0,0.0,0.0,0.0,0.0,1.0,1.0,0.0,0,0,0,0,0,0,0,0.0,0.0,0.2,0.0
27,300,1,dpga,fpn,0.6193246245384216,0.0,global_ddp_mean,2,0.0,5.973908424377441,5.973908424377441,0.0,0.0,0.0,0.0,0.0,0.0,0.0,0.0,0.0,0.0,0.0,0.0,0.0,1.0,1.0,0.0,0,0,0,0,0,0,0,0.0,0.0,0.2,0.0
27,300,1,dpga,rpn,0.6193246245384216,0.0,global_ddp_mean,2,0.0,5.046111106872559,5.046111106872559,0.0,0.0,0.0,0.0,0.0,0.0,0.0,0.0,0.0,0.0,0.0,0.0,0.0,1.0,1.0,0.0,0,0,0,0,0,0,0,0.0,0.0,0.2,0.0
27,300,1,dpga,roi_shared,0.6193246245384216,0.0,global_ddp_mean,2,0.0,11.71551513671875,11.71551513671875,0.0,0.0,0.0,0.0,0.0,0.0,0.0,0.0,0.0,0.0,0.0,0.0,0.0,1.0,1.0,0.0,0,0,0,0,0,0,0,0.0,0.0,0.2,0.0
27,300,1,dpga,roi_cls,0.6193246245384216,0.0,global_ddp_mean,2,0.0,8.817837715148926,8.817837715148926,0.0,0.0,0.0,0.0,0.0,0.0,0.0,0.0,0.0,0.0,0.0,0.0,0.0,1.0,1.0,0.0,0,0,0,0,0,0,0,0.0,0.0,0.2,0.0
27,300,1,dpga,roi_reg,0.6193246245384216,0.0,global_ddp_mean,2,0.0,2.7795088291168213,2.7795088291168213,0.0,0.0,0.0,0.0,0.0,0.0,0.0,0.0,0.0,0.0,0.0,0.0,0.0,1.0,1.0,0.0,0,0,0,0,0,0,0,0.0,0.0,0.2,0.0
27,400,1,dpga,backbone,0.01392158679664135,0.0,global_ddp_mean,2,0.0,7.2004218101501465,7.2004218101501465,0.0,0.0,0.0,0.0,0.0,0.0,0.0,0.0,0.0,0.0,0.0,0.0,0.0,1.0,1.0,0.0,0,0,0,0,0,0,0,0.0,0.0,0.2,0.0
27,400,1,dpga,fpn,0.01392158679664135,0.0,global_ddp_mean,2,0.0,1.1037665605545044,1.1037665605545044,0.0,0.0,0.0,0.0,0.0,0.0,0.0,0.0,0.0,0.0,0.0,0.0,0.0,1.0,1.0,0.0,0,0,0,0,0,0,0,0.0,0.0,0.2,0.0
27,400,1,dpga,rpn,0.01392158679664135,0.0,global_ddp_mean,2,0.0,0.7556283473968506,0.7556283473968506,0.0,0.0,0.0,0.0,0.0,0.0,0.0,0.0,0.0,0.0,0.0,0.0,0.0,1.0,1.0,0.0,0,0,0,0,0,0,0,0.0,0.0,0.2,0.0
27,400,1,dpga,roi_shared,0.01392158679664135,0.0,global_ddp_mean,2,0.0,2.3585257530212402,2.3585257530212402,0.0,0.0,0.0,0.0,0.0,0.0,0.0,0.0,0.0,0.0,0.0,0.0,0.0,1.0,1.0,0.0,0,0,0,0,0,0,0,0.0,0.0,0.2,0.0
27,400,1,dpga,roi_cls,0.01392158679664135,0.0,global_ddp_mean,2,0.0,2.0886242389678955,2.0886242389678955,0.0,0.0,0.0,0.0,0.0,0.0,0.0,0.0,0.0,0.0,0.0,0.0,0.0,1.0,1.0,0.0,0,0,0,0,0,0,0,0.0,0.0,0.2,0.0
27,400,1,dpga,roi_reg,0.01392158679664135,0.0,global_ddp_mean,2,0.0,0.5934417843818665,0.5934417843818665,0.0,0.0,0.0,0.0,0.0,0.0,0.0,0.0,0.0,0.0,0.0,0.0,0.0,1.0,1.0,0.0,0,0,0,0,0,0,0,0.0,0.0,0.2,0.0
27,500,1,dpga,backbone,0.42660754919052124,0.0,global_ddp_mean,2,0.0,16.87398338317871,16.87398338317871,0.0,0.0,0.0,0.0,0.0,0.0,0.0,0.0,0.0,0.0,0.0,0.0,0.0,1.0,1.0,0.0,0,0,0,0,0,0,0,0.0,0.0,0.2,0.0
27,500,1,dpga,fpn,0.42660754919052124,0.0,global_ddp_mean,2,0.0,3.5762174129486084,3.5762174129486084,0.0,0.0,0.0,0.0,0.0,0.0,0.0,0.0,0.0,0.0,0.0,0.0,0.0,1.0,1.0,0.0,0,0,0,0,0,0,0,0.0,0.0,0.2,0.0
27,500,1,dpga,rpn,0.42660754919052124,0.0,global_ddp_mean,2,0.0,3.19999098777771,3.19999098777771,0.0,0.0,0.0,0.0,0.0,0.0,0.0,0.0,0.0,0.0,0.0,0.0,0.0,1.0,1.0,0.0,0,0,0,0,0,0,0,0.0,0.0,0.2,0.0
27,500,1,dpga,roi_shared,0.42660754919052124,0.0,global_ddp_mean,2,0.0,6.672909736633301,6.672909736633301,0.0,0.0,0.0,0.0,0.0,0.0,0.0,0.0,0.0,0.0,0.0,0.0,0.0,1.0,1.0,0.0,0,0,0,0,0,0,0,0.0,0.0,0.2,0.0
27,500,1,dpga,roi_cls,0.42660754919052124,0.0,global_ddp_mean,2,0.0,3.45473313331604,3.45473313331604,0.0,0.0,0.0,0.0,0.0,0.0,0.0,0.0,0.0,0.0,0.0,0.0,0.0,1.0,1.0,0.0,0,0,0,0,0,0,0,0.0,0.0,0.2,0.0
27,500,1,dpga,roi_reg,0.42660754919052124,0.0,global_ddp_mean,2,0.0,7.432218074798584,7.432218074798584,0.0,0.0,0.0,0.0,0.0,0.0,0.0,0.0,0.0,0.0,0.0,0.0,0.0,1.0,1.0,0.0,0,0,0,0,0,0,0,0.0,0.0,0.2,0.0
27,600,1,dpga,backbone,0.7937474250793457,0.0,global_ddp_mean,2,0.0,11.637548446655273,11.637548446655273,0.0,0.0,0.0,0.0,0.0,0.0,0.0,0.0,0.0,0.0,0.0,0.0,0.0,1.0,1.0,0.0,0,0,0,0,0,0,0,0.0,0.0,0.2,0.0
27,600,1,dpga,fpn,0.7937474250793457,0.0,global_ddp_mean,2,0.0,2.1455938816070557,2.1455938816070557,0.0,0.0,0.0,0.0,0.0,0.0,0.0,0.0,0.0,0.0,0.0,0.0,0.0,1.0,1.0,0.0,0,0,0,0,0,0,0,0.0,0.0,0.2,0.0
27,600,1,dpga,rpn,0.7937474250793457,0.0,global_ddp_mean,2,0.0,1.8135907649993896,1.8135907649993896,0.0,0.0,0.0,0.0,0.0,0.0,0.0,0.0,0.0,0.0,0.0,0.0,0.0,1.0,1.0,0.0,0,0,0,0,0,0,0,0.0,0.0,0.2,0.0
27,600,1,dpga,roi_shared,0.7937474250793457,0.0,global_ddp_mean,2,0.0,4.330552577972412,4.330552577972412,0.0,0.0,0.0,0.0,0.0,0.0,0.0,0.0,0.0,0.0,0.0,0.0,0.0,1.0,1.0,0.0,0,0,0,0,0,0,0,0.0,0.0,0.2,0.0
27,600,1,dpga,roi_cls,0.7937474250793457,0.0,global_ddp_mean,2,0.0,2.1473891735076904,2.1473891735076904,0.0,0.0,0.0,0.0,0.0,0.0,0.0,0.0,0.0,0.0,0.0,0.0,0.0,1.0,1.0,0.0,0,0,0,0,0,0,0,0.0,0.0,0.2,0.0
27,600,1,dpga,roi_reg,0.7937474250793457,0.0,global_ddp_mean,2,0.0,3.707988977432251,3.707988977432251,0.0,0.0,0.0,0.0,0.0,0.0,0.0,0.0,0.0,0.0,0.0,0.0,0.0,1.0,1.0,0.0,0,0,0,0,0,0,0,0.0,0.0,0.2,0.0
27,700,1,dpga,backbone,0.4327031672000885,0.0,global_ddp_mean,2,0.0,18.676467895507812,18.676467895507812,0.0,0.0,0.0,0.0,0.0,0.0,0.0,0.0,0.0,0.0,0.0,0.0,0.0,1.0,1.0,0.0,0,0,0,0,0,0,0,0.0,0.0,0.2,0.0
27,700,1,dpga,fpn,0.4327031672000885,0.0,global_ddp_mean,2,0.0,3.284679412841797,3.284679412841797,0.0,0.0,0.0,0.0,0.0,0.0,0.0,0.0,0.0,0.0,0.0,0.0,0.0,1.0,1.0,0.0,0,0,0,0,0,0,0,0.0,0.0,0.2,0.0
27,700,1,dpga,rpn,0.4327031672000885,0.0,global_ddp_mean,2,0.0,1.6189589500427246,1.6189589500427246,0.0,0.0,0.0,0.0,0.0,0.0,0.0,0.0,0.0,0.0,0.0,0.0,0.0,1.0,1.0,0.0,0,0,0,0,0,0,0,0.0,0.0,0.2,0.0
27,700,1,dpga,roi_shared,0.4327031672000885,0.0,global_ddp_mean,2,0.0,6.234817981719971,6.234817981719971,0.0,0.0,0.0,0.0,0.0,0.0,0.0,0.0,0.0,0.0,0.0,0.0,0.0,1.0,1.0,0.0,0,0,0,0,0,0,0,0.0,0.0,0.2,0.0
27,700,1,dpga,roi_cls,0.4327031672000885,0.0,global_ddp_mean,2,0.0,2.6657216548919678,2.6657216548919678,0.0,0.0,0.0,0.0,0.0,0.0,0.0,0.0,0.0,0.0,0.0,0.0,0.0,1.0,1.0,0.0,0,0,0,0,0,0,0,0.0,0.0,0.2,0.0
27,700,1,dpga,roi_reg,0.4327031672000885,0.0,global_ddp_mean,2,0.0,8.866316795349121,8.866316795349121,0.0,0.0,0.0,0.0,0.0,0.0,0.0,0.0,0.0,0.0,0.0,0.0,0.0,1.0,1.0,0.0,0,0,0,0,0,0,0,0.0,0.0,0.2,0.0
27,800,1,dpga,backbone,0.7397865056991577,0.0,global_ddp_mean,2,0.0,27.831905364990234,27.831905364990234,0.0,0.0,0.0,0.0,0.0,0.0,0.0,0.0,0.0,0.0,0.0,0.0,0.0,1.0,1.0,0.0,0,0,0,0,0,0,0,0.0,0.0,0.2,0.0
27,800,1,dpga,fpn,0.7397865056991577,0.0,global_ddp_mean,2,0.0,5.8523149490356445,5.8523149490356445,0.0,0.0,0.0,0.0,0.0,0.0,0.0,0.0,0.0,0.0,0.0,0.0,0.0,1.0,1.0,0.0,0,0,0,0,0,0,0,0.0,0.0,0.2,0.0
27,800,1,dpga,rpn,0.7397865056991577,0.0,global_ddp_mean,2,0.0,2.0068516731262207,2.0068516731262207,0.0,0.0,0.0,0.0,0.0,0.0,0.0,0.0,0.0,0.0,0.0,0.0,0.0,1.0,1.0,0.0,0,0,0,0,0,0,0,0.0,0.0,0.2,0.0
27,800,1,dpga,roi_shared,0.7397865056991577,0.0,global_ddp_mean,2,0.0,11.452095985412598,11.452095985412598,0.0,0.0,0.0,0.0,0.0,0.0,0.0,0.0,0.0,0.0,0.0,0.0,0.0,1.0,1.0,0.0,0,0,0,0,0,0,0,0.0,0.0,0.2,0.0
27,800,1,dpga,roi_cls,0.7397865056991577,0.0,global_ddp_mean,2,0.0,8.813883781433105,8.813883781433105,0.0,0.0,0.0,0.0,0.0,0.0,0.0,0.0,0.0,0.0,0.0,0.0,0.0,1.0,1.0,0.0,0,0,0,0,0,0,0,0.0,0.0,0.2,0.0
27,800,1,dpga,roi_reg,0.7397865056991577,0.0,global_ddp_mean,2,0.0,3.960054874420166,3.960054874420166,0.0,0.0,0.0,0.0,0.0,0.0,0.0,0.0,0.0,0.0,0.0,0.0,0.0,1.0,1.0,0.0,0,0,0,0,0,0,0,0.0,0.0,0.2,0.0
27,900,1,dpga,backbone,0.1450444757938385,0.0,global_ddp_mean,2,0.0,8.780745506286621,8.780745506286621,0.0,0.0,0.0,0.0,0.0,0.0,0.0,0.0,0.0,0.0,0.0,0.0,0.0,1.0,1.0,0.0,0,0,0,0,0,0,0,0.0,0.0,0.2,0.0
27,900,1,dpga,fpn,0.1450444757938385,0.0,global_ddp_mean,2,0.0,1.2765005826950073,1.2765005826950073,0.0,0.0,0.0,0.0,0.0,0.0,0.0,0.0,0.0,0.0,0.0,0.0,0.0,1.0,1.0,0.0,0,0,0,0,0,0,0,0.0,0.0,0.2,0.0
27,900,1,dpga,rpn,0.1450444757938385,0.0,global_ddp_mean,2,0.0,1.9844932556152344,1.9844932556152344,0.0,0.0,0.0,0.0,0.0,0.0,0.0,0.0,0.0,0.0,0.0,0.0,0.0,1.0,1.0,0.0,0,0,0,0,0,0,0,0.0,0.0,0.2,0.0
27,900,1,dpga,roi_shared,0.1450444757938385,0.0,global_ddp_mean,2,0.0,2.341860055923462,2.341860055923462,0.0,0.0,0.0,0.0,0.0,0.0,0.0,0.0,0.0,0.0,0.0,0.0,0.0,1.0,1.0,0.0,0,0,0,0,0,0,0,0.0,0.0,0.2,0.0
27,900,1,dpga,roi_cls,0.1450444757938385,0.0,global_ddp_mean,2,0.0,1.2274913787841797,1.2274913787841797,0.0,0.0,0.0,0.0,0.0,0.0,0.0,0.0,0.0,0.0,0.0,0.0,0.0,1.0,1.0,0.0,0,0,0,0,0,0,0,0.0,0.0,0.2,0.0
27,900,1,dpga,roi_reg,0.1450444757938385,0.0,global_ddp_mean,2,0.0,1.4453099966049194,1.4453099966049194,0.0,0.0,0.0,0.0,0.0,0.0,0.0,0.0,0.0,0.0,0.0,0.0,0.0,1.0,1.0,0.0,0,0,0,0,0,0,0,0.0,0.0,0.2,0.0
27,1000,1,dpga,backbone,0.016336236149072647,0.0,global_ddp_mean,2,0.0,10.937589645385742,10.937589645385742,0.0,0.0,0.0,0.0,0.0,0.0,0.0,0.0,0.0,0.0,0.0,0.0,0.0,1.0,1.0,0.0,0,0,0,0,0,0,0,0.0,0.0,0.2,0.0
27,1000,1,dpga,fpn,0.016336236149072647,0.0,global_ddp_mean,2,0.0,2.597622871398926,2.597622871398926,0.0,0.0,0.0,0.0,0.0,0.0,0.0,0.0,0.0,0.0,0.0,0.0,0.0,1.0,1.0,0.0,0,0,0,0,0,0,0,0.0,0.0,0.2,0.0
27,1000,1,dpga,rpn,0.016336236149072647,0.0,global_ddp_mean,2,0.0,1.9904677867889404,1.9904677867889404,0.0,0.0,0.0,0.0,0.0,0.0,0.0,0.0,0.0,0.0,0.0,0.0,0.0,1.0,1.0,0.0,0,0,0,0,0,0,0,0.0,0.0,0.2,0.0
27,1000,1,dpga,roi_shared,0.016336236149072647,0.0,global_ddp_mean,2,0.0,4.8028178215026855,4.8028178215026855,0.0,0.0,0.0,0.0,0.0,0.0,0.0,0.0,0.0,0.0,0.0,0.0,0.0,1.0,1.0,0.0,0,0,0,0,0,0,0,0.0,0.0,0.2,0.0
27,1000,1,dpga,roi_cls,0.016336236149072647,0.0,global_ddp_mean,2,0.0,2.765467643737793,2.765467643737793,0.0,0.0,0.0,0.0,0.0,0.0,0.0,0.0,0.0,0.0,0.0,0.0,0.0,1.0,1.0,0.0,0,0,0,0,0,0,0,0.0,0.0,0.2,0.0
27,1000,1,dpga,roi_reg,0.016336236149072647,0.0,global_ddp_mean,2,0.0,0.797912061214447,0.797912061214447,0.0,0.0,0.0,0.0,0.0,0.0,0.0,0.0,0.0,0.0,0.0,0.0,0.0,1.0,1.0,0.0,0,0,0,0,0,0,0,0.0,0.0,0.2,0.0
27,1100,1,dpga,backbone,0.060205891728401184,0.0,global_ddp_mean,2,0.0,11.443015098571777,11.443015098571777,0.0,0.0,0.0,0.0,0.0,0.0,0.0,0.0,0.0,0.0,0.0,0.0,0.0,1.0,1.0,0.0,0,0,0,0,0,0,0,0.0,0.0,0.2,0.0
27,1100,1,dpga,fpn,0.060205891728401184,0.0,global_ddp_mean,2,0.0,1.2629767656326294,1.2629767656326294,0.0,0.0,0.0,0.0,0.0,0.0,0.0,0.0,0.0,0.0,0.0,0.0,0.0,1.0,1.0,0.0,0,0,0,0,0,0,0,0.0,0.0,0.2,0.0
27,1100,1,dpga,rpn,0.060205891728401184,0.0,global_ddp_mean,2,0.0,1.366827130317688,1.366827130317688,0.0,0.0,0.0,0.0,0.0,0.0,0.0,0.0,0.0,0.0,0.0,0.0,0.0,1.0,1.0,0.0,0,0,0,0,0,0,0,0.0,0.0,0.2,0.0
27,1100,1,dpga,roi_shared,0.060205891728401184,0.0,global_ddp_mean,2,0.0,2.6325936317443848,2.6325936317443848,0.0,0.0,0.0,0.0,0.0,0.0,0.0,0.0,0.0,0.0,0.0,0.0,0.0,1.0,1.0,0.0,0,0,0,0,0,0,0,0.0,0.0,0.2,0.0
27,1100,1,dpga,roi_cls,0.060205891728401184,0.0,global_ddp_mean,2,0.0,1.8297189474105835,1.8297189474105835,0.0,0.0,0.0,0.0,0.0,0.0,0.0,0.0,0.0,0.0,0.0,0.0,0.0,1.0,1.0,0.0,0,0,0,0,0,0,0,0.0,0.0,0.2,0.0
27,1100,1,dpga,roi_reg,0.060205891728401184,0.0,global_ddp_mean,2,0.0,2.398994207382202,2.398994207382202,0.0,0.0,0.0,0.0,0.0,0.0,0.0,0.0,0.0,0.0,0.0,0.0,0.0,1.0,1.0,0.0,0,0,0,0,0,0,0,0.0,0.0,0.2,0.0
27,1200,1,dpga,backbone,0.019479386508464813,0.0,global_ddp_mean,2,0.0,8.793346405029297,8.793346405029297,0.0,0.0,0.0,0.0,0.0,0.0,0.0,0.0,0.0,0.0,0.0,0.0,0.0,1.0,1.0,0.0,0,0,0,0,0,0,0,0.0,0.0,0.2,0.0
27,1200,1,dpga,fpn,0.019479386508464813,0.0,global_ddp_mean,2,0.0,1.4343713521957397,1.4343713521957397,0.0,0.0,0.0,0.0,0.0,0.0,0.0,0.0,0.0,0.0,0.0,0.0,0.0,1.0,1.0,0.0,0,0,0,0,0,0,0,0.0,0.0,0.2,0.0
27,1200,1,dpga,rpn,0.019479386508464813,0.0,global_ddp_mean,2,0.0,1.7640087604522705,1.7640087604522705,0.0,0.0,0.0,0.0,0.0,0.0,0.0,0.0,0.0,0.0,0.0,0.0,0.0,1.0,1.0,0.0,0,0,0,0,0,0,0,0.0,0.0,0.2,0.0
27,1200,1,dpga,roi_shared,0.019479386508464813,0.0,global_ddp_mean,2,0.0,1.7277500629425049,1.7277500629425049,0.0,0.0,0.0,0.0,0.0,0.0,0.0,0.0,0.0,0.0,0.0,0.0,0.0,1.0,1.0,0.0,0,0,0,0,0,0,0,0.0,0.0,0.2,0.0
27,1200,1,dpga,roi_cls,0.019479386508464813,0.0,global_ddp_mean,2,0.0,1.3123750686645508,1.3123750686645508,0.0,0.0,0.0,0.0,0.0,0.0,0.0,0.0,0.0,0.0,0.0,0.0,0.0,1.0,1.0,0.0,0,0,0,0,0,0,0,0.0,0.0,0.2,0.0
27,1200,1,dpga,roi_reg,0.019479386508464813,0.0,global_ddp_mean,2,0.0,0.7164056301116943,0.7164056301116943,0.0,0.0,0.0,0.0,0.0,0.0,0.0,0.0,0.0,0.0,0.0,0.0,0.0,1.0,1.0,0.0,0,0,0,0,0,0,0,0.0,0.0,0.2,0.0
27,1300,1,dpga,backbone,0.10163804888725281,-0.0,global_ddp_mean,2,0.0,35.809059143066406,35.809059143066406,0.0,0.0,0.0,0.0,0.0,0.0,0.0,0.0,0.0,0.0,0.0,0.0,0.0,1.0,1.0,0.0,0,0,0,0,0,0,0,0.0,0.0,0.2,0.0
27,1300,1,dpga,fpn,0.10163804888725281,-0.0,global_ddp_mean,2,0.0,4.741244316101074,4.741244316101074,0.0,0.0,0.0,0.0,0.0,0.0,0.0,0.0,0.0,0.0,0.0,0.0,0.0,1.0,1.0,0.0,0,0,0,0,0,0,0,0.0,0.0,0.2,0.0
27,1300,1,dpga,rpn,0.10163804888725281,-0.0,global_ddp_mean,2,0.0,3.0429131984710693,3.0429131984710693,0.0,0.0,0.0,0.0,0.0,0.0,0.0,0.0,0.0,0.0,0.0,0.0,0.0,1.0,1.0,0.0,0,0,0,0,0,0,0,0.0,0.0,0.2,0.0
27,1300,1,dpga,roi_shared,0.10163804888725281,-0.0,global_ddp_mean,2,0.0,11.014433860778809,11.014433860778809,0.0,0.0,0.0,0.0,0.0,0.0,0.0,0.0,0.0,0.0,0.0,0.0,0.0,1.0,1.0,0.0,0,0,0,0,0,0,0,0.0,0.0,0.2,0.0
27,1300,1,dpga,roi_cls,0.10163804888725281,-0.0,global_ddp_mean,2,0.0,10.295016288757324,10.295016288757324,0.0,0.0,0.0,0.0,0.0,0.0,0.0,0.0,0.0,0.0,0.0,0.0,0.0,1.0,1.0,0.0,0,0,0,0,0,0,0,0.0,0.0,0.2,0.0
27,1300,1,dpga,roi_reg,0.10163804888725281,-0.0,global_ddp_mean,2,0.0,2.5541224479675293,2.5541224479675293,0.0,0.0,0.0,0.0,0.0,0.0,0.0,0.0,0.0,0.0,0.0,0.0,0.0,1.0,1.0,0.0,0,0,0,0,0,0,0,0.0,0.0,0.2,0.0
27,1400,1,dpga,backbone,0.028394734486937523,-0.0,global_ddp_mean,2,0.0,5.289220809936523,5.289220809936523,0.0,0.0,0.0,0.0,0.0,0.0,0.0,0.0,0.0,0.0,0.0,0.0,0.0,1.0,1.0,0.0,0,0,0,0,0,0,0,0.0,0.0,0.2,0.0
27,1400,1,dpga,fpn,0.028394734486937523,-0.0,global_ddp_mean,2,0.0,0.8984284400939941,0.8984284400939941,0.0,0.0,0.0,0.0,0.0,0.0,0.0,0.0,0.0,0.0,0.0,0.0,0.0,1.0,1.0,0.0,0,0,0,0,0,0,0,0.0,0.0,0.2,0.0
27,1400,1,dpga,rpn,0.028394734486937523,-0.0,global_ddp_mean,2,0.0,1.0405956506729126,1.0405956506729126,0.0,0.0,0.0,0.0,0.0,0.0,0.0,0.0,0.0,0.0,0.0,0.0,0.0,1.0,1.0,0.0,0,0,0,0,0,0,0,0.0,0.0,0.2,0.0
27,1400,1,dpga,roi_shared,0.028394734486937523,-0.0,global_ddp_mean,2,0.0,1.3922374248504639,1.3922374248504639,0.0,0.0,0.0,0.0,0.0,0.0,0.0,0.0,0.0,0.0,0.0,0.0,0.0,1.0,1.0,0.0,0,0,0,0,0,0,0,0.0,0.0,0.2,0.0
27,1400,1,dpga,roi_cls,0.028394734486937523,-0.0,global_ddp_mean,2,0.0,1.232952356338501,1.232952356338501,0.0,0.0,0.0,0.0,0.0,0.0,0.0,0.0,0.0,0.0,0.0,0.0,0.0,1.0,1.0,0.0,0,0,0,0,0,0,0,0.0,0.0,0.2,0.0
27,1400,1,dpga,roi_reg,0.028394734486937523,-0.0,global_ddp_mean,2,0.0,0.0,0.0,0.0,0.0,0.0,0.0,0.0,0.0,0.0,0.0,0.0,0.0,0.0,0.0,0.0,0.0,0.0,90.0,0,0,0,0,0,0,0,0.0,0.0,0.2,0.0
28,0,1,dpga,backbone,0.8804360628128052,0.0,global_ddp_mean,2,0.0,67.9494857788086,67.9494857788086,0.0,0.0,0.0,0.0,0.0,0.0,0.0,0.0,0.0,0.0,0.0,0.0,0.0,1.0,1.0,0.0,0,0,0,0,0,0,0,0.0,0.0,0.2,0.0
28,0,1,dpga,fpn,0.8804360628128052,0.0,global_ddp_mean,2,0.0,5.156006336212158,5.156006336212158,0.0,0.0,0.0,0.0,0.0,0.0,0.0,0.0,0.0,0.0,0.0,0.0,0.0,1.0,1.0,0.0,0,0,0,0,0,0,0,0.0,0.0,0.2,0.0
28,0,1,dpga,rpn,0.8804360628128052,0.0,global_ddp_mean,2,0.0,6.3461809158325195,6.3461809158325195,0.0,0.0,0.0,0.0,0.0,0.0,0.0,0.0,0.0,0.0,0.0,0.0,0.0,1.0,1.0,0.0,0,0,0,0,0,0,0,0.0,0.0,0.2,0.0
28,0,1,dpga,roi_shared,0.8804360628128052,0.0,global_ddp_mean,2,0.0,10.900099754333496,10.900099754333496,0.0,0.0,0.0,0.0,0.0,0.0,0.0,0.0,0.0,0.0,0.0,0.0,0.0,1.0,1.0,0.0,0,0,0,0,0,0,0,0.0,0.0,0.2,0.0
28,0,1,dpga,roi_cls,0.8804360628128052,0.0,global_ddp_mean,2,0.0,11.969853401184082,11.969853401184082,0.0,0.0,0.0,0.0,0.0,0.0,0.0,0.0,0.0,0.0,0.0,0.0,0.0,1.0,1.0,0.0,0,0,0,0,0,0,0,0.0,0.0,0.2,0.0
28,0,1,dpga,roi_reg,0.8804360628128052,0.0,global_ddp_mean,2,0.0,2.4666059017181396,2.4666059017181396,0.0,0.0,0.0,0.0,0.0,0.0,0.0,0.0,0.0,0.0,0.0,0.0,0.0,1.0,1.0,0.0,0,0,0,0,0,0,0,0.0,0.0,0.2,0.0
28,100,1,dpga,backbone,0.3063597083091736,0.00010002159251598641,global_ddp_mean,2,0.0,19.53670883178711,19.53670883178711,0.0,0.0,0.0,0.0,0.0,0.0,0.0,0.0,0.0,0.0,0.0,0.0,0.0,1.0,1.0,0.0,0,0,0,0,0,0,0,0.0,0.0,0.2,0.0
28,100,1,dpga,fpn,0.3063597083091736,0.00010002159251598641,global_ddp_mean,2,0.0,1.7532232999801636,1.7532232999801636,0.0,0.0,0.0,0.0,0.0,0.0,0.0,0.0,0.0,0.0,0.0,0.0,0.0,1.0,1.0,0.0,0,0,0,0,0,0,0,0.0,0.0,0.2,0.0
28,100,1,dpga,rpn,0.3063597083091736,0.00010002159251598641,global_ddp_mean,2,0.0,2.0012285709381104,2.0012285709381104,0.0,0.0,0.0,0.0,0.0,0.0,0.0,0.0,0.0,0.0,0.0,0.0,0.0,1.0,1.0,0.0,0,0,0,0,0,0,0,0.0,0.0,0.2,0.0
28,100,1,dpga,roi_shared,0.3063597083091736,0.00010002159251598641,global_ddp_mean,2,0.0,3.965017795562744,3.965017795562744,0.0,0.0,0.0,0.0,0.0,0.0,0.0,0.0,0.0,0.0,0.0,0.0,0.0,1.0,1.0,0.0,0,0,0,0,0,0,0,0.0,0.0,0.2,0.0
28,100,1,dpga,roi_cls,0.3063597083091736,0.00010002159251598641,global_ddp_mean,2,0.0,2.2083778381347656,2.2083778381347656,0.0,0.0,0.0,0.0,0.0,0.0,0.0,0.0,0.0,0.0,0.0,0.0,0.0,1.0,1.0,0.0,0,0,0,0,0,0,0,0.0,0.0,0.2,0.0
28,100,1,dpga,roi_reg,0.3063597083091736,0.00010002159251598641,global_ddp_mean,2,0.0,4.72202730178833,4.72202730178833,0.0,0.0,0.0,0.0,0.0,0.0,0.0,0.0,0.0,0.0,0.0,0.0,0.0,1.0,1.0,0.0,0,0,0,0,0,0,0,0.0,0.0,0.2,0.0
28,200,1,dpga,backbone,0.2322956770658493,0.0,global_ddp_mean,2,0.0,9.466583251953125,9.466583251953125,0.0,0.0,0.0,0.0,0.0,0.0,0.0,0.0,0.0,0.0,0.0,0.0,0.0,1.0,1.0,0.0,0,0,0,0,0,0,0,0.0,0.0,0.2,0.0
28,200,1,dpga,fpn,0.2322956770658493,0.0,global_ddp_mean,2,0.0,1.335438847541809,1.335438847541809,0.0,0.0,0.0,0.0,0.0,0.0,0.0,0.0,0.0,0.0,0.0,0.0,0.0,1.0,1.0,0.0,0,0,0,0,0,0,0,0.0,0.0,0.2,0.0
28,200,1,dpga,rpn,0.2322956770658493,0.0,global_ddp_mean,2,0.0,3.6499440670013428,3.6499440670013428,0.0,0.0,0.0,0.0,0.0,0.0,0.0,0.0,0.0,0.0,0.0,0.0,0.0,1.0,1.0,0.0,0,0,0,0,0,0,0,0.0,0.0,0.2,0.0
28,200,1,dpga,roi_shared,0.2322956770658493,0.0,global_ddp_mean,2,0.0,2.184354066848755,2.184354066848755,0.0,0.0,0.0,0.0,0.0,0.0,0.0,0.0,0.0,0.0,0.0,0.0,0.0,1.0,1.0,0.0,0,0,0,0,0,0,0,0.0,0.0,0.2,0.0
28,200,1,dpga,roi_cls,0.2322956770658493,0.0,global_ddp_mean,2,0.0,1.2105894088745117,1.2105894088745117,0.0,0.0,0.0,0.0,0.0,0.0,0.0,0.0,0.0,0.0,0.0,0.0,0.0,1.0,1.0,0.0,0,0,0,0,0,0,0,0.0,0.0,0.2,0.0
28,200,1,dpga,roi_reg,0.2322956770658493,0.0,global_ddp_mean,2,0.0,2.1085457801818848,2.1085457801818848,0.0,0.0,0.0,0.0,0.0,0.0,0.0,0.0,0.0,0.0,0.0,0.0,0.0,1.0,1.0,0.0,0,0,0,0,0,0,0,0.0,0.0,0.2,0.0
28,300,1,dpga,backbone,0.2948693633079529,-0.0,global_ddp_mean,2,0.0,9.501714706420898,9.501714706420898,0.0,0.0,0.0,0.0,0.0,0.0,0.0,0.0,0.0,0.0,0.0,0.0,0.0,1.0,1.0,0.0,0,0,0,0,0,0,0,0.0,0.0,0.2,0.0
28,300,1,dpga,fpn,0.2948693633079529,-0.0,global_ddp_mean,2,0.0,1.7084341049194336,1.7084341049194336,0.0,0.0,0.0,0.0,0.0,0.0,0.0,0.0,0.0,0.0,0.0,0.0,0.0,1.0,1.0,0.0,0,0,0,0,0,0,0,0.0,0.0,0.2,0.0
28,300,1,dpga,rpn,0.2948693633079529,-0.0,global_ddp_mean,2,0.0,2.2261745929718018,2.2261745929718018,0.0,0.0,0.0,0.0,0.0,0.0,0.0,0.0,0.0,0.0,0.0,0.0,0.0,1.0,1.0,0.0,0,0,0,0,0,0,0,0.0,0.0,0.2,0.0
28,300,1,dpga,roi_shared,0.2948693633079529,-0.0,global_ddp_mean,2,0.0,2.6969666481018066,2.6969666481018066,0.0,0.0,0.0,0.0,0.0,0.0,0.0,0.0,0.0,0.0,0.0,0.0,0.0,1.0,1.0,0.0,0,0,0,0,0,0,0,0.0,0.0,0.2,0.0
28,300,1,dpga,roi_cls,0.2948693633079529,-0.0,global_ddp_mean,2,0.0,1.8199058771133423,1.8199058771133423,0.0,0.0,0.0,0.0,0.0,0.0,0.0,0.0,0.0,0.0,0.0,0.0,0.0,1.0,1.0,0.0,0,0,0,0,0,0,0,0.0,0.0,0.2,0.0
28,300,1,dpga,roi_reg,0.2948693633079529,-0.0,global_ddp_mean,2,0.0,1.467893123626709,1.467893123626709,0.0,0.0,0.0,0.0,0.0,0.0,0.0,0.0,0.0,0.0,0.0,0.0,0.0,1.0,1.0,0.0,0,0,0,0,0,0,0,0.0,0.0,0.2,0.0
28,400,1,dpga,backbone,0.07373794913291931,-0.0,global_ddp_mean,2,0.0,8.376641273498535,8.376641273498535,0.0,0.0,0.0,0.0,0.0,0.0,0.0,0.0,0.0,0.0,0.0,0.0,0.0,1.0,1.0,0.0,0,0,0,0,0,0,0,0.0,0.0,0.2,0.0
28,400,1,dpga,fpn,0.07373794913291931,-0.0,global_ddp_mean,2,0.0,1.1730310916900635,1.1730310916900635,0.0,0.0,0.0,0.0,0.0,0.0,0.0,0.0,0.0,0.0,0.0,0.0,0.0,1.0,1.0,0.0,0,0,0,0,0,0,0,0.0,0.0,0.2,0.0
28,400,1,dpga,rpn,0.07373794913291931,-0.0,global_ddp_mean,2,0.0,1.5677127838134766,1.5677127838134766,0.0,0.0,0.0,0.0,0.0,0.0,0.0,0.0,0.0,0.0,0.0,0.0,0.0,1.0,1.0,0.0,0,0,0,0,0,0,0,0.0,0.0,0.2,0.0
28,400,1,dpga,roi_shared,0.07373794913291931,-0.0,global_ddp_mean,2,0.0,2.686098337173462,2.686098337173462,0.0,0.0,0.0,0.0,0.0,0.0,0.0,0.0,0.0,0.0,0.0,0.0,0.0,1.0,1.0,0.0,0,0,0,0,0,0,0,0.0,0.0,0.2,0.0
28,400,1,dpga,roi_cls,0.07373794913291931,-0.0,global_ddp_mean,2,0.0,2.6643118858337402,2.6643118858337402,0.0,0.0,0.0,0.0,0.0,0.0,0.0,0.0,0.0,0.0,0.0,0.0,0.0,1.0,1.0,0.0,0,0,0,0,0,0,0,0.0,0.0,0.2,0.0
28,400,1,dpga,roi_reg,0.07373794913291931,-0.0,global_ddp_mean,2,0.0,1.34275484085083,1.34275484085083,0.0,0.0,0.0,0.0,0.0,0.0,0.0,0.0,0.0,0.0,0.0,0.0,0.0,1.0,1.0,0.0,0,0,0,0,0,0,0,0.0,0.0,0.2,0.0
28,500,1,dpga,backbone,0.27570250630378723,-0.0,global_ddp_mean,2,0.0,68.27490234375,68.27490234375,0.0,0.0,0.0,0.0,0.0,0.0,0.0,0.0,0.0,0.0,0.0,0.0,0.0,1.0,1.0,0.0,0,0,0,0,0,0,0,0.0,0.0,0.2,0.0
28,500,1,dpga,fpn,0.27570250630378723,-0.0,global_ddp_mean,2,0.0,6.973263263702393,6.973263263702393,0.0,0.0,0.0,0.0,0.0,0.0,0.0,0.0,0.0,0.0,0.0,0.0,0.0,1.0,1.0,0.0,0,0,0,0,0,0,0,0.0,0.0,0.2,0.0
28,500,1,dpga,rpn,0.27570250630378723,-0.0,global_ddp_mean,2,0.0,8.835643768310547,8.835643768310547,0.0,0.0,0.0,0.0,0.0,0.0,0.0,0.0,0.0,0.0,0.0,0.0,0.0,1.0,1.0,0.0,0,0,0,0,0,0,0,0.0,0.0,0.2,0.0
28,500,1,dpga,roi_shared,0.27570250630378723,-0.0,global_ddp_mean,2,0.0,11.323469161987305,11.323469161987305,0.0,0.0,0.0,0.0,0.0,0.0,0.0,0.0,0.0,0.0,0.0,0.0,0.0,1.0,1.0,0.0,0,0,0,0,0,0,0,0.0,0.0,0.2,0.0
28,500,1,dpga,roi_cls,0.27570250630378723,-0.0,global_ddp_mean,2,0.0,7.4318366050720215,7.4318366050720215,0.0,0.0,0.0,0.0,0.0,0.0,0.0,0.0,0.0,0.0,0.0,0.0,0.0,1.0,1.0,0.0,0,0,0,0,0,0,0,0.0,0.0,0.2,0.0
28,500,1,dpga,roi_reg,0.27570250630378723,-0.0,global_ddp_mean,2,0.0,5.345104217529297,5.345104217529297,0.0,0.0,0.0,0.0,0.0,0.0,0.0,0.0,0.0,0.0,0.0,0.0,0.0,1.0,1.0,0.0,0,0,0,0,0,0,0,0.0,0.0,0.2,0.0
28,600,1,dpga,backbone,0.01931937038898468,0.0,global_ddp_mean,2,0.0,9.522809028625488,9.522809028625488,0.0,0.0,0.0,0.0,0.0,0.0,0.0,0.0,0.0,0.0,0.0,0.0,0.0,1.0,1.0,0.0,0,0,0,0,0,0,0,0.0,0.0,0.2,0.0
28,600,1,dpga,fpn,0.01931937038898468,0.0,global_ddp_mean,2,0.0,1.5382404327392578,1.5382404327392578,0.0,0.0,0.0,0.0,0.0,0.0,0.0,0.0,0.0,0.0,0.0,0.0,0.0,1.0,1.0,0.0,0,0,0,0,0,0,0,0.0,0.0,0.2,0.0
28,600,1,dpga,rpn,0.01931937038898468,0.0,global_ddp_mean,2,0.0,1.5586645603179932,1.5586645603179932,0.0,0.0,0.0,0.0,0.0,0.0,0.0,0.0,0.0,0.0,0.0,0.0,0.0,1.0,1.0,0.0,0,0,0,0,0,0,0,0.0,0.0,0.2,0.0
28,600,1,dpga,roi_shared,0.01931937038898468,0.0,global_ddp_mean,2,0.0,3.1561903953552246,3.1561903953552246,0.0,0.0,0.0,0.0,0.0,0.0,0.0,0.0,0.0,0.0,0.0,0.0,0.0,1.0,1.0,0.0,0,0,0,0,0,0,0,0.0,0.0,0.2,0.0
28,600,1,dpga,roi_cls,0.01931937038898468,0.0,global_ddp_mean,2,0.0,1.558416724205017,1.558416724205017,0.0,0.0,0.0,0.0,0.0,0.0,0.0,0.0,0.0,0.0,0.0,0.0,0.0,1.0,1.0,0.0,0,0,0,0,0,0,0,0.0,0.0,0.2,0.0
28,600,1,dpga,roi_reg,0.01931937038898468,0.0,global_ddp_mean,2,0.0,3.63295316696167,3.63295316696167,0.0,0.0,0.0,0.0,0.0,0.0,0.0,0.0,0.0,0.0,0.0,0.0,0.0,1.0,1.0,0.0,0,0,0,0,0,0,0,0.0,0.0,0.2,0.0
28,700,1,dpga,backbone,0.12431033700704575,0.0,global_ddp_mean,2,0.0,13.655001640319824,13.655001640319824,0.0,0.0,0.0,0.0,0.0,0.0,0.0,0.0,0.0,0.0,0.0,0.0,0.0,1.0,1.0,0.0,0,0,0,0,0,0,0,0.0,0.0,0.2,0.0
28,700,1,dpga,fpn,0.12431033700704575,0.0,global_ddp_mean,2,0.0,2.6256356239318848,2.6256356239318848,0.0,0.0,0.0,0.0,0.0,0.0,0.0,0.0,0.0,0.0,0.0,0.0,0.0,1.0,1.0,0.0,0,0,0,0,0,0,0,0.0,0.0,0.2,0.0
28,700,1,dpga,rpn,0.12431033700704575,0.0,global_ddp_mean,2,0.0,1.0656530857086182,1.0656530857086182,0.0,0.0,0.0,0.0,0.0,0.0,0.0,0.0,0.0,0.0,0.0,0.0,0.0,1.0,1.0,0.0,0,0,0,0,0,0,0,0.0,0.0,0.2,0.0
28,700,1,dpga,roi_shared,0.12431033700704575,0.0,global_ddp_mean,2,0.0,5.838047981262207,5.838047981262207,0.0,0.0,0.0,0.0,0.0,0.0,0.0,0.0,0.0,0.0,0.0,0.0,0.0,1.0,1.0,0.0,0,0,0,0,0,0,0,0.0,0.0,0.2,0.0
28,700,1,dpga,roi_cls,0.12431033700704575,0.0,global_ddp_mean,2,0.0,4.777710437774658,4.777710437774658,0.0,0.0,0.0,0.0,0.0,0.0,0.0,0.0,0.0,0.0,0.0,0.0,0.0,1.0,1.0,0.0,0,0,0,0,0,0,0,0.0,0.0,0.2,0.0
28,700,1,dpga,roi_reg,0.12431033700704575,0.0,global_ddp_mean,2,0.0,0.6985918283462524,0.6985918283462524,0.0,0.0,0.0,0.0,0.0,0.0,0.0,0.0,0.0,0.0,0.0,0.0,0.0,1.0,1.0,0.0,0,0,0,0,0,0,0,0.0,0.0,0.2,0.0
28,800,1,dpga,backbone,1.2297167778015137,0.0,global_ddp_mean,2,0.0,40.83567810058594,40.83567810058594,0.0,0.0,0.0,0.0,0.0,0.0,0.0,0.0,0.0,0.0,0.0,0.0,0.0,1.0,1.0,0.0,0,0,0,0,0,0,0,0.0,0.0,0.2,0.0
28,800,1,dpga,fpn,1.2297167778015137,0.0,global_ddp_mean,2,0.0,9.711814880371094,9.711814880371094,0.0,0.0,0.0,0.0,0.0,0.0,0.0,0.0,0.0,0.0,0.0,0.0,0.0,1.0,1.0,0.0,0,0,0,0,0,0,0,0.0,0.0,0.2,0.0
28,800,1,dpga,rpn,1.2297167778015137,0.0,global_ddp_mean,2,0.0,4.258904457092285,4.258904457092285,0.0,0.0,0.0,0.0,0.0,0.0,0.0,0.0,0.0,0.0,0.0,0.0,0.0,1.0,1.0,0.0,0,0,0,0,0,0,0,0.0,0.0,0.2,0.0
28,800,1,dpga,roi_shared,1.2297167778015137,0.0,global_ddp_mean,2,0.0,19.348215103149414,19.348215103149414,0.0,0.0,0.0,0.0,0.0,0.0,0.0,0.0,0.0,0.0,0.0,0.0,0.0,1.0,1.0,0.0,0,0,0,0,0,0,0,0.0,0.0,0.2,0.0
28,800,1,dpga,roi_cls,1.2297167778015137,0.0,global_ddp_mean,2,0.0,16.1234188079834,16.1234188079834,0.0,0.0,0.0,0.0,0.0,0.0,0.0,0.0,0.0,0.0,0.0,0.0,0.0,1.0,1.0,0.0,0,0,0,0,0,0,0,0.0,0.0,0.2,0.0
28,800,1,dpga,roi_reg,1.2297167778015137,0.0,global_ddp_mean,2,0.0,4.812757968902588,4.812757968902588,0.0,0.0,0.0,0.0,0.0,0.0,0.0,0.0,0.0,0.0,0.0,0.0,0.0,1.0,1.0,0.0,0,0,0,0,0,0,0,0.0,0.0,0.2,0.0
28,900,1,dpga,backbone,0.23217514157295227,-0.0,global_ddp_mean,2,0.0,8.81624698638916,8.81624698638916,0.0,0.0,0.0,0.0,0.0,0.0,0.0,0.0,0.0,0.0,0.0,0.0,0.0,1.0,1.0,0.0,0,0,0,0,0,0,0,0.0,0.0,0.2,0.0
28,900,1,dpga,fpn,0.23217514157295227,-0.0,global_ddp_mean,2,0.0,2.083580255508423,2.083580255508423,0.0,0.0,0.0,0.0,0.0,0.0,0.0,0.0,0.0,0.0,0.0,0.0,0.0,1.0,1.0,0.0,0,0,0,0,0,0,0,0.0,0.0,0.2,0.0
28,900,1,dpga,rpn,0.23217514157295227,-0.0,global_ddp_mean,2,0.0,0.5735667943954468,0.5735667943954468,0.0,0.0,0.0,0.0,0.0,0.0,0.0,0.0,0.0,0.0,0.0,0.0,0.0,1.0,1.0,0.0,0,0,0,0,0,0,0,0.0,0.0,0.2,0.0
28,900,1,dpga,roi_shared,0.23217514157295227,-0.0,global_ddp_mean,2,0.0,4.453500747680664,4.453500747680664,0.0,0.0,0.0,0.0,0.0,0.0,0.0,0.0,0.0,0.0,0.0,0.0,0.0,1.0,1.0,0.0,0,0,0,0,0,0,0,0.0,0.0,0.2,0.0
28,900,1,dpga,roi_cls,0.23217514157295227,-0.0,global_ddp_mean,2,0.0,2.846362352371216,2.846362352371216,0.0,0.0,0.0,0.0,0.0,0.0,0.0,0.0,0.0,0.0,0.0,0.0,0.0,1.0,1.0,0.0,0,0,0,0,0,0,0,0.0,0.0,0.2,0.0
28,900,1,dpga,roi_reg,0.23217514157295227,-0.0,global_ddp_mean,2,0.0,2.2932345867156982,2.2932345867156982,0.0,0.0,0.0,0.0,0.0,0.0,0.0,0.0,0.0,0.0,0.0,0.0,0.0,1.0,1.0,0.0,0,0,0,0,0,0,0,0.0,0.0,0.2,0.0
28,1000,1,dpga,backbone,0.07482089847326279,-0.0,global_ddp_mean,2,0.0,9.058693885803223,9.058693885803223,0.0,0.0,0.0,0.0,0.0,0.0,0.0,0.0,0.0,0.0,0.0,0.0,0.0,1.0,1.0,0.0,0,0,0,0,0,0,0,0.0,0.0,0.2,0.0
28,1000,1,dpga,fpn,0.07482089847326279,-0.0,global_ddp_mean,2,0.0,1.7365117073059082,1.7365117073059082,0.0,0.0,0.0,0.0,0.0,0.0,0.0,0.0,0.0,0.0,0.0,0.0,0.0,1.0,1.0,0.0,0,0,0,0,0,0,0,0.0,0.0,0.2,0.0
28,1000,1,dpga,rpn,0.07482089847326279,-0.0,global_ddp_mean,2,0.0,2.6450719833374023,2.6450719833374023,0.0,0.0,0.0,0.0,0.0,0.0,0.0,0.0,0.0,0.0,0.0,0.0,0.0,1.0,1.0,0.0,0,0,0,0,0,0,0,0.0,0.0,0.2,0.0
28,1000,1,dpga,roi_shared,0.07482089847326279,-0.0,global_ddp_mean,2,0.0,3.5680174827575684,3.5680174827575684,0.0,0.0,0.0,0.0,0.0,0.0,0.0,0.0,0.0,0.0,0.0,0.0,0.0,1.0,1.0,0.0,0,0,0,0,0,0,0,0.0,0.0,0.2,0.0
28,1000,1,dpga,roi_cls,0.07482089847326279,-0.0,global_ddp_mean,2,0.0,2.0204508304595947,2.0204508304595947,0.0,0.0,0.0,0.0,0.0,0.0,0.0,0.0,0.0,0.0,0.0,0.0,0.0,1.0,1.0,0.0,0,0,0,0,0,0,0,0.0,0.0,0.2,0.0
28,1000,1,dpga,roi_reg,0.07482089847326279,-0.0,global_ddp_mean,2,0.0,5.323090553283691,5.323090553283691,0.0,0.0,0.0,0.0,0.0,0.0,0.0,0.0,0.0,0.0,0.0,0.0,0.0,1.0,1.0,0.0,0,0,0,0,0,0,0,0.0,0.0,0.2,0.0
28,1100,1,dpga,backbone,1.0776095390319824,0.0,global_ddp_mean,2,0.0,69.85326385498047,69.85326385498047,0.0,0.0,0.0,0.0,0.0,0.0,0.0,0.0,0.0,0.0,0.0,0.0,0.0,1.0,1.0,0.0,0,0,0,0,0,0,0,0.0,0.0,0.2,0.0
28,1100,1,dpga,fpn,1.0776095390319824,0.0,global_ddp_mean,2,0.0,7.040122032165527,7.040122032165527,0.0,0.0,0.0,0.0,0.0,0.0,0.0,0.0,0.0,0.0,0.0,0.0,0.0,1.0,1.0,0.0,0,0,0,0,0,0,0,0.0,0.0,0.2,0.0
28,1100,1,dpga,rpn,1.0776095390319824,0.0,global_ddp_mean,2,0.0,8.080525398254395,8.080525398254395,0.0,0.0,0.0,0.0,0.0,0.0,0.0,0.0,0.0,0.0,0.0,0.0,0.0,1.0,1.0,0.0,0,0,0,0,0,0,0,0.0,0.0,0.2,0.0
28,1100,1,dpga,roi_shared,1.0776095390319824,0.0,global_ddp_mean,2,0.0,12.266210556030273,12.266210556030273,0.0,0.0,0.0,0.0,0.0,0.0,0.0,0.0,0.0,0.0,0.0,0.0,0.0,1.0,1.0,0.0,0,0,0,0,0,0,0,0.0,0.0,0.2,0.0
28,1100,1,dpga,roi_cls,1.0776095390319824,0.0,global_ddp_mean,2,0.0,9.924320220947266,9.924320220947266,0.0,0.0,0.0,0.0,0.0,0.0,0.0,0.0,0.0,0.0,0.0,0.0,0.0,1.0,1.0,0.0,0,0,0,0,0,0,0,0.0,0.0,0.2,0.0
28,1100,1,dpga,roi_reg,1.0776095390319824,0.0,global_ddp_mean,2,0.0,3.7644453048706055,3.7644453048706055,0.0,0.0,0.0,0.0,0.0,0.0,0.0,0.0,0.0,0.0,0.0,0.0,0.0,1.0,1.0,0.0,0,0,0,0,0,0,0,0.0,0.0,0.2,0.0
28,1200,1,dpga,backbone,0.9384487271308899,0.0,global_ddp_mean,2,0.0,19.95258331298828,19.95258331298828,0.0,0.0,0.0,0.0,0.0,0.0,0.0,0.0,0.0,0.0,0.0,0.0,0.0,1.0,1.0,0.0,0,0,0,0,0,0,0,0.0,0.0,0.2,0.0
28,1200,1,dpga,fpn,0.9384487271308899,0.0,global_ddp_mean,2,0.0,5.180492877960205,5.180492877960205,0.0,0.0,0.0,0.0,0.0,0.0,0.0,0.0,0.0,0.0,0.0,0.0,0.0,1.0,1.0,0.0,0,0,0,0,0,0,0,0.0,0.0,0.2,0.0
28,1200,1,dpga,rpn,0.9384487271308899,0.0,global_ddp_mean,2,0.0,3.6801977157592773,3.6801977157592773,0.0,0.0,0.0,0.0,0.0,0.0,0.0,0.0,0.0,0.0,0.0,0.0,0.0,1.0,1.0,0.0,0,0,0,0,0,0,0,0.0,0.0,0.2,0.0
28,1200,1,dpga,roi_shared,0.9384487271308899,0.0,global_ddp_mean,2,0.0,10.192108154296875,10.192108154296875,0.0,0.0,0.0,0.0,0.0,0.0,0.0,0.0,0.0,0.0,0.0,0.0,0.0,1.0,1.0,0.0,0,0,0,0,0,0,0,0.0,0.0,0.2,0.0
28,1200,1,dpga,roi_cls,0.9384487271308899,0.0,global_ddp_mean,2,0.0,7.079922199249268,7.079922199249268,0.0,0.0,0.0,0.0,0.0,0.0,0.0,0.0,0.0,0.0,0.0,0.0,0.0,1.0,1.0,0.0,0,0,0,0,0,0,0,0.0,0.0,0.2,0.0
28,1200,1,dpga,roi_reg,0.9384487271308899,0.0,global_ddp_mean,2,0.0,6.809230327606201,6.809230327606201,0.0,0.0,0.0,0.0,0.0,0.0,0.0,0.0,0.0,0.0,0.0,0.0,0.0,1.0,1.0,0.0,0,0,0,0,0,0,0,0.0,0.0,0.2,0.0
28,1300,1,dpga,backbone,0.5961837768554688,0.0,global_ddp_mean,2,0.0,34.45514678955078,34.45514678955078,0.0,0.0,0.0,0.0,0.0,0.0,0.0,0.0,0.0,0.0,0.0,0.0,0.0,1.0,1.0,0.0,0,0,0,0,0,0,0,0.0,0.0,0.2,0.0
28,1300,1,dpga,fpn,0.5961837768554688,0.0,global_ddp_mean,2,0.0,5.727247714996338,5.727247714996338,0.0,0.0,0.0,0.0,0.0,0.0,0.0,0.0,0.0,0.0,0.0,0.0,0.0,1.0,1.0,0.0,0,0,0,0,0,0,0,0.0,0.0,0.2,0.0
28,1300,1,dpga,rpn,0.5961837768554688,0.0,global_ddp_mean,2,0.0,2.9570484161376953,2.9570484161376953,0.0,0.0,0.0,0.0,0.0,0.0,0.0,0.0,0.0,0.0,0.0,0.0,0.0,1.0,1.0,0.0,0,0,0,0,0,0,0,0.0,0.0,0.2,0.0
28,1300,1,dpga,roi_shared,0.5961837768554688,0.0,global_ddp_mean,2,0.0,11.71796703338623,11.71796703338623,0.0,0.0,0.0,0.0,0.0,0.0,0.0,0.0,0.0,0.0,0.0,0.0,0.0,1.0,1.0,0.0,0,0,0,0,0,0,0,0.0,0.0,0.2,0.0
28,1300,1,dpga,roi_cls,0.5961837768554688,0.0,global_ddp_mean,2,0.0,8.154150009155273,8.154150009155273,0.0,0.0,0.0,0.0,0.0,0.0,0.0,0.0,0.0,0.0,0.0,0.0,0.0,1.0,1.0,0.0,0,0,0,0,0,0,0,0.0,0.0,0.2,0.0
28,1300,1,dpga,roi_reg,0.5961837768554688,0.0,global_ddp_mean,2,0.0,4.783642768859863,4.783642768859863,0.0,0.0,0.0,0.0,0.0,0.0,0.0,0.0,0.0,0.0,0.0,0.0,0.0,1.0,1.0,0.0,0,0,0,0,0,0,0,0.0,0.0,0.2,0.0
28,1400,1,dpga,backbone,0.4979276657104492,-0.0,global_ddp_mean,2,0.0,17.030195236206055,17.030195236206055,0.0,0.0,0.0,0.0,0.0,0.0,0.0,0.0,0.0,0.0,0.0,0.0,0.0,1.0,1.0,0.0,0,0,0,0,0,0,0,0.0,0.0,0.2,0.0
28,1400,1,dpga,fpn,0.4979276657104492,-0.0,global_ddp_mean,2,0.0,3.0078961849212646,3.0078961849212646,0.0,0.0,0.0,0.0,0.0,0.0,0.0,0.0,0.0,0.0,0.0,0.0,0.0,1.0,1.0,0.0,0,0,0,0,0,0,0,0.0,0.0,0.2,0.0
28,1400,1,dpga,rpn,0.4979276657104492,-0.0,global_ddp_mean,2,0.0,1.5542657375335693,1.5542657375335693,0.0,0.0,0.0,0.0,0.0,0.0,0.0,0.0,0.0,0.0,0.0,0.0,0.0,1.0,1.0,0.0,0,0,0,0,0,0,0,0.0,0.0,0.2,0.0
28,1400,1,dpga,roi_shared,0.4979276657104492,-0.0,global_ddp_mean,2,0.0,6.661772727966309,6.661772727966309,0.0,0.0,0.0,0.0,0.0,0.0,0.0,0.0,0.0,0.0,0.0,0.0,0.0,1.0,1.0,0.0,0,0,0,0,0,0,0,0.0,0.0,0.2,0.0
28,1400,1,dpga,roi_cls,0.4979276657104492,-0.0,global_ddp_mean,2,0.0,5.002907752990723,5.002907752990723,0.0,0.0,0.0,0.0,0.0,0.0,0.0,0.0,0.0,0.0,0.0,0.0,0.0,1.0,1.0,0.0,0,0,0,0,0,0,0,0.0,0.0,0.2,0.0
28,1400,1,dpga,roi_reg,0.4979276657104492,-0.0,global_ddp_mean,2,0.0,2.778456926345825,2.778456926345825,0.0,0.0,0.0,0.0,0.0,0.0,0.0,0.0,0.0,0.0,0.0,0.0,0.0,1.0,1.0,0.0,0,0,0,0,0,0,0,0.0,0.0,0.2,0.0
29,0,1,dpga,backbone,0.23358172178268433,0.0,global_ddp_mean,2,0.0,38.35702896118164,38.35702896118164,0.0,0.0,0.0,0.0,0.0,0.0,0.0,0.0,0.0,0.0,0.0,0.0,0.0,1.0,1.0,0.0,0,0,0,0,0,0,0,0.0,0.0,0.2,0.0
29,0,1,dpga,fpn,0.23358172178268433,0.0,global_ddp_mean,2,0.0,5.596929550170898,5.596929550170898,0.0,0.0,0.0,0.0,0.0,0.0,0.0,0.0,0.0,0.0,0.0,0.0,0.0,1.0,1.0,0.0,0,0,0,0,0,0,0,0.0,0.0,0.2,0.0
29,0,1,dpga,rpn,0.23358172178268433,0.0,global_ddp_mean,2,0.0,8.660164833068848,8.660164833068848,0.0,0.0,0.0,0.0,0.0,0.0,0.0,0.0,0.0,0.0,0.0,0.0,0.0,1.0,1.0,0.0,0,0,0,0,0,0,0,0.0,0.0,0.2,0.0
29,0,1,dpga,roi_shared,0.23358172178268433,0.0,global_ddp_mean,2,0.0,10.963065147399902,10.963065147399902,0.0,0.0,0.0,0.0,0.0,0.0,0.0,0.0,0.0,0.0,0.0,0.0,0.0,1.0,1.0,0.0,0,0,0,0,0,0,0,0.0,0.0,0.2,0.0
29,0,1,dpga,roi_cls,0.23358172178268433,0.0,global_ddp_mean,2,0.0,7.00618839263916,7.00618839263916,0.0,0.0,0.0,0.0,0.0,0.0,0.0,0.0,0.0,0.0,0.0,0.0,0.0,1.0,1.0,0.0,0,0,0,0,0,0,0,0.0,0.0,0.2,0.0
29,0,1,dpga,roi_reg,0.23358172178268433,0.0,global_ddp_mean,2,0.0,11.20893669128418,11.20893669128418,0.0,0.0,0.0,0.0,0.0,0.0,0.0,0.0,0.0,0.0,0.0,0.0,0.0,1.0,1.0,0.0,0,0,0,0,0,0,0,0.0,0.0,0.2,0.0
29,100,1,dpga,backbone,0.0522431805729866,0.0,global_ddp_mean,2,0.0,7.690842151641846,7.690842151641846,0.0,0.0,0.0,0.0,0.0,0.0,0.0,0.0,0.0,0.0,0.0,0.0,0.0,1.0,1.0,0.0,0,0,0,0,0,0,0,0.0,0.0,0.2,0.0
29,100,1,dpga,fpn,0.0522431805729866,0.0,global_ddp_mean,2,0.0,0.6902422308921814,0.6902422308921814,0.0,0.0,0.0,0.0,0.0,0.0,0.0,0.0,0.0,0.0,0.0,0.0,0.0,1.0,1.0,0.0,0,0,0,0,0,0,0,0.0,0.0,0.2,0.0
29,100,1,dpga,rpn,0.0522431805729866,0.0,global_ddp_mean,2,0.0,1.0829031467437744,1.0829031467437744,0.0,0.0,0.0,0.0,0.0,0.0,0.0,0.0,0.0,0.0,0.0,0.0,0.0,1.0,1.0,0.0,0,0,0,0,0,0,0,0.0,0.0,0.2,0.0
29,100,1,dpga,roi_shared,0.0522431805729866,0.0,global_ddp_mean,2,0.0,1.2651294469833374,1.2651294469833374,0.0,0.0,0.0,0.0,0.0,0.0,0.0,0.0,0.0,0.0,0.0,0.0,0.0,1.0,1.0,0.0,0,0,0,0,0,0,0,0.0,0.0,0.2,0.0
29,100,1,dpga,roi_cls,0.0522431805729866,0.0,global_ddp_mean,2,0.0,1.2562721967697144,1.2562721967697144,0.0,0.0,0.0,0.0,0.0,0.0,0.0,0.0,0.0,0.0,0.0,0.0,0.0,1.0,1.0,0.0,0,0,0,0,0,0,0,0.0,0.0,0.2,0.0
29,100,1,dpga,roi_reg,0.0522431805729866,0.0,global_ddp_mean,2,0.0,0.07627353072166443,0.07627353072166443,0.0,0.0,0.0,0.0,0.0,0.0,0.0,0.0,0.0,0.0,0.0,0.0,0.0,1.0,1.0,0.0,0,0,0,0,0,0,0,0.0,0.0,0.2,0.0
29,200,1,dpga,backbone,0.11939019709825516,0.00010002159251598641,global_ddp_mean,2,-0.10258189588785172,6.244455337524414,6.244455337524414,8.699774928233595e-11,8.699774928233595e-11,8.653710387163116e-11,8.653710387163116e-11,6.481832288173373e-12,8.653710387163116e-11,1.393199960283899e-11,1.3858230893511107e-11,1.3858230893511107e-11,1.0380140361037583e-12,1.0380140361037583e-12,2.037228513344601e-20,2.037228513344601e-20,1.0,1.0,0.0,1,0,0,0,0,1,0,1.0,0.37451171875,0.2,0.07490234822034836
29,200,1,dpga,fpn,0.11939019709825516,0.00010002159251598641,global_ddp_mean,2,-0.0776757001876831,1.2450101375579834,1.2450101375579834,2.184165695529039e-11,2.184165695529039e-11,2.1770717173463794e-11,2.1770717173463794e-11,1.7595428122609202e-12,2.1770717173463794e-11,1.7543356713650187e-11,1.7486377433171602e-11,1.7486377433171602e-11,1.4132758916422667e-12,1.4132758916422667e-12,-1.3593581292561364e-20,-1.3593581292561364e-20,1.0,1.0,0.0,1,0,0,0,0,1,0,1.0,0.4041076898574829,0.2,0.08082153648138046
29,200,1,dpga,rpn,0.11939019709825516,0.00010002159251598641,global_ddp_mean,2,0.0,1.776304006576538,1.776304006576538,0.0,0.0,0.0,0.0,0.0,0.0,0.0,0.0,0.0,0.0,0.0,0.0,0.0,1.0,1.0,0.0,0,0,0,0,0,0,0,0.0,0.0,0.2,0.0
29,200,1,dpga,roi_shared,0.11939019709825516,0.00010002159251598641,global_ddp_mean,2,-0.0072691552340984344,2.4282941818237305,2.4282941818237305,4.657082358638931e-11,4.657082358638931e-11,4.65695676465927e-11,4.65695676465927e-11,4.572335978263782e-12,4.65695676465927e-11,1.9178410892296854e-11,1.91778936815709e-11,1.91778936815709e-11,1.88294153669215e-12,1.88294153669215e-12,-6.43335526730506e-21,-6.43335526730506e-21,1.0,1.0,0.0,1,0,0,0,0,1,0,1.0,0.49091458320617676,0.2,0.09818291664123535
29,200,1,dpga,roi_cls,0.11939019709825516,0.00010002159251598641,global_ddp_mean,2,0.0,2.1322009563446045,2.1322009563446045,0.0,0.0,0.0,0.0,0.0,0.0,0.0,0.0,0.0,0.0,0.0,0.0,0.0,1.0,1.0,0.0,0,0,0,0,0,0,0,0.0,0.0,0.2,0.0
29,200,1,dpga,roi_reg,0.11939019709825516,0.00010002159251598641,global_ddp_mean,2,-0.34467923641204834,0.7636516690254211,0.7636516690254211,1.089255630137842e-10,1.089255630137842e-10,1.0208379974674386e-10,1.0208379974674386e-10,3.0917965818353422e-12,1.0208379974674386e-10,1.4263775937633442e-10,1.3367848704766676e-10,1.3367848704766676e-10,4.048700090947381e-12,4.048700090947381e-12,-5.798960919886607e-20,-5.798960919886607e-20,1.0,1.0,0.0,1,0,0,0,0,1,0,1.0,0.15143424272537231,0.2,0.030286848545074463
29,300,1,dpga,backbone,0.009680552408099174,0.0,global_ddp_mean,2,0.0,18.67194938659668,18.67194938659668,0.0,0.0,0.0,0.0,0.0,0.0,0.0,0.0,0.0,0.0,0.0,0.0,0.0,1.0,1.0,0.0,0,0,0,0,0,0,0,0.0,0.0,0.2,0.0
29,300,1,dpga,fpn,0.009680552408099174,0.0,global_ddp_mean,2,0.0,1.288056492805481,1.288056492805481,0.0,0.0,0.0,0.0,0.0,0.0,0.0,0.0,0.0,0.0,0.0,0.0,0.0,1.0,1.0,0.0,0,0,0,0,0,0,0,0.0,0.0,0.2,0.0
29,300,1,dpga,rpn,0.009680552408099174,0.0,global_ddp_mean,2,0.0,1.7659509181976318,1.7659509181976318,0.0,0.0,0.0,0.0,0.0,0.0,0.0,0.0,0.0,0.0,0.0,0.0,0.0,1.0,1.0,0.0,0,0,0,0,0,0,0,0.0,0.0,0.2,0.0
29,300,1,dpga,roi_shared,0.009680552408099174,0.0,global_ddp_mean,2,0.0,1.6025234460830688,1.6025234460830688,0.0,0.0,0.0,0.0,0.0,0.0,0.0,0.0,0.0,0.0,0.0,0.0,0.0,1.0,1.0,0.0,0,0,0,0,0,0,0,0.0,0.0,0.2,0.0
29,300,1,dpga,roi_cls,0.009680552408099174,0.0,global_ddp_mean,2,0.0,0.8806803226470947,0.8806803226470947,0.0,0.0,0.0,0.0,0.0,0.0,0.0,0.0,0.0,0.0,0.0,0.0,0.0,1.0,1.0,0.0,0,0,0,0,0,0,0,0.0,0.0,0.2,0.0
29,300,1,dpga,roi_reg,0.009680552408099174,0.0,global_ddp_mean,2,0.0,0.862743079662323,0.862743079662323,0.0,0.0,0.0,0.0,0.0,0.0,0.0,0.0,0.0,0.0,0.0,0.0,0.0,1.0,1.0,0.0,0,0,0,0,0,0,0,0.0,0.0,0.2,0.0
29,400,1,dpga,backbone,0.569586455821991,0.0,global_ddp_mean,2,0.0,19.96759605407715,19.96759605407715,0.0,0.0,0.0,0.0,0.0,0.0,0.0,0.0,0.0,0.0,0.0,0.0,0.0,1.0,1.0,0.0,0,0,0,0,0,0,0,0.0,0.0,0.2,0.0
29,400,1,dpga,fpn,0.569586455821991,0.0,global_ddp_mean,2,0.0,2.845111131668091,2.845111131668091,0.0,0.0,0.0,0.0,0.0,0.0,0.0,0.0,0.0,0.0,0.0,0.0,0.0,1.0,1.0,0.0,0,0,0,0,0,0,0,0.0,0.0,0.2,0.0
29,400,1,dpga,rpn,0.569586455821991,0.0,global_ddp_mean,2,0.0,2.9898483753204346,2.9898483753204346,0.0,0.0,0.0,0.0,0.0,0.0,0.0,0.0,0.0,0.0,0.0,0.0,0.0,1.0,1.0,0.0,0,0,0,0,0,0,0,0.0,0.0,0.2,0.0
29,400,1,dpga,roi_shared,0.569586455821991,0.0,global_ddp_mean,2,0.0,5.727112293243408,5.727112293243408,0.0,0.0,0.0,0.0,0.0,0.0,0.0,0.0,0.0,0.0,0.0,0.0,0.0,1.0,1.0,0.0,0,0,0,0,0,0,0,0.0,0.0,0.2,0.0
29,400,1,dpga,roi_cls,0.569586455821991,0.0,global_ddp_mean,2,0.0,2.4943931102752686,2.4943931102752686,0.0,0.0,0.0,0.0,0.0,0.0,0.0,0.0,0.0,0.0,0.0,0.0,0.0,1.0,1.0,0.0,0,0,0,0,0,0,0,0.0,0.0,0.2,0.0
29,400,1,dpga,roi_reg,0.569586455821991,0.0,global_ddp_mean,2,0.0,6.995872974395752,6.995872974395752,0.0,0.0,0.0,0.0,0.0,0.0,0.0,0.0,0.0,0.0,0.0,0.0,0.0,1.0,1.0,0.0,0,0,0,0,0,0,0,0.0,0.0,0.2,0.0
29,500,1,dpga,backbone,0.6624351739883423,0.0,global_ddp_mean,2,0.0,29.76689910888672,29.76689910888672,0.0,0.0,0.0,0.0,0.0,0.0,0.0,0.0,0.0,0.0,0.0,0.0,0.0,1.0,1.0,0.0,0,0,0,0,0,0,0,0.0,0.0,0.2,0.0
29,500,1,dpga,fpn,0.6624351739883423,0.0,global_ddp_mean,2,0.0,3.8154053688049316,3.8154053688049316,0.0,0.0,0.0,0.0,0.0,0.0,0.0,0.0,0.0,0.0,0.0,0.0,0.0,1.0,1.0,0.0,0,0,0,0,0,0,0,0.0,0.0,0.2,0.0
29,500,1,dpga,rpn,0.6624351739883423,0.0,global_ddp_mean,2,0.0,3.429297685623169,3.429297685623169,0.0,0.0,0.0,0.0,0.0,0.0,0.0,0.0,0.0,0.0,0.0,0.0,0.0,1.0,1.0,0.0,0,0,0,0,0,0,0,0.0,0.0,0.2,0.0
29,500,1,dpga,roi_shared,0.6624351739883423,0.0,global_ddp_mean,2,0.0,7.492005348205566,7.492005348205566,0.0,0.0,0.0,0.0,0.0,0.0,0.0,0.0,0.0,0.0,0.0,0.0,0.0,1.0,1.0,0.0,0,0,0,0,0,0,0,0.0,0.0,0.2,0.0
29,500,1,dpga,roi_cls,0.6624351739883423,0.0,global_ddp_mean,2,0.0,6.8870463371276855,6.8870463371276855,0.0,0.0,0.0,0.0,0.0,0.0,0.0,0.0,0.0,0.0,0.0,0.0,0.0,1.0,1.0,0.0,0,0,0,0,0,0,0,0.0,0.0,0.2,0.0
29,500,1,dpga,roi_reg,0.6624351739883423,0.0,global_ddp_mean,2,0.0,4.692790985107422,4.692790985107422,0.0,0.0,0.0,0.0,0.0,0.0,0.0,0.0,0.0,0.0,0.0,0.0,0.0,1.0,1.0,0.0,0,0,0,0,0,0,0,0.0,0.0,0.2,0.0
29,600,1,dpga,backbone,0.0023416588082909584,0.0,global_ddp_mean,2,0.0,4.100733280181885,4.100733280181885,0.0,0.0,0.0,0.0,0.0,0.0,0.0,0.0,0.0,0.0,0.0,0.0,0.0,1.0,1.0,0.0,0,0,0,0,0,0,0,0.0,0.0,0.2,0.0
29,600,1,dpga,fpn,0.0023416588082909584,0.0,global_ddp_mean,2,0.0,0.9367130398750305,0.9367130398750305,0.0,0.0,0.0,0.0,0.0,0.0,0.0,0.0,0.0,0.0,0.0,0.0,0.0,1.0,1.0,0.0,0,0,0,0,0,0,0,0.0,0.0,0.2,0.0
29,600,1,dpga,rpn,0.0023416588082909584,0.0,global_ddp_mean,2,0.0,2.273125410079956,2.273125410079956,0.0,0.0,0.0,0.0,0.0,0.0,0.0,0.0,0.0,0.0,0.0,0.0,0.0,1.0,1.0,0.0,0,0,0,0,0,0,0,0.0,0.0,0.2,0.0
29,600,1,dpga,roi_shared,0.0023416588082909584,0.0,global_ddp_mean,2,0.0,1.2076539993286133,1.2076539993286133,0.0,0.0,0.0,0.0,0.0,0.0,0.0,0.0,0.0,0.0,0.0,0.0,0.0,1.0,1.0,0.0,0,0,0,0,0,0,0,0.0,0.0,0.2,0.0
29,600,1,dpga,roi_cls,0.0023416588082909584,0.0,global_ddp_mean,2,0.0,0.6348320841789246,0.6348320841789246,0.0,0.0,0.0,0.0,0.0,0.0,0.0,0.0,0.0,0.0,0.0,0.0,0.0,1.0,1.0,0.0,0,0,0,0,0,0,0,0.0,0.0,0.2,0.0
29,600,1,dpga,roi_reg,0.0023416588082909584,0.0,global_ddp_mean,2,0.0,1.0139052867889404,1.0139052867889404,0.0,0.0,0.0,0.0,0.0,0.0,0.0,0.0,0.0,0.0,0.0,0.0,0.0,1.0,1.0,0.0,0,0,0,0,0,0,0,0.0,0.0,0.2,0.0
29,700,1,dpga,backbone,0.002084367675706744,0.0,global_ddp_mean,2,0.0,4.124233245849609,4.124233245849609,0.0,0.0,0.0,0.0,0.0,0.0,0.0,0.0,0.0,0.0,0.0,0.0,0.0,1.0,1.0,0.0,0,0,0,0,0,0,0,0.0,0.0,0.2,0.0
29,700,1,dpga,fpn,0.002084367675706744,0.0,global_ddp_mean,2,0.0,0.8406730890274048,0.8406730890274048,0.0,0.0,0.0,0.0,0.0,0.0,0.0,0.0,0.0,0.0,0.0,0.0,0.0,1.0,1.0,0.0,0,0,0,0,0,0,0,0.0,0.0,0.2,0.0
29,700,1,dpga,rpn,0.002084367675706744,0.0,global_ddp_mean,2,0.0,1.1772208213806152,1.1772208213806152,0.0,0.0,0.0,0.0,0.0,0.0,0.0,0.0,0.0,0.0,0.0,0.0,0.0,1.0,1.0,0.0,0,0,0,0,0,0,0,0.0,0.0,0.2,0.0
29,700,1,dpga,roi_shared,0.002084367675706744,0.0,global_ddp_mean,2,0.0,1.7126210927963257,1.7126210927963257,0.0,0.0,0.0,0.0,0.0,0.0,0.0,0.0,0.0,0.0,0.0,0.0,0.0,1.0,1.0,0.0,0,0,0,0,0,0,0,0.0,0.0,0.2,0.0
29,700,1,dpga,roi_cls,0.002084367675706744,0.0,global_ddp_mean,2,0.0,0.8151020407676697,0.8151020407676697,0.0,0.0,0.0,0.0,0.0,0.0,0.0,0.0,0.0,0.0,0.0,0.0,0.0,1.0,1.0,0.0,0,0,0,0,0,0,0,0.0,0.0,0.2,0.0
29,700,1,dpga,roi_reg,0.002084367675706744,0.0,global_ddp_mean,2,0.0,0.8759165406227112,0.8759165406227112,0.0,0.0,0.0,0.0,0.0,0.0,0.0,0.0,0.0,0.0,0.0,0.0,0.0,1.0,1.0,0.0,0,0,0,0,0,0,0,0.0,0.0,0.2,0.0
29,800,1,dpga,backbone,0.3407120108604431,0.00010002159251598641,global_ddp_mean,2,0.0,14.098884582519531,14.098884582519531,0.0,0.0,0.0,0.0,0.0,0.0,0.0,0.0,0.0,0.0,0.0,0.0,0.0,1.0,1.0,0.0,0,0,0,0,0,0,0,0.0,0.0,0.2,0.0
29,800,1,dpga,fpn,0.3407120108604431,0.00010002159251598641,global_ddp_mean,2,0.0,2.368685722351074,2.368685722351074,0.0,0.0,0.0,0.0,0.0,0.0,0.0,0.0,0.0,0.0,0.0,0.0,0.0,1.0,1.0,0.0,0,0,0,0,0,0,0,0.0,0.0,0.2,0.0
29,800,1,dpga,rpn,0.3407120108604431,0.00010002159251598641,global_ddp_mean,2,0.0,2.8917181491851807,2.8917181491851807,0.0,0.0,0.0,0.0,0.0,0.0,0.0,0.0,0.0,0.0,0.0,0.0,0.0,1.0,1.0,0.0,0,0,0,0,0,0,0,0.0,0.0,0.2,0.0
29,800,1,dpga,roi_shared,0.3407120108604431,0.00010002159251598641,global_ddp_mean,2,0.0,5.150973796844482,5.150973796844482,0.0,0.0,0.0,0.0,0.0,0.0,0.0,0.0,0.0,0.0,0.0,0.0,0.0,1.0,1.0,0.0,0,0,0,0,0,0,0,0.0,0.0,0.2,0.0
29,800,1,dpga,roi_cls,0.3407120108604431,0.00010002159251598641,global_ddp_mean,2,0.0,2.937269926071167,2.937269926071167,0.0,0.0,0.0,0.0,0.0,0.0,0.0,0.0,0.0,0.0,0.0,0.0,0.0,1.0,1.0,0.0,0,0,0,0,0,0,0,0.0,0.0,0.2,0.0
29,800,1,dpga,roi_reg,0.3407120108604431,0.00010002159251598641,global_ddp_mean,2,0.0,3.221153974533081,3.221153974533081,0.0,0.0,0.0,0.0,0.0,0.0,0.0,0.0,0.0,0.0,0.0,0.0,0.0,1.0,1.0,0.0,0,0,0,0,0,0,0,0.0,0.0,0.2,0.0
29,900,1,dpga,backbone,0.2213202863931656,0.0,global_ddp_mean,2,0.0,7.071378231048584,7.071378231048584,0.0,0.0,0.0,0.0,0.0,0.0,0.0,0.0,0.0,0.0,0.0,0.0,0.0,1.0,1.0,0.0,0,0,0,0,0,0,0,0.0,0.0,0.2,0.0
29,900,1,dpga,fpn,0.2213202863931656,0.0,global_ddp_mean,2,0.0,1.4328643083572388,1.4328643083572388,0.0,0.0,0.0,0.0,0.0,0.0,0.0,0.0,0.0,0.0,0.0,0.0,0.0,1.0,1.0,0.0,0,0,0,0,0,0,0,0.0,0.0,0.2,0.0
29,900,1,dpga,rpn,0.2213202863931656,0.0,global_ddp_mean,2,0.0,1.3994203805923462,1.3994203805923462,0.0,0.0,0.0,0.0,0.0,0.0,0.0,0.0,0.0,0.0,0.0,0.0,0.0,1.0,1.0,0.0,0,0,0,0,0,0,0,0.0,0.0,0.2,0.0
29,900,1,dpga,roi_shared,0.2213202863931656,0.0,global_ddp_mean,2,0.0,3.149728775024414,3.149728775024414,0.0,0.0,0.0,0.0,0.0,0.0,0.0,0.0,0.0,0.0,0.0,0.0,0.0,1.0,1.0,0.0,0,0,0,0,0,0,0,0.0,0.0,0.2,0.0
29,900,1,dpga,roi_cls,0.2213202863931656,0.0,global_ddp_mean,2,0.0,2.0342447757720947,2.0342447757720947,0.0,0.0,0.0,0.0,0.0,0.0,0.0,0.0,0.0,0.0,0.0,0.0,0.0,1.0,1.0,0.0,0,0,0,0,0,0,0,0.0,0.0,0.2,0.0
29,900,1,dpga,roi_reg,0.2213202863931656,0.0,global_ddp_mean,2,0.0,1.95829439163208,1.95829439163208,0.0,0.0,0.0,0.0,0.0,0.0,0.0,0.0,0.0,0.0,0.0,0.0,0.0,1.0,1.0,0.0,0,0,0,0,0,0,0,0.0,0.0,0.2,0.0
29,1000,1,dpga,backbone,0.1875602900981903,0.0,global_ddp_mean,2,0.0,9.514826774597168,9.514826774597168,0.0,0.0,0.0,0.0,0.0,0.0,0.0,0.0,0.0,0.0,0.0,0.0,0.0,1.0,1.0,0.0,0,0,0,0,0,0,0,0.0,0.0,0.2,0.0
29,1000,1,dpga,fpn,0.1875602900981903,0.0,global_ddp_mean,2,0.0,0.863569438457489,0.863569438457489,0.0,0.0,0.0,0.0,0.0,0.0,0.0,0.0,0.0,0.0,0.0,0.0,0.0,1.0,1.0,0.0,0,0,0,0,0,0,0,0.0,0.0,0.2,0.0
29,1000,1,dpga,rpn,0.1875602900981903,0.0,global_ddp_mean,2,0.0,1.1154755353927612,1.1154755353927612,0.0,0.0,0.0,0.0,0.0,0.0,0.0,0.0,0.0,0.0,0.0,0.0,0.0,1.0,1.0,0.0,0,0,0,0,0,0,0,0.0,0.0,0.2,0.0
29,1000,1,dpga,roi_shared,0.1875602900981903,0.0,global_ddp_mean,2,0.0,1.5392613410949707,1.5392613410949707,0.0,0.0,0.0,0.0,0.0,0.0,0.0,0.0,0.0,0.0,0.0,0.0,0.0,1.0,1.0,0.0,0,0,0,0,0,0,0,0.0,0.0,0.2,0.0
29,1000,1,dpga,roi_cls,0.1875602900981903,0.0,global_ddp_mean,2,0.0,0.8236937522888184,0.8236937522888184,0.0,0.0,0.0,0.0,0.0,0.0,0.0,0.0,0.0,0.0,0.0,0.0,0.0,1.0,1.0,0.0,0,0,0,0,0,0,0,0.0,0.0,0.2,0.0
29,1000,1,dpga,roi_reg,0.1875602900981903,0.0,global_ddp_mean,2,0.0,0.9402135014533997,0.9402135014533997,0.0,0.0,0.0,0.0,0.0,0.0,0.0,0.0,0.0,0.0,0.0,0.0,0.0,1.0,1.0,0.0,0,0,0,0,0,0,0,0.0,0.0,0.2,0.0
29,1100,1,dpga,backbone,0.02150457724928856,0.0,global_ddp_mean,2,0.0,44.960723876953125,44.960723876953125,0.0,0.0,0.0,0.0,0.0,0.0,0.0,0.0,0.0,0.0,0.0,0.0,0.0,1.0,1.0,0.0,0,0,0,0,0,0,0,0.0,0.0,0.2,0.0
29,1100,1,dpga,fpn,0.02150457724928856,0.0,global_ddp_mean,2,0.0,4.6041460037231445,4.6041460037231445,0.0,0.0,0.0,0.0,0.0,0.0,0.0,0.0,0.0,0.0,0.0,0.0,0.0,1.0,1.0,0.0,0,0,0,0,0,0,0,0.0,0.0,0.2,0.0
29,1100,1,dpga,rpn,0.02150457724928856,0.0,global_ddp_mean,2,0.0,5.806851387023926,5.806851387023926,0.0,0.0,0.0,0.0,0.0,0.0,0.0,0.0,0.0,0.0,0.0,0.0,0.0,1.0,1.0,0.0,0,0,0,0,0,0,0,0.0,0.0,0.2,0.0
29,1100,1,dpga,roi_shared,0.02150457724928856,0.0,global_ddp_mean,2,0.0,12.596036911010742,12.596036911010742,0.0,0.0,0.0,0.0,0.0,0.0,0.0,0.0,0.0,0.0,0.0,0.0,0.0,1.0,1.0,0.0,0,0,0,0,0,0,0,0.0,0.0,0.2,0.0
29,1100,1,dpga,roi_cls,0.02150457724928856,0.0,global_ddp_mean,2,0.0,13.41563606262207,13.41563606262207,0.0,0.0,0.0,0.0,0.0,0.0,0.0,0.0,0.0,0.0,0.0,0.0,0.0,1.0,1.0,0.0,0,0,0,0,0,0,0,0.0,0.0,0.2,0.0
29,1100,1,dpga,roi_reg,0.02150457724928856,0.0,global_ddp_mean,2,0.0,6.188059329986572,6.188059329986572,0.0,0.0,0.0,0.0,0.0,0.0,0.0,0.0,0.0,0.0,0.0,0.0,0.0,1.0,1.0,0.0,0,0,0,0,0,0,0,0.0,0.0,0.2,0.0
29,1200,1,dpga,backbone,0.2751547694206238,0.0,global_ddp_mean,2,-0.07891596853733063,46.39967727661133,46.39967727661133,4.726442813873291,4.726442813873291,4.711702823638916,4.639967441558838,0.3736243709972129,4.639967441558838,0.10186370016534033,0.10154602575250976,0.09999999383395938,0.008052305380700259,0.008052305380700259,-2.7531975100002384e-10,-2.7531975100002384e-10,0.9999999997246803,0.9999676907157372,0.4605772349892559,1,0,0,0,0,1,1,0.984775185585022,0.4026152789592743,0.2,0.0805230587720871
29,1200,1,dpga,fpn,0.2751547694206238,0.0,global_ddp_mean,2,-0.021170608699321747,3.7989251613616943,3.7989251613616943,1.064409613609314,1.064409613609314,1.0641710758209229,0.5698387026786804,0.0539707226130699,0.5698387026786804,0.280187044597579,0.2801242537348325,0.1499999811721551,0.014206840177321241,0.014206840177321241,-4.3984577672328426e-11,-4.3984577672328426e-11,0.9999999999560154,0.9998990928906113,0.8139583167076233,1,0,0,0,0,1,1,0.5354766845703125,0.4735614061355591,0.2,0.0947122797369957
29,1200,1,dpga,rpn,0.2751547694206238,0.0,global_ddp_mean,2,0.0,4.8236188888549805,4.8236188888549805,0.0,0.0,0.0,0.0,0.0,0.0,0.0,0.0,0.0,0.0,0.0,0.0,0.0,1.0,1.0,0.0,0,0,0,0,0,0,0,0.0,0.0,0.2,0.0
29,1200,1,dpga,roi_shared,0.2751547694206238,0.0,global_ddp_mean,2,-0.17078574001789093,5.526853084564209,5.526853084564209,1.8576524257659912,1.8576524257659912,1.8303601741790771,1.3817132711410522,0.08251850855792453,1.3817132711410522,0.3361139508039712,0.331175833005411,0.25,0.01493046898394823,0.01493046898394823,-7.764726365239515e-11,-7.764726365239515e-11,0.9999999999223528,0.9998885431976346,0.8554506363326585,1,0,0,0,0,1,1,0.7548859715461731,0.2986093759536743,0.2,0.05972187593579292
29,1200,1,dpga,roi_cls,0.2751547694206238,0.0,global_ddp_mean,2,0.0,4.601438999176025,4.601438999176025,0.0,0.0,0.0,0.0,0.0,0.0,0.0,0.0,0.0,0.0,0.0,0.0,0.0,1.0,1.0,0.0,0,0,0,0,0,0,0,0.0,0.0,0.2,0.0
29,1200,1,dpga,roi_reg,0.2751547694206238,0.0,global_ddp_mean,2,-0.5097401738166809,4.074305057525635,4.074305057525635,5.460629940032959,5.460629940032959,4.697935104370117,0.2037152498960495,0.002954433951416993,0.2037152498960495,1.340260452502605,1.1530641515643454,0.049999999268529924,0.0007251381302339814,0.0007251381302339814,-1.7751965119926626e-11,-1.7751965119926626e-11,0.999999999982248,0.9999997659118778,0.039203724416597294,1,1,0,0,0,1,1,0.04336272180080414,0.07251381129026413,0.2,0.01450276281684637
29,1300,1,dpga,backbone,0.2809136211872101,-0.0,global_ddp_mean,2,0.0,6.809747219085693,6.809747219085693,0.0,0.0,0.0,0.0,0.0,0.0,0.0,0.0,0.0,0.0,0.0,0.0,0.0,1.0,1.0,0.0,0,0,0,0,0,0,0,0.0,0.0,0.2,0.0
29,1300,1,dpga,fpn,0.2809136211872101,-0.0,global_ddp_mean,2,0.0,1.3775933980941772,1.3775933980941772,0.0,0.0,0.0,0.0,0.0,0.0,0.0,0.0,0.0,0.0,0.0,0.0,0.0,1.0,1.0,0.0,0,0,0,0,0,0,0,0.0,0.0,0.2,0.0
29,1300,1,dpga,rpn,0.2809136211872101,-0.0,global_ddp_mean,2,0.0,2.2562103271484375,2.2562103271484375,0.0,0.0,0.0,0.0,0.0,0.0,0.0,0.0,0.0,0.0,0.0,0.0,0.0,1.0,1.0,0.0,0,0,0,0,0,0,0,0.0,0.0,0.2,0.0
29,1300,1,dpga,roi_shared,0.2809136211872101,-0.0,global_ddp_mean,2,0.0,3.3363423347473145,3.3363423347473145,0.0,0.0,0.0,0.0,0.0,0.0,0.0,0.0,0.0,0.0,0.0,0.0,0.0,1.0,1.0,0.0,0,0,0,0,0,0,0,0.0,0.0,0.2,0.0
29,1300,1,dpga,roi_cls,0.2809136211872101,-0.0,global_ddp_mean,2,0.0,2.8086042404174805,2.8086042404174805,0.0,0.0,0.0,0.0,0.0,0.0,0.0,0.0,0.0,0.0,0.0,0.0,0.0,1.0,1.0,0.0,0,0,0,0,0,0,0,0.0,0.0,0.2,0.0
29,1300,1,dpga,roi_reg,0.2809136211872101,-0.0,global_ddp_mean,2,0.0,1.976456880569458,1.976456880569458,0.0,0.0,0.0,0.0,0.0,0.0,0.0,0.0,0.0,0.0,0.0,0.0,0.0,1.0,1.0,0.0,0,0,0,0,0,0,0,0.0,0.0,0.2,0.0
29,1400,1,dpga,backbone,0.02039995789527893,-0.0,global_ddp_mean,2,0.0,7.455742835998535,7.455742835998535,0.0,0.0,0.0,0.0,0.0,0.0,0.0,0.0,0.0,0.0,0.0,0.0,0.0,1.0,1.0,0.0,0,0,0,0,0,0,0,0.0,0.0,0.2,0.0
29,1400,1,dpga,fpn,0.02039995789527893,-0.0,global_ddp_mean,2,0.0,1.3463329076766968,1.3463329076766968,0.0,0.0,0.0,0.0,0.0,0.0,0.0,0.0,0.0,0.0,0.0,0.0,0.0,1.0,1.0,0.0,0,0,0,0,0,0,0,0.0,0.0,0.2,0.0
29,1400,1,dpga,rpn,0.02039995789527893,-0.0,global_ddp_mean,2,0.0,1.3360480070114136,1.3360480070114136,0.0,0.0,0.0,0.0,0.0,0.0,0.0,0.0,0.0,0.0,0.0,0.0,0.0,1.0,1.0,0.0,0,0,0,0,0,0,0,0.0,0.0,0.2,0.0
29,1400,1,dpga,roi_shared,0.02039995789527893,-0.0,global_ddp_mean,2,0.0,2.758263111114502,2.758263111114502,0.0,0.0,0.0,0.0,0.0,0.0,0.0,0.0,0.0,0.0,0.0,0.0,0.0,1.0,1.0,0.0,0,0,0,0,0,0,0,0.0,0.0,0.2,0.0
29,1400,1,dpga,roi_cls,0.02039995789527893,-0.0,global_ddp_mean,2,0.0,1.426893711090088,1.426893711090088,0.0,0.0,0.0,0.0,0.0,0.0,0.0,0.0,0.0,0.0,0.0,0.0,0.0,1.0,1.0,0.0,0,0,0,0,0,0,0,0.0,0.0,0.2,0.0
29,1400,1,dpga,roi_reg,0.02039995789527893,-0.0,global_ddp_mean,2,0.0,1.022764801979065,1.022764801979065,0.0,0.0,0.0,0.0,0.0,0.0,0.0,0.0,0.0,0.0,0.0,0.0,0.0,1.0,1.0,0.0,0,0,0,0,0,0,0,0.0,0.0,0.2,0.0
